gene	set1	set2	set3	set4	mean_lfc	n_pos	consistent
SLC2A1	2.161789994192727	2.276911490556028	2.386601461059055	2.1510962856394693	2.2440998078618195	4	True
HK2	1.78263039286848	2.13442838509127	1.9000351818172514	2.0500651249717765	1.9667897711871944	4	True
PFKL	1.7687325115500434	1.194739532152554	2.8147997416927706	1.8482233853278525	1.9066237926808052	4	True
GPI	1.0615347542464404	1.3167318729812096	1.4658202284726125	1.459132642355606	1.3258048745139672	4	True
HK1	1.259607847185908	1.350669973260653	1.2823882003194265	1.3618466653744388	1.3136281715351066	4	True
PFKFB3	1.458918812651153	1.1024035862805137	1.2699890131056684	1.271414866318976	1.2756815695890777	4	True
SLC2A3	1.458435790850053	1.3992865555182996	1.0244016833056007	1.1417000949937124	1.2559560311669165	4	True
PGAM1	0.8282633312335949	1.3814572331694555	1.234667059652166	1.5361811022547947	1.2451421815775028	4	True
PFKP	0.9384772708778655	1.2455473328736026	1.1427472002861065	1.1269919687763896	1.113440943203491	4	True
LDHA	0.7486819541957245	1.2284281990861476	0.9507145036610722	1.2632887744484118	1.047778357847839	4	True
PGK1	0.8056632448446759	1.1996880114851278	0.9493081516205287	1.1999452681898368	1.0386511690350424	4	True
GAPDH	0.5957205337877345	1.149739907019341	0.8505450131464432	1.2782079368452552	0.9685533476996935	4	True
PKM	0.6557027841357774	1.0525295867162479	0.903533114106063	1.0359211212877528	0.9119216515614602	4	True
ENO1	0.5111074338759458	0.9564979907853655	0.719658129790812	0.9240937227409107	0.7778393192982584	4	True
ZBED2	0.49391987886787114	0.7541041188230623	0.7718680558536548	0.7205093780963332	0.6851003579102303	4	True
CCL20	0.3240976284935486	0.6850120882493418	0.9830184026756404	0.5996371935429406	0.6479413282403679	4	True
FABP5	0.2133773609503089	0.9860383739117651	0.5375465080969336	0.8319216534448043	0.642220974100953	4	True
DDIT4	0.6902371046132112	0.9319113708684326	0.560036810594586	0.3860094699849175	0.6420486890152868	4	True
TPI1	0.4636489628000787	0.8229683858978276	0.5176076957884076	0.7513553434831942	0.638895096992377	4	True
TUBA1B	0.3946945711641762	0.7201963448526466	0.5473111715340968	0.8383129512451492	0.6251287596990172	4	True
PPP1R14B	0.19052839964525214	0.7679102597244731	0.6256113163646424	0.8793970536973651	0.6158617573579332	4	True
NPM3	0.3240786808338385	0.8772458407146237	0.43045009303503134	0.8174437816751874	0.6123045990646703	4	True
CD3EAP	0.2791801775104468	0.8168354349079189	0.5872104384961379	0.7159177113452604	0.5997859405649411	4	True
DUSP2	0.27607665994355884	0.9272716840351719	0.5373774879753326	0.6445546007046714	0.5963201081646836	4	True
SLC25A5	0.2709167880139367	0.8206464035986852	0.4920080560877364	0.7556057025484335	0.584794237562198	4	True
WDR18	0.30500879547111825	0.6478165951011358	0.631221994079089	0.7441628162842374	0.5820525502338951	4	True
PRDX1	0.22685738717187492	0.7240462097936208	0.5548546228819536	0.8219858492095642	0.5819360172642534	4	True
NME1	0.25485319439053394	0.831384549677908	0.42683551865573827	0.8119624992438406	0.5812589404920052	4	True
HSPE1	0.17491337775619772	0.9332278441073559	0.4117542372605526	0.8035099637365416	0.580851355715162	4	True
TUBA4A	0.3797320652831199	0.7533887782049256	0.5318448515351412	0.6453696673237578	0.5775838405867361	4	True
DCTPP1	0.3178813016160241	0.7084065929870499	0.5088796326602008	0.7540678297668224	0.5723088392575243	4	True
ARL2	0.22041238236475008	0.6079512115790742	0.6219505367753634	0.8330850983194685	0.570849807259664	4	True
RAN	0.27396553190243067	0.7348538692936083	0.52122148240237	0.6896448202820957	0.5549214259701262	4	True
LTA	0.024422714545086016	0.8420755314257772	0.6335786049882376	0.7027528695616454	0.5507074301301866	4	True
TUBA1C	0.3368544436329705	0.7486445158262319	0.5477126085287224	0.5667208536171521	0.5499831054012693	4	True
FKBP4	0.2824000713317348	0.7085729364853393	0.46559632029748804	0.7427255416218663	0.5498237174341071	4	True
METTL26	0.2227636738470449	0.8293858556216088	0.43495040203142027	0.7110964916624796	0.5495491057906384	4	True
BOP1	0.26170035945586323	0.6801614167751601	0.6052887626570806	0.6468262727024878	0.5484942028976479	4	True
MRPL12	0.33279730239406086	0.6919611681807151	0.6198793764999224	0.5439321247558251	0.5471424929576308	4	True
PHB	0.24098549324850585	0.7364504895074396	0.4556146864808335	0.7516692059615655	0.5461799687995861	4	True
ZNF593	0.26187934775199184	0.6975832013130823	0.4759659943173882	0.7446473194224118	0.5450189657012185	4	True
TUBB	0.36503035211168156	0.6277571357299656	0.5081425740782481	0.673830096329699	0.5436900395623986	4	True
PNP	0.44014678997608475	0.7163800993013753	0.4600449526130709	0.5568879231038814	0.5433649412486031	4	True
ABCF2	0.2957280196670615	0.5864499235182846	0.525962779308218	0.7531853058175024	0.5403315070777666	4	True
NUDT1	0.192403383321483	0.7984719085496241	0.4407025698771003	0.7180052807979213	0.5373957856365321	4	True
SH3BGRL3	0.30979884830747695	0.613243447680217	0.429647244136677	0.7964582646383237	0.5372869511906736	4	True
RANBP1	0.20985777837185715	0.7464755703935473	0.5217040773314782	0.669275870857621	0.5368283242386259	4	True
HSP90AB1	0.3146711372128751	0.6373528442389714	0.495575714615063	0.6947498255723731	0.5355873804098207	4	True
NAA10	0.34434977750620593	0.7553518352844579	0.385262353995519	0.647622491291428	0.5331466145194027	4	True
IMPDH2	0.3601808618857524	0.6735009013942073	0.4759690595035436	0.6223034068197748	0.5329885574008195	4	True
SPRY1	0.17451905728575812	0.9886313262405447	0.4603762629140398	0.4917348198811257	0.5288153665803671	4	True
TRAPPC2L	0.2877184098362866	0.6164943199168565	0.4108250529965392	0.7843497196677001	0.5248468756043456	4	True
PRMT1	0.27154378833559234	0.7141443656051983	0.5015677743603368	0.6060657750227126	0.52333042583096	4	True
EEF2	0.38659757432246195	0.5792903704045336	0.44657660915865866	0.6751478076027377	0.521903090372098	4	True
PA2G4	0.254169593059872	0.7155477994161353	0.46764879102318124	0.6463817428627218	0.5209369815904776	4	True
KPNA2	0.3039519820015809	0.6123161361633156	0.5787681835438689	0.584605499139382	0.5199104502120369	4	True
EBNA1BP2	0.29064338835706754	0.7591040284493837	0.507759021923316	0.521850707626687	0.5198392865891135	4	True
LYAR	0.22273226015193207	0.7068024344991504	0.5116120103624814	0.6290903222227672	0.5175592568090828	4	True
C19orf53	0.2993337694391075	0.6667362329265749	0.44408393001155344	0.6516368896604761	0.515447705509428	4	True
STOML2	0.2141645235757618	0.6391047411566241	0.403978226826497	0.782184557345733	0.509858012226154	4	True
TNF	0.01389983131447727	0.6305504136909574	0.6933171829241124	0.6997411804106891	0.5093771520850591	4	True
RPL8	0.2707783510002267	0.6428158936643884	0.4301240077389149	0.6851953048288737	0.5072283893081009	4	True
CDK4	0.3900318900857528	0.8072257528523824	0.3345767139604835	0.49662641322043594	0.5071151925297637	4	True
MIF	0.2518141830491725	0.7047710781040232	0.36124031487385816	0.7035558717362579	0.5053453619408279	4	True
PRELID1	0.26043397298843957	0.6143729971352979	0.41335606999034774	0.7331723302757904	0.5053338425974689	4	True
CALM3	0.387013121285674	0.628891245502509	0.4283433512685552	0.5761032026399805	0.5050877301741796	4	True
MRPL41	0.24644613893083123	0.73853098882371	0.4938252106315066	0.5394912500267081	0.5045733971031889	4	True
NPM1	0.24270254752315182	0.7041059065968153	0.4588452202764982	0.609332244303687	0.5037464796750382	4	True
ALYREF	0.25712692216935185	0.6662491116753485	0.4583910693698013	0.6265458731358938	0.5020782440875988	4	True
PUF60	0.1035946417899955	0.6636794094245672	0.5573381192358342	0.6821140834168975	0.5016815634668236	4	True
MCM2	0.33303030616953716	0.7326710185597101	0.41906500846644246	0.5216733742425146	0.5016099268595511	4	True
TIMM13	0.13844251670995156	0.7693923078756271	0.4434007706075858	0.6510948465426571	0.5005826104339555	4	True
IFNG	0.16803996059287465	0.4362280872619591	0.7587991992466899	0.6263419760685033	0.4973523057925068	4	True
C1QBP	0.24542396701765043	0.7676589772542082	0.3684415568061322	0.6022284139141805	0.49593822874804283	4	True
MCM4	0.20867344127328388	0.883877039912365	0.3134347839711729	0.5756102644784953	0.49539888240882923	4	True
IER3	0.07786909630910058	0.8069819181700223	0.48249155965118473	0.6114599829572871	0.49470063927189867	4	True
CD40LG	0.46892803281422235	0.6507056570649196	0.31677156651201616	0.5412398023255518	0.49441126467917745	4	True
SLC29A1	0.09737660730455154	0.9324005116976077	0.36916630118648686	0.5786420532241332	0.49439636835319484	4	True
EIF5A	0.25364166285839407	0.6573393593155588	0.4840270509181985	0.579453811144442	0.4936154710591483	4	True
PFN1	0.22063282089625313	0.5912645113167788	0.49033326452841797	0.6700874161553868	0.4930795032242091	4	True
PTMA	0.2753749117147501	0.6264342172805409	0.44600166903299243	0.6238956905296948	0.49292662213949456	4	True
PHB2	0.22179678888200546	0.7534955197133855	0.4450990800143355	0.5501285821850697	0.49262999269869906	4	True
RRP9	0.2708931653463551	0.5793635730767551	0.49070576205973054	0.6283881493022099	0.49233766244626265	4	True
MRPL17	0.25081350911838496	0.7283766310028019	0.3766274575292875	0.6119686791461589	0.49194656919915836	4	True
RPS19BP1	0.23666548564498496	0.7306273496701884	0.45091865881928517	0.5478704216547952	0.49152047894731343	4	True
UBE2S	0.21989242217799015	0.7122008575462797	0.40895715132174765	0.6236273415370462	0.49116944314576594	4	True
TOMM6	0.21636806666361186	0.664690390275961	0.4143641927091807	0.6682039896392511	0.49090665982200116	4	True
DDX39A	0.1642545061397419	0.6038399293074979	0.5813845129302005	0.6084916708263537	0.4894926548009485	4	True
ILF2	0.3054204471139724	0.5333104157812013	0.49625692811037336	0.6218506735021792	0.4892096161269316	4	True
NHP2	0.26491595385609806	0.62656730932746	0.3480617243390571	0.7165969325408466	0.48903548001586544	4	True
NCL	0.267940112130293	0.6133443314065264	0.43195476505833563	0.6417127719875907	0.4887379951456865	4	True
CCDC124	0.375833554586488	0.6783327183282467	0.4102812840973386	0.48974573050172737	0.4885483218784502	4	True
ODC1	0.19817047209392022	0.8354519808250034	0.4867253908315937	0.43010851003295164	0.4876140884458672	4	True
MRPL36	0.14786714425287026	0.5073425847710274	0.3668113278920801	0.9280825968850598	0.4875259134502594	4	True
CCDC85B	0.1517960138494756	0.46879054763192946	0.5479428291244696	0.7809720521050667	0.48737536067773535	4	True
HSP90AA1	0.26217797665474785	0.5777962472242455	0.4561179772559147	0.6509791402545912	0.48676783534737483	4	True
PFDN2	0.2841299619043063	0.6020740547846165	0.48572073639357616	0.5743123369506387	0.4865592725082844	4	True
FKBP1A	0.25606530702454	0.7782106721182458	0.4461233786164901	0.46355436159989666	0.4859884298397931	4	True
TOMM5	0.22808756906449587	0.6441294292712461	0.5880605042794568	0.4829609477025146	0.48580961257942834	4	True
RBM8A	0.25394802334052263	0.5995283880648375	0.5253671985640729	0.563196698804504	0.48551007719348427	4	True
EIF3I	0.2981148291657227	0.5951757905866062	0.4979179939910723	0.5480945406202429	0.484825788590911	4	True
GRWD1	0.2868749103465514	0.46444659188887	0.5509525945613692	0.6328904521970012	0.483791137248448	4	True
MRTO4	0.1735232372481107	0.654248149345819	0.47351721168595234	0.6326875367737443	0.4834940337634066	4	True
TIMM8A	0.06130900455503467	0.6417430570468244	0.5275648827204265	0.7016945410433993	0.4830778713414212	4	True
PDCD5	0.19346483636319545	0.7132700573091623	0.4712774191027315	0.5541253400941689	0.48303441321731455	4	True
BNIP3	0.8042591521047363	0.48781354394221094	0.22753906279090794	0.4115141538733342	0.4827814781777974	4	True
FAM174C	0.057351534768879206	0.64391730463192	0.5221771101319223	0.7074650622886777	0.48272775295534975	4	True
HSPD1	0.2377663246525188	0.6864355218935332	0.4234464930476924	0.5810295179582496	0.4821694643879985	4	True
FBL	0.2935523024278745	0.6573895760756271	0.3713216866473895	0.6049857135683426	0.4818123196798084	4	True
CORO1A	0.3638283236879999	0.5439724894661425	0.4306937297939021	0.5860381994104725	0.48113318558962925	4	True
RACK1	0.2789145353618888	0.6236452764464171	0.4083224434356989	0.612832863358789	0.48092877965069847	4	True
CSRNP1	0.36480557923258	0.6187498958974416	0.476266970890539	0.4618758155016237	0.480424565380546	4	True
PCNA	0.26571284588717997	0.6441015819483031	0.46000184414770284	0.545751581259938	0.478891963310781	4	True
PSMB6	0.19960498759749573	0.5576437396650994	0.4686154638174248	0.6889607917248202	0.47870624570121	4	True
HSD17B10	0.21040741780224342	0.6813971447553157	0.3835716409862705	0.6388942444128815	0.47856761198917774	4	True
SEMA7A	0.18605810094714767	0.6814898447034837	0.4635498944741756	0.5796464921385329	0.477686083065835	4	True
ARPC4	0.1506073231789161	0.6207014370605924	0.4782764006080635	0.6593127163304952	0.4772244692945168	4	True
MRPS34	0.2122546270003103	0.6567319630706829	0.4712568713082417	0.5673736264256558	0.47690427195122265	4	True
MRPL23	0.221561774819904	0.5879015687289876	0.4508406564568599	0.6377405647856961	0.47451114119786186	4	True
H2AZ1	0.25068783604212014	0.7358886181534986	0.3926532758369075	0.5163740704651626	0.47390095012442224	4	True
BANF1	0.27527979355121024	0.5703735158490111	0.4833123059321438	0.5645999501334815	0.4733913913664617	4	True
TUBB4B	0.1324855116312136	0.5834229986537179	0.5116252867853754	0.6648813069344212	0.47310377600118203	4	True
ATP5F1B	0.3133939136549058	0.5946745881236312	0.43378612138811284	0.5500016317323425	0.4729640637247481	4	True
FOSL1	0.219583092812877	0.7372522347935625	0.4669343676557696	0.4633531408917737	0.4717807090384957	4	True
GADD45GIP1	0.27678751499493537	0.595414913226499	0.4366626116078117	0.5766456915637611	0.47137768284825177	4	True
MRPL4	0.2083506986690692	0.6161395109017682	0.37381174744857987	0.6810453768476307	0.46983683346676197	4	True
CCT2	0.18502115701216607	0.6107836825735383	0.4678232096767306	0.6145674698489281	0.46954887977784077	4	True
ACTG1	0.24969245587021677	0.5408215974326556	0.4786285857294585	0.6082494483789167	0.4693480218528119	4	True
HSPA8	0.15969427299241803	0.5189287392139482	0.5447379530667605	0.6510003746915636	0.4685903349911726	4	True
MRPL11	0.17690432480850543	0.7258231134990634	0.42705183641386396	0.5378363100176502	0.46690389618477074	4	True
ATP5F1D	0.22385131163985741	0.6875808677146168	0.3839741189565397	0.5719993747996166	0.46685141827765764	4	True
TRIM28	0.28761022952704157	0.5823967568209019	0.3749140505443338	0.6197540477390838	0.4661687711578403	4	True
TSTA3	0.3839020110345731	0.6633599897438632	0.3219935968892888	0.4925865745727412	0.4654605430601166	4	True
RPL7A	0.22094820888895098	0.6006069548928812	0.40991333071028974	0.6297527849586309	0.4653053198626882	4	True
TNFSF14	0.0390010074421051	0.8448269339927307	0.4443927668203621	0.5325909514712215	0.46520291493160487	4	True
HMGA1	0.2576754795402874	0.6861832734109728	0.47846683571394016	0.4379901829442503	0.4650789429023627	4	True
PPIF	0.28450311277560336	0.4974275146662445	0.4020439975666595	0.67613410423151	0.4650271823100043	4	True
TRMT112	0.1501270850604569	0.7229338826202111	0.356433784797541	0.6297483405813529	0.46481077326489045	4	True
RPL35	0.20404187657137746	0.6392365360613453	0.4539782548915427	0.5612948633749327	0.46463788272479956	4	True
LRRC59	0.26536264686536604	0.5292596539203952	0.46667525983405134	0.5972260015481697	0.4646308905419956	4	True
NOP16	0.23465922624401725	0.6183330214015318	0.467524449172488	0.5328767525452054	0.4633483623408106	4	True
OAZ1	0.23581897807032715	0.6514056007336685	0.3601267849533519	0.603540541283178	0.46272297626013137	4	True
YRDC	0.19548953120105814	0.6846127750859621	0.4789565129943739	0.48972865312534564	0.4621968681016849	4	True
GRPEL1	0.2907029443537356	0.6069242529959098	0.427513461613478	0.5196626500440259	0.46120082725178735	4	True
PSMB4	0.1626271644102919	0.6182515630251079	0.43356659899872285	0.6273587621725345	0.4604510221516643	4	True
ATP5MC3	0.21211894747800936	0.6712792688240301	0.4130272338679038	0.5452973003453147	0.46043068762881445	4	True
SLC25A6	0.3097890508197955	0.5560280522302695	0.37168545264843444	0.6029534848905516	0.4601140101472627	4	True
CHCHD10	0.18010301480292712	0.7889594251150073	0.4417504019865737	0.42837136805940246	0.45979605249097766	4	True
CCT5	0.24941570063983395	0.554610177376838	0.45463374820916475	0.5796763994549945	0.4595840064202078	4	True
CCT6A	0.21924351183375218	0.574022484162373	0.4599240165798458	0.5839701685008172	0.45929004526919703	4	True
DKC1	0.23193692182346165	0.7081270500546927	0.371138852571575	0.5240572260816597	0.4588150126328472	4	True
APRT	0.2293728811957947	0.5770906442028866	0.40992252921573774	0.6173417293680421	0.45843194599561526	4	True
PNPO	0.2443455920303306	0.9575231134079978	0.2465579575898514	0.38515780866578436	0.458396117923491	4	True
POLR2H	0.24032913819351734	0.6904979280584613	0.3760799739989289	0.526524110153481	0.45835778760109713	4	True
MLF2	0.18723321665499645	0.5212697867236447	0.46484042297789735	0.6592898255690214	0.45815831298139	4	True
CISD1	0.25723441943253544	0.712849814922145	0.31069606039356	0.5514162262155182	0.4580491302409397	4	True
CORO1B	0.4206627380102214	0.5762923096104077	0.304849229469349	0.5284010074574904	0.45755132113686714	4	True
RPL7	0.2524273726591269	0.6096209561010457	0.3847004348768488	0.5820346370228326	0.4571958501649635	4	True
POP7	0.2278925444516039	0.5751619515330397	0.4043780160820763	0.6206505296547037	0.4570207604303559	4	True
POLR2I	0.03438706599143445	0.6243117642277217	0.41216607284516055	0.7548586314793544	0.4564308836359178	4	True
PES1	0.27268339346090253	0.6288960652906235	0.43592252200695475	0.4868042872105554	0.456076566992259	4	True
ADRM1	0.18847611965039	0.5358969424122171	0.5180061834857935	0.5803415831354316	0.45568020717095803	4	True
PSMC3	0.21169017482052205	0.628235822482489	0.41814520488855095	0.5646065861273124	0.4556694470797186	4	True
CFAP298	0.28911647866509516	0.44610757553708585	0.48362273582419796	0.5990083855941906	0.4544637939051424	4	True
BCL2A1	0.2775128809719113	0.6603953806678788	0.4798992994150276	0.39910329011304213	0.45422771279196494	4	True
SRM	0.17892501594899637	0.6214801117599477	0.46166345055060654	0.5547227813731772	0.45419783990818197	4	True
CYCS	0.24424993938424316	0.6009454558312128	0.39586324789441024	0.5739195077366488	0.45374453771162876	4	True
PFDN6	0.2161578121906009	0.5475960103977849	0.49431785168866094	0.5549067202722406	0.45324459863732186	4	True
YBX1	0.19641757529207401	0.5843509785174387	0.4570648019270304	0.5744769511095662	0.4530775767115273	4	True
PPP1CA	0.2622391744285282	0.503993117653652	0.3823628746166122	0.6628469882306681	0.4528605387323651	4	True
RPL14	0.24949766647826596	0.5758407236183056	0.42247203075040585	0.5603084943966277	0.4520297288109013	4	True
NDUFB10	0.14636866122583886	0.699341262406317	0.3623266227569528	0.5975031154574396	0.45138491546163706	4	True
LDHB	0.28597750814383066	0.6132697060349633	0.39768604870488233	0.5072744975978609	0.4510519401203843	4	True
S100A11	0.3727091054910008	0.49827252355650964	0.3938375909469617	0.5374285675744722	0.45056194689223605	4	True
PSMC4	0.3233414453780146	0.5303574818766149	0.3780337782014671	0.570425568004495	0.4505395683651479	4	True
MTFP1	0.3553584021538889	0.5751087535904489	0.41289857353272336	0.4583572923924705	0.45043075541738287	4	True
TOMM40	0.0631343704915319	0.6994978868682072	0.5628934542803617	0.4753011825856862	0.45020672355644675	4	True
HNRNPAB	0.1891370869373602	0.6409362129547457	0.42350161458442803	0.5432149089338676	0.4491974558526004	4	True
FAU	0.20736307300608636	0.5629666401759579	0.37369530637217896	0.6526582660719155	0.44917082140653464	4	True
CSNK2B	0.19880488918016062	0.5597838717317396	0.4316661283834481	0.6053155643206398	0.44889261340399705	4	True
NDUFAF3	0.19294445476806063	0.5528043484294002	0.39006765307609736	0.658480005273148	0.4485741153866766	4	True
GPN3	0.33097956461617384	0.6371002543954131	0.3998254476001601	0.4255065949056984	0.44835296537936137	4	True
VSIR	0.33659184366747036	0.6677185944427294	0.41836593049840903	0.36986975342365125	0.448136530508065	4	True
MYG1	0.2670714574854487	0.30413199634460214	0.5725859057272498	0.6482477431344036	0.44800927567292603	4	True
CFL1	0.20681602657481252	0.48091148210721213	0.4390851414506896	0.6645575323336218	0.447842545616584	4	True
TOMM22	0.21805266398151418	0.7037279588470082	0.33063763400721463	0.5379211327646247	0.4475848474000904	4	True
EEF1E1	0.22633413243342348	0.6134767414046463	0.36571255179524326	0.5847013968062369	0.44755620560988746	4	True
ZNRD2	0.169527326781994	0.5671781643860683	0.27605604607014295	0.7713580988313682	0.44602990901739337	4	True
PRELID3B	0.3997805043451268	0.551950865105529	0.49259279144340906	0.3395269247212443	0.4459627714038273	4	True
CENPV	0.2406680615682505	0.7045324581359743	0.3574349245608382	0.4795789012466978	0.4455535863779402	4	True
ACTB	0.24029952633427543	0.5425733838505485	0.44570007646208476	0.5476602377952395	0.4440583061105371	4	True
CCT7	0.2690991175702971	0.5262100911505616	0.3750595737086024	0.6051124075314849	0.4438702974902365	4	True
IMP3	0.2276471238642585	0.5824534627692897	0.3738832287932551	0.5878103539551461	0.4429485423454874	4	True
ATP5MF	0.13043898705623708	0.6305994979550621	0.327353337146543	0.6832653969320152	0.4429143047724644	4	True
RPL4	0.2455787205932314	0.5982511911374372	0.4152945160860425	0.5101033985339808	0.44230695658767294	4	True
TSR3	0.08466173860780352	0.6827294235728093	0.47434421238805424	0.5268515978624806	0.4421467431077869	4	True
POLR2F	0.2195319083373662	0.5580714344341827	0.37997300844475496	0.6106877205633321	0.442066017944909	4	True
AURKAIP1	0.17582242237184956	0.5951212320758638	0.37057370351713603	0.6250391470494178	0.4416391262535667	4	True
RPS15	0.20837902364179078	0.6079702090471776	0.3541560769796132	0.5955432069193667	0.44151212914698706	4	True
LMNA	0.40893053417724057	0.35810324695049967	0.684745175140262	0.3136829430212667	0.4413654748223172	4	True
CISD3	0.3236462930796187	0.475756141846125	0.2757348590365543	0.6892076765838492	0.44108624263653684	4	True
RPS9	0.18181283272124324	0.6148053348342233	0.3883643790515701	0.5674983047625396	0.4381202128423941	4	True
MRPS12	0.15048160961039128	0.5986296099570364	0.47238778977847895	0.5297127415179337	0.43780293771596007	4	True
RPS5	0.1962158768274771	0.5728269428944255	0.3808017710736309	0.6001463946818119	0.43749774636933636	4	True
SNRPB2	0.23596642993768047	0.5799187337495866	0.4121053236133998	0.5209774178097668	0.4372419762776084	4	True
RPL15	0.25618788087825817	0.5555839414999243	0.35180960322887944	0.5835026807850591	0.43677102659803024	4	True
RPL3	0.3038118945836314	0.4837508234435488	0.36553478317226185	0.5922453684920023	0.43633571742286115	4	True
RPS17	0.2004615211981829	0.5742748987334799	0.3589830958498056	0.6055647512432044	0.43482106675616816	4	True
IFITM2	0.2871900318312156	0.5615887992489049	0.36624814508724146	0.5240331568934847	0.43476503326521165	4	True
EGR2	0.26184657705226416	0.7007390413951893	0.25149023540331944	0.5248882773648831	0.434741032803914	4	True
ARHGDIA	0.28585762944482795	0.576021708677196	0.3575556857586179	0.5189959356413434	0.43460773988049634	4	True
NDUFAB1	0.16406209573560088	0.5797860390545196	0.4618286623785675	0.5295001093111066	0.4337942266199486	4	True
CHCHD2	0.1660320310552394	0.6353884028212964	0.37662229039431677	0.5530108075036777	0.4327633829436326	4	True
PPAN	0.31432599533562333	0.6309515928799736	0.3096747862642521	0.4738789007336805	0.4322078188033824	4	True
CARMIL2	0.3114637923241077	0.5290739324871879	0.2988487290916992	0.5887090520309117	0.4320238764834766	4	True
UTP11	0.21726326798133852	0.6213931929732082	0.3594929379859865	0.5284556386327595	0.43165125939332316	4	True
PRMT5	0.21005015726109316	0.5422746539382185	0.47575703047845197	0.4954844253767468	0.4308915667636276	4	True
NOP56	0.1817031738746748	0.6021908622773916	0.4397153683169468	0.4990835262098358	0.43067323266971225	4	True
FAM50A	0.32409335374754766	0.31769358562192784	0.5695376991431605	0.5107498079534653	0.43051861161652527	4	True
NDUFB7	0.151009934643821	0.5171369149463637	0.41387077571357506	0.6396561036425135	0.43041843223656834	4	True
PSMB3	0.2342030024194417	0.5242229277506578	0.39672670063105986	0.5660633171562801	0.4303039869893599	4	True
RPL23	0.20250574206111221	0.6156674957994448	0.3466531569789885	0.5559664581101305	0.430198213237419	4	True
SNRPC	0.36803166003474813	0.4699315168362065	0.43399537857269493	0.4487497703329713	0.4301770814441552	4	True
SRP14	0.18624609498969785	0.5853885347371676	0.3550988572280503	0.5908097063286544	0.4293857983208925	4	True
PIM3	0.2494779828087262	0.5246563357035671	0.43317403006636535	0.5100604555501733	0.429342201032208	4	True
HNRNPA1	0.26566587329576985	0.5724039297952385	0.3457918760591188	0.5286245488372132	0.4281215569968351	4	True
NDUFS5	0.07243222409682357	0.6815054768908657	0.41304056615826173	0.5450247046652522	0.4280007429528008	4	True
EIF4A3	0.28909865744120933	0.5556239936192773	0.4537789163999639	0.410990845998036	0.42737310336462164	4	True
EEF1G	0.20121940461286938	0.5921171774014008	0.37103943869790434	0.5449977595130725	0.4273434450563117	4	True
NOLC1	0.21555481830837997	0.6079828384663793	0.3760641402167588	0.5087745037770476	0.4270940751921414	4	True
SNRPB	0.19180422735015515	0.5563167954791994	0.36400709036383105	0.5959978211441921	0.42703148358434445	4	True
SNRPF	0.2536407659128881	0.5896675377569089	0.37233175313110595	0.4904573721492936	0.4265243572375491	4	True
EIF3G	0.14818728479552942	0.5748640007341738	0.40977573221737196	0.567254611687846	0.42502040735873026	4	True
FOSL2	0.4014612413517723	0.5009660238494046	0.25773124794568175	0.5380167112139166	0.4245438060901938	4	True
MDH2	0.2646354039622228	0.6102719279077881	0.4259770807316736	0.39709118841123014	0.42449390025322864	4	True
C4orf48	0.11416068610831405	0.6659917878928312	0.4092053736553616	0.5077525518911711	0.4242775998869195	4	True
PSMC5	0.17390247530967015	0.5238074128909282	0.4484929340743692	0.549250144249677	0.4238632416311612	4	True
MRPS23	0.20951329933782226	0.623855211416353	0.2586616983761623	0.6032943378803367	0.4238311367526686	4	True
TIMM10	0.06415414798017875	0.6177300972175579	0.5110489908480631	0.5010218364579131	0.4234887681259282	4	True
PDCL3	0.27789694608127813	0.4525237467946456	0.4784771597199236	0.48203787798525993	0.4227339326452768	4	True
RPL36	0.19952683164635313	0.5899037597851549	0.36664989424375183	0.534307158673301	0.4225969110871402	4	True
CBR1	0.13333593570122973	0.623034685033055	0.35193507745008895	0.5819645357448171	0.4225675584822977	4	True
PSMB5	0.1924204099711983	0.6193692544247376	0.49424991675657776	0.3835350752465813	0.42239366409977375	4	True
PDAP1	0.2607511989902278	0.5193562955976709	0.3859328392665619	0.5212247661521757	0.4218162750016591	4	True
LAMTOR2	0.20180723843295598	0.4673097562127112	0.5795427664882234	0.4376424177643122	0.42157554472455067	4	True
RPS4X	0.20781323275902272	0.5017486056572482	0.3644545001309855	0.6090895587856495	0.4207764743332265	4	True
SAP18	0.255681115253136	0.5116064906646359	0.41120424034963876	0.5037501617512579	0.42056050200466716	4	True
FARSA	0.16050116389647612	0.5639812500459053	0.40927156869957226	0.5474519921118681	0.42030149368845543	4	True
CYC1	0.11551475610254919	0.5898000163705645	0.48777230853740616	0.4876294612845399	0.42017913557376496	4	True
MRPS17	0.22995973636708347	0.7043023741327968	0.29051151724600166	0.45561856582230653	0.4200980483920471	4	True
RPL18A	0.20982393721101028	0.5455334306732919	0.3634128409208128	0.5606190461933734	0.41984731374962214	4	True
TSR1	0.22388118815367286	0.5354071649123253	0.346396596855548	0.5732087957422443	0.4197234364159476	4	True
PSMB10	0.169112129010255	0.48251931573888857	0.4036939618451606	0.6225253553287379	0.41946269048076057	4	True
MRPS7	0.18665309268629218	0.5851494640947631	0.36482907491971595	0.5403114399837395	0.4192357679211277	4	True
VDAC1	0.305636239461568	0.4882597072003084	0.37214933096354563	0.5097047131053389	0.4189374976826903	4	True
RPS3	0.20406130056057234	0.5214365103156903	0.3679790886295172	0.5804880521865485	0.4184912379230821	4	True
POLR3K	0.2761425835776712	0.45240483363564454	0.4325637556498103	0.5128064314782793	0.4184794010853513	4	True
PPIA	0.19382244890104802	0.5193376457302005	0.4063221861165668	0.5523612018630709	0.4179608706527216	4	True
SET	0.217957874168032	0.5548287942096755	0.3855105522069089	0.5103054664943635	0.41715067176974496	4	True
NUDC	0.21696905965482724	0.603189058666084	0.3800764168183316	0.4677905172824541	0.4170062631054242	4	True
RPL5	0.2224096468761261	0.5425174375497083	0.38425952904776567	0.5174039770753481	0.41664764763723705	4	True
RPL36A	0.2708584385168637	0.5510367273660456	0.36357040828779935	0.4802634570232642	0.4164322577984932	4	True
BTF3	0.20880864657115483	0.6040316841665209	0.35891950926034377	0.49227747681555534	0.4160093292033937	4	True
TXNDC17	0.24741241387422783	0.7026112874775888	0.16358195680669194	0.5503626523101491	0.4159920776171644	4	True
RRP1	0.11599158925630737	0.6126627642063902	0.38491076904535204	0.5502271058952364	0.4159480571008215	4	True
NOP10	0.12640542470066785	0.5381841482084374	0.368487779581215	0.6293506983265708	0.41560701270422273	4	True
RPL29	0.2162389103655817	0.5448285799991132	0.3507748603725827	0.5448170194345314	0.41416484254295227	4	True
SH2D2A	0.3090438188272187	0.5887146690487121	0.37623880859741043	0.38245118543429274	0.4141121204769085	4	True
RPS11	0.1804480499900679	0.5927292876168764	0.32767932878560346	0.5545992067740024	0.4138639682916375	4	True
FERMT3	0.31526446087122245	0.544194938805091	0.40562880383807226	0.3879445862272482	0.4132581974354084	4	True
IRF8	0.15307929761178823	0.7341808863963457	0.24750791009733472	0.5170055918219532	0.4129434214818555	4	True
SELENOH	0.19837211714442227	0.5667063710926956	0.35746300292894834	0.5276262461793941	0.4125419343363651	4	True
EIF6	0.1512333463843837	0.37817988097815164	0.4774665249652937	0.6424366531237652	0.4123291013628986	4	True
PHF5A	0.25547602919486173	0.6419798509315894	0.3101514103385122	0.4376271440253186	0.41130860862257046	4	True
NIP7	0.2880821196083682	0.40340213729888047	0.519698062456841	0.43156944876199993	0.4106879420315224	4	True
SNU13	0.1723327335816138	0.6784623673984725	0.32942194405453773	0.46245032861660146	0.4106668434128064	4	True
BYSL	0.2949105433104434	0.45792210308187153	0.43256111215854903	0.45683072940138253	0.41055612198806163	4	True
MRPL21	0.1762923884690048	0.6850204913074536	0.36893214923135104	0.411383052596858	0.4104070204011669	4	True
NAXE	0.13116252978777548	0.5637064845618349	0.21723863280711667	0.7292158727326734	0.41033087997235007	4	True
CCDC86	0.29578563818107334	0.5490118772155373	0.36210650508523373	0.43411969129586603	0.4102559279444276	4	True
SLC25A3	0.2904606741651112	0.5733350222086621	0.38599377631918325	0.3910968038309742	0.4102215691309826	4	True
DDX56	0.1616872068301972	0.4759454682912616	0.38666656104232183	0.6164056814478645	0.41017622940291126	4	True
RPS24	0.17417184580660472	0.5795010678746314	0.35794388993337833	0.5287445119878926	0.4100903289006268	4	True
MYC	0.14303410180795773	0.5248081999178468	0.43589265485769374	0.5349475960949092	0.4096706381696018	4	True
ATP6V0B	0.07995549370771143	0.6594664639437668	0.38850978574093187	0.5103043547722202	0.40955902454115756	4	True
RPS26	0.1725518790741287	0.5728164184759539	0.3904875077981145	0.501689054038495	0.40938621484667304	4	True
RPL11	0.2086934713717815	0.5511281254649824	0.3583315766552424	0.5177106298607632	0.40896595083819237	4	True
S100A10	0.4066352101570938	0.2987849960477389	0.40981624766264735	0.5205180311184981	0.4089386212464945	4	True
COPS9	0.2657447570888677	0.5205871539080783	0.35565788077012617	0.49195199428568076	0.4084854465131882	4	True
RPS2	0.21418282451636436	0.5491159291975277	0.3548544436437898	0.515352310837214	0.408376377048724	4	True
RPSA	0.22288336695429398	0.5488542823049628	0.36672011386144415	0.493480980457375	0.407984685894519	4	True
RPL19	0.18181513956085318	0.5244960806916067	0.3810725963140651	0.5440537185020157	0.40785938376713515	4	True
CLTB	0.2126082867363509	0.45671367754476144	0.47385251226121994	0.4879691559159321	0.4077859081145661	4	True
SUMO3	0.13652075853056195	0.7722477314041725	0.3999574161919027	0.32011999690312104	0.40721147575743954	4	True
RPS7	0.22504307716147784	0.5898061045283953	0.3261115955915998	0.48619172494993484	0.40678812555785193	4	True
CCT8	0.22140045913381665	0.5142220888246735	0.4145856458047772	0.4768155667767548	0.40675594013500554	4	True
GEMIN6	0.23650129118489474	0.5616303727808483	0.40407319748618614	0.4223931366979203	0.4061494995374624	4	True
SNRPD1	0.21699932304672653	0.5713182714733664	0.37292806082276203	0.4629820351559021	0.4060569226246893	4	True
PSD3	0.3570646328951875	0.4220545225797303	0.37894454105160463	0.4653575695876804	0.40585531652855067	4	True
UBA52	0.15535943883162137	0.4885590053285771	0.3510929311192433	0.6224719300841897	0.4043708263409079	4	True
RPS13	0.19495612096461232	0.5279631805315841	0.35955764118062866	0.5338794000812309	0.40408908568951396	4	True
TKT	0.26758700555680237	0.5036690983382077	0.3767076161101612	0.46821971620384956	0.4040458590522552	4	True
AP2S1	0.2100980826187048	0.3279588355112191	0.43672281160962745	0.6411382179499778	0.4039794869223823	4	True
TRAPPC4	0.19750547440298655	0.4481242919501006	0.45218110644632453	0.5170085290411304	0.40370485046013554	4	True
RPL6	0.1981974046552683	0.5475124394069212	0.37029466739224287	0.49777034773926365	0.403443714798424	4	True
EIF1AX	0.22044405754850485	0.5184593714506539	0.39765407654464247	0.4760372708835433	0.4031486941068362	4	True
ELOB	0.1975880861774567	0.5714049730262515	0.43924245326682027	0.40387471660194935	0.40302755726811945	4	True
BAG1	0.14867546933455386	0.565761319430938	0.4381039464286995	0.45842923536873886	0.4027424926407326	4	True
SNRPD2	0.09916950224618828	0.6648954890666577	0.3178914250664914	0.5284190131034684	0.4025938573707014	4	True
EMD	0.2003662038427212	0.5534908062529745	0.5030026640587493	0.3530664552252513	0.4024815323449241	4	True
NEDD8	0.12702027626663887	0.525567256308931	0.3020019888463849	0.6539714811095626	0.4021402506328794	4	True
FTSJ3	0.27095785697280755	0.3974332883759352	0.3170280485893544	0.621079655537058	0.4016247123687888	4	True
TMX2	0.09727279536669631	0.6734247440284638	0.4020942963038422	0.4317201195070842	0.40112798880152156	4	True
PAK1IP1	0.30225043269134333	0.510673471177985	0.37898524146524676	0.41240020777340924	0.4010773382769961	4	True
RPF2	0.20918453110756524	0.5059570747063931	0.3900184330447058	0.49708813414067343	0.4005620432498344	4	True
PBDC1	0.20576968749530722	0.6153405288463244	0.39167412324198997	0.3889363054403987	0.40043016125600506	4	True
TMEM147	0.060926482629022144	0.6651067898499979	0.3470492219448849	0.5256187940279894	0.39967532211297363	4	True
FTL	0.1852146795080146	0.5616435956223234	0.3568179909002335	0.49470233648462564	0.3995946506287993	4	True
RPL18	0.190415611134446	0.5163652114609415	0.34539694909263324	0.5439635307964272	0.399035325621112	4	True
TAGLN2	0.2440284279464474	0.3981365175422898	0.43113190513828953	0.5206128448758022	0.3984774238757073	4	True
WDR74	0.2927151032190647	0.5413881600964179	0.36092970855279494	0.39725007151092956	0.39807076084480175	4	True
MRPL20	0.16381995703677638	0.6079925651666285	0.3736053437182051	0.4462334255305262	0.3979128228630341	4	True
GTF3C6	0.2666796643929803	0.4371246348002862	0.3863337749039915	0.49992029119703835	0.3975145913235741	4	True
CLIC1	0.20122447910987043	0.4457431226243413	0.37579553282841766	0.5669994291731435	0.3974406409339432	4	True
GPATCH4	0.22937323632689638	0.5670371867603927	0.35817808009482066	0.4341801685563309	0.39719216793461015	4	True
RAC2	0.28824730685155664	0.4726947335012761	0.36424728669038875	0.45999625401869676	0.3962963952654796	4	True
ATP5MC1	0.06291071794145313	0.6780603877941415	0.28788947126049796	0.555995142395072	0.39621392984779114	4	True
RPS10	0.16342258822280042	0.4900481068379954	0.36976204061495943	0.5613121354503908	0.3961362177815365	4	True
TUFM	0.09218524193588909	0.6647820914774012	0.373442590703954	0.4540595084165775	0.39611735813345544	4	True
UQCR10	0.30857068094932605	0.5387785680064046	0.2904131117244376	0.4457384451027458	0.3958752014457285	4	True
MRPS26	0.22162461017250074	0.5809455471857612	0.31992837802362467	0.46079344663782057	0.3958229955049268	4	True
NOC2L	0.10735552138715374	0.5578904179232015	0.36764797844823977	0.5491973443666394	0.3955228155313086	4	True
BOLA3	0.1528703204638486	0.6168025690478167	0.3487264675684824	0.4634122865533265	0.3954529109083686	4	True
IMPDH1	0.3252077403673589	0.5060168598473903	0.5603884231910324	0.18943586043387003	0.3952622209599129	4	True
LAGE3	0.07478129963745613	0.5838765562207678	0.33081248760677545	0.5911598675577886	0.395157552755697	4	True
FASN	0.2722793467568427	0.542217355794122	0.22542864879133404	0.5406671497546776	0.39514812527424403	4	True
PRDX5	0.2797927499349032	0.283653588958534	0.3116266816687827	0.704466396566347	0.3948848542821417	4	True
RPL27A	0.20038261526880308	0.5739557998584046	0.31639082180214184	0.4886885879334472	0.3948544562156992	4	True
RPS18	0.1936486874389028	0.5359106392780858	0.29997016920923975	0.5495860274029323	0.3947788808322902	4	True
RPS8	0.23063309906945445	0.4878338183881045	0.355842215962839	0.504185729045127	0.39462371561638127	4	True
BRIX1	0.18587995965856555	0.590727165440009	0.36721096378816126	0.43267461906955096	0.3941231769890717	4	True
ME3	-0.19338787635158716	0.8566453251602988	0.33111583532201194	0.5807252355676361	0.3937746299245899	3	False
CHMP2A	0.24743345656853433	0.36231976947106465	0.4406692230105834	0.5231083902037498	0.3933827098134831	4	True
TCP1	0.21302103579000228	0.4973545096871467	0.3632562669981063	0.4997012403535931	0.39333326320721207	4	True
LSM2	0.23049669538707093	0.47311159930220953	0.39772555452091546	0.47129644676648136	0.3931575739941693	4	True
RPS16	0.1897246885768764	0.5117255264930076	0.34508795518258767	0.5258991273125714	0.3931093243912608	4	True
NDUFAF4	0.21371994622541762	0.515763381070176	0.47766513226011115	0.3649933866025117	0.3930354615395541	4	True
WDR46	0.24542031979463477	0.4688080267424112	0.38502001089217325	0.46923314553275725	0.3921203757404941	4	True
LSM3	0.16922310980497712	0.6278493294787606	0.2679628495378373	0.5033127547331858	0.39208701088869025	4	True
AAMP	0.29152640651987877	0.3448592245527592	0.5054333261501777	0.4252842881243822	0.3917758113367994	4	True
RPL27	0.2493366214691733	0.5181788596562593	0.2944013750255004	0.5024792191069248	0.3910990188144644	4	True
S100A6	0.2503094227567178	0.3715296966714112	0.34561713385925436	0.5956829789298571	0.39078480805431015	4	True
SSRP1	0.25480831948899785	0.6411173534667621	0.276679095241629	0.38810766148371334	0.3901781074202756	4	True
RPS28	0.15068876703238432	0.5808866511506953	0.3092710505720921	0.5198155163705265	0.39016549628142455	4	True
RSL1D1	0.2650739563334023	0.5284912074961586	0.3408582191850671	0.426116307796021	0.39013492270266226	4	True
NTMT1	0.26457049223547585	0.6136166949871058	0.39838823108703353	0.2833204377154387	0.3899739640062635	4	True
SF3B4	0.10981032939015445	0.41001824447119284	0.49406177495884634	0.5451761842920332	0.3897666332780567	4	True
EIF4EBP1	0.538260614373993	0.47094035920046595	0.2663467110917276	0.2833878401080791	0.3897338811935664	4	True
NIFK	0.1770386104610015	0.47419654867501776	0.4926176149376087	0.4142234671289855	0.38951906030065336	4	True
GSTP1	0.20678950288358272	0.4786970401672764	0.39315448399654757	0.47905689436683174	0.3894244803535596	4	True
POLD1	0.35815447600355566	0.35319592479048284	0.5014853274523363	0.3442901420115144	0.38928146756447235	4	True
RRP7A	0.15991290746837056	0.4300876621521866	0.527403914210854	0.43870393420259773	0.3890271045085022	4	True
ABRACL	0.20314478937487226	0.5976657029170453	0.3249692904992991	0.4299263664365231	0.388926537306935	4	True
CIAO2B	0.20516553928794506	0.5950164437873844	0.35071110677473893	0.4044484274702668	0.3888353793300838	4	True
NOB1	0.14526092824195433	0.5228752673311574	0.48669388536880287	0.39803620922282396	0.38821657254118463	4	True
WDR3	0.1758304773959441	0.46907155912244214	0.4021983472803291	0.5037678250368249	0.3877170522088851	4	True
AP2M1	0.25133710584322827	0.3875692326808599	0.45632848723919495	0.45504913315040113	0.3875709897284211	4	True
COPRS	0.14889814584455582	0.3748047636851051	0.6325379403613066	0.392549917555671	0.38719769186165964	4	True
RPL24	0.1993745457591402	0.503668252362346	0.342420225867574	0.5026823386898474	0.38703634066972686	4	True
CENPX	0.265718869298123	0.49635054277273616	0.3135342755610231	0.47155216861958604	0.38678896406286706	4	True
FAM136A	0.274704940799044	0.5071531901039766	0.4174677684822519	0.34748187154946286	0.38670194273368386	4	True
MRPL35	0.1636013442531823	0.5832041563531357	0.3122142945249352	0.48693101856959725	0.3864877034252126	4	True
C8orf33	0.2232548929217324	0.5657072458839305	0.38343325954697793	0.3732451728920408	0.3864101428111704	4	True
GNPDA1	0.1547674100957527	0.6609979126672371	0.2707104553854361	0.4583622787940962	0.3862095142356305	4	True
RPL36AL	0.21210063768069173	0.4525299460571312	0.39539289570011066	0.4836871836982723	0.38592766578405147	4	True
DDX18	0.2313819896766637	0.523770184802718	0.36236291779751756	0.4259417568755319	0.3858642122881078	4	True
DYNLL2	0.2501683526833184	0.4283591874811183	0.42599992025522193	0.43833470708805516	0.3857155418769284	4	True
PSMD8	0.24594555093032236	0.3713241477037086	0.34428782056001495	0.5804613276802271	0.38550471171856826	4	True
RPS25	0.196374810029224	0.5378459138861633	0.33008292585598337	0.4771563054914091	0.3853649888156949	4	True
C1orf35	0.25137387276425655	0.5808634303377963	0.3562916443789825	0.35233367903005797	0.38521565662777335	4	True
PSMA7	0.13619861187930202	0.5870505870725544	0.33043677580683134	0.48627094365369683	0.3849892296030961	4	True
SHMT2	0.2757658173559239	0.6836212354910061	0.2447067268800535	0.3353749752642979	0.38486718874782033	4	True
SNRPD3	0.208169318841606	0.48786323012874205	0.4052767200720591	0.43692489608223867	0.38455854128116146	4	True
PLD6	-0.031130977124863214	0.6376728769160832	0.37785713972661983	0.5532820657235477	0.38442027631034686	3	False
UQCRQ	0.22784644678844887	0.4599954880206083	0.27840035988761536	0.5705403996125047	0.38419567357729434	4	True
PRPF19	0.16265627467085866	0.45877236952243977	0.5156799156226142	0.39804946223711773	0.38378950551325763	4	True
RPL13A	0.2408371504956374	0.47136556576258637	0.33029270079487555	0.49233456598538894	0.38370749575962204	4	True
AIP	0.2197185965533739	0.29661857810436193	0.4584561412970847	0.5586365168378529	0.38335745819816835	4	True
UBL5	0.17832735110376816	0.5244441693550032	0.3939005315374328	0.43610660649262184	0.38319466462220647	4	True
COX6B1	0.16452711812164175	0.5260222938921311	0.2615765994414279	0.579323990963002	0.38286250060455074	4	True
ATP5PF	0.200839034896475	0.5412537485365704	0.4178983120528209	0.37129576278838033	0.3828217145685617	4	True
SNRPE	0.19504427860396395	0.6203680429171947	0.34324642351799445	0.3689358316385593	0.3818986441694281	4	True
YIF1A	0.02088734074748144	0.5596051823767131	0.46039859315748854	0.48650572192484204	0.3818492095516313	4	True
TFAM	0.21666084625699322	0.47275015137121823	0.41987889494618247	0.41705516088018585	0.38158626336364493	4	True
HSPA9	0.24949375377420444	0.45614819194108913	0.3938170853421282	0.4266509614446077	0.3815274981255074	4	True
SLBP	0.24899782436353213	0.45746369333734704	0.3937730490097255	0.4257422627537362	0.3814942073660852	4	True
IFRD2	0.06369895758047064	0.6415594244312663	0.3345434992009666	0.4860734750290071	0.3814688390604276	4	True
ERF	0.21147791229625365	0.6230534223451479	0.1459378159148583	0.54515294377777	0.3814055235835075	4	True
NAMPT	0.42076125154551597	0.39832705472230634	0.3082605163136808	0.3976660557198454	0.3812537195753371	4	True
SF3B5	0.2369967928483071	0.46448860931990654	0.30147185177502517	0.5219754345949977	0.3812331721345591	4	True
GUK1	0.2506637436397532	0.4397200083810086	0.3236372935986951	0.5100955411888622	0.38102914670207977	4	True
PSMB8	0.24102948005577118	0.5098747453965637	0.38790075762029874	0.383344828682255	0.38053745293872215	4	True
MAP2K3	0.318238968886591	0.5404949472732301	0.3530382462664648	0.3100442678156108	0.38045410756047415	4	True
TIMM8B	0.31022192815170135	0.5231628436336995	0.29038733712945874	0.39618601625986355	0.3799895312936808	4	True
TXN	0.16972338131513331	0.5344480511901796	0.3450879066857422	0.47044100677854633	0.3799250864924003	4	True
RPS6	0.22476751726821179	0.4899373215402385	0.3489952258955718	0.4557261698948259	0.37985655864971196	4	True
RSL24D1	0.34685132811524233	0.5136264443781406	0.2891435473490809	0.3676806601476155	0.37932549499751983	4	True
RPS14	0.17421452314782304	0.494466900548101	0.3435799569363785	0.5046562099814536	0.379229397653439	4	True
RPS3A	0.21844816897028474	0.4796050365842457	0.35465698791034067	0.46417976943776823	0.37922249072565983	4	True
GAR1	0.15458749176356096	0.4698116037585096	0.38889694578084266	0.5031560249456217	0.37911301656213375	4	True
RPL26	0.1981989080362264	0.4878943563505004	0.3284666819668159	0.5017616624119131	0.37908040219136396	4	True
PEBP1	0.23647694975486655	0.45106295679277786	0.32790906437250217	0.49961147913930354	0.37876511251486256	4	True
BZW1	0.27927474829502646	0.38346763529013217	0.4155383205824862	0.4367791561577492	0.37876496508134855	4	True
LY6E	0.19954703796740264	0.44569402537257824	0.3394915766373216	0.5290260553411845	0.37843967382962174	4	True
RPL17	0.2703445398135861	0.4873227030233946	0.33075714150963487	0.4251681799085654	0.3783981410637952	4	True
PYCR2	0.23668742690349528	0.42450303468640427	0.386152944063555	0.46211049203236293	0.37736347442145435	4	True
CLPP	0.24158507236236526	0.4162297594241572	0.3663112427040948	0.4834285728511981	0.3768886618354539	4	True
DDX21	0.17610530406255476	0.5248719522882332	0.4030806313372409	0.40064773993374064	0.3761764069054424	4	True
COX8A	0.14929856679715026	0.5623147473278596	0.26334728567439414	0.528879952174736	0.375960137993535	4	True
NDUFS7	0.10956041616222507	0.5105196646457102	0.35049048921034925	0.5312954537308876	0.375466505937293	4	True
RPS23	0.17387009531749767	0.5416694208151953	0.32771160084806406	0.45733567890122284	0.37514669897049496	4	True
PCBP1	0.1873920784347379	0.5465606739284973	0.2682100262407839	0.49797201706712374	0.3750336989177857	4	True
RPL9	0.18767906996133102	0.4940262991613755	0.34397876246678993	0.4743289861065204	0.37500327942400424	4	True
POLR2L	0.0758721812044367	0.5694246535879566	0.372176405979773	0.4823197106224795	0.37494823784866144	4	True
PTBP1	0.2854278248792219	0.3594570283285202	0.34304665628165787	0.5117820839926657	0.3749283983705164	4	True
ATP5MD	0.2511577106060634	0.5309732967682934	0.2934475215361303	0.42289788889929686	0.374619104452446	4	True
TRMT10C	0.17104422418430343	0.41498115464930013	0.4261106952269476	0.4859260104800681	0.37451552113515485	4	True
MFNG	0.12662688921854048	0.46710048892163636	0.36729452394255785	0.5355470740308507	0.37414224402839635	4	True
RPL28	0.1838101473061116	0.4775508777387039	0.31430793544777474	0.5208797918021865	0.3741371880736942	4	True
TBL3	0.11470173044546297	0.5257444352207709	0.3134197231449557	0.5423899319022752	0.3740639551783662	4	True
SLC1A5	0.1474174828064507	0.7074283259070563	0.26902335004022776	0.3714870651315499	0.37383905597132117	4	True
LSM10	0.19179189003346464	0.628637756596372	0.37677916929442534	0.297818878950578	0.37375692371871	4	True
RPL38	0.18554302916027235	0.5104317968907507	0.34822343303022746	0.44989447206022753	0.3735231827853695	4	True
PPA1	0.1663270599861659	0.5469514269899061	0.31714646713254574	0.46063302452714866	0.37276449465894157	4	True
NDUFC2	0.14090039884170533	0.5644972795299036	0.288057689869073	0.49684572208476935	0.3725752725813628	4	True
NDUFA11	0.19981334476279058	0.4727679595713777	0.31129264429428755	0.5028218416014074	0.3716739475574658	4	True
BATF3	0.17692483133588904	0.3668745575618756	0.524962388468656	0.41773268948437675	0.3716236167126993	4	True
MICOS13	0.11838661693338372	0.480478153072589	0.37197508755167075	0.5150583942727595	0.37147456295760073	4	True
SPOUT1	0.19669762969469548	0.4700651532460714	0.41622629811310347	0.40172851594509773	0.37117939924974197	4	True
SLC7A5	0.20573527637145103	0.7384587421095808	0.22952775825040664	0.31034270097251726	0.37101611942598894	4	True
NACA	0.21443902464951153	0.4948452167940274	0.3072384965065734	0.46747647512204454	0.3709998032680392	4	True
PMF1	0.24588731949418685	0.3801089162952506	0.4240582747910268	0.4333155139140491	0.37084250612362835	4	True
RPL10A	0.1859275571315343	0.5502509073221897	0.33315306856116433	0.4130681898423753	0.3705999307143159	4	True
SIGMAR1	0.0958095678504337	0.6712340922791514	0.34573277259158425	0.3685932394854286	0.37034241805164947	4	True
NDUFS3	0.20586112021830238	0.4384298023241928	0.34810740900021303	0.4871387634373032	0.3698842737450029	4	True
EEF1B2	0.20078867787098215	0.5084388663640943	0.31505855358387075	0.4537378838942282	0.3695059954282939	4	True
MATK	0.15418953166689897	0.5375340987149262	0.3583366004090967	0.4278508674826042	0.36947777456838155	4	True
PSMD2	0.15585263766258864	0.5002523063411806	0.42506176161375736	0.39633041660345764	0.369374280555246	4	True
GET3	0.0638768687616857	0.3699022109034807	0.44410617285550674	0.5995829922041511	0.36936706118120605	4	True
PAICS	0.23634587797717763	0.5822740740512625	0.27700350597163453	0.38155219293818954	0.3692939127345661	4	True
TWISTNB	0.3954410191498717	0.40228377667396137	0.3051434053293381	0.37384674079806546	0.36917873548780916	4	True
RPLP0	0.1603005261453156	0.532974500011309	0.35621688195994045	0.4261962108194376	0.3689220297340007	4	True
SBDS	0.2576348088413833	0.4897773251322776	0.3854183610412575	0.3424325563486503	0.3688157628408922	4	True
RUVBL2	0.10712397998269407	0.4654417475622819	0.45321047813925225	0.4489134145695596	0.368672405063447	4	True
PYCR1	0.2546080832378881	0.6792257464978061	0.20862403477667033	0.3322075175719637	0.368666345521082	4	True
RRS1	0.14756152554029692	0.39884418888134754	0.44439325126143153	0.4816712381021587	0.3681175509463087	4	True
SERBP1	0.16486156172955824	0.5502434086006505	0.32217122940534576	0.4328560188483983	0.3675330546459882	4	True
GFOD1	0.12215042196768112	0.6676019987418986	0.24739263653453275	0.43145005762956384	0.3671487787184191	4	True
ARF5	0.26924196499944786	0.388953807867019	0.30920261566966367	0.5005569202575382	0.3669888271984172	4	True
FAM207A	0.2580987396654268	0.46731221201380563	0.3455718032008349	0.39659031177985604	0.3668932666649808	4	True
RPL13	0.19557641905929377	0.4546243489993789	0.3379874578581042	0.4787481367326497	0.3667340906623566	4	True
CIB1	0.21494353817373113	0.38009752573976885	0.300465566557471	0.5693891269142894	0.3662239393463151	4	True
IMP4	0.22109758680801792	0.585177984601777	0.317963708834772	0.340489158655551	0.36618210972502946	4	True
LSM7	0.13771678462242515	0.6130246237061631	0.2648941168589662	0.4489146362824904	0.3661375403675112	4	True
CD320	0.04114261406138682	0.546477979280134	0.4030868326944914	0.4732324011903168	0.3659849568065823	4	True
EIF3K	0.11350736842262733	0.4768570360583901	0.34160855313662447	0.5316979126727782	0.36591771757260505	4	True
NDUFA3	0.17606981358172302	0.4673595100590487	0.25054925111437687	0.5687714812362573	0.3656875139978515	4	True
COX5A	0.14651659359087743	0.5395995575768633	0.3421226789864167	0.43365909779839246	0.3654744819881375	4	True
RPL32	0.19042278448984024	0.5081436454584064	0.3111733421555745	0.45099621987161603	0.36518399799385926	4	True
RPL10	0.17183610596934268	0.45158529661833985	0.33111083539669744	0.5053110371365199	0.36496081878022496	4	True
ZPR1	0.37901619093292566	0.3491232329349353	0.3066376411547263	0.42403054162126225	0.36470190166096234	4	True
CCT3	0.16614243971010662	0.4670391897863528	0.29483695397923637	0.5292169421108669	0.36430888139664064	4	True
CCND2	0.11559634865522331	0.44362521086438755	0.44558269724470223	0.45026768102679265	0.3637679844477764	4	True
SLIRP	0.2054930228701637	0.6675816535777586	0.27032494354837383	0.31089547354291575	0.36357377338480296	4	True
LONP1	0.33809380571496367	0.5551623073106984	0.25575150919659567	0.303859829012268	0.3632168628086314	4	True
EEF1D	0.1495353476660746	0.4245678632162995	0.32852661301940095	0.549876478253575	0.36312657553883754	4	True
TIPIN	0.16381598831345778	0.6047668903341483	0.24922455496513166	0.43341309538187317	0.36280513224865274	4	True
UQCRH	0.17615581081432588	0.5092018675737138	0.28871865771808847	0.47711322550901547	0.3627973904037859	4	True
EMC6	0.1318343958514455	0.3915721821248996	0.36117266208182786	0.565761817190647	0.36258526431220495	4	True
E2F4	0.13973771814604563	0.42146703536829044	0.4101241294563946	0.47852041776143145	0.36246232518304056	4	True
PRPF31	0.1680084968811016	0.4733148649424205	0.4227938635557431	0.3837416908199626	0.361964729049807	4	True
TRAPPC1	0.21619394802382746	0.5182774934765488	0.26312407262973425	0.4502212536572101	0.3619541919468302	4	True
MRPL51	0.10624029243774062	0.4663740143161023	0.36124622605086915	0.5115079440408955	0.3613421192114019	4	True
SSB	0.20707850839651498	0.4266624624677014	0.3555670602021577	0.45056665739828405	0.3599686721161645	4	True
VARS1	0.08802678418917272	0.47744921103516297	0.4456956996180689	0.42831414296690395	0.3598714594523271	4	True
MED8	0.2685228234829458	0.5899199178450841	0.46623781888862964	0.11449600482977201	0.3597941412616079	4	True
RPLP2	0.11466062073962333	0.533869889575188	0.3202716876865708	0.46875239532937923	0.35938864833269035	4	True
EEF1A1	0.207528324266164	0.4122437762861515	0.3341875350287415	0.4834900419335488	0.35936241937865143	4	True
RPS19	0.17114238490876368	0.4706208972507762	0.3127158943781198	0.4822213756103488	0.35917513803700213	4	True
KRT10	0.2632214517305132	0.43873865803209305	0.33298354503961275	0.40136114197950223	0.3590761991954303	4	True
SORD	0.23480670744512558	0.6216631414189832	0.18329771334488276	0.3961024541718907	0.35896750409522055	4	True
PQBP1	0.26057056909125886	0.16933024052536708	0.47587232714717276	0.5291121310009819	0.35872131694119513	4	True
MICOS10	0.2061177616521609	0.528878751403027	0.3402603984458192	0.3592433695807807	0.35862507027044693	4	True
TSEN54	0.2418102366969941	0.39314369361672197	0.3633680283358384	0.4356305487389115	0.3584881268471165	4	True
VDAC2	0.26736170111691754	0.5038710048030232	0.26433259437558815	0.39751051544570554	0.35826895393530855	4	True
CCT4	0.15615349567498105	0.5381879651978823	0.3581601563507502	0.3802076264546194	0.35817731091955823	4	True
AHSA1	0.17049321887210678	0.3777550044663752	0.33649815792352344	0.54786010788144	0.3581516222858614	4	True
SRSF9	0.21520341003397164	0.4585721003387116	0.38563582773544075	0.3722112638796188	0.3579056504969357	4	True
GNB2	0.3401396399194684	0.40481091446191714	0.3192814695919547	0.36593948313674196	0.35754287677752056	4	True
AIM2	0.6134365498260943	0.37563554597965626	0.1909689453386109	0.24805949317385614	0.35702513357955445	4	True
PRDX2	0.27734151369250265	0.3939406810308941	0.23613976118747088	0.519863401854412	0.3568213394413199	4	True
UQCR11	0.14675564880924585	0.4385869728770479	0.38354719691657907	0.45558636975773975	0.3561190470901532	4	True
PSME2	0.12978714763391855	0.4081667941879807	0.38372300734670606	0.5022600887208121	0.35598425947235435	4	True
ARPC5L	0.17831884442343163	0.639972520043133	0.30973579712320104	0.295220266124051	0.3558118569284542	4	True
NXT1	0.146631828025303	0.4856045340657888	0.3931264636746049	0.39696719603628144	0.3555825054504945	4	True
VKORC1	0.06146744446199934	0.4830665134622008	0.21206472044690639	0.6631292771252691	0.35493198887409394	4	True
TCOF1	0.22525866270839184	0.4132894101523057	0.33240607885919976	0.44847618650207505	0.3548575845554931	4	True
SF3B6	0.13548580100275773	0.46692782406815003	0.31947238078133194	0.49675535845834096	0.3546603410776452	4	True
JPT1	0.2295705121159914	0.36482757146146	0.3073917081945857	0.5160014890486861	0.35444782020518084	4	True
DUS1L	0.2359169886716994	0.5270601772787601	0.3128009520192266	0.33930648362488	0.35377115039864154	4	True
RGCC	0.32988678502617075	0.5411390241017425	0.3122541490453796	0.231137004198859	0.35360424059303797	4	True
UBB	0.16005034957351524	0.42714114736125547	0.3648058730008673	0.4609606885628879	0.3532395146246315	4	True
RPL34	0.14219097439597372	0.46525715877185986	0.3195441033524084	0.4835907515107992	0.3526457470077603	4	True
RPL23A	0.13713928914337245	0.505725077729692	0.3226508876267776	0.4424637414526053	0.35199474898811184	4	True
HIGD2A	0.15165740436543654	0.2903654846497429	0.31690285100198845	0.6485283751045615	0.35186352878043237	4	True
ATP5ME	0.10661458254017495	0.5251087996886397	0.2544136340178981	0.5200907157593366	0.35155693300151236	4	True
RPS27A	0.1734352508417137	0.43740237188518993	0.32240252177566003	0.4720339102317917	0.35131851368358885	4	True
SNX17	0.30883528228989476	0.31400730967246837	0.4342533479330637	0.34675466330332516	0.35096265079968797	4	True
PSME3	0.14375366536058112	0.42179437418755034	0.4668972657562959	0.3676293166660907	0.3500186554926295	4	True
COX7C	0.0998003343692797	0.5989513015871015	0.30178308466447373	0.39909802295365926	0.3499081858936286	4	True
NDUFS6	0.08720763851795503	0.5042914085315372	0.35957766375339656	0.4461301452256764	0.3493017140071413	4	True
PTPN6	0.26367888977088105	0.3139377751742175	0.37418363016087247	0.4443307825205892	0.3490327694066401	4	True
JTB	0.10897336262056843	0.6075003310813567	0.29432313982253355	0.3852610797566906	0.34901447832028737	4	True
GLRX5	0.048891166117450716	0.535815514347736	0.4400947988442918	0.3710432351671038	0.34896117861914555	4	True
MRPL24	0.17685718321651905	0.2992484846649367	0.4015763196074446	0.5179908245569623	0.3489182030114657	4	True
DUSP6	-0.23142081502679712	0.5720036285485001	0.37512448556211525	0.678568531147822	0.34856895755791006	3	False
RBM42	0.07951512688674958	0.31429489992816617	0.45995686995949236	0.5404639532628357	0.34855771250931095	4	True
CFAP20	0.1157918068103141	0.4479648144247312	0.32082430449129773	0.5084851378566464	0.34826651589574736	4	True
C9orf78	0.13819960793888417	0.5045909725833375	0.40903091054592944	0.33938928871344043	0.3478026949453979	4	True
WEE1	0.08162191952364743	0.7980908178725208	0.16167831501200558	0.34809854463675355	0.3473723992612318	4	True
RAD23A	0.1427081288783903	0.5320371465146055	0.3335483246712096	0.38078172245558967	0.3472688306299488	4	True
DPM2	-0.013649243615643557	0.5953814337999893	0.30153036938368494	0.5047296209388621	0.34699804512672316	3	False
SUMO2	0.11821973527623868	0.4501991469382256	0.3750632390647375	0.4440150959695223	0.346874304312181	4	True
H3-3B	0.18141921666384264	0.4254452248072184	0.3681229406965949	0.41185244914730407	0.34670995782874003	4	True
CD2BP2	0.27455548238384	0.45020442618883827	0.19353859379265972	0.4678020267393048	0.34652513227616066	4	True
CHCHD1	0.215386194088846	0.6172368480324074	0.2317265511417512	0.32103338024111516	0.3463457433760299	4	True
PSMC2	0.2355039058433881	0.40776644488332375	0.4289767151366811	0.3129034523811033	0.346287629561124	4	True
RPL12	0.18110714109843576	0.5099633918679	0.2978188377090127	0.3941351587307588	0.3457561323515268	4	True
LSM4	0.2775913081896489	0.5032067943847436	0.26640870702375635	0.33551482693191986	0.3456804091325172	4	True
POLE3	0.05889936238053824	0.4662999401420801	0.38231457360243987	0.47285052624679824	0.3450911005929641	4	True
LAMTOR5	0.159734013888605	0.46341909941306275	0.3801348658510272	0.37636052608216874	0.3449121263087159	4	True
TRMT6	0.2274416529002309	0.30115200087726074	0.40463792113510383	0.44597981894142713	0.3448028484635056	4	True
MRPL55	0.10115050603426552	0.6230777028194668	0.35558542172425683	0.29873703308175487	0.34463766591493605	4	True
CSTB	0.23218037607244038	0.41391416189929636	0.3439918458410928	0.38838575315501916	0.3446180342419622	4	True
ATP6V1F	0.13589508396278235	0.5302071156485917	0.35041186233104654	0.3610865846864445	0.3444001616572163	4	True
NOP2	0.1880024997044143	0.44490403915316556	0.3760314989379122	0.36806924094192045	0.34425181968435314	4	True
ALKBH5	0.3584483756681288	0.3300240969980558	0.18674347151243356	0.5008596445554647	0.34401889718352074	4	True
CTU1	0.0757334531213423	0.5756551126062888	0.360003937317518	0.36435868630645163	0.34393779733790014	4	True
RPL22	0.13608248113512608	0.5063937598148359	0.3147095984163001	0.4183869035494378	0.34389318572892497	4	True
HNRNPDL	0.21536007331489687	0.45670272441003007	0.3199338421880223	0.38234695023480975	0.34358589753693974	4	True
COX7B	0.08490056222777005	0.6451023797123328	0.2425300308124991	0.40167459746177747	0.34355189255359486	4	True
KBTBD8	0.2962817905551749	0.40981035949426126	0.38381257490010334	0.2815271885011649	0.3428579783626761	4	True
DHCR7	0.09958279508122386	0.5591380900874121	0.19957013017578376	0.5115079440408955	0.34244973984632876	4	True
MPHOSPH10	0.24330483404359118	0.3463067643348606	0.3423897395901699	0.43720251977948693	0.3423009644370271	4	True
RPL37A	0.14064126717967415	0.5387761503129962	0.30213455794444205	0.3873029487799478	0.34221373105426506	4	True
TNFRSF10D	0.6162901715752759	0.09981076356122794	0.2625096065440169	0.38985149471707836	0.3421155090993998	4	True
SDF2L1	0.19143006167991075	0.3492554451925149	0.34384223227076327	0.48356834990729897	0.34202402226262196	4	True
DNPH1	0.30479403578251085	0.5152983534294029	0.12789835228182825	0.41813520642725643	0.3415314869802496	4	True
POLDIP2	0.26601610245379986	0.508971448058315	0.3604603002217077	0.22862275161188697	0.3410176505864274	4	True
POLD2	0.20929246164737464	0.4901440635453502	0.3526939707892127	0.3117005143546817	0.34095775258415484	4	True
GTPBP6	0.13650967545281256	0.4341950425248776	0.40728367867327375	0.3857255177135439	0.34092847859112696	4	True
HDGF	0.2435353051162648	0.45535420423759576	0.27010654188811845	0.39349173825205114	0.34062194737350754	4	True
NDUFB2	0.17656528811786415	0.5083752341221647	0.2866526701071653	0.3907150998019235	0.3405770730372794	4	True
ETF1	0.13508857081697692	0.5226012402721503	0.26110723263253494	0.44210268102173234	0.3402249311858486	4	True
PSMB1	0.1855943254727182	0.4050899864838795	0.3346368359442693	0.4352793450907676	0.3401501232479086	4	True
ROMO1	0.26932456925682374	0.42684543635750327	0.19790016051203446	0.4657059334110657	0.3399440248843568	4	True
NELFE	0.1004056327096223	0.28702643223333474	0.40421431162816457	0.5662381100910366	0.33947112166553955	4	True
PSMG1	0.3097242049479031	0.4087739612895768	0.303114037743785	0.33446948063676857	0.33902042115450837	4	True
HPRT1	0.30831132875945644	0.40142831230239057	0.2384628419233078	0.40739442587714786	0.3388992272155757	4	True
SNRPA	0.22493201901892226	0.5039868302993	0.27788844694672876	0.34788026022004115	0.338671889121248	4	True
EIF5B	0.2246517786867065	0.4365521485464073	0.31312928529519496	0.37931212575109907	0.33841133456985195	4	True
GPX1	0.18565019038410072	0.42356620120106436	0.3407500408513016	0.4002078811901481	0.3375435784066537	4	True
FKBP8	0.16078159527108166	0.26546723010367035	0.5015578967081713	0.42141977674279507	0.3373066247064296	4	True
MRPL34	0.1920337323279709	0.35887049434037316	0.3131460951426101	0.484657916607393	0.33717705960458677	4	True
NDUFB11	0.06560116744316581	0.6071160963935884	0.25870141223137505	0.41722697120177926	0.33716141181747716	4	True
HAX1	0.26895342978818837	0.5192593368643873	0.2563702822500447	0.3011924943557107	0.3364438858145828	4	True
COA7	0.20605584851014597	0.41645693183971616	0.5333696505089907	0.18878772132394386	0.33616753804569915	4	True
EXOSC5	0.1609000570557352	0.5974008725247812	0.37282611747149214	0.20905940245642674	0.3350466123771088	4	True
CCDC59	0.19298547149314618	0.4844993745134731	0.42179935957739245	0.24068419312691644	0.334992099677732	4	True
PSAT1	0.553124978338514	0.6002706012867659	0.038875637915419155	0.14692123932456788	0.3347981142163167	4	True
RPL35A	0.1451211336747934	0.49114732513135756	0.2893533852719013	0.4118165428370345	0.3343595967287717	4	True
EIF1	0.17063124590328785	0.4123833535905134	0.3842956661048008	0.3699111071342877	0.33430534318322247	4	True
CWC15	0.24802424704336565	0.4479082096309754	0.24288739700218978	0.3969324971701093	0.33393808771166	4	True
SESN2	0.9080308197480812	0.5541970190058259	-0.09022658831366939	-0.038840077784522385	0.33329029316392883	2	False
SERF2	0.10403689898496718	0.4258644905944225	0.2852758939790957	0.5173892413545566	0.33314163122826046	4	True
TEX261	-0.025614095210867112	0.7199215705778717	0.3480233137266483	0.28971765738465277	0.3330121116195764	3	False
TAF10	0.1922689656043317	0.5153425041925417	0.2865150248803964	0.33731170924044923	0.33285955097942976	4	True
SAMD1	0.21383999444819798	0.5169753895059913	0.2415164579471655	0.3587050823779337	0.33275923106982214	4	True
AK2	0.23019137140957105	0.4234871546293713	0.36215796879971374	0.3151458216834486	0.33274557913052616	4	True
MRPL37	0.1953041302173938	0.3399622989531075	0.31721100003682573	0.4781979607477625	0.33266884748877235	4	True
EIF4G1	0.15717838510699125	0.4448042204670189	0.33187332431892586	0.3965684409298028	0.33260609270568475	4	True
PSMD13	0.20503258752849302	0.4232924268369328	0.4254799009904625	0.27605105567060734	0.3324639927566239	4	True
TMEM208	-0.04250163462562692	0.5314144617345451	0.3911667204122126	0.4489070629329129	0.3322466526135109	3	False
EXOSC3	0.31485200310134065	0.2008826256678213	0.4103483844167298	0.40119497904090096	0.3318194980566982	4	True
NUTF2	0.06135222207179528	0.5352563512824664	0.3554525072887282	0.37520690537816	0.33181699650528745	4	True
WDR83OS	0.01115581326086574	0.43662583650662995	0.4840285549770523	0.3934822973041468	0.3313231255121737	4	True
TRIR	0.11370672960466273	0.47591803651693443	0.358224784053299	0.3773349604162205	0.33129612764777916	4	True
MAGOH	0.11985173873131749	0.41291648323716384	0.3828620559853038	0.4089217598082847	0.3311380094405174	4	True
GTPBP4	0.14072025360248624	0.4834763018866462	0.3472740090344058	0.35175877177030573	0.33080733407346097	4	True
TPM3	0.2788481178266658	0.3940459794977672	0.29934620576854176	0.3508670945137531	0.33077684940168195	4	True
MID1IP1	0.18920588886103376	0.48344585997884515	0.3369778721792501	0.3131489416076771	0.3306946406567015	4	True
YDJC	0.072063989742062	0.6023025681156201	0.20428833511607813	0.44182382414369936	0.3301196792793649	4	True
NT5DC3	0.18504777255563673	0.42584735783134275	0.4922684028249218	0.21672123974586557	0.3299711932394417	4	True
LSM5	0.084389225152999	0.5967064259252008	0.24768232196716106	0.39085026769240977	0.32990706018444266	4	True
ZNF706	0.16751000327439855	0.472447105636698	0.3427524522283859	0.33628258346345036	0.3297480361507332	4	True
HNRNPA0	0.25784106714218946	0.37755549414400513	0.31987885738243604	0.36315395644944753	0.32960734377951956	4	True
TMEM126A	0.12952049632865043	0.47441070550490094	0.3532120101532439	0.35758462450111445	0.32868195912197745	4	True
NR1H2	0.22665591893617448	0.37304931849021683	0.26458502607195694	0.4501391012813784	0.3286073411949317	4	True
ISY1	0.2584160649008097	0.31938247024522975	0.44528331514947933	0.2912552403066772	0.328584272650549	4	True
ZNF511	0.17016473170206703	0.5405365811438543	0.43719423672343427	0.1662411001015646	0.32853416241773004	4	True
PEX5	0.2675276564321676	0.4280703783518751	0.2325355400128589	0.38477700185529556	0.3282276441630493	4	True
DDX27	0.16289634347018783	0.36840273089123493	0.327433034870951	0.4541410984575472	0.32821830192248025	4	True
FUNDC2	0.19812006591521553	0.3967854179986387	0.31132180936667	0.4062966428683788	0.32813098403722574	4	True
NOL6	0.07661005959812073	0.3869574048197596	0.3822571486433015	0.4662684806071672	0.32802327341708726	4	True
RNASEH2C	0.08233307052078555	0.5000999527964108	0.31447652841481755	0.41428989800830146	0.32779986243507886	4	True
NDUFA6	0.0553371652455806	0.556272304279834	0.32711261776366896	0.37218780576792365	0.3277274732642518	4	True
NDUFA2	0.2094723143485312	0.4903146723556847	0.15880159949588796	0.4514782470784853	0.3275167083196473	4	True
TMA7	0.09364637733139988	0.4739247938390356	0.2936898372114923	0.4477138622004579	0.3272437176455964	4	True
PAXX	0.11183869030214767	0.3869925360502123	0.35053274648336985	0.4592466982427714	0.3271526677696253	4	True
ADSL	0.16390632810170397	0.5197382542084771	0.3636587321621259	0.2609410196779209	0.327061083537557	4	True
CACYBP	0.2535714238143366	0.43210206478207464	0.29797817265147636	0.32359184313750156	0.3268108760963473	4	True
TMED9	0.1408859958523045	0.5177087463557463	0.3908150287834133	0.25779483689141486	0.32680115197071974	4	True
MTLN	0.13914761109161	0.6196846531027728	0.24706647956649158	0.3011740692183787	0.32676820324481326	4	True
RPL21	0.18385418760241232	0.4599116064439399	0.31986470387214483	0.3432625340453277	0.3267232579909562	4	True
BAX	0.16100563564697928	0.4590248525145065	0.3630221375320476	0.32371787428183363	0.3266926249938418	4	True
DDX49	0.1709275502125196	0.42917443814326867	0.2953998458771188	0.4111387628501944	0.32666014927077536	4	True
POP4	0.17168239485662434	0.38238471519726847	0.3407167104717675	0.40956255061437885	0.32608659278500973	4	True
ALG3	0.028195326379969503	0.6785549274922732	0.2848891661798119	0.3126221999734625	0.32606540500637926	4	True
MRPL58	0.11751610992896666	0.38803472363920233	0.33024826740488583	0.4676022269726914	0.32585033198643654	4	True
NSA2	0.17860585940607432	0.4508447876694559	0.26266810144371544	0.4097189113761505	0.32545941497384906	4	True
PSMA4	0.15115572503610328	0.4604163264627257	0.37001048816914306	0.3202104924671029	0.32544825803376876	4	True
HNRNPK	0.22401644134133153	0.36920080118804216	0.3543113313580487	0.352267436247029	0.32494900253361286	4	True
CD48	0.0968439418627988	0.5502029009374284	0.2796607751498277	0.37286797215005113	0.3248938975250265	4	True
RPS20	0.1665491969976682	0.4251742963219247	0.2827761541314212	0.4246673261625986	0.3247917434034032	4	True
POLR2K	0.20440631780798282	0.5929330308503458	0.21411218968960982	0.28740384460484764	0.3247138457381965	4	True
GNL3	0.21896530733468794	0.41630704143254105	0.29305341898339105	0.37016718259709636	0.3246232375869291	4	True
COA6	0.1960331435686986	0.6207227525867124	0.278111741023053	0.2029347351651291	0.3244505930858983	4	True
RPL22L1	0.20168527256374905	0.5073697964152336	0.2796005889531661	0.3088750958150183	0.32438268843679174	4	True
ALKBH2	0.38423693688399424	0.33859732151323585	0.2379364795430051	0.3359978634183118	0.3241921503396367	4	True
ANP32B	0.14757487683649642	0.4480050676500697	0.3176863488813957	0.38343976378284805	0.32417651428770244	4	True
TTLL12	0.21258961876565782	0.4476914995001903	0.21158703037419088	0.42378717690514867	0.3239138313862969	4	True
ATP5MC2	0.13079301439397492	0.44973720164606995	0.3010485095643185	0.4139020870869328	0.32387020317282406	4	True
SF3B2	0.221818652239308	0.37369849209852396	0.32240949610710573	0.37667915108747024	0.323651447883102	4	True
XRCC6	0.18638079129493423	0.37672685317409565	0.2849954779410274	0.4453135570390525	0.3233541698622775	4	True
RPS21	0.1443417479736178	0.47701424128780984	0.2500267742578039	0.4219031440064685	0.323321476881425	4	True
CDH23	0.09443830974493965	0.674739893285879	0.20490691280780246	0.3169462405332816	0.3227578390929757	4	True
C12orf45	0.1794907528598885	0.3843376173993279	0.3110404233773037	0.4160518432978474	0.32273015923359183	4	True
NDUFA13	0.09361943938103796	0.4682413019120248	0.28559462852765655	0.44304421787674586	0.32262489692436624	4	True
RAB8A	0.30633014821151167	0.34567735411771383	0.3190936554341832	0.3193423643562048	0.3226108805299034	4	True
FAM98A	0.11931560504261021	0.3477552689217386	0.31601954403473514	0.5069450800966148	0.3225088745239246	4	True
HSPH1	0.08376839268949321	0.31639454798445726	0.426030024009796	0.4634495886573274	0.32241063833526845	4	True
COX5B	0.03938021568630661	0.49286540032212295	0.3639426423509248	0.3932645178019442	0.32236319404032465	4	True
ANP32E	0.2971057103647081	0.32137466235032425	0.2834734880732592	0.38749397448783723	0.3223619588190322	4	True
NFKBID	0.21758421823948956	0.4389680201509052	0.2829275402498743	0.3498552402447975	0.3223337547212667	4	True
RPS4Y1	0.2019606634775564	0.3763293603518759	0.3386275908087544	0.3698463050010247	0.32169097990980283	4	True
PFDN5	0.10869618836232274	0.3831997731040927	0.36036322320551345	0.43332587787838206	0.3213962656375777	4	True
NASP	0.17762287303333266	0.4568719430538728	0.2808481126255736	0.3696662934381813	0.3212523055377401	4	True
MRPL27	0.23088632957705338	0.4913342004398079	0.23100474682449715	0.3316955506906881	0.3212302068830116	4	True
MZT2B	0.13369957570039295	0.4418804989897992	0.32377757927413525	0.38547439752707274	0.32120801287285	4	True
UBXN1	0.2258612592858204	0.2884684236122764	0.4334138249441944	0.33593673535089097	0.3209200607982955	4	True
TALDO1	0.14627493755128695	0.36389520667785624	0.3772401534375029	0.3929208300477088	0.3200827819285887	4	True
SOD1	0.11825710151036543	0.38954001806312993	0.39465594939687426	0.37711222991214155	0.31989132472062776	4	True
UTP3	0.18955655374144906	0.37904940044888535	0.37563498685407626	0.3341851517273581	0.3196065231929422	4	True
ARF1	0.14568746465165966	0.42771005324439765	0.36770211702085515	0.33539234801360107	0.31912299573262837	4	True
UTP14A	0.07627191954642988	0.3904439457294983	0.4230335433740316	0.38597035418594783	0.3189299407089769	4	True
TSPO	0.18187012411981535	0.2964686380281138	0.2796880852034959	0.5171523069411128	0.3187947885731345	4	True
AHCY	0.16029078835330027	0.5370068706602713	0.2697882797251072	0.3079918188483106	0.31876943939674734	4	True
ZNRD1	0.1029668177853035	0.48682211561506267	0.291514499100944	0.3925991021487959	0.3184756336625265	4	True
RPL41	0.13402878518493028	0.4503145603823565	0.29271252887606064	0.3966352047689298	0.3184227698030693	4	True
RPS15A	0.16029086290216446	0.4447274049296736	0.28753491497394296	0.3809582243153249	0.3183778517802765	4	True
RPL30	0.14756446777576107	0.43421339786238744	0.288390542542347	0.40323929888032023	0.3183519267652039	4	True
PTPRE	0.19622194952288965	0.4230025938181303	0.3373891609689708	0.3165377075848116	0.31828785297370055	4	True
PPP4C	0.1719499932231041	0.28481773848799524	0.330211262248507	0.4853816508210188	0.3180901611951563	4	True
RPL39	0.13725708387571336	0.45156029368305606	0.26341795910898264	0.42002641999604096	0.3180654391659482	4	True
PSMA2	0.11732273070478262	0.4222615171297782	0.3638871512345392	0.36863634922991956	0.3180269370747549	4	True
MAK16	0.11299067509469538	0.46190261234472924	0.3545974084498417	0.34244104636271727	0.3179829355629959	4	True
SLC38A5	0.012686571121920745	0.4899400245756859	0.23090957413452812	0.5366114137850352	0.31753689590429246	4	True
POLR1E	0.17255051928843107	0.44677644756360907	0.31997912282457625	0.3291631124554968	0.3171173005330283	4	True
ACAT2	0.1094203654368721	0.41783760886275756	0.23866029607813838	0.5015123223063037	0.3168576481710179	4	True
PRPS1	0.3565699556855762	0.4798495890029922	0.3253038120353474	0.10566699325154706	0.3168475874938657	4	True
AKR1B1	0.16812358959263035	0.518886764733754	0.18500353561477625	0.39480279994648554	0.3167041724719115	4	True
MANF	0.1505977470982536	0.41768109707880025	0.3174474161052109	0.3809802590284322	0.31667662982767425	4	True
ZNF598	0.21153411153360555	0.5831787915357464	0.26350137136212703	0.20844237473787863	0.3166641622923394	4	True
NDUFA4	0.03229620810899599	0.5544723246204515	0.28879512892316284	0.3894642433149937	0.316256976241901	4	True
RPL7L1	0.1299102289721856	0.43363292022309724	0.2919209580211635	0.40870633685144425	0.3160426110169727	4	True
HINT1	0.16084487922455457	0.35855356298092916	0.2446382004313643	0.499978804569657	0.31600386180162626	4	True
SRSF3	0.17475010891337558	0.44275523154988555	0.27765780525418193	0.36867519586966396	0.31595958539677677	4	True
STRAP	0.24262325092931983	0.4101954074777796	0.28455505043309165	0.32547093227032725	0.3157111602776296	4	True
RBM38	0.09492268022939854	0.43211492900091975	0.29745836421042054	0.43700108373400187	0.3153742642936852	4	True
NOL12	0.11660792630296436	0.32543640437894383	0.48530428630995665	0.3328440895951878	0.31504817664676316	4	True
RPS12	0.1645871267971936	0.46393208854059875	0.27291250007008716	0.35859110025993807	0.31500570391695437	4	True
PLP2	0.24260751243064593	0.20439347700321625	0.3418430993515461	0.4710337937394052	0.31496947063120334	4	True
EIF3B	0.12707508191622735	0.43930838302882114	0.24742189882871296	0.4459739702567197	0.31494483350762026	4	True
TAF9	0.1981875487748823	0.44369699928118145	0.22521222451709486	0.39252404785678674	0.3149052051074863	4	True
SSNA1	0.10617797738681396	0.4371531884050226	0.23699897866762784	0.4784392718990445	0.31469235408962726	4	True
RHOG	0.17457152565163156	0.42781594054537436	0.27762193374749566	0.378704102667878	0.31467837565309487	4	True
PDCD2L	0.30512800199167966	0.4681828465447509	0.33068141511551113	0.15171633163956807	0.3139271488228774	4	True
TSSC4	0.11408398122085235	0.25592717732827563	0.4224680677874701	0.46295138750905857	0.31385765346141414	4	True
PSMC1	0.15404591979920954	0.4653261206981879	0.2802060535721049	0.3552480326924558	0.31370653169048957	4	True
COA4	0.22432146909486345	0.4771297180003894	0.2415193782502265	0.30997757115099134	0.3132370341241177	4	True
RPL26L1	0.10341685833730409	0.474983552680591	0.25032578656012866	0.4241257626057029	0.31321299004593167	4	True
ATP6V0C	0.10456252399329895	0.5759469566016618	0.2654580573184787	0.305377914584828	0.31283636312456686	4	True
NSMF	0.15308301949069672	0.507321359403793	0.20349823470119538	0.38742823529553727	0.3128327122228056	4	True
BCAS2	0.38548344382243444	0.36388794731102064	0.27813891556883713	0.22327591951320858	0.3126965565538752	4	True
DNAJC9	0.25043618393785183	0.2433434098101083	0.3308286606918575	0.42528557015468865	0.3124734561486266	4	True
ADGRL1	0.23438799111148684	0.5466174076259552	0.06850906733863295	0.40027445464187555	0.31244723017948767	4	True
RASSF5	0.23932323487413354	0.46446735473945794	0.22452423392031712	0.32102082973999424	0.3123339133184757	4	True
MRPS18A	0.25680662246181246	0.42544290203003216	0.34341469370123223	0.22301406228339832	0.3121695701191188	4	True
NOL7	0.14165662938660184	0.45175063010484534	0.3261244167562488	0.32855350909025566	0.31202129633448794	4	True
NDUFB8	0.21908022258205898	0.4410130995470143	0.18025971587091255	0.40602430403862877	0.31159433550965365	4	True
MZT2A	0.23460893966549318	0.3410092548700077	0.4412515640283819	0.22903920821159585	0.3114772416938697	4	True
PHPT1	0.04969825008616835	0.527065873323173	0.3692471207570698	0.2994279152785199	0.31135978986123275	4	True
MTHFD2	0.36338360480642196	0.4379429334140749	0.17192849128843554	0.27176334702188326	0.3112545941327039	4	True
IDH3B	0.19278720695753498	0.29616894313246844	0.23768324719814593	0.5182118002787007	0.31121279939171254	4	True
PRDX4	0.11629032755326608	0.41155256138835294	0.29094035032271665	0.4250891406784115	0.3109680949856868	4	True
RPLP1	0.1261298152668922	0.43812280347842103	0.2931586850610113	0.38597073471949395	0.31084550963145463	4	True
MRPS15	0.26418171634538634	0.5883235717509341	0.1862125846798115	0.20406215271610786	0.31069500637305997	4	True
SLC25A39	-0.09342026081568214	0.5658084289041627	0.20294419677733896	0.5671522761982537	0.3106211602660183	3	False
ATP5MG	0.17245316255729443	0.4366543923323539	0.3318268566421438	0.3006898615326061	0.31040606826609957	4	True
BUD31	0.16107081619416524	0.3696409642292106	0.31043815294066573	0.39928671747957317	0.31010916271090366	4	True
RGS10	0.07135022879827443	0.6484829196023916	0.22379092606721676	0.29566074115899305	0.30982120390671897	4	True
PRR13	0.13234593198445083	0.4008742755662006	0.38656771710039484	0.3191634125772925	0.3097378343070847	4	True
CLUH	0.08568310221131333	0.5412193607025602	0.326425394630613	0.285119634012461	0.30961187288923686	4	True
TMSB10	0.15243819292962546	0.4335991043593526	0.29393990622856486	0.3580727660753477	0.30951249239822265	4	True
EEF1AKNMT	0.13341714231771207	0.3769089927871134	0.36154801928676866	0.3659447091621201	0.30945471588842854	4	True
SNHG19	0.1342405771787619	0.6686991812459724	0.29951236353849203	0.1327620830076957	0.3088035512427305	4	True
POLR3G	0.19804598547512553	0.4266002555760912	0.3054635356985977	0.30419462465462954	0.30857610035111105	4	True
ALAS1	0.1334953979912107	0.4035437127353921	0.3547070040814299	0.34216004192067495	0.30847653918217693	4	True
ABT1	0.15270814907575	0.44825039823283835	0.36386762536220746	0.2690774778781941	0.3084759126372475	4	True
SLC19A2	0.09689746106825933	0.3106856573485983	0.33495770678129533	0.4911378965691129	0.30841968044181645	4	True
SSR4	-0.007655346793508997	0.46388824228648773	0.3400941309918001	0.43726190221112293	0.3083972321739754	3	False
NDUFB9	0.004046007335393713	0.5280153950579	0.30177676723063934	0.399715436887716	0.30838840162791226	4	True
NDUFAF8	0.04461729558930242	0.45725462277404844	0.3028873685125679	0.4268952004531706	0.30791362183227233	4	True
HMGCS1	0.1934599746070904	0.3678568981129655	0.23489608440922669	0.43532741250798	0.30788509240931566	4	True
CALM2	0.2851897214748847	0.34605479225723773	0.2568516518487521	0.3433665248102061	0.30786567259777015	4	True
APEX1	0.10025852575562597	0.5397676674396175	0.2997383916946089	0.2916935442489707	0.3078645322847058	4	True
SSBP1	0.18996985735594	0.38646578275795485	0.2950217768053224	0.3596362897523676	0.3077734266678962	4	True
LTBP4	0.2761987411530695	0.4587763325867517	0.19945926586827392	0.2956501481825874	0.3075211219476707	4	True
BUD23	0.17650636932647817	0.5231344023220909	0.27015088061941434	0.2601776171788036	0.3074923173616968	4	True
MYL6	0.12593666202999623	0.4015459287685157	0.31109533698183073	0.3896521688012771	0.30705752414540494	4	True
LMNB2	0.2800663897497969	0.33823463336408893	0.42544983719555246	0.18402529424108802	0.3069440386376316	4	True
NOP14	0.1351653729169739	0.33195709390096917	0.3908978667042889	0.36957862289605514	0.3068997391045718	4	True
CBX3	0.20014111077727745	0.42850368683255674	0.2465644742213383	0.3522002972149105	0.3068523922615207	4	True
PABPC4	0.11502983899906626	0.4356546383140443	0.3799402651252306	0.29670053230890553	0.3068313186868117	4	True
MRPL54	0.2079791697520892	0.3918085093842642	0.3465098447746654	0.2810224916847077	0.30683000389893167	4	True
ANTKMT	0.16452453452007845	0.4216835780118907	0.18887727281649036	0.4515186612322396	0.3066510116451748	4	True
CDV3	0.13821673332801285	0.3238088988280421	0.3971573476824279	0.36685466791386917	0.306509411938088	4	True
YWHAB	0.26642226394900453	0.3047255144417815	0.2830481844383565	0.37149977394262607	0.3064239341929421	4	True
MRPS16	0.2162560133083719	0.3319295472833843	0.28015796743061894	0.3963800819099624	0.3061809024830844	4	True
FAAP20	0.12978130000866342	0.29819943003144544	0.3020136664063941	0.4945338306819503	0.3061320567821133	4	True
MRPL2	0.26670434030454176	0.3141298636600512	0.24604443187333103	0.39692864276472917	0.3059518196506633	4	True
PDK1	0.7339692754084163	0.42828923444359174	-0.07334533540475341	0.1347168121839345	0.30590749665779726	3	False
MCM7	0.16106704369342364	0.40636380456200394	0.24083393562900846	0.4149328909555232	0.30579941870998983	4	True
PLK3	0.07364327068797555	0.459404938013105	0.320588601634545	0.3689428601296438	0.30564491761631735	4	True
MRPL52	0.17149477431247098	0.46875437943254245	0.20252572873226993	0.3784903834078702	0.30531631647128843	4	True
POLR2E	0.15799007815657942	0.40308044446106467	0.2587428902906071	0.3994608786807489	0.30481857289725006	4	True
ATP5IF1	0.1505320331106488	0.3069892825765302	0.38519365670733197	0.3762871007224756	0.30475051827924665	4	True
FXYD5	0.07136144758516574	0.48135072282170277	0.2743458596874806	0.3910667265143473	0.3045311891521741	4	True
RNF181	0.05047975798867282	0.363756669314762	0.4008540358316596	0.39984114290590206	0.3037329015102491	4	True
PARP1	0.2313059026792624	0.2939308165429976	0.28988315102176765	0.39908205702795	0.30355048181799443	4	True
PFKM	0.18456651388495943	0.3953204006673174	0.18828574396964665	0.4434592448843259	0.30290797585156237	4	True
TMEM70	0.19970604400790878	0.3457855081858138	0.32987393285813027	0.33563602811613447	0.3027503782919968	4	True
POLR2J	0.04980819388677835	0.4733701466732279	0.3854908592200947	0.3020713797469236	0.30268514488175613	4	True
TOMM20	0.12017160695469463	0.5571669500176414	0.22840499643185452	0.3026959699386885	0.30210988083571977	4	True
SEC61B	0.14503160531459527	0.31582408526836947	0.29186336150041925	0.4553643401114721	0.302020848048714	4	True
CD81	0.030500801731060075	0.4146327960801809	0.20705699016227247	0.5531229962205062	0.3013283960485049	4	True
MYL12B	0.22767594253303752	0.33377274446348404	0.28196985325476454	0.36114863828523297	0.30114179463412977	4	True
MYBBP1A	0.1156106032868845	0.48693315756355926	0.18230674918873427	0.41962142417522763	0.3011179835536014	4	True
GRK6	0.33419034048841584	0.4007644544824648	0.212510238273628	0.2559175377352367	0.3008456427449363	4	True
ABCF1	0.11140533938495913	0.32936683407729234	0.304494066634943	0.45691084322629616	0.30054427083087265	4	True
SLC25A19	0.2566762025119361	0.4200214381432897	0.32251093247211454	0.20217672563659053	0.3003463246909827	4	True
BAG6	0.08417494986808005	0.3223650313934028	0.2758410700061674	0.5185334604660888	0.30022862793343474	4	True
TIMM50	-0.0001632099006509335	0.4835059798488075	0.3603105022858117	0.35722760278694726	0.30022021875522886	3	False
GNL2	0.13238456611632202	0.36100679538976016	0.2618275819424798	0.4441684536645608	0.2998468492782807	4	True
GZMM	0.10463422796725975	0.2634856009408727	0.3050020586998548	0.5251460328241457	0.29956698010803323	4	True
GPX4	0.10451814621792864	0.28631625872184446	0.4222564558370326	0.3843873903556181	0.29936956278310595	4	True
KARS1	0.21137473846965654	0.42244188522662274	0.3277763402268205	0.23570343827333187	0.2993241005491079	4	True
TMEM109	0.23554384266606676	0.4101728830716687	0.21091813407170618	0.3386479510579196	0.2988207027168403	4	True
EIF3D	0.10126311611639487	0.40729999480408263	0.30882656976785816	0.37782716242211706	0.29880421077761316	4	True
SCARB1	0.22765018289819228	0.48310726065503523	0.22921485306293038	0.25317481348832993	0.298286777526122	4	True
JMJD8	0.12489460936014796	0.5130571926182353	0.18085211452186037	0.3733702536557893	0.2980435425390082	4	True
CDC37	0.25226757142610384	0.38120252374765673	0.25451731145705053	0.304069107970974	0.2980141286504463	4	True
IL32	0.2424466746897207	0.16112336056663903	0.3179541987680671	0.46995251710756286	0.2978691877829974	4	True
TFRC	0.20814028224067901	0.4494980384768028	0.21566711870525493	0.31664945580938697	0.29748872380803093	4	True
DDX54	0.14939580310882658	0.42004023568854715	0.30917205364584077	0.3112514414413657	0.297464883471145	4	True
HAUS8	0.19404976600648824	0.45219958444957487	0.15016317100244567	0.39343708983582804	0.2974624028235842	4	True
GLO1	0.06205872589494439	0.39803082936392864	0.25388158693561125	0.47397171603447696	0.2969857145572403	4	True
PGAM5	0.2016063974648648	0.4500376059002391	0.1511474627890452	0.3841195244184555	0.29672774764315113	4	True
ATP5PD	0.1399629895051141	0.4721102531273498	0.28472190789189583	0.2900884685365519	0.2967209047652279	4	True
KRI1	0.10181333430097173	0.47986771891623753	0.22930965622845878	0.37344563643985507	0.2961090864713808	4	True
SURF6	0.21438084752685058	0.37503365607725814	0.15469973529199837	0.4401986019341543	0.2960782102075653	4	True
DNTTIP2	0.12203981482322221	0.3452310362246761	0.28494095144517156	0.4295238796218378	0.29543392052872697	4	True
EIF4G2	0.20934698727347179	0.3590506430101806	0.29309393654874183	0.31992991300907075	0.29535536996036627	4	True
DNLZ	-0.0165463258901706	0.4272720026399148	0.19847102266130917	0.5691819774590007	0.29459466921751354	3	False
SERP1	0.2250248108411579	0.3629289714878007	0.34682218083796473	0.2417933458977138	0.29414232726615924	4	True
PDHA1	0.27506114294924483	0.32131339850685187	0.25218774015073286	0.32793087772158774	0.29412328983210434	4	True
GNG5	0.026807410483585523	0.42707066594740667	0.21822991576567885	0.5042798169989214	0.2940969522988981	4	True
MRPL57	0.1284537291187344	0.4345951363656316	0.3013822665834471	0.3109744564559121	0.2938513971309313	4	True
PRDX3	0.17221166921319075	0.4979372888070695	0.30803940658317264	0.1970305100633714	0.29380471866670105	4	True
EDF1	0.14378076731697084	0.3363855299744534	0.37289195806315567	0.3217007671394489	0.2936897556235072	4	True
DBI	0.028533533077624993	0.3904518308837767	0.3303500603603923	0.423234370328192	0.2931424486624965	4	True
P4HB	0.20100600719242093	0.4096566021613564	0.24774624287306	0.31415257852171896	0.2931403576871391	4	True
PSMD4	0.19119205248644536	0.39640719941077907	0.2395386809186847	0.34541869511671686	0.2931391569831565	4	True
PDCD6	0.1676327271607655	0.2503126447462896	0.37126948497049006	0.38293942497961436	0.2930385704642899	4	True
STUB1	0.12401568798065556	0.4441168468666221	0.31781128259502356	0.285934285374836	0.2929695257042843	4	True
CUTA	0.19926321945533002	0.4044697597335461	0.170293547477264	0.39722693360946176	0.2928133650689005	4	True
UTP15	0.15279360280519874	0.47013968537754675	0.26145098680513457	0.28570811708306904	0.2925230980177373	4	True
RPL37	0.11429283161807022	0.46268742077674885	0.2596130031516812	0.32956101545349226	0.29153856774999815	4	True
MRPS10	0.014466006978013425	0.37095061408703006	0.4069340150359722	0.3737991089156746	0.2915374362541726	4	True
MCM3	0.24499682672020245	0.5172920333675525	0.1235344478702928	0.27916127273799674	0.2912461451740111	4	True
UBE2Q1	0.13936639785888802	0.2312292057200576	0.4721040338555261	0.32222110655049974	0.29123018599624284	4	True
UQCRB	0.103099683301991	0.5456815920646867	0.2599273133469973	0.25612026524010323	0.2912072134884446	4	True
SNRPG	0.1431220788285136	0.5089592847629784	0.2020635536173838	0.31067243592674887	0.29120433828390613	4	True
ATAD3A	0.09068098584431146	0.38477336606056767	0.2181625714285708	0.4702131709876501	0.290957523580275	4	True
SYNCRIP	0.13507922812090095	0.33236371447491425	0.35014498913697206	0.3450893305693956	0.2906693155755457	4	True
ATP5MPL	-0.01376919655530095	0.49636926998367986	0.29851582305617963	0.3813216770401678	0.2906093933811816	3	False
SEPHS2	0.20055720176097852	0.4235166135658846	0.19117512773412398	0.34641116025874497	0.290415025829933	4	True
ANAPC11	0.10027941038269618	0.4902391632411496	0.3100835281502341	0.2595290896617724	0.2900327978589631	4	True
CD63	0.11797213570726303	0.3026076958995542	0.3657465141360644	0.37271353758412484	0.28975997083175165	4	True
DHPS	0.14021432874983192	0.4038330115717604	0.25680107665665075	0.3580311762288895	0.28971989830178313	4	True
SLC3A2	0.03807940311417715	0.550761567880679	0.2593997571735802	0.31052753927496657	0.2896920668608507	4	True
LTV1	0.09906079812690621	0.44247727661639047	0.32775261875810036	0.28834994863710806	0.2894101605346263	4	True
PRPF4	0.08494607593840503	0.48709683102217466	0.3506104381252176	0.23494148063467304	0.28939870643011756	4	True
PTGES3	0.14544603420657368	0.34804508638362536	0.3189958390626681	0.34487917403077717	0.28934153342091107	4	True
HSBP1	0.2420741641997839	0.2238076842894254	0.4052414670644838	0.2859439117576507	0.28926680682783595	4	True
DANCR	0.09272672067466285	0.5042925246112431	0.2417772347709714	0.3179008658780907	0.28917433648374197	4	True
CTDNEP1	0.20353194637306454	0.31565180251626246	0.26070210955534073	0.37454371466510616	0.28860739327744345	4	True
UQCRFS1	0.2680515103336943	0.3232204548476953	0.2928805436766573	0.2701403594453479	0.2885732170758487	4	True
KHSRP	0.1271665206181205	0.3853007225794179	0.27013461348898676	0.37144339205403565	0.2885113121851402	4	True
DNAJC8	0.17135717077798845	0.3835608037034936	0.22736415959393175	0.3715723909407932	0.2884636312540517	4	True
PPM1G	0.0929670719137034	0.362857583231127	0.292418034092484	0.4043769591071712	0.28815491208612143	4	True
ELOVL1	0.15084080572555494	0.3464789645111747	0.22930392637906483	0.4258409008755327	0.2881161493728318	4	True
RPL31	0.11392545091810571	0.37381818622324153	0.2785480682777018	0.3851115113301018	0.2878508041872877	4	True
PPARGC1B	0.15611106909209682	0.4794450142064202	0.25054660930308664	0.2649011354764642	0.2877509570195169	4	True
SLAMF1	0.27892337457824473	0.2831758220284788	0.2849141812232859	0.3038946144632211	0.2877269980733076	4	True
COX6A1	-0.003494560209754792	0.48737907172148126	0.306336742787415	0.36032711036388393	0.28763709116575636	3	False
PSME1	0.08804905387702296	0.3779036444991419	0.35079040405044876	0.33366620197512414	0.28760232610043446	4	True
CD7	0.17260192123796642	0.49689818316223927	0.19698196866399884	0.2828706231384875	0.287338174050673	4	True
GIT1	0.15409534920511841	0.3867624721252152	0.1202021320704966	0.48730723056310976	0.287091795990985	4	True
PNO1	0.14930290985332267	0.40277884434693906	0.24380128417167304	0.35190300682582537	0.28694651129944004	4	True
ZNF395	0.74446938491127	0.3203969573709824	0.09765365189809382	-0.016003509653123797	0.2866291211318056	3	False
SPCS1	0.03931257141358977	0.486518957235648	0.2332523225705025	0.38696707746131265	0.2865127321702632	4	True
ARHGEF10	0.008013886122434304	0.36849961241112983	0.31404387004910783	0.4550048533492064	0.2863905554829696	4	True
STIP1	0.15743102534323009	0.289316341973539	0.2828628163745705	0.41582119575212795	0.2863578448608669	4	True
ATP5PO	0.18777116103226704	0.4257117187612196	0.26563230245203123	0.2659998242300425	0.2862787516188901	4	True
POLR2G	0.1668765563994319	0.23361743557711012	0.43389872375008737	0.3103344925620942	0.2861818020721809	4	True
SNHG16	0.16677907429092056	0.5374319978135152	0.1915095765767223	0.2489285725694862	0.28616230531266107	4	True
HAUS2	0.30525161953396657	0.35547161522098863	0.13752147720341018	0.3462080415053685	0.28611318836593347	4	True
MRPL50	0.2445341269798482	0.32759252355260854	0.26938482531017766	0.30245976615034437	0.28599281049824465	4	True
ANXA1	0.2961064309695036	-0.07353134705268859	0.48374400459624534	0.43733241471648576	0.28591287580738656	3	False
FAM162A	0.1992919927098823	0.4711541156859864	0.13486483904693874	0.3368007391264471	0.28552792164231366	4	True
UHRF1	0.2165760175286182	0.6367768262021416	0.013305804390691765	0.27466579777281264	0.28533111147356605	4	True
VASP	0.11464263390572264	0.26387156968095915	0.3035182844620962	0.4578130172285784	0.2849613763193391	4	True
DUSP4	0.05636223908580093	0.39099642949328517	0.3499054712956469	0.3418531756895926	0.28477932889108143	4	True
MTA2	0.2239463663298167	0.10688423610599856	0.44136205277428936	0.365170721284905	0.2843408441237524	4	True
CDK2AP2	0.13112644048838357	0.39651984379235755	0.2149799696885176	0.39353300538003094	0.28403981483732244	4	True
FIS1	0.14650657970809458	0.32050302960957616	0.31579846628631736	0.3526016403409251	0.2838524289862283	4	True
EIF3J	0.06204596381412273	0.43219841589105373	0.27652588415674473	0.3645246485069188	0.28382372809221	4	True
AEN	0.08551142364110961	0.5377470644452309	0.26154981773948954	0.24917985900481376	0.28349704120766095	4	True
EIF2S2	0.1795987568172396	0.48427311903794096	0.24848401470425382	0.22080509953175784	0.2832902475227981	4	True
LAPTM4B	0.22152668534005604	0.47400089258193856	0.04927562851807153	0.38780989630067325	0.28315327568518484	4	True
BCS1L	0.2039317524845657	0.43971956702311543	0.27390712542629914	0.21503049003432964	0.2831472337420775	4	True
PSMD7	0.13771678462242515	0.3898930978218012	0.2743061812488944	0.3297594349401324	0.2829188746583133	4	True
OTUB1	0.30594263675593586	0.26375082120731225	0.39879574378273125	0.16186308543219624	0.2825880717945439	4	True
PSMD3	0.07704652162566161	0.40348380829724173	0.2870377776481039	0.3612391539054244	0.28220181536910793	4	True
TMEM138	0.10883642352147316	0.3665062102232525	0.22154177955515145	0.430591141966222	0.2818688888165248	4	True
ATP5F1E	0.0004147885839293947	0.42941217853491565	0.28642240749664793	0.41095470408229035	0.2818010196744458	4	True
CD82	0.20488712248805088	0.335983751481051	0.27064059810507435	0.3145949267667506	0.2815265997102317	4	True
GTF2F1	0.21111347126226518	0.3430994593049493	0.2932675685009536	0.27800442026850336	0.28137122983416785	4	True
HRH2	0.09069070824757777	0.6012290634646921	0.2303705531107068	0.2026340144293608	0.28123108481308434	4	True
MRPL40	0.09113908532424293	0.2820218219561308	0.3757787614160698	0.3756961000988783	0.2811589421988305	4	True
ATP5PB	0.11888224319759666	0.3940019109962145	0.3417978584828001	0.2662267894595554	0.28022720053404165	4	True
CAPN15	0.061514286143538974	0.38018242003967667	0.19704307833511694	0.48196381360947144	0.280175899531951	4	True
RAVER1	0.1663441253381929	0.3507569172277756	0.19416322452545393	0.4084812432387752	0.2799363775825494	4	True
SNHG17	0.20019645966766786	0.38173994250569954	0.2858823490628497	0.2513398959074916	0.2797896617859272	4	True
MRPL18	0.08088756621157878	0.4076303357658976	0.3018862759778998	0.3262130110279245	0.27915429724582513	4	True
NGDN	0.14966889841656586	0.4642436171656812	0.3166343290623893	0.18443954762475473	0.27874659806734775	4	True
RRP12	-0.07106266369057633	0.5316169077499303	0.3034204964854999	0.35087567549246834	0.2787126040093305	3	False
SS18L2	0.24197148533920274	0.37771133737745677	0.29411953401973784	0.19896022183684972	0.2781906446433118	4	True
MAZ	0.23608479649393213	0.5172824232546273	0.19017758528716028	0.16826440737599768	0.2779523031029293	4	True
PTPMT1	0.21684650813531617	0.40910424687501773	0.2820435882127218	0.20368342693152555	0.2779194425386453	4	True
RTRAF	0.23010597246248723	0.2475799876113459	0.25234855013956964	0.3790516909923661	0.2772715503014422	4	True
DUS3L	4.480272338892042e-05	0.5137531471413096	0.38177280941585034	0.21329254670703549	0.2772158264968961	4	True
COX4I1	0.08894519106670061	0.41698035608379247	0.24997399066374554	0.3514658031266716	0.2768413352352275	4	True
MT2A	0.04501784140265761	0.3780594846456948	0.2514895450705023	0.4323421887620081	0.2767272649702157	4	True
MRPL9	0.14875999194005027	0.3012598244932593	0.2872448710056343	0.36937562461771883	0.2766600780141657	4	True
ATF4	0.09167578756553486	0.39421389823915065	0.3636530630988625	0.2553066596853112	0.2762123521472148	4	True
SCD	0.23272547336022495	0.5076988646426118	0.07682746088388868	0.28696119555721034	0.27605324861098396	4	True
EPRS1	0.21325619671399632	0.36628615671924813	0.2074010770252308	0.3169819575160397	0.27598134699362875	4	True
SYNGR2	0.09235158657875622	0.5774071088833186	0.212516537250336	0.22064118217112025	0.2757291037208828	4	True
SLC43A3	0.14697596842637184	0.5373281161645477	0.1611298525781223	0.2574350952664613	0.27571725810887576	4	True
RWDD1	0.1917492440724985	0.3988865102140138	0.17313523767655326	0.33852508851427243	0.2755740201193345	4	True
ANKRD13B	0.045915166284649554	0.45851247933872874	0.2648482137352099	0.3329765082426401	0.2755630919003071	4	True
SMIM26	0.048585922028743116	0.44347876393221086	0.31891139539881713	0.29114211825183667	0.2755295499029019	4	True
PTP4A1	0.15391840724855763	0.4447895810833074	0.3008545840857866	0.20182989468287268	0.27534811677513105	4	True
RSAD1	0.20626775335058917	0.3647600367735721	0.3886337153630929	0.14130237561871417	0.2752409702764921	4	True
TRAPPC5	0.09864689244425731	0.318231784397758	0.33518463582247077	0.34786601405912126	0.2749823316809018	4	True
LAMTOR1	0.003610118973653899	0.5523567878944599	0.1233705979678069	0.41973991786536646	0.2747693556753218	4	True
ILF3	0.1263797896972883	0.36075290710769947	0.2680554716097222	0.3438136434560815	0.27475045296769784	4	True
YBX3	0.11568017718964897	0.4916788276908729	0.23975389747055326	0.2516347698179155	0.27468691804224765	4	True
TPRKB	0.23888200604080026	0.2473275328414176	0.36343581845756834	0.24878298535942908	0.2746070856748038	4	True
DCAF13	0.12982193902404704	0.3795354506948708	0.18484398377516983	0.40399082722627044	0.27454805018008954	4	True
RRP1B	0.04702300638372391	0.4769462508249426	0.22590513267611512	0.3477488003477077	0.27440579755812233	4	True
TNFRSF4	0.20018182081801053	0.26071210704191816	0.3019796813662261	0.3320059363734944	0.2737198863999123	4	True
VMA21	0.14421226903740153	0.4175614848949751	0.23488621778637672	0.297851811138392	0.27362794571428634	4	True
SDHD	0.1723098946613085	0.40464894926144085	0.2762153335527811	0.2398295145548398	0.27325092300759257	4	True
NDUFA1	0.05513022142748529	0.46708800197922423	0.238142667551326	0.3300260107851865	0.2725967254358055	4	True
EIF3F	0.15723082712256428	0.34670152113831854	0.3228333078812217	0.26141354834703245	0.27204480112228424	4	True
CSTF2	0.20357182648143965	0.37120655827203786	0.2519127613036043	0.261394268355202	0.27202135360307095	4	True
AK6	0.15524353458150048	0.35809769591615337	0.2502344223314019	0.3244817565866305	0.2720143523539216	4	True
TMEM160	0.21631412105837175	0.18755844966072827	0.2720653369571119	0.4118854647972659	0.27195584311836946	4	True
GSPT1	0.1837892140094984	0.29312162650001433	0.23751984337184776	0.3726262146658266	0.2717642246367968	4	True
CD3D	0.11209170049420278	0.43230991581680106	0.18470513793779375	0.3564172097914676	0.2713809910100663	4	True
PPIB	0.03759435177187631	0.4241564850961048	0.30622285441720365	0.31659532936295287	0.2711422551620344	4	True
ICMT	0.047163501208398115	0.5357819764857829	0.12466328833768353	0.37670478369417737	0.27107838743151047	4	True
PITHD1	0.26120571775902673	0.30566917969326096	0.22544795095535625	0.29177187905745405	0.27102368186627446	4	True
DNPEP	0.055936477039924444	0.4140133906265914	0.3392103339422047	0.2748470525111109	0.27100181352995784	4	True
VIM	0.05343143918708118	0.26081879064368335	0.35917205807825225	0.410030244864645	0.2708631331934155	4	True
MAT2A	0.10990467454762848	0.4118185663666242	0.24408122126075954	0.31730062654068253	0.2707762721789237	4	True
ST13	0.1610554998633927	0.3155738943129284	0.2513201962985103	0.3538624238891617	0.2704530035909983	4	True
PPDPF	0.17728276754165093	0.3263592348645374	0.3208401064439286	0.2569350505824565	0.27035428985814336	4	True
MFSD2A	0.15599705273398104	0.34189264629163413	0.25091999288396793	0.3314948992691718	0.27007614779468875	4	True
CD200	-0.07482026636063764	0.7159974728936457	0.19167290380248087	0.24711443536654176	0.26999113642550765	3	False
TMEM97	-0.0811940389241806	0.5860734035160811	0.2257373020234435	0.34795016695684167	0.2696417083930464	3	False
NDUFA8	0.15730860895172039	0.48730103096038513	0.23906400658821148	0.19422848332723094	0.269475532456887	4	True
MRPL15	0.18737302305448023	0.4401509718998175	0.25783753711605756	0.1921504751376813	0.2693780018020091	4	True
ANP32A	0.14071364571552591	0.27946501780992417	0.291874566918341	0.3648503917614821	0.2692259055513183	4	True
NT5C	0.09922449422088936	0.5000999527964108	0.13532101752724462	0.338083390193719	0.26818221368456596	4	True
CTPS1	0.11288106460781103	0.40986903798448476	0.21922224679217706	0.33075301527482837	0.2681813411648253	4	True
PDCD11	0.12704400516277067	0.5212566496279242	0.13972663591841442	0.28282163663460336	0.2677122318359282	4	True
NARS1	0.19897590839418441	0.42310888131797186	0.1756412441720414	0.2726831058910408	0.2676022849438096	4	True
HDDC2	0.1429712937140734	0.461591676444859	0.23750067306333253	0.22757681349797337	0.26741011418005955	4	True
URB2	0.14610272459858525	0.3262937398286627	0.3258271990527925	0.27106997337049504	0.26732340921263387	4	True
ITGB2	0.17506526023966312	0.3631337084753226	0.20502871144021503	0.3259142533946372	0.2672854833874595	4	True
CHEK1	0.2273479704432147	0.463897852600585	0.15917431106385568	0.21476843651515917	0.26629714265570364	4	True
FLAD1	0.07520420596061661	0.3539873769043255	0.32696472755878636	0.30857873725823126	0.26618376192049	4	True
ATP5F1A	0.2108657568479922	0.2176706002619921	0.1937906576526037	0.44091800950444376	0.26581125606675793	4	True
PPAT	0.0914182356178267	0.3764456938585584	0.28107532258637835	0.3141909378933547	0.2657825474890295	4	True
SNHG29	0.12746413569569276	0.4986578939418424	0.20194001779065746	0.2343231029360125	0.26559628759105125	4	True
TXNL4A	0.17215307052207132	0.3317050088455365	0.2627115633827123	0.29540151062414405	0.26549278834361606	4	True
MYDGF	0.09081854578417019	0.2823475883463545	0.33244117391493283	0.35606026006835945	0.2654168920284542	4	True
DDA1	0.17779353874795467	0.20626535824058273	0.39439787562961615	0.2832098159713223	0.26541664714736896	4	True
PELP1	0.10401039383490925	0.4594655385473943	0.27502049590752753	0.22230026955807483	0.2651991744619765	4	True
INTS11	0.13825623987072122	0.30651258017083266	0.2649516391108017	0.3501956190365101	0.2649790195472164	4	True
FAM216A	0.2233875381313858	0.41291885303782616	0.1841286549450855	0.23859149717644226	0.26475663582268494	4	True
HNRNPA3	0.2277589432771711	0.39298374669933045	0.18438153769884674	0.25263179677334296	0.2644390061121728	4	True
VPS28	0.11333142012927508	0.27145059673069266	0.33868649404869033	0.33352226239544314	0.26424769332602527	4	True
ZMAT2	0.2073051284957413	0.3576425662699696	0.2003923720380813	0.29133918118444624	0.2641698119970596	4	True
SUPT16H	0.0500204967629111	0.43318950238764853	0.21376486319269436	0.3596563956292085	0.2641578144931156	4	True
KDM6B	0.21181057844600684	0.32632409942831575	0.34703530997372384	0.17139156556788754	0.26414038835398346	4	True
DYNLL1	0.08596266849676697	0.32527995903202844	0.3060686746835225	0.3382741928128533	0.2638963737562928	4	True
WDR77	0.06811847680060086	0.4553456942146295	0.21462460889178653	0.3174836205422253	0.26389310011231054	4	True
MAP1LC3B	0.2763739132970128	0.2198708564612448	0.25850310783148345	0.29898921133418677	0.2634342722309819	4	True
ERH	0.1389711128804862	0.41424385281732634	0.3216654379935335	0.1761929076925533	0.2627683278459748	4	True
FDPS	0.16326931822452626	0.366017901666582	0.24753961210448527	0.2737988533333228	0.2626564213322291	4	True
PRAG1	0.1364884425334136	0.4937098312238232	0.13617446931475546	0.2840375842826574	0.2626025818386624	4	True
WDR12	0.06624855529023528	0.3933053887687237	0.27678310330372125	0.31301578257197776	0.2623382074836645	4	True
PTGES2	0.16702114340749225	0.33168940533689706	0.2995689558462592	0.2509633054453496	0.26231070250899957	4	True
NSUN5	0.023383745755335646	0.4423537477129567	0.26397321951487474	0.3189125121581968	0.26215580628534096	4	True
AMIGO2	-0.014866506644121733	0.49862000693001846	0.23700980254135892	0.3278399944760404	0.26215082432582404	3	False
LIN7C	0.1445438800179175	0.2139732279683327	0.2787417914483107	0.41034306353124106	0.2619004907414505	4	True
KLHL11	0.2901253852717213	0.35051989881109397	0.18445519382540126	0.2218267709539466	0.26173181221554076	4	True
KEAP1	0.19925961892648023	0.29413496730660177	0.17007073677655357	0.3830287916375924	0.261623528661807	4	True
MOCS2	0.10291230834054348	0.30059535566110646	0.23952451804543065	0.40297080312901173	0.2615007462940231	4	True
DRG2	0.12959356707299946	0.312668509890569	0.33283296373313276	0.27070383615585303	0.26144971921313853	4	True
C12orf57	0.10319300251356252	0.3124347237987134	0.3381690993866629	0.2914507410071661	0.26131189167652624	4	True
TAF1A	0.22195613533980443	0.324119167556585	0.10960313354303065	0.38952865862666425	0.2613017737665211	4	True
SRSF2	0.09011545860422213	0.3373862777430639	0.26477950756841334	0.35259205188803033	0.2612183239509324	4	True
ENY2	0.10237371682941963	0.334984810537093	0.26442112972507	0.34234471031603936	0.2610310918519055	4	True
NDUFB3	0.1003357873945603	0.5344359561060069	0.20476368029659053	0.20359034012739968	0.26078144098113937	4	True
SCRIB	0.1346314650446702	0.39276640559009535	0.21310817375948862	0.3021212553416291	0.2606568249339708	4	True
PDIA5	0.17417645118016806	0.5199389795552013	0.1659781719246463	0.18218707167380346	0.2605701685834548	4	True
CTR9	0.2225003619726659	0.19492437684085082	0.2599184484924122	0.3640786523692072	0.26035545991878406	4	True
OST4	0.08926763355450106	0.3856831370155455	0.24884472908245245	0.3173045354434716	0.2602750087739927	4	True
RIOK1	0.01983731345613754	0.31994510757413985	0.3165186262669485	0.38088017982027805	0.259295306779376	4	True
HSPA4	0.11801825855194242	0.2851498900034799	0.2590382157187005	0.3739055134787269	0.25902796943821244	4	True
PSMB2	0.12301969769082281	0.3848670097258407	0.2851105693955074	0.24205015806855767	0.25876185872018215	4	True
PDP2	0.21445234264172042	0.4291760123354649	0.18149501826361525	0.20922723247925937	0.258587651430015	4	True
PMVK	0.04422309809961524	0.41646769277907586	0.1325773267537877	0.44075698647530354	0.2585062760269456	4	True
TOP1MT	0.2894245448572563	0.4584414934490172	0.05181399577995243	0.23409512054794393	0.25844378865854245	4	True
UXT	0.07663786561247093	0.36990665217929813	0.26470780912406067	0.32168007375496904	0.2582331001676997	4	True
TRAPPC3	0.15846938475725533	0.23071391418834775	0.35221503794362347	0.2914377661992016	0.258209025772107	4	True
TIMM44	0.0656456305697175	0.4557783020173024	0.26806985066458805	0.24278050213755742	0.25806857134729133	4	True
RFC4	0.07514468039452701	0.5440226331563847	0.1540555140961281	0.25857712069745686	0.25794998708612416	4	True
ATIC	0.019509703247076238	0.43403537693064237	0.3070124831666028	0.27030450667868827	0.2577155175057524	4	True
VCP	0.10244718338847153	0.3002517958251972	0.2938583007700071	0.33427338896113357	0.2577076672362023	4	True
KRR1	0.18774025783987877	0.21194956478722685	0.32029261156176164	0.31063859901081026	0.25765525829991937	4	True
U2AF2	0.11069218529695526	0.2603052893689931	0.31504482130592554	0.343217970793143	0.25731506669125426	4	True
TARS1	0.22359534118478203	0.3896967683695377	0.18291919918441094	0.23284814621531827	0.25726486373851226	4	True
SSBP4	0.12203565421040542	0.3841130606704905	0.1550359771346711	0.3677634770519459	0.25723704226687827	4	True
EIF3M	0.13436126654817018	0.41731935394402603	0.2043726608318143	0.2705282703346847	0.2566453879146738	4	True
NLE1	-0.00786770304046365	0.46392859027708394	0.17740353915859577	0.39222085934186585	0.2564213214342705	3	False
DLAT	0.07360374852523424	0.37276763608226676	0.2996733246469139	0.27918977485372465	0.2563086210270349	4	True
HSPBP1	0.07064449879887034	0.16085846906554857	0.3792853502629052	0.41426531324152105	0.2562634078422113	4	True
EBP	0.0004557706139095331	0.4196915370541239	0.2289019042277532	0.3757816192966342	0.2562077077981052	4	True
SEC61G	0.13234011679115665	0.369394339787849	0.17219139671493366	0.34952579877286283	0.2558629130167005	4	True
DDT	0.0929756263307121	0.4430577469798089	0.3207698605824454	0.16648728113325503	0.2558226287565553	4	True
C19orf48	-0.012840593374616873	0.5692685116546051	0.11552899480659251	0.3509171695847014	0.2557185206678205	3	False
LSM1	0.11228555247641957	0.2831620523494394	0.32125586676500323	0.3059843239709798	0.2556719488904605	4	True
PRDX6	0.2378797143696017	0.21496671615665855	0.26371202676054817	0.30457006653665153	0.255282130955865	4	True
MRPL19	0.11240030788204255	0.337093857108031	0.3335642915179753	0.2380318618154482	0.25527257958087424	4	True
DNAJA1	0.07559766776743747	0.2636283839504468	0.3061929176425693	0.3753649172203599	0.25519597164520336	4	True
STRIP2	0.08543358135452775	0.590237953336873	0.05932558601172058	0.2846946221505374	0.2549229357134147	4	True
AUP1	0.016191013226424335	0.43819347710546935	0.21580597650845657	0.3494895959318865	0.25492001569305917	4	True
DNAJC19	0.0988158784675636	0.3955690489951115	0.2033070078522035	0.32097771911988565	0.25466741360869105	4	True
COX7A2	0.023854140815158877	0.5022270165290144	0.17114720385993157	0.32138723948612447	0.2546539001725573	4	True
TBRG4	0.13785173139208545	0.3279361438528595	0.2599928597827475	0.2926830306565051	0.2546159414210494	4	True
GHITM	0.2300094224333852	0.3087348109103246	0.21019153195048987	0.269455479209725	0.2545978111259812	4	True
QDPR	-0.02388742680841692	0.5908293789843556	0.06675187649416128	0.38431744370005916	0.2545028180925398	3	False
MZT1	0.08867934110544695	0.33721798331765146	0.30995151663968157	0.2820676078729362	0.25447911223392905	4	True
PWP1	0.12375058253466097	0.30451801385724275	0.3080939334379802	0.28128490443403725	0.2544118585659803	4	True
TRMT1	0.003577323517689157	0.4173704726050166	0.31159541131227403	0.282757974282726	0.25382529542942645	4	True
NAP1L1	0.08244443279040775	0.33117988526041175	0.2574743567410076	0.3431422988699038	0.2535602434154327	4	True
LAS1L	0.09693968067505879	0.3911330590284488	0.2893897228516423	0.23673233474832947	0.2535486993258698	4	True
EIF2B5	0.20202130285480324	0.1968385318715277	0.3130039900421649	0.3021046561576378	0.25349212023153345	4	True
CPSF4	0.061618861826360935	0.36998538385594415	0.31200312963161114	0.26984125325823183	0.253362157143037	4	True
NDUFC1	0.12858514840581345	0.3255681109180896	0.33212562817909314	0.22583696452112315	0.25302896300602984	4	True
SMIM15	0.11783337389019162	0.40277077477625356	0.2158735408113019	0.27494811115289386	0.25285645015766023	4	True
CCDC137	-0.04974545207005555	0.46933987685474254	0.14495405213872176	0.44640028659045683	0.2527371908784664	3	False
DNAJC2	0.1605797600535916	0.35047160802507193	0.22192567654658585	0.2774751711292827	0.252613053938633	4	True
TERF2IP	0.17048917414297488	0.30431397955195966	0.2768987086643848	0.2586177515181086	0.252579903469357	4	True
HCFC1	0.13478676650836435	0.3844299864366124	0.15143764423558267	0.3394185451893875	0.25251823559248676	4	True
METAP2	0.17146361446880956	0.3662832367245866	0.20001570804480967	0.2718169515985772	0.2523948777091958	4	True
RBMX2	0.0021753005790248604	0.33805549215020325	0.20279716955144728	0.46618073668630605	0.2523021747417454	4	True
TFIP11	0.12039349172787361	0.11396972684854442	0.4040631736947308	0.37069186442150986	0.25227956417316466	4	True
MRPS18B	0.13272190033412806	0.29025114838668636	0.3259304860399201	0.2600835982377626	0.25224678324962424	4	True
PNN	0.1146637829757434	0.37755916137882095	0.21043450763057306	0.306114397571691	0.2521929623892071	4	True
POMP	0.046349397106510946	0.4245678632162995	0.2777652521564273	0.25988466822854	0.25214179517694446	4	True
CHAC2	0.041050598777910965	0.535422397165492	0.15142070545977507	0.2795062492682918	0.2518499876678675	4	True
TWNK	0.1508884033174079	0.34802643383645226	0.15686034535679624	0.35120157922882045	0.25174419043486923	4	True
RUVBL1	0.08499291216059345	0.35026132301338186	0.25257028391748904	0.3181396527494463	0.2514910429602277	4	True
CD2	0.09730844866448489	0.3931930382501853	0.22292137565872816	0.2922823139520704	0.2514262941313672	4	True
SF3A3	0.12088667233777495	0.2523341748980883	0.3392542679946245	0.29315229007061944	0.2514068513252768	4	True
WDR55	0.08466009057677096	0.20466231333299234	0.4571195245339312	0.258541046236096	0.2512457436699476	4	True
TACO1	0.2804815278745086	0.3624808508991625	0.2996053177765483	0.06227319141076709	0.2512102219902466	4	True
GSTO1	0.28043593745222906	0.2583297194788072	0.13380436561394152	0.332164398112562	0.2511836051643849	4	True
FLII	0.09492878146721545	0.31079515717830275	0.3536585315590339	0.24452043383514066	0.2509757260099232	4	True
CALM1	0.12067832326376406	0.27553785747556925	0.30971331143377023	0.2979715908074987	0.2509752707451506	4	True
VDR	0.36071836026476395	0.3812924406333803	0.18672293275727497	0.07505389399108295	0.2509469069116256	4	True
RAC1	0.16943174691948976	0.24254913170763584	0.29788202263119734	0.29354141269627815	0.2508510784886503	4	True
ENO2	0.3453558018776613	0.2632761999549999	0.1899767030607184	0.20433173297456966	0.25073510946698735	4	True
MRPL32	0.10683586214840333	0.4307719028404557	0.25844931348404937	0.2066586708492137	0.25067893733053054	4	True
KPNB1	0.10559743743042836	0.33678621317723567	0.2808800640704861	0.27920683341375085	0.25061763702297524	4	True
HMGB1	0.1835453223827762	0.21456730294085485	0.24953983386515263	0.35477736912670654	0.25060745707887255	4	True
DDX51	-0.03638618172508893	0.22408725862883833	0.40098350782864617	0.4134321201497591	0.25052917622053866	3	False
RPS29	0.09414543799748264	0.4060519850659274	0.22965956946510702	0.2718349276437119	0.25042298004305724	4	True
RPIA	0.1344236338618929	0.32897866591065633	0.3006252549107663	0.23765065789650686	0.25041955314495556	4	True
GTF2H3	0.06123785862675183	0.4980428517325164	0.14198487192817894	0.2979553740036622	0.24980523907277735	4	True
NUP62	0.1147347238312678	0.3120544709441265	0.2880265529342628	0.28383764327730787	0.24966334774674126	4	True
TIMM17A	0.08818569963047919	0.403341610812015	0.2739642170927358	0.23208526088536713	0.24939419710514926	4	True
DNMT1	0.1624270610164928	0.35931569648893547	0.18838316627972085	0.28477110002004463	0.24872425595129843	4	True
EMG1	0.21974073610201494	0.3544991527369422	0.22925624351927812	0.19059583801109917	0.2485229925923336	4	True
NDUFB6	0.0783349790906942	0.3118752333896647	0.23302211253723282	0.36918365307665013	0.24810399452356047	4	True
PSMG4	0.032195553416749366	0.4156886686103939	0.1899589438011653	0.3536769755616313	0.24788003534748498	4	True
NCBP2	0.10579269086894084	0.3087100747327771	0.21768391374891152	0.35727944506958975	0.2473665311050548	4	True
KIAA1143	0.1642963396707144	0.3145431181047287	0.24892833806501075	0.26127198758038356	0.24725994585520933	4	True
CBX6	0.09356714058191946	0.30151453140900625	0.27917846015630904	0.3133957137442875	0.24691396147288058	4	True
SIVA1	0.0902571037051051	0.3519136855006837	0.31578273497904785	0.2290101934516165	0.2467409294091133	4	True
CHRAC1	0.07316455755767293	0.27608275048647285	0.22646213255080583	0.41101209860762744	0.24668038480064478	4	True
PARK7	0.11154481075293463	0.33252332039042715	0.24288078561279214	0.29965089604529394	0.24664995320036195	4	True
POP1	-0.01163141686325402	0.32944090455545993	0.2996516699310037	0.36863216600288357	0.24652333090652329	3	False
REXO2	0.20011570033913945	0.3001613968739394	0.2836915397500575	0.20172303611153888	0.24642291826866877	4	True
SEPTIN1	0.3225813928923744	0.18152831401970962	0.2516462847266847	0.22963966465180363	0.2463489140726431	4	True
GEMIN5	0.08845174828107101	0.2780340007947651	0.23880583847461553	0.3792532604772746	0.24613621200693156	4	True
TSFM	0.14439532950761916	0.33659039566394894	0.20913342792427053	0.29291949473960427	0.24575966195886073	4	True
IL4I1	0.05251476883088001	0.2037437565933877	0.39756106134096947	0.3288106235577839	0.24565755258075528	4	True
EIF2S3	0.21368188717771955	0.345707731947878	0.18403570091306679	0.23904974095152226	0.24561876524754667	4	True
RNF126	0.19231978825024962	0.3623362535382692	0.18386677046928993	0.24195265900521432	0.24511886781575576	4	True
TXN2	0.1663500982374545	0.2920918903467275	0.28171386367330725	0.24031209735364004	0.24511698740278232	4	True
COPS3	0.09679396937027519	0.34205531281771134	0.23188555533441654	0.308642446776719	0.2448443210747805	4	True
CHAF1A	0.020557099418860487	0.6549246758064604	0.08112526422043792	0.22109722729567932	0.24442606668535954	4	True
EIF2S1	0.12506177427876916	0.26433430205279856	0.294498609030302	0.2912991708733161	0.24379846405879646	4	True
DDX55	0.1066845185525827	0.31451962573665687	0.21676120192946258	0.33655726990531876	0.24363065403100523	4	True
TRAP1	0.013869093273308894	0.4645231052232757	0.17680221506169225	0.31841282428396633	0.24340180946056078	4	True
BZW2	0.05931004703418263	0.36159757494073674	0.21584779729475506	0.3360784363060993	0.24320846389394346	4	True
NDUFA7	0.11450283247356866	0.5324207920572261	0.09472159008770033	0.23068561742159344	0.24308270801002213	4	True
UTP4	0.09306404569061928	0.40741352751374604	0.15954080561889755	0.31172188039684456	0.24293506480502688	4	True
CFAP97	0.23631051950131365	0.38254173822959964	0.1485472378668974	0.2039303183691697	0.2428324534917451	4	True
TSR2	0.12496561911199185	0.39322406751536054	0.28741517075708084	0.16490571182704666	0.24262764230286998	4	True
EXOSC2	0.2619535506464574	0.17982039134716524	0.2619051097076293	0.26528625502153075	0.24224132668069565	4	True
CD5	0.2246558339994455	0.45587756929125955	0.1368544314400673	0.15155841125514743	0.24223656149647996	4	True
POLRMT	0.02921532970475796	0.41644574247432803	0.1047773028362826	0.4172866965173019	0.24193126788316763	4	True
CDC26	-0.04597923821682381	0.32605371058701654	0.260326878862616	0.4271871393961105	0.24189712265722982	3	False
HSPA5	0.32518176809865296	0.3519597926932456	0.09103951361304091	0.19938652372992033	0.24189189953371498	4	True
SNHG8	0.09310154273364366	0.449425145720633	0.22166159580109646	0.20296443078700704	0.24178817876059505	4	True
SYNJ2	0.28289326048238855	0.4224452298954141	0.18816951990964778	0.07249226339204795	0.2415000684198746	4	True
UCK2	0.07096192152617395	0.45753761019718453	0.19391262696908906	0.24292702291877144	0.24133479540280475	4	True
BRK1	0.20054170612632605	0.25865621666453265	0.12148534469873981	0.3839671566535108	0.24116260603577733	4	True
B4GALT3	0.1159181176585093	0.40665892478871507	0.0859541231515419	0.3560967440369994	0.24115697740894143	4	True
KRTCAP2	0.07240366643927383	0.41308776284024906	0.18028219165603546	0.29877151245162076	0.24113628334679477	4	True
FTSJ1	0.00426679434786944	0.44619417237962894	0.21057363770822515	0.30305621916527464	0.24102270590024955	4	True
ELOA	0.09231023172538172	0.2767806696094361	0.2712735466301085	0.32243608424367337	0.24070013305214993	4	True
MRM2	0.15615054338637452	0.4596989730039322	0.09859906709756663	0.2477499752570473	0.24054963968623017	4	True
NENF	-0.08363164146043407	0.3658368322764885	0.31842765582867405	0.361044946089461	0.24041944818354738	3	False
MPP6	0.19590751730241276	0.2813032177996601	0.230359001058574	0.254098337266996	0.2404170183569107	4	True
PDHB	0.10896916778244119	0.334142635528317	0.2158542100389665	0.3026730841656628	0.24040977437884686	4	True
SARS1	0.3485992956954728	0.2807772773179975	0.17196332356955257	0.16003316575502946	0.2403432655845131	4	True
MFSD10	0.22789221521348363	0.2197614734659441	0.3022298209272787	0.2104215309097122	0.24007626012910466	4	True
SNRPA1	0.18606800840418056	0.31170193493385717	0.1976113870809338	0.26464220238852243	0.2400058832018735	4	True
MRPL16	0.1550854449100893	0.20225321439602653	0.2444570601046702	0.358074067245538	0.23996744666408099	4	True
CENPH	0.1925312101649112	0.4441938141308817	0.21753121462587474	0.10494016776094534	0.23979910167065327	4	True
SMARCD2	0.2136863271715466	0.34168912122120065	0.06608896827847342	0.3368617618683428	0.23958154463489087	4	True
MFSD12	-0.03745352598030672	0.31709809470217837	0.2496364585570513	0.4290215346476077	0.23957564048163268	3	False
HDAC2	0.19321104845886486	0.25995928292102055	0.2338567388212312	0.2707503149251828	0.23944434628157485	4	True
SF3A1	0.18124423958311528	0.23229250100465404	0.24254283925197848	0.3016803314312189	0.23943997781774168	4	True
GGCT	0.22192586073060583	0.3450534303500774	0.17551604375364319	0.21434922725599292	0.23921114052257983	4	True
TPT1	0.10124674175707306	0.2965696930643196	0.2633089059093547	0.2954634712290388	0.23914720298994654	4	True
PABPC1	0.109136300304806	0.4066264892717858	0.23383941903328317	0.206595310514668	0.23904937978113577	4	True
MLX	0.17320774042898884	0.339190303274087	0.18053886317552142	0.2625177431553319	0.2388636625084823	4	True
MRPS33	0.09228784859525241	0.46978692642677605	0.1901611700609847	0.20146711544619803	0.2384257651323028	4	True
HNRNPU	0.12565136334814697	0.2720406696305141	0.2505180404059763	0.3048032338219683	0.23825332680165143	4	True
COTL1	0.272445828127558	0.2914566641590871	0.08797533815669217	0.30063666786196097	0.23812862457632455	4	True
RER1	0.0123598011025313	0.32874501756484553	0.32284050453040536	0.28816079689294427	0.23802653002268162	4	True
B3GALT6	0.1252088946145825	0.4599312325592522	0.2266686093757897	0.14024261269757737	0.23801283731180045	4	True
UQCRC1	0.16162318878326634	0.307340379089419	0.13720693401330794	0.3457045465528661	0.23796876210971485	4	True
BCCIP	0.14057022413959092	0.3712883449458728	0.1667248540534658	0.27196983098324945	0.23763831353054476	4	True
PMAIP1	0.18059047629398062	0.20808227486513145	0.32622869994895215	0.23466327535330248	0.23739118161534167	4	True
MYL12A	0.15892269900363043	0.3441669086592473	0.15705919223948228	0.2893633556029739	0.23737803887633346	4	True
DHODH	0.12331547480542146	0.35361010786535624	0.1606959438888307	0.31136288743796536	0.23724610349939343	4	True
RRP36	0.047542871427584905	0.3059215500559301	0.31029015977109586	0.28511482734273974	0.23721735214933765	4	True
H4C3	0.06216441151243547	0.22484127591533276	0.3418715764138889	0.31736310125531575	0.2365600912742432	4	True
MAP7D1	0.1999397383705203	0.18704851129862327	0.2718052310198366	0.2860412365673848	0.23620867931409123	4	True
P4HA1	0.5507082605843144	0.28458145800697127	0.025795888315500618	0.0836775823119682	0.23619079730468864	4	True
NGRN	0.057993161882389364	0.3626571083595436	0.2856020257671278	0.23830776414077778	0.23614001503745963	4	True
SRSF7	0.14431790125362123	0.29255129990107975	0.29273704916493076	0.2146395642710065	0.23606145364765954	4	True
GYPC	0.2763221483691243	0.2164025335235676	0.15674952942505205	0.29383520571522537	0.2358273542582423	4	True
TNFRSF18	0.24754072077755282	0.1683119036359265	0.38556302165584755	0.14169771625316163	0.23577834058062214	4	True
SNUPN	0.10151889882176951	0.43615579361096307	0.14638644132992382	0.25701270105276763	0.23526845870385601	4	True
ATAD3B	-0.09943960747710964	0.38910121856036145	0.36507871092047955	0.2859284598454758	0.2351671954623018	3	False
HSPB1	0.1228209655036569	0.21975069014541992	0.2870853571548933	0.3108182062473866	0.2351188047628392	4	True
MRPS22	0.19965406589422188	0.13626047917700948	0.20250619897261965	0.4019559735691122	0.2350941794032408	4	True
ATP1B3	0.016646641244312053	0.35977283909956526	0.24379578386302292	0.3200457780044786	0.2350652605528447	4	True
NFKBIB	0.03715782518227162	0.13404399684125975	0.4014146144900677	0.36522386197934203	0.23446007462323526	4	True
SLC29A2	0.23627464760239306	0.4311944748218439	0.18456941551489287	0.08524984201770192	0.23432209498920792	4	True
CSF1	0.10819396344424052	0.14632927533865311	0.3837854132070457	0.29897013712661474	0.23431969727913848	4	True
SACS	0.08626638223806295	0.30070579691459254	0.19997457950200362	0.35029341315281115	0.23431004295186755	4	True
RBM3	0.08056096719586472	0.32568451225718553	0.23306303616358903	0.29775519667474637	0.2342659280728464	4	True
GADD45A	0.18510325751237586	0.2103826960871455	0.3751810253160077	0.1661571716524272	0.23420603764198905	4	True
DRAP1	0.2566732218762899	0.19266636909170778	0.3031176605563545	0.1832618819737281	0.23392978337452008	4	True
LSM6	0.04629091961702255	0.2470443131116454	0.37385728394151263	0.26793258195601394	0.23378127465654863	4	True
MCM5	0.12987158060094414	0.2884392457757484	0.2583220859423728	0.2580056885193226	0.233659650209597	4	True
RNH1	0.05637250010204314	0.33795197012659084	0.23549969216227004	0.3047773314968997	0.23365037347195092	4	True
USP5	0.13583311265790837	0.4363530829199802	0.25509558139638067	0.10582930790838566	0.23327777122066373	4	True
RBIS	0.12147226731796325	0.32874501756484553	0.21670264472589215	0.26499192234937036	0.23297796298951784	4	True
IER3IP1	0.12690045102669031	0.31315177486004553	0.2683866590672651	0.22272272833366322	0.23279040332191606	4	True
UBC	0.1445989037547669	0.10669439712796105	0.330442163008039	0.34913915185917743	0.23271865393748611	4	True
TBX21	0.0371069868905315	0.30132812014838883	0.3086312122058579	0.2836661623092313	0.23268312038850236	4	True
MAPRE1	0.14396015385060543	0.2551350615485321	0.294581276235404	0.23688911466292523	0.2326414015743667	4	True
CHCHD7	0.20143685714118142	0.23984620868535936	0.2546643953773425	0.23433013051216792	0.23256939792901277	4	True
RPS27	0.07017851814305574	0.35752139129704547	0.23754565226786808	0.26498824859029313	0.23255845257456562	4	True
HDHD5	0.17315127830115049	0.2516297117825457	0.1756408650542541	0.32937633447445563	0.23244954740310148	4	True
GLA	0.09901804368812295	0.4143570430701558	0.15977858619250532	0.25639813719512133	0.23238795253647632	4	True
HNRNPM	0.06661096777685442	0.25968000613970443	0.298403801287011	0.304714439000158	0.23235230355093195	4	True
RELT	0.344406551912194	0.17707280379396667	0.14715515061605025	0.26065628439805694	0.23232269768006697	4	True
TMEM258	0.06348483260657643	0.3229253546555989	0.28967531307084077	0.2531625401696628	0.23231201012566974	4	True
TRAF7	0.018456088560351244	0.3910482958122925	0.2675754738966731	0.25146568567113436	0.2321363859851128	4	True
CAP1	0.17638636073739244	0.1839783612402864	0.23802140105532396	0.32981191700419354	0.2320495100092991	4	True
SLC16A1	0.11695483232813322	0.3801344284786786	0.1813161303291855	0.24965576555417052	0.23201528917254194	4	True
THOP1	0.18485571873659434	0.4309174310471966	0.1311021914650412	0.17999485475899332	0.23171754900195637	4	True
SCAND1	0.2053468991262802	0.24655329490790967	0.16636653954161162	0.30855588887612856	0.2317056556129825	4	True
EIF2B1	0.1632258721426879	0.48890915505145544	-0.03980956160540969	0.314220256965229	0.23163643063849065	3	False
PGRMC1	0.16456545199374878	0.3648727500553953	0.1694375169640271	0.22683707586462873	0.23142819871945	4	True
LAMTOR4	0.11710518390523122	0.3118641339174035	0.18654456411670145	0.3098044125143038	0.23132957361341	4	True
CAPNS1	0.26243175387388173	0.13238697058201085	0.3614790407641894	0.16899346177477775	0.23132280674871492	4	True
DDX1	0.07950303402034772	0.2930521907966193	0.15124795252140158	0.39920546512396715	0.23075216061558393	4	True
WDR61	0.1482455950649037	0.23413248164933587	0.2797284016628385	0.2598568583259242	0.23049083417575056	4	True
LMAN2	0.07942126342671195	0.3111275792478705	0.2612615557061857	0.2700179493229338	0.23045708692592548	4	True
MRPS21	0.06524528365836169	0.4151867436324846	0.16943859696190577	0.27174780072515115	0.2304046062444758	4	True
IK	0.26964211520160203	0.2563590861984898	0.11934514254974295	0.27572283048227636	0.23026729360802778	4	True
ABCE1	0.07544488889114889	0.263154400962562	0.253028746757721	0.32941727982376023	0.23026132910879804	4	True
PSMA3	0.107084695186768	0.35398076515001536	0.1771083777471765	0.28180690851190343	0.22999518664896584	4	True
SELENOK	0.17638866777550147	0.3110582306680925	0.17792222869424296	0.2536049470736578	0.22974351855287373	4	True
NOP53	0.09931999029607301	0.16779818957659817	0.3176482824078074	0.333783168119842	0.22963740760008014	4	True
EMC4	0.17443175498137073	0.20841445704491363	0.32684023810762125	0.20866371674772716	0.22958754172040818	4	True
CEBPZ	0.0893740102563868	0.24983396687941078	0.30368899265536553	0.27528277576737853	0.2295449363896354	4	True
NRROS	0.3309453026203911	0.1656750279144413	0.3203200869157988	0.10103253559114107	0.22949323826044307	4	True
NAT10	0.11342550226397545	0.34664954415213295	0.2417580961348707	0.21580394002743708	0.22940927064460406	4	True
MAGOHB	0.12688155237647045	0.3575702311530072	0.18004795727764317	0.25271936921194277	0.22930477750476586	4	True
UBE2I	0.09342928063959881	0.29309427077042777	0.23381155187557015	0.2966019203632946	0.22923425591222282	4	True
ESRRA	0.13703950534094284	0.3334902948937334	0.2728094652200991	0.17322060001319572	0.22913996636699274	4	True
JUNB	0.17157597031834845	0.2993458804395742	0.24608843922170276	0.19936211194405218	0.2290931004809194	4	True
NONO	0.12987111421346514	0.24716228945572702	0.19901735899748685	0.34013508667099523	0.22904646233441855	4	True
FKBP11	0.08869853933102534	0.39512962708417093	0.1570238471028044	0.27495678406505125	0.228952199395763	4	True
DHX33	-0.004034294650565389	0.41483202133248614	0.23922896243386696	0.2653384264283155	0.22884127888602582	3	False
CD27	0.036444540822666266	0.5595206167045219	0.01578637234606628	0.30313293550889026	0.22872111634553616	4	True
MRPS18C	0.03719638737519227	0.3594591726454787	0.32187234536852033	0.19490318837671367	0.22835777344147623	4	True
MRPL22	0.10884452172230999	0.22199350984145685	0.2647929069894654	0.3169344970636719	0.22814135890422604	4	True
YWHAH	0.13532543312235973	0.14774853911190552	0.3544851053238512	0.27433244657980216	0.22797288103447963	4	True
NDUFA12	0.08145670931436688	0.30330744258057724	0.21895231871808926	0.30788878142816334	0.22790131301029917	4	True
VDAC3	0.20818704527992196	0.2400015760951571	0.2132593469977885	0.24940478441252067	0.22771318819634706	4	True
GEMIN7	-0.045148577359647606	0.41924276089625423	0.15920868624223794	0.37631385252796895	0.22740418057670336	3	False
PAF1	0.15803664717825738	0.00602950038263703	0.3716139982064564	0.37380976284005635	0.22737247715185177	4	True
MRPS30	0.24230622753197953	0.3461104302212038	0.12261647206176815	0.19809129486246918	0.22728110616935515	4	True
YWHAG	0.09931082964276944	0.28459040197909213	0.22536813104663617	0.29972377334212524	0.22724828400265573	4	True
PSMD6	0.11173281541796798	0.26941336600128074	0.2629893309237861	0.2648048498293965	0.2272350905431078	4	True
GPANK1	0.2359203400642257	0.39037921365102496	0.2895887200915174	-0.007931143836218168	0.2269892824926375	3	False
BRI3BP	0.04524625273849243	0.4275090617939627	0.13785727080371352	0.29713404140318495	0.22693665668483837	4	True
SRRT	0.05630313659235848	0.30255658051222767	0.23645003500388556	0.31191823370273347	0.22680699645280128	4	True
DNAJB11	0.1114249134705569	0.40460666948978086	0.16912654254273649	0.22135459746845362	0.226628180742882	4	True
LOC100288175	0.15032572568714717	0.6090111116512757	0.13767307196245165	0.009444493101931075	0.2266136006007014	4	True
RIOK2	0.07697109912085187	0.2746958134589354	0.2481912781342015	0.3062500329657983	0.22652705591994676	4	True
YARS2	0.0011833369107040333	0.43666554669520163	0.16553884374984754	0.3020976840509201	0.22637135285166832	4	True
TBCB	0.12309209520243639	0.14406249383020142	0.37185459911881164	0.266181231042719	0.2262976047985421	4	True
DCUN1D5	0.15952574061551847	0.3124173961307448	0.18531744139911444	0.24792148609071474	0.22629551605902312	4	True
ZC3H15	0.0915186166680624	0.3285682810941074	0.2746319219637565	0.2099359316792353	0.2261636878512904	4	True
ATP6V1B2	0.23625222588718503	0.29975550376022814	0.15119869580842965	0.2167292862126666	0.22598392791712735	4	True
FTH1	0.008495497045812874	0.40567185677277656	0.2587490936075061	0.23094253304751697	0.22596474511840314	4	True
SNHG5	0.12343740919761262	0.2190713511494801	0.22586946007076267	0.33420475195233673	0.22564574309254803	4	True
ARMC6	0.024500114838198455	0.3767316500870053	0.3253229177880966	0.17539919998281164	0.225488470674028	4	True
PSMG3	0.02374236159718861	0.36074056252801096	0.1919466175399841	0.32444039830658267	0.22521748499294159	4	True
CDC42EP3	0.12318091866804771	0.2701194101258705	0.14865182675544703	0.3584036100245574	0.22508894139348062	4	True
TOB1	0.30854662732893806	0.23342572660127042	0.08186818571234816	0.2763006551292536	0.22503529869295255	4	True
POLR3H	0.033132251899180475	0.37803169836893435	0.292835099590408	0.1957085702214248	0.2249269050199869	4	True
SDHB	0.18610229335823175	0.17981094225080335	0.17618900200485274	0.3575144564479929	0.2249041735154702	4	True
SRI	0.1353541288958566	0.35225263852690913	0.22292621008732003	0.1890065330596681	0.22488487764243847	4	True
C4orf3	0.2397623719609226	0.34011757928610176	0.2400424696723842	0.07811562105822567	0.22450951049440854	4	True
ATP13A1	0.10004170178296247	0.19352941059243875	0.3176003927092474	0.28624028712797595	0.22435294805315614	4	True
GTPBP3	0.09235463130234867	0.47792066065253336	0.19649391149734158	0.12971476624830178	0.22412099242513134	4	True
NAA20	0.1631437072786339	0.3040751849256826	0.22162124449007484	0.2067379737603748	0.22389452761369152	4	True
BUB3	0.10938173835721693	0.23861268209556816	0.3699772865731529	0.1775161917284952	0.22387197468860828	4	True
SFXN4	0.1049890547318914	0.39336952702517	0.22456964756061235	0.17231721483790077	0.22381136103889362	4	True
IPO5	0.1215947757622084	0.27659476870384847	0.22264247498071588	0.27426544197194774	0.2237743653546801	4	True
LLPH	0.13778546134133057	0.31746649118138476	0.2578382501344704	0.18145813707145075	0.2236370849321591	4	True
NOM1	0.0665378065288001	0.2815212526303629	0.21782412328529213	0.32736775295978116	0.22331273385105907	4	True
TPD52L2	0.24597131825455348	0.21078099677472126	0.22735761797275492	0.20872955833798176	0.22320987283500285	4	True
NCLN	0.03792808236900369	0.4645851638609531	0.09305216519049563	0.29644329367748745	0.223002176274485	4	True
EMC1	0.08866124025276186	0.39406298107167376	0.12847958157704986	0.28076636937056343	0.22299254306801222	4	True
PTRH2	-0.009302565902227071	0.40660702746600785	0.1977019603823523	0.29681443517380424	0.22295521427998433	3	False
FBXO41	-0.01423268048241195	0.5048647992556313	0.13893401757242174	0.261552676977677	0.22277970333082953	3	False
FAM210A	0.23071927624022878	0.2487791310029568	0.23038254027593355	0.18041014537688194	0.22257277322400026	4	True
HNRNPD	0.12571756489183666	0.23938129546078463	0.2436884303804846	0.28059234114329074	0.22234490796909917	4	True
SOCS1	-0.11448865264986818	0.40210224745769996	0.26030329589126433	0.3408938242983395	0.2222026787493589	3	False
SRRM1	0.08666752664957912	0.24406672797828105	0.32657160413451836	0.23043988128098572	0.22193643501084107	4	True
ARL6IP4	0.19574309052784314	0.27028828225215756	0.13968610106812773	0.2806740587898974	0.22159788315950646	4	True
MTRES1	0.17839812334710564	0.3247485231143711	0.11377703721695485	0.26904301349478477	0.22149167429330407	4	True
CLN6	-0.0010953413282448843	0.4280042897624544	0.14477603474768616	0.3123668547178349	0.22101295947493263	3	False
SNRNP27	0.1656682303133411	0.18058194771566846	0.3242774570257706	0.21331691961592175	0.22096113866767547	4	True
CHPF2	0.021163205289942765	0.11049227822547288	0.35112454065174137	0.4008444860380357	0.22090612755129818	4	True
HOMER1	0.34337067156313394	0.4067579778960703	0.058287128166501695	0.0739183833263302	0.22058354023800905	4	True
BAG5	0.20317219561771824	0.19714941773560707	0.31117728666455075	0.1699861768258627	0.22037126921093467	4	True
THOC7	0.12339860260195999	0.33073648752230217	0.24822472123065392	0.1789709345975882	0.22033268648812607	4	True
TSN	0.13175321960333986	0.24844891120232354	0.33342352110468093	0.1675954365197787	0.22030527210753076	4	True
G3BP1	0.08662990068319713	0.28802777835566573	0.22994361738617508	0.27603869245518065	0.22015999722005467	4	True
ENOPH1	0.2329099963116127	0.3529719381872861	0.13652793449706366	0.1571624749148837	0.21989308597771154	4	True
ELP5	0.2005577361403479	0.30861610382202426	0.3360366278863064	0.03427975257895759	0.21987255510690903	4	True
MDH1	0.17839211321806117	0.29812997474277403	0.1955501782256266	0.20695142401287286	0.21975592254983367	4	True
CLECL1	0.41417891614157293	0.3142377871950528	0.09256941111400202	0.0576098625438533	0.21964899424862028	4	True
PM20D2	0.16644375376110043	0.49560317167515827	0.048778530191147654	0.16733353511808666	0.21953974768637324	4	True
NMRAL1	0.26603162626093285	0.2900692636986929	0.19488922755632937	0.12593614060687844	0.2192315645307084	4	True
SH3BP2	0.14978572539270485	0.34080220822509033	0.2534840949600467	0.13265257486057594	0.21918115085960446	4	True
KDELR1	-0.0010684554122962562	0.48487202718923605	0.16175048953137883	0.23115049167462806	0.21917613824573667	3	False
EXOSC6	0.11429032470845552	0.23003809712153822	0.27403028098450627	0.2581695434052313	0.2191320615549328	4	True
SLA2	0.22584689644617054	0.3251648397765204	0.17294854094529855	0.15237493079806452	0.2190838019915135	4	True
ZFAND5	0.1793423340456579	0.25430680363379427	0.25767933977760515	0.18490869918937056	0.21905929416160697	4	True
DNAAF2	-0.049760300514922313	0.26364095101652163	0.3957103885047923	0.26656121740338723	0.21903806410244472	3	False
CLTA	0.13190420688480564	0.2886704228969812	0.1954060777398714	0.2596275018431695	0.21890205234120694	4	True
UFC1	0.03428643874941705	0.4498811918340699	0.23606244827649114	0.15517396409461004	0.21885101073864702	4	True
OAT	0.31533489798335096	0.18218643403740067	0.06367042541057188	0.31307386637685575	0.21856640595204482	4	True
COPE	0.07772697537230155	0.24080687256087485	0.2860654872690486	0.2692294141246963	0.2184571873317303	4	True
COX6C	0.031986672325251174	0.41172755200408145	0.1574986369281756	0.27217318740299873	0.21834651216512674	4	True
MRPL47	0.12668138814032198	0.2968848599670889	0.1995037163259405	0.2502306180612407	0.21832514562364802	4	True
ATP1A1	0.13010124612186313	0.36666209469385386	0.10720236091786256	0.2690924600725736	0.21826454045153829	4	True
SRPRB	0.053064588009555866	0.46968523314634814	0.124606245389944	0.22484607927104186	0.21805053645422245	4	True
SUPT4H1	0.09599953091851363	0.2743375733948249	0.22091189977576658	0.2809342233454131	0.21804580685862957	4	True
SLC19A1	0.10801683819041488	0.5936323898002319	0.09853463758548248	0.07199291621070186	0.21804419544670778	4	True
DESI1	0.07471464427801386	0.47060929776457966	0.15507505709328623	0.17138292024094207	0.21794547984420543	4	True
CORO1C	0.3705471595798689	0.1486623978214907	0.10862384762057826	0.24272321743210892	0.2176391556135117	4	True
ESF1	0.027097083470527097	0.36271199063912785	0.20339601663908635	0.277134449826455	0.2175848851437991	4	True
RPF1	0.15713466410296661	0.2248832277290928	0.2701130543587011	0.21802636320608834	0.21753932734921222	4	True
AKAP1	0.016540005903382442	0.40162069245872806	0.18757335291330834	0.26355768883912983	0.21732293502863714	4	True
SF3A2	0.08598105699887966	0.19447458166528808	0.2860496254355222	0.30151281647903383	0.21700452014468094	4	True
BSG	-0.00856049666510357	0.3081584732349279	0.27262067207926444	0.2957366094590038	0.21698881452702315	3	False
MRPL33	0.06691178199375095	0.2710636011843044	0.21036120287051882	0.3182367928581311	0.21664334472667632	4	True
POP5	-0.03810634082035474	0.3796774149463185	0.244076659679545	0.2805082384411256	0.2165389930616586	3	False
SIKE1	0.18804614849079443	0.19368995288922014	0.2305933076652763	0.25381099977391364	0.21653510220480113	4	True
AGPAT5	0.08329543962236115	0.3653299320674609	0.14018887889291434	0.2771074461920795	0.21648042419370397	4	True
GARS1	0.2784662045139203	0.41331684565129706	0.08837911571369642	0.08488568802316182	0.2162619634755189	4	True
KXD1	0.20172486264775924	0.37837857328598046	0.14074397992416113	0.1436041605582191	0.21611289410402998	4	True
SNAPC4	0.08022709501611601	0.2486029426009655	0.2107685196438313	0.32449650018678156	0.21602376436192358	4	True
HMOX2	0.20193728967402239	0.19705393424338383	0.15843219448762902	0.3062145446255312	0.21590949075764163	4	True
ERP29	0.02735803396977826	0.3865516157944393	0.14810587278870163	0.3009472670973968	0.215740697412579	4	True
GCDH	0.32343427867516966	0.2697570502813415	0.03158494431286503	0.23796954937283138	0.2156864556605519	4	True
VAMP8	0.05527994269341776	0.3207427023779194	0.3094176544102615	0.1770157153479265	0.2156140037073813	4	True
BMS1	0.07681154654881715	0.24182582227611102	0.22887452411730155	0.3144415719012098	0.21548836621085987	4	True
PSMD9	0.21288332305776606	0.13675451850901468	0.21856150553978293	0.2936819104692909	0.21547031439396364	4	True
AGMAT	0.059676791574634104	0.31429489992816617	0.17501683016736092	0.3121769532592015	0.21529136873234067	4	True
ZHX1	-0.0060762355180174876	0.2089272251457169	0.3991747599413392	0.25909292747758017	0.2152796692616547	3	False
MRPL38	0.048327040311159815	0.28180016088339654	0.3164284582308727	0.21420373833994139	0.21518984944134262	4	True
XYLB	0.3086908187753424	0.33930689563549266	0.024887826748065705	0.1878570760979215	0.21518565431420555	4	True
EIF4B	0.08728871511367813	0.328679742202115	0.1852644531340744	0.2594311271789349	0.2151660094072006	4	True
ACP1	0.10416841516771182	0.1983387368283537	0.28673307628634015	0.27086576134765256	0.21502649740751456	4	True
SGTA	0.12401103162907812	0.39382754973420697	0.1697909771464001	0.17166422342360488	0.21482344548332252	4	True
MAFG	0.06479434185672601	0.3497915222149734	0.2661412614383749	0.17837344754608297	0.21477514326403932	4	True
GTF3A	0.06815481330001191	0.42793419400883514	0.15776035063506189	0.20438177449965514	0.21455778311089102	4	True
TBKBP1	-0.26280489988266104	0.5669198709043244	0.2295871011382575	0.3242295412950095	0.2144829033637326	3	False
ARL4A	0.37961640545087855	0.22444464155831298	0.26093565853546635	-0.007367483107286178	0.21440730560934293	3	False
DNAJB1	0.20724333032848516	0.2565616454061601	0.2007750670472836	0.19149440306782062	0.21401861146243736	4	True
MRPL13	0.2538100755359519	0.21677500514519493	0.24742105951959129	0.1378637781059143	0.21396747957666312	4	True
ATOX1	0.10124190098474754	0.13400149611460044	0.307031765217043	0.31335368627632254	0.2139072121481784	4	True
PRPF8	0.12029095970016233	0.28051198062558674	0.23338242351962868	0.22087883728385188	0.21376605028230744	4	True
PUM3	0.01251419198608949	0.3574123140076287	0.1994902630272566	0.2849291601377375	0.21358648228967808	4	True
USP1	0.15192839469534553	0.2107756724810569	0.26687544836217264	0.22452150801555146	0.21352525588853163	4	True
TNFRSF1B	0.14718176826977086	0.3262659883773652	0.2674924812816381	0.11312088689881387	0.213515281206897	4	True
RP9	-0.09487101339314741	0.29742580578186617	0.3852382398583402	0.26576784797101816	0.2133902200545193	3	False
ZNF770	0.20077310803892418	0.2839099330807489	0.08745569739581915	0.2794340335923113	0.21289319302695087	4	True
ADAT2	0.2045627203352031	0.33897969634350816	0.1207881585793647	0.18715435137891456	0.21287123165924762	4	True
ADO	0.19498677590376193	0.21262298809666635	0.21137850670115954	0.23226631812838971	0.21281364720749438	4	True
PMPCA	0.13088958389470629	0.24028792332719043	0.1808258420632887	0.29852470057571323	0.21263201246522465	4	True
NOSIP	0.08537607676359578	0.09379887522514883	0.28263163110543704	0.3875438294384014	0.21233760313314576	4	True
LSM12	0.16113523167432536	0.32714189061612636	0.18454773839218913	0.17514107605079485	0.21199148418335892	4	True
TXLNG	0.11138726764495423	0.2818589461612804	0.25740222175889654	0.19603401582666047	0.21167061284794791	4	True
REXO4	0.12422870685206096	0.2840574660573247	0.13814380735647647	0.30008189726113166	0.21162796938174844	4	True
MACROD1	0.07451695163940152	0.444176229689082	0.2670086813669517	0.060448617174211516	0.21153761996741172	4	True
DAZAP1	0.10117477996459041	0.32459485924004167	0.25690854418684766	0.16344398113533892	0.21153054113170466	4	True
SNHG15	0.13116434100507687	0.3715335869017694	0.10999187878266603	0.2328520557549791	0.21138546561112287	4	True
PLS1	0.25359862649705417	0.5434119446525056	0.06799774039044028	-0.0198698311297933	0.2112846201025517	3	False
MKNK2	0.2585120908920106	0.1786184127650659	0.20602154603655287	0.20166594549445668	0.21120449879702152	4	True
C1orf174	0.026212497247262722	0.22887361169594034	0.26990090671835765	0.3194085509237326	0.21109889164632334	4	True
SLC25A32	0.09766062467177994	0.24784003113836633	0.19529340147781887	0.3033016065071065	0.2110239159487679	4	True
CNBP	0.14745699652169914	0.28230391728107423	0.2286042486562841	0.18493756565890754	0.21082568202949123	4	True
EFHD2	0.11909616389586987	0.11148906713574207	0.23654127457392957	0.3756372832108814	0.21069094720410572	4	True
ZDHHC9	0.11181064162862792	0.28290153953434716	0.20596822918907312	0.241663273058919	0.2105859208527418	4	True
EIF4H	0.21903717542871748	0.2787844968489741	0.10842401604378592	0.23580784732993446	0.21051338391285299	4	True
LETM1	0.08135987637394497	0.34886818389977436	0.17502802537260925	0.23563692777064116	0.21022325335424244	4	True
EXOSC1	0.10047274691886404	0.2371321833660508	0.2761070411143428	0.2271504716700011	0.21021561076731468	4	True
DTYMK	0.11754163121999757	0.25422244336988303	0.20708718271529566	0.2618301528735505	0.2101703525446817	4	True
MALSU1	0.13657412166091534	0.2899530158984493	0.2547332026157545	0.15898312422268537	0.21006086609945113	4	True
HPF1	0.337419100647674	0.20194173738485763	0.07726711317739904	0.22333852786719852	0.2099916197692823	4	True
SFXN1	0.055406759858382705	0.5111233310453971	0.10156051164091823	0.1708422919515546	0.20973322362406316	4	True
IL2	-0.03160207679502931	0.30512748428569975	0.08845756252248826	0.47563990132148276	0.20940571783366035	3	False
MIEF1	-0.01716552344531052	0.24350690383213014	0.32652666557185644	0.2846173894841941	0.20937135886071756	3	False
SRP72	0.17826175357732474	0.22513304149284757	0.20356603873067003	0.22993231153089455	0.20922328633293422	4	True
RRP15	0.03876980432977122	0.3162231732030016	0.20606074953802897	0.2755339257537638	0.2091469132061414	4	True
USE1	0.15723449003694714	0.374197543473847	0.14824357628965498	0.15642414320054135	0.20902493825024762	4	True
PPID	0.12046579724195773	0.2666432008347249	0.16030082527357703	0.28800654127975955	0.2088540911575048	4	True
RBM28	0.09996010965729976	0.2040027864420374	0.2406738931481273	0.2906634136188405	0.20882505071657623	4	True
RBMX	0.04489861411674017	0.2647820045818695	0.25238542205326636	0.27303130270171494	0.20877433586339775	4	True
COPS6	0.19405148919650972	0.32071220934991396	0.1777882429033215	0.1424597349592071	0.2087529191022381	4	True
ELOC	0.1284215417467563	0.34427547686516746	0.15900627268616563	0.2017230232165024	0.20835657862864793	4	True
POLR2C	0.21662522970206588	0.3518468251680344	0.17967619171693783	0.08452879829508493	0.20816926122053078	4	True
MBOAT7	0.09563030103986322	0.33423049664266125	0.1993775228556877	0.202211147702869	0.20786236706027028	4	True
KCNN4	0.05360733114515139	0.4001072305830607	0.20189444441524793	0.17521772361517404	0.2077066824396585	4	True
KCNAB2	0.22713433931436738	0.29540957043765004	0.0751329785643805	0.23288759832682882	0.2076411216608067	4	True
TRUB2	0.04198899488713159	0.30580558441426103	0.22180309131834816	0.25996676376073424	0.20739110859511875	4	True
WDR4	0.008017398420041488	0.34911439944154804	0.23103560941469903	0.2410326710864026	0.2073000195906728	4	True
EID1	0.10129269214269362	0.2584537008841571	0.1844740861934894	0.2849033552841626	0.20728095862612567	4	True
SNHG1	0.046238364958141154	0.41188627487856827	0.19003839614628015	0.1808641336180809	0.20725679240026762	4	True
SSR2	0.08210025035278766	0.40720302678247916	0.1441080759910902	0.1946808296609694	0.2070230456968316	4	True
GRPEL2	0.37600619999310425	0.2746882879341402	0.11326883116510145	0.06332628725714619	0.20682240158737303	4	True
FMNL2	0.2187302669558091	0.36410892700068	-0.006873746326513012	0.25082481033743426	0.20669756449185256	3	False
PET100	-0.005137424942217242	0.4256908683649651	0.1405292098617365	0.2656092103208519	0.20667296590133405	3	False
DDX24	0.16220619292621136	0.1719529580893785	0.22503523840525747	0.2670578690569436	0.20656306461944773	4	True
PTPN7	0.1988572732245328	0.3125539083359603	0.16457914024742915	0.15001623830652766	0.2065016400286125	4	True
MVD	0.11632436560085324	0.3436210493100041	0.06796914266908763	0.2976132762070629	0.20638195844675197	4	True
ADAM19	0.4299160426037844	0.018718286423910394	0.4645398364687126	-0.08765267158281019	0.2063803734783993	3	False
PLPBP	0.05762679594887087	0.25737312758430547	0.20118529001653554	0.3090432181828961	0.206307107933152	4	True
CTTN	0.10540059235129441	0.511597474325184	0.01287043023101775	0.19535257023020006	0.20630526678442404	4	True
GSR	0.11559434693834673	0.3067680104988555	0.18483069439734526	0.21707177978997264	0.20606620790613003	4	True
TOMM7	0.03647276256742016	0.4551237944283833	0.10739758549498352	0.22525653961076714	0.2060626705253885	4	True
IDI1	0.13098039404313183	0.2429256219227447	0.17079727850139304	0.27904037390694286	0.20593591709355313	4	True
NELFCD	0.19297893053352444	0.22318439465884243	0.22261279875053605	0.18431156038847257	0.20577192108284387	4	True
PRKCSH	0.04276062502072413	0.24114069769986188	0.14236896122570974	0.396340573632928	0.20565271439480592	4	True
RNPS1	0.17025939153037917	0.3229305433830409	0.1467887518589555	0.18227802378756872	0.20556417763998608	4	True
GMNN	0.0905483384267366	0.3202981588604222	0.23290849057842508	0.178332408673063	0.2055218491346617	4	True
PDXK	0.28367546083669626	0.254750478360821	0.13572953744768815	0.1477199008970456	0.20546884438556273	4	True
UQCC2	0.13481645902768907	0.36425074687984554	0.1752125118758891	0.14749275604585688	0.20544311845732013	4	True
RBX1	0.0702749092798011	0.34162426637047016	0.19741609676576283	0.2123949472399109	0.20542755491398623	4	True
SNTB1	0.10629720615675316	0.5019522187666563	0.020521845174556463	0.19204978904179945	0.20520526478494136	4	True
RRP8	0.143963191437671	0.15125345025767037	0.22176455505259188	0.30283195531398965	0.2049532880154807	4	True
ARCN1	-0.034017911006659636	0.26692210481786405	0.277394748605162	0.30949691179554745	0.20494896355297848	3	False
MSH6	0.16452223596654328	0.28401174045839284	0.17321395566771774	0.1976763842704803	0.20485607909078352	4	True
PIN1	0.11035494684720801	0.27529951707627653	0.3302640175771715	0.10349071857939816	0.20485230002001356	4	True
DFFA	0.04479357853218956	0.20008046944051627	0.2733874492896037	0.300787259848889	0.20476218927779963	4	True
GNL1	0.16775925183544027	0.30005875831299406	0.18896025977203149	0.16109356114182083	0.20446795776557167	4	True
PSMA6	0.15078254756598766	0.23433264900061465	0.2450558275590168	0.18742408396366655	0.2043987770223214	4	True
TSNAX	0.28327980767001054	0.04373159109055853	0.21779695534043308	0.27274526800080706	0.2043884055254523	4	True
RHOT2	0.11925821590557906	0.3078824549677074	0.13101555816428798	0.25911577674856295	0.20431800144653434	4	True
RRP7BP	0.0023199277878162565	0.41942309135134637	0.18261095264372898	0.21257399971164745	0.20423199287363478	4	True
MRPS25	0.004074699209920126	0.39144397581002	0.17788792391246905	0.2434341455884487	0.20421018613021447	4	True
TNPO2	-0.06816220812614764	0.38500893102272354	0.19712400857434978	0.30168152966945	0.2039130652850939	3	False
SNHG3	0.027377884361976763	0.3820782016712448	0.18458057182641788	0.2210690043976635	0.20377641556432574	4	True
LRRC75A	0.20234526734300465	0.40702436509610707	0.07662811268037352	0.12893464409178304	0.20373309730281705	4	True
SRSF1	0.05668812584996514	0.3114827814998119	0.23738704043268605	0.2083136340431919	0.20346789545641375	4	True
UTP18	0.11781039497992891	0.33611179611618147	0.21591087621271715	0.14370666471018684	0.20338493300475358	4	True
PPIE	0.24462926831423729	0.09900071471991853	0.15226677855351226	0.31669347174433576	0.20314755833300097	4	True
PRPS2	0.2633680366115174	0.31593675249680964	0.09109818675551475	0.14182342328632305	0.2030565997875412	4	True
PCK2	0.3360707375707905	0.4404761914707516	0.013331167436195297	0.02095543076459445	0.20270838181058298	4	True
MFAP1	0.034108480629473074	0.11473014630906637	0.2856369076153479	0.37592216465325734	0.20259942480178617	4	True
DAXX	0.041615389838192775	0.1691444368185303	0.23119927322911527	0.3677648086772277	0.20243097714076652	4	True
ITPRIP	0.4378754883424018	0.2069613495672261	0.10344051629576405	0.05997198839344287	0.20206233564970869	4	True
GTF2A2	0.04262444097488236	0.3266052358258915	0.2161650612124977	0.22239951523404436	0.20194856331182898	4	True
SLC25A33	0.17831268916039572	0.2548768463481253	0.13810000962482832	0.23576343985288023	0.2017632462465574	4	True
DYNC1LI1	0.1492349321371511	0.08129318743882098	0.1814031039984572	0.39500195317792164	0.20173329418808772	4	True
VEGFB	0.2020028977182602	0.3587460404673539	0.13071792309562424	0.11373064082665942	0.20129937552697444	4	True
FLNA	0.0850627786000594	0.1349816440922764	0.3317120124961979	0.2521466545403485	0.20097577243222053	4	True
EMP3	-0.015328348824385402	0.2657100302173092	0.297173721768396	0.2558241615886116	0.2008448911874829	3	False
PDCD2	-0.07925674783851512	0.36133416862261936	0.2747153399604598	0.2464925087054714	0.20082131736250886	3	False
GALNT6	0.35244627064222905	0.2634554196915406	0.3128024309469512	-0.12594038708292	0.20069093354945025	3	False
PUS1	0.057076598304810516	0.3826412027843175	0.17221878653995065	0.19058006295450938	0.20062916264589703	4	True
CALR	0.05661628398679934	0.4039051191271573	0.12224529880302717	0.21922206469022543	0.20049719165180233	4	True
BEND3	-0.013914704222176472	0.2523394805130253	0.21538959604892044	0.347715705434374	0.20038251944353583	3	False
KCNK6	0.1517136026888951	0.2940513129790375	0.14624821972673477	0.20941578541323802	0.20035723020197635	4	True
STMN1	0.25860573679150245	0.225008823885484	0.043979284366039796	0.2734347241826777	0.200257142306426	4	True
IRAK1	-0.08437759059328315	0.39724172646882544	0.21283495603566163	0.27522314527597963	0.2002305592967959	3	False
CEP85	0.11898085652849057	0.31128095607129463	0.18537881865010156	0.18435067349948586	0.19999782618734316	4	True
IL23A	0.2841130290075124	0.22420552406452615	0.054804011142725484	0.23665400035795228	0.19994414114317907	4	True
IPO7	0.08417254399398688	0.2651271886371394	0.2210587111831014	0.2289478326219471	0.1998265691090437	4	True
PGP	-0.0046932342339405355	0.3962506751947989	0.11975714365332729	0.28785132434042615	0.19979147723865295	3	False
CLPTM1L	-0.0014115326830686616	0.4249299516720678	0.15584740560660307	0.2195916639695848	0.19973937214129678	3	False
RMDN3	-0.016494376374453074	0.3368420950026714	0.2321106457036256	0.245708527791049	0.19954172303072323	3	False
MSMO1	0.04131741578774067	0.3563935211698631	0.19122642736480713	0.20887662705183538	0.1994534978435616	4	True
TTF1	0.11660425066554432	0.2801507222447727	0.1296306833256052	0.27102611462917436	0.19935294271627416	4	True
PPP2R1A	0.20979023864214724	0.19918110283351817	0.20407025238399026	0.18385016983099672	0.19922294092266307	4	True
PLAGL2	0.1287001578570687	0.34091890721910595	0.11128129047697581	0.21508213565000578	0.19899562280078906	4	True
EIF1B	0.10464149507402709	0.24068173339431972	0.1702255086466184	0.27969400058328975	0.19881068442456373	4	True
C2orf69	0.10126370676903416	0.10176039244924434	0.22373719459156768	0.3677648086772277	0.19863152562176847	4	True
RASSF1	0.11233998954802671	0.25273406555037836	0.24427552902579383	0.18507901996601134	0.19860715102255255	4	True
TAF6	0.22108091469978375	0.0670642676213248	0.1486235117595937	0.3557502705899512	0.19812974116766335	4	True
TYW3	0.07419596713016774	0.3659672798463167	0.18654883014352916	0.1653699340018388	0.19802050278046313	4	True
PLRG1	0.11466463097903119	0.30732647353233	0.13410373283008872	0.2355471329410008	0.1979104925706127	4	True
DIS3	0.17523190461118526	0.1653214026992977	0.21027327841563062	0.24031234648102007	0.1977847330517834	4	True
OXA1L	0.018961731142966412	0.3507569172277756	0.2555331474328025	0.16528152389632073	0.1976333299249663	4	True
CDC23	0.1424131816701552	0.23872161732919522	0.21920465410998885	0.18999043297498774	0.19758247152108177	4	True
ARPC3	0.13281389165795104	0.21556965635003172	0.1836509942146409	0.258196783240816	0.19755783136585991	4	True
SNX8	0.11724440312630988	0.17280182740328492	0.2340244037040422	0.26579766140724637	0.19746707391022084	4	True
CCDC47	0.056866100051441416	0.3394297929561903	0.16473651946883927	0.2283351876927323	0.19734190004230082	4	True
ACLY	0.15283173021040575	0.26920858796328945	0.09085057529891942	0.2760185798897645	0.1972273683405948	4	True
JMJD6	0.21163939583819677	0.11688166592428627	0.1724589627218316	0.2865034974848948	0.19687088049230234	4	True
COLGALT1	0.0838049260207289	0.35437245284475843	0.0922537640521498	0.2551678268125197	0.19639974243253921	4	True
HEATR1	0.06812995904262087	0.27018897749510795	0.14006559514697636	0.3066980062711352	0.1962706344889601	4	True
SLC39A14	0.0011056039404204725	0.3970485975860177	0.13322809643110223	0.25367671564118327	0.1962647533996809	4	True
ETFB	0.206462917252002	0.23724587762183869	0.20721319883967373	0.13412797593950376	0.19626249241325455	4	True
NLN	0.07771288269304899	0.3622120836881966	0.24024898567095787	0.10344290062941427	0.19590421317040443	4	True
DDX3X	0.08352032906175737	0.18036144091303646	0.25326337539381366	0.26636885971872637	0.19587850127183348	4	True
WDR43	0.071469737454167	0.36070453182366113	0.14951023814471504	0.20150041611293848	0.1957962308838704	4	True
EDC4	0.08624002000560994	0.06841963913135948	0.21775674545967086	0.4102340395273747	0.19566261103100374	4	True
DPH3	0.07348770457274083	0.35161733169915194	0.20391791547817892	0.15329871011562554	0.19558041546642432	4	True
UBTF	0.010069850719808076	0.22736094970696405	0.2766003305156792	0.2680638806607177	0.19552375290079227	4	True
LRR1	0.3173853530836674	0.058283334630076074	0.226717991716309	0.17893384007606766	0.19533012987653003	4	True
TGS1	0.07126323362116192	0.1697021629641106	0.2306726323697417	0.3095624715784567	0.1953001251333677	4	True
SNF8	0.08280975233764143	0.1922143261330603	0.25949157027511616	0.2464376680394275	0.19523832919631134	4	True
NSUN2	0.12445567579217061	0.2588815775946174	0.13326208418353908	0.2642551006640318	0.1952136095585897	4	True
EXOSC8	0.15426036000520826	0.3516931474533507	0.18262652563417414	0.09203301027844689	0.195153260842795	4	True
UBE2L3	0.07214601649630141	0.25045076813689243	0.3046256840450044	0.15322101327416962	0.19511087048809195	4	True
NEU1	-0.062082811539340026	0.4039152549223411	0.19037279325014997	0.24795862418643067	0.19504096520489542	3	False
CDK11B	0.18739397610286693	0.30781609293405443	0.1589767513909315	0.1258637450932717	0.19501264138028113	4	True
COX17	0.047289940213236945	0.3036537420452279	0.3305429270778505	0.09813886358615631	0.1949063682306179	4	True
DYNLRB1	0.12742028313386505	0.27927491499746365	0.24217843026973768	0.13057637884207499	0.19486250181078532	4	True
MAPKAPK2	0.1006323732801231	0.2639573227791806	0.2024570915075971	0.21209812011410456	0.19478622692025133	4	True
PSMA5	0.11046270284072988	0.25289883729378404	0.21813521202497876	0.19756443506750565	0.1947652968067496	4	True
EIF3E	0.14793876053787894	0.2524328090223869	0.1652887670554375	0.2130843580355385	0.19468617366281046	4	True
ATP5F1C	0.09371989334876	0.2705231638039663	0.16351311338877353	0.2508341453003605	0.19464757896046508	4	True
MCUR1	0.1680084968811016	0.1635038515733564	0.20515857666880422	0.24174950227830017	0.1946051068503906	4	True
SNHG6	0.13352496946773376	0.3669330453130861	0.15342265046863698	0.12445456986425173	0.19458380877842715	4	True
ARPC1B	0.14588951052312615	0.2860376402895288	0.1584690558759086	0.18749454461994552	0.19447268782712726	4	True
EIF3A	0.009833213334465593	0.24230957282750046	0.22902615569453538	0.2960833081814945	0.19431306250949898	4	True
MCRS1	0.1745493734811812	0.32611547657472506	0.16366597664392685	0.11236830816852542	0.19417478371708963	4	True
ECH1	0.1301469012266916	0.19672156407819982	0.11751357300944335	0.33185942575498695	0.19406036601733043	4	True
POLR1B	0.1173250143076821	0.3576754218461464	0.11488731590117689	0.1862781925031772	0.19404148613954567	4	True
ZNHIT3	0.14583241521343793	0.2888281221555825	0.19035333201122837	0.1510329299409811	0.19401169983030747	4	True
PSMC6	0.044701675777116305	0.2546477932114643	0.2694647009824583	0.20657100669022097	0.193846294165315	4	True
HIVEP3	-0.02534470993126079	0.5504044755637734	0.05710853488517684	0.1925799964014326	0.19368707422978051	3	False
BOD1	0.06929701110292931	0.4350481109880292	0.15706603117457277	0.11261800470185655	0.19350728949184695	4	True
POLR3D	-0.07128872424448658	0.36576720741165486	0.24110862260219962	0.23833804129278957	0.19348128676553938	3	False
NSDHL	-0.03586344235593686	0.34760417933114124	0.20336437368790858	0.25853224738619446	0.19340933951232686	3	False
ARMCX3	0.2881713626009546	0.03260172962196043	0.19860385973383246	0.2542544788351489	0.19340785769797408	4	True
ARL5A	0.0778310026924195	0.24303507940831925	0.2714362331091696	0.1807701275230544	0.19326811068324068	4	True
TAF7	0.22501650041599722	0.1428394431368072	0.26789660214241084	0.13699524942695163	0.1931869487805417	4	True
DHX37	0.06810409334517481	0.3162573274791772	0.20688749895967296	0.18080467365028408	0.19301339835857725	4	True
IGSF9B	0.20680165312457274	0.5231214583175288	-0.05436972114336812	0.09613689335188207	0.19292257091265386	3	False
SEC13	0.10870228972302946	0.1562462716608054	0.24933933001423594	0.2573343804988786	0.19290556797423736	4	True
CENPN	0.09522014435867317	0.1617290386782849	0.30944077038242923	0.20497655738472081	0.19284162770102703	4	True
METTL2A	0.1113835944572418	0.29933977239967857	0.2090924417996564	0.15046674259649567	0.1925706378132681	4	True
RNF7	0.189580581954001	0.2916750825241216	0.1124400300993169	0.17474071866060406	0.1921091033095109	4	True
TIMM10B	0.14732746577391487	0.0497594816455718	0.1926960182428204	0.3775919027742074	0.19184371710912862	4	True
RPS6KA1	0.13564264860108113	0.18594257209790704	0.1695427157752097	0.2755450543019967	0.19166824769404867	4	True
UTP6	0.0059261960649479055	0.30442075686932735	0.19811220170122495	0.25804431036091646	0.19162586624910416	4	True
AFG3L2	0.0824258165982871	0.29061211747268334	0.2142147511670179	0.1790931756048704	0.19158646521071468	4	True
DDB1	0.12485902391543689	0.2124544464638603	0.25285150171026183	0.17586671536115883	0.19150792186267945	4	True
ISG20L2	-0.0599686299280749	0.29907835730825466	0.2959631983198729	0.23075702907252454	0.19145748869314427	3	False
FANCA	0.14327124296456886	0.40194676196870033	0.023814599757656516	0.1965541506701391	0.19139668884026623	4	True
SLC43A1	0.14888487598760972	0.5055826223322836	-0.10099835320154098	0.2110151365166543	0.19112107040875165	3	False
CKAP4	0.19303366325113044	0.4127215822248798	-0.0738398666049066	0.23251203150524885	0.1911068525940881	3	False
PSMD12	0.17579125984048843	0.2864400439260314	0.11549245920544735	0.18561284448107834	0.19083415186326136	4	True
CAMTA2	0.17424452240161561	0.3223754975269502	0.08953657911372372	0.1769972176779914	0.19078845418007023	4	True
KLC2	0.21254743540978419	0.26085581948593933	0.28220073631023634	0.00736358092603405	0.1907418930329985	4	True
RBM18	0.23626929056434623	0.1041232248102461	0.11217066553381146	0.3102895532629004	0.19071318354282607	4	True
TRIM65	0.025120214393577117	0.3203323992174948	0.11167332663628222	0.30561879403391345	0.19068618357031691	4	True
NUDT5	0.13512470345353492	0.23972814531877695	0.18692445555682027	0.20091252983083316	0.19067245853999132	4	True
NOL11	0.05460844713001994	0.30210917805594945	0.1768139089935596	0.22903250498621966	0.19064100979143717	4	True
SNHG7	0.10169622708866868	0.3598669458789435	0.11728166948910054	0.18296015071862445	0.1904512482938343	4	True
MAPKAPK3	0.11721634649591067	0.23163413870502628	0.2103878014335024	0.202502491461979	0.1904351945241046	4	True
KLHL29	0.2714986007424541	0.17291440904200522	0.1735453740232411	0.1434921260642846	0.19036262746799626	4	True
MRPL46	0.1179818268523603	0.17047598853730012	0.2305817630166111	0.24226549608952022	0.19032626862394794	4	True
PRIM1	0.04687030067799378	0.36525456930599703	0.1667511693246257	0.181748649844328	0.19015617228823614	4	True
GLRX3	0.08002025126929489	0.2323361434249104	0.22359577363577568	0.2226580412022491	0.1896525523830575	4	True
C1orf131	-0.051777602843222	0.21904483616363893	0.3875459759253902	0.20282806416776403	0.18941031835339278	3	False
NDUFS8	0.09200775592869373	0.3243891398439382	0.15880526891590677	0.18229154870251268	0.18937342834776283	4	True
TNIP2	-0.014789665807017165	0.22670022820382368	0.29167518088757527	0.25376685148910083	0.18933814869337065	3	False
TMED2	0.04577144876478162	0.30219365666437303	0.15484141439603735	0.2541282811728546	0.18923370024951164	4	True
QPCTL	0.2163443806135032	0.40307069903918935	-0.03065368501200765	0.168051390425385	0.18920319626651746	3	False
SEH1L	0.10247962479163117	0.32880810020753276	0.09642202854031237	0.22882510250515617	0.1891337140111581	4	True
GOT2	0.08249978445371156	0.3378150909127401	0.16754560758672513	0.1686651632017339	0.18913141153872765	4	True
SMARCA5	0.13458873483045417	0.1903678746479889	0.1639233068804724	0.2676192203011782	0.18912478416502343	4	True
TOMM70	0.10234806790412002	0.18886616341410015	0.1827118903159014	0.28227360777165755	0.1890499323514448	4	True
DNAJA2	0.1771863692647311	0.20468585516202906	0.202608370716219	0.17159933821795026	0.18901998334023237	4	True
NUFIP1	0.16979654077219034	0.2145407518984089	0.05911668444674216	0.3111877501941745	0.18866043182787898	4	True
DBF4	0.03794778072165446	0.26367543067999444	0.19459917989706368	0.25765957542336076	0.18847049168051833	4	True
NKAPD1	0.05895158684378494	0.33302493226229185	0.22727374222303376	0.13411728981121815	0.18834188778508218	4	True
ODF2	0.02678879189439542	0.06865791241007788	0.31107840825766103	0.34644050248247077	0.18824140376115128	4	True
TMED7	0.18473097620948628	0.38007326610921066	0.11797034519126373	0.07018173358898386	0.18823908027473613	4	True
EIF1AD	0.006845621339014633	0.11431987098410451	0.2758788062037042	0.3556347862863152	0.18816977120328462	4	True
LARP1	0.021143490901045895	0.3786859421991288	0.14631791172233075	0.20622498410382184	0.18809308223158183	4	True
DNAJA3	0.06142878934356999	0.3153368942543472	0.1566762362058121	0.21691112049456523	0.18758826007457363	4	True
SLC31A1	0.18626560218549387	0.3859863117592436	0.0817953438284835	0.0961185687764312	0.18754145663741306	4	True
ATP6V1G1	0.0708466082138039	0.2164995360959079	0.1895953047096063	0.27284259347677975	0.18744601062402447	4	True
TMEM161A	0.004514694794286994	0.42632090524559707	0.11564874613524476	0.20306670963252213	0.18738776395191276	4	True
MRPS35	0.13052097819489908	0.14001489461147554	0.1833032156112321	0.2955070351248636	0.18733653088561758	4	True
SLC25A37	0.06684085469623884	0.36922465161294865	0.17693429632387056	0.13519205028083633	0.1870479632284736	4	True
STOM	0.2295699673903967	0.147941669802323	0.215502150845822	0.15504859136568408	0.18701559485105645	4	True
GPATCH11	0.049609391880519244	0.15186889134857046	0.25451958348120257	0.29163425688500033	0.18690803089882316	4	True
NKRF	0.010189995703104075	0.3046898263686869	0.11063636212789384	0.32185870864195637	0.18684372321041032	4	True
HIF1A-AS2	0.04620990600156452	0.3606321984500577	0.15653424022005377	0.18396826552638143	0.18683615254951436	4	True
SCAMP3	0.00931739941530921	0.3865062673600114	0.2039445569824011	0.14720788622846345	0.1867440274965463	4	True
PFDN4	0.030939447320581376	0.3811098644199003	0.2795548026459559	0.0552157159720201	0.18670495758961442	4	True
SYF2	0.09308265194652712	0.22897015176453914	0.23855045001098718	0.18582500591987344	0.18660706491048173	4	True
GTF3C5	0.1865077348104966	0.20560242877363563	0.07967583559863534	0.2736726609327416	0.18636466502887727	4	True
CYP51A1	-0.012317697278030781	0.38255659436108186	0.11703819159641614	0.25800528575041715	0.1863205936074711	3	False
BCAT2	0.11101044612340387	0.45531006393724954	-0.027144746534760608	0.20580385701273196	0.1862449051346562	3	False
RAP2B	0.17818145403070787	0.09814697170685054	0.3010049555572184	0.16686106465020645	0.1860486114862458	4	True
ITPA	0.02801374177477797	0.25232813699955414	0.2992697003323185	0.1627952560001906	0.18560170877671028	4	True
NAA50	0.049345766738592194	0.2720803367872131	0.13071167877471662	0.2902070190731062	0.18558620034340703	4	True
INO80C	0.17263679222495498	0.36734498878399297	0.08453246325797101	0.11745395058013419	0.1854920487117633	4	True
SEC61A1	0.16862961642506155	0.2327990260602351	0.10503153769721194	0.23546194814096377	0.1854805320808681	4	True
TIMM21	0.15253333085511644	0.33656320028361225	0.09012020489838575	0.16260721009495044	0.1854559865330162	4	True
KIF21B	0.4120533675963659	0.3302591712331241	-0.07870173497570446	0.07786705478670196	0.18536946466012189	3	False
PSMD11	0.09383716003864895	0.2515670844557904	0.1471167328773103	0.2483055393712522	0.18520662918575045	4	True
MLEC	-0.019674732998031623	0.4587245554932962	0.07174288283832174	0.22986900284929349	0.18516542704571995	3	False
HSF1	0.1812769258352083	0.20035747930112646	0.2897768905709312	0.06886289857850648	0.18506854857144311	4	True
SLC39A6	0.15803004829719658	0.2957314273878418	0.1089955152911891	0.17678862862428102	0.18488640490012712	4	True
STX4	0.1471911472951168	0.11121026474572758	0.4008674655733519	0.08006748101719986	0.18483408965784903	4	True
DDX19A	0.07106069041759448	0.3879173866180222	0.11385743641380698	0.1664510431347501	0.18482163914604346	4	True
HNRNPA2B1	0.1158392330659874	0.26250279594155856	0.1760448752537724	0.18470082384282485	0.1847719320260358	4	True
BTG3	0.19961568671004964	0.10616337066959879	0.19022050407772173	0.24245790978106668	0.18461436780960921	4	True
PPT1	0.010349466111840051	0.3984943679803281	0.16549171019428763	0.16172077695517292	0.1840140803104072	4	True
NRAS	0.04171026689410364	0.2676855436673375	0.25930456484611825	0.16677917180905008	0.18386988680415237	4	True
MRPS36	0.123733703496219	0.3048101822734316	0.25238955671155555	0.05451433117118888	0.18386194341309875	4	True
SNAPC1	0.1814354727243694	0.322121915375124	0.06270153259222389	0.1686096187468697	0.18371713485964675	4	True
PFAS	0.010665521008095714	0.39751671074969913	0.10047924798818222	0.2254255331722506	0.1835217532295569	4	True
CRYBG3	0.2601572886653288	0.10356872405615485	0.2042117436492187	0.16578420348067396	0.18343048996284406	4	True
HGS	0.08289452804799179	0.15230446182265694	0.20043002576571314	0.2977900855693129	0.1833547753014187	4	True
CARM1	0.079262949957985	0.29760868388610956	0.15698641517647036	0.19896347982049883	0.18320538221026594	4	True
GNPNAT1	0.2507267382533735	0.07041436763053696	0.12632231669943078	0.2852108062892965	0.18316855721815944	4	True
GMFB	0.08939624909928875	0.3910725956107823	0.09618659301085464	0.15540451411308104	0.18301498795850168	4	True
CLN8	0.01177413551133456	0.2655731418178489	0.13567478440847894	0.31846452177480383	0.18287164587811655	4	True
SLC9A3R1	0.19528566720025375	0.08618475378155324	0.24140443639084333	0.208470305746707	0.18283629077983932	4	True
KCNJ14	0.15945960315043178	0.22056790374085647	0.1567035869744589	0.19419328740065978	0.18273109531660175	4	True
FURIN	0.09771505133677785	0.24664546867701148	0.22562000117687447	0.16073595135152074	0.18267911813554616	4	True
RAE1	0.03698378984572353	0.2890928049478288	0.20019667608963207	0.20443702093430038	0.1826775729543712	4	True
POLR1C	0.13490306956485046	0.2925190173989113	0.15011805511369852	0.15266296537015503	0.1825507768619038	4	True
HMGN2	0.008284560621737722	0.31812550379617993	0.22013522313783665	0.1831089312434129	0.18241355469979179	4	True
FUS	0.07315798923456963	0.27132304324010376	0.1690741292089172	0.2152565276490903	0.18220292233317023	4	True
DPP3	0.051162404492082744	0.15932437464323665	0.24974338573113006	0.2683469610861048	0.18214428148813855	4	True
IDH3A	0.011521045370089156	0.3304076278256256	0.07554168502523297	0.311074954056749	0.18213632806942417	4	True
UTP20	-0.04344823569225296	0.316516035181756	0.17007981499104713	0.28487905780643846	0.18200666807174715	3	False
CCDC43	0.22148301877258095	0.2473190902524234	0.1353823873802526	0.12324383504543171	0.18185708286267216	4	True
TXLNA	0.07781251675304429	0.2627416038650034	0.1985064132924271	0.18677613852673816	0.18145916810930324	4	True
MYO19	-0.03035656550233872	0.3234858060412808	0.20534713901098908	0.22713268711200807	0.1814022666654848	3	False
HMGN1	0.1064180474629999	0.3130929738284165	0.1535067080680077	0.1520583353480901	0.18126901617687854	4	True
METTL5	0.1113347971935021	0.2884415891445147	0.14142023908652532	0.18375013665633694	0.18123669052021973	4	True
EXOSC9	0.13835048005624462	0.2223347189858602	0.21103267023027397	0.15311908083513612	0.18120923752687873	4	True
MLLT1	-0.010987476483912309	0.3932800043028121	0.16955449482918758	0.17225573302914213	0.18102568891930737	3	False
SUPT5H	0.11157997347933978	0.16493982145986597	0.23443175385714884	0.21312863612753138	0.1810200462309715	4	True
YWHAE	0.08502357935838227	0.26344018784790213	0.19206601648682678	0.1835421546492642	0.18101798458559387	4	True
HSPA14	0.06966866283683307	0.24553452651566607	0.12902227450638895	0.279678873361001	0.18097608430497225	4	True
SLC35B1	0.057149016986154544	0.3441014849566052	0.1697352926793106	0.15245651490402298	0.18086057738152334	4	True
SLC25A38	0.24157692471453784	0.15606508375106293	0.23767814727298678	0.08811753047748548	0.18085942155401827	4	True
TMEM18	0.010140937257809733	0.2688499016272536	0.22634576210749108	0.21730856410896648	0.18066129127538022	4	True
DDOST	0.07151570662086389	0.3511706147634433	0.10935723189512074	0.19046327300259852	0.1806267065705066	4	True
DOT1L	0.10699482957806619	0.19615054077185534	0.27437977102040517	0.1441978349149802	0.1804307440713267	4	True
EBPL	0.08359444993614523	0.2776477912363515	0.17241787240935613	0.18746425191881985	0.18028109137516818	4	True
CRELD2	0.023319585878966122	0.19326058125853537	0.20337509929466563	0.30097266278923673	0.18023198230535098	4	True
NECAP1	0.3018755528953677	0.3122379863537999	0.07711982498038084	0.0294106923975792	0.18016101415678193	4	True
CCDC58	0.2314689882051613	0.3530892759788889	-0.04534934536379486	0.18129578661855564	0.18012617635970274	3	False
PPP1R18	0.04829083998292377	0.1703240885770806	0.21689418365425894	0.2842533701856076	0.17994062059996774	4	True
ZFAS1	0.15122667776768406	0.2582923520538165	0.16549115555875296	0.1442108215916514	0.17980525174297624	4	True
LRRC58	0.08381860200620107	0.31406452761464376	0.18749741830830738	0.1324459431793114	0.17945662277711588	4	True
IER2	0.15719556079105504	0.21293989593528284	0.2051274178458759	0.14252030015004005	0.17944579368056343	4	True
CSK	0.07120908393896812	0.12432499746359127	0.2477427176013169	0.27447430779918125	0.17943777670076438	4	True
EIF2B4	0.06931771514422534	0.1645160031364533	0.30593463244791164	0.17767253280311146	0.17936022088292541	4	True
MED10	0.01589636700404336	0.1491957921559581	0.3403503803948982	0.21050311082331538	0.17898641259455375	4	True
TTF2	0.19427774603908818	0.30057758641128535	0.07991406877098166	0.14083832039598637	0.17890193040433539	4	True
CPD	0.18993159280777033	0.2416303370875669	0.10964244613958736	0.17402537735348736	0.178807438347103	4	True
CTSC	0.019703949266659335	0.00605785563426909	0.25147090260856464	0.4378372771596554	0.17876749616728713	4	True
CERS2	0.042560927251817114	0.35183287584153944	0.00785377809236765	0.31274253534131063	0.1787475291317587	4	True
ARL1	0.04462099870059093	0.19217555052455879	0.2637759636641041	0.21422154299076507	0.1786985139700047	4	True
UBA1	0.1443499314079094	0.178458270860907	0.11022733039289236	0.28140040437629976	0.1786089842595021	4	True
DIMT1	0.02713036582560962	0.2871954295936519	0.20377958146602138	0.19615863876200096	0.17856600391182098	4	True
HIGD1A	0.1100746028480475	0.13725294276505662	0.30116642325015675	0.1650148274957762	0.17837719908975927	4	True
SELENOS	0.023934377337865863	0.19161925960424875	0.2116129500326509	0.28593593439686554	0.17827563034290778	4	True
FANCB	0.1618685678801001	0.40617429562882346	-0.04461456124625046	0.18955144203099544	0.17824493607341713	3	False
BCL7B	-0.05391930000276849	0.2949936236825617	0.2200553639859997	0.25080761096754156	0.17798432465833364	3	False
ZC3H12A	0.16582828847503522	0.01602540577228271	0.3740107013602771	0.1549372437802356	0.17770040984695767	4	True
SMC2	0.08508505499900221	0.3216359201230078	0.1042770357634687	0.19941617631637398	0.17760354680046317	4	True
RRM1	0.23646084674997755	0.30738176554187646	-0.06877133074489002	0.23404022479347375	0.17727787658510946	3	False
GPD1L	0.11310975332693862	0.15157474322137676	0.1837601193063448	0.26031734850806265	0.17719049109068072	4	True
MPV17	0.05689076591213297	0.4595512255505057	0.022359544491101235	0.16984686206049912	0.17716209950355977	4	True
NOL8	0.04505665656473921	0.24922594359156375	0.22663983731276813	0.1866027178343383	0.17688128882585236	4	True
CTLA4	0.23948221338273204	0.08377453074026424	0.2415081807475502	0.14254875504696554	0.17682841997937798	4	True
EGLN1	0.5327855641721589	0.2355331447214546	0.04840367342099797	-0.10961668794015973	0.17677642359361292	3	False
PUS7	-0.003224233241086987	0.35052049066771984	0.12550448630069708	0.23415196373400646	0.1767381768653341	3	False
PRPF6	0.11630733949659913	0.15169652612876716	0.13285491329080792	0.30434004781238694	0.1762997066821403	4	True
PHAX	0.0759838073765785	0.26626084436243724	0.20999172703820249	0.1518201687382232	0.17601413687886036	4	True
AIMP1	0.06867930194310648	0.3280130137685979	0.21533849816681677	0.09161234725035136	0.17591079028221812	4	True
CSTF2T	0.13985287549786976	0.3232753227522183	0.13033201107133635	0.10951816013893775	0.17574459236509057	4	True
SIAH2	0.18883918877997713	0.2974601552345143	0.0966864206239579	0.11974517810330036	0.1756827356854374	4	True
NUDT19	0.11181498287407386	0.36046813560358765	0.133109262162559	0.09684582738307917	0.1755595520058249	4	True
TOP1	0.14792657866270387	0.16043272084973031	0.20418996753555016	0.1886185541983466	0.17529195531158273	4	True
CNPY2	-0.06577784249781496	0.3614647999788472	0.13003198355159548	0.27544089546011397	0.17528995912318543	3	False
SLC27A4	-0.049700550657900536	0.39227087586088033	0.104127750552798	0.2543044202523825	0.17525062400204006	3	False
TTI2	0.07949398801313023	0.044391457130279276	0.2668516169236962	0.31021623211495	0.1752383235455139	4	True
ABHD17A	0.08873803320581417	0.3070602997785963	0.06603669873870627	0.2388196080111752	0.17516365993357297	4	True
PPP6R1	0.1212154971499361	0.3198038786741478	0.14341733818295502	0.11551447344738314	0.1749877968636055	4	True
TRABD	0.018529416721195905	0.3993938363559052	0.1214206525909471	0.16058665523201351	0.17498264022501545	4	True
SNAPC5	0.17168239485662434	0.19878229152115465	0.21390954180047808	0.11543769644064335	0.1749529811547251	4	True
SUV39H2	0.04936092844320573	0.4101728830716687	0.1282038136974489	0.11019482994744041	0.17448311378994094	4	True
C1orf109	-0.0022288695234997176	0.41108123904793925	0.03805601674152298	0.25092210782918645	0.17445762352378724	3	False
PSMB9	0.07418044550388027	0.1351307976005736	0.18764997849428436	0.3003710336038329	0.17433306380064278	4	True
SETD7	0.2800834062357428	0.38761339652005855	0.1292237420476752	-0.09962517669492325	0.17432384202713833	3	False
CD99	0.1295378055714937	0.3365675941541328	0.08230847546240432	0.1485326234823966	0.17423662466760684	4	True
ZNF622	0.0888418899149813	0.20161842054648885	0.1911928459356015	0.21501364426714625	0.17416670016605446	4	True
MIEN1	0.09707107088786893	0.2565776329386506	0.1651614561057625	0.17652218526859909	0.1738330863002203	4	True
HNRNPL	0.10775683812088299	0.23234317877704616	0.2114008670649239	0.14341784061055501	0.17372968114335202	4	True
MRPS5	0.13273737457515178	0.20607093511711858	0.10440115094880752	0.25129466322865857	0.17362603096743412	4	True
AKR1A1	0.14543155358415139	0.20962833525808872	0.11601415775179498	0.22320449631406528	0.17356963572702508	4	True
CBWD5	0.1184477098014171	0.207114195159152	0.07217342824545538	0.29617688930110997	0.1734780556267836	4	True
BRPF1	0.06133338235880212	0.21294723888776898	0.17450148236811144	0.24476836721495973	0.17338761770741057	4	True
WBP11	0.18599904297044623	0.23678943262470453	0.1789915861186837	0.09144642952251875	0.17330662280908832	4	True
TRMU	0.28255570825695264	0.1961761071934674	0.0884093423926844	0.12598908183319366	0.17328255991907454	4	True
GART	0.0662991129320612	0.2802265173682002	0.14499800305591065	0.20116511125270783	0.17317218615221996	4	True
FCF1	0.09627424712789834	0.08102066638666466	0.17976033698013655	0.33515578349906056	0.17305275849844004	4	True
TMEM222	-0.00010258941485732666	0.21576514211215342	0.19939375884398364	0.2765993903119829	0.17291392546331566	3	False
INTS13	0.09908081573551879	0.1958446006961059	0.12600162096950832	0.27026217769645744	0.17279730377439761	4	True
ORAI1	-0.0048062613775925285	0.2057211367448345	0.19121889082102475	0.29880652559214094	0.17273507294510193	3	False
PNPT1	0.01178216504055368	0.33715860943666787	0.10836410411476209	0.23340883544244856	0.17267842850860804	4	True
DCAF4	0.001988337176327626	0.22957090680715445	0.3135145739447083	0.14514403219502642	0.1725544625308042	4	True
CHD4	0.14929861260040989	0.18122109963712577	0.17872144168164922	0.18066219489097943	0.17247583720254106	4	True
DAP3	0.010784062864578836	0.3928976453191527	0.10129840010246098	0.18429111990809846	0.17231780704857275	4	True
MRFAP1	0.1180002897075966	0.31427376261777396	0.1247769112237433	0.1320994350678483	0.17228759965424054	4	True
CPSF1	0.2336133318837621	0.1499887349315839	0.06556955763730597	0.2396464148126568	0.1722045098163272	4	True
DHCR24	-0.03933381529120529	0.5100813771362657	0.0026386210631246573	0.21521062518098455	0.1721492020222924	3	False
TMEM120B	0.13339983649833068	0.19727301696565067	0.014630873776528022	0.3432605827461329	0.17214107749666058	4	True
NIPA2	-0.0014940883053520195	0.2544777154868935	0.17719807531157344	0.25790041030403016	0.17202052819928626	3	False
EFTUD2	0.036187167828041954	0.3147216101631998	0.10511678391845374	0.23158515218126308	0.17190267852273966	4	True
BCAP31	-0.06817470389511351	0.2707675934906044	0.28587689184983933	0.1988615667445928	0.17183283704748076	3	False
IL21	-1.0165744373804097e-05	0.5100388674764934	-0.028132511856850752	0.20537114890967717	0.1718168346962365	2	False
SRFBP1	0.014578594571728904	0.23481235634770264	0.19001721664607626	0.24782942991670215	0.1718093993705525	4	True
SRSF6	0.06979664250190662	0.23821010435922235	0.17041174232996867	0.20836999728393876	0.1716971216187591	4	True
WDR5	-0.041907751152978276	0.19000366278135009	0.23930700549754172	0.29938126630089096	0.17169604585670112	3	False
DAD1	0.0859767603526874	0.20065055242961766	0.20510168370814025	0.19469047141562104	0.17160486697651658	4	True
MGAT2	0.09411379818686087	0.16202809295922652	0.2688275875284036	0.1612181651187474	0.1715469109483096	4	True
EIF2B2	-0.10484745837511619	0.24902654857186188	0.25298223245373763	0.2889965897392871	0.1715394780974426	3	False
SLC39A1	0.03477733982028539	0.31674969281838367	0.07981842681519558	0.2539848791393516	0.17133258464830406	4	True
CHID1	0.11929200328250483	0.3223076474820622	0.09551490579626706	0.14740186263341004	0.17112910479856103	4	True
TMEM14B	0.10516185215052774	0.24220013321862777	0.20330288537723418	0.13367829686812513	0.17108579190362871	4	True
ZNF22	0.10057198204644217	0.206523047117957	0.10681462868036275	0.2701796944606428	0.1710223380763512	4	True
TNFRSF10A	0.0853347637280745	0.1665065762460102	0.16844489013908365	0.26378620888019577	0.17101810974834103	4	True
MCM6	0.1553102846527576	0.4609347941718079	-0.012959183518635009	0.0804580390999228	0.1709359836014633	3	False
RHOA	0.09494346575044284	0.13576451700027575	0.17855260629776137	0.27435300938044266	0.17090339960723067	4	True
NOC3L	-0.04470597103151634	0.35351613043276275	0.1113148765969232	0.2631240140073716	0.17081226250138531	3	False
PRPF38A	0.17440686107371978	0.08707736940560812	0.2010754721378977	0.2204575194636241	0.17075430552021242	4	True
PDIA6	0.15540035287908893	0.2558798457454339	0.08890116008484278	0.18195034260699414	0.17053292532908992	4	True
DUSP12	0.13767732013669984	0.09287341924478702	0.2473991286552595	0.20351438305204306	0.17036606277219735	4	True
FH	0.07624767627919138	0.24749377855845853	0.09162175855775535	0.2660050739903268	0.17034207184643302	4	True
DNAAF5	0.026114802172125265	0.29711940979186785	0.06946690983722265	0.28862130713587136	0.1703306072342718	4	True
CDCA4	-0.02991839717594629	0.37529172917385895	0.1674464630979267	0.16754425711916196	0.17009101305375032	3	False
ARL8A	0.09002893964636494	0.11507601688598354	0.15123192094311735	0.32393903000026875	0.17006897686893363	4	True
ZWILCH	0.11993525849991936	0.2745380820493032	0.09039369090231811	0.19540513441917137	0.170068041467678	4	True
ACAA1	0.14771801601739135	0.11792758535580296	0.17051655772053453	0.24403613873062244	0.17004957445608782	4	True
XRCC3	0.051383909263868606	0.3834030079418205	0.09530145421862102	0.14988264467624052	0.16999275402513764	4	True
EMC7	-0.007711324949851366	0.2948068392996148	0.12831860732966263	0.26434365711480734	0.16993944469855835	3	False
TLN1	0.17790864085665903	0.08850914941535043	0.15932797134644094	0.25398229122567373	0.16993201321103102	4	True
RAMAC	0.08394301339547502	0.3069795086172868	0.24513343231931622	0.04351268224517302	0.16989215914431277	4	True
PPP1R7	0.17060145736656798	0.13535982698862414	0.18017458166318048	0.19333116891706065	0.16986675873385831	4	True
THUMPD1	0.09810278124069538	0.13399690330663572	0.16556505799596763	0.2817918781352677	0.1698641551696416	4	True
CNOT3	-0.012796997998567308	0.061182337437397934	0.30440502778650697	0.32654929805924054	0.16983491632114453	3	False
HERPUD1	0.4305524970263106	0.1943042718198085	0.010674219126757246	0.04249818185086469	0.16950729245593527	4	True
NDUFB4	0.13947742780879432	0.14236018235995057	0.15198297322762122	0.244104818966269	0.16948135059065877	4	True
OSBPL3	0.1451744920350598	0.11422064276555714	0.1988022371905189	0.21852946086630107	0.16918170821435924	4	True
MRPL14	0.1232602787170289	0.21753142870788963	0.2913197658174915	0.04392074086644277	0.1690080535272132	4	True
DPY30	0.14255069586644417	0.2151481051261148	0.066920510212557	0.250821356270774	0.16886016686897248	4	True
CDC123	0.09778502899907611	0.24667206681824633	0.12745351838821325	0.20351876696506474	0.16885734529265012	4	True
EIF3L	0.08604823989352285	0.2004038212155003	0.152983989679538	0.23592465385965175	0.16884017616205324	4	True
PRRC2A	0.19233960718998452	0.1806648507059551	0.20971851426724583	0.09224129465743491	0.1687410667051551	4	True
ACTL6A	0.07635104085409845	0.22692650564384192	0.14028434144638666	0.23136068608880725	0.16873064350828357	4	True
DDRGK1	0.013125594865193355	0.28744231510933005	0.19805220694991107	0.17617661393826003	0.16869918271567363	4	True
TICAM1	0.14641489273603103	0.18661593360251807	0.16677475708804052	0.17491196887697216	0.16867938807589045	4	True
MED19	0.14366256933578483	0.12642927216345265	0.36247553868793814	0.041692327609479954	0.1685649269491639	4	True
ERCC1	0.08520681797830339	0.25374711994788435	0.1578175352192358	0.17725688798030614	0.1685070902814324	4	True
TIMM9	0.0860343654830123	0.16576832061112465	0.2562811435906256	0.16579414852234667	0.1684694945517773	4	True
ALDH18A1	0.13522532413431626	0.193100121535956	0.12398470872519482	0.22136850227378382	0.16841966416731272	4	True
MTRF1L	0.19987875832891408	0.22426351911499903	0.11613686389495903	0.13295664632233298	0.16830894691530127	4	True
CEBPG	0.27504912181753777	0.251441222684584	0.2196940149014998	-0.07307908782340969	0.168276317895053	3	False
SSU72	-0.03221127397964141	0.3128457181395396	0.3465420764465117	0.04577446705788303	0.16823774691607324	3	False
TIMM22	0.11070605986868752	0.24374219852259338	0.02448484037115924	0.29379873159848435	0.1681829575902311	4	True
MAF	0.2920448022866923	-0.08538450349580957	0.42906261346816404	0.03592326219980638	0.16791154361471328	3	False
IFITM1	0.057895419301571646	0.21717522969109526	0.049114266133610904	0.3473508631682637	0.16788394457363537	4	True
SNRNP70	0.028706513728120855	0.12426330816076597	0.29310345993482073	0.22524894696411407	0.1678305571969554	4	True
RBM22	0.026641534592028622	0.18254880045431784	0.27236230467702893	0.18961864503256243	0.16779282118898445	4	True
ATMIN	0.09975602148897082	0.16118220654399612	0.1826940209067513	0.22743283074379134	0.1677662699208774	4	True
PMS2	0.20363827272507126	0.2918471333994193	0.027651817565785806	0.1471204946785994	0.16756442959221896	4	True
TBL2	0.21978692877858336	0.3439695338388489	0.1234450859545112	-0.017659841977418704	0.1673854266486312	3	False
SF3B3	0.0066699700611844315	0.2855692085775895	0.17471918145304988	0.20190766743798605	0.16721650688245246	4	True
NDUFB1	0.22073448369133758	0.22427561446531066	0.046650290173120494	0.17625466528028733	0.16697876340251402	4	True
PPIH	0.10119770849120448	0.22448412553387354	0.068929933693006	0.27323434984083056	0.16696152938972864	4	True
RUNX3	0.19975882879988166	0.18229158514322266	0.169581235659643	0.11565762125076984	0.1668223177133793	4	True
C9orf16	0.09045513781096452	0.2724363031004376	0.1994527795502077	0.10494503786229134	0.1668223145809753	4	True
LINC00540	0.1869050821855921	0.12350041121541476	0.22860489513709542	0.1281995825965857	0.166802492783672	4	True
SDE2	0.16595578325362914	0.10779181053116982	0.2984640034461956	0.0944824899211658	0.1666735217880401	4	True
ZNF330	0.24131929243605435	0.11578322833863054	0.0568669027295218	0.2524930292779702	0.16661561319554424	4	True
TMEM33	0.14309976628844856	0.23064201167135118	0.11770944402289232	0.17442171538291557	0.1664682343414019	4	True
UCHL5	0.1368933979431554	0.214212935647398	0.1714708522863981	0.1429586993716706	0.16638397131215552	4	True
RBM10	0.12139564608496849	0.18521550333580375	0.22204447655559717	0.13619757265566976	0.1662132996580098	4	True
PRKDC	0.053526120960577676	0.2936092383589567	0.10229299314547004	0.21488350761630876	0.1660779650203283	4	True
WAS	0.07174030190832364	0.1557560603803576	0.14302536984988767	0.29371315605333614	0.16605872204797628	4	True
KNOP1	0.14540069211043805	0.20579623646895126	0.073586476104214	0.23904322461167538	0.16595665732381967	4	True
TFDP1	-0.04054175461237889	0.42026831105203094	0.12849360954818276	0.15438220203107908	0.16565059200472848	3	False
SLC4A1AP	0.16085664946902348	0.12891494521962074	0.2057432985291743	0.16702588020228262	0.16563519335502527	4	True
NDFIP2	0.07752817950527026	0.3580833776265969	0.036903252509361675	0.1896912895358292	0.1655515247942645	4	True
PSMB7	0.11875631578981538	0.16064996076407567	0.1772765917087242	0.20536091982774843	0.16551094702259092	4	True
ERO1A	0.24694171668877918	0.2705486077042254	0.046668910276233676	0.09648669214866937	0.1651614817044769	4	True
WDR36	0.10030830379085304	0.282217655416524	0.10971621808678646	0.1682217245462784	0.16511597546011048	4	True
PLIN2	0.39222108630625047	-0.024582662226619294	0.0446525287845699	0.24774927431866753	0.16501005679571715	3	False
PGD	-0.04338552715712429	0.1503239249492901	0.18374605268946612	0.36871198274962463	0.16484910830781413	3	False
ZDHHC8	-0.06614745588888163	0.3807547087711	0.1533538892185896	0.1908706583844408	0.1647079501213122	3	False
GNL3L	0.016056201021691724	0.29983851787037624	0.09128232458134838	0.2515850365845231	0.16469052001448486	4	True
FZD3	0.2595075024218954	0.23883677839762535	-0.12835167314655083	0.2886540876179324	0.16466167382272556	3	False
SUB1	0.12977581459311816	0.24598666882582548	0.17895598129673057	0.1037680374950497	0.16462162555268098	4	True
ARF6	0.08057177865926005	0.26019151004293734	0.13113782739860544	0.18590419837603853	0.16445132861921036	4	True
RPUSD3	0.10309924069778048	0.14314039370281068	0.2329724161181432	0.17767253280311146	0.16422114583046146	4	True
AIMP2	0.01772667597364293	0.22786756391754603	0.20502871144021503	0.2053571554013612	0.1639950266831913	4	True
R3HDM4	0.21493204558176895	0.1929586432324159	0.17000034940030456	0.07697544585221194	0.16371662101667536	4	True
GRAMD4	0.30793932029173887	0.3075409703282137	-0.02726527395497239	0.06663292992240634	0.16371198664684664	3	False
GPR89A	0.10192462842843195	0.2782499875879879	0.11941341607448225	0.15515357381023984	0.16368540147528549	4	True
TMEM69	-0.08780382021615224	0.264449684986502	0.2833481901008151	0.19462508579630516	0.1636547851668675	3	False
ATP6AP1	0.002339993662469175	0.27184435677817637	0.12090921372344587	0.2592623396003725	0.163588975941116	4	True
TXNL1	0.1344870222145123	0.12123463965902258	0.241826415572305	0.1560202430154534	0.16339208011532333	4	True
AZIN1	0.11476164729922327	0.20283640764186428	0.09857525787405916	0.23710655827504448	0.16331996777254779	4	True
SMIM10L1	0.0390352848409144	0.19583922185513017	0.14142666414704977	0.2764795970769206	0.16319519198000373	4	True
SART1	0.023566250946483732	0.1361201893567505	0.3044575859685612	0.18834838315261343	0.16312310235610222	4	True
CRIM1	0.1412374691320312	0.27546624503397193	0.01328791526042818	0.2224200821568406	0.16310292789581798	4	True
JUND	0.14450663659628932	0.16902803436602779	0.1600949063485141	0.1784285789186224	0.1630145390573634	4	True
PET117	0.1531695828811426	0.2500514664762917	0.11596952875639614	0.13284555596341419	0.16300903351931115	4	True
COPB2	0.07337463660177325	0.2091900122408534	0.19265812017700662	0.17652371272642262	0.16293662043651397	4	True
PCBP2	0.11173589584505864	0.22584092547007728	0.18781284112637767	0.12481407313295187	0.16255093389361636	4	True
DHX9	0.09021577195330997	0.1634865736062052	0.22386645127949445	0.17255403614072737	0.16253070824493424	4	True
TOR1A	0.05286694772385098	0.18416310784072842	0.1497986120881239	0.2631680135523289	0.16249917030125804	4	True
SMC3	0.1370585620037465	0.21480021362056437	0.16573662218327032	0.13196855821659445	0.16239098900604393	4	True
ACOT7	0.07982480635942665	0.233970963500633	0.15913465492791476	0.17478500048978624	0.16192885631944015	4	True
BAG4	0.3086908187753424	0.10156327190059858	0.013432681549707913	0.22400292281554648	0.16192242376029883	4	True
MPDU1	-0.09639793868832608	0.24116952442725362	0.1402102966290807	0.362101223600282	0.16177077649207255	3	False
TIMM23B	0.25447405099094517	0.36105524022438135	0.12843245055667127	-0.0982172606702692	0.16143612027543214	3	False
ATP13A3	0.028011155969441964	0.3387681630433617	0.11164581288726505	0.16662506593084483	0.1612625494577284	4	True
ADPRS	0.003292204034237772	0.309137525158211	0.28630414126420733	0.04537354344775974	0.16102685347610396	4	True
PCID2	0.06886640877153871	0.16186752967505852	0.16472063693216732	0.24840984172180083	0.16096610427514135	4	True
TUBGCP4	0.10397339608932218	0.3526294301577799	0.09880498657049358	0.08738655618138695	0.16069859224974564	4	True
TARDBP	0.12670476247015874	0.16781560395883427	0.22435882901195336	0.12307991520154106	0.16048977766062186	4	True
SRPRA	0.08958998653635405	0.21104203673949434	0.1432668119740674	0.19798551987870824	0.16047108878215602	4	True
GPAA1	0.08055209833095049	0.3822251239534901	0.10000600038667816	0.07890078358946047	0.16042100156514483	4	True
TSACC	-0.009197433934340714	0.31495486774101566	0.18121614655991408	0.15470152132985251	0.1604187754241104	3	False
VBP1	0.03678703101248402	0.22895228119934352	0.18366078134779054	0.19184460384198226	0.1603111743504001	4	True
DSTN	0.21208381762873602	0.20578836733581057	0.04898902844873091	0.17387613660854348	0.16018433750545524	4	True
TMA16	0.13158201196201189	0.19959361380480437	0.1390765816245328	0.17007870096104175	0.1600827270880977	4	True
MYH9	0.14269880864985282	0.1143956431879073	0.16511625899989565	0.21806302820243567	0.16006843476002286	4	True
SAAL1	0.17164425434230846	0.2262202064801426	0.0774390245588182	0.16453928526119752	0.1599606926606167	4	True
CYB561D2	0.03143467638005124	0.2196194923833148	0.32553446777671996	0.06306170184462612	0.15991258459617805	4	True
SRA1	0.03670491106117886	0.2630424051426586	0.09832470582763182	0.2402476552312746	0.15957991931568596	4	True
RPAIN	0.20498895453837307	0.19618299090156016	0.06311001517314246	0.17402234463166077	0.15957607631118412	4	True
PTPA	0.06380625025968822	0.302682768693259	0.2378345736159606	0.03397549475541116	0.15957477183107976	4	True
HNRNPF	0.06902021994932614	0.23999416092802853	0.1810949095668143	0.14719607676868163	0.15932634180321265	4	True
SLA	0.14546861712022557	0.24108705910686537	0.10890166632483791	0.14113929820740945	0.15914916018983458	4	True
ASNSD1	0.09492878146721545	0.2722230292827147	0.13509099646066489	0.13329084984912826	0.1588834142649308	4	True
REX1BD	0.07740296909421772	0.18599491125736978	0.20596149434931552	0.16444130849173444	0.15845017079815937	4	True
NUDT4	0.10280604575411242	0.18641480597362586	0.08599588495266663	0.25780083817021804	0.15825439371265573	4	True
QTRT2	0.03069389461118099	0.17962428799043909	0.16607153730472038	0.2563258102077192	0.15817888252851492	4	True
TRIM35	-0.17049828011737284	0.2503541120781683	0.23249950805423875	0.31995906485124226	0.15807860121656914	3	False
TEX14	0.23175278161955673	0.2239099627415166	0.0737311494363065	0.10277070444209181	0.15804114955986792	4	True
MRPL44	0.05730081528769407	0.31763004830345126	0.0806029821775796	0.17633756745132292	0.15796785330501198	4	True
PRNP	0.22572248123920724	0.37436708007097846	0.037498608516599655	-0.006881054770945308	0.15767677876396002	3	False
RNA28SN5	0.06414426561290269	0.21229502803880987	0.13979058114376974	0.21393378570270835	0.15754091512454765	4	True
PTDSS2	-0.07420116580711901	0.2972710652632831	0.3494565049692118	0.05688009670832614	0.15735162528342553	3	False
C12orf29	0.02060879019404031	0.21611630781986063	0.2554619270549445	0.137091665072099	0.15731967253523613	4	True
LAP3	0.04974530851049977	0.13830272333351576	0.20280691068483467	0.23830929648244967	0.15729105975282498	4	True
PHF6	0.12482525667159272	0.33534271723076703	0.03494729471069267	0.13330750738298133	0.15710569399900845	4	True
ARPC2	0.1376726001114492	0.10614042215377863	0.2524281696719444	0.13065122847630034	0.15672310510336815	4	True
PDIA4	0.2774802748355665	0.3517090529245609	-0.09871152711681366	0.09635053630912763	0.15670708423811033	3	False
RBM17	0.08942998750488787	0.21149849847050578	0.1923833895267868	0.13339873126730836	0.15667765169237222	4	True
LOC652276	0.2270148899798087	0.27753352346685084	0.026384449355477152	0.0957022908946156	0.15665878842418807	4	True
OXCT1	0.20920608432392215	0.18142773404042065	0.030128163841686584	0.20569962531409072	0.15661540188003004	4	True
TFAP4	-0.04768779497507361	0.24476307859931465	0.08954230757059467	0.3397794674661752	0.15659926466525273	3	False
API5	-0.034775109447015375	0.25307380889002395	0.16766632104365548	0.23987464875199357	0.1564599173096644	3	False
CALU	0.15985673157607952	0.29685507194067595	0.011289944572671205	0.1568892690926855	0.15622275429552804	4	True
FOXRED1	0.04712346637694133	0.43809705030738727	0.04447851447879937	0.0951622733475906	0.15621532612767966	4	True
NSFL1C	0.16858264347315982	0.21687055889384102	0.13353294705358076	0.10535845824895818	0.15608615191738495	4	True
NDUFV1	0.08698608301159445	0.22534071666695094	0.19349127113634226	0.11807977988126732	0.15597446267403872	4	True
CYB5R3	-0.037857254916610815	0.192847929281176	0.22423474400514315	0.24452043383514066	0.15593646305121225	3	False
E2F6	0.1020003690700341	0.14418714328298124	0.15053864962971247	0.22682856309224564	0.15588868126874336	4	True
MIDN	0.2259370478271922	0.03446480617452855	0.25469573277882795	0.1082653879946093	0.1558407436937895	4	True
PPRC1	-0.049322512215868954	0.2567392033853013	0.10106497202121839	0.3142125852257524	0.15567356210410077	3	False
AIFM1	0.0534449720510682	0.33785459382258426	0.07931321210028734	0.15171820242487932	0.15558274509970477	4	True
AFDN	0.15907257786247936	0.04546823632135398	0.2325724235911317	0.18457974999834909	0.15542324694332854	4	True
SCML2	0.1884421334284705	0.1940930933125551	0.09417371667404932	0.14495818901945284	0.15541678310863194	4	True
THUMPD3	0.08087523221481469	0.29816840359407915	0.16727786628954983	0.07460976077728389	0.15523281571893188	4	True
NFE2L3	0.028223417135834636	0.1250575299805682	0.1479747345316897	0.3196575624364713	0.15522831102114096	4	True
PIGH	0.06976550309788804	0.32271758756144947	0.11199967199213258	0.11616469273150802	0.1551618638457445	4	True
PNRC2	-0.010433995247843091	0.2524181666553218	0.1361210401942321	0.24252994740668105	0.15515878975209796	3	False
MSN	0.14838349616656407	0.11853627742307951	0.1252320171252078	0.22847935745473993	0.15515778704239783	4	True
LRPAP1	-0.017083943591667337	0.1250524549491274	0.26198184881179615	0.25013574160998264	0.1550215254448097	3	False
NUP50	0.071429503024147	0.18746842447506534	0.17278014591137908	0.18722110585347576	0.1547247948160168	4	True
JPT2	-0.11532503063913145	0.2785960385082593	0.21038453585306408	0.24456218378762679	0.15455443187745466	3	False
LRP8	0.006216485059189553	0.3127355490707714	0.1659812944633512	0.13227399933419923	0.15430183198187783	4	True
UBA5	0.1404337580384323	0.22654976974728075	0.12721589454801113	0.12209835577295347	0.1540744445266694	4	True
METTL2B	0.10539373848538518	0.27238537905963267	0.13058422837761155	0.107216057567041	0.1538948508724176	4	True
SLC50A1	0.16772258196927264	0.11577499048414878	0.12035123850546862	0.21154279345323176	0.15384790110303045	4	True
NIT2	0.16072038303520716	0.1814391066329454	0.13207265177366312	0.138997872992892	0.15330750360867693	4	True
ISCU	0.2314141155182256	0.2167428588571824	0.13064772519548223	0.03428534355232475	0.15327251078080373	4	True
POLR2D	0.12675256767171866	0.2227883207837207	0.09004417343615484	0.17339825605368633	0.15324582948632015	4	True
EMC8	-0.0012996932584614389	0.31599785153251553	0.1483194660010729	0.14936146568679912	0.1530947724904815	3	False
TXNDC9	0.14906605877418244	0.22606179319221842	0.2429295646034152	-0.005828156078994476	0.1530573151227054	3	False
PPP5C	0.06247420134890158	0.2463682548799534	0.17955508402459755	0.12275338389617818	0.15278773103740767	4	True
MTF1	0.1190257616822057	0.25399263234920594	0.11707484674266157	0.12102849638613927	0.1527804342900531	4	True
SLC5A6	-0.1603284671963195	0.32591305615987526	0.14174231058003514	0.30325026703134084	0.15264429164373294	3	False
PIGA	0.3625961354765533	0.293048438150002	-0.02760496476840908	-0.01777830700443208	0.15256532546342852	2	False
ZNF749	0.2128331157374398	0.09987814700074457	0.17577921331731824	0.12032390985291977	0.1522035964771056	4	True
RAD23B	0.0693173902470898	0.17030710741140354	0.20343722334642195	0.1655578707266752	0.1521548979328976	4	True
CCAR2	-0.02035121026160426	0.23173297876836857	0.28461549218870624	0.11117493982593314	0.15179305013035094	3	False
LINC01128	0.28535576707956467	0.09126008940077446	-0.008493533098357275	0.23883903912002077	0.15174034062550065	3	False
KLHL15	0.4211941764641676	0.23514741230232689	0.0791072209988082	-0.12871091028674636	0.1516844748696391	3	False
POLR1D	0.08099442601493673	0.15029855599138026	0.07749213657463286	0.2977132000539437	0.1516245796587234	4	True
UCHL3	0.06085123660794787	0.2994317410979408	0.10537270112577317	0.14072116148104774	0.15159421007817742	4	True
NFATC1	0.13432129873156204	0.37416884266045214	0.05413757688580405	0.043670128473175425	0.1515744616877484	4	True
USF2	0.02461451290249763	0.23886882938932782	0.14412599199084225	0.19854565517754524	0.15153874736505324	4	True
RCC1	-0.05005484489716824	0.3328806971326731	0.16766112909701328	0.1547981169655379	0.15132127457451403	3	False
UFM1	0.14874044999391217	0.12464026823042246	0.22842015450294056	0.10321161035142468	0.15125312076967495	4	True
UMPS	-0.003093776292090126	0.19201994085462806	0.23438813577329928	0.18122397694642553	0.15113456932056568	3	False
MTHFD1	0.10434296341171	0.19757864546988022	0.1381570060149426	0.1642948068434985	0.15109335543500782	4	True
ADCY3	0.017912686963950583	0.23827121827935913	0.12256267685205466	0.2254661426316578	0.15105318118175554	4	True
C1D	0.08531448529462551	0.15541176590815795	0.17049786631769015	0.1926234019146079	0.15096187985877038	4	True
MDN1	0.00027719833091192713	0.2775573613685199	0.15878656654808207	0.1671923704605062	0.15095337417700502	4	True
YTHDF2	0.12816099938709116	0.09549293865050464	0.22587458065728364	0.15371233099558515	0.15081021242261614	4	True
VGLL4	0.3218786940003413	0.2746773102298205	-0.01957507428340748	0.025989375949436098	0.15074257647404762	3	False
ACTR1A	0.11495316675956906	0.007911102996931494	0.2525464167014057	0.2271487370295895	0.15063985587187395	4	True
TMEM41A	-0.06342362122825904	0.45841199755785395	0.021199701881296728	0.18600415014546356	0.1505480570890888	3	False
LINC02595	0.15144467100966513	0.2169151332605148	0.12137787321143709	0.11179813109586004	0.15038395214436925	4	True
NADK	-0.05632180164881321	0.27605337589656226	0.12066718134247198	0.2606175802394539	0.15025408395741874	3	False
GNB1L	0.14282044908105346	0.17977976973136078	0.21168846702477057	0.06672273093581632	0.1502528541932503	4	True
PHLDA1	0.036802316716474	0.2869346890771271	0.17078732843408154	0.10610660024586481	0.15015773361838686	4	True
BST2	0.006395721054204496	0.29875478078549816	0.11587564533825105	0.17779415995923215	0.14970507678429645	4	True
SDF4	0.14190343526460306	0.13570347119380352	0.2729320283750198	0.04820176880461192	0.14968517590950958	4	True
ENSA	0.04044267102764254	0.2943923788087519	0.15922025632084755	0.10416877308574649	0.14955601981074712	4	True
BLOC1S2	0.15100181906678062	0.1333590939334612	0.21754942604310487	0.09615929898210922	0.14951740950636397	4	True
ZFP36L1	0.0010211211684574644	0.188124023733996	0.2511985843390734	0.15771760027560539	0.14951533237928305	4	True
B3GAT3	0.1332073728142032	0.17648656300428567	0.1266237941471941	0.16163522627860236	0.14948823906107134	4	True
RBBP7	0.20011570033913945	0.12100358189964679	0.1339108115364544	0.14288738237512422	0.1494793690375912	4	True
URB1	-0.014529925274375553	0.27451423632832295	0.14018709053345316	0.1977311300894264	0.14947563291920674	3	False
TOPBP1	0.08519836706881606	0.34560384838458214	0.011272401065636123	0.1540673863793468	0.1490355007245953	4	True
FXN	0.02406133686546063	0.265989869624772	0.2239300432421314	0.08162805258578469	0.14890232557953717	4	True
RINL	0.1972166301040485	0.132006736368513	0.04011832103751205	0.2261452453398663	0.14887173321248498	4	True
MAP2K1	0.4604545730541036	0.1697981215467718	-0.13772507179121649	0.10251396782438832	0.1487603976585118	3	False
TMED4	0.14716858626961374	0.23297744623947003	-0.004002726512895385	0.21826516236727952	0.14860211709086696	3	False
PLEKHB2	0.1452736805977661	0.2052451868266072	0.04724937668037978	0.19628776823777563	0.14851400308563217	4	True
PEF1	0.1282291094214936	0.31744453211698437	0.03120529544132592	0.11710115110288387	0.14849502202067194	4	True
MRPL3	0.05482444004481364	0.22188924923255388	0.14897184854830367	0.1682857784925637	0.14849282907955874	4	True
TSPAN31	0.10565947012274304	0.4198738799082841	-0.11680141505658416	0.18450845410032227	0.14831009726869132	3	False
EI24	-0.1484354687381487	0.20877664752759226	0.28523367438318786	0.24621242067982346	0.14794681846311372	3	False
GABARAPL2	0.10189422052366001	0.08110409115871803	0.25057885913978317	0.1579829575204772	0.1478900320856596	4	True
NIPA1	0.069563889409879	0.0702236907057835	0.2344277837929285	0.21666851443301782	0.1477209695854022	4	True
GABARAP	-0.01821360798098133	0.17004624736887736	0.2154645044854102	0.22250046295343334	0.1474494017066849	3	False
MTCH1	0.17276089538701597	0.2918785316337259	0.04519410590408804	0.07988897082996213	0.14743062593869802	4	True
TOR1B	0.10223997801042746	0.18424308627363448	-0.027345826100306475	0.3305771157710798	0.14742858848870882	3	False
XRCC5	0.03168464458565406	0.1983410202040531	0.1216662269462713	0.23755995747144087	0.14731296230185484	4	True
IPMK	0.3576579759991923	0.3361285382414235	-0.14096444260149704	0.03586908855215998	0.1471727900478197	3	False
ANKRD16	-0.07112623038183527	0.12785175781838704	0.31551302307128876	0.2151101341677219	0.1468371711688906	3	False
QTRT1	-0.006550479082201718	0.2894972209716674	0.08093438768344553	0.22284994795479932	0.14668276938192762	3	False
SMARCA4	-0.01839982670549691	0.2556295047119487	0.12407952821682319	0.22515824523765493	0.14661686286523246	3	False
NDUFS2	-0.0007360324282142904	0.13737209644242732	0.24939184469185427	0.199581520843765	0.14640235738745808	3	False
MAP7D3	0.045521702433349076	0.26294153684392085	0.3139631550197904	-0.03685146431344436	0.14639373249590398	3	False
ARL10	0.08240172996078476	0.21806935259500654	0.13693550109763752	0.14794536472904662	0.14633798709561885	4	True
FAAP100	0.10491293481315198	0.10563138408062869	0.09720912774570714	0.27698209005203883	0.14618388417288164	4	True
GNAI2	0.23954830687378012	0.0979148649241369	0.10042956314260598	0.14661895889867263	0.14612792345979891	4	True
TMEM167A	0.06637651905627381	0.1554918913570974	0.1815370842532113	0.1810798900583883	0.1461213461812427	4	True
MACROH2A1	0.1407181250971266	0.13052459432241661	0.12128413206572643	0.19177403995589778	0.14607522286029187	4	True
CIAO1	0.03689970758153193	0.19207133664299325	0.1449658650036244	0.21029869016215388	0.14605889984757586	4	True
PER2	0.19531522838132326	0.06525886322833144	0.15903030754649394	0.1643742478456975	0.14599466175046155	4	True
SFPQ	-0.03139245532996046	0.2255266552984129	0.18877228672525992	0.20078660722419459	0.14592327347947673	3	False
OSTC	0.01942929286511498	0.16888244070889052	0.15761193821833078	0.2376262003710649	0.1458874680408503	4	True
RIOX2	-0.024425178053426727	0.20769082981569686	0.15632556565630137	0.24368985787575825	0.14582026882358246	3	False
MAIP1	0.14038897977558182	0.23195445350016491	0.14850921736195863	0.06207943042092816	0.14573302026465837	4	True
CAD	0.09305730206569257	0.3521587654756466	0.045074976805569864	0.09263308453756564	0.14573103222111866	4	True
DOCK3	0.24342557389445227	0.25610663983048315	-0.023441484393412017	0.10681293590239688	0.14572591630848006	3	False
G3BP2	0.194962605376328	0.13951137148171808	0.1433660139797373	0.10455619004641543	0.14559904522104972	4	True
RPP38	-0.03421022333242553	0.4146768460131623	0.20674905597518967	-0.005031521451709227	0.14554603930105428	2	False
HAUS7	-0.11524610839668777	0.4248209071351778	0.08741597303033494	0.18499643509549388	0.1454968017160797	3	False
PLBD2	0.08670960643096272	0.30066230795151105	0.09250030246980945	0.10209730767510189	0.14549238113184626	4	True
MAP2K2	0.13269508512841038	0.04166241034113024	0.19876515394612287	0.20824902946449536	0.1453429197200397	4	True
SPCS3	0.11135870020162973	0.23664095785534217	0.057051840112125704	0.17622510314820808	0.14531915032932644	4	True
HDDC3	0.2528892844995394	-0.03147662892484524	0.11484474110009407	0.24409243958396148	0.14508745906468745	3	False
MBD4	0.06723306597975823	0.18273189834671313	0.12984758471468758	0.20043988838374122	0.14506310935622502	4	True
SMIM12	-0.0556770192402702	0.23722038906764473	0.15585020714953682	0.24250454966487336	0.14497453166044616	3	False
ELAC2	-0.0021286518836081737	0.23460250681679243	0.14263252191677941	0.20476244625730813	0.14496720577681796	3	False
ZNF830	0.176883346831848	0.16349885909519513	0.14151362738763748	0.09726567433385401	0.14479037691213367	4	True
DDIT3	0.5897732336249608	0.2622111174363585	-0.04470574828151417	-0.228576903786771	0.14467542474825854	2	False
COX7A2L	0.032136602228437346	0.23504527017570528	0.1435979403046325	0.16769301501483655	0.14461820693090294	4	True
GMFG	0.06398564427254909	0.16452521476669194	0.197808674602016	0.15185341485744291	0.14454323712467498	4	True
UCKL1	0.16239296311590037	0.20200194192704476	-0.0006213732076512004	0.21433793594248338	0.14452786694444433	3	False
BPNT2	0.008605616812745298	0.22390426565017812	0.11704989060477232	0.22821908234660834	0.14444471385357602	4	True
DNAJC7	0.03627517383584299	0.23143252340794537	0.14236336136318736	0.16726352684089255	0.14433364636196705	4	True
SRGN	0.12390314343247295	0.25471458808407427	0.07803678623996015	0.12054308831783313	0.1442994015185851	4	True
PLCG1	0.189868523591604	0.3044400874163751	-0.12961507218804358	0.2123276339994122	0.14425529320483693	3	False
UNC13D	0.24912709335218558	0.1795556523355751	-0.010475826535875764	0.15858005791637203	0.14419674426706425	3	False
NUP188	0.16645168058303994	0.1911355535125814	0.11467379835311754	0.10451043947290378	0.14419286798041064	4	True
ALG1	-0.008477256318355265	0.5308305731729238	0.0629261206321802	-0.008656545181337823	0.14415572307635272	2	False
RANBP6	0.22041972760788867	-0.07592507471106438	0.2678062892451813	0.16403351558607251	0.14408361443201953	3	False
TATDN2	0.05013165815650977	0.2000076398992959	0.2150746179102912	0.11057109232807144	0.14394625207354209	4	True
DNAJC21	0.05171784225505042	0.12637089639428323	0.2525936635996188	0.14424489375617344	0.14373182400128148	4	True
NAE1	0.10706361007629026	0.24614917756623844	0.07555203828413397	0.14601489069184556	0.14369492915462706	4	True
BTG2	0.12064043135774676	0.08311364752415809	0.1565071851302846	0.21450446480150043	0.14369143220342245	4	True
SMNDC1	0.13146980722766835	0.18948566951844842	0.1707937489913555	0.08291832986273466	0.14366688890005172	4	True
TAF1D	0.07741464986421877	0.3014974821062067	0.09527339903291362	0.10026138272884681	0.14361172843304645	4	True
QSOX1	0.20822485997563175	0.21853094374885756	0.050523059813188935	0.0964320417036654	0.1434277263103359	4	True
ZNHIT1	0.02889803619988393	0.18705343530281468	0.24218267953530526	0.11521275836976837	0.14333672735194306	4	True
NUBP1	0.0038338249450324924	0.19096350416829583	0.056906872749700646	0.32159008806019423	0.1433235724808058	4	True
SLC41A1	0.24010574627929754	0.07057680627233419	0.24337769576297166	0.018306154712621082	0.14309160075680613	4	True
SHARPIN	0.10149579623075204	0.28601867287648086	0.23998230147391472	-0.055580390744703896	0.14297909495911093	3	False
HTATSF1	0.07315268306264175	0.12135575861537541	0.12197264517589546	0.25532725583801874	0.14295208567298284	4	True
CCDC167	-0.0042719930975746254	0.2798943137938963	0.08876758569552597	0.20741562368417701	0.14295138251900616	3	False
CEBPB	0.28630632984302967	0.17956620833250098	0.24922458426161168	-0.14332366362414306	0.1429433647032498	3	False
ERGIC3	-0.17419885087140138	0.3420129730114928	0.1689996950801272	0.23461306855145822	0.14285672144291922	3	False
SLC4A7	0.16404533329900992	0.07092986345950013	0.15657055354093238	0.17972258171454122	0.1428170830034959	4	True
UTP23	0.12399573026351261	0.13104462281393917	0.1899218644683826	0.1262832387858137	0.142811364082912	4	True
HLA-A	-0.018986748683869948	0.184234330330624	0.19808470316011914	0.20753322784585548	0.14271637816318217	3	False
DERL2	-0.014907277796138362	0.18409637749397562	0.12795152024901973	0.273225335110099	0.142591488764239	3	False
LRRC47	-0.08833192304596575	0.23399467256860487	0.10745818671786707	0.31724327027145527	0.14259105162799035	3	False
NMD3	-0.02176656932934079	0.20946175009841933	0.15366687576341284	0.2282814355912934	0.1424108730309462	3	False
ZNF367	-0.03799894037299426	0.43668716886339504	-0.08938679256726666	0.26010724240799205	0.14235216958278152	2	False
GOLGA3	-0.026988056284792672	0.08576714740209856	0.26482565684488585	0.24558123445356383	0.1422964956039389	3	False
COX14	0.08824960106648426	0.0986422968478394	0.20500222868222853	0.17697890635785085	0.14221825823860076	4	True
PRR3	0.08317300416935153	0.4000658302252416	0.018374339719175223	0.06690699103403568	0.142130041286951	4	True
HADHA	0.10345981167196525	0.11355011471520576	0.15391811028500157	0.19716747840936052	0.14202387877038328	4	True
RBM34	0.10068220414211111	0.15645274906195406	0.12058981097174919	0.19032165688308067	0.14201160526472376	4	True
CS	-0.02737862940896047	0.17828129467332468	0.26363179671994935	0.15338303915028564	0.1419793752836498	3	False
PPP1R8	0.07740827661761165	0.21556937274301574	0.1081465678099234	0.1664518944933005	0.14189402791596284	4	True
TMEM223	0.03837864800773399	0.25613764015719986	0.1371510373417837	0.134519930398906	0.1415468139764059	4	True
EMC10	0.030296763790766963	0.3715316138193606	0.10243444955354875	0.06156394031859726	0.1414566918705684	4	True
MCTS1	0.08797103543146223	0.12681989983465794	0.21918306249107783	0.13170876350702396	0.1414206903160555	4	True
ELOVL6	0.10412633519077023	0.3923942797628798	0.000962072117772825	0.06803768548362199	0.1413800931387612	4	True
YTHDF1	-0.018951392332463016	0.22807385523066176	0.25302432530880037	0.10296996216577299	0.14127918759319302	3	False
CCNB1IP1	0.14652532639391105	0.24002017457652805	0.005230625061897484	0.1730961051774648	0.14121805780245034	4	True
RELA	0.22060324725887231	0.2091700062395426	0.012121729939879302	0.12269722567041932	0.1411480522771784	4	True
PTP4A2	0.09846605470495899	0.07650849216682916	0.20346911165164833	0.18583966682027872	0.1410708313359288	4	True
LRRC8B	0.08852903672785911	0.34045599995094644	0.011512785304945667	0.12365103102553077	0.1410372132523205	4	True
ATP6V1D	0.015580724817796238	0.0880863559284629	0.2751987540455971	0.18515232428451975	0.141004539769094	4	True
ERG28	-0.0007552607157793848	0.1867306650506823	0.20621408241675993	0.1713250074590037	0.14087862355266664	3	False
EXOSC7	0.04165093902902732	0.20327955446544543	0.21047659056756524	0.10771712068213628	0.14078105118604356	4	True
PIGT	0.13640054975937185	0.22547304238262486	-0.015778720915529454	0.21686099935487088	0.14073896764533453	3	False
CYSTM1	0.15198074097074996	0.18861673964364506	0.0007056968008053296	0.22026774930130064	0.14039273167912525	4	True
HSPA1A	0.22137504045249257	0.07212958799839903	0.15374508892379463	0.11414081776498217	0.1403476337849171	4	True
C9orf40	-0.08163908619288787	0.15558620162267697	0.09621237277546259	0.39110643526883715	0.14031648086852222	3	False
ITGB7	0.036198870762934036	0.019164786419700226	0.343577559327063	0.16224594592255842	0.14029679060806394	4	True
NFIL3	0.35693279665319805	0.30554495267529386	0.019716258455609013	-0.1212252934641833	0.1402421785799794	3	False
ORMDL2	-0.025667465529707417	0.21750081696612647	0.13652155117726067	0.2325920582383155	0.1402367402129988	3	False
C12orf43	0.08081292677823275	0.29612389095706715	0.07940172358404694	0.10328434052292754	0.1399057204605686	4	True
LINC01036	0.17569358452871184	0.3038202319016021	0.16702676230853947	-0.08749050498659901	0.1397625184380636	3	False
TOB2	0.0787487909929143	0.18827973989295452	0.055993450962851736	0.23600331045009587	0.1397563230747041	4	True
CHTOP	0.1050663698664593	0.05048385929572647	0.2603844004433959	0.14284806082928875	0.13969567260871762	4	True
MFN2	0.0705954137244044	0.08703259832149313	0.08395119039113418	0.31714412661138647	0.13968083226210454	4	True
GDI2	-0.008085933366109698	0.22322094919619173	0.09126350782845094	0.25173929399442696	0.13953445441323997	3	False
AASDHPPT	0.07922858883161951	0.15792909755107037	0.16087894395620944	0.15984874044710998	0.13947134269650233	4	True
CDCA7L	-0.0367904540223801	0.30513205416153466	0.08271443824477218	0.20665623956593968	0.1394280694874666	3	False
DUT	0.15084788196915616	0.18563117992061862	0.0871255916962954	0.13362493175408596	0.13930739633503902	4	True
IL1RAP	0.4337307228962752	0.25121202237697304	-0.09177535844816773	-0.035961270460727626	0.1393015290910882	2	False
LRPPRC	0.008958706834687651	0.29521326071413867	0.1168608693974713	0.1354604553575232	0.1391233230759552	4	True
RAD1	0.08634064296914254	0.2108265191264895	0.17076327450635928	0.08852668552883045	0.13911428053270544	4	True
HYOU1	0.05447152614084325	0.22542445744217007	0.07388698083839054	0.20257309711932633	0.13908901538518256	4	True
TMEM9B	-0.048760193032808284	0.21835026532666285	0.12544755203053515	0.2610906247957402	0.13903206228003248	3	False
HMGCR	-0.029590899057959003	0.37410062502711194	0.011929930596880889	0.19918125500395306	0.13890522789249674	3	False
CSE1L	0.010640205926732486	0.18985247011766648	0.19203371697675062	0.16299036741415543	0.13887919010882624	4	True
PDIA3	0.13895039110234195	0.24191338717153085	0.0588262747819045	0.11574825119688806	0.13885957606316635	4	True
PPP1CC	0.09558684570383388	0.20423288988657942	0.06763483395172853	0.18774902307472752	0.13880089815421734	4	True
WIZ	0.15628748362441075	0.13497943156548817	0.0076095020852172	0.25621515312257614	0.13877289259942305	4	True
RARS1	-0.03931517115507885	0.23643086403254016	0.12053788614269069	0.23729037498589406	0.13873598850151153	3	False
EIF5	0.021788483381318273	0.1393581346731486	0.222774627803168	0.171001117866537	0.13873059093104295	4	True
TOMM34	0.002248598195134128	0.3666456081007528	0.12067367496574957	0.06519009981044618	0.13868949526802068	4	True
CRCP	0.02689675532994962	0.1780585581117584	0.1686439183965494	0.1811442613747105	0.138685873303242	4	True
GID8	-0.026502190132022728	0.336897538906945	0.16054928666634924	0.08316622239575706	0.13852771445925716	3	False
SETD1A	0.0543664495384402	0.150979078530188	0.15923455217475388	0.18945257309095107	0.1385081633335833	4	True
GRHPR	0.012076063436132174	0.24061469530603408	0.17363789995124712	0.12766044644466287	0.13849727628451905	4	True
EIF2D	0.18128901578807477	0.2738177759343511	0.017037598615893795	0.08179160313385439	0.1384839983680435	4	True
EZR	0.15118558672659596	0.15677013365880946	0.09585463741840625	0.15007184815452065	0.1384705514895831	4	True
LINC00513	0.240144372098575	0.2749960196193513	-0.018914072279750668	0.05668154253299498	0.13822696549279265	3	False
FIRRE	-0.08935693727855246	0.6794705213691128	-0.11635919579111684	0.07912281016484853	0.13821929961607302	2	False
KLF10	-0.04917703255904648	0.18605960320785997	0.2201533943125393	0.19552669635041026	0.13814066532794078	3	False
C7orf26	0.1255634604135446	0.10185958320557008	0.11550905249044657	0.20891647994042245	0.13796214401249593	4	True
POU2F2	0.09451202522313093	0.17744031241134905	0.13228721227888413	0.1469669942534911	0.1378016360417138	4	True
UBE2L6	0.07511097323697191	0.11276474828693352	0.21200189478901352	0.15127006271713567	0.13778691975751367	4	True
VPS4A	0.06287029324170265	0.29290909895718475	0.14381681423093182	0.05119166223071241	0.1376969671651329	4	True
LYRM2	-0.026358317589491725	0.26679320346659313	0.22010627147335993	0.08976527279994839	0.13757660753760242	3	False
RFC2	0.07099771593800543	0.3365798210376266	0.004951781118441307	0.13769917100452814	0.13755712227465036	4	True
PDCD7	0.06848923116822753	0.12975277863423101	0.17649431234135585	0.17532498510394717	0.1375153268119404	4	True
POFUT1	0.051597572238751985	0.2295677682315787	0.07926145867267563	0.18935284843049288	0.13744491189337482	4	True
ATP6V0E1	-0.0601102212510748	0.2970931640198702	0.19516432568450515	0.11694577227856405	0.13727326018296615	3	False
WDR75	-0.0003970366915510549	0.21235569903728202	0.11902161877604076	0.21754498709371792	0.1371313170538724	3	False
POLR1A	0.02024356514735163	0.24402548476461414	0.10297734439520013	0.18099837000463864	0.13706119107795112	4	True
CLNS1A	0.05834193292418964	0.21319770351532719	0.1578629119243404	0.11817687118534899	0.13689485488730158	4	True
CHMP2B	0.11199220381625838	0.056606235112772484	0.15124649441892662	0.22772984477126218	0.13689369452980493	4	True
CXorf56	0.2600648207523679	0.018564078962827146	0.17083622755470637	0.09800114615626823	0.1368665683565424	4	True
TOR3A	0.16438415678858792	0.2952758624516687	0.02035648654756701	0.06744606931042951	0.13686564377456328	4	True
PCED1B-AS1	0.1326977617420315	0.1892093851193818	0.14483906180305384	0.08070167501694557	0.13686197092035318	4	True
KCTD5	0.03345232303584591	0.12009403022118188	0.1612531533985986	0.232440165052234	0.1368099179269651	4	True
ARF4	0.07205980177762268	0.1265520546767589	0.17822446900964187	0.17026131086019078	0.13677440908105357	4	True
SDAD1	0.03351486471592232	0.23580187202136127	0.07168776336723492	0.20592755413206515	0.1367330135591459	4	True
NOL9	0.031063124050074668	0.16205966392609933	0.1573287006345755	0.19596195065432548	0.13660335981626875	4	True
RALGDS	0.162863133440617	0.09655817287374265	0.15929876054179923	0.12768378869103847	0.13660096388679935	4	True
UBE2G2	0.046095499543952236	0.2249976724120047	0.09385247888115057	0.18075319421637595	0.13642471126337086	4	True
TXNRD1	-0.01413334285549966	0.17829123542331457	0.18195318430803306	0.19957592292757453	0.13642174995085563	3	False
BRD9	-0.09686160312475948	0.1952467847070264	0.2288379169386221	0.21796163064991098	0.1362961822927	3	False
BTF3L4	0.05041508515546262	0.31970437219110454	0.09539212987947092	0.07962159253558146	0.1362832949404049	4	True
RING1	0.10208036363951345	0.10106193940704067	0.20261508614939427	0.13924449949437157	0.13625047217258	4	True
MSL1	0.06021233601957377	0.15687208018880916	0.13453702788289665	0.193365765266938	0.13624680233955438	4	True
ESYT1	0.16806704263566813	0.21108433936116577	0.14223158653073378	0.02335189599732829	0.13618371613122401	4	True
PIGS	0.04456318457796429	0.335352670173736	0.13242434325027536	0.032203654634567015	0.13613596315913568	4	True
DBNL	0.20693497865119204	0.08923692191233785	0.1684851665000896	0.079828437094607	0.13612137603955662	4	True
CAMKK2	-0.012448621532699614	0.19962216188714432	0.15010207364987002	0.20699617746582605	0.13606794786753518	3	False
JOSD1	0.055113563171264965	0.2921100017126796	0.19370826108264702	0.003230017656930598	0.13604046090588057	4	True
BLVRA	0.33787296925140375	0.057899303074220046	0.13275778257352105	0.01547458646739355	0.1360011603416346	4	True
CISH	0.010312849300672588	0.22296884623683755	0.10442791629009972	0.2061445562625915	0.13596354202255034	4	True
CAMLG	0.07751552645409172	0.160848239507908	0.10754367659798537	0.1974081830489486	0.1358289064022334	4	True
TGIF2	-0.04271270023651304	0.18796341796829455	0.24051123023401785	0.15732873890128338	0.13577267171677068	3	False
NUDT21	0.1926153004958343	0.14294333922322694	0.0399382991131852	0.16702159512702267	0.13562963348981727	4	True
POLE4	0.10289648479152746	0.2790238043114502	0.22225457794571937	-0.06178075403638599	0.13559852825307778	3	False
DFFB	0.06668737676121168	0.19292199461868836	-0.02884948937524289	0.3109910644424754	0.13543773661178313	3	False
RBM14	0.07042331363423569	0.26307331826941	0.09751465411638038	0.11059575496556898	0.13540176024639877	4	True
XPO5	0.06539492375935395	0.317826619833619	0.04981959107913754	0.10855732149494893	0.13539961404176484	4	True
DHX38	0.05855058680677541	0.1281665623275627	0.055106419046946256	0.29938263303213497	0.13530155030335483	4	True
MRPL30	0.0005609825315118577	0.22027951063498935	0.18061976595060217	0.1393050500701807	0.135191327296821	4	True
DPP7	0.0320903755348908	-0.08684914599897602	0.1929538521672746	0.4017054595776572	0.13497513532021166	3	False
NDUFB5	0.14860538236896562	0.15449561179790722	-0.008549106703845566	0.24437597898012745	0.13473196661078868	3	False
CAPRIN1	-0.012957191356058875	0.20558218546686158	0.11004074283957446	0.2354447729437933	0.1345276274735426	3	False
LTA4H	0.07589254935430362	0.3596307884547969	-0.016143052554289675	0.11867998425309975	0.13451506737697766	3	False
VPS35	0.1279888525727391	0.07429249989753851	0.10025016106910857	0.23486368784011616	0.1343488003448756	4	True
LDLR	-0.023320672190709803	0.3018254599224075	0.06589041581755166	0.19284721608958322	0.13431060490970814	3	False
GLT8D1	-0.05744815871351517	0.2494516280845322	0.025799015072382307	0.31919713397154775	0.13424990460373676	3	False
STIL	0.11069628278594183	0.32080432978002066	-0.04178498196296826	0.14653445475306484	0.13406252133901478	3	False
AARS2	-0.05987253863869092	0.3216051400210857	0.15653148921484492	0.11792722829426464	0.13404782972287607	3	False
GRSF1	0.02036627916131553	0.18645364748072044	0.18451223625214946	0.14484591500360228	0.13404451947444693	4	True
DHX30	0.0027260274492326457	0.2827931162468677	0.1604968514028978	0.08970331179339297	0.13392982672309778	4	True
SSR3	0.08064349651850923	0.21327635659424168	0.11884537921667086	0.12276911671578963	0.13388358726130287	4	True
NPL	-0.03630353426456063	0.34267500130489426	0.30903793887867564	-0.07987971925089643	0.1338824216670282	2	False
ISOC1	-0.016431297779882788	0.1471223605418485	0.2217232896316071	0.1828927276032025	0.13382676999919382	3	False
TNFRSF1A	0.11669414336392384	0.158505073904498	0.22124481389374048	0.03848813473657271	0.13373304147468376	4	True
CHMP4A	0.07425954263354216	0.13374568863326627	0.17501767918602612	0.1518201687382232	0.13371076979776444	4	True
BDH1	0.11622197687422424	0.2619082303381306	-0.07038805744910534	0.2268736419400691	0.13365394792582966	3	False
TNIP3	0.25211422831722097	0.10980868995088874	0.10127092881720365	0.07134889350554936	0.1336356851477157	4	True
HLA-E	0.09593665826149111	0.17852114362228025	0.09264015740806752	0.16724103540918012	0.13358474867525474	4	True
DUS2	0.05269055719238098	0.11957960018212511	0.236750376416691	0.1251792466842052	0.13354994511885057	4	True
YKT6	-0.06555348784172245	0.29421640744147837	0.15962735128034988	0.14451592862905785	0.1332015498772909	3	False
MTCH2	0.07959815497157392	0.22660442580480522	0.14565948653932997	0.08018562200939876	0.13301192233127695	4	True
KIF22	0.12785070225097234	0.029993997549409252	0.2575942590871238	0.1161339894177997	0.13289323707632628	4	True
ZHX3	0.1509897581614195	0.2748663291548443	0.03642453752430237	0.06896412001944302	0.1328111862150023	4	True
MCMBP	0.08750800665840894	0.11834737452913303	0.09433960211293313	0.23046813776972208	0.1326657802675493	4	True
EIF4A2	0.1648069578571664	0.15803909949694572	0.10450012979743538	0.10285079584180408	0.1325492457483379	4	True
SLC7A5P2	0.21718015237067745	0.29648851265923565	0.021932058012096235	-0.00590878019867168	0.1324229857108344	3	False
MED4	0.22984391918125183	0.015075475188417165	0.1529471668758369	0.13168551210851523	0.13238801833850528	4	True
EED	0.0377540805465936	0.1364537501116366	0.18275190628443413	0.17235007024625512	0.13232745179722988	4	True
LSG1	-0.08601404837639347	0.20289738891928255	0.17758034328012762	0.23469284262648168	0.1322891316123746	3	False
PUS3	0.038054770965908674	0.25745140817324724	0.12080307389619369	0.11268198132379047	0.13224780858978502	4	True
IFI16	0.19133714788816986	0.07418111746162634	0.059223678139161705	0.20395952430750924	0.13217536694911677	4	True
CD3E	0.06003174202143186	0.3465981067644324	-0.0029690956692158686	0.12490238139252363	0.132140783627293	3	False
IL2RB	0.1843966353353226	0.20687828057765542	0.09296178800470842	0.04333341475031677	0.13189252966700082	4	True
MARS1	0.1862877610134167	0.27565008084245585	0.0062422167893615805	0.05897280210515976	0.13178821518759848	4	True
TLE5	0.04857221129502993	0.04844325730479166	0.3140070372924914	0.11584353139151932	0.13171650932095808	4	True
PTPN11	0.07728705373091857	0.2427804961291071	0.06258113211749784	0.1429476164360037	0.1313990746033818	4	True
THAP12	-0.03431253659720851	0.18505407656932993	0.16450662332852894	0.20950370626425793	0.13118796739122707	3	False
FBRSL1	0.1387982345533176	0.2059708410518189	0.0939080178441575	0.08596649108694654	0.13116089613406012	4	True
ACACA	-0.03159331351992849	0.2881838937271825	0.12307826258475144	0.14484755497054994	0.13112909944063883	3	False
NFYB	0.0778553441380079	0.12300286720343734	0.10510811911118814	0.21796917206037564	0.13098387562825226	4	True
HLA-B	-0.0005969804540515702	0.15113790264278387	0.1787864944721987	0.19416568004922732	0.13087327417753958	3	False
DRG1	0.03492024982832322	0.40970041618808084	0.10577052508696674	-0.02727393110927326	0.13077931499852438	3	False
SAMM50	0.11605216072695813	0.0841323212230452	0.21244886118412576	0.10997731532957737	0.13065266461592662	4	True
EXOC3	0.10982729018722885	0.15941759848004694	0.10245646861659319	0.15042135083999628	0.13053067703096632	4	True
EIF4E	0.06567234859334177	0.24464323392231493	0.0982751942090688	0.11300794897028692	0.1303996814237531	4	True
GPN1	0.10037855671703237	0.13465894084388777	0.07724196321471055	0.20900748435179936	0.1303217362818575	4	True
TNFSF8	-0.19828647750708342	0.291345025125847	0.19867502378602697	0.22806068469892127	0.12994856402592794	3	False
PEX10	0.06044635007257591	0.41049460855469344	0.002701512808007539	0.04579540881048968	0.12985947006144166	4	True
HPCAL1	0.4275832448551453	0.2789986123412974	-0.05851639292071785	-0.12872008286617456	0.12983634535238758	2	False
B2M	-0.013130181225545752	0.233994775288835	0.11065145710942537	0.187168352774642	0.12967110098683915	3	False
MPHOSPH6	0.02853840671428349	0.21160530453038173	0.09472931020620615	0.18373385181389637	0.12965171831619193	4	True
OCIAD2	0.11901152738653269	0.24846032070960417	0.029411351691331453	0.12095741273338034	0.12946015313021217	4	True
KPNA3	-0.007643985496317674	0.20638485617780788	0.17081907075835326	0.1481394157596815	0.12942483929988124	3	False
LIAS	-0.02614481924772993	0.37635455771407095	-0.09689475795831307	0.26366935158799504	0.12924608302400575	2	False
HSP90B1	0.11316423735882566	0.2669911962651471	0.002597788065018632	0.13410233901317536	0.1292138901755417	4	True
NPAS2	-0.0258754831653175	0.917390645059111	-0.20434662202223594	-0.17112480051618498	0.12901093483884316	1	False
FANCD2	0.07743070542117506	0.28818072223254454	-0.009488281525041583	0.15987714754763105	0.12900007341907727	3	False
RILPL2	0.13573552088354573	0.09412890190100723	0.13835195476622836	0.14762986806446518	0.12896156140381163	4	True
ANKS6	0.037720621679694435	0.29408466376528836	0.18871822114185027	-0.0051912886466979925	0.12883305448503374	3	False
PEMT	0.03622688161243302	0.25910382301992363	0.09314305640927187	0.12667403971405797	0.12878695018892164	4	True
CSDE1	0.02216035097606631	0.13953608007745175	0.18287186061575106	0.17017751112373664	0.12868645069825144	4	True
NELFB	0.011207084362714906	0.11965749368366833	0.1573007011194251	0.22634871619661034	0.12862849884060468	4	True
GDI1	0.1762763871034026	0.16847022559587171	0.02932788344869452	0.140213750625858	0.1285720616934567	4	True
APP	0.11420466025713442	0.1997928461743852	0.08728191420095673	0.11278415758305033	0.12851589455388168	4	True
SPCS2	0.07570285431037342	0.17216031057096395	0.13508909151358686	0.1305993916320393	0.12838791200674088	4	True
NACC1	-0.021931719292256593	0.18132205581475092	0.1577807606078503	0.1959782690736665	0.1282873415510028	3	False
SURF4	0.1027136082799704	0.1937218784735089	0.0796136938721561	0.13611255258369379	0.1280404333023323	4	True
DDX31	0.022214909139335094	0.23799394143700353	0.10620314841811485	0.1455071281850932	0.12797978179488667	4	True
ANXA2	0.1860461154439506	0.08349818704439953	0.4243323931793489	-0.18214395241174786	0.1279331858139878	3	False
RHBDD3	-0.04666545833555373	0.3339697450410183	0.07002216472531002	0.15365305698417228	0.12774487710373672	3	False
USP14	0.047203014724692946	0.12579206623235775	0.20102679106578494	0.13688454317690762	0.12772660379993583	4	True
DHX16	0.019058802880861134	0.08892239384490436	0.15418401932493883	0.248341267687429	0.12762662093453334	4	True
CNDP2	0.17125398158236316	0.10288037093031838	0.09878749198527828	0.1373645528934982	0.1275715993478645	4	True
DPM1	0.05842545780661137	0.15105580242150057	0.1733554618207437	0.12733215473610518	0.1275422191962402	4	True
PRDM1	0.28696607092998977	-0.13696826091696607	0.3877797281350073	-0.02769066884040667	0.12752171732690606	2	False
LARP4	-0.055559165489770426	0.23340371600065135	0.1466056753036055	0.185085026438302	0.12738381306319713	3	False
BABAM1	0.0480300209978489	0.23527279273906015	0.13534402844568952	0.09079233267566204	0.12735979371456516	4	True
CSTF1	0.10735466207766116	0.172242306176554	0.111928599311027	0.11757989063800955	0.12727636455081293	4	True
RABAC1	-0.09488527737587495	0.23145437541408517	0.13691316399287112	0.2349147872362344	0.12709926231682894	3	False
ADAM8	0.3506688575510874	0.16971688488341852	0.13659032214252817	-0.14901079896892538	0.1269913164020272	3	False
GGCX	-0.02725102800683372	0.17360728192063007	0.09026725765619839	0.2709923184801575	0.12690395751253805	3	False
INIP	0.05331632920191149	0.14861024479271162	0.0955303518121945	0.21015663248417543	0.12690338957274827	4	True
MUTYH	0.21547595402416064	0.33529463485980576	0.21492008562435058	-0.258451122390527	0.12680988802944754	3	False
CEP20	0.14456410493726024	0.12815832356664528	0.23281000048006353	0.0014175960186095418	0.12673750625064464	4	True
NCAPH2	0.056566321260447854	0.09311781496280017	0.19570470469486595	0.1610522183634609	0.12661026482039373	4	True
HUS1	-0.00766427942827577	0.20777717943200924	0.13681061133534655	0.1689969358780454	0.12648011180428137	3	False
GAS5	0.16049723429417262	0.24604875223664216	0.06548027229647671	0.033751363694571844	0.12644440563046583	4	True
SUGT1	0.0015385606253784942	0.04249830793624042	0.19371053284115541	0.2663162506410923	0.12601591301096665	4	True
NFE2L1	0.1464379150933151	0.33573460528709653	-0.0030350128759277393	0.0238049125775134	0.12573560502049932	3	False
SNX5	0.11273472910662603	0.2578446762992173	0.049326698183326016	0.0823537954690038	0.12556497476454329	4	True
KDELR2	-0.06077432912568467	0.29240605719119284	0.11707273926422457	0.15321574390629836	0.12548005280900776	3	False
SMG1P2	0.15021247904465745	0.2946458155926418	-0.021453384803120933	0.07847180893460658	0.12546917969219623	3	False
BCLAF1	0.09738929900956238	0.10669341375382746	0.1466100147936696	0.1511823553153038	0.12546877071809082	4	True
CD226	-0.039667336936044864	0.09927998085803122	0.30122006099585724	0.14045630440858417	0.12532225233160693	3	False
NSMCE1	0.10206614012362486	0.06545377551332301	0.09957370795472649	0.23409257744828602	0.1252965502599901	4	True
IL2RG	-0.036776431561087425	0.0782040312299887	0.18558652379552415	0.2741556609258178	0.1252924460975608	3	False
CHORDC1	-0.04938719130765656	0.16140945226513237	0.10403416766661783	0.2844754850168891	0.12513297841024568	3	False
CEP83	0.014580156360852026	0.2712411833913189	0.11122472483538849	0.10325482394449066	0.12507522213301253	4	True
USP7	0.03112599844445026	0.08470616202976752	0.17488236067622645	0.20945765858742588	0.12504304493446752	4	True
UPF1	-0.11232252334827415	0.23323228079209835	0.18766787764945517	0.19128354896057959	0.12496529601346473	3	False
C1orf43	0.03672741201541557	0.2469075770287658	0.13251951180232877	0.08364091594130632	0.12494885419695412	4	True
EAF1	-0.08966533662715584	0.21423287818455142	0.20411669610006802	0.17070712518475525	0.12484784071055471	3	False
TGFBRAP1	0.025494088388361487	0.1919806548827817	0.10518461881551354	0.17636304927182705	0.12475560283962095	4	True
UHMK1	0.02060291010248125	0.26011488953631695	0.08904249381685564	0.12883486581773487	0.12464878981834718	4	True
NUDCD2	0.21673842380095376	0.024013329406474382	0.21239380425889676	0.044960314909746155	0.12452646809401777	4	True
JAGN1	-0.0768642614331765	0.21936324266667015	0.26603499614771403	0.08935084231652328	0.12447120492443274	3	False
ZNF704	0.14891043127650558	0.32475570887405375	0.02349241706841645	0.00023517428186641248	0.12434843287521054	4	True
TMEM64	0.1193671047422402	0.020575567306612343	0.1530206568094708	0.20433060586522092	0.12432348368088605	4	True
NOP58	0.07713343425816886	0.22469720492697376	0.10026428030617088	0.09487482977584123	0.12424243731678868	4	True
MPG	0.07932910749256747	0.0863264667581035	-0.036340314140128185	0.3675422784446514	0.12421438463879855	3	False
PDSS1	-0.06380249539532538	0.28656226601324336	0.1908448643153807	0.08289448990382314	0.12412478120928046	3	False
HNRNPH3	0.13017718349946583	0.13435449589121742	0.09937195219547144	0.1324562179019416	0.12408996237202408	4	True
ADH5	-0.0035754114681582493	0.25053101070023376	0.11734785807209752	0.13098541763670848	0.12382221873522037	3	False
MIR155HG	-0.02667181888108731	0.2707030314421277	0.1109404691839627	0.14002749390613933	0.12374979391278561	3	False
PCBP3	-0.09075616043581049	0.7806140849451948	-0.14126075560711976	-0.054580185960763375	0.12350424573537531	1	False
POGK	0.08864855212359034	0.21338298524784838	0.11611837551767576	0.07534167372755007	0.12337289665416615	4	True
DDX47	0.05293001371782893	0.23994090345662675	0.17246649935212383	0.028120715408953657	0.1233645329838833	4	True
NMT1	0.0734683320054749	0.16468272947773474	0.08935066505872283	0.16511830280282166	0.12315500733618853	4	True
NFRKB	0.009568500544425042	0.049566796864254276	0.12213477455782763	0.31129175361839173	0.12314045639622467	4	True
ABCD3	-0.04518569744592585	0.24677990513862733	0.20629803947015138	0.08463441425391605	0.12313166535419223	3	False
LEO1	0.19670820080984439	0.068496757142135	0.044272546657043194	0.18278329485698985	0.1230651998665031	4	True
CDC42SE1	0.004539410213678502	0.12334648719586688	0.21112510955360164	0.15279238363674397	0.12295084764997274	4	True
BAG2	0.16229808407333585	0.1820222053740464	0.025638847230717233	0.12154051908054131	0.1228749139396602	4	True
RPAP3	0.10089502534733152	0.11753467811094798	0.03004798451988349	0.24285125614068873	0.12283223602971294	4	True
MKRN2	0.14412263640247566	0.14732650682288936	0.10827531736837857	0.09156805855302813	0.12282312978669294	4	True
RTF1	0.07823289370128374	0.08925980631438177	0.14476880809152262	0.1786096641190747	0.1227177930565657	4	True
JAM3	0.04913176602090098	0.29413143128788677	0.1573269059723014	-0.01003886237812394	0.12263781022574129	3	False
KIF20B	0.1090130525624363	0.22097311455787164	0.05210899159582268	0.10795696817786016	0.12251303172349769	4	True
C11orf58	0.09092128831342682	0.18562591918710966	0.13487856041074517	0.07852412027276184	0.12248747204601086	4	True
PSMG2	0.14119400333731408	0.12128327440900363	0.10895927156369548	0.1181571942903112	0.12239843590008108	4	True
MCOLN2	0.09381668277506423	0.1418154683603987	0.0011340569124973483	0.2525587929014865	0.12233125023736169	4	True
M6PR	-0.019137894920399637	0.2613191306200449	0.14715427372705284	0.09948062886681448	0.12220403457337815	3	False
PSD4	0.2565997014276719	0.19298419348727738	-0.041538609061675974	0.0803856796405472	0.12210774137345515	3	False
TMEM259	0.024892698177905355	0.1294288750193844	0.15789233083931747	0.1748693843778105	0.12177082210360443	4	True
UBALD2	0.09349410199213068	0.1718649132886999	0.18102042247321068	0.04039735321510715	0.12169419774228712	4	True
CMAS	0.08085296821202934	0.009496261748155986	0.2843837041958091	0.11116981845851015	0.12147568815362614	4	True
CANX	0.0014219697510669954	0.2628355734884622	0.11514556392696032	0.1056589312685929	0.1212655096087706	4	True
CHML	-0.005082908716629077	0.04432776100808158	0.14676814681499717	0.2988756395185359	0.12122215965624639	3	False
CHERP	0.00502139645920252	0.1795762167498354	0.16186365447063497	0.1381047497362611	0.12114150435398349	4	True
BRD2	0.05743535425224503	0.1342905869878076	0.11490943313940104	0.17787708508653097	0.12112811486649616	4	True
TCERG1	0.08212414397839016	0.19050450528951113	0.06059686626870884	0.1509168663347502	0.1210355954678401	4	True
SERPINB9	0.4023964604669625	0.10095185065505577	0.02149559986994803	-0.04075062486405118	0.12102332153197877	3	False
RBBP5	0.1501805289415435	0.07346074919147236	0.018957465535019133	0.24144243918121	0.12101029571231124	4	True
STING1	0.15007004834923077	0.12052335402093413	0.1676891334639538	0.04558508989255104	0.12096690643166744	4	True
PGLS	-0.1633488758908485	0.18268316743177354	0.2393019691783499	0.22511655461175065	0.12093820383275639	3	False
SPAG7	-0.013680941408853118	0.21333975230069702	0.11003513925100758	0.17354553599319408	0.1208098715340114	3	False
MED31	0.0979333718486036	0.29861920831289995	-0.05846096620429668	0.14368746957641235	0.1204447708834048	3	False
CTSA	-0.09114431821410464	0.35495641979720954	0.1701427844056835	0.047593962119751185	0.1203872120271349	3	False
FKBP14	0.0975786553573424	0.2427674735047109	0.007846483504139037	0.13330977600176905	0.12037559709199033	4	True
SLC35E1	0.16760240713498678	0.2806061160571311	-0.06031488430749956	0.09343319181111692	0.12033170767393382	3	False
AP3D1	0.12658747799886003	0.03851496359018969	0.18260431788404938	0.13346286002392602	0.12029240487425627	4	True
AMD1	0.09761549882753433	0.16970506208924493	0.04429718191828638	0.16914700857834492	0.12019118785335263	4	True
CCDC12	0.14450670008542518	0.03560987599751694	0.18484869777227364	0.11579792012519552	0.12019079849510282	4	True
OGT	0.16089022396175723	0.27767802968238825	-0.034741061825499776	0.07672573022466996	0.1201382305108289	3	False
SASS6	0.016787417743938233	0.21444736754909025	0.11288515473906047	0.13621792422522488	0.12008446606432846	4	True
DCTN1	-0.04410446732159628	0.08199009425725823	0.28262559536995824	0.15965905799850935	0.12004257007603239	3	False
DIPK2A	0.2037102542778441	-0.0101871601190139	0.21816767743597643	0.06815667004005362	0.11996186040871505	3	False
ARPC5	0.009491437894580693	0.1922886359471008	0.12313868402098484	0.15453862591565146	0.11986434594457945	4	True
VPS72	0.052440204868241046	0.24337156834238713	0.02191473147294995	0.16155973357139047	0.11982155956374214	4	True
SKP1	0.05927739908552852	0.12286398831089436	0.1225971207654824	0.17360610883206368	0.11958615424849224	4	True
NDUFA5	0.08816900799170888	0.19093324160406555	0.06645769744713523	0.13093003140284085	0.11912249461143765	4	True
SLC12A9	0.08152967435380609	0.11083401020061052	0.16804812578030276	0.11603530393207977	0.11911177856669979	4	True
SMYD5	0.23373532087344717	0.1862039294096265	0.03395393538595375	0.02217172195423806	0.11901622690581637	4	True
GPR171	0.12985704195158448	0.0666416064563559	0.051411673290166666	0.2281289170337711	0.11900980968296954	4	True
NUP155	0.04182068273263022	0.2693934602432956	0.04400906589568996	0.12051638780057995	0.11893489916804893	4	True
BACH2	0.21815381740220033	0.23346038455660081	-0.019779259278520953	0.0438061799910831	0.11891028066784082	3	False
SYTL3	0.39148848064821956	0.21799408763624556	-0.03722331097180529	-0.097257876590069	0.1187503451806477	2	False
DENR	0.03252493439119757	0.20500967266625333	0.055479071892492626	0.18176479041438015	0.11869461734108093	4	True
RRN3	0.08292018285143898	0.22300781417003482	0.08362659394972806	0.08432642351062983	0.1184702536204579	4	True
PDPK1	0.01664059632480257	-0.016363439189861342	0.23890124780627306	0.23451453580204523	0.11842323518581488	3	False
COPS5	0.07629058835392022	0.25150035208133714	0.10318111688433687	0.04229499987072263	0.1183167642975792	4	True
U2SURP	0.18402624598478148	0.17639565096053267	0.02942471076418607	0.0834012767221489	0.11831197110791228	4	True
UQCRC2	0.11293600370758818	0.09562136891509232	0.13597235273781785	0.12828025354816155	0.11820249472716496	4	True
F5	-0.023744511640523252	0.4220921805301565	0.018189237779693068	0.055157440682636484	0.1179235868379907	3	False
GTF2H5	0.11924076377367222	0.2285910396196089	0.12625954725812252	-0.002852576333177209	0.1178096935795566	3	False
MTIF2	0.07040990967611278	0.16888701037301795	0.12121417265479285	0.11055865355025836	0.11776743656354548	4	True
MTERF3	0.06617480995020397	0.22608278063213386	0.09691776609734568	0.08076012313608028	0.11748386995394094	4	True
XPNPEP1	0.35793800234618567	0.1899996398638755	-0.15714865054589222	0.07889615028406587	0.1174212854870587	3	False
IL23R	0.21689063857407445	0.08406748727736917	0.0482980129345941	0.12039656648835627	0.11741317631859849	4	True
SMDT1	-0.16412338508584245	0.24828694370193016	0.17067935836171766	0.2147437375829667	0.11739666364019302	3	False
SAFB	-0.031925395537552116	0.07530996449862959	0.223561483267925	0.20252428062895858	0.11736758321449026	3	False
GCNA	0.19287772168478753	0.33361330817912793	-0.06349189641018566	0.0060637959069998896	0.11726573234018244	3	False
MDC1	0.07158464280600038	0.2982311260712931	0.023345669135600936	0.07580807660893432	0.1172423786554572	4	True
BID	0.04770394672399373	0.19841008883537747	0.13927505637787493	0.08328809720774721	0.11716929728624834	4	True
SINHCAF	0.05011428965970576	0.20969364639173294	0.06526151569047933	0.143595536978382	0.11716624718007501	4	True
PMS2P1	0.20448943466815023	0.17830577705444123	0.09613175424358747	-0.01092092592658684	0.11700151000989802	3	False
RNMT	0.1807555742318633	0.24098275405788902	0.014146526975653507	0.03204039804801855	0.1169813133283561	4	True
MPLKIP	0.29729858747382654	0.013161547920653754	0.05271419846970985	0.10417407458790655	0.11683710211302419	4	True
CCDC125	0.21235440494093266	0.06869461717430837	0.16148132018611797	0.024349287911136414	0.11671990755312386	4	True
UBE2D4	0.08278596222175051	0.24017613029342494	0.1283452047280396	0.015144593309283068	0.11661297263812453	4	True
RBFA	-0.04618856626196791	0.23404341823028083	-0.0031068753415736555	0.2806420182787038	0.11634749872636076	2	False
RAD9A	0.2778378334890757	0.14367787573022203	-0.014592609760036507	0.05824187581640105	0.11629124381891556	3	False
BRAT1	0.16921605609482293	0.018994860726606656	0.21323386483204856	0.06350714076497525	0.11623798060461336	4	True
NDUFV3	0.2104265024223968	0.19414047862514897	0.00012082421314007767	0.060062072125458714	0.11618746934653613	4	True
DNAJC17	0.14987220596836812	0.21260915404920996	0.12834746799852714	-0.026483567205382766	0.11608631520268062	3	False
CD52	-0.04345028874402996	0.08678892093884374	0.2553860320692596	0.16543033835068022	0.11603875065368839	3	False
NUP93	0.11297677867791248	0.1973755613772718	0.05635729098705079	0.097436692879273	0.11603658098037703	4	True
ASPSCR1	0.060855628251357985	0.14826221862382175	0.2597765649826597	-0.005280241285971724	0.11590354264296693	3	False
NOTCH1	0.0031372623822174288	0.1913071882299718	0.14519152295809598	0.12388941063727316	0.11588134605188959	4	True
TPM4	0.13935842565650458	0.20760157199150933	0.17018467342743906	-0.05365487774913582	0.11587244833157928	3	False
RPN1	0.08533815032678156	0.24401084972425818	0.08293494340073498	0.051143091996724295	0.11585675886212475	4	True
DNTTIP1	-0.012244776119704669	0.13979772713828656	0.09337486880360578	0.24245930853525183	0.11584678208935988	3	False
FDFT1	0.03387463074362877	0.11640773275853554	0.07466341452051832	0.23799009365490698	0.1157339679193974	4	True
FAM53C	0.34905062966474953	0.013000317013737215	0.017518009570479807	0.08296272272550664	0.1156329197436183	4	True
TXNL4B	0.02573691680614802	0.3034687793074222	-0.104016987403372	0.23725820249919258	0.11561172780234771	3	False
ESD	0.06772344663653132	0.15302568157545135	0.2149133378342095	0.026399506693644076	0.11551549318495907	4	True
PRPF40A	0.10103996661781907	0.12829428522446915	0.07620858006314797	0.15611929494967808	0.11541553171377857	4	True
SPATA5L1	0.012445431787791802	-0.017065739453998318	0.2510752012977231	0.21511522585242798	0.11539252987098614	3	False
RNASET2	0.12024967406033986	0.04480412158747999	0.13023483466204794	0.16605661582937775	0.11533631153481139	4	True
RABEPK	0.05170756255339547	0.2793572240978055	0.012235274482332274	0.11792972645366989	0.11530744689680078	4	True
GOLGA2	0.13410339309048222	0.15633307111620356	0.16707530400356718	0.0024732753093205093	0.11499626087989337	4	True
LOC389906	0.10969614016263596	0.18489933674584252	0.1054122972292432	0.05926494293057188	0.1148181792670734	4	True
UBIAD1	-0.12702175690072381	0.2728151605987528	0.241077309718715	0.07225448403067503	0.11478129936185476	3	False
PMM2	0.0345443462719752	0.15797136143571847	0.10571996287315681	0.16077349279797892	0.11475229084470735	4	True
MLKL	0.0658656795520067	0.2457029167737708	0.024600813137897776	0.12233925450148071	0.11462716599128898	4	True
MTA1	0.05413603223076664	0.25093637685494996	0.04462004108667143	0.1087375132473575	0.11460749085493638	4	True
ZNF121	-0.03631050742741061	0.3071535591426093	0.06545567841187121	0.12200178722108551	0.11457512933703885	3	False
TIMM23	0.052295672636538046	0.17934897160189645	0.14198984748645246	0.08457903870613553	0.11455338260775562	4	True
TECR	-0.02965092634342598	0.25641027728302324	0.046875103862658425	0.1841813218426492	0.11445394416122623	3	False
MRPS14	-0.0271164899269821	0.10946768825850042	0.340050086262037	0.0347965900051715	0.1142994686496817	3	False
WDR1	0.08044279605277796	0.05817639517567274	0.1497386936390294	0.1675208439662698	0.11396968220843748	4	True
KIF5B	0.0734760208901984	0.04478363863056913	0.1918305117934413	0.1451054024283644	0.1137988934356433	4	True
MRPS11	-0.20298070477251975	0.34166675423120935	0.17805778772438818	0.1376360102161467	0.11359496184980611	3	False
NANS	0.14620067740715847	0.1313874686260558	0.06491242655461935	0.11167785100352216	0.11354460589783895	4	True
SNHG25	0.04167041053079044	0.3990618934797682	-0.10370661292173586	0.11674183436449923	0.11344188136333053	3	False
HNRNPR	0.036942654251977645	0.11286367835683672	0.14823273174490043	0.155450603645405	0.11337241699977996	4	True
POLR2B	0.14994022904802268	0.10043273300589219	0.17026772858252182	0.03277754051594766	0.11335455778809608	4	True
CEP72	0.14685165140646686	0.35229467009132714	-0.06730693327154927	0.02124608226336227	0.11327136762240177	3	False
NDUFAF1	0.033318012942414495	0.2796932310874916	0.07406715774639992	0.06527235378864903	0.11308768889123877	4	True
REXO1	0.013321304954701985	0.12996014758441451	0.1469520092849816	0.16205070419165934	0.11307104150393936	4	True
TOE1	-0.06490412252334345	0.10544914438663185	0.10396075180257834	0.3068871056755728	0.11284821983535989	3	False
GPR108	0.037565993449665804	0.21115342749219682	-0.03269013260153295	0.23524047693462768	0.11281744131873933	3	False
TGFBR2	0.04189939612040929	0.25741780392898445	0.009254798799640163	0.14260161649578623	0.11279340383620502	4	True
YWHAQ	0.0010428556389867766	0.24755495431971491	0.09158273100782768	0.11091975899260637	0.11277507498978394	4	True
BCR	0.13841189939574175	0.2094267613591646	0.0503329368886055	0.05248104128638647	0.11266315973247458	4	True
AKIRIN1	0.038871292013772395	0.16487017869866072	0.12299652104244742	0.12384337655944758	0.11264534207858204	4	True
GOT1	0.2689130106361698	0.16539758627206327	-0.09135378675816565	0.10756924637576151	0.11263151413145722	3	False
MRFAP1L1	-0.011429608088494055	0.18346345731091712	0.24721880176556477	0.030161592731615724	0.11235356092990088	3	False
UBAP2L	0.007601792200783412	0.13123120034352875	0.13937416115081866	0.17036468662219761	0.11214296007933211	4	True
RCN1	0.04930350579415139	0.26892514062613593	0.08359824586136273	0.04622049553964328	0.11201184695532333	4	True
FPGS	0.06247433776751376	0.1681988621682609	-0.02791779044651735	0.24495890617673716	0.11192857891649863	3	False
OGFOD1	0.15269628397279872	0.1969212480103852	-0.010941666938715552	0.10903274942927074	0.11192715361843478	3	False
ATP6AP2	0.08738644970255778	0.18970137878040058	0.041215434600798455	0.12817176214456316	0.11161875630708	4	True
MAPK13	0.17161558313641137	-0.018593077771488525	0.18157668306413463	0.11131991952330791	0.11147977698809133	3	False
BAHD1	0.18383303815981042	-0.04551444660693261	0.05945718926957614	0.24809830901545013	0.11146852245947603	3	False
FAM78A	0.11325592385899344	0.22942993955883137	0.03060618582414847	0.07090884690058467	0.1110502240356395	4	True
IL27RA	0.024155368238709594	0.2538784133095414	0.02545913955341007	0.1403738404610666	0.11096669039068192	4	True
UPRT	0.38187301525433304	0.1758519892453998	-0.17369172242246744	0.05978228683423453	0.11095389222787498	3	False
BEX2	0.254386475992507	0.19650541760361565	-0.08848467049888895	0.08096141372992506	0.11084215920678969	3	False
UBA2	0.08912933676759717	0.11474172253951687	0.05772026321657042	0.18163078537274047	0.11080552697410623	4	True
TMEM127	0.07984136589958579	0.2711009486110186	-0.1405634410423918	0.23225048455201025	0.11065733950505571	3	False
TUBE1	0.2926278715091398	0.2618656421242548	-0.10881632141452621	-0.0037383990347030025	0.11048469829604134	2	False
EIF2A	-0.0008774255369990941	0.26893801512809534	0.07911636937052732	0.09473677607194322	0.1104784337583917	3	False
SGK1	0.17553788928934652	0.018967098199111652	0.1550042227192719	0.09131780016890015	0.11020675259415755	4	True
NAA15	-0.004267726212009345	0.2109626868282989	0.08950271652292868	0.14440750427062002	0.11015129535245957	3	False
ZMPSTE24	-0.09069606643994278	0.19668856717585162	0.15936681880612574	0.17521472856771886	0.11014351202743836	3	False
CIAO2A	0.05145008672643233	0.16425983385619908	0.15437342440003052	0.06960392441137392	0.10992181734850896	4	True
IARS1	0.1014011733941212	0.2889832922836952	0.001536868562455385	0.04761149205918575	0.10988320657486438	4	True
ABRAXAS2	-0.009985362526475996	0.11381993788052233	0.15271528812136004	0.18245982336274	0.10975242170953659	3	False
NUP107	0.02730491414846402	0.17660579257992112	0.03349661680473299	0.20109193720462198	0.10962481518443502	4	True
SNRNP200	0.0742001556949487	0.035400469671370394	0.2215033422486619	0.10708712682893988	0.10954777361098021	4	True
NCOA4	0.12269517692331831	0.21384801054251742	-0.038978012579331124	0.1405014458503656	0.10951665518421755	3	False
ATAD5	0.07021792043558064	0.34826886728281403	-0.04526689476445894	0.06483113052624111	0.1095127558700442	3	False
INTS10	-0.004918930454246056	0.16242720588989448	0.1277212694898278	0.15254361485594686	0.10944328994535578	3	False
ADI1	0.008554402966275642	0.13591310400812437	0.2638270825509374	0.02935546378133251	0.10941251332666747	4	True
TMED3	-0.07499832254563135	0.20042715096712918	0.053001157495076084	0.25916791547401147	0.10939947534764635	3	False
C7orf50	0.02904569831028922	0.29716970022992484	-0.03479679342860726	0.14614925966958997	0.1093919661952992	3	False
AGO2	0.09816666339687981	0.2548195025494945	0.0234519869180542	0.06097864369734463	0.10935419914044328	4	True
USP36	-0.0007902274757847524	0.16913293166551369	0.07059724451276371	0.19765584641556133	0.10914894877951349	3	False
HDAC1	-0.01703721133489642	0.08227218968193425	0.09297028644052797	0.27748981147053803	0.10892376906452596	3	False
SMARCD1	-0.03956135025431954	0.1510502233903198	0.2782113910613724	0.0459172869989886	0.10890438779909031	3	False
MATR3	0.1036592702718343	0.10805717144349702	0.0899312570411761	0.13350800285791753	0.10878892540360624	4	True
MMGT1	-0.0021369878458866736	0.23489301435758492	0.18487833583315905	0.017189951929542643	0.10870607856859998	3	False
ITPR3	0.0857875021816183	0.23509702114120196	-0.10958815732837746	0.2225239631868362	0.10845508229531975	3	False
SELENOW	0.14211756397331526	0.008052356503448101	0.2880247754713686	-0.00478666051278798	0.108352008858836	3	False
SNHG32	0.19422272254481907	0.1135370559743325	0.03137323875852857	0.09427055058775996	0.10835089196636004	4	True
PSMD14	0.01174654672699066	0.17609000020610618	0.1520250901575782	0.09350405384196638	0.10834142273316036	4	True
GCLC	0.1444355095472457	0.12977298322750808	0.013573267521491345	0.14532553273703885	0.108276823258321	4	True
CD6	0.1448659106227457	0.2340027855428022	-0.027847559317979064	0.08137810072020349	0.10809980939194308	3	False
KAT5	-0.04573922466816275	0.05831266893034981	0.11958973270801426	0.3001725136384792	0.10808392265217012	3	False
ADAM9	0.21068197748364204	0.2635129568194514	-0.10706997484481813	0.06500080533443395	0.10803144119817731	3	False
TMEM126B	0.03149991014263084	0.2112016885975224	0.11113872538213058	0.07803349086448758	0.10796845374669285	4	True
PGRMC2	0.035885371743433	0.27294247675435823	-0.015818370758050135	0.138770851937923	0.10794508241941601	3	False
NDFIP1	0.10705474912148702	0.1464380732584474	0.09370238507397241	0.08442469199986603	0.10790497486344322	4	True
TMEM170A	0.016237524012377585	0.07049869990521701	0.21183270067176582	0.13191180447693376	0.10762018226657355	4	True
RABL6	0.10102391292010807	0.14412222336900327	0.07628447886710814	0.10901027517945323	0.10761022258391817	4	True
GFM1	0.023308155623801258	0.16300556675621825	0.14266441180644032	0.10126627499054698	0.1075611022942517	4	True
ZC3H18	-0.005999113186163225	0.11751755130458082	0.09635149937091476	0.22216490763253097	0.10750871128046582	3	False
TCEA1	0.08954420824721897	0.2138511481112424	0.09512879052904949	0.03025089306772663	0.10719375998880937	4	True
SLC6A6	0.1112908951562708	0.07583348631247266	0.1007203818517105	0.14058273309299815	0.10710687410336303	4	True
YIPF2	-0.02668061825593187	0.2569382824499763	-4.693667326152567e-05	0.19810225824708153	0.1070782464419661	2	False
FRG1	0.07270587339199804	0.05979185057165212	0.18058218338524523	0.11391079921617128	0.10674767664126666	4	True
NXF1	0.117484627854195	0.13030678312069485	0.10704820675894841	0.07197227316505549	0.10670297272472344	4	True
SELENOI	0.017048440309020852	0.1824655006302913	0.07996953662674954	0.14672293677888587	0.10655160358623689	4	True
RIT1	0.1296378518871056	0.14331799579173743	0.0670898587781941	0.0854801767730329	0.1063814708075175	4	True
GMEB1	0.15660673361628583	0.2438680699278115	0.05395531782476531	-0.029093850378424147	0.10633406774760962	3	False
NUP35	0.10659683565198902	0.0944920034150638	0.03824271174362774	0.18569188571931625	0.10625585913249921	4	True
PLXNA1	0.03953177131700882	0.1639244441832595	0.1450328110517896	0.07610372558839476	0.10614818803511317	4	True
DGCR8	0.17613290816879443	0.011284410548492442	0.21734456001889121	0.01962665553448374	0.10609713356766545	4	True
KIF5C	0.3754217621001106	0.031144234006741503	-0.03159631443463008	0.0483785084769557	0.10583704753729442	3	False
SCAMP2	0.01840991746305861	0.16902803436602779	0.09528224060294115	0.13986799091276123	0.10564704583619719	4	True
IQCG	0.018595802329343752	0.20256315449067447	0.10270310921684368	0.09843086592052173	0.10557323298934591	4	True
SUMO1	0.1320543340020346	0.15749716335914077	0.07293584129502154	0.059114419361628964	0.10540043950445646	4	True
CRLS1	0.1550138499673867	0.2024110572680873	0.012172678664069568	0.05198116992492821	0.10539468895611795	4	True
TMX1	-0.024180933286603947	0.327594794586493	0.03469339418690163	0.08281074619525598	0.10522950042051167	3	False
MICAL2	0.2386401404257397	0.07232222441866337	0.1891362293495953	-0.07941695847887328	0.10517040892878127	3	False
RAB11A	0.10944909735524488	-0.03891131047391429	0.14782859667111212	0.20199715329632623	0.10509088421219223	3	False
SNAP47	-0.0407334192800886	0.03971156661205293	0.2875766011027396	0.13349795726699362	0.10501317642542438	3	False
ZNF485	0.02943958191782749	0.22595142486237746	-0.012740705840924687	0.17723502705711383	0.10497133199909853	3	False
ZNF106	0.12321936661864208	0.18998980687779313	0.05971655800749264	0.04619769992572865	0.10478085785741412	4	True
CCNK	0.15836409071733934	0.06901006562042442	0.08443694415049796	0.10726893335612965	0.10477000846109784	4	True
PKD1	0.005320322758643166	0.218768120706827	0.10442293128030057	0.09046413389847091	0.10474387716106041	4	True
TLE3	-0.017906898865451087	0.17602287697958985	0.05456066117730313	0.20615328459988483	0.10470748097283168	3	False
MRS2	-0.037127525307881604	0.256676506851651	0.15889647779781163	0.03974198088480909	0.10454686005659752	3	False
METTL17	0.09009943231824971	0.1612505925830921	0.052835115986031106	0.11360704776348372	0.10444804716271416	4	True
USP39	0.06488885137343586	0.1811227280773172	0.07507537670651121	0.0964336553786652	0.10438015288398236	4	True
VAMP2	0.029591275180830125	0.16673824504310142	0.13733914740135078	0.08364962895885261	0.10432957414603375	4	True
SBDSP1	0.07467324307303753	0.29563585936246706	-0.07048994893875939	0.11748905739789794	0.10432705272366079	3	False
OTUD6B	0.08280975233764143	0.1690006833151953	0.012129536305421292	0.15327387326741684	0.10430346130641871	4	True
RNASEH1	-0.0489105668115209	0.3070250127546397	0.14438966250925261	0.01462520884980997	0.10428232932554535	3	False
PAM	0.2951510667470084	0.11084413392656157	-0.006187303148188977	0.017310593588368926	0.10427962277843748	3	False
LRRC41	0.046045152384137436	0.22847937867707094	0.17238699732123589	-0.030238018641923856	0.1041683774351301	3	False
C2CD4D-AS1	0.04032790907946789	0.26627078807879906	0.16853314010753048	-0.05888245355898346	0.10406234592670349	3	False
RBM15	-0.0027750581606702436	0.11000231761071078	0.19422770113832094	0.11476112477415251	0.1040540213406285	3	False
AARS1	0.16584634844713972	0.22973652503909045	-0.036270428592112075	0.056640500300144635	0.10398823629856567	3	False
HSD17B7	0.16309697296933426	0.13741261629413884	-0.08917822950677032	0.2044325261870494	0.10394097148593805	3	False
DEK	0.09337900815924469	0.08714983695948263	0.13561823650293356	0.09938133308880263	0.10388210367761587	4	True
GMPS	0.05416539376520416	0.2214027745653364	0.08774280786286412	0.05204891565746045	0.10383997296271628	4	True
L3MBTL2	-0.052064245386234796	0.09491109380331955	0.24985092165046008	0.1226221366279737	0.10382997667387964	3	False
SRP9	0.1137014188736323	0.19696866301489355	-0.0371902997650461	0.14179286945768038	0.10381816289529003	3	False
KLF9	-0.12835460946409147	0.37411568868642925	-0.0037975032529925026	0.17292418894984649	0.10372194122979794	2	False
SEC16A	0.07370438121535294	0.13884404158100747	0.1092823021081832	0.09250728980728991	0.10358450367795838	4	True
SMU1	0.11692782080946992	0.12150956107391152	0.024875327776043902	0.14988241601452754	0.10329878141848822	4	True
ATP2A2	0.08358466180581561	0.16469029066682941	0.08268417873018442	0.0819627927812081	0.10323048099600939	4	True
SEMA4D	0.0804873577307928	0.2318821678441629	0.021652774117170658	0.07855422919923395	0.10314413222284007	4	True
PHRF1	0.10911055310116928	0.09854439939422828	0.08929331017357807	0.11406439836781945	0.10275316525919877	4	True
STARD7	0.07023233256918793	0.16958362191524168	0.1471078136309819	0.023762375402787864	0.10267153587954984	4	True
NOL10	0.039654846361032524	0.16535209068401852	0.09090923427799615	0.11476933782587853	0.10267137728723144	4	True
SMS	0.16862957097214323	0.00013094119592562057	0.060287081512424845	0.1814998000477796	0.10263684843206833	4	True
SUPV3L1	-0.040428879321939656	0.24173692469050076	0.19104207574333903	0.018132040252430152	0.10262054034108258	3	False
LAMTOR3	0.20845441436267823	0.1356978946596989	0.10924061944982642	-0.043180743142658795	0.1025530463323862	3	False
COMT	-0.011698613277367074	0.15632010572834443	0.1563243869327649	0.10892882389435626	0.10246867581952464	3	False
HMGXB4	0.06810337142109256	0.09486285534248078	0.15672789832033146	0.08920371504075884	0.10222446003116592	4	True
DGKZ	0.05272040392246603	-0.01449124535049265	0.18248074002444478	0.18791361041976357	0.10215587725404543	3	False
SRSF5	0.01856158779872985	-0.005900267410999533	0.21874551747667972	0.1771122718733497	0.10212977743443993	3	False
LTB	-0.15104282475750425	0.13810379630517028	0.1953146215441076	0.22612633322432313	0.10212548157902418	3	False
SUCLG1	0.04845021992625532	0.08990824190820597	0.2367814477195951	0.03304937655248217	0.10204732152663465	4	True
BLMH	-0.14436118952982901	0.21262401011184817	0.21215011719767693	0.12776097479468493	0.10204347814359527	3	False
XRN2	0.0036001735489415584	0.1156612330769338	0.0956392629444127	0.19320728044783372	0.10202698750453044	4	True
MXI1	0.3025439106889099	0.03626094991681314	0.045608467202554556	0.023472367888660067	0.10197142392423442	4	True
TNFRSF25	0.07346579107176772	0.037447991402317804	0.13266008982823624	0.1642622785464955	0.10195903771220431	4	True
HMGXB3	-0.003511722817612949	0.18819538537473987	0.1295811740128953	0.09316925503291505	0.10185852290073433	3	False
PIAS4	-0.061004304309253195	-0.09416345723863995	0.4448002656143853	0.11773816513541721	0.10184266730047734	2	False
PTPN23	0.09236734138703825	0.22289118108086042	-0.003976195564740604	0.09576281293154297	0.10176128495867526	3	False
IKBIP	0.17256089176547487	0.16404428039650615	-0.020371155747379268	0.09064135545607839	0.10171884296767005	3	False
TRIM25	0.05044717988138128	0.22159518804134257	0.09719855969292542	0.03690200598874712	0.10153573340109909	4	True
TBP	-0.035935779605085205	0.10860272106290352	0.12208358161736085	0.21133042080156245	0.1015202359691854	3	False
AP1B1	0.057575220504140184	0.13302976931540664	0.06584653838387079	0.14958410627430296	0.10150890861943014	4	True
RPL23AP53	0.2653372529616055	0.06174239604258542	-0.035004847639857846	0.11380469710833357	0.10146987461816666	3	False
TGDS	-0.001612444727946887	0.08534439089510212	0.16668904465765702	0.15533702843629837	0.10143950481527766	3	False
GCN1	-0.012683141621244108	0.18951718856710756	0.08497071538966089	0.14382858127670783	0.10140833590305803	3	False
RPA2	0.0065450399524432734	0.10138419319162381	0.14400132277521757	0.15329014208938027	0.10130517450216622	4	True
DHRS7	0.15009805301928883	0.17485135946249125	-0.021940001385972192	0.1021989167391906	0.10130208195874962	3	False
DENND2D	0.06506416109775562	0.17406056255722216	0.10541621176378563	0.06059967625420076	0.10128515291824104	4	True
TMEM183A	-0.014102733661048007	0.09093151882479984	0.24685842221070745	0.08109244839458535	0.10119491394226116	3	False
STK26	0.13500246014206438	0.11688958651016483	-0.0074845982271456	0.15973803678515416	0.10103637130255944	3	False
MTPAP	0.053017138187687635	0.22678048637734177	0.11545669683052749	0.00874677602369937	0.10100027435481408	4	True
STT3A	0.031102282621725586	0.2076925188392325	0.05881023729022222	0.10605212417369633	0.10091429073121916	4	True
IAH1	0.15990127556776268	0.13198817293722664	-0.01755156591065614	0.12814096110521644	0.1006197109248874	3	False
NUP58	0.09402702269103154	0.216278798975498	0.0564935929233309	0.0355951356312946	0.10059863755528875	4	True
UBE2N	0.08844224498913587	0.1785059568344421	0.06864011899048349	0.06558593275707128	0.1002935633927832	4	True
ZNF814	0.0012110350449495903	0.2543197807279633	-2.531181021967956e-05	0.14559802712843092	0.10027588277278102	3	False
AP3M2	0.14163606014582678	0.29158694697413	-0.009313260018883017	-0.022836010908780707	0.10026843404807326	2	False
UFD1	0.012419420298589058	0.11367358786097398	0.20170687015923972	0.07305193570028455	0.10021295350477183	4	True
LIN9	-0.004577557441444129	0.11994482654463509	0.10504712291389526	0.18036836771200268	0.10019568993227224	3	False
TMEM35B	0.06657662883380021	0.19315498585546712	0.015008923751681879	0.12599509590965463	0.10018390858765096	4	True
CHAMP1	0.20601882383942488	0.055966316848004266	-0.04353695245057472	0.182165324042674	0.10015337806988212	3	False
POLR3B	0.01676111832956567	0.2783910458528863	0.005960539127486852	0.09925695429117086	0.10009241440027743	4	True
MPZL1	0.07101938872318588	0.20335847896474557	-0.04701631871574016	0.1725393841871873	0.09997523328984464	3	False
FAM217B	0.06868034951840435	0.3294394233412727	-0.04597647065348827	0.04761063918860746	0.09993848534869906	3	False
MOGS	0.1218063478531891	0.18779875092987983	-0.10603072303172129	0.19575951578104278	0.0998334728830976	3	False
C22orf39	-0.04945844988899352	0.3122573755845104	0.170856963990228	-0.03540352909649941	0.09956309014731136	2	False
KDSR	0.0783209791602786	0.28814269114565133	-0.020162768674573946	0.051849318277398845	0.0995375549771887	3	False
SMPD4	0.019632066224176646	0.17483006710814364	0.04607879567900076	0.1574234327224819	0.09949109043345074	4	True
EMC3-AS1	0.11958547937130501	0.37777574402419833	-0.21887673890683632	0.11938390479184557	0.09946709732012815	3	False
SEC24A	0.20500634891514646	0.16587958631960675	0.06095773682183201	-0.03474442161407394	0.09927481261062783	3	False
CWC25	-0.03024700503661816	0.14235200778422097	0.22535867535212345	0.05948534179299717	0.09923725497318087	3	False
ANAPC5	0.009963948600764197	0.18512483284181694	0.040215777441967825	0.16074884355822947	0.0990133506106946	4	True
UBN1	-0.04386747908305493	0.031623573817811126	0.19991440233594246	0.20837178446488805	0.09901057038389668	3	False
LIPE	0.015315119824615041	0.22960187806538235	0.0077275047169621395	0.14332860017341975	0.09899327569509482	4	True
NETO2	0.13046845768454246	-0.01303611695408882	0.09664242349475087	0.1816717247407815	0.09893662224149649	3	False
DDX46	0.07954444010223827	0.060710139391125066	0.10135257694042599	0.15401186043166587	0.0989047542163638	4	True
PLAA	0.014640909469296054	0.22505196493952684	0.11615433638201533	0.03934353689438025	0.09879768692130463	4	True
KIAA0100	-0.03256593845006	0.21714455106596037	0.10217431172284529	0.10841586039785235	0.0987921961841495	3	False
UBE2A	0.03758081771132061	0.07657181787794436	0.16492327885492966	0.11593137094421886	0.09875182134710338	4	True
RARA	-0.0054336680225438635	0.1436366230792264	0.18893695840231003	0.06725362614052836	0.09859838489988024	3	False
HS3ST3B1	-0.06263810956103497	-0.03062804483587638	0.10387070265668884	0.38359736601299216	0.0985504785681924	2	False
PURB	-0.08045157836133185	0.0924520931711929	0.24057189822429775	0.14128085086455902	0.09846331597467944	3	False
DDX20	-0.04779975720385309	0.12338964262271422	0.13769460819928173	0.17981705007034018	0.09827538592212076	3	False
TPRA1	-0.08146028155887591	0.19631577196202077	0.13927914698788438	0.138401432130181	0.09813401738030256	3	False
SH3GL1	0.04870321902786715	0.14709853993716532	0.13444710498344367	0.06206507492529702	0.09807848471844328	4	True
CIAPIN1	-0.044767813343142636	0.17539116301976054	0.15131843780380985	0.10999953454736615	0.09798533050694848	3	False
TMSB4X	0.10037046913948558	0.029341936080751828	0.2044944253194842	0.057495935059419814	0.09792569139978535	4	True
NUDCD1	0.013887541389373533	0.13925921686649045	0.047501457592902294	0.19071307285294362	0.09784032217542749	4	True
MOB1A	0.09155635623211156	0.053728792324309806	0.18283117246499783	0.0628451895912529	0.09774037765316802	4	True
NRBP1	0.09471214269702018	0.09314313421446896	0.016277512308688773	0.18621071651182453	0.0975858764330006	4	True
POLR2A	0.12052019130032421	0.03673480010962293	0.08867406811209859	0.1443204158443169	0.09756236884159067	4	True
HEXIM1	0.04503096349516176	0.16092602356519548	0.03633979725030423	0.14723610909352622	0.09738322335104692	4	True
WWC2	0.2754980201983504	-0.0914909917347871	0.04441386474278415	0.16046038826123046	0.09722032036689449	3	False
RPUSD4	-0.07195374541843415	0.2914418526363522	0.01798035604468369	0.1508370065954161	0.09707636746450446	3	False
PAFAH1B2	0.09647384278851508	0.20479770262202657	0.06139679283154472	0.025602397094735066	0.09706768383420535	4	True
COPS8	-0.04056066240643976	0.2042847623894314	0.12986894612659508	0.09467487308658748	0.09706697979904355	3	False
NOCT	0.17055881065261103	0.0571328118798004	0.04592704278672676	0.11433699571907582	0.0969889152595535	4	True
ING5	-0.12510574151950482	0.29424958284099706	0.1305910698395363	0.0882132723228705	0.09698704587097477	3	False
CLIC4	0.3786008376277737	0.3159338464762979	-0.177097674315569	-0.13124391732402	0.09654827311612066	2	False
ELAVL1	0.09348144891522922	0.06324488676345581	0.09889480688193619	0.13029969158863494	0.09648020853731404	4	True
RANGAP1	0.08536164480739503	0.15063987892366046	0.04243736917602901	0.10737101351032786	0.09645247660435309	4	True
HLA-C	0.03798192115761222	0.10954965511812043	0.09017237578622861	0.14805588079050963	0.09643995821311772	4	True
MED24	0.002513148758624725	0.2670150448321707	0.0922880203426562	0.023927397975825066	0.09643590297731917	4	True
SLC38A2	0.1886052666434615	0.19916836218563486	-0.035811002428967356	0.033496295151752495	0.09636473038797039	3	False
ARFGAP1	-0.01275296947705352	0.2490968383385949	0.1305625888950171	0.018387238604022332	0.09632342409014522	3	False
GLUD1	0.05464251326138377	0.1521252440438847	0.08436891501970785	0.09390863368443401	0.09626132650235258	4	True
C1GALT1C1	-0.08102072717663403	0.15461227173673944	0.13650462133694846	0.17404545088922008	0.09603540419656849	3	False
CASP2	0.2597585312851161	0.10594427079965306	-0.04987792015313621	0.06829059792425261	0.0960288699639714	3	False
GORASP2	0.04667925813444525	0.13956541924713564	0.10359856476258814	0.09405195770684138	0.0959737999627526	4	True
PTPN22	0.26970912813531156	0.14662189626159972	-0.06862389761292267	0.03586971128286933	0.09589420951671448	3	False
SNRNP40	0.018433376682264767	0.13135276238293342	0.1781018823808602	0.05548451954865256	0.09584313524867774	4	True
COA8	-0.0019348511998553014	0.361853583014277	0.10808489147477947	-0.08481340470929102	0.09579755464497752	2	False
INPP4B	0.129763695690745	0.19248092892671786	-0.0013007053322861505	0.06215694817115745	0.09577521686408354	3	False
TTC1	0.11679098555556476	0.13465636728317482	0.0658929126816713	0.06571215491791309	0.095763105109581	4	True
KHDRBS1	0.008235665084001897	0.12429465592660852	0.14042810901292727	0.10998545703882497	0.09573597176559066	4	True
TPCN1	0.21835994169521236	0.22101043460420308	0.014602004875472453	-0.07134913538085927	0.09565581144850716	3	False
YARS1	0.06841209980449434	0.2574139261985801	0.021581373832534726	0.035189378376498597	0.09564919455302694	4	True
DHX15	0.07189969676789337	0.12807732879111378	0.02777080382572425	0.15463736550456622	0.0955962987223244	4	True
STX6	0.13484506846573172	0.169942657161001	0.03718428869952011	0.04026761182402507	0.09555990653756948	4	True
CNIH1	0.018991768353858043	0.218969936084195	0.06118200416678512	0.0830494593068737	0.09554829197792795	4	True
BLOC1S6	0.03285260900282106	0.19533404256785955	-0.0008764131842456376	0.15474041278316586	0.0955126627924002	3	False
FNIP2	0.21193016398987685	0.24372477797607134	-0.06824961447067703	-0.005766418649889784	0.09540972721134534	2	False
ANKRD40	-0.021057982048885603	0.22045457367429802	0.058523793367487115	0.12346027955649441	0.09534516613734849	3	False
CLK2	0.061144427130504976	0.1059045925090007	0.11602787783671349	0.09811326807936727	0.09529754138889661	4	True
HMGB2	0.284959967231517	0.09162178472738698	0.02782992475888961	-0.02365282670838985	0.09518971250235093	3	False
SPG21	0.02330968167530639	0.1591604994571144	0.12288823995332634	0.07499637074237682	0.095088697957031	4	True
PTS	0.04201955432534067	0.19643143365132046	0.10826249181000244	0.033003246072664014	0.0949291814648319	4	True
NAT9	0.0507737638936313	0.23745939706729452	0.12376607793902478	-0.03253994848539262	0.0948648226036395	3	False
TNFRSF10B	0.2565816487130269	0.14945843928702973	-0.04360032210862703	0.016555861044600474	0.09474890673400753	3	False
CEBPZOS	-0.07146417144946572	0.11456414002010439	0.13483633591944028	0.20100482143540213	0.09473528148137027	3	False
MAPK1IP1L	0.010047533383810361	0.15220929463079266	0.11799318580149859	0.09853701577361083	0.09469675739742811	4	True
AMMECR1L	0.08637210344274066	0.1400488661437559	0.03508950380185442	0.11717766092568815	0.09467203357850978	4	True
BICD2	-0.10060518454796748	0.04990171768264256	0.20175524523157698	0.22722332831073466	0.09456877666924668	3	False
TMEM167B	0.04748432139578296	0.24113967393492336	-0.018016724992630455	0.10747037259348441	0.09451941073289007	3	False
DNAJA4	0.019681990126699727	0.21838274039068722	0.10220700251994018	0.03776492038219851	0.09450916335488141	4	True
KDM1A	0.038649037394630686	0.2182400183183077	-0.021232157578855344	0.14184065303519774	0.0943743877923202	3	False
PCGF6	0.02920975476312058	0.23599642840795054	0.09502491109625269	0.016592758547311362	0.09420596320365879	4	True
TRIM11	0.21364253624747193	0.10786348667352129	-0.09009255665390886	0.14403942420610524	0.09386322261829741	3	False
ISCA1	0.17902778215935566	0.2073575554274155	0.09585650908151548	-0.10727804120284135	0.09374095136636133	3	False
EIF2AK1	0.006545573994130651	0.23219232700833675	0.008072728097384302	0.12719172665418826	0.09350058893850999	4	True
SLC35F2	0.04024013312359901	0.14736306063924767	0.05743665218684008	0.12858953137621745	0.09340734433147604	4	True
EHMT2	0.18968879055394228	0.06638704406003496	0.019320127593962646	0.0977501242141121	0.09328652160551298	4	True
TAF1C	-0.10453488223284285	0.05388018361938603	0.305530539855611	0.11812347132890837	0.09324982814276564	3	False
LZIC	-0.18405903274042765	0.16495050460806204	0.15913963333314868	0.23263891142367327	0.09316750415611408	3	False
ERI1	0.08162359771565926	0.16954805201513337	-0.05824842544211354	0.17950549787354267	0.09310718054055545	3	False
LARS1	0.07335872786971781	0.22578572193551447	0.0064047874531831936	0.06686665842871083	0.09310397392178156	4	True
HOOK1	-0.013319471246021659	0.26101932336917727	0.004326251850669407	0.12036330373818738	0.0930973519280031	3	False
MRPS31	0.07101320836659401	0.11216072539164015	0.08746484334823558	0.1014893696067088	0.09303203667829463	4	True
DIABLO	0.050816081858325375	0.14472109163651192	0.04941700192509996	0.12708340769240362	0.09300939577808522	4	True
CSNK2A1	-0.03307786794418021	0.17395694565749031	0.11799758759438489	0.11305032535458441	0.09298174766556985	3	False
SHMT1	0.014134277890556162	0.23186798607760528	0.033997623027503344	0.09174052505955492	0.09293510301380493	4	True
CDIP1	0.09630658011695255	0.14967247664891953	0.0035362894537797804	0.12185779598310299	0.09284328555068871	4	True
TAPBPL	-0.03755299386316545	0.20775138434356338	0.05464760843352695	0.14644622334118923	0.09282305556377853	3	False
RBM25	0.011868535729329364	0.2022026279878844	0.0897179232337573	0.06711049526559892	0.0927248955541425	4	True
ACAD9	0.03737409308374933	0.2759080170775064	-0.034226351185980074	0.09161650754339423	0.09266806662966748	3	False
CBX1	0.11009542051620319	0.07095408731751433	0.22414982744427625	-0.03475507723679548	0.09261106451029957	3	False
CDC5L	0.13773177018194824	-0.007298558008947283	0.0928934789549254	0.1470363750167732	0.09259076653617489	3	False
GYS1	0.17522388118861676	0.24608254189176942	-0.30778005411131254	0.2567905475337784	0.09257922912571301	3	False
GATC	-0.0754325450440494	0.19622811260504777	0.03073938587162231	0.21833547797134403	0.09246760785099117	3	False
SND1-IT1	0.15635889502818626	0.08901871064655999	0.18744167795405908	-0.06299790081499965	0.09245534570345143	3	False
MTDH	0.0012862997551454085	0.22219463351221302	0.052967675275559734	0.09330537852408204	0.09243849676675006	4	True
TMBIM6	-0.02456175040615512	0.3178985287758119	0.005818455054350446	0.070564608273265	0.09242996042431806	3	False
RTF2	0.06938760234797645	0.0009146787431636889	0.1524311586294973	0.14687109673813972	0.09240113411469428	4	True
RNF167	0.021204463947306882	0.11821359398936856	0.03381936903703931	0.1963275989202215	0.09239125647348406	4	True
EIF1AY	0.11795677516479616	0.18338581689797323	0.07711607128786743	-0.00982958789326721	0.0921572688643424	3	False
SELL	0.15257962861119378	0.12548507372170523	-0.0545008108418451	0.14475477344409501	0.09207966623378724	3	False
SPDL1	-0.05319576853353401	0.32350912167076756	-0.08881675625395904	0.18640204734733368	0.09197466105765204	2	False
SYAP1	-0.04075676965964183	0.14966263189005716	0.09725340538637978	0.1616738473145242	0.09195827873282983	3	False
RCN2	0.013034822047762448	0.20816603739041137	0.034824278236375066	0.11131888665094561	0.09183600608137363	4	True
MKKS	0.053135523393902234	0.10628625314699616	0.1131607389899908	0.0946551845467381	0.09180942501940682	4	True
RBMXL1	0.14699712470397713	-0.05266055247753849	0.20202645278055467	0.07087284675985553	0.0918089679417122	3	False
SPTY2D1	0.15112803735896624	-0.0285478666169962	0.1874521471607774	0.057154104539837755	0.0917966056106463	3	False
CHSY1	0.1347296141038988	0.17865792734724592	0.012731406640712609	0.040994222462077484	0.0917782926384837	4	True
LIG3	0.028447004440700863	0.16474089075136522	0.12635549356320036	0.04741390227931202	0.09173932275864462	4	True
OPA3	0.17539256382389115	0.009213024466125453	0.1612518565512171	0.021084383073604347	0.09173545697870951	4	True
CDK5RAP1	0.10751457759022685	0.08876002819184117	0.06580624812343128	0.10432894609914195	0.09160245000116031	4	True
COX19	-0.0033967318451917595	0.20119609091225485	0.09362617427277842	0.07425357907200382	0.09141977810296133	3	False
ZFP91	-0.07467848892682534	0.2444331296525331	0.07377909617779292	0.12192752589406729	0.091365315699392	3	False
SNW1	-0.04726125960016036	0.12845196890746588	0.11133932977977372	0.17257245290429293	0.09127562299784303	3	False
ELL2	0.07270545123997962	0.07960672369529549	0.16672279285377228	0.046049739023301985	0.09127117670308735	4	True
ACTN4	0.08770840675868173	-0.024092721903113047	0.22981583187969476	0.07152157970204001	0.09123827410932586	3	False
TRIT1	0.07635165572607462	0.18252446306541834	0.09852882601174928	0.007188527681334432	0.09114836812114417	4	True
ACTR6	0.20884324278346317	0.11362682252360122	-0.10306756669234396	0.1451256504448046	0.09113203726488125	3	False
LCP1	0.03982706179485784	0.041342956500790604	0.09361818944505258	0.18939140844735747	0.09104490404701462	4	True
SERPINE2	0.06499437557883812	0.6402296886613918	-0.1667227667004961	-0.1751655681613432	0.09083393234459766	2	False
TNPO1	0.07579039718235135	0.07140275828499601	0.07792014848461566	0.13815156353166094	0.09081621687090599	4	True
COPS2	-0.0026250267405318528	0.0956751177440219	0.12076474195491105	0.1493463061990006	0.09079028478935042	3	False
ZNF639	0.04428668114959692	0.11486213912516571	0.07087077187231608	0.1329153644177006	0.09073373914119483	4	True
UBFD1	-0.0670899200481345	0.27848121303888157	0.1350542292654378	0.016105797813761695	0.09063783001748664	3	False
SPTSSA	0.07219009789172422	0.1371357722569449	0.05776981616453265	0.09545400212963476	0.09063742211070913	4	True
CYBA	0.013762958140695919	0.05353680436453433	0.0852477609250718	0.2099517613296273	0.09062482118998233	4	True
CSNK1G2	0.00449528964208729	0.10190067618995496	0.07260162714663523	0.18342116524348584	0.09060468955554082	4	True
SLC25A44	0.17423813678992078	0.18827103130115874	-0.05355268605871302	0.05342956337122614	0.09059651135089815	3	False
SLC39A7	-0.04756222116376975	0.32644139035804715	0.014188592180855247	0.06918429749113154	0.09056301471656605	3	False
ZNF428	-0.13673352845719097	0.23152057128055697	0.29212370647655783	-0.025195987650591955	0.09042869041233298	2	False
DENND1C	0.1886275777445025	0.30535375669612935	-0.0935161124335704	-0.03883379154530091	0.09040785761544014	2	False
ILF3-DT	0.056363070317381525	0.11087218975053614	0.0461265524383176	0.14825744314659475	0.09040481391320751	4	True
SZRD1	0.031645423255259625	0.08257453300872376	0.19691904730826923	0.05015898993592084	0.09032449837704336	4	True
ZNF692	0.17997876381437955	0.2753258151859428	-0.10691484790225518	0.012691795382402789	0.09027038162011748	3	False
NCAPD3	-0.059944572946487286	0.22888489613269397	0.030090890338431736	0.16204803373513826	0.09026981181494417	3	False
AAR2	0.10642989767737826	0.10786942020479812	-0.046429794855047626	0.19314665841156045	0.0902540453596723	3	False
SOCS3	0.003463278131873573	0.3608099991136745	0.07954483163333712	-0.08317142293140922	0.09016167148686899	3	False
TM2D3	0.08655945599193371	0.12485431245884826	0.013098494186256271	0.1359531219202347	0.09011634613931824	4	True
SCCPDH	-0.020937725482749105	0.247537714291163	0.0359483386266071	0.09759094837663568	0.09003481895291417	3	False
CARNMT1	-0.012674039024549296	0.10971065329389929	0.1323826298960709	0.13035985610237924	0.08994477506695003	3	False
DNA2	-0.06258424204717616	0.106642001651638	0.10676118728889242	0.20885267047104292	0.08991790434109928	3	False
BPNT1	0.0912861652748939	-0.09659404760732306	0.19939375884398364	0.16448465790298764	0.08964263360363553	3	False
DCTD	-0.12166941227076392	0.18225417579010716	0.10547709005124387	0.19223119450820841	0.08957326201969888	3	False
RIF1	0.005651941945142616	0.11165332312323985	0.06094236264279183	0.1787591279584941	0.0892516889174171	4	True
ERCC3	0.062239644953038964	0.1197905617236315	0.04121913677091597	0.1337475976024118	0.08924923526249956	4	True
PPP2CA	0.07579350348997081	0.11729468873529829	0.05035376538878584	0.11326937882047106	0.0891778341086315	4	True
RPA3	0.11028909856588089	0.22710780621411716	0.06332873764798487	-0.0440175068656258	0.08917703389058929	3	False
ENTR1	0.027906955274713503	0.16962222285888992	0.08748030299343237	0.07138524316318455	0.0890986810725551	4	True
HARS1	-0.03693559675931304	0.10479179238452771	0.14165491671157482	0.14671343895934358	0.08905613782403327	3	False
PGM2	0.2702455544566056	0.05586761367977229	-0.08712771809474443	0.1168864986985203	0.08896798718503843	3	False
FARP2	-0.01850845822292575	0.10150953396603837	0.1809896528692417	0.09187474717826694	0.08896636894765532	3	False
DEGS1	0.13289167937372512	0.05909041063610719	0.10240597611082561	0.06135402848731012	0.08893552365199202	4	True
SPRTN	0.2043437675903147	0.019851938084180513	0.07382808904606143	0.05717503706711321	0.08879970794691745	4	True
PRKAR1B	-0.16395503819352525	0.338054834617338	0.12011066253864858	0.06082646571528444	0.08875923116943644	3	False
NUDT3	0.07474621526070024	0.02457080499774958	0.08667063439267234	0.1690442992228197	0.08875798846848545	4	True
PKD1P6-NPIPP1	0.042016949036965616	0.14108884341654546	0.08723978599267479	0.08393589937889404	0.08857036945626998	4	True
XPOT	0.005118063743321315	0.27664820665530504	0.011318739145575784	0.06091739682483875	0.08850060159226023	4	True
RN7SL1	-0.11689486272825333	0.32556407203793386	0.06357196677557743	0.08086891710566926	0.08827752329773181	3	False
SELENOT	0.023827846468780632	0.09651391082158253	0.07541638583681548	0.1564732597424534	0.08805785071740801	4	True
PVT1	0.047579944466898616	0.2220914475240514	0.05187521165249276	0.028586621262473026	0.08753330622647895	4	True
RBM7	0.020976243683521332	0.21480721442344927	0.12627438950145245	-0.01224493448100135	0.08745322828185544	3	False
POLR3E	0.01542402932928747	0.14440560332224858	0.0029971273520734694	0.18679372513229658	0.08740512128397653	4	True
SSR1	0.06064177913168481	0.15771262717083714	0.09271348262402854	0.037673558641268715	0.08718536189195479	4	True
TUT1	0.09641120973881351	0.1987975376856604	0.004002237150814383	0.04920462396358899	0.08710390213471932	4	True
ECD	0.0924213135108473	0.1701979574673871	0.04829645024918284	0.03695355138018028	0.08696731815189937	4	True
SEC11C	-0.0046444200061538125	0.1916959810171614	0.092541130018612	0.06794466674192257	0.08688433944288554	3	False
SH2B3	0.16873927011729292	0.2672648440435616	-0.01190853815452818	-0.07692813687592841	0.08679185978259947	2	False
HDAC7	0.3384957123903165	0.14100668701067015	-0.09585626763673344	-0.03682072246819595	0.08670635232401432	2	False
PEX3	0.21175270195604723	0.16930049934404462	-0.07838052984358079	0.044033722559361985	0.08667659850396826	3	False
PINX1	0.038700672462509016	0.18763283729072774	-0.01505055052304319	0.1352911416825111	0.08664352522817617	3	False
SEC62	0.028468644605925974	0.18849805095643699	0.0463733629463888	0.08300780827370846	0.08658696669561505	4	True
POLL	0.08778012918425056	0.1075752767751274	-0.04917579397800639	0.2001153555897859	0.08657374189278937	3	False
RAB14	0.040387548236732934	0.07927467603949492	0.11069438768077826	0.11542737190932889	0.08644599596658376	4	True
CAPZA1	0.14800408990927827	0.07372308737554704	0.05877378123443997	0.0650998608114188	0.08640020483267102	4	True
QARS1	0.05738875485570902	-0.08710429967384471	0.27195946988242814	0.10224710599653575	0.08612275776520704	3	False
NAF1	0.02281863553928745	0.1196174486703514	0.06778211118023728	0.1341694898400977	0.08609692130749345	4	True
SOCS4	0.10824140871617566	0.1335024418281231	0.01835303446068007	0.08373605406601917	0.0859582347677495	4	True
LCK	0.0718986073565229	0.10170768761609053	0.07334781005986589	0.09682549668068341	0.08594490042829069	4	True
PSMD1	-0.026764147759346928	0.1327307689540316	0.12302484596576432	0.11447703022046539	0.0858671243452286	3	False
HACD3	0.048510837307904585	0.14842818438602573	0.040052569703337024	0.10634279599220757	0.08583359684736873	4	True
ADSS2	0.12674224321073804	0.08130367720542857	0.04463033614900446	0.09053968039351652	0.0858039842396719	4	True
TAP1	-0.10858349656682781	0.21846608833210718	0.03354031363358783	0.19978930989083543	0.08580305382242566	3	False
POM121	-0.0003615345554427404	0.22948499505698713	0.018514218962777003	0.09514638294506782	0.0856960156023473	3	False
IFRD1	0.10454172129805092	0.16275634778462297	0.07506749914225086	-0.00023417351034547287	0.08553284867864482	3	False
ETV3	0.2516777987274344	0.057939006324364425	0.11816091623620818	-0.08628768653849771	0.08537250868737732	3	False
HSPA13	0.01126061378120643	0.35436741926730014	-0.028735266357847566	0.004145116101374751	0.08525947069800843	3	False
TFB2M	-0.021630719007831287	0.04277546879973121	0.21893568208790395	0.09999215551022055	0.08501814684750611	3	False
PIGM	-0.026048879280278554	0.019603476193659486	0.10051940482478368	0.24582134587340715	0.08497383690289294	3	False
POLG2	-0.006401628503289188	0.22801221265287203	0.08852899301954077	0.02917515065799124	0.08482868195677871	3	False
IGHMBP2	0.04123753605077997	0.10339919099095636	0.03245213440195882	0.16191831954563624	0.08475179524733284	4	True
EEF1AKMT1	0.03852791112754009	0.21816938218893325	-0.06635896045562618	0.14828553578358392	0.08465596716110776	3	False
PPP1R11	0.1085386609812754	0.16732133670523724	0.01878447948835714	0.04365990489393121	0.08457609551720026	4	True
ACAT1	0.06873219229176303	0.15174538417173472	0.009374804569164527	0.10756375654639302	0.08435403439476383	4	True
GOLGA8A	0.1661666004231795	0.014495021689337853	0.08161466557409162	0.07463367039161171	0.08422748951955518	4	True
COPZ1	0.023658427791695327	0.2043185557966249	0.13415389285985097	-0.025270215997322286	0.08421516511271224	3	False
SDF2	0.01599094566655701	0.18092333296852903	-0.055185036416287504	0.19507119235250253	0.08420010864282526	3	False
DPH7	-0.05611114617726311	0.17568405232826656	0.25615781724717446	-0.03949262655496569	0.08405952421080307	2	False
POLG	-0.0016622303045087626	0.11362682252360122	0.05021212972232747	0.17391125448699835	0.08402199410710456	3	False
DDX23	0.01917711483968759	0.10557740981793043	0.04044819131248647	0.17051378649219295	0.08392912561557436	4	True
SRP19	0.05750077600124695	0.19398163707317995	0.05054420660592848	0.03363478278808348	0.08391535061710971	4	True
GSK3A	-0.04642130732751635	0.18766603338394328	0.2248319109383731	-0.03042685656793359	0.08391244510671661	2	False
RUNDC1	0.04263372399932653	0.13078130909876465	-0.06446376290430245	0.2264010821363498	0.08383808808253462	3	False
NRBF2	0.18295614199898155	0.18266418996478628	0.0800045940493018	-0.11049587548460707	0.08378226263211566	3	False
TMEM214	-0.01923973434926566	0.11229235575175321	0.02910417875034286	0.21295577659580078	0.08377814418715779	3	False
KYAT1	0.10805083998407154	0.18740434100041178	0.021210740028183184	0.01802953545650275	0.08367386411729232	4	True
AP3S1	0.20575233777412394	0.11342652809785873	-0.030225192899995784	0.04514886457244567	0.08352563438610815	3	False
ZBTB7A	0.016905296524556974	0.06706659195476253	0.10811883512134511	0.14154197515980685	0.08340817469011785	4	True
JAML	0.14425005147682154	0.2809601894050199	-0.11270104066817382	0.020728714171764584	0.08330947859635805	3	False
TVP23B	0.003895107180524152	0.09577612727426751	0.16580615169259455	0.06691372342228553	0.08309777739241793	4	True
CHCHD6	-0.0018320156044037664	0.24134492163840382	0.02167742469824022	0.07113583909314004	0.08308154245634508	3	False
STK25	-0.049465962672210366	0.20694198387416282	0.19451783517916735	-0.02018447783255263	0.0829523446371418	2	False
EIF2B3	-0.0502164985526038	0.2272109620099517	0.1325894852335461	0.02207427381858773	0.08291455562737043	3	False
STAT6	0.05443962603658191	0.253853414006576	-0.01943092250036584	0.0427508431897741	0.08290324018314156	3	False
HAUS6	0.021416531363855573	0.11321947820983747	0.06486605508761487	0.13129107000814316	0.08269828366736276	4	True
MBIP	0.08774291803864749	0.05478524094653124	0.1823212395680562	0.0055528022592233415	0.08260055020311456	4	True
ZGRF1	-0.035813625222584126	0.3757887027787085	-0.09901075135819548	0.08911543293820366	0.08251993978403314	2	False
ARMH1	0.05832300683874986	0.18157081687180482	-0.04867383796662186	0.1385578415448486	0.08244445682219535	3	False
DDX10	-0.0773642734069734	0.18930800432456799	0.06695287309115705	0.15067049241379826	0.08239177410563747	3	False
FASTKD2	0.014329335428453214	0.16802099845308593	0.10265065952718555	0.04450384609606841	0.08237620987619827	4	True
ANXA11	0.21037088112011915	0.1175173981091481	0.10104107652288281	-0.09959104567281545	0.08233457751983364	3	False
PPIL3	0.16316925824284237	0.17117916487506465	0.005843242685636067	-0.011554803093794029	0.08215921567743727	3	False
PPME1	0.23811481481644553	0.15621734683329672	-0.024114893639857277	-0.04169286175282583	0.08213110156426479	2	False
IVD	0.04455554527068288	0.1724826483517988	0.05425011392196528	0.05671581708314958	0.08200103115689913	4	True
UBE2J2	-0.13037418417379973	0.20274987150019053	0.15950439969949853	0.09532788091529744	0.0818019919852967	3	False
ZNF202	0.17725770622471396	-0.05053245021509786	0.07763936493154654	0.12202669929987249	0.08159783006025878	3	False
CYTOR	0.005184705932423415	0.20031769747864928	0.03797888429022003	0.08159910954501844	0.08127009931157779	4	True
CCDC25	0.10207057208414567	0.040612232374581676	0.08177543688878144	0.1006028170691668	0.0812652646041689	4	True
RNF19A	0.22663381857296125	0.14732625477386505	-0.05511362135733257	0.005800493461504666	0.0811617363627496	3	False
GNAI3	0.12939009266058676	0.004730452059260086	0.017554565236716575	0.17289063197785257	0.081141435483604	4	True
RABGGTB	0.1036003263284271	0.20063875533168046	0.007075755096477535	0.013023812106143508	0.08108466221568214	4	True
SPRED2	0.1753240588285419	0.20865834793163507	-0.07523690353227125	0.015192787383433572	0.08098457265283482	3	False
ZNRF3	-0.06966853293799424	0.3036200585850583	0.07722949293867411	0.011063001606612506	0.08056100504808766	3	False
EHD4	0.1557662937871133	-0.029862525555289985	0.07671239123758862	0.11960144352433505	0.08055440074843674	3	False
DEDD	0.15730235534843448	0.20651362210404742	0.12336150672003829	-0.16516675050592192	0.08050268341664957	3	False
GPATCH1	0.10740026024302159	0.08220282185939165	0.1590884739394348	-0.026883377137657243	0.08045204472604768	3	False
TSPYL1	0.13739606282045816	0.03259869774709977	0.13470042060174575	0.015198586325709706	0.07997344187375334	4	True
TWF1	0.14175345010164203	-0.1639594436324166	0.18777927530906766	0.15361349319678344	0.07979669374376913	3	False
PSMA1	0.09297866762725267	0.08033754395957413	0.05494025089975025	0.09079204689641278	0.07976212734574746	4	True
TGIF1	-0.08041348561880537	0.22623376253072175	0.0814348830454701	0.0916720158320861	0.07973179394736815	3	False
LAT	-0.0735731316030716	0.2700667719634561	-0.02143439997213526	0.14378381562131148	0.07971076400239017	2	False
ARHGEF2	0.09006905433991676	-0.021862944506640707	0.13944901848800684	0.11112358784724231	0.0796946790421313	3	False
TMEM177	-0.06353654572537068	-0.048029352292715655	0.2967671298039403	0.13339889143773706	0.07965003080589776	2	False
MAN2B1	0.048319182641385496	0.1927066864137332	0.10360128223432125	-0.026086287128538752	0.07963521604022529	3	False
C16orf70	0.07500779880379582	0.05739618921960981	-0.004137458668037631	0.18956931102219965	0.0794589600943919	3	False
UBE2V2	0.12800966603785763	0.08782073774373435	0.0319388288752289	0.07002458945647282	0.07944845552832341	4	True
LMAN1	0.07076880840796901	0.1819518922423289	-0.0016531945166085387	0.0661623164918011	0.07930745565637262	3	False
RAD18	0.13548218433616813	0.07162096627839577	0.07123001756698048	0.0388693160279846	0.07930062105238225	4	True
TESC	0.06891138597753992	0.014902309163531387	0.025711720725007367	0.20760114795577544	0.07928164095546353	4	True
RTCB	0.08705952892148147	0.11656632130470014	0.07418875469988634	0.0388693160279846	0.07917098023851314	4	True
EIF3H	0.01730460925140331	0.15884868953217485	0.06292116539786742	0.07712167894890082	0.0790490357825866	4	True
SNHG30	0.13788858315588118	0.19590689797744398	-0.12200676308177663	0.10385643391156016	0.07891128799077717	3	False
COMMD6	0.10883047261513781	0.15165124722548295	0.05344720094789095	0.0010520495291523678	0.07874524257941602	4	True
NUP88	0.0876947239126399	0.11611902712133926	0.05947226548485525	0.05151281122819311	0.07869970693675687	4	True
CHPT1	0.026075003401015966	-0.008694999939004135	0.08605500081387955	0.2113299260572631	0.07869123258328863	3	False
MOB3A	0.17186862724284946	0.04817008418276466	0.02213207883848582	0.07257045623533216	0.07868531162485802	4	True
WBP4	0.04991826592803613	0.06957619750571906	0.1397536051398819	0.055290999198602225	0.07863476694305982	4	True
NORAD	-0.04865275597692507	0.11023110753161215	0.1355683562991213	0.11715290529713446	0.07857490328773571	3	False
SETD6	-0.2333289136330668	0.26883154770521506	0.01853232827884444	0.2601862476900591	0.07855530251026295	3	False
ECE1	0.08565421320606618	0.1299228788125351	-0.032858051722945765	0.13123878640595452	0.0784894566754025	3	False
ACSL4	0.05636629878067158	0.14255843510737304	0.08564392040543319	0.029135828874448134	0.07842612079198148	4	True
ADAT1	0.016573781370657594	0.22218092941823675	-0.0788097301593373	0.1536745348411613	0.07840487886767958	3	False
RPARP-AS1	-0.17257124104130683	0.24196739500456016	0.06025223352619993	0.18391386936325205	0.07839056421317633	3	False
CHMP1A	0.0684278107618252	0.16664677656937832	0.09753553835082973	-0.019326288338792057	0.07832095933581029	3	False
ARF3	0.07068347375191769	0.03931847389205801	0.17526324688028053	0.027970606388382818	0.07830895022815977	4	True
SHQ1	-0.012531825199248506	0.16081267016465434	0.04503460665897897	0.11931258909828649	0.07815701018066781	3	False
GLTP	-0.07992157893529256	0.21163845518590774	0.08629820324464153	0.0936617759398449	0.0779192138587754	3	False
MRPL48	0.07009591109542546	0.05520647712217507	0.14911822778773667	0.03720255319168288	0.07790579229925501	4	True
C2orf49	0.09976668145324329	0.1080567659127539	0.02310974954772927	0.08030316089438123	0.07780908945202691	4	True
NFS1	-0.19423348328347725	0.17200083944191893	0.1911962329561739	0.14219444556896293	0.07778950867089462	3	False
MRPL39	0.10890097580037354	0.08989537411847302	0.1209238448854005	-0.009001778185330208	0.07767960415472921	3	False
NSMCE3	-0.0187461042707792	0.21359512492960572	0.19374951325780035	-0.07833196356774433	0.07756664258722065	2	False
CRKL	-0.056018342654062844	0.08650097149171129	0.1678772114016189	0.11090769290373564	0.07731688328575075	3	False
DMAC1	0.006510176497970751	-0.016008759492289987	0.11132452578818129	0.2074409548208861	0.07731672440368703	3	False
SCO1	0.11677882579613058	0.050812555108761995	0.07907694634063035	0.06250091495724848	0.07729231055069284	4	True
FCHO1	-0.01560857316146646	0.14911052943666714	0.01940642199761173	0.15580422259515123	0.0771781502169909	3	False
PKP4	0.04845142234530988	0.11168258901570374	0.06296644340762765	0.08552765383725848	0.07715702715147493	4	True
ACTR8	0.2562390619883389	-0.0026218124206296334	-0.1146604078052379	0.16917721068546	0.07703351311198284	2	False
DUSP5	0.2507152661986395	-0.019995182643002384	0.10399602119200295	-0.02672542316544062	0.07699767039554986	2	False
GPHN	0.012720744268798802	0.23595994183338959	0.0035388846220538745	0.05569066586300267	0.07697755914681123	4	True
PMPCB	0.06958354634245852	0.0905522670251554	-0.0026201657931889865	0.1498355339416219	0.0768377953790117	3	False
TMCO1	-0.05546913462665957	0.2152721556649565	0.07492636566163002	0.07259903981878624	0.07683210662967829	3	False
UBASH3B	0.06707853512417926	-0.143020393951481	0.11158723296222944	0.2714128307646586	0.07676455122489657	3	False
CNPY3	-0.08198874377178687	0.20719029725170304	0.21538589100571365	-0.03357345288458622	0.0767534979002609	2	False
C6orf120	-0.06739526952568346	0.22189428375401335	-0.03807226708193967	0.19037490660916528	0.07670041343888888	2	False
PXN	0.23854406536833656	0.27548767223761544	-0.10200820892653636	-0.10546456875287653	0.07663973998163477	2	False
POM121C	-0.004272558092183552	0.2028834530208813	-0.007846523681268626	0.11529307291504763	0.07651436104061919	2	False
PTCD3	0.10694277873375345	0.11297977473406104	0.005416240855074152	0.08046869450686948	0.07645187220743953	4	True
UBE2O	-0.01171573093122569	0.17544019734290892	0.03530160062605052	0.10664415392745688	0.07641755524129765	3	False
PRDM4	0.11958312888503993	0.16455157853257818	0.052041365041711175	-0.030764944379548735	0.07635278201994514	3	False
COPG1	0.11429355772098757	0.11666351004113507	0.0054370711836209	0.0686475299330992	0.07626041721971069	4	True
NELFA	0.0722978336161816	0.13817696320915432	0.09628762631002924	-0.0020963816798825544	0.07616651036387065	3	False
FLT1	-0.018017386601367834	0.35871000063995867	-0.0717955590140715	0.03533338225810056	0.07605760932065497	2	False
MTHFD1L	0.057903164235855765	0.2676327935199255	-0.008731248705988333	-0.013032261851598823	0.07594311179954853	2	False
UBE2D1	0.07024850350610588	-0.021277931427711408	0.0881358314027333	0.16599543817556336	0.0757754604141728	3	False
STARD3NL	-0.05770362868507545	0.1265572976579663	0.06641765481818983	0.16742992604016962	0.07567531245781259	3	False
MEAF6	-0.03898330261047382	0.13514844974662826	0.17933154392263995	0.02543037968348592	0.07523176768557008	3	False
CDK11A	0.05831746369637929	0.15789552990949549	0.03766266598153676	0.04693082537828046	0.075201621241423	4	True
KIAA1191	0.050910586416429336	-0.0432456183363364	0.14424096420592988	0.14884958706946266	0.07518887983887138	3	False
RBM27	0.040434447936612654	0.10688823755393717	0.049575084128979645	0.10376065188418461	0.07516460537592852	4	True
FYN	0.2192772619568367	0.17588740958314897	-0.03524136365003452	-0.05950672572647319	0.0751041455408695	2	False
CLPX	0.07338387327367185	0.10162093927899253	0.09085780544528117	0.03437079100296618	0.07505835225022793	4	True
MPC2	0.09600102441641312	0.21477815396569458	0.011457567202745447	-0.02201088108295061	0.07505646612547562	3	False
PSPH	-0.13185579826633387	0.4083526858306835	0.1583790273744665	-0.13555748657382036	0.07482960709124895	2	False
ASF1A	0.012543684599993467	0.09755783209419946	0.16636653954161162	0.0219540310764075	0.07460552182805301	4	True
MRPL45	-0.030171713408848014	-0.0019647507124679136	0.130899676176561	0.1996498058828623	0.07460325448452684	2	False
GTPBP8	0.0808601905037103	0.018346567922849825	0.15019664519059406	0.0489238688233089	0.07458181811011577	4	True
POLA2	0.08768428392837217	0.18422114624795777	-0.04327632218309327	0.0696684600046693	0.07457439199947649	3	False
KIF3B	0.031257507867505016	0.1794657175838594	0.015538344423985826	0.0719750939925113	0.07455916596696538	4	True
DBR1	0.09959109178093163	0.16429629863977593	-0.021641995727422703	0.05562788433957268	0.07446831975821439	3	False
SQLE	-0.10183592271885518	0.23847635068650694	-0.009881281605830938	0.17073462954591087	0.07437344397693292	2	False
C14orf119	0.1585046917775568	0.1616026778043232	0.04855086746184605	-0.07156072729187157	0.07427437743796363	3	False
MBD3	-0.1749210963564397	0.2233607747249687	0.06801952456373322	0.18057102552733142	0.07425755711489841	3	False
KNTC1	-0.024658796848806428	0.31465321823207243	-0.06441208585984874	0.07143278775012897	0.07425378081838654	2	False
LYRM7	0.16230227616108062	0.09093108221392637	-0.10543064496466503	0.14899788706481576	0.07420015011878943	3	False
CNP	0.13871289878198398	0.07354786213984715	0.03540097337968546	0.04863748222036919	0.07407480413047145	4	True
KLHL18	0.09086149776116771	0.16860984468257578	-0.042731419542207966	0.07877150164026467	0.07387785613545005	3	False
SON	-0.023419021419505498	0.08422509789915958	0.14083285557727407	0.09374679312102838	0.07384643129448913	3	False
SMC1A	0.004772578339834223	0.14631146875227694	0.06122651363871681	0.08265455829044138	0.07374127975531733	4	True
MMAB	-0.001277846853088252	0.05654905018248092	0.10702302613249373	0.13265257486057594	0.07373670108061559	3	False
EWSR1	0.00943904117602215	0.15060260894640376	0.08249543728113691	0.05222902208628502	0.07369152737246196	4	True
RDH13	0.05583371230979172	-0.03326832033095747	0.0027395712019873167	0.26937089360463845	0.07366896419636501	3	False
COX20	-0.0332697580677926	0.1315449932556751	0.14284150022473796	0.05335850415499791	0.0736188098919046	3	False
FARSB	-0.10320087938886324	0.2545645870345181	0.04395642268568259	0.09899697982198381	0.07357927753833032	3	False
PLCXD2	0.0378645095557702	-0.07294562576228875	0.24283421538342764	0.08631770381283531	0.0735177007474361	3	False
YEATS4	0.07332927895054918	0.045247709275135356	0.13068724939096904	0.04476794215584641	0.07350804494312499	4	True
BRD7	0.008827361230223636	0.14835308214717807	0.09571399672517472	0.04108615718911499	0.07349514932292286	4	True
PANK3	0.03382139647102095	0.12961182589301917	0.10512340949170493	0.025103890147643707	0.07341513050084719	4	True
GRK2	0.06374757623403907	-0.04104672872206222	0.06166504710396665	0.208817236277899	0.07329578272346063	3	False
ZNF557	0.006142954338552354	0.12069251889592421	0.021032473209735763	0.14484613037683852	0.07317851920526271	4	True
MAP4K1	0.21978692877858336	0.03597871062932182	0.018056543616752335	0.01885455748132648	0.073169185126496	4	True
PRKAR1A	0.19722515725720471	0.010591464754732447	0.02324718250343341	0.06088894361847637	0.07298818703346173	4	True
RTN4IP1	-0.19422578948730362	-0.047251562290537855	0.30763143778780144	0.22552560858218357	0.07291992364803589	2	False
CD59	-0.012639204314295212	0.112997949114155	0.15773062107674304	0.03356611064209002	0.07291386912967321	3	False
TATDN1	0.10827439514072736	0.12894267993520533	-0.06897860364899815	0.12309614766874297	0.07283365477391937	3	False
KIF21A	-0.06235007994867434	0.10731156403077571	0.12405024305966955	0.12209609685893888	0.07277695600017745	3	False
ARMC10	-0.14310176459701773	0.18764557015017286	0.1384657547602433	0.10745838802523408	0.07261698708465814	3	False
CIRBP	-0.0020547239561812787	0.14129696613526252	0.14056897801693843	0.010564187321268365	0.072593851879322	3	False
TIAL1	-0.0007737232089316403	0.061601821465397145	0.09437469165992425	0.13504377011642021	0.07256164000820249	3	False
MED30	-0.031032077458849932	0.06679146198672424	0.10644858689779024	0.14801272127286244	0.07255517317463175	3	False
PAIP1	0.020952772451024785	0.005942360449727742	0.14045802445351013	0.12241695745254372	0.07244252870170159	4	True
BNIP2	0.011183366333338775	0.15470340135488056	0.0648828167284152	0.0589246328565655	0.07242355431830001	4	True
TGFB1	-0.03903942661290138	0.1504663852945313	0.04826599718453614	0.12976908552611974	0.07236551034807145	3	False
THAP4	0.02884966496103252	0.16816913648334647	-0.03541665209962052	0.12781440468530056	0.07235413850751476	3	False
POLDIP3	0.023872344939834384	0.06337568064311838	0.09684630938898312	0.1050520167443873	0.0722865879290808	4	True
RFC1	0.1281270602033946	0.18715629801061104	0.006695585858606776	-0.03309948101693499	0.07221986576391937	3	False
MED6	0.014611974485571427	0.08849357341638368	0.09855885680885412	0.08635501953144628	0.07200485606056388	4	True
MCL1	0.08767624465486654	0.0888646598815899	0.04062986873405462	0.07036542729761965	0.07188405014203267	4	True
ABCB8	0.04053640394464883	0.23548587093303702	-0.10320502842847425	0.11442183150726	0.0718097694891179	3	False
ATP6V1E1	-0.023750116121111282	0.06713970983376596	0.059337389827633424	0.18434968086272827	0.0717691661007541	3	False
PRCC	-0.0428548254754902	0.1370911158363864	0.07014542542034351	0.12217004871273345	0.07163794112349328	3	False
TEX264	-0.054940785619589205	0.004914309831656222	0.10000600038667816	0.23638557098306712	0.07159127389545307	3	False
QSOX2	-0.04661646419175761	0.2584117380119969	0.028322397850872497	0.04596099018788624	0.07151966546474951	3	False
PALB2	-0.10330596743505553	0.27424398276835676	0.0905051973739058	0.024317908439573547	0.07144028028669515	3	False
PITPNA	-0.03261463629633499	0.07279743692823964	0.08626057761723707	0.15873263150865594	0.07129400243944942	3	False
ATP8B2	0.24347697499708923	0.12111335590005912	0.00792374784312096	-0.08736530121228542	0.07128719438199596	3	False
CTBP1	-0.06368652845796868	0.09309329678470822	0.11909100267822709	0.13654003836354692	0.07125945234212838	3	False
PABPC1L	0.1213260810572904	-0.017124553794033257	0.0850493836079121	0.09538865128566121	0.07115989053920761	3	False
CHMP5	0.03570473070937699	-0.007848124214724384	0.1936837523443413	0.06291722488743781	0.07111439593160793	3	False
TMEM185B	-0.016118363936873166	0.052786931799116144	0.1157205398878971	0.13149177596247139	0.07097022092815286	3	False
SRRM2	-0.0302008302091105	0.1241244522687295	0.07509148346317203	0.11447002608770393	0.07087128290262373	3	False
HDAC3	0.11560183981104503	0.006730232834750902	0.11822092928785984	0.04289038355479805	0.07086084637211346	4	True
C16orf87	0.13540650943011365	0.18830189093371819	-0.0009412078884422569	-0.03946850998970015	0.07082467062142236	2	False
VHL	0.16714218805587922	-0.001158709270606352	0.014524599784480494	0.1026350864267229	0.07078579124911907	3	False
WDR45B	0.10103280867144943	0.043036544962979796	0.003305267161746917	0.13529875876712372	0.07066834489082496	4	True
SAFB2	-0.012377405325574964	0.09142548994274552	0.10185250832918753	0.10160434514906878	0.07062623452385672	3	False
MRPL1	-0.03595781723917643	0.1662617763227702	0.004914492673555403	0.14704630067106114	0.07056618810705258	3	False
MSANTD4	-0.026721968232045673	0.21116908344244287	0.12027921452199467	-0.022489835958069932	0.0705591234435805	2	False
ANKRD54	-0.2989115673729306	0.19109335345477135	0.19449260906441412	0.19473171103100953	0.07035152654431609	3	False
SRSF10	-0.001976353471886078	0.13190758993397955	0.07817958734288827	0.07322284933853561	0.07033341828587934	3	False
CASC3	0.12144578097706525	0.009116594228405186	0.0014882311813050415	0.14927674324013326	0.07033183740672719	4	True
ABHD14B	0.15774573164067543	0.12168335137885501	-0.18348212596113092	0.18531738822326604	0.07031608632041639	3	False
GGA2	-0.03153701278636076	0.2052318396535491	0.03464087648696981	0.0727746357652552	0.07027758477985334	3	False
RADX	0.2659318210963578	-0.043570726125566506	-0.16093167409823467	0.21926748504650367	0.07017422647976508	2	False
RNF6	-0.016424258346495187	0.09746422308332181	0.12033792560253423	0.0793110432130861	0.07017223338811174	3	False
CRNKL1	0.10436361760207426	0.0867935925217437	0.010320407768809778	0.07887301510116605	0.07008765824844845	4	True
ZNF558	-0.0941453680210598	0.16818467838581327	0.016626283308878727	0.1893350960359157	0.07000017242738697	3	False
SMG5	0.03980891435802989	0.13492288496381488	0.07632143436995352	0.027993315755702537	0.0697616373618752	4	True
RBCK1	-0.033111106830703306	0.12261618152675162	0.07897201267460872	0.11013422444043347	0.06965282795277263	3	False
SLC16A1-AS1	-0.08509149296013505	0.13279473561451036	0.3591911482845904	-0.1283239256051418	0.06964261633345598	2	False
FEM1B	0.14297367319428247	0.06031195729281854	0.07089230771114106	0.004261091375815256	0.06960975739351434	4	True
ASCC2	0.06319922193106481	0.12446052333251352	0.08502216938951153	0.005718068211227858	0.06959999571607942	4	True
MIDEAS	0.1349652331220608	0.06357642711621803	0.06294002979767357	0.016809666873659163	0.06957283922740289	4	True
NDUFAF2	0.06884140250300659	0.10076977236186009	0.05651837334771869	0.0521281910253124	0.06956443480947444	4	True
FAM168B	0.14151091307531877	-0.053941234169466536	0.0925072179080979	0.09798772740830385	0.0695161560555635	3	False
BBS7	-0.005402131413810843	0.07082365817405221	0.02891810453894697	0.18293433785421515	0.06931849228835088	3	False
SLC20A1	-0.0755975611696015	0.06485627466183533	0.1918360987469804	0.096169374870816	0.06931604677750756	3	False
FAM86DP	0.07754896629445476	0.2910558073335289	-0.06810004802047018	-0.02336134537686818	0.06928584505766133	2	False
THUMPD2	-0.05105892197332767	0.12398899094033684	0.12082437035623496	0.08337138390456125	0.06928145580695136	3	False
SRCAP	-0.05779068958337873	0.07764353553139408	0.20744156433704017	0.0496613680322263	0.06923894457932045	3	False
FGD5-AS1	-0.16270277835834468	0.1894701944120467	0.05687642156973981	0.1931673795080154	0.06920280428286431	3	False
HEATR3	0.005729183734471882	0.019949905630485095	0.10354456512383442	0.14739710563928055	0.06915519003201798	4	True
GLOD4	-0.11248002505787719	0.012471496577097927	0.13481957424499286	0.24170341738457973	0.06912861578719834	3	False
SDHAF3	0.017742586736741884	0.13665913071826633	0.09447799223564307	0.027564543857784923	0.06911106338710905	4	True
USP46	0.15323216012165128	-0.06149295150274257	0.07257237698939109	0.11179592930022707	0.06902687872713172	3	False
PPFIBP1	0.34164732969377287	-0.08564686083080215	0.027134694665972552	-0.00715192301154396	0.06899581012934984	2	False
MCM8	-0.012124774981476615	0.36762582647838504	-0.08576342630042584	0.005885937955674287	0.06890589078803921	2	False
CLPTM1	-0.07478831497021851	0.2177980136601609	0.040611389114120724	0.09191630690270744	0.06888434867669263	3	False
USP31	-0.04780124393702736	0.11011119069614482	0.21327141216691142	-0.0004087494386079775	0.06879315237185522	2	False
GNAS	0.008543142639471129	0.17774557632761964	0.04990959745217019	0.038774026298119026	0.06874308567934499	4	True
ZRANB2	0.040107305082033994	0.1027550425779101	0.08398222499711129	0.0478278877202227	0.06866811509431953	4	True
CLTC	-0.04058421406813978	0.10713387992363245	0.08121150120286377	0.12673677040834883	0.06862448436667631	3	False
PIEZO1	0.13687946008642568	0.12735823672121696	-0.09193245464817917	0.10218177951330239	0.06862175541819146	3	False
TRAF4	0.001810525475984364	0.11421918412182264	0.11256493042793979	0.04581797944087469	0.06860315486665537	4	True
AHCTF1	0.16832346911124305	-0.024344916811678323	0.04304159118693644	0.08680478270324732	0.06845623154743712	3	False
HNRNPUL1	0.02654426589813724	0.0967143024311407	0.08619757429853789	0.0637433505960431	0.06829987330596472	4	True
KIAA1958	0.2051371955428232	0.10681801939607713	-0.1437698845549048	0.1045895441300954	0.06819371862852273	3	False
SIN3B	0.04482550301971957	0.13383183968416965	-0.011093371449497562	0.10436302400001495	0.06798174881360165	3	False
NSUN4	0.03974173804196822	0.19169723850903628	-0.041151786330318185	0.08093893051753606	0.0678065301845556	3	False
RETREG2	-0.09724894476430479	0.01599210226123198	0.22959885397725918	0.1227683299868632	0.06777758536526239	3	False
ANAPC1	-0.04792498631752773	0.1879743881376079	0.02359061339759391	0.10689205486814693	0.06763301752145526	3	False
UBQLN1	0.06624552408625713	0.1043718090661902	0.002322511767627009	0.09730846269598903	0.06756207690401583	4	True
TPD52	0.30140602820376244	0.09575878376228453	-0.08026352973896353	-0.04670884752050474	0.06754810867664468	2	False
NOA1	-0.1498693990246058	0.3565055042389943	0.0374709305940539	0.02584717873603332	0.06748855363611893	3	False
SLC7A6OS	0.09292610866028918	-0.020244033881855666	0.08393458177190892	0.11328525555564845	0.06747547802649773	3	False
HM13	-0.024414519321972073	0.2300172208354052	0.00532765464351583	0.05837342543587027	0.06732594539820481	3	False
SREK1IP1	0.13008941536990914	0.13113322405105524	0.029884503021983692	-0.02232672829023926	0.0671951035381772	3	False
CHP1	-0.07147752795475595	0.12696520325533245	0.06477251285591977	0.14842434428076084	0.06717113310931427	3	False
CDK6	0.05065894182569372	0.0507065333696547	0.07995784595200627	0.08683386380381135	0.0670392962377915	4	True
GRIP1	-0.23924799057316645	0.07401855844753794	0.17852435609202233	0.25481696012624305	0.06702797102315922	3	False
GPN2	0.06572128912956135	0.19857031456146185	0.027367979924319608	-0.02380328518170692	0.06696407460840897	3	False
ALDH9A1	-0.03818483567280549	0.05254976046022596	0.08370028869235349	0.1688330571810441	0.06672456766520451	3	False
LMNB1	0.0692803372949426	-0.06272701326845127	0.1263337441346829	0.13398058989471726	0.06671691451397288	3	False
WDR83	0.01158100248218562	0.24274760903316486	0.08711765446171826	-0.07466020734375892	0.06669651465832746	3	False
PEX26	-0.035274560306237955	0.14509241416455082	0.06715557421331467	0.08957136983968998	0.06663619947782938	3	False
SUGP1	-0.01310310807492697	0.1986608114998765	0.07876446436607226	0.0017802860272176145	0.06652561345455986	3	False
CALML4	0.024948709151939204	0.35984397045482497	-0.05260571158279449	-0.0663491320430065	0.06645945899524079	2	False
TEX10	0.1001558816406733	0.1620003022141167	-0.09364356668981155	0.0972137866100759	0.06643160094376359	3	False
EMC3	-0.05939504581562703	0.2071673087761649	-0.04758579329967216	0.1654877869592611	0.0664185641550317	2	False
RHOF	-0.08201788562848496	0.040434127578634065	0.28513176222543324	0.021729208987064028	0.06631930329066159	3	False
INSIG1	-0.0773722040332115	0.15231518920369008	0.08758183290440648	0.10262173507149026	0.06628663828659383	3	False
ABCC4	-0.041799761253881414	0.1309269472204186	0.07170624737644009	0.10386256656007899	0.06617399997576406	3	False
RAB35	0.04176011347657629	-0.054090673268371914	0.03951140996100343	0.23698127839983307	0.06604053214226022	3	False
USP53	0.19943948702699854	-0.008183881710371883	-0.005567103310740216	0.0784270777140168	0.06602889492997581	2	False
FLOT1	-0.17991634454743752	0.31115788245154224	-0.01718777711724498	0.15006085197800056	0.06602865319121508	2	False
MTG1	0.17697517940288285	0.01749061018520604	0.03362714769637698	0.03566698267603424	0.06593997999012502	4	True
DDX42	-0.12703077268636762	0.12326456576717974	0.05217629202471568	0.21482817545193986	0.06580956513936692	3	False
NDC1	-0.0870781836087966	0.21246853148687353	0.03723459830861276	0.10012327427829006	0.06568705511624494	3	False
NFKB2	0.10621985591336994	0.020993633155741806	0.14685803915250403	-0.011412138152577021	0.06566484751725968	3	False
CGAS	0.1301100716700095	-0.042898773818545045	0.09885906134958437	0.07657973848284619	0.06566252442097376	3	False
LZTR1	-0.1623874200306351	0.2693974537640039	0.03024976920643701	0.12459425799949117	0.06546351523482424	3	False
HPS1	-0.018852409858476075	0.1617577614804826	0.16500542880985952	-0.04626481000366484	0.0654114926070503	2	False
RDH11	0.040721876365907655	0.19667057513348093	0.012880826031002076	0.01115201529183962	0.06535632320555758	4	True
ZNF589	0.032919991165958506	0.16589864741624658	-0.04564348471673675	0.10799646122267051	0.0652929037720347	3	False
SIPA1L2	0.05436263695729121	0.05302441781945911	0.1176629826825626	0.035956817114590714	0.0652517136434759	4	True
LIX1L	0.022974072054990934	0.07571328165653116	0.16567062871694394	-0.0035918088285606057	0.06519154339997636	3	False
ARL6IP1	-0.07343561221424849	0.22729631122651625	0.016862836008036397	0.0900355688434433	0.06518977596593686	3	False
TSEN2	-0.16293638426667442	0.3758681998271809	0.03570621562119631	0.011833639841483222	0.06511791775579649	3	False
SUMF2	0.03502507970701751	0.08073308949179928	0.07170936807528612	0.07294513030977018	0.06510316689596828	4	True
OTUD4	-0.03287052963891779	0.116416653121559	0.07640096830335254	0.10041544404596983	0.06509063395799089	3	False
ADIPOR1	-0.012873945573553085	0.3442641457842366	0.024728003351852983	-0.09576458891477112	0.06508840366194134	2	False
NCBP1	0.027676812670087137	0.07532934874444852	0.03165211876248291	0.12543197538734124	0.06502256389108996	4	True
NCAPG2	0.21570603267026184	-0.026553594140232534	0.043620655494341215	0.02728610565862102	0.06501479992074788	3	False
SUPT6H	-0.003904399268720573	0.11525920045216695	-0.020333961377803005	0.16890582831755216	0.06498166703079888	2	False
BMS1P20	0.044209392888016376	0.1285660172382672	0.15335120291843723	-0.0665556575367862	0.06489273887698364	3	False
ATL2	-0.0067904746469702945	0.12025828532273342	0.133604644087672	0.012348871542425172	0.06485533157646507	3	False
ALDH5A1	0.1746298456431674	0.09714012619908682	0.04312940908871254	-0.05670421828055911	0.06454879066260191	3	False
FKBP3	-0.010434594974691631	0.032844518355889064	0.1875807416384057	0.048133312972744244	0.06453099449808684	3	False
CPSF2	0.018958888255885632	0.085809555410438	0.13737423015636846	0.015970785390709206	0.06452836480335032	4	True
YY1	0.02111236803256524	0.08124774510513517	0.07210691860634028	0.0836251059098605	0.06452303441347529	4	True
ZNF239	-0.17233818922645935	0.22921828563243585	0.0342998381043133	0.16676890876620268	0.06448721081912312	3	False
CASP4	0.05081047133609127	-0.1440340424977115	0.2053051583497795	0.14534503685073522	0.06435665600972362	3	False
ACTR1B	0.2066669093179572	0.03648121459202533	0.19494287782428646	-0.18075068032173935	0.0643350803531324	3	False
EML3	0.0015588677071414548	0.12743195412853806	-0.0301166491260045	0.15846426211620238	0.06433460870646934	3	False
TARS2	0.017567651555264276	0.16480121946890583	-0.0721351016124559	0.1470717084996503	0.06432636947784112	3	False
GPS2	-0.08593860791670163	0.007483915609516477	0.23906400658821148	0.09503814206824296	0.06391186408731732	3	False
NT5C3A	0.06888390652146117	0.04954369574042117	0.06870062839193003	0.06814713442749976	0.06381884127032803	4	True
ADARB1	0.11002241894392409	0.18271550148195928	-0.0755754121079035	0.0379865485432388	0.06378726421530467	3	False
ADAMTS17	-0.04926261774802999	0.14231183194587865	0.03028645974766521	0.1317834765697768	0.06377978762882267	3	False
SFT2D1	0.002339317736161093	0.08345972077226259	0.1257243886230404	0.043117027402167066	0.06366011363340779	4	True
SART3	0.015895869680880796	0.11460810440797968	0.029526212007590726	0.09443142623217726	0.06361540308215712	4	True
DYNLT1	0.07334348111338156	0.2222733022485693	0.021777039351607234	-0.06314967509899368	0.06356103690364111	3	False
TOR1AIP1	0.042392911986213595	0.10695141102950981	0.023145627586737997	0.08097266302266737	0.0633656534062822	4	True
FAM91A1	0.032316114332014555	0.039732322467700816	0.07456827459466096	0.10659881012723048	0.0633038803804017	4	True
CHUK	-0.03367403552023565	0.08938614313631911	-0.05974057378562287	0.2571744300520909	0.06328649097063788	2	False
NUP42	0.02577312751327228	0.12553536001584412	0.01721742757442689	0.0842034851331895	0.0631823500591832	4	True
KLHL8	0.023922774179303496	0.20415640178243943	-0.04715998050226325	0.0713646766217127	0.0630709680202981	3	False
AP4B1-AS1	0.028447716771801506	0.19335731735632533	-0.061054819572644574	0.09147163435865362	0.06305546222853396	3	False
CIP2A	-0.1146867446658339	0.29367862382596743	-0.04806124791612739	0.12058889163284836	0.06287988071921363	2	False
ME2	-0.014361660432878632	0.13481323584052557	0.09972252762903987	0.03110596697813555	0.06282001750370558	3	False
ETHE1	0.06183335640400824	0.21110260814812307	0.024163425405535125	-0.0461282385269514	0.06274278785767876	3	False
GGA3	-0.0969606015064218	0.1381270938757075	0.21449081959200086	-0.005542941303467234	0.06252859266445485	2	False
ZNF207	0.08487895582041444	0.05583030611012575	0.02187468333255962	0.08743551571623888	0.06250486524483467	4	True
TRAF2	-0.06248122728369222	0.19562651560558483	0.0408633219777694	0.07595954878516264	0.06249203977120616	3	False
RSRC2	0.1070193777417514	0.028697004261967664	0.04132491520833541	0.07230885759884052	0.06233753870272375	4	True
RPP30	0.1233993691142113	0.08593114465966575	0.059650452891101366	-0.01993688765075794	0.06226101975355513	3	False
MAPK6	0.05667737221249703	0.008639612593839921	0.09678427337712307	0.08683541183919538	0.06223416750566385	4	True
ECSIT	-0.012489498389755256	0.15196531730143553	0.026455496402899913	0.08276048755608009	0.06217295071766507	3	False
TUBGCP2	-0.010013774218392914	0.10686977351161886	0.059232051502228836	0.09259421011271639	0.0621705652270428	3	False
RN7SL2	0.09576732059951595	0.12407971645942922	0.042878953733726834	-0.014163130922206878	0.06214071496761628	3	False
TSC22D4	0.1510753496069522	0.11318356161225275	-0.07915684870701317	0.06316190202688818	0.062065991134769995	3	False
GUSB	-0.03441693652185596	0.2300786378476411	0.06550585409182615	-0.013392391458354778	0.061943790989814125	2	False
THOC5	-0.08834891548388997	0.14204140458137238	0.06856477647517241	0.1251792466842052	0.061859128064215	3	False
EIF4E2	0.11862956488139553	0.042014771822464395	0.09380305265247611	-0.007183972690050111	0.06181585416657148	3	False
COG2	-0.02676032802150828	0.08194396553221098	0.05493901707628356	0.1371166627397377	0.061809829331680985	3	False
TBCA	0.04666662124768953	0.08296259007960742	0.03605078514668244	0.08109813837261722	0.06169453371164915	4	True
MED28	0.0371069868905315	0.12988084134975045	0.09215133153701108	-0.012418249141698486	0.061680227658898634	3	False
ZW10	0.10160063798093308	0.024776372051649856	0.09376969153454318	0.02651740872032124	0.06166602757186184	4	True
ARMC1	-0.1415429254578386	0.20366897584399624	-0.0004770531312596065	0.18501400933445344	0.06166575164733787	2	False
UBE2D3	0.03957956469662371	0.05362913077238186	0.07347827489448436	0.07870244931445836	0.06134735491948707	4	True
CWC22	-0.004678596573712887	0.11083398981893718	0.06995161037966802	0.06866110848202872	0.06119202802673025	3	False
MED1	-0.005959123915876985	0.08611672140111667	0.05735254545255063	0.10715012456971965	0.06116506687687749	3	False
DLD	-0.030777514738188492	0.1284817533870581	0.07657355505111559	0.07027330478691796	0.06113777462172579	3	False
FBXW2	0.03439785076551341	0.12092189983186497	0.09444972453989334	-0.005879782738377546	0.06097242309972354	3	False
MESD	-0.08151676388531387	0.22147112406248956	0.027482383486393702	0.07645021595299811	0.060971739904141876	3	False
MAP9	-0.0069235806990183895	0.18888106855996617	-0.08337891424922786	0.1451480263388269	0.060931649987636706	2	False
TTC5	-0.08515585555420258	0.08574053418841526	0.2019903810247987	0.04099717019118402	0.06089305746254885	3	False
DOK6	-0.08673349157678945	-0.038794661394780515	0.13713713830239982	0.23081294765696192	0.06060548324694794	2	False
RNF157	0.30381640177891445	-0.014142347744224643	-0.03784042715127952	-0.009556345098423633	0.060569320446246674	1	False
CUL4A	0.018046272781641337	0.07125078747298327	0.10847329661633286	0.04410209588563998	0.06046811318914936	4	True
BAP1	0.08829803999715631	0.0690223998881302	0.013450695554944802	0.0710209037447294	0.06044800979624018	4	True
ATG4A	0.12028757724300965	-0.05086734063998649	-0.08315331952228756	0.2553661400671713	0.06040826428697672	2	False
GUF1	0.029584425604779377	0.18756462104801863	0.007230349319592792	0.01691298106971789	0.06032309426052717	4	True
LPCAT3	0.023298661804468334	0.17030065624456944	-0.06670219284015007	0.11383289864520937	0.060182505963524265	3	False
ACTN1	0.1076538270754465	0.04333106339666118	0.12385327096075191	-0.034506561010827635	0.06008290010550798	3	False
ELP6	-0.01821360798098133	0.10123716476798057	0.06446444035336495	0.09250061544120625	0.05999715314539261	3	False
WDR53	-0.04482423641466071	0.19713991091789673	0.007696881642179731	0.0796417318187744	0.05991357199104754	3	False
UBQLN4	-0.03767889391536666	0.10125911574353588	0.131660904609717	0.04330249727145329	0.05963590592733488	3	False
APMAP	0.06690758097851164	0.014162485041154952	0.07085572692557153	0.08646851615851217	0.05959857727593757	4	True
XYLT2	-0.04516590729870399	0.30924001991680994	-0.008307489084178101	-0.017447718099186455	0.05957972635868534	1	False
ZCRB1	0.03688290871769294	0.2677831756105859	-0.038548195837940606	-0.027976890284727166	0.05953524955140277	2	False
RNF40	0.035949128413263115	0.07235389344462054	-0.04071043876808039	0.1695502276891034	0.05928570269472667	3	False
ANKS3	0.020763006873610126	0.18102800747961148	0.013305804390691765	0.022045715082138515	0.05928563345651297	4	True
PRPF39	0.12444180401576609	0.020719546332704907	0.08886071907551758	0.0030560027885080765	0.05926951805312416	4	True
SAT1	0.23178999889626517	-0.09313986641337275	0.04200266682980213	0.056114439272546925	0.05919180964631037	3	False
PSAP	0.11864562420923888	0.06532601798767107	-0.0902327845569314	0.143027927769147	0.05919169635228139	3	False
ALG5	-0.015674127618913326	0.084074697891031	0.07920304899680362	0.08861693980167579	0.05905513976764927	3	False
TRA2B	0.09567916757735283	0.09658030497900807	0.029913004375358956	0.013599200397831395	0.05894291933238781	4	True
CCDC130	0.01980465913614838	0.07899866820455154	0.10797945756292283	0.028890213496064254	0.05891824959992174	4	True
SNIP1	0.042058559911570634	-0.03531649413989945	0.16711958748891664	0.06078345527628253	0.05866127713421759	3	False
CCT6P1	-0.02489071047787685	0.1756035350817852	0.08657034863110415	-0.002669574053442239	0.05865339979539256	2	False
CD69	0.12295571730739975	0.20787618719125592	-0.10956205836042227	0.013291078017965034	0.05864023103904961	3	False
CTIF	0.2776032926110048	0.022617634887746943	-0.2252377097372513	0.15955282287093717	0.0586340101581094	3	False
APOO	0.1308937804476609	0.03587570879371918	0.020974133061194663	0.046652700861104276	0.05859908079091976	4	True
ATPSCKMT	0.07765367191353048	0.24762610915707722	0.003090706587472309	-0.0945208606021696	0.058462406763977605	3	False
PTDSS1	-0.026282691993249514	-0.07304114300659051	0.18825834004831637	0.1442510133537919	0.058296379600567064	2	False
ATXN7L3B	-0.06801718925983043	0.19721997171371025	0.01751304062674068	0.08605168229436837	0.05819187634374723	3	False
SEPHS1	0.0797268581729483	0.01984100310651799	0.07829871887928576	0.05489867536627963	0.05819131388125792	4	True
TMEM248	-0.017084043504478938	0.17759388998156028	0.04896982835956818	0.02320125616283782	0.058170232749871834	3	False
RNF4	0.07091269184605425	0.1531997462791994	-0.013483053073536259	0.020930237568520915	0.05788990565505958	3	False
PPP1R15B	0.019005994128815845	0.07558338175555655	0.054341522535877686	0.08198780349102694	0.05772967547781926	4	True
PCCB	-0.021863422607494576	-0.021518877516532465	0.16414419647460765	0.10969415444911729	0.05761401269992447	2	False
KMT5A	0.11740384981614585	0.16108862165685514	0.022182034190021842	-0.0702389284923877	0.05760889429265878	3	False
ATN1	-0.05443843475010329	0.15536459006714629	0.10682467674943595	0.0223663845758529	0.05752930416058296	3	False
OXSR1	0.13643829088937232	0.04207044735686156	0.0430595167456743	0.008437685238240638	0.0575014850575372	4	True
MORF4L2	0.08795743428225056	0.018675888514712143	-0.047241611762542685	0.1702060743117624	0.057399446336545604	3	False
CD3G	-0.011660406380950915	0.28115091936716086	-0.08222960091161689	0.04221830483884232	0.05736980422835884	2	False
CPSF3	-0.04826574785214592	0.09490858654912322	0.0866925500705333	0.09593695244718202	0.05731808530367316	3	False
FILIP1L	-0.05981242920043431	0.2653043361219049	-0.012159369098885264	0.03549679876218612	0.05720733414619286	2	False
RCL1	-0.0670848133742668	0.12104609651857035	0.005572285986964919	0.16904929485925693	0.05714571599763135	3	False
DAZAP2	0.12975583595674278	-0.00789947158257904	0.06327395236534361	0.04321237147706037	0.05708567205414193	3	False
RPN2	-0.030705310442130464	0.20710675899676853	-0.012183789013172366	0.06375567170833431	0.056993332812450004	2	False
STMP1	-0.05543966773699983	0.041784373400343994	0.15299205500858812	0.08784059814035497	0.056794339703071815	3	False
MT-ND4	-0.0029809414457577068	0.18201811198995277	0.012864621265195372	0.03501751361463907	0.05672982635600737	3	False
MYOF	-0.2329094371513836	0.2649929707173903	0.0023877991061301194	0.19231733428906336	0.05669716674030005	3	False
FBRS	-0.03030599169225329	0.12652066890145452	0.14581920408071603	-0.015445819265973274	0.056647015505986	2	False
COQ10B	0.14280479553414024	-0.08189252331291937	0.12656848229016668	0.0389772206467284	0.05661449378952899	3	False
NUDT9	-0.07029983970734152	0.14443375470988618	0.10392311578583449	0.04825465901104582	0.05657792244985624	3	False
SAR1A	0.04281733195546907	0.0965446953880767	0.023969642784346608	0.06274612950946909	0.056519449909340366	4	True
UBQLN2	0.13355776159503974	-0.08735674258795569	0.11603937501576787	0.06334731544695256	0.056396927367451125	3	False
MRRF	-0.022813934888085703	0.24976921549328646	0.01464009069382206	-0.016777427815206344	0.05620448587095411	2	False
TET2	0.14821648044180186	0.15926275422534508	-0.08049562301492247	-0.002469644833921194	0.05612849170457582	2	False
POLR3A	-0.019052917801788867	0.17594068296053514	-0.06726074740420385	0.13480563099623763	0.056108162187695015	2	False
ARPP19	-0.03481578021715412	0.1467450690013832	0.13694899387523887	-0.02466718852293844	0.05605277353413238	2	False
GRB2	0.0925731725484068	-0.01733717926329729	0.07587976709103791	0.07285700284592647	0.05599319080551848	3	False
STARD4	0.2651362274803862	0.038669764755393514	0.033042138841790275	-0.11319091752725566	0.05591430338757857	3	False
YIPF5	0.09371467644022471	0.1341309671379174	-0.0596314323722281	0.0550672429742791	0.055820363545048275	3	False
SEC63	0.06548597617731024	0.13643098404684356	-0.015864831447058792	0.03701117215779667	0.055765825233722914	3	False
FOXN2	0.10461003998250631	0.1292495707104784	0.010885276684267397	-0.021791733182764787	0.05573828854862183	3	False
RNPEP	0.035039809830904434	-0.0317736177842572	-0.12282071284667731	0.3424009556376453	0.0557116087094038	2	False
CD37	0.02744630264297996	0.13554720198604533	0.06901760650647454	-0.009371900846566077	0.055659802572233436	3	False
GNPDA2	-0.0030925156478527425	0.20443355409706263	-0.027684420644315616	0.04827896053940708	0.05548389458607534	2	False
HSF2	0.07101938820955836	0.23223525157625105	-0.18476757000202493	0.10333436313669861	0.05545535823012077	3	False
CNOT7	0.08598075688021485	0.11316009096429681	0.03832005698449788	-0.01583074673091361	0.055407539524523985	3	False
TMEM128	0.057747972445347476	0.06681029995565872	-0.05023288919415311	0.1471204946785994	0.05536146947136312	3	False
LRRC61	0.0412952745321318	0.08350755937828597	0.1376416354804655	-0.04109038562027519	0.05533852094265202	3	False
TBCCD1	0.2114515628928449	0.1423111995798593	-0.07001707204110855	-0.06261134090485312	0.055283587381685644	2	False
XPO1	0.005157888726076218	0.10401719294170454	0.011165967147179073	0.1006036342380492	0.055236170763252254	4	True
BIRC6-AS2	-0.10537432448799666	0.13606378831122548	0.013873199118016672	0.17579409854868794	0.05508919037248336	3	False
GAN	0.20715482276403874	0.07124788201079325	-0.03793545443150913	-0.020385967666329267	0.05502032066924839	2	False
ARFGAP2	0.01926279036208361	0.13365040318040142	0.05163564980834317	0.015339678944082186	0.0549721305737276	4	True
CBWD6	-0.1407730055316489	0.20167522070609753	0.052902315325419794	0.10591231192063397	0.054929210605125595	3	False
NECTIN3	0.22578691161465717	-0.00830897538001444	-0.03203719181686219	0.03405872329739075	0.05487486692879283	2	False
LINC01237	0.16792871618618058	0.16453334625976812	-0.054719570080682615	-0.05894348357345076	0.054699752197953824	2	False
TRAF1	0.02355733334299694	0.02875755460388521	0.11567560676113861	0.049771648941312016	0.05444053591233319	4	True
ARIH2	-0.010963367178048036	0.06430289473041155	0.06603399689227056	0.09814864326152459	0.05438054192653967	3	False
PPP2CB	0.04759550975567228	0.07503663622318614	-0.05811966892834171	0.15276229625775675	0.05431869332706837	3	False
SF1	-0.05152273452056832	0.11074844596767126	0.03345974451997032	0.1238589272867812	0.05413609581346362	3	False
LGALS8	0.04675666759325548	0.021196116777525423	0.16441438644926873	-0.0160954633485911	0.05406792686786464	3	False
PKN1	-0.025223697055889525	-0.018952249039251044	0.12697019328140055	0.13346950092740653	0.054065937028416625	2	False
NIF3L1	-0.027152449039292415	0.34347421668795663	-0.26519266863865615	0.16490571182704666	0.05400870270926368	2	False
TDP1	0.10445911241273	0.1979370469163689	-0.13172796695418537	0.045237260962709774	0.05397636333440583	3	False
HSD17B12	0.01844833269448321	0.13771399640280413	-0.04253144371556615	0.10180213997745194	0.053858256339793284	3	False
ACOT9	0.1514786908556892	0.15880376210068603	0.04640375917151824	-0.14125804639780265	0.053857041432522706	3	False
SKI	0.08879912829421538	0.06959260610810372	0.03867739018922265	0.018344361977211034	0.053853371642188196	4	True
KDM4B	0.3801534402883804	0.1562884155849439	-0.20086809861546592	-0.1202702367137368	0.05382588013603038	2	False
ENDOD1	-0.06694371335959486	0.1588850198292061	0.029216636442184564	0.09337671769302866	0.05363366515120612	3	False
RAB5C	0.06978701528515598	0.005395075116426683	0.09273546662736686	0.046430511726052816	0.05358701718875058	4	True
ZNF326	0.057696681315632596	0.1361449952816424	0.06290195549908027	-0.04268216008016442	0.05351536800404771	3	False
CARNMT1-AS1	0.033341792688067605	0.05191228494064078	0.19851276047480484	-0.06973928032845858	0.05350688944376366	3	False
SLC16A6	0.21224748398401969	0.2504238126726467	-0.13050424014221548	-0.11826913001621836	0.05347448162455813	2	False
CENPO	-0.037391347465109456	0.19531052157149398	0.013035725976885959	0.042797206385263374	0.05343802661713346	3	False
CRELD1	0.11661324592343014	-0.06508518156400636	0.007616084395062422	0.1545233222690685	0.05341686775588868	3	False
BECN1	-0.07341649250577373	0.21107795480134076	-0.04946329064129625	0.12445232756350412	0.053162624804443726	2	False
CXCR5	0.05248449981860687	-0.004429839621934659	0.2291711668406557	-0.06462109004839732	0.05315118424723264	2	False
HNRNPH1	-0.059095334363074035	0.09286846962615586	0.10599492581402237	0.0722247446082047	0.05299820142132722	3	False
PPP2R2D	0.13926012656353542	0.09505277043631294	-0.031681308891672345	0.009341826654184789	0.0529933536905902	3	False
ARRB2	0.0045281175374246516	0.03607653896532706	-0.00943768064806455	0.17965818496749708	0.05270629020554606	3	False
GAK	0.06500179584574663	0.06907310944890654	0.00462140800990662	0.0720497321559388	0.052686511365124644	4	True
ZCCHC9	0.08085794771367891	-0.07047035670546276	0.1039672441670298	0.09575748545489068	0.05252808015753416	3	False
ZNF142	-0.11465877205210674	0.08951906731445987	0.14808284820645448	0.08714678876605152	0.05252248305871478	3	False
DDX3Y	0.03427305907821816	0.20524067682434818	0.01100413232859845	-0.04046490184217336	0.05251324159724786	3	False
CMC2	0.17202435860539428	0.09233977673892979	-0.06583871348117351	0.011316450706287185	0.05246046814235943	3	False
RIC3	0.08120120563533693	0.15582201809489535	-0.14484300977576436	0.11717154991837105	0.052337940968209734	3	False
TAF5L	0.08197892731356306	-0.050134797090124625	0.15019148849799668	0.02727843254287951	0.05232851281607866	3	False
FASTKD1	0.09320934544660918	0.058958448210399035	0.011434174187604822	0.045320380619574274	0.05223058711604683	4	True
MLXIP	-0.02770818102427907	-0.0031609254838102932	0.04281924166888471	0.19648453033982274	0.05210866637515452	2	False
ARHGAP4	0.11313688246146412	0.09069444581232676	0.02156863996655726	-0.017003993305976118	0.052098993733593	3	False
GRAMD1A	0.0672886000706901	0.1277199216213449	0.016370461432077595	-0.003224091662369823	0.0520387228654357	3	False
SEPTIN2	0.063905473338624	0.03078830215992123	-0.023201340526991732	0.1366567245700119	0.05203728988539135	3	False
NDST2	-0.01198297220451761	0.24588475984424896	-0.04070298007957924	0.01486144597793936	0.05201506338452287	2	False
AATF	-0.10959925925772097	0.13842233863327486	0.11453932543174754	0.06402087989552002	0.05184582117570536	3	False
UPF3B	0.0941394549649652	0.016280207449818927	-0.02731168783593213	0.12420826870245164	0.05182906082032591	3	False
TIPRL	0.1100737609477901	0.024729607113469228	0.002071770284327444	0.07005762430796608	0.05173319066338822	4	True
PLA2G12A	0.006786359955998458	0.14024263893683156	0.02685572887301167	0.032968331402198396	0.05171326479201002	4	True
LAMP1	-0.036162268438845985	0.13846267851551963	-0.013398620096192164	0.11782098475737782	0.051680693684464825	2	False
SLC7A1	0.07357354260569952	0.2328744177757489	-0.07554806941992448	-0.024251989639158138	0.051661975330591456	2	False
DIS3L	0.17535154813153042	0.06928184022504455	-0.09017249611273728	0.052119433238198336	0.05164508137050901	3	False
PARVB	0.2014379273246363	0.10134895800821525	-0.01920949142179383	-0.07708784986236954	0.05162238601217205	2	False
RBL1	0.04208548635901328	0.12237138081278176	-0.003064598447391412	0.04501054814605277	0.0516007042176141	3	False
SMARCC2	0.029428764090329754	0.061343465604516666	0.042980365569756984	0.07263700344864976	0.05159739967831329	4	True
ACTR3	0.04466437909655238	0.011379322749237197	0.10642618278651417	0.043884511203097665	0.05158859895885035	4	True
LYPLA1	-0.018340294065910645	0.11266069452381386	0.003862981938738106	0.10779051338458956	0.05149347394530772	3	False
ZNF496	0.17027426148217523	0.06171640570552309	-0.024925749744641904	-0.0017869383204792008	0.0513194947806443	2	False
IL2RA	0.07545586141641475	0.13348008797741942	0.046433927466837624	-0.05023980999198584	0.05128251671717149	3	False
ZNF791	0.222122061475605	-0.040766619855918215	-0.013744646889258368	0.03726175654385228	0.05121813781857018	2	False
SBNO1	0.002199812156318012	-0.0008282650630723093	0.023060286321246737	0.1801128512734412	0.05113617117198341	3	False
RGP1	0.23479281428827742	0.17020852693445834	-0.05262873449346383	-0.1483644219193333	0.05100204620248466	2	False
SMG1P5	0.10325549584943508	-0.14330046519773953	0.1639307470530967	0.08005503368518568	0.050985202847494485	3	False
TBC1D9B	0.010996611921133962	0.07235485883806603	0.08254691032038591	0.03712057820654553	0.05075473982153286	4	True
KAT8	-0.08038795961415272	0.16137426003259486	0.2034876297233864	-0.08180225210913067	0.05066791950817447	2	False
LOC283922	-0.03290178096002528	0.18104597312750143	-0.06273135176193914	0.11699602446225717	0.05060221621694855	2	False
GPAM	-0.07451487793685783	0.1000013804811019	-0.0006988414821183582	0.17755991343797561	0.05058689362502533	2	False
CANT1	-0.1710709317606542	0.10205618682713911	0.27206098430219205	-0.0008150700193608379	0.05055779233732904	2	False
ITGB1	0.01702385864715963	-0.0449416319225807	0.11382515912567812	0.1161282143507523	0.05050890005025234	3	False
CARHSP1	0.11568082165633571	-0.06497137969170301	0.03897021276577606	0.11175590746634068	0.05035889054918736	3	False
ARMT1	0.028222801648406372	-0.10248770078275896	0.17671411694926117	0.09842633215048115	0.05021888749134744	3	False
ZNF335	0.0010329483433339898	0.06049801133645569	-0.026876488703866556	0.16596419110627164	0.05015466552054869	3	False
TRMT61B	-0.05511312301091674	0.2013036170296038	0.06250287314921045	-0.008421231460312923	0.05006803392689614	2	False
GFPT1	0.062404638496343284	-0.020194667216254264	0.06236482091249868	0.0946351891108584	0.04980249532586152	3	False
PPIL1	-0.1225190427176046	0.2607828668879351	0.267223644901475	-0.20708608108681092	0.04960034699624864	2	False
FUBP1	4.8559008909282336e-05	0.07811682994145813	0.01620930874546283	0.10402205112440882	0.049599187205059764	4	True
RPAP1	-0.1575539679085924	0.3104642646683131	-0.014547924189170728	0.05973135202006611	0.04952343114765402	2	False
SPTAN1	0.1043036352205489	0.019400554597822674	0.00559136032537522	0.06841901379272507	0.049428640984117964	4	True
C1orf52	0.09358033454164831	0.028419282708408926	0.0026258357286196698	0.07208961590710125	0.04917876722144454	4	True
LINS1	0.0020117830846093985	0.24778853701836984	-0.1204922498912407	0.06737093343846992	0.04916975091255211	3	False
NDUFA9	0.03213468316941796	0.07147108785769357	0.1341912373189537	-0.04156034887249788	0.04905916486839183	3	False
TET2-AS1	0.08651017704331544	0.06653206447053286	-0.04186086768172202	0.08392739723119451	0.0487771927658302	3	False
CTDP1	-0.044787357007693714	0.11670077338989752	0.0904892773966421	0.032585495020666724	0.04874704719987816	3	False
FOXK2	-0.09020146369381807	0.1524019565614088	0.04545763139452694	0.08732996652952521	0.04874702269791072	3	False
BRCC3	0.09783913735811539	0.03850817608236087	0.04666643031562478	0.011875119551224502	0.04872221582683139	4	True
RMI1	0.013114402349222736	0.1882311545499765	0.04849895332325973	-0.05504238389245092	0.04870053158250201	3	False
FAXDC2	-0.11759497193095804	0.24194397779427163	0.01793878480202813	0.052402649272306506	0.04867260998441206	3	False
BUD13	-0.07351359683884687	0.0036069872888973174	0.04853341474558675	0.2160505481437547	0.048669338334847975	3	False
APTX	-0.03006098590323697	0.16396227805172586	-0.0030434983454458615	0.06363355087547182	0.04862283616962871	2	False
TRMT44	0.028274104823231835	0.05497805819975037	0.08289267449757134	0.027409207943429652	0.0483885113659958	4	True
NUP210	0.10055374527534455	0.13086971993928978	-0.019153630649054156	-0.018723267323998663	0.048386641810395384	2	False
CHD1L	-0.013082421233838829	0.08797019394090184	0.041321172086552616	0.07701912599835278	0.0483070176979921	3	False
CMPK1	-0.1129409644452758	0.05477826766046025	0.14794231461784904	0.10307773050149506	0.04821433708363214	3	False
ACVR1B	0.2583145973344562	0.060049993649956335	-0.11686497344737298	-0.009244691993716485	0.04806373138583077	2	False
B3GALNT2	0.11717683982938698	-0.023967762747600638	-0.05494873007072076	0.15397242872481468	0.04805819393397007	2	False
TMEM165	0.019204888822616596	0.13725095475444907	0.01605172076283602	0.01923430387144886	0.04793546705283763	4	True
KCNQ5	-0.057407026033585995	0.2585122815194067	-0.09081729109288265	0.08116248351395991	0.04786261197672449	2	False
AGO1	0.008729401861175505	0.23673236131779174	-0.028032331362525677	-0.02598360042598683	0.04786145784761369	2	False
ERLIN2	0.042043011460806926	0.1645160031364533	-0.040126935360493436	0.0247775137690275	0.04780239825144857	3	False
WDHD1	-0.013266616984903718	0.19304119449178148	0.05642973871089693	-0.04518497204561928	0.04775483604303885	2	False
CKAP5	-0.06742695780239931	0.053744562508583484	0.06628231930277374	0.13836528537854098	0.04774130234687472	3	False
HNRNPC	-0.028605712295353622	0.0959257846787089	0.06669521094721746	0.05688017597386405	0.04772386482610919	3	False
TTLL4	-0.041216994278321734	0.03640319002260527	0.04891185369512811	0.14674593778566247	0.04771099680626853	3	False
TAF12	0.07836995679747119	0.0629551306666753	-0.06270039657720057	0.11201503620380078	0.047659931772686674	3	False
PRKAB1	-0.15870186572836273	0.3452579311745677	0.0522563519332014	-0.04823618204546105	0.04764405883348634	2	False
DCAF1	-0.023595641348746896	0.13284391235051585	0.059163662583285065	0.02210983629754339	0.047630442470649355	3	False
DHX29	-0.02584108260787615	0.03742789548912569	0.11191568352878652	0.06690754666185503	0.04760251076797277	3	False
METTL8	-0.010827265831802371	0.14517195683676543	0.022667703551243274	0.03317848703558872	0.04754772039794876	3	False
IARS2	0.08132177970471492	0.08069169034412417	0.05647400649108734	-0.028404446735825598	0.04752075745102521	3	False
SCYL1	0.10734670769174973	-0.17553648263707022	0.08252431420943784	0.17564110993238177	0.04749391229912478	3	False
TMEM205	-0.10643495590988628	0.21110884879535693	0.050590997243914894	0.03424552622620919	0.047377604088898684	3	False
ENTPD6	0.10538978713759299	0.06516289821321589	0.041211815454882374	-0.022425549460854923	0.047334737836209076	3	False
TXNDC12	0.01767641402024237	0.16362928998389395	-0.2033163095032901	0.21123809496089044	0.04730687236543416	3	False
PPP2R1B	0.05425161425313455	0.02202259914053111	0.06104812350992798	0.051192568223553114	0.04712872628178669	4	True
THRAP3	-0.046942772007051714	0.04637147151117461	0.09929611112992649	0.08973108349025827	0.047113973531076915	3	False
ZAP70	-0.013975352017443007	0.13446783205139726	0.04708773295545045	0.020412126255407236	0.04699808481120298	3	False
TMEM182	0.10846903467693246	0.02527386560539839	-0.06320217263853739	0.11558565373023263	0.046531595343506524	3	False
SLC15A4	-0.07483041494166522	0.08613819667074468	-0.033650568076776785	0.208091002060579	0.04643705392822042	2	False
SMIM7	-0.11600605866749045	-0.0032718049198019092	0.18568479049875466	0.11930181780462276	0.046427186179021265	2	False
LYRM4-AS1	-0.039448932025699615	0.07313577271436528	-0.015966626669032303	0.16734182900344324	0.04626551075576915	2	False
ANAPC7	-0.2365019624175191	0.15811692465231597	0.16479304529839156	0.0986440943502045	0.046263025470848235	3	False
HTATIP2	0.08153778399391172	0.07962652328297758	0.1332061209786342	-0.1093971105279534	0.04624332943189253	3	False
POLE2	-0.012280543079295918	0.16489797657410296	-0.06559348714591047	0.09698715839699378	0.04600277618647259	2	False
C17orf75	-0.15305452308627507	0.0670642676213248	0.06978960326717351	0.1999463118839176	0.045936414921535204	3	False
HUWE1	0.09460622571340369	0.13190405006394446	-0.0327378420551535	-0.01009710206631217	0.045918832913970614	2	False
SUSD6	-0.01920364678976138	0.06921681032526306	0.08431672677329691	0.04929487232484561	0.04590619065841105	3	False
TACC3	-0.0761958636156154	0.13205761334345614	0.029748636855554605	0.09782815439590754	0.045859635244825725	3	False
ZDHHC18	0.07758452334798636	0.01688879773176186	0.032089752184654506	0.056666149839795024	0.04580730577604944	4	True
RNF8	0.056908023898391946	0.12028216800382242	0.04842941288842771	-0.042618549915117265	0.045750263718881204	3	False
ATP13A2	-0.013170381565738904	0.061124476349384026	-0.021904858981119775	0.1568988917746145	0.04573703189428496	2	False
DDX5	-0.012742917424823596	-0.05097292573505025	0.16493958233947176	0.08170253148474872	0.04573156766608666	2	False
ARHGDIB	0.1538413437642866	0.04465917688339282	-0.021536212887638382	0.005911797161373641	0.04571902623035367	3	False
MECR	0.1297058530383106	0.24647578083599633	-0.15120329909762414	-0.042659342552038126	0.04557974805616116	2	False
POLH	0.16886493747186312	-0.01760775521887846	-0.027780921743978605	0.05876871429446643	0.04556124370086813	2	False
TMED10	-0.07167763227421536	0.14928836367816983	0.05093525793613562	0.05334709760489868	0.0454732717362472	3	False
TDG	-0.014869837051952401	0.12181863063194052	0.008109802059785487	0.06570024998674544	0.045189711406629765	3	False
DDX50	0.008780505226867436	0.08376052522370106	0.025969558805963786	0.062236673423877495	0.045186815670102444	4	True
ITPR1	0.09529194275974871	-0.002542756893827106	0.05705638665257452	0.029877786176036956	0.04492083967363327	3	False
ZNF24	-0.001908822833095051	0.011165962703227233	0.0293618205519828	0.14098371256151465	0.04490066824590741	3	False
BAZ1B	0.003012684647098668	0.1387514152215581	0.024708508902326762	0.012786876396467526	0.04481487129186276	4	True
YES1	0.015640208702864103	0.18718614752919852	-0.0389465369407701	0.01521468819532429	0.044773626871654204	3	False
ZNF37A	0.023072112374671494	0.04935273299014867	0.03909553247537648	0.06714844297524651	0.04466720520386079	4	True
DHX34	-0.058762592312704226	0.251216555532586	0.003980471505401978	-0.018597610445027512	0.04445920607006406	2	False
CCZ1	0.06133966202135275	-0.08149790663949928	0.06415158131980286	0.1335164020445576	0.04437743468655349	3	False
ADIPOR2	-0.05540821109942104	0.12840731510772838	0.008173325251817423	0.0961412785513044	0.04432842695285729	3	False
PRPF4B	-0.014632610828986483	0.021524590574831116	0.05289054571131512	0.11730895888565233	0.04427287108570302	3	False
EVI5	-0.15335468282546524	0.38169742844031207	-0.10339880993413189	0.05194224865284033	0.04422154608338882	2	False
CDC42	0.06911316368680072	-0.07584297862634358	0.1519066597388443	0.03096703574460231	0.04403597013597593	3	False
LSM8	0.09153731126179676	0.11127255687839192	-0.05239164415847285	0.025306581144938212	0.043931201281663515	3	False
CHMP4B	0.04396883962282303	-0.023850887662866756	0.12314241706083032	0.03231547041635299	0.043893959859284896	3	False
CEP152	0.1502884280953035	-0.007588346930879948	0.061588581179981686	-0.028730543472347655	0.043889529718014395	2	False
RANBP2	0.025316582438583198	0.04344490113607277	0.07134969586707186	0.03516117576746433	0.043818088802298046	4	True
NFKBIA	-0.15630193457379027	0.06450003453609493	0.24459947933553644	0.021778899036234544	0.04364411958351891	3	False
LOC100630923	0.11548219225724315	0.05290022234918726	0.0013875919554845258	0.004411861225102542	0.04354546694675437	4	True
DGKE	0.022473540008642916	0.15995820738575997	-0.052811391833475045	0.044465244666514685	0.04352140005686063	3	False
CDC40	0.022231849604686285	-0.01896992007798985	0.13162673940755268	0.038923298770568486	0.0434529919262044	3	False
TOR1AIP2	0.002169659608404946	0.09711968406215418	0.021283123682196432	0.05318960594123959	0.04344051832349879	4	True
COX10-AS1	-0.00639910279899241	0.19238201615789638	-0.02188122948423338	0.009639695953666722	0.04343534495708433	2	False
DCAF12	-0.0441953760828119	0.12864416456396777	0.04416182078063839	0.04509690240212658	0.043426877915980204	3	False
COIL	0.055089594569894956	-0.0034565202495760315	0.10434339618753562	0.017336966200327455	0.0433283591770455	3	False
TCHP	-0.11270161079958993	-0.02512681414179442	0.22292052507280927	0.08811753047748548	0.04330240765222759	2	False
RPTOR	-0.07885162499009157	0.2357653883777064	-0.05071535072287504	0.06696626591761043	0.04329116964558755	2	False
FLVCR1	0.024981735237797134	0.17291049430865907	0.0008733865488272546	-0.025609408761931126	0.04328905183333808	3	False
ZNF195	-0.035545383430102266	0.1450122969573781	0.03272716587294634	0.030943445484319817	0.043284381221135496	3	False
AKAP8	-0.0421092446155285	0.08970953634744366	-0.01319196440876969	0.13872403413685608	0.04328309036500039	2	False
HMCES	0.04530043815923056	0.09381969273398057	-0.08762425145287284	0.1215316285904225	0.043256877007690195	3	False
CMSS1	0.042083449936121974	0.1759804044162412	-0.04726175607669752	0.0021494592062865836	0.04323788937048806	3	False
ANKRD52	-0.002710891755264269	0.11015367594873181	-0.005049148889141	0.07046934485553003	0.04321574503996414	2	False
ACIN1	0.0208913262574316	0.01197474019723385	0.10002801446921333	0.03912963054814329	0.043005927868005514	4	True
TBC1D20	0.035911048888534546	0.04093588485035411	-0.09454981054155914	0.18907127376858035	0.042842099241477465	3	False
HNRNPA1L2	0.07658275994003827	0.0279912162754506	0.049969324008122255	0.016685632620780162	0.04280723321109782	4	True
P3H1	-0.11271070619728446	0.13758566236748618	-0.0712485929841124	0.2171579009816848	0.04269606604194353	2	False
MAN2C1	0.017000476713397765	0.13732342660631794	-0.007519107502675042	0.023872444578820744	0.04266931009896535	3	False
P4HTM	-0.002946501752311721	0.14706581187795253	0.03331177503889474	-0.0068186403918317675	0.04265311119317594	2	False
SREBF1	0.23051523852677727	-0.004330859020170912	0.01144119760338902	-0.06711316671192766	0.04262810259951693	2	False
CHURC1	-0.05769722000983493	0.031209432577079085	0.1641556900624858	0.03274197594655028	0.04260246964407006	3	False
NUP43	0.004692047175330557	0.11650666712066111	-0.04938137130166038	0.09839273275898544	0.04255251893832918	3	False
LYRM4	-0.02102158603698435	0.1711439048161363	-0.018645474231950083	0.038206105406971544	0.04242073748854336	2	False
RAB11FIP1	0.0368259563420827	-0.0008029331248378098	0.028131292019359117	0.1051394462545186	0.04232344037278065	3	False
TMEM38B	-0.08004587742264292	0.13620495039569563	0.054583727937051935	0.0584724980941649	0.042303824751067386	3	False
RNF145	0.08726708841812052	0.1045133989681472	0.0036501327475018898	-0.02689381907344885	0.04213420026508019	3	False
TMEM192	-0.053677783622245345	0.10913961121358998	0.08420629362357117	0.028734953844255024	0.042100768764792705	3	False
ECI1	-0.1502041415315458	0.12073208842427344	0.11596005799413238	0.0818031165614503	0.04207278036207758	3	False
CHAF1B	0.14648910015910668	0.00536959974104357	0.07824559060481588	-0.062044245251076845	0.042015011313472315	3	False
NCSTN	0.06396000710416973	0.03525054908382107	0.09796944138418406	-0.02914288909120419	0.04200927712024267	3	False
BFAR	0.018309193160348205	0.24096918951314947	-0.04655936667710344	-0.04491252491882412	0.04195162276939253	2	False
ZDHHC3	-0.17034393747983198	0.06829384532029732	-0.026107461488732855	0.2957873071011876	0.04190743836323003	2	False
ANKLE2	-0.03841507740718896	0.07068626128134553	0.09972972225886732	0.03562724831159837	0.041907038611155564	3	False
NUP153	-0.020960174151849694	0.11384781993757848	0.02457765393472333	0.05001148422197955	0.04186919598560791	3	False
RFC3	0.11077727265783616	0.0560864562706481	-0.056586214991013614	0.05706849495796798	0.04183650222385965	3	False
RPGRIP1L	-0.052321195059446435	0.27045392388354794	0.03249574824761409	-0.08354784886491626	0.041770157051699834	2	False
MRI1	0.01202149656009111	0.03958279058920871	-0.10432051661431511	0.21954166253280902	0.041706358266948435	3	False
MMS19	0.038344185155176645	0.1267759307115035	-0.04812781220398372	0.04967247247620618	0.041666194034725657	3	False
ZNF281	0.09525266418477542	-0.09598121630417658	0.15837208315107515	0.007868757161984137	0.04137807204841453	3	False
SURF1	0.03862588180119229	0.16634609101609787	0.06062249361788929	-0.10035568755846185	0.04130969471917939	3	False
AGK	0.004675504406340407	0.10982261035826875	-0.04678720021590891	0.09745673632520307	0.04129191271847583	3	False
UBLCP1	0.03919440672573671	0.01750768549611324	0.0011269364302237584	0.10679404449166281	0.04115576828593413	4	True
HEATR6	0.007626662876731462	0.06375618877515205	-0.022936585993945647	0.11616469273150802	0.04115273959736147	3	False
NDOR1	-0.19186132716800533	0.1090564241177668	0.03776644021107082	0.2093932062157092	0.04108868584413537	3	False
RIOK3	0.061500814081073205	-0.0008527259198265315	-0.011015671033755751	0.11450985051284238	0.041035566910083324	2	False
TOPORS	0.21063152945088703	0.025047845571085213	-0.02763383087981999	-0.044093965160247765	0.04098789474547612	2	False
GTPBP10	0.05338090791123288	0.12459240800632802	-0.010318306683253788	-0.0045655119073351015	0.04077237433174301	2	False
HAUS4	0.1848224656273163	0.28242904028616045	-0.06051916016954846	-0.2436459814026751	0.0407715910853133	2	False
TMEM39B	-0.1971133120135927	0.17753027110167627	0.0034247579804884357	0.1790656409349487	0.04072683950088018	3	False
PARP6	0.021897750501583185	0.16317070909616302	-0.11944101300256643	0.09710855172067362	0.04068399957896335	3	False
ATG3	-0.009104745567971752	0.08070253522119686	0.15760512387766829	-0.06647956707354231	0.04068083661433777	2	False
NFX1	0.06015270731243956	0.122294296048408	0.002639226200631138	-0.022477963861658123	0.04065206642495515	3	False
MON1B	-0.0198855202923939	0.16595317603670454	-0.06371753689874254	0.0799356462143799	0.040571441264987	2	False
AP5Z1	-0.006021447130591685	0.2245108419199929	-0.0743562955233327	0.01812728433308237	0.04056509589978772	2	False
DNAJB12	-0.047908548459415556	0.05727509054948068	0.018075958271477635	0.13479921774565531	0.040560429526799516	3	False
INTS1	0.046766708299511135	0.035572069358413685	-0.058714833735335994	0.13854765740572905	0.04054290033207947	3	False
BNIP1	0.08742635455965493	0.14181552780415005	-0.027833305783535777	-0.03927800478435961	0.040532642948977404	2	False
ZBTB48	-0.23130372472731406	0.11054284529820455	-0.014162706652610811	0.2969230435336109	0.040499864362972635	2	False
NSMCE4A	0.009790343879721155	0.0606132078472561	0.013136613775204403	0.07844546958566198	0.04049640877196091	4	True
KLHL9	-0.06942482441574156	0.12070136424940259	-0.051418292502571676	0.16211511675758106	0.0404933410221676	2	False
PCMT1	0.05721964049454791	-0.01131290099730342	0.009744922689634977	0.10629404585465388	0.04048642701038334	3	False
NSMAF	0.16627098386404796	0.020418338258886618	-0.026978114946001008	0.0020708079280247725	0.04044550377623959	3	False
PPIG	0.029081961191247375	0.07805788123241617	-0.003311048841943065	0.057391560904860424	0.040305088621645224	3	False
DDX52	-0.00042547662269239986	0.06929711020596777	0.06417919956274264	0.027964538167102735	0.040253842828280186	3	False
OLA1	-0.030126444501457097	0.10785476110459695	0.00712162398966196	0.07599100320300167	0.04021023594895087	3	False
VPS9D1	-0.13382280582229528	0.01568589137466258	-0.05288944201216333	0.33185942575498695	0.04020826732379773	2	False
PREP	0.07733542790775105	0.08550081751292213	-0.008734743949122138	0.0066476962388242675	0.04018729942759383	3	False
HEMK1	0.1554747817161497	0.1587909232051183	-0.04832156616758402	-0.10542675163656695	0.04012934677927926	2	False
MTAP	-0.036022346294001105	0.1248406569650444	0.0224423546324996	0.04850437746541734	0.039941260692240056	3	False
DTD2	0.04229947659339983	-0.012407250431879405	0.00167230087498775	0.12760206535738564	0.03979164809847345	3	False
TRIM38	0.002654080813529457	-0.07194156659555682	0.04931349281717488	0.17860750705579764	0.039658378522736286	3	False
C12orf49	-0.10879176700570131	0.14580994226811042	0.20925709625311434	-0.08776793063852845	0.03962683521924875	2	False
NKAP	0.10983432957646289	-0.006773968705055754	0.20217768688367235	-0.14710366538064887	0.03953359559360765	2	False
PIH1D1	0.079262949957985	0.20605217226999892	-0.02015858711918479	-0.10753925801917201	0.039404319272406785	2	False
NUP160	-0.008016074648507822	0.07686447515847966	0.014392099355309143	0.07385112751907005	0.039272906846087766	3	False
LBR	0.06671297703735048	0.08267885922795719	-0.07622358367451876	0.08391635914797373	0.03927115293469066	3	False
GK	0.4204580553526009	0.05465172762432294	-0.2124107363138409	-0.10562361244538827	0.03926885855442368	2	False
CARS1	0.1492411339189836	0.07614789763027309	-0.07072452141348533	0.0021463707879980916	0.039202720230942366	3	False
RNF20	0.09383320977815014	-0.053698787263700386	-0.08739459074196916	0.20347934295911024	0.03905479368289771	2	False
INTS14	-0.026775282238633114	0.09410077740788367	0.10681914895969927	-0.01944024562876273	0.03867609962504677	2	False
CLPB	0.008886574188635431	0.09128439615592047	0.06836313587978969	-0.014750140237058824	0.0384459914968217	3	False
OGFR	-0.0729207853657035	0.12375500470538824	0.0050103601640222005	0.09747231829163547	0.0383292244488356	3	False
BCL7C	0.04827661131680923	-0.19659642449613665	0.021363128948164455	0.27995004317331135	0.038248339735537096	3	False
POLE	-0.11218032122376438	0.02133937746159388	0.04297753260126091	0.19975507602168596	0.037972916215194094	3	False
UPP1	0.2877817202246873	0.020358886180816486	-0.1239150439344952	-0.03300283914661049	0.037805680831099524	2	False
NAPG	0.054682110480761714	0.12954812990556622	-0.031489004877329155	-0.0017658629196941416	0.03774384314732616	2	False
CCDC134	0.13104216143177722	0.21620610818785965	-0.2850374576705997	0.08844194832242465	0.03766319006786545	3	False
MED26	0.10264501013835901	0.06908380533799922	-0.09192129391199415	0.07068594021956427	0.03762336544598209	3	False
PFDN1	0.06493823384751048	-0.01164120079756902	0.07449050309287161	0.021702794907784716	0.037372582762649445	3	False
ZNF124	0.05042618093555513	0.02819824234602519	0.031630503130728765	0.03909277644338483	0.037336925713923476	4	True
PYGB	0.03807739599702959	-0.033513828825205434	-0.05970977189055135	0.204034691401468	0.0372221216706852	2	False
SPHK2	-0.04111566843817921	0.08875904514246474	0.05795426865546537	0.043221500652019504	0.03720478650294261	3	False
TM9SF3	-0.0018571068586262015	0.1175861829503499	-0.011125028406527892	0.044152606832701495	0.037189163629474324	2	False
GOLT1B	-0.06857151747976775	0.12674930891837757	0.02976630325900472	0.06045313521964181	0.037099307479314086	3	False
ATRAID	-0.09405880332253955	-0.0048082220751143176	0.13467259001737003	0.11251016484216937	0.037078932365471384	2	False
SCAP	-0.05759952963348898	0.15152348003736366	-0.008692931596885493	0.06283719369773386	0.03701705312618076	2	False
RBBP8	0.0047819633686004325	0.19273869354601217	-0.014387087428325044	-0.03518124893245344	0.03698808013845853	2	False
PGM1	0.22335433236871324	0.03112779108406501	-0.1675739349423931	0.06082690135659667	0.036933772466745465	3	False
TPST2	0.06955176234968768	-0.005637722138478309	-0.002950798665809921	0.08640667115367749	0.03684247817476924	2	False
GDE1	-0.10070390824958393	0.035564957378730847	0.17381069635819058	0.03854284140952906	0.03680364672421664	3	False
ANKRD27	-0.029694901346254975	-0.13113990951346777	0.09737883253854668	0.21001917948235796	0.036640800290295476	2	False
NUFIP2	0.010990368742459938	0.05873859001651789	0.034386421289356414	0.04243744133753859	0.03663820534646821	4	True
RBFOX2	0.13303562418241865	0.020109194506345015	0.04567135775559481	-0.05266792104802857	0.03653706384908248	3	False
PRKXP1	0.02773561643647236	0.08168590054908977	0.04685493412189864	-0.010162511561122382	0.0365284848865846	3	False
GTF2H1	-0.058197740743078194	0.031576494067161516	0.1346892860659425	0.03791297170284637	0.03649525277321805	3	False
PRPF3	0.009462547564234187	0.011244937673642916	0.06756222169299919	0.05706599141394841	0.03633392458620618	4	True
POLD3	0.025391791310089448	0.09126539978312588	0.019028782903411413	0.009339098903572537	0.03625626822504982	4	True
SMIM13	-0.07357792321479523	-0.030998674976058085	0.12044619520840395	0.12914244287168325	0.03625300997230847	2	False
UNC45A	-0.03934115835560566	-0.0947090087818172	0.07198400743984712	0.20707733418586155	0.036252793622071455	2	False
RRBP1	-0.023427796860493563	0.050505773824886586	-0.042704407463532275	0.1605237771441268	0.036224336661246886	2	False
CSNK2A2	0.06275991579118577	0.058798272133200845	0.052443311515563334	-0.03011217418128399	0.03597233131466649	3	False
IL21R	0.06508529173723321	0.022366851079013303	-0.018966669170308648	0.07530607592469919	0.035947887392659264	3	False
LIPA	-0.1122747976034885	0.20809256790769018	0.01904539442386441	0.02863976441945374	0.03587573228687996	3	False
PRRC1	-0.04749664812565935	-0.03798757101388243	0.14160491026371866	0.08733207186530657	0.03586319074737086	2	False
REST	0.02955754781205257	0.01800658415262366	-0.009118156132676287	0.10500102057049834	0.03586174910062457	3	False
AHI1	-0.1265965983870862	0.2762966190016859	-0.03956869795177634	0.03331136084776035	0.035860670877645925	2	False
ACTR5	-0.11572137515740571	0.019686770012266326	0.18705903234702212	0.05237042677882127	0.035848713495176	3	False
SMPD4BP	0.07677216908294959	0.17788195712896127	-0.05877486504629191	-0.05269550653820845	0.03579593865685262	2	False
KIAA1257	-0.13218077159247676	0.13451874193758945	-0.07281580310921149	0.21341719028816433	0.03573483938101638	2	False
MIS12	0.030490675693698073	0.13776739140679073	-0.05083477803958823	0.025443159116400632	0.0357166120443253	3	False
MTHFD2L	-0.1437760627319557	0.24604927473591817	0.034344233409948	0.006106450141160258	0.03568097388876768	3	False
SPART	0.058487898386317294	0.05733460025329577	0.017623891944374016	0.009050408775989264	0.03562419983999408	4	True
TERF2	-0.09127244267966916	0.12522968388587194	0.07075115388648545	0.03693738054148542	0.03541144390854341	3	False
POLB	0.1950613588674524	0.10669658416367925	-0.1296021312105419	-0.03096375224354678	0.03529801489426075	2	False
MLH1	0.0017490007972442935	0.18610375723022543	-0.019676223912356804	-0.02727842215335468	0.03522452799043956	2	False
CISD2	0.05079761004569051	0.12477787068749786	0.12862916912558378	-0.16360570934060345	0.03514973512954218	3	False
ZNF826P	0.01872540900143993	0.16186205820017466	-0.07790208820340098	0.03777726286819388	0.03511566046660187	3	False
ELP1	0.05394209927308572	0.03850907112169931	-0.035690230045993795	0.0836135156493442	0.03509361399953386	3	False
ACTR2	0.04063409340346391	-0.004240340957232003	0.053943741991771495	0.049258937313536665	0.03489910793788502	3	False
TRUB1	-0.14340001982009618	0.12285136167674475	0.10471111084628548	0.05516104046407055	0.03483087329175115	3	False
DYNC1H1	0.04188462503367832	0.060222598657645496	-0.04470457235950301	0.0818865018606951	0.03482228829812897	3	False
MIR17HG	-0.07907833622899778	0.12976080454739725	0.031025740850160074	0.05673815039106552	0.034611589889906265	3	False
PLCG1-AS1	0.0070656090061598995	0.365033633608931	-0.08102030002584186	-0.15263678151846644	0.03461054026769564	2	False
ATL3	0.027199098868133532	-0.012108356760020714	-0.03229242577889804	0.15562897185267788	0.03460682204547316	2	False
MANEA	-0.011080057405506034	0.09345739885444415	-0.04579265628212535	0.1017829112305636	0.03459189909934409	2	False
TRAF3IP2	-0.0033327367606489525	0.2285070556768642	0.08934184262134641	-0.1765681306939392	0.034487007710905605	2	False
ASB8	0.162649474683731	0.04721765809431919	-0.09140172396302225	0.01946685261563622	0.03448306535766604	3	False
MORC2	-0.04354321079564921	0.12524595143120407	0.02988300141977006	0.02602212382428489	0.03440196646990245	3	False
SGPL1	0.06764302357554403	0.07624830341803734	-0.06436556257601878	0.05783771142352179	0.034340868960271095	3	False
MT-ATP8	-0.08776092943763796	0.19603744641767334	-0.019312047759726135	0.048159655335809425	0.03428103113902967	2	False
PCSK7	-0.030033965689524305	0.13662612622295642	-0.04052827467304605	0.07093353304339414	0.03424935472594505	2	False
MORC4	0.1774302578433102	0.0890263271738842	-0.033920843252506695	-0.09565258982316897	0.03422078798537968	2	False
SC5D	-0.1501321727104917	0.13296333884809963	0.0015933470601250648	0.15237983371865252	0.03420108672909638	3	False
EP400P1	0.04208249206533009	0.11896190904194072	-0.03881160769932991	0.01438701994291576	0.034154953337714164	3	False
FBXO30	0.16714683846132267	-0.1808319358615939	-0.027452481334692934	0.1774396688579609	0.03407552253074918	2	False
ASB1	0.04218182638477983	0.20653394138937295	-0.05038441790685989	-0.06218901915222425	0.03403558267876716	2	False
USP16	0.01271981448156078	-0.013403452484365162	0.07125047798204001	0.06531473053177098	0.03397039262775165	3	False
STXBP2	0.09925360899720374	-0.020318874460319342	0.07050409243704454	-0.014721144338689793	0.03367942065880979	2	False
UVSSA	0.10896940654324103	-0.013092348418294333	-0.023486430253632264	0.06214107404269694	0.03363292547850284	2	False
TLNRD1	-0.01787371980278075	-0.04084323236069063	0.05349937482540155	0.1396042237145636	0.033596661594123445	2	False
EXOC5	0.08857893097455512	0.07092025217277753	-0.0064411477068263825	-0.01891155196554973	0.03353662086873913	2	False
OGFOD3	-0.028038736161666918	0.1172095486712165	-0.08305484019087661	0.12797550997563864	0.033522870573577904	2	False
TYMP	-0.005248878497704197	0.02985959355858751	0.12398441430624217	-0.014614932787830583	0.03349504914482373	2	False
CCP110	-0.18526300309956995	0.4007078441213344	-0.14000790674475072	0.05835526768059499	0.033448050489402185	2	False
UBAP2	-0.09766429893466833	0.14280656304634823	-0.041503832953191384	0.13008058964851665	0.033429755201751295	2	False
NEDD4	-0.049784525920337254	0.2608081557063409	-0.090705504182288	0.013370027611665896	0.033422038303845394	2	False
ZNF282	0.1231501150560314	0.08658310302002808	0.0413517691572368	-0.11742687655956287	0.033414527668433364	3	False
PXK	0.10261948069386682	0.12245208107488954	-0.04371152516338524	-0.0480215306468755	0.03333462648962391	2	False
FZD6	-0.10955410530425155	0.011864897773929597	0.048686486874599796	0.18178030351010108	0.033194395713594727	3	False
DNAJC14	0.06087630972906955	0.11054284529820455	0.049726497009259074	-0.08868820766254723	0.03311436109349648	3	False
HECTD2	0.18314965417659862	-0.08538595752379559	0.15289107446897862	-0.11827109261889907	0.03309591962572064	2	False
ABHD10	0.06239143887304784	0.15631092425887394	-0.021995180535660755	-0.06470516013281298	0.033000505615862014	2	False
IMMT	0.12186457294468446	-0.03586903279528824	0.014012605476437357	0.03192508571851951	0.03298330783608827	3	False
FAM133B	0.004435088361942277	0.03704956134185416	0.10862104362315023	-0.01821511700572756	0.03297264408030478	3	False
ARAP1	0.17418372092752524	-0.17593961917239553	-0.018253900484656728	0.1510398302626779	0.03275750788328772	2	False
RAB8B	0.12958817058193645	0.17675520835474737	-0.08393860914898993	-0.09192344310256728	0.03262033167128166	2	False
B3GNTL1	0.04614565089873449	0.13244925829539134	-0.04302337064293225	-0.005216325104175203	0.0325888033617546	2	False
RCC2	-0.0033352318177444417	0.11244251337458847	0.04605012999088132	-0.025015371807091066	0.032535509935158566	2	False
MRPL42	0.14604035940167354	0.0205616832573168	-0.04446106537405552	0.007676233907492256	0.03245430279810677	3	False
FKBP15	0.06746310073371543	0.17251589773347625	-0.09633233919351773	-0.014104688861647154	0.032385492603006695	2	False
ANXA7	0.03578168008892394	0.06400756781452596	-0.004019334979209761	0.0337141577979835	0.03237101768055591	3	False
MAPKAPK5	-0.07278125108675414	0.07061605179253072	0.05779765659780671	0.07291400423319512	0.0321366153841946	3	False
YWHAZ	0.013483568815107753	-0.04771187245683012	0.06060233157563731	0.10208286764185351	0.03211422389394211	3	False
TOP3A	-0.09005828337185995	0.14653999190705777	0.03637702023917543	0.035585001454053834	0.03211093255710677	3	False
PMS1	0.031475436894435854	0.08076661653019063	-0.03156607608433016	0.047724206640843855	0.03210004599528504	3	False
TTC19	0.048857162173362736	0.11432265368365843	-0.03734876743877676	0.002492639052552548	0.03208092186769924	3	False
PWWP3A	-0.0775897268398373	0.08557048047297326	0.16010988994388886	-0.03980319006726204	0.032071863377440696	2	False
TBCD	-0.013428193802575766	0.08187346408284533	0.0510031296560733	0.008136599530763827	0.03189624986677667	3	False
RLF	0.21739876174626194	0.08031669073273053	-0.05544011020130758	-0.11499457337128563	0.03182019222659981	2	False
CCDC97	0.07809262999799585	-0.139294477703294	0.05974292554854001	0.12865243789293535	0.0317983789340443	3	False
APLP2	-0.011655100462131179	-0.04407312804250671	0.08515194200694669	0.09763920399855154	0.03176572937521509	2	False
CPNE3	0.08365737724324813	-0.013118404377530812	0.1052050820180968	-0.04870161388641698	0.031760610249349286	2	False
RBM19	-0.042142727525511174	0.10696987806287556	0.01900009406594881	0.04289772523503942	0.03168124245958815	3	False
KPNA4	-0.018571028038628448	-0.004612663689641741	0.06052680949547882	0.08902128559600651	0.031591100840803785	2	False
STRBP	-0.07191267702454493	0.13240548659939344	0.07775135315077603	-0.012027380293774032	0.031554195607962625	2	False
ZNF146	0.022530514160665625	0.14609213554027464	-0.07477317818041909	0.03232966530517491	0.03154478420642402	3	False
KMT2B	-0.04123126845497199	0.007631059930583183	0.1449664575539578	0.014559675038389137	0.03148148101698953	3	False
TRNT1	-0.003158547094223567	0.1229735819884574	0.018132806850275632	-0.012350660406466474	0.031399295334510746	2	False
ZBTB17	0.13266779432136253	0.10823625612088907	-0.07778342024044252	-0.03778675569425108	0.0313334686268895	2	False
TMEM181	-0.0489679322044905	0.08636781378580309	0.02745843503599294	0.059983753358468714	0.031210517493943563	3	False
ZNF746	0.022708657899739013	-0.015041781207880895	0.079848187372405	0.0372390405889216	0.031188526163296176	3	False
HADH	-0.04270560948903201	0.1666236335115409	-0.025572345557193402	0.025536411239970875	0.030970522426321586	2	False
TM9SF1	-0.1955854131520882	0.17177028340761902	0.11282471847958779	0.03463382428655628	0.030910853255418723	3	False
LBH	-0.04497159313327711	-0.08284738619964747	0.1909325800169451	0.05971965978974469	0.030708315118441305	2	False
SH2D3A	-0.052153437151316664	0.010689736328083952	0.017712906197659636	0.1463145742979366	0.03064094491809088	3	False
RAPGEF2	0.15097692721439337	0.04162010996499522	-0.06262436285625046	-0.007801941143001217	0.03054268329503423	2	False
INO80E	0.12630927524505886	0.03577943798823451	-0.1486764577587037	0.10867819043735662	0.030522611477986576	3	False
PTK2	-0.016721872444356533	0.16350814548563528	-0.0063555548634844595	-0.018477812393482475	0.030488226446077953	1	False
TCTN3	0.0072930389909138344	0.09548756103645373	-0.07381770069047325	0.0927743972029049	0.030434324134949804	3	False
ZC3H8	-0.056258965868710493	0.1310460239350718	0.0311044901479044	0.01556146000841183	0.030363252055669386	3	False
MANBAL	-0.010752056044165384	0.024295538733916208	0.05966338036335078	0.04817068341991979	0.03034438661825535	3	False
STAG3L5P-PVRIG2P-PILRB	0.10573837133119084	0.07079700881633699	-0.0596244941041892	0.004352286944173413	0.030315793246878015	3	False
ACADVL	-0.027724248098179787	-0.05414253441728103	0.18922526483903712	0.013893502895406992	0.030312996304745824	2	False
MORF4L1	0.03981943562479958	0.09705636276656139	-0.0067475972777844805	-0.009340137564133977	0.030197015887360627	2	False
DHX57	-0.030065221296395155	0.061282223466619934	0.07649133025356855	0.012259093764949292	0.029991856547185655	3	False
RABEP1	0.0063834014486379995	0.03811100221861156	0.059859123896277164	0.01561002612605138	0.029990888422394526	4	True
SLC23A2	-0.047084391834435815	0.11069020980558936	0.06558995723922442	-0.009330160419668474	0.02996640369767737	2	False
ARHGAP9	-0.08922255304993913	0.08881290664710842	0.07073170137640242	0.04947450889602154	0.029949140967398313	3	False
SAP30BP	-0.12890227510200947	0.00985774290200668	0.08991685918337332	0.14886456518102356	0.029934223041098523	3	False
KDM3A	0.4481068910341414	0.06894278721927614	-0.19308510599156004	-0.20427105432426224	0.029923379484398813	2	False
APOOL	0.020847075867517443	0.08332489355994346	-0.052500258103801926	0.06711040510177203	0.029695529106357754	3	False
LRP5L	-0.08261534365179302	0.14968936782829087	-0.11642232655648736	0.168055534571238	0.029676808047812125	2	False
EARS2	-0.09270936736373009	0.18972560637825267	0.06665513898866261	-0.045009156791734825	0.029665555302862596	2	False
SUPT3H	0.08754781830948373	0.1148327791268728	-0.052671952292620436	-0.03107173290743314	0.02965922805907574	2	False
ALG2	-0.02308391442696506	0.09940182902588475	-0.032570354467573524	0.07479627704269354	0.029635959293509928	2	False
NUCKS1	-0.0027902849150730634	0.04503379694727489	0.024765705498903168	0.05148163275944431	0.02962271257263733	3	False
YEATS2	0.17502170955753368	0.17959256369297164	-0.12440201847220338	-0.11200809048662537	0.02955104107291914	2	False
STRN4	0.11558079503598241	-0.1182457731109299	0.05732297970009869	0.06339489168703182	0.029513223328045755	3	False
VPS36	-0.061318165791777964	0.0838968629893737	0.09471873203659167	0.0007278947185466477	0.02950633098818351	3	False
IRF2BP2	0.11974751595273771	0.1310532571027954	0.06091040458173917	-0.19450889784808056	0.029300569947297933	3	False
GPR180	-0.015465995157624327	0.19771204791279803	-0.030775228364681988	-0.034392595814250464	0.029269557144060307	1	False
TCF25	0.02733556329591146	0.03936943966751524	0.02542716851015803	0.02460840741123685	0.029185144721205394	4	True
POLR3F	0.0011196998861896495	-0.15720515101408708	0.10271735441832652	0.16991576552279428	0.029136917203305843	3	False
DCAF17	-0.0618903490715561	0.12575824524226384	0.07184942669976238	-0.01940872026296055	0.029077150651877392	2	False
COQ4	-0.13372896127568046	0.14327675706271473	-0.016133739836967732	0.12259891280636898	0.02900324218910888	2	False
PREPL	0.11888174928886072	0.06798074568396928	-0.022172151121541316	-0.04904318442979645	0.02891178985537306	2	False
C5orf51	-0.19705605595984999	0.016700930298949732	0.08592871265731919	0.20969186430235026	0.0288163628246923	3	False
NPRL3	-0.026174353700962726	0.14940478339494562	-0.09185998595997999	0.0833477518681526	0.028679548900538875	2	False
C16orf72	0.14794992386646605	0.07245583556594869	-0.08615257383048265	-0.019587411385986835	0.02866644355398632	2	False
MYO1G	0.24905383508759452	0.06747380903669349	-0.08041445257783675	-0.12158459743308428	0.02863214852834175	2	False
TPR	0.01706017424016268	0.028545610447119635	0.006028348634438114	0.06261012948706489	0.02856106570219633	4	True
ZMIZ2	0.05193429657391665	-0.06115584313495883	0.15489980675168302	-0.03149015301795013	0.028547026793172676	2	False
BCL9	0.13617472935163552	0.06967145422069519	-0.08434016902519793	-0.00754342736957339	0.028490646794389844	2	False
MTRR	-0.07840141571006515	0.09120000695618803	0.1526807740718632	-0.05184459343515527	0.0284086929707077	2	False
ZNF317	-0.07919512176662273	0.1575465047735904	0.05850694894739286	-0.023744119887904796	0.028278553016613934	2	False
PMS2P3	0.07166966143577422	-0.00034219700322659166	0.023755939701471104	0.01730187889350902	0.02809632075688194	3	False
METAP1	0.05598938502379702	0.07862923793901165	-0.007673790676214711	-0.014795314702395583	0.028037379396049597	2	False
RWDD4	-0.0421345790472079	-0.003915572079717171	0.02381454072889212	0.13432464389468501	0.028022258374163014	2	False
MTREX	0.049557824891236814	0.04578145343494002	0.005244045825460349	0.01126659565057079	0.027962479950551993	4	True
MED29	0.0038360786427998846	0.11844392382572076	-0.06523437549210537	0.05480099748243628	0.027961656114712893	3	False
FAM89A	0.017719494384915536	0.2563276703849402	-0.019078210408286927	-0.1432544549844715	0.027928624844274323	2	False
MGAT1	0.019148068443128063	-0.0110073009055912	0.007872615388020863	0.09541405630495117	0.027856859807627227	3	False
CDK5RAP3	0.15455009704928482	-0.007064226963176886	-0.06758829546034124	0.03098701120402915	0.027721146457448963	2	False
CBWD2	-0.03699915215849662	0.08852172881197316	-0.01144324947079751	0.07067291723707432	0.02768806110493834	2	False
KLHL12	0.22481040371119299	-0.21304740356137447	-0.025057703298062624	0.12386980383680445	0.027643775172140082	2	False
DDI2	-0.03428743020570765	0.09852023003792756	0.026279523304347466	0.019449931728989532	0.02749056371638923	3	False
C18orf21	-0.01549377188178602	-0.05137322564839841	0.20525980907819408	-0.028573361022765233	0.027454862631311104	1	False
UNC50	-0.08389526033118938	0.11348417030834214	0.21509140595658285	-0.13503739708003584	0.027410729713424946	2	False
CYBC1	0.03242855838569309	0.051489365514437814	-0.03357829421856267	0.059109449538402144	0.027362269804992595	3	False
HCLS1	0.00457058116708479	0.017052992130676622	0.039502133544194636	0.04823905173575189	0.027341189644426986	4	True
DGUOK	0.10851574144881722	-0.05122415500015181	0.09446193970488646	-0.042394107754449725	0.027339854599775535	2	False
SCAF4	0.004826197155153637	0.08699282178530653	-0.02991213249038299	0.047228541186724794	0.027283856909200488	3	False
SNX3	0.05206821447711267	0.04765319174459926	0.013589205206041736	-0.004301443359910671	0.02725229201696075	3	False
DNAJC11	-0.11350468318533678	0.12722579167787626	0.018616846874538906	0.07631835250529459	0.027164076968093243	3	False
NPLOC4	-0.05667937319864225	0.14407996206851195	0.02682338020179375	-0.006022160131106656	0.027050452235139202	2	False
TUBA1A	0.046678619987348305	-0.060862979902561835	0.03159825980351473	0.09023242390215015	0.02691158094761284	3	False
ZSCAN16-AS1	0.12683811172782744	-0.07635411057705295	0.0421390402634811	0.015007248109643712	0.026907572380974826	3	False
PPP1R12C	0.05882632299525573	0.04512931994884983	0.0004966577126743653	0.002278530701765422	0.026682707839636336	4	True
DSTYK	0.008177516683736816	0.046787163945134595	0.09249808037307393	-0.04094738500384141	0.026628843999525982	3	False
FAM219B	0.14548841700202167	0.2778969936519323	-0.1064488573565208	-0.21068705899126902	0.02656237357654103	2	False
PRPSAP2	0.016683996607796184	0.02469228305592878	0.07673349643440969	-0.01189322974252724	0.026554136588901853	3	False
CRYBG1	0.21727020597404767	-0.03260111417042223	0.003221140789582792	-0.08189997419323879	0.026497564599992366	2	False
ANXA5	0.17314528725339473	-0.11244109224856147	0.08941368714179104	-0.04448265481000013	0.026408806834156043	2	False
OPA1	-0.01042979233765856	0.12757494270548733	-0.02136106573959828	0.009793348336969527	0.026394358241300004	2	False
CCDC117	-0.21588779015253703	0.04605326991812571	0.13158277558016462	0.1435118066619013	0.026315015501913654	3	False
H1-3	0.17045981860722004	-0.0181390703888418	-0.03109157766285244	-0.01623711265701274	0.026248014474628267	1	False
DPP9	-0.14761022298713272	0.10609791656106089	0.11435938546337066	0.03194988684132816	0.026199241469656746	3	False
ZCCHC10	-0.021417585489327245	0.11895539938177854	-0.053613839420142466	0.06059248614076482	0.026129115153268413	2	False
MT-ND1	-0.1231206387735824	0.1515066021079016	0.025924474555223675	0.0501459950807845	0.026114108242581844	3	False
RAD17	-0.1294246637368346	0.1799626131716746	0.07102084770081815	-0.0171176784505789	0.026110279671269818	2	False
THG1L	-0.03520014427419469	0.13485243278181233	0.02496341278505029	-0.0202052757001055	0.02610260639814061	2	False
HIRA	-0.06981122638253966	0.08575472915051634	0.06858868106429683	0.019837808693794846	0.026092498131517088	3	False
LUC7L3	-0.051485453822544804	0.03484585683817529	0.08175194573165684	0.03911264700443446	0.026056248937930446	3	False
ADCY9	-0.006807373809976008	-0.04336674757492659	0.14505711363678764	0.009128537792404207	0.02600288251107231	2	False
NSD2	-0.01049050974550274	0.1686727185061798	-0.037231210359002835	-0.017233970865992078	0.025929256883920532	1	False
NSUN6	0.005895008810583564	0.1565009729603668	-0.06523164905889176	0.006527254327841419	0.025922896759975004	3	False
ZNF587B	-0.10043278363915116	0.165073566082391	0.003029699987984269	0.0351651272987932	0.025708902432504326	3	False
KPNA6	-0.02277452196268764	0.1570882477419478	-0.053614390311240816	0.02207106967210505	0.025692601285031095	2	False
ZDHHC5	-0.05102698248735277	0.131313131572508	0.04642909218969136	-0.024237334966398807	0.025619476577111947	2	False
FLNB	0.024995747543220984	-0.10953332326021993	0.042155709438424664	0.1446617994406931	0.025569983290529702	3	False
CDC16	-0.03253549774914135	0.0839983329258264	0.06431371546269586	-0.013676483525246542	0.025525016778533593	2	False
CAND1	-0.011288545927456628	0.04099405398253896	-0.0077244481641787766	0.07996407826475972	0.02548628453891582	2	False
CEP76	0.02146419758594856	0.05472235222326966	0.028955133453552998	-0.003791585339434695	0.025337524480834133	3	False
TIMM23B-AGAP6	0.02296638954757279	0.032843273385970505	-0.07136047224885701	0.11660458909277321	0.025263444944364874	3	False
DARS2	-0.017546362234597126	0.11562590332164908	-0.052085361723054883	0.054915084569225815	0.02522731598330572	2	False
TOX4	0.00787953035279092	0.01715301222718882	0.027690948203348418	0.04798503667628497	0.02517713186490328	4	True
RINT1	0.137361250421768	-0.01608087979993099	-0.015322898928350984	-0.005504210202644995	0.02511331537271026	1	False
HAT1	0.039429746260719156	0.10447404524520545	-0.057765745903158146	0.014296904362428236	0.025108737491298678	3	False
CD164	-0.0744060151869187	0.1200569110801804	-0.03160971592536738	0.08535886303727074	0.024850010751291264	2	False
DHDDS	-0.07113878642187332	0.09397373450245068	0.007988152624313228	0.06834326550881975	0.024791591553427583	3	False
LARP7	0.014575771436528275	0.06379341977590479	0.028302969739042155	-0.0075331964764234205	0.02478474111876295	3	False
SEPTIN7	0.01691847607472257	-0.021797295179582923	0.05304639966095329	0.050288385044787984	0.02461399140022023	3	False
OCIAD1	-0.14663686301626883	0.13595153846807367	0.00924544875201452	0.09989541373153372	0.024613884483838274	3	False
LOC100419583	-0.04626716470583749	0.06141670408031834	0.07147846314497364	0.011637894978387173	0.024566474374460415	3	False
APIP	-0.05042487253940529	-0.0037051443511826538	0.17302738943290502	-0.020772312221065972	0.024531265080312777	1	False
COPB1	0.033051174266263535	0.055039848648251934	0.014133624472331466	-0.00451305505866988	0.024427898082044264	3	False
AKT2	0.08383759018375753	0.04247458719280212	0.010002748716512182	-0.038623846356290896	0.024422769934195232	3	False
TENT4A	0.1159103538539264	0.050541297236338295	-0.02810870125821492	-0.04147208273212164	0.02421771677498203	2	False
ASAP1	0.11657689618685309	0.024586679799686595	-0.10013520257355685	0.05543257903377802	0.02411523811169021	3	False
WDR82	0.05452132456299346	0.02096879188691206	0.044561786239504714	-0.02374153838012062	0.024077591077322404	3	False
RBM39	-0.027848882822785515	0.08148939210784859	0.04136432325435115	0.0012544864219004375	0.024064829740328666	3	False
LAPTM4A	-0.09822881870512606	-0.025854187947618266	0.15642946041319467	0.06331660754686866	0.02391576532682975	2	False
IVNS1ABP	-0.03541434036283415	0.005383963661192613	0.03632495704172522	0.08878223512589209	0.023769203866493942	3	False
ARHGAP30	0.09680368151745966	-0.041651619343786556	-0.023078980855905318	0.06274636196370104	0.023704860820367206	2	False
GMDS	0.021586799620482072	0.11915723885472689	-0.04294731147285484	-0.003260518891953616	0.023634052027600123	2	False
SNHG26	-0.08163663316960024	0.24538403904531864	-0.06995049597171776	0.0005164413248521071	0.023578337807213186	2	False
NAPA	-0.032508878015318106	0.04686422278059191	0.07827853302098703	0.0009782503269489032	0.023403032028302434	3	False
DELE1	0.0988665489610052	-0.009570814369516376	-0.04532149321795613	0.049544014617944866	0.02337956399786939	2	False
LINC-PINT	0.17678476023636083	0.0635607163750306	-0.09314213637793108	-0.05386937622279803	0.023333491002665588	2	False
CCDC32	-0.0010965613117296686	0.18058232203525562	0.05974394498230734	-0.14640425011196348	0.023206363898467454	2	False
PPP4R2	0.04967083126723303	0.04639721333855482	0.020135700515678662	-0.02345547566191774	0.023187067364887196	3	False
PSTPIP1	0.3192545594033563	0.04188496612109229	-0.32008742086098196	0.051499809900056356	0.023137978640880737	3	False
CYB5A	0.03592586998705842	-0.126667546708766	0.20605692995210037	-0.023439280738883485	0.022968993122877323	2	False
TSEN15	0.16595867113332977	0.061934189772434214	-0.08967378936056405	-0.04662248521136477	0.02289914658345879	2	False
WDYHV1	-0.16060028742469598	0.053578991844788176	0.23461281289937555	-0.03600233451176692	0.022897295701925207	2	False
MUS81	-0.11879976333162616	0.11300255255809324	0.07309765595082546	0.024249269290913887	0.022887428617051606	3	False
ERLIN1	-0.2335647401197	0.15653417246861684	-0.02323608927983546	0.19171386489341463	0.022861801990624004	2	False
LRRFIP1	0.1367922415849277	0.04805965721097161	-0.00680056741384569	-0.08707824429077657	0.022743271772819262	2	False
GRIPAP1	-0.007712873737718005	0.021346640368546988	0.05834625778495316	0.018749417311722912	0.022682360431876263	3	False
ACBD3	0.024942279420637346	0.0016047775895303412	0.03484122044571876	0.029278139825479152	0.0226666043203414	4	True
SRP54	-0.013962269679278461	-0.061585264570257835	0.09563360307444514	0.07023399422085384	0.022580015761440673	2	False
MLH3	0.1123940518486673	0.034843053662921314	-0.05393592875643887	-0.003456292327477951	0.022461221106917947	2	False
RNF41	0.008684509773584592	0.12760837850564088	-0.07648915759367719	0.029964422174802788	0.022442038215087768	3	False
UBAC1	0.024286668764817804	0.01728236574073742	0.029780058072512144	0.018400803123365204	0.022437473925358144	4	True
SFXN2	-0.13103708540714132	0.22778739902893705	0.02879818769623813	-0.0361658443940195	0.02234566423100359	2	False
TSNARE1	0.20317607110847016	0.1098447061773337	-0.07814116804214487	-0.1456196209891577	0.022314997063625316	2	False
COX11	0.060986190810224	0.07344244973176217	-0.004621828718245539	-0.04067030864542344	0.022284125794579297	2	False
GSS	0.05837881703237345	0.020756446412504653	-0.10504499332876999	0.11451005490351518	0.022150081254905824	3	False
SS18L1	-0.07405806046019112	0.12463942831026988	-0.04282547024993543	0.08082767553838152	0.022145893284631214	2	False
DCP1A	0.03708637923838595	-0.022539857368803734	0.03199267577956624	0.041766650214557936	0.0220764619659266	3	False
TBRG1	-0.10065193608597645	0.07877033864951129	-0.02396731356907173	0.13406878237632017	0.022054967842695818	2	False
LOC100288637	0.11990405623451787	0.3664853630563435	-0.31461318020271123	-0.08412925383784958	0.021911746312575142	2	False
FANCI	-0.08807051642353213	0.0872496531709731	0.0615595622694123	0.026841346179127454	0.02189501129899518	3	False
PGGHG	0.12322678996531695	0.2609870108738952	-0.13498955493626336	-0.16171153961912055	0.02187817657095706	2	False
ANKRD11	0.043016544530175505	0.15169736835140907	-0.05292133185076807	-0.0542873322239309	0.0218763122017214	2	False
MMADHC	0.01495912679099452	-0.012114056954357641	0.06936815603811161	0.014797467419731493	0.021752673323619996	3	False
NEU3	-0.0761664153275934	0.17124728051882881	0.01409818819686775	-0.022397398143448256	0.02169541381116373	2	False
ANAPC4	0.13380198996968243	0.008185299531234166	0.028991590579301993	-0.08475898928158462	0.021554972699658496	3	False
PPP1CB	0.10355299470807783	-0.02572962062203316	0.07612164693717512	-0.06784006213980291	0.021526239720854216	2	False
APPL1	-0.07283093219699903	-0.033652625588291206	0.11256301592519088	0.07993043414148901	0.021502473070347417	2	False
CAMK2D	-0.026790837521255023	0.22855384948142243	-0.05391725642234167	-0.061841222365904044	0.021501133292980427	1	False
ATP6V0A2	-0.12461804996054399	0.25563341833492753	-0.01745756677795951	-0.027563624841253236	0.021498544188792698	1	False
AFAP1	0.337405059882871	-0.047005508802745226	0.05221522359491639	-0.2567721691678809	0.021460651376790305	2	False
ADNP2	-0.17063032348400567	0.10220977117196346	0.13154938819839637	0.022499769449868444	0.02140715133405565	3	False
STK11	0.1701403015644304	-0.12830927460043356	0.050614782966175706	-0.007228808279671707	0.021304250412625212	2	False
TG	0.053257510647961935	0.09411797578800751	0.00789024444094498	-0.07014601146864598	0.02127992985206711	3	False
SLFNL1-AS1	0.07947764428735891	-0.025267277483254975	-0.01205205874768716	0.04267898282494795	0.021209322720341182	2	False
MTFR1	0.16146146314142934	-0.010818132892618406	-0.10950984464663265	0.043595628118066033	0.021182278430061083	2	False
RNF130	-0.1512645624258344	0.10060462971516747	0.03747844909288485	0.09779578315252718	0.02115357488368628	3	False
RAI1	0.07498786697795262	0.09302397738797716	-0.02473454677522443	-0.05943446589788194	0.02096070792320585	2	False
TERF1	0.0326052788776732	-0.018502952671198322	0.04093892951667373	0.028387356410028323	0.020857153033294232	3	False
ZBTB2	0.0812697236645635	-0.01869915796904838	-0.043963333113629884	0.06474298585064693	0.020837554608133045	2	False
RLIM	0.13841291051131646	0.064298319868672	-0.09984844435442942	-0.019759600937395157	0.020775796272040965	2	False
CABIN1	0.09658737023131705	0.05707831001883332	-0.1212368076804704	0.05031170474324482	0.020685144328231195	3	False
LOC107984974	-0.0669667357067699	0.07994256011380835	-0.12253367504354164	0.19223553249914707	0.02066942046566097	2	False
CAMSAP1	0.03934470112568128	0.06103721458230788	0.010253796435231319	-0.028171377366279754	0.02061608369423518	3	False
RAD50	-0.04032014224101148	0.11250169337786056	-0.017949916971553785	0.02795191191571793	0.02054588652025331	2	False
CBFB	-0.05479546404520357	0.0007596632477464342	0.10896118924843103	0.02706381711083323	0.020497301390451778	3	False
OSGEP	-0.049479155670432776	0.258806414581738	-0.06080407632192721	-0.06675161007999876	0.02044289312734481	1	False
LPCAT1	0.030380420010774144	0.085796177947595	-0.03623608412851711	0.0014569760706142564	0.020349372475116576	3	False
NUP133	-0.026329022862534288	0.04654168214653458	-0.03136213520201507	0.09211025297141148	0.020240194263349175	2	False
ZNF3	-0.06586263215424654	0.21184734995567672	-0.039110244561405424	-0.026040098922018484	0.02020859357950157	1	False
ZCCHC8	0.04231007903188171	0.0843343010248828	-0.07113738268128456	0.025197059734372668	0.020176014277463156	3	False
LEPROTL1	0.06667628533699259	0.0394980785524438	0.03801829880504147	-0.06352014157629375	0.02016813027954602	3	False
RFT1	-0.041816480652997076	0.11584294091667342	-0.07365625743215276	0.0800101404707455	0.020095085825567273	2	False
SARNP	0.12838263761260094	-0.04239415652271122	-0.050403571030266464	0.044766130328038056	0.020087760096915326	2	False
MEX3C	0.09254351610882361	0.0664796025634656	-0.10104805478727488	0.021824768980818664	0.01994995821645825	3	False
CARS2	0.03905256212929625	-0.051993356648312394	0.06318097931222874	0.029544514972864415	0.019946174941519255	3	False
ACAA2	0.2802689900857689	-0.03846028813149633	-0.039834941056120544	-0.1226802111120638	0.019823387446522057	1	False
CPSF7	-0.04547668853715294	0.1534856472941077	-0.010350920696374034	-0.018460099636797327	0.01979948460594585	1	False
YIPF6	-0.04020794317854745	0.13915060385238917	0.026261806157893457	-0.046154988060121735	0.019762369692903358	2	False
RAB27A	0.25201522332559406	0.09058972459399155	-0.1246502797706803	-0.13909680141905328	0.01971446668246301	2	False
MFSD14A	0.017552381747513404	0.0571725107504487	0.0432420939375284	-0.039372767096650316	0.019648554834710046	3	False
CUTC	0.03639771120118777	-0.08296261506187566	-0.0008153940384223379	0.1257760131786171	0.01959892881987672	2	False
MBD1	-0.09741647353037042	-0.005719645608059614	0.10284205052752718	0.0784691223423738	0.019543763432867737	2	False
ZNF18	0.11636930380698257	0.1865818288422784	-0.16881197311078439	-0.056010127405208665	0.019532258033316985	2	False
LMO4	-0.011645484582744975	-0.0829372472859204	0.20049781077363213	-0.02800567623552416	0.019477350667360647	1	False
UBE3C	-0.046492144467973846	0.1403424688190513	-0.02327026521638502	0.00700797310211662	0.019397008059202265	2	False
RHBDF2	-0.12042259772689434	0.18590096684978508	-0.0865361571621727	0.09831612389782432	0.01931458396463559	2	False
SLTM	-0.04878393559815416	0.04080193019767632	0.07963873270134021	0.00480087556010031	0.01911440071524067	3	False
GTF2B	-0.0457711142671213	0.03904203093965735	-0.00022564177467827016	0.0831166221482789	0.01904047426153417	2	False
SAMD4A	0.1544844809229067	0.18878217361402141	-0.08979935795503555	-0.1773106852327024	0.019039152837297547	2	False
SHF	-0.13477156747954008	0.029815073570358647	0.2772348729858702	-0.09651219857017511	0.01894154512662841	2	False
TIGAR	-0.03903241218668694	-0.08019897435757187	0.17642567599828343	0.018431455211967342	0.018906436166497995	2	False
C1orf159	-0.1186645955689729	0.1464792660518765	-0.07587682719024129	0.1235494819688569	0.018871831315379804	2	False
IFT140	-0.02543846177372018	-0.056624827537556204	0.09131709157691899	0.06606187589276837	0.018828919539602744	2	False
SAMD4B	-0.03616035564029086	0.13603313095620623	-0.09982044103454486	0.07458737880848422	0.018659928272463683	2	False
TIMMDC1	-0.07585770425851449	-0.03882511144340059	0.09427421878539055	0.09486219765396808	0.01861340018436089	2	False
CCNC	-0.0629594271825348	0.1159426694831053	-0.03169167665651752	0.0524035677481542	0.018423783348051795	2	False
TMEM179B	-0.04895777192324903	0.1298703127731362	-0.03202452943870452	0.024737665107745114	0.018406419129731944	2	False
CASP8AP2	0.10268435491247713	-0.07775816803538603	0.0045329546024961654	0.04387469724352171	0.018333459680777243	3	False
RNF114	0.12086560254846622	-0.03118466546315868	-0.06240736422118329	0.04603333539295731	0.01832672706427039	2	False
NCOR2	-0.028673313886780186	0.09938633286608335	0.07667525751043316	-0.07416929296673168	0.018304745880751167	2	False
GEMIN2	-0.13084769412127895	0.014443636493518448	0.06774122877536329	0.1214871027211523	0.018206068467188773	3	False
FIGNL1	0.01502390612966293	0.036140757291728526	0.07034006534109026	-0.048806895862175695	0.018174458225076507	3	False
USP22	0.10456072605225111	0.14989657764620706	-0.1869402127866703	0.005139588021287755	0.01816416973326891	3	False
ZNF783	0.06949764563876037	0.13045319642928677	-0.08080591115554885	-0.04711150826775679	0.018008355661185374	2	False
DCBLD2	-0.046136086679591314	0.16044412629639107	-0.13219012458991392	0.08986804454029602	0.017996489891795465	2	False
TNFRSF8	0.019405397229164487	-0.09319605269348509	0.18165476788975488	-0.03683486928003997	0.017757310786348575	2	False
RMND5B	-0.11379240461541346	0.26859281573303834	0.059087466638318514	-0.1429840486703418	0.017725957271400396	2	False
ZNHIT6	-0.06006917358312234	0.09729245784122094	-0.0068697721406167705	0.040520719719195256	0.01771855795916927	2	False
ARAF	0.11376068218643826	0.08143214232830065	-0.29127456220137077	0.16640914288471967	0.01758185129952195	3	False
ZNFX1	-0.12202654870842453	-0.018410905397809766	0.0816999332164273	0.12889792038835304	0.017540099874636512	2	False
URI1	-0.06600711531949315	0.061860372284644555	0.036590093165915064	0.03760871983758314	0.017513017492162403	3	False
CCNL2	0.046991312540335416	0.02312045957143703	-0.051195537590818664	0.05108786354323714	0.01750102451604773	3	False
SLC26A2	0.08905337499373941	-0.05377406759779717	0.023248076279697962	0.011425899117930674	0.01748832069839272	3	False
CCNT1	0.021739304748142674	0.12451429184084764	-0.03392977239162272	-0.0431847586178233	0.017284766394886075	2	False
NUDT2	-0.05777587428863833	0.22344929942377445	-0.03350905511060696	-0.06344917707308437	0.017178798237861198	1	False
SEC23IP	0.02830512693421364	0.05743347377503098	-0.07415789558726027	0.05694966915461447	0.017132593569149705	3	False
AHCYL1	-0.030965392596299945	0.0050217161342560055	0.11016853386891211	-0.01594293851864211	0.017070479722056515	2	False
ECPAS	-0.07719237908801135	0.03948100343991624	0.01703995697812395	0.08889408323402605	0.017055666141013722	3	False
HIF1A	0.11392745111125376	-0.016032240924235955	-0.07079359114777095	0.04109717738935003	0.01704969910714922	2	False
FLT3LG	-0.07984231263965523	-0.0990287808463023	0.1773342993960172	0.06962920600572425	0.017023102978945978	2	False
PRMT3	-0.09565583609797068	0.12260800119910345	0.01439915905882543	0.02668747532013542	0.017009699870023404	3	False
DESI2	0.06348297020391304	-0.016484011625656183	0.02395181764592518	-0.0030045233913822186	0.016986563208199953	2	False
MED17	0.03833172006135209	-0.003145635220826241	-0.040803496572368425	0.0727743869839075	0.01678924381301623	2	False
TASOR2	-0.103326282661681	0.07640609418645593	0.04654418452465332	0.04750851229454662	0.01678312708599372	3	False
IWS1	0.023508214088280494	0.06331435118254516	-0.036092464016968244	0.016189607874017332	0.016729927281968687	3	False
LRRC42	0.13069976408175338	-0.0720077964451977	0.0522563519332014	-0.04407307621295758	0.016718810839199877	2	False
SNRNP48	-0.09424551622693293	-0.12868262311643908	0.2154248544093981	0.07407554001710084	0.01664306377078173	2	False
NAAA	0.040056863879862944	0.1817238517050728	-0.10065188150876307	-0.05552155072823634	0.016401820836984077	2	False
DIAPH1	0.04104960327443794	0.006243334239269735	-0.019565122158025222	0.037378825046405204	0.016276660100521916	3	False
MCFD2	-0.09461534934714286	-0.00789947158257904	0.05199471037943045	0.11526102316918141	0.016185228154722488	2	False
NUP54	-0.1102423858033249	0.09093527073399052	0.010782288995697015	0.07301780165797439	0.016123243896084254	3	False
SLC9B2	-0.034473002771088015	0.1181015556224859	0.050595146405309134	-0.07004596112869828	0.016044434532002185	2	False
QRSL1	-0.009051695498831268	0.03542011619077668	-0.08110366602957897	0.11867234404700802	0.01598427467734362	2	False
TM9SF4	-0.031524674810092385	0.08594348506244942	-0.013650280419428158	0.02315902769868043	0.015981889382902327	2	False
HIF1A-AS3	0.11542938085979079	-0.0007933400453304558	-0.11005705506384021	0.059246230117846646	0.015956303967116694	2	False
OSBP	0.008947766587711724	0.018187000250255145	-0.050389430702723434	0.0863827147443169	0.015782012719890083	3	False
PI4K2A	0.1687262032343378	0.0013851519401472051	-0.11104827934320742	0.003652780093894152	0.015678963981292933	3	False
LYSMD2	0.04344303993920308	-0.01796974707795022	-0.07434612918238072	0.11103151299601306	0.0155396691687213	2	False
LRRC8A	0.1081231723086892	0.061777268194841015	0.09968069737604328	-0.2077195152556984	0.015465405655968774	3	False
TCF3	-0.181604838439081	0.15936793903172225	-0.011594006043549808	0.09551107363893084	0.015420042047005568	2	False
AP3M1	0.03860372519258416	-0.09625739736209953	0.06673790197833915	0.05242045934121152	0.015376172287508826	3	False
DCTN5	-0.00787638756095853	-0.05515821350785339	0.01477749906679445	0.10971834498798927	0.015365310746492949	2	False
METTL16	-0.06426667022585379	0.03881534491406418	0.09901382603177583	-0.01212477960820474	0.015359430277945368	2	False
CBWD3	-0.09202350820631697	-0.017989591792861387	-0.04545636339762972	0.2168861642853437	0.015354175222133913	1	False
CNOT11	-0.07874168993333436	0.12285275161171869	0.07095595475241848	-0.05370173047366039	0.015341321489285603	2	False
STAMBP	0.16431165363729397	0.10017604535458877	-0.19998011730265103	-0.0034533430622195617	0.015263559656753037	2	False
OTUD3	0.050601568585879615	0.16035679145438572	-0.09302737056273165	-0.056923965858600954	0.015251755904733181	2	False
ACOX1	-0.0059622791931810285	-0.02942634846122067	0.03742832005141923	0.05894537672202311	0.01524626727976016	2	False
ADPGK	-0.05902943683823678	0.06850529002148005	0.04857180736432241	0.00263435330943216	0.015170503464249458	3	False
NUS1	-0.14628763412923815	0.0761311726290713	0.07472299724855325	0.05576092790598202	0.015081865913592106	3	False
SDCBP	0.18329230348592696	-0.020859673811676527	-0.06915676123215238	-0.03295174176420615	0.015081031669472975	1	False
DCPS	-0.05733609065922229	-0.05786505687293085	0.07372110503833348	0.1009838730279022	0.014875957633520637	2	False
ZBTB21	0.014670423042179715	0.07523389586028285	-0.02742240368409977	-0.003256438446247312	0.014806369193028872	2	False
UAP1	0.14794880343901975	-0.1149178097147922	0.013503656734895916	0.012544013663817263	0.014769666030735186	3	False
RBM12	-0.04683225137999748	-0.02205945929177067	0.06833353289537353	0.05945131541577846	0.014723284409845959	2	False
CHD7	0.11475263828275796	0.05639822339681525	-0.07637126108114385	-0.035932541044250456	0.014711764888544728	2	False
SUZ12	-0.011616663236239761	0.036122515364664	0.01611242734480089	0.01758926299785873	0.014551885617770967	3	False
SKP2	0.08809338975591274	0.010487887386731475	0.11962130370418353	-0.15999577726140388	0.01455170089635597	3	False
TMC8	0.16693031774472236	0.020843050220320822	0.013785094519082218	-0.143492395891134	0.014516516648247851	3	False
ZNF605	-0.07941235833609737	-0.05950701172574178	0.12298999764952412	0.07391723934280343	0.014496966732622098	2	False
MAEA	0.11835551890790845	0.0014152104621357215	-0.023613917984685366	-0.03828885452008355	0.014466989216318815	2	False
DCUN1D4	0.0013216709538515148	0.03832094222070682	0.020043958828611742	-0.002170014422337988	0.014379139395208022	3	False
COQ9	-0.1475440478319287	0.3706748313285454	-0.03566899929903428	-0.1302000358069473	0.014315437097658777	1	False
TDP2	0.12477482108340841	0.018579349068724195	-0.002950798665809921	-0.08326484396531755	0.014284631880251288	2	False
PITPNB	-0.0912880927889356	0.033200512359568154	0.02374395311024219	0.09103857843858867	0.014173737779865855	3	False
MT-ND4L	-0.07881863960019543	0.17188342134468682	-0.03521711142903719	-0.001310010746136449	0.014134414892329436	1	False
RAB7A	-0.07004345353134452	0.10582190016191244	-0.020083477724288697	0.040793498023565515	0.014122116732461186	2	False
DYNLT3	-0.16157331860238647	0.0359738006504514	0.1260634387403122	0.05597965209997245	0.014110893222087393	3	False
CCDC127	-0.06221173052781291	0.03087285819977059	0.1876715829186853	-0.10043829621365515	0.013973603594246955	2	False
TAP2	-0.029566443542693086	0.05771639045885567	-0.05621602028105252	0.08344827178614203	0.013845549605313024	2	False
MRPS27	-0.03202578369615927	0.12604714787829993	-0.0365458101766662	-0.0024410242466417686	0.013758632439708172	1	False
CSNK1D	-0.07237237384531135	0.01122925470690271	0.07909420056307506	0.036991943539030424	0.013735756240924211	3	False
SGSM2	0.14505026512708247	0.016176985939601887	-0.12502765035972116	0.018150879381214628	0.013587620022044451	3	False
HMGN4	0.14839363777149714	0.04507017895601345	-0.050705022394397566	-0.0888399611164626	0.013479708304162608	2	False
SOD2	-0.013239337055362833	-0.021448557365630103	0.06596259930230676	0.02242077461394404	0.013423869873814467	2	False
KATNA1	0.014015984754586677	0.05278038831702569	0.05944970131431791	-0.07312201536983864	0.013281014754022907	3	False
IRF3	0.018363152164402746	-0.04550314298736654	0.011256928215125812	0.06892228813794707	0.013259806382527273	3	False
PIGL	-0.11322825789672568	0.23454953400558887	-0.07362914834479782	0.0048923005404548706	0.01314610707613006	2	False
GLYR1	-0.11389066006546347	0.012462721526917223	0.05470151708822554	0.0993019391569031	0.013143879426645598	3	False
SEPTIN11	0.05989151685992534	-0.0783034560576564	0.1736790369348541	-0.10335718615243253	0.012977477896172623	2	False
CC2D1A	-0.0233678103762819	-0.07880672304904418	0.15920868624223794	-0.00530549936029614	0.012932163364153931	1	False
ALG12	-0.07250544973197118	0.11474410017998976	-0.06835942454853942	0.07784332091650718	0.012930636703996586	2	False
SP140	0.10188476572870254	0.018737285382054863	-0.02970972383629602	-0.03919364136266854	0.01292967147794821	2	False
IFFO2	0.2814369122051028	-0.2944280413772109	-0.12839173894777728	0.19251080081383845	0.012781983173488269	2	False
CDK10	0.0009541168639779665	-0.009972817324279813	0.012575023807867994	0.0475236138544736	0.012769984300509938	3	False
PTOV1	-0.08171199958254781	-0.050769009085738934	-0.038443909588092975	0.2213852525520155	0.01261508357390894	1	False
RNF31	-0.0057955214605464505	0.15089464703898042	-0.0852788716711502	-0.009685549320823213	0.012533676146615137	1	False
ATP11A	0.12545621841060509	0.0635556081836729	-0.08179812794411674	-0.05713434063097314	0.012519839504797025	2	False
RRN3P3	-0.10207834946695615	-0.015435538010560239	0.16000218309369893	0.00736358092603405	0.012462969135554145	2	False
ECHDC1	-0.02100573771193059	0.03774052690343345	-0.0035450877555518578	0.03648740174120151	0.012419275794288129	2	False
TMEM50A	0.0019306100787422052	-0.0055110056843278975	0.041676805880114264	0.011457333302331224	0.012388435894214948	3	False
LOC101929057	-0.17262498356588935	0.16080820450531888	0.027958405061222397	0.032710854522574204	0.012213120130806533	3	False
RECQL	-0.07214859818179413	-0.07190604403871156	0.07612083953918884	0.11648046843263021	0.012136666437828344	2	False
HADHB	-0.02148415436871717	0.03576440854974065	0.01801861191463081	0.015822100968061442	0.012030241765928934	3	False
E2F5	-0.07935792900820973	0.11379225876595105	0.013041697294749632	0.0005040094392033651	0.011995009122923578	3	False
RABEP2	0.03590478470012529	0.08305566886408343	-0.05323579636639746	-0.017922202885076767	0.011950613578183623	2	False
GNE	-0.03806241662237851	0.013235840368828472	0.09043010500142006	-0.017811302943280143	0.011948056451147467	2	False
XPO4	-0.022622232828436294	0.056389939545713905	-0.008003612609153724	0.021446813958035944	0.011802727016539956	2	False
RXRB	-0.10874018120325224	-0.05645661088047324	0.13649305935619085	0.07583405317303084	0.011782580111374053	2	False
SND1	0.025699892222365607	0.03554437750004033	-0.041555293668052995	0.02738218486519034	0.01176779022988582	3	False
PACC1	-0.003788576259752879	0.02068622865845414	-0.09602505903861953	0.12617650969329747	0.0117622757633448	2	False
LTO1	0.08688805722171389	0.19876830704624984	-0.22982854171399802	-0.008947989034265745	0.011719958379924983	2	False
JKAMP	0.03833074682724944	-0.02785585339369012	0.0881664642757336	-0.05206487543856967	0.011644120567680815	2	False
TRAF3IP1	-0.1932559186960925	0.1513913273550777	0.02197786261598607	0.06611015430552171	0.01155585639512325	3	False
MTMR4	0.03655146316148418	0.1092888725932872	0.055776150455165346	-0.15548304189158288	0.011533361079588467	3	False
LMLN	-0.18102118643207427	0.2868465481351639	-0.08900208445968538	0.02921922864959528	0.011510626473249887	2	False
IMPA1	-0.033758908228648674	-0.021191992804198947	-0.0258732392242339	0.12657530065973382	0.011437790100663075	1	False
ZNF131	0.029549603338445474	0.08239407394972753	-0.012180490517910376	-0.054115705229293196	0.01141187038524236	2	False
TGOLN2	-0.0671041619423138	0.07954752109592098	-0.038985045655285044	0.07214041378241791	0.011399681820185009	2	False
FDX1	-0.060359438887434204	0.043185352036600136	0.00949270851341974	0.0532468693683042	0.011391372757722468	3	False
MAPKAPK5-AS1	0.09584322162025938	0.03466382270817113	-0.15711680933189295	0.07201454888538267	0.011351195970480059	3	False
MAD1L1	-0.0418168792477642	0.08824268726516163	0.0315270077342394	-0.03259559252495627	0.01133930580667014	2	False
CMTM8	0.1931115649465343	-0.079811773892344	-0.15739299103702814	0.08944684319069314	0.011338410801963825	2	False
ORMDL1	-0.15112269683702675	0.1157682041017989	0.06751646401131535	0.012629937011312186	0.011197977071849921	3	False
FBXO46	-0.027968601305128148	0.043840277777904925	-0.19631418138714418	0.22459978356702928	0.011039319663165466	2	False
WRN	0.01254592617406473	0.0428064640748535	-0.05203268624885775	0.040546717810151255	0.010966605452552935	3	False
KCTD10	5.483538412595322e-06	0.04304167827403171	-0.1747536917684296	0.17544249618815294	0.010933991558041915	3	False
MGAT5	0.09342441991133589	-0.10628218473754546	0.0490116862462332	0.007296189297486457	0.010862527679377523	3	False
SEC24C	0.0020622426978867308	0.03492552037425318	0.07683737085743489	-0.07057125427017553	0.010813469914849817	3	False
PPA2	0.09394526245022138	0.08065873242151234	-0.06879618662808822	-0.06282357502059877	0.010746058305761686	2	False
NUP214	-0.08149958236356826	0.09528119350539087	-0.016676445259369066	0.04579152247476938	0.01072417208930573	2	False
CPOX	-0.08654118693367055	0.01006638274759048	-0.021443642065478576	0.14078149111167326	0.010715761215028652	2	False
CLCN5	-0.1102732595767276	0.09866292955634985	0.029443715874834086	0.024078259076786592	0.010477911232810734	3	False
CBX5	-0.02387777581385467	0.09309849881316448	0.04795542528293101	-0.07530995353530853	0.010466548686733072	2	False
SF3B1	0.007912426352986439	-0.06707600919606985	0.06632723771830713	0.03453630295357448	0.010424989457199552	3	False
ARV1	-0.11252284237284287	0.2706182237041233	-0.05640740683012734	-0.05999087877628386	0.010424273931217304	1	False
VAPA	-0.04213791802733622	0.05788588317465704	0.027646672300890948	-0.0017008138752164495	0.010423455893248829	2	False
PTK2B	0.1390493822007783	-0.005907708434934966	-0.01722503523587547	-0.07430191548694534	0.010403680760755634	1	False
PIGG	-0.061873540124434204	0.09063540112451561	-0.009026364647642199	0.02170384404752745	0.010359835099991666	2	False
HLTF	0.08546023947933001	0.02137141656446514	-0.02300787843370325	-0.043023169558340596	0.010200152012937828	2	False
KTN1	-0.025589761534932053	0.003218643979942091	0.0254769552196037	0.03760970440217944	0.010178885516698296	3	False
FBXO7	0.0383760363897612	0.058139752189892105	0.05467141516229353	-0.11064062765391358	0.010136644022008312	3	False
C3orf33	0.0949352851401769	-0.0005813452815048355	-0.010242036634869995	-0.04360940900854748	0.01012562355381365	1	False
VRK1	-0.06571551730472534	0.07750377583301496	-0.07221316858333092	0.09960319422280642	0.009794571041941279	2	False
PATZ1	-0.02397446215908775	0.008422017306557361	0.07353597172251566	-0.01912271733448565	0.009715202383874907	2	False
KCTD20	-0.003065778153616705	0.029928825630026374	-0.06533378721688318	0.07727795636993347	0.009701804157364989	2	False
FBXW5	-0.2339432280240966	0.02514862294113043	0.1563484048410551	0.09090053716583571	0.009613584230981166	3	False
H2AZ2	-0.0012301602679398525	0.10294449403056796	0.0030379838991694327	-0.06663995431032908	0.009528090837867112	2	False
SCAND2P	0.30027764857756983	0.10459825280244547	-0.1760400593403496	-0.191024311920802	0.00945288252971592	2	False
IST1	-0.011708357938584487	2.3650066333248792e-05	-0.07228928333199497	0.12174813602602644	0.00944353620544506	2	False
MLLT6	-0.08058190547127564	-0.038375889504729144	0.08407564714162712	0.07262224266544748	0.009435023707767453	2	False
BCL10	0.02063656410977126	0.08230788124614072	0.1025031578688963	-0.167809527205646	0.009409519004790569	3	False
MAP2K7	0.01905688650204429	-0.058901845699176406	0.000531688094427336	0.07667853770949107	0.009341316651696572	3	False
PURA	0.16355954411472362	-0.20705433316279717	0.11617873438938739	-0.03560675972036963	0.009269296405236053	2	False
FUBP3	-0.0895149323175373	0.08404053463422827	-0.06973162571577603	0.11216823006541653	0.009240551666582868	2	False
CENPP	-0.08399012995296276	0.13004678061559255	-0.07738533911101113	0.06799995172938425	0.009167815820250728	2	False
LRRC40	0.10992816458862817	-0.0593107088285592	-0.030303444746270215	0.016291495239043198	0.009151376563210488	2	False
ZNF331	0.047049410616990146	0.062497839366655816	-0.0370731474392324	-0.0363821348556099	0.009022991922200914	2	False
GATAD2A	-0.037947967091119465	0.07023489235114318	-0.013907322565077915	0.017604481486573557	0.008996021045379839	2	False
CDC7	0.050444506838543915	0.011742375347668785	-0.08191542509194744	0.055399676505905174	0.008917783400042609	3	False
MFSD4B	-0.26285846187601863	0.1634994508041764	0.0280386615688438	0.10692340935563618	0.00890076496315944	3	False
VPS52	-0.09106248586401612	-0.03298641767466141	0.14316139444093803	0.016192236375658094	0.008826181819479648	2	False
CHKA	-0.1181968885887856	0.0759878420944408	0.023497102543031754	0.053835835000460595	0.008780972762286888	3	False
TMEM230	-0.012902986141411703	0.10071269959082453	0.028288800062138943	-0.08105787937410655	0.008760158534361302	2	False
TXNDC15	0.03091752483423612	0.08726047371541458	0.05305719858433786	-0.13691470380984158	0.008580123331036742	3	False
GCFC2	0.0018705696766030588	0.050785487997958706	-0.08264947383482577	0.06418565192292004	0.008548058940664011	3	False
PSMD5	-0.0018688198579524253	0.08460386560244473	-0.00954925625174974	-0.0392224162416789	0.008490843312765917	1	False
DENND4B	-0.0690002057746534	0.2644812970233719	-0.02898261023146245	-0.13254903670624787	0.008487361077752047	1	False
MT-ND2	-0.1714585626503309	0.17154772353395017	-0.0006100880567109123	0.03437581122898592	0.008463721013973568	2	False
AKAP11	0.11060050266131391	0.02980180779508741	0.025665289078868957	-0.13230430921360156	0.008440822580417173	3	False
C5orf24	-0.13506521102720798	0.11213826703084337	0.008047344940021793	0.048275474287520964	0.008348968807794538	3	False
TOM1	0.040688253906912865	0.2031584591117193	-0.19372115386402192	-0.017625336478789465	0.00812505566895519	2	False
RAD54L2	-0.09142545409647009	0.06043776362649485	0.06676558462846592	-0.004143965159600983	0.007908482249722425	2	False
PRKAR2A	0.056212144914216874	0.03558640819515798	-0.04948297621631987	-0.010896850476019763	0.007854681604258803	2	False
DLST	0.045860472424596274	0.056481822421456	0.003724716524757608	-0.07474035802819314	0.007831663335654188	3	False
DMAC2	-0.03632042497020637	-0.10967412062519326	0.16102535955934777	0.016246229418146844	0.007819260845523748	2	False
SETD3	0.06604629505226851	-0.09839254136414528	0.04596478326673161	0.01730549445530286	0.007731007852539425	3	False
ATXN2L	-0.026664914037580617	0.08016667746021114	0.01445783344498291	-0.037231127267354384	0.007682117400064763	2	False
S1PR1	-0.09000344795065868	0.18988681307045055	0.00913591004824459	-0.07831862411578493	0.007675162763062883	2	False
LOC400464	-0.10830748960673835	0.46019230070483924	-0.21844139373213406	-0.10278263237490438	0.007665196247765609	1	False
KIN	-0.024932944797153873	-0.05265772718254877	-0.050949388140889645	0.15899753805284814	0.007614369483063967	1	False
CD4	0.26402233025427774	0.03739888750607426	-0.057887990259536774	-0.21395315886407715	0.0073950171591845235	2	False
TMEM184C	0.0032338932509920594	0.11879179559415541	0.017531081243793656	-0.11005020071212139	0.007376642344204935	3	False
MAN2A2	0.07522416026776442	0.014327189703544053	-0.07635588130650438	0.015616743819618943	0.007203053121105762	3	False
DCTN6	0.022074677753629174	0.11782807280323543	0.06992079068529826	-0.18102595195462065	0.007199397321885549	3	False
EMC1-AS1	0.06667361479136398	-0.0386594508320823	0.03090830344806369	-0.030132205190326927	0.007197565554254611	2	False
TAF11	-0.13041349991644116	0.2814553872888761	-0.10393739524203127	-0.018437552478646285	0.007166734912939343	1	False
AP2A2	0.02373745244065885	0.013975343706112893	0.043221243116242085	-0.052299084266283366	0.007158738749182613	3	False
DHX36	-0.0766171759604793	0.011936068829933063	0.026642751249609298	0.06652947739081756	0.0071227803774701545	3	False
CEP250	0.03132709484086834	0.09228680974110164	-0.1505705570980461	0.05355600153231255	0.006649837254059106	3	False
RAD51C	-0.15685863232959765	0.0159070664297257	0.03520626808129672	0.13224165300093646	0.006624088795590306	3	False
ZNF777	-0.037857254916610815	-0.10601507226828245	0.09685525146027807	0.07351229763268156	0.006623805477016593	2	False
CMTR2	-0.08164436962977348	0.041892355238234875	-0.17005801830306436	0.23629581272832392	0.006621445008430239	2	False
ADTRP	-0.18671062043202932	0.48107611116303045	-0.08981029140675588	-0.17821157024978432	0.006585907268615236	1	False
VPS33A	-0.12220900915307865	-0.0024900644656624385	0.18233215170363148	-0.03169286570559141	0.006485053094824745	1	False
NIPSNAP2	-0.0552888087595275	0.06706883464051162	-0.009405142895049609	0.02349096300075301	0.006466461496671881	2	False
TSTD2	-0.04540900182292423	0.06271809315882622	-0.036269055418040444	0.04475768929756878	0.00644943130385758	2	False
PKIA	0.12634268830522702	0.11659086975703316	-0.20976259198548816	-0.007751886516832913	0.006354769889984779	2	False
TRIO	0.03325712395844706	-0.13312495028728635	-0.04148984079802582	0.16676856344064228	0.00635272407844429	2	False
PTCD2	-0.011715817758253491	0.05757149817784299	0.0361194501672258	-0.056576110507002536	0.0063497550199531905	2	False
XRCC1	-0.01174669047799921	0.013980432062234658	0.013345539654538717	0.009772393654953113	0.006337918723431819	3	False
TTI1	0.05632055501675139	0.0023443001302863777	-0.016373592882184013	-0.017086009686363157	0.006301313144622651	2	False
UTP25	-0.033543608524274744	0.09791040145722549	-0.015845475254954517	-0.02342497187686382	0.006274086450283104	1	False
ZCCHC17	0.030681344092403865	0.040521712120552986	-0.014262587539355403	-0.03222474808094359	0.006178930148164464	2	False
MT-ATP6	-0.06277618864811617	0.09789521773120202	-0.008019842854439572	-0.0028225283367638585	0.0060691644729706055	1	False
EML2	0.03277699413674209	0.10220405331486927	-0.03654117046361666	-0.07463942822455596	0.005950112190859683	2	False
LNPK	0.0988538310332403	0.09563735932184705	-0.12772945842071257	-0.043148002778380344	0.005903432288998612	2	False
TMPO	-0.011440120300245268	-0.006031533413000514	0.01780983472079804	0.02313048093312933	0.005867165485170397	2	False
VIRMA	0.001979104037511873	0.011821869963744689	0.05341972033095809	-0.04398393810177707	0.005809189057609396	3	False
RFWD3	-0.027442235330768575	0.09481002369914157	-0.04539301414099673	0.0011438056772837277	0.005779644976164998	2	False
ICE1	-0.11742368067683201	0.02034103428483604	0.05131052363505739	0.06887526927280778	0.0057757866289673	3	False
GOLPH3	0.03190146213967779	0.02820861378482273	-0.02812167782770306	-0.00891846823550816	0.005767482465322325	2	False
RASAL3	-0.02388742680841692	-0.1758745268380645	0.15183458043873732	0.07081775577845258	0.00572259564267712	2	False
EIF4ENIF1	0.03621506938221925	-0.0006022239477852407	0.0947142832530714	-0.10748998428577033	0.005709286100433766	2	False
FAM98B	0.09183073336096967	0.09717762801089462	-0.04574590128431155	-0.12083597796434295	0.005606620530802443	2	False
USPL1	0.1237909870888982	0.022328762422118304	-0.06644699652181552	-0.057799247503543594	0.005468376371414348	2	False
GTF2F2	-0.03232856433527367	0.06368137636891023	-0.006821222222226864	-0.0028302964683059044	0.00542532333577595	1	False
ZNF525	0.05837881703237345	0.007350854838714091	-0.0824926673289132	0.038065662131223324	0.005325666668349417	3	False
COPS4	0.04803868540363073	-0.021373010918939454	-0.016945660959208627	0.011514042454771679	0.005308513995063583	2	False
SEC31A	-0.035728909399607316	0.03775627413218392	0.04850761234308685	-0.02940571000477021	0.005282316767723312	2	False
DHX35	-0.10954872535008879	0.11256704576433284	0.0008361483405862775	0.017207272555058693	0.005265435327472254	3	False
DPY19L4	0.12146346060549094	0.0796881578987007	-0.05925105367343946	-0.12092443645361062	0.005244032094285395	2	False
SYMPK	0.04707485017790366	0.009290503001156811	-0.004693131470378993	-0.03072375075673609	0.005237117737986345	2	False
HSPB11	-0.014104237258278297	-0.047485811749004285	0.047635131883860274	0.03463758668589869	0.005170667390619095	2	False
NGLY1	0.1299337767577731	0.021702225554060733	-0.11011768251661196	-0.020840010439279036	0.005169577338985709	2	False
MTMR2	-0.004634295051374828	0.14096270685378523	-0.012623068223269905	-0.10305581546210514	0.0051623820292588385	1	False
PSTPIP2	0.13316741249418207	-0.07775292035790844	-0.06243455378060656	0.027326265755956987	0.005076551027906013	2	False
AKIRIN2	0.05577285502808537	-0.05376873911263092	0.0706567745586944	-0.052355320826260446	0.005076392411972101	2	False
LAPTM5	0.09167182793733963	-0.018952249039251044	0.06428936943192402	-0.11673983779764156	0.005067277633092757	2	False
GMCL1	0.11014092698665637	-0.011770926930034096	-0.09403314550783774	0.015017025452611263	0.004838470000348949	2	False
CAPZA2	0.0026501950276857813	-0.07263016618289524	0.03873702171717062	0.04992561456288228	0.0046706662812108606	3	False
DNAJC10	-0.03858984806864909	0.13363536555584782	-0.08024761814003883	0.0038671017428439096	0.004666250272500949	2	False
ZC3H14	-0.052132198267288224	0.053593563079465056	0.05391897632427329	-0.036753832148819165	0.004656627246907739	2	False
GFI1	-0.10940068746123813	0.011918489251747452	0.05649822058229155	0.05953410587802703	0.004637532062706975	3	False
EZH2	-0.16454093195319433	0.10662052041858701	0.028637436508178266	0.046968911641165935	0.00442148415368422	3	False
SLC38A1	-0.038170548754652006	0.13419814097569896	-0.03912187613854733	-0.039355275954938096	0.004387610031890381	1	False
PUS7L	-0.0022716488604896576	-0.01713636124187554	0.024079661357752368	0.012663301752312138	0.0043337382519248275	2	False
RPE	0.007030242998462388	0.017583246865151583	-0.024698591945568952	0.016137101907966078	0.004012999956502774	3	False
TMEM43	-0.03328207922296916	-0.007839977329724648	-0.0029745041332990005	0.059967475323027236	0.003967728659258606	1	False
ELK4	-0.05436793320239494	-0.02505722349061662	0.03855338890013724	0.05660715803629871	0.003933847560856098	2	False
FKRP	0.00581897009972192	0.11978728834633852	-0.11645754498653536	0.00657955038283467	0.003932065960589936	3	False
CBLL1	0.029829802335041254	0.0840730223277447	-0.08238025692345131	-0.01644113364450171	0.003770358523708232	2	False
STAT3	0.19014796982986937	0.10889071838341813	-0.1429628333243338	-0.14134911338621006	0.00368168537568591	2	False
CBWD1	-0.021786427831438332	0.013873144391054965	0.020714931964577094	0.0015312112868958554	0.0035832149527723956	3	False
CNIH4	0.058489716605229	0.036971124764006914	-0.05221362709109822	-0.028972904418662352	0.003568577464868835	2	False
PLCE1	-0.11934777394561924	0.07648535479469366	0.04223498951031632	0.014784558999428947	0.003539282339704922	3	False
ZNF766	-0.08465236650592113	0.04310451445581079	0.11727038107363764	-0.06170418837299022	0.00350458516263427	2	False
SEC23B	0.03789418224424563	0.0322759670989958	-0.020473169000823778	-0.036037873920166115	0.0034147766055628824	2	False
LOC645513	0.08384303634077804	0.036879304655643715	-0.09711683207543913	-0.010522313815929451	0.003270798776263296	2	False
IRAK1BP1	0.07360366268414031	0.1326339256960185	-0.12344587106331428	-0.06979594609720856	0.003248942804908995	2	False
RALY	0.014581485699100998	0.0018465298986030502	0.07070741918960396	-0.07420089737735946	0.003233634352487136	3	False
EPN1	-0.15638672668268372	0.19573560462770045	0.029478198323401695	-0.05589778744586783	0.0032323222056376485	2	False
CIZ1	-0.08796122805027994	0.024603127089299046	0.014477289285610385	0.061715645783046516	0.0032087085269190026	3	False
ZBED4	-0.07537713867010541	0.0742252644919861	-0.00950811422107978	0.022938220124287385	0.0030695579312720743	2	False
REEP5	-0.03704932682170609	0.05301231724579282	-0.014855480530056179	0.010725806006130918	0.0029583289750403667	2	False
OBI1	-0.01172632530754042	0.08845975812241044	-0.11106616719790396	0.04569791636375577	0.0028412954951804563	2	False
DHX8	0.027172846572282302	-0.03359239152884007	-0.027058522899703823	0.04456161480585245	0.0027708867373977143	2	False
MT-TF	0.04588786277613727	0.10042877856186795	-0.140717462606904	0.00508000061808683	0.0026697948372970117	3	False
PAXIP1	-0.09815466605212943	0.14529320859616066	0.0206451403761004	-0.057327573883235616	0.0026140272592240013	2	False
CFAP36	0.03697374540093375	-0.0387275937488235	0.11272674353989758	-0.10080037482825324	0.002543130090938643	2	False
CEP164	-0.04931165673312565	0.06769361206257019	0.013356423894202113	-0.02164467812098171	0.002523425275666234	2	False
FRMD8	-0.09606675357742289	0.019459050247041355	0.18157668306413463	-0.09491117486848082	0.0025144512163180685	2	False
LRP6	-0.07786395458880867	0.17201340779756769	-0.004146556012009467	-0.08080897644967824	0.0022984801867678255	1	False
MT-ND6	0.0754441484570552	0.0017492929247590239	-0.030861283050549485	-0.03783687667800635	0.0021238204133145963	2	False
B3GNT2	-0.0337708717577132	0.08869186204327315	0.011890045584045886	-0.05832720934677745	0.002120956630707096	2	False
FAM120AOS	-0.1128613984974757	0.05542537539186637	0.03381936903703931	0.03130397293773282	0.0019218297172907007	3	False
GCLM	-0.15050998431614798	0.11208782342855803	0.016593652531689568	0.029329912418213804	0.0018753510155783536	3	False
USP37	0.018755628260621805	0.046532194991118186	-0.04407915905377664	-0.013831539528500374	0.001844281167365742	2	False
HEXB	-0.08751238689479861	0.04570088624105527	0.005793159212690504	0.04228410088552629	0.0015664398611183634	3	False
CELF1	0.0254454561856294	0.0022043595032703077	-0.038270244798715936	0.01655742850182345	0.001484249848001805	3	False
TMEM30A	-0.04753659080774253	0.07128254990770251	0.007418270861153975	-0.025363177124428118	0.00145026320917146	2	False
ERMP1	0.0025148577511704745	0.003052566617044508	-0.030726076354268782	0.030742663748100724	0.0013960029405117313	3	False
ANKZF1	0.45660171110169434	-0.1327965636386698	-0.14533660719950744	-0.17294125330378232	0.001381821739933703	1	False
L2HGDH	0.10527878845149582	-0.10039109411029293	-0.03899619941894812	0.0388234811070489	0.0011787440073259183	2	False
PACRGL	-0.03785545504974297	-0.03994658604311926	-0.03751044984508622	0.11979798937878883	0.0011213746102100922	1	False
STK35	0.14456410493726024	-0.10965793633326651	-0.03403950321395299	0.003489954027036768	0.0010891548542693768	2	False
IPO11	0.0006574238702038423	0.02783897791588218	-0.007848728394086296	-0.016493950671810427	0.0010384306800473257	2	False
UHRF1BP1	0.04400461576097897	0.06172935453682164	-0.11901753261340535	0.01730094839261465	0.0010043465192524784	3	False
POLA1	0.030558839323100127	0.1020072081122177	-0.08556860294566836	-0.043370611593138916	0.0009067082241276392	2	False
ETFA	-0.0342800395280317	0.04360063503345148	-0.08698209606627656	0.08099100226046756	0.0008323754249026961	2	False
NUP85	-0.06106660075860323	0.036792424503787606	-0.03014486766292063	0.05763706291158456	0.0008045047484620781	2	False
TTPAL	-0.004806807757776495	0.10254791491270168	0.058363863680245945	-0.1528981164831128	0.000801713588014584	2	False
UFSP2	0.2018306525806133	-0.09176371344354599	-0.05609624229207262	-0.05089953817099334	0.0007677896685003398	1	False
NCBP3	-0.012995887097488846	0.047245938975427164	0.04420563624429355	-0.07554287623834646	0.0007282029709713492	2	False
PPP2R2A	0.0504485711585838	0.02448758344652161	-0.0946667487613889	0.022528197501664037	0.0006994008363451366	3	False
ZNF92	0.06110268594372245	-0.031379839057988856	-0.053554300896827674	0.026160219841163197	0.0005821914575172794	2	False
TMEM68	-0.02577543309154322	0.025255192117652075	-0.059456203640255285	0.061607134533369974	0.00040767247980588554	2	False
BAZ1A	-0.024974142454910735	-0.002193835834819474	0.013938552793122417	0.014630477048075867	0.0003502628878670191	2	False
LIMD2	-0.03542809350094292	0.04392231348184527	0.11702196810723454	-0.12428073541835107	0.0003088631674464555	2	False
PRPF38B	-0.040184105167442905	0.01081766478637035	0.011598927798964022	0.01863614864395504	0.00021715901546162653	3	False
GTF3C2	-0.027021071628668313	-0.0007951396367167977	0.02749144121911316	0.0011784505421294925	0.0002134201239643856	2	False
KLHDC4	-0.09481568141744884	0.1323642908003633	0.017482608258464656	-0.05436369137658282	0.0001668815661990744	2	False
NISCH	0.14329752237377447	0.023784532556601443	-0.11983619053733952	-0.04692119275437714	8.116790966481748e-05	2	False
NKIRAS1	0.04393741280549561	-0.03705502555151353	0.09027279934497531	-0.09764310657519111	-0.00012197999405843055	2	False
SDHC	-0.017373669228110365	0.12170717448021778	-0.07811115459218108	-0.026730974766131246	-0.00012715602655122976	1	False
PRKX	0.1787076687915281	-0.19123603418183227	-0.010157788603245371	0.022037865218756187	-0.00016207219369833697	2	False
PANX1	-0.0697166806298246	0.22841153237617248	-0.0329669412657904	-0.1271700403579133	-0.00036053246933895333	1	False
LIMD1	0.05500223735345567	-0.050344139687770656	-0.12748467336271618	0.12124751464993341	-0.0003947652617744407	2	False
CCDC85C	-0.037671736992926246	0.03117252136821525	-0.11177003871292568	0.11636817357383877	-0.00047527019094947484	2	False
OPN3	-0.1763454531489333	-0.15517440014081577	0.13244035468647194	0.19711136845995222	-0.00049203253583123	2	False
SMIM19	-0.19484288355466417	0.22291211285835022	0.066686519506325	-0.09684863196804337	-0.0005232207895080818	2	False
ERGIC2	-0.0028796564572316115	-0.0014872080961065971	-0.008371752961250341	0.009746049039264753	-0.0007481421188309492	1	False
ARGLU1	-0.02837868208508189	-0.10828260104011864	0.05760080096730054	0.07572069432933126	-0.0008349469571421846	2	False
KMT2D	-0.07029979793007934	0.020747176281751708	-0.09135230662560016	0.13734379871245195	-0.0008902823903689655	2	False
MBNL3	0.03536754469623094	-0.12999987371981148	-0.032955470846319765	0.12381335477549835	-0.0009436112736004934	2	False
ALS2	0.0879083741750891	0.0037627000154830635	-0.11402360556106744	0.018505156004587818	-0.000961843841476866	3	False
IL6R	0.07682133658235706	-0.07657185887057533	0.04670861345384675	-0.05127968784442387	-0.001080399169698848	2	False
AQR	-0.03055897510671389	0.046633719702613784	-0.04795209064611858	0.026750724680005545	-0.0012816553425532848	2	False
COMMD2	0.025284949229966262	0.025774995926018597	-0.041868824289168716	-0.014484592717595151	-0.0013233679626947518	2	False
FAM104A	0.06233868806791426	0.033472384526890726	0.014975215817699967	-0.11611399075988492	-0.001331925586844994	3	False
JARID2	-0.008060380120832548	0.10778080765811365	-0.04494331603105603	-0.060252057783297605	-0.0013687365692681315	1	False
CDK12	-0.12176124378003086	0.024930034023245184	0.026832375300605647	0.06411396128405579	-0.001471218293031061	3	False
SLC25A36	0.2076937322770781	0.07764364808160373	-0.1943910198080187	-0.09700080035830519	-0.0015136099519105148	2	False
SIRT2	0.02157576155618483	-0.0867652213335367	0.1739371590501631	-0.11501112272765683	-0.001565855863711399	2	False
DNAJC24	-0.057750822126096064	0.027563354503416834	-0.03645211347843569	0.059865762926994255	-0.0016934545435301675	2	False
TRIM27	-0.13200078476055088	0.018556285313536963	0.01434703841063555	0.09152142077070949	-0.0018940100664172205	3	False
IL17RA	-0.05554156024700723	-0.0558919517066867	0.016031781539068424	0.08756257146242491	-0.0019597897380501487	2	False
FAM120A	-0.058793575922354326	0.03449952268594522	-0.019023582093091757	0.03515430610508783	-0.0020408323061032584	2	False
MIR4435-2HG	-0.04258094847382966	-0.034736987319255064	0.04664082600082739	0.022345044088200112	-0.0020830164260143063	2	False
ZNF565	0.03227523620918256	0.13274049842623453	-0.11546139011872464	-0.05808562664215455	-0.0021328205313655285	2	False
ANKRD28	0.09767293066182642	-0.04551649289849889	0.04816264516389958	-0.10934714580295478	-0.0022570157189319186	2	False
CLN5	0.1034971099241727	0.14842074496415006	-0.1356382098137961	-0.12548073711041052	-0.0023002730089709683	2	False
VTI1B	-0.22523335294787022	0.0213313487385438	0.13155548838355885	0.06262055420801106	-0.002431490404439126	3	False
RGL1	0.1730463661018273	0.29528938407260036	-0.24343246743910069	-0.23504961323716347	-0.0025365826254591314	2	False
STYXL1	-0.10403502769620913	0.028681114368862684	0.024034438121719223	0.04103864065920033	-0.002570208636606725	3	False
STARD9	0.27074020071995586	-0.1917032168246092	-0.002644558027116791	-0.08679040379811898	-0.0025994944824722747	1	False
PCYT1A	-0.08838093706476795	-0.05572838308480579	0.08569956798794771	0.04795763032881417	-0.0026130304582029605	2	False
PEX6	-0.29224799940599094	0.17021926153457126	0.0893617391115567	0.022048266017144852	-0.002654683185679532	3	False
MFF	-0.02863916798701851	0.0584509370656543	-0.043168987111958365	0.002562387908664276	-0.002698707531164574	2	False
PGAP2	0.00946447119978944	0.22751859611156994	-0.023488042811281154	-0.22443316631635052	-0.002734535454068071	2	False
TES	0.1968645514736539	0.003323524189739163	-0.1238198628994077	-0.08742458538236339	-0.0027640931545945095	2	False
TIAM1	-0.059350838726916946	0.043613916955141795	-0.05499366875107861	0.059155834786326175	-0.0028936889341318987	2	False
ZNF486	-0.03302983127069975	0.16979838111347528	-0.16718029605488247	0.018820417462081532	-0.00289783218750635	2	False
STRIP1	0.07371606076071696	0.09670837577732129	-0.17754350539342914	-0.0047077569605773984	-0.0029567064539920756	2	False
PCNP	0.07109183555660314	0.0012477976839491993	-0.021465649125216642	-0.06280480015655839	-0.002982704010305672	2	False
ZNF292	0.23487974975423306	-0.01259300106434382	-0.13113344505742736	-0.10326430069006351	-0.0030277492644004075	1	False
PRKY	0.07539646015976192	-0.010157587557201897	-0.03521848847995738	-0.042171173893910896	-0.0030376974428270604	1	False
FLYWCH1	0.016590388106264602	0.08847925231006513	0.02670087201250389	-0.14406316499160643	-0.003073163140693197	3	False
ZNF286A	0.04899645599427553	-0.13360371366126633	0.13856792029573176	-0.06641192140138591	-0.0031128146931612387	2	False
SOAT1	0.0510894426091526	0.046454900849550694	-0.04579065654557085	-0.06437234441911943	-0.003154664376496745	2	False
FAF2	-0.0430730345829032	0.037618193841020754	0.04496755866707492	-0.05227857846342668	-0.003191465134558551	2	False
CEP295	0.0095773867839518	0.0978758236574196	-0.06855516797974108	-0.051679333061313906	-0.0031953226499208953	2	False
MT-CO3	-0.045119507529566505	0.022821732168551333	0.00542040082866417	0.004062415507344015	-0.0032037397562517467	3	False
INO80	-0.05138909776594502	0.05774595474214514	-0.01943460927429781	0.00024057280164268283	-0.003209294874113751	2	False
TP53	-0.09099393896307907	0.279325807206208	-0.12154757920164151	-0.07962463970783329	-0.0032100876665864704	1	False
DHX32	0.16708297984979628	-0.12572890704800363	0.13865316435732997	-0.19291192736833912	-0.0032261725523041254	2	False
MSH2	0.059413339210337444	-0.0065839790472138745	-0.08551688021733288	0.01926192300082598	-0.0033563992633458325	2	False
CSPP1	-0.1901993958121079	0.016643749186986568	0.09353817514789403	0.06626979274968176	-0.0034369196818863842	3	False
SARM1	-0.10769028362856338	0.04393486929962665	0.0048389357658994376	0.04513551347566032	-0.0034452412718442415	3	False
SMC4	0.038234582098912756	-0.01418973322372554	-0.10461957346565028	0.06596023194375411	-0.0036536231616772358	2	False
EVA1C	0.08287237080100628	0.13018719069168155	-0.2745496290383172	0.046542167390833625	-0.003736975038698933	3	False
ATP10A	-0.10066666696019648	-0.03210779161323094	0.08427073710076613	0.03315023049918665	-0.0038383727433686614	2	False
SYNC	0.02455835572693923	0.1405747405304934	-0.17408581033517254	-0.006682817136565278	-0.003908882803576294	2	False
RNFT2	-0.22159310822518646	0.20521207249932089	0.00330778277155142	-0.0027635246227424954	-0.003959194394264163	2	False
ARHGAP1	0.0410624520484232	0.03401467868063664	-0.1036709108326119	0.01271791255521126	-0.003968966887085202	3	False
SRPK1	-0.020505536922999727	0.09027913324088585	-0.04113166237103955	-0.04487569541621484	-0.0040584403673420665	1	False
VEZT	0.1202824797057177	0.003473051963849429	-0.08966614941876798	-0.05039847272672445	-0.004077272618981323	2	False
OSTM1	-0.0324911631117193	0.05717120315846724	-0.022418176669614858	-0.019112665860472666	-0.0042127006208348946	1	False
LTN1	0.060078630651267666	0.0025865114952675554	-0.056553628815875764	-0.023084670141297687	-0.0042432892026595575	2	False
EDC3	-0.18173759759049515	0.08392838413457204	0.10047970378115008	-0.01967013106548985	-0.0042499101850657205	2	False
MTG2	-0.021874832190341184	0.05760412371425003	-0.10816058258517454	0.055303503062435186	-0.0042819469997076275	2	False
ACO2	-0.07086433967838615	0.06402146413848947	0.045505842098555835	-0.05627221914681384	-0.004402313147038671	2	False
ANAPC16	0.0067434435496323865	-0.001511903115912989	0.018449348018486918	-0.04129079196204702	-0.004402475877460176	2	False
RNF139	0.00024802764613138223	-0.0929604466759907	0.03964948674267749	0.03530160412601106	-0.004440332040292691	3	False
GDF11	-0.0672762326742007	0.12787763193437057	-0.10309521776297231	0.024676328434459542	-0.004454372517085725	2	False
MT-CYB	-0.08432582560629429	0.028450732387842483	0.023821049578592463	0.014085855739073729	-0.004492046975196402	3	False
GTF2I	-0.11725648538343679	0.09078151672446111	-0.005977423605008169	0.01411035331779513	-0.004585509736547181	2	False
UROS	-0.09162281105185248	0.11665814658609469	-0.09453183231164021	0.04996339190212249	-0.004883276218818877	2	False
TENT4B	-0.004600688461947227	0.020995116345278016	-0.06999070263132721	0.033722877950684085	-0.004968349199328086	2	False
GFOD2	-0.15983718905854744	-0.020551105346534246	0.030291824410349798	0.1301735458958078	-0.004980731024731025	2	False
NF2	0.023451931376226764	-0.0010126057744022368	-0.020611341859997714	-0.02192215017697515	-0.005023541608787084	1	False
CLASRP	-0.02287547032346772	0.13785361049695324	-0.0638068485543623	-0.07154365755369342	-0.005093091483642551	1	False
USP4	-0.05034731984369091	0.07714353432192024	-0.05258446448559672	0.004527588351570654	-0.005315165413949184	2	False
PHLDB3	0.048567101617565854	0.10115693073616137	-0.0454450810126473	-0.1259487609664988	-0.005417452406354717	2	False
MVP	-0.06270252819592259	-0.03895764729416554	0.007979960975285234	0.07150120559851726	-0.005544752229071408	2	False
ARRB1	0.1356261670364034	-0.1647552741842771	0.015598949527694674	-0.008865330353859687	-0.005598871993509679	2	False
SLC25A17	-0.11103366130148591	0.10031944660523115	0.09050820924542259	-0.10229014327994139	-0.00562403718269339	2	False
ELP3	-0.03135601569687008	0.06613281420779372	-0.04735059276979999	-0.010469125368471575	-0.005760729906836981	1	False
LRRC69	-0.07465696433695143	0.134953391011564	-0.05215751913349195	-0.03125454524609715	-0.0057789094262441325	1	False
NCAPD2	0.09065259729083519	0.026621437521814936	-0.041646647249420805	-0.09901303326654368	-0.00584641142582859	2	False
RTCA	0.038092211284244816	-0.0032218591009962154	-0.03770118183749317	-0.02057212707446298	-0.005850739182176887	1	False
RALBP1	-0.05363911607341037	-0.11028392521533845	0.030417364686630897	0.10959339523117194	-0.005978070342736497	2	False
THOC2	-0.029048295120686397	-0.022282765381464908	0.011307939511427285	0.015886793550776705	-0.0060340818599868284	2	False
VPS29	0.1064926864351105	-0.03124537063923108	-0.010362861498580041	-0.0891216643004142	-0.006059302500778702	1	False
DNMT3A	-0.02970214578232608	0.10808916514712104	-0.09440158149832993	-0.008260822968584372	-0.006068846275529836	1	False
SLC41A3	0.034073896588068385	0.004900927421247428	-0.09768655424821147	0.03436555257530133	-0.006086544415898584	3	False
ZNF787	-0.08827522450336286	0.05436089953992313	0.027170322130916122	-0.017840412469237843	-0.006146103825440364	2	False
LAX1	-0.045253277792329495	0.07262716982851848	0.09024023782681546	-0.1425755402826341	-0.0062403526049074134	2	False
PPP1R16B	0.1354343517978181	-0.08782205053389001	0.0035068755230781975	-0.07609618768813778	-0.006244252725282874	2	False
SMARCE1	-0.039894847217355395	-0.03039367627566988	-0.023556484114361446	0.06851585314042848	-0.006332288616739564	1	False
DPF2	-0.018205758248220832	0.045962192602271544	-0.07763196516633346	0.0241487675418399	-0.00643169081761071	2	False
TMX3	-0.04384484416771347	0.0053156255700839376	-0.04544040046295152	0.05812410821035999	-0.006461377712555269	2	False
ZNF813	-0.18235229024047492	0.021951041145051683	0.016159573583977887	0.1183791504707136	-0.006465631260182944	3	False
CNOT9	-0.02211575128579881	0.12940794429588667	-0.07194141210753552	-0.06180122762748242	-0.006612611681232521	1	False
TMEM209	0.01030450598321798	-0.007370231446219129	-0.027968753141542627	-0.0014658716566615247	-0.006625087565301325	1	False
ELL	-0.0952794840254237	0.02785266612187458	0.16990178627591138	-0.12898938636555324	-0.0066286044982977466	2	False
UBE4A	0.025630888642600578	0.059328573693612406	-0.12804832301540206	0.016460283574424826	-0.006657144276191062	3	False
CTNNBL1	-0.02590208265369677	0.0440198100971655	-0.07615293488643884	0.03135379009904104	-0.00667035433598227	2	False
FAM122B	0.10372221534380323	0.002810253477974768	-0.05145672446194204	-0.08206616885287091	-0.006747606123258738	2	False
INTS12	0.08374993814691269	0.19374190222953486	-0.2416902287035085	-0.06302575584816471	-0.006806036043806422	2	False
CDK7	0.1169913007419045	0.10474103092985204	-0.23071405777226223	-0.018494083575932133	-0.006868952419109454	2	False
TMEM268	-0.04539926847388875	0.1367961455514469	-0.04335729074264596	-0.07632700266898565	-0.0070718540835183665	1	False
ZNF518B	0.134101545994399	-0.07170310931333852	-0.0824926673289132	-0.008457251748961144	-0.007137870599203466	1	False
AGA	0.09124116545857192	0.014635115680447884	-0.020437183808417202	-0.1140889955367496	-0.007162474551536752	2	False
SLC30A6	0.01507435330716141	0.0896701552470362	-0.06832902142431461	-0.0654082027897636	-0.007248178914970153	2	False
CPSF6	0.016626097854790342	-0.02806476732709735	-0.0036053208867958563	-0.013990704437015783	-0.007258673699029662	1	False
DGKD	0.047189169313300534	-0.04110927236042197	0.007477838230925313	-0.04272332430672428	-0.0072913972807301	2	False
RABL3	0.02869342783688178	0.02881216619507993	-0.008099271084459963	-0.07867293822487788	-0.007316653819344033	2	False
DCTN2	-0.05803893441656254	-0.03088061231937409	0.12046771135053683	-0.060876630488678474	-0.00733211646851957	1	False
ADGRE5	0.16760486463287338	0.02196628415739726	-0.0514820285221754	-0.16743287289326841	-0.007335938156293291	2	False
YBEY	-0.12220553375209516	0.08774078533191483	0.14834617627842817	-0.14328372076373722	-0.007350573226372344	2	False
RMND5A	0.07987625225303006	-0.05769259138585758	-0.013297431721229153	-0.03833367084833017	-0.00736186042559671	1	False
HDLBP	0.006190093311129241	0.016941997137148775	-0.050483483218453126	-0.002427256121390085	-0.007444662222891299	2	False
IL15RA	0.09150254886139597	-0.06801233017596654	-0.012619858078305264	-0.040669854712122304	-0.0074498735262495345	1	False
TOP3B	-0.11278734789697034	0.035953917379911195	0.061453641846305106	-0.014449970902992304	-0.007457439893436588	2	False
AKAP17A	-0.09758024803030031	-0.07445446693348617	0.13657451682808042	0.005585743416762302	-0.007468613679735938	2	False
SPEN	-0.060842304996516605	0.04085383814764689	-0.01291239001931691	0.0027956586068992226	-0.007526299565321851	2	False
SRSF8	-0.07825907050706372	0.05200543038504616	0.022430572106788622	-0.026308213187893656	-0.0075328203007806495	2	False
SPECC1	0.18300397050256917	-0.10598289658872989	-0.0771823643785936	-0.030038014069688104	-0.007549826133610608	1	False
VPS37C	0.09893427788431679	0.15557449998459677	-0.2582657745775771	-0.02666749080110761	-0.007606121877442785	2	False
ZNF169	0.011944951767454356	-0.07020577517394248	0.0647849632748068	-0.03701697203030351	-0.007623208040496208	2	False
ZFP36L2	0.20613595351083164	0.004364269045621015	-0.12348134757125998	-0.1177733023700428	-0.007688606846212531	2	False
PDCD10	0.02887573291299318	-0.0853626749375376	0.007441418489013769	0.01793123010283174	-0.007778573358174729	3	False
PDIK1L	-0.22902639372791342	0.3825960138079227	-0.18668271568756709	0.001891565962139029	-0.007805382411354697	2	False
RNFT1	0.10202264046453492	0.16510490054358307	-0.06339832991384392	-0.2350462937464108	-0.00782927066303419	2	False
SEM1	-0.07492946727331726	0.024473871520252356	-0.024315725570512762	0.04297698857350913	-0.007948583187517134	2	False
TMEM241	-0.07909465337125339	0.13174333959716794	-0.06541447032020328	-0.01929064925389964	-0.008014108337047094	1	False
NSRP1	-0.005403217971514072	0.03983852547293489	-0.06082528660332208	-0.005748213319162329	-0.008034548105265897	1	False
PNKP	-0.11365512756799913	0.1124406963694459	-0.058911618430791485	0.027953798041866033	-0.00804306289686967	2	False
ZNF561	-0.07914770259018887	0.052233019310433663	-0.08088911044373993	0.07504539613539495	-0.008189599397025047	2	False
SHLD2	-0.015315968346820516	-0.03825711773369328	0.013729991324838254	0.0063339914242830425	-0.008377275832848126	2	False
MXD1	0.1553573059926914	-0.021773341859197368	0.003912015448164875	-0.1714086177545097	-0.008478159543212689	2	False
WDR35	-0.02332613402993801	0.11751106209488899	-0.2541348368055726	0.1257193722967246	-0.008557634110974245	2	False
LETMD1	-0.040745291378845194	0.08237671702715309	-0.08160705228970619	0.0056325380910556356	-0.008585772137585665	2	False
KATNBL1	0.022326513934522757	-0.0022498607301519903	-0.01168227462192508	-0.04326234909285456	-0.00871699262760222	1	False
AGL	0.007460085856012935	-0.05489499120472497	-0.08289471614757318	0.0953551070434736	-0.008743628613202905	2	False
CALCOCO2	-0.025788124215531016	0.069803737515254	-0.02665182320305446	-0.052957393140618585	-0.008898400760987517	1	False
SYPL1	-0.005701432802010386	-0.05572103088577074	0.0020503635476020756	0.02366880526995896	-0.008925823717555023	2	False
LOC101927179	-0.28111310280072777	0.23002878071442096	-0.0488592551796659	0.06399441687457091	-0.008987290097850448	2	False
BTBD1	0.005552958274456697	-0.01635466282339893	0.020526132310838434	-0.04615418392863538	-0.009107439041684795	2	False
SUDS3	-0.030156462019211013	0.10577844977196604	-0.00042105775616303856	-0.11167201812175051	-0.00911777203128963	1	False
PEX13	0.041521280747030896	0.09691257831053723	-0.13184613488440394	-0.0436248679423979	-0.009259285942308427	2	False
NFYA	-0.0715109981728559	7.500838002815137e-05	0.09829526389999114	-0.0646431974934135	-0.009445980846562528	2	False
SETMAR	-0.16094362410150628	-0.0654571181453879	0.09281646267304726	0.09567650697440842	-0.00947694314985963	2	False
ANXA6	0.24884429092736848	-0.023535868575772417	-0.09158606310386151	-0.17187546088639882	-0.009538275409666064	1	False
PISD	-0.162971198848068	0.10682748543330335	0.04718806827902538	-0.029250100258575534	-0.009551436348578697	2	False
SHISA5	0.11486439295313583	-0.01489139727637117	0.12379851035874533	-0.26236920640681705	-0.009649425092826763	2	False
UBXN8	-0.09724106663939668	0.10618992982350797	-0.063339913132742	0.015607301837487458	-0.00969593702778581	2	False
AGPS	-0.016523897727381717	0.06056198684893898	-0.0321981413219999	-0.05156707505705434	-0.009931781814374242	1	False
SEPTIN9	0.07942089825849226	-0.02609293125462391	0.016647955712085737	-0.10988450203857662	-0.009977144830655631	2	False
BRF1	0.11035494684720801	-0.00606309581638908	-0.05385496095004608	-0.09043879153458334	-0.010000475363452624	1	False
DERL1	-0.04458108355813004	0.07450781302711701	-0.030815859119516276	-0.03911355727950126	-0.010000671732507644	1	False
TEX2	-0.06663158359786085	0.08273622421942665	-0.1323089486966858	0.07619217610394574	-0.010003032992793565	2	False
ARL14EP	-0.07623435178251844	-0.01944166740239222	0.011244682833215459	0.04394313236658673	-0.01012205099627712	2	False
PYM1	0.017566756175340245	0.1473629726389828	-0.1518290640636842	-0.053610272504388705	-0.010127401938437466	2	False
PEPD	-0.012522133627115904	0.058089625786524574	0.005947101177612016	-0.09209170035742066	-0.010144276755099994	2	False
BIN3	0.12666597243568295	0.10264081161286229	-0.1857845913588781	-0.08425299818195993	-0.010182701373073196	2	False
MT-ND3	-0.16714389720039444	0.10878820405228636	-0.006990165313210828	0.024402450047437182	-0.01023585210347043	2	False
GFM2	-0.045666738207778286	-0.03421677312561343	-0.054768005876407636	0.09355865906292611	-0.010273214536718308	1	False
CLINT1	-0.047750301628197316	0.04354366279065235	-0.02513375082272734	-0.011982437962416307	-0.010330706905672152	1	False
SELENOF	-0.03992161222178391	0.1084637319542355	-0.07611042376212962	-0.03387216670579595	-0.010360117683868497	1	False
RXYLT1	-0.23223019494893515	0.13312506317451123	0.09798228892531892	-0.04070609790073887	-0.010457235187460969	2	False
TMEM104	-0.08930755612887648	0.012295021561175143	0.11053499145895024	-0.07604679639203923	-0.010631084875197584	2	False
ID2	0.037040014677177595	-0.013189991055839873	-0.038511760354662576	-0.028041442998832496	-0.010675794933039337	1	False
KIF2A	0.05006185704716851	0.0292155688869725	-0.05115473632909684	-0.07134289337988357	-0.01080505094370985	2	False
ICAM1	0.08131488796666976	-0.13540970141788988	0.07247836285964653	-0.06174869278471405	-0.010841285844071912	2	False
CRACR2A	-0.09859013340696463	0.2045645996519151	-0.026799595072550815	-0.12266138595512785	-0.010871628695682048	1	False
PRKD2	0.014000358724191121	0.08181845137664409	-0.09566241436866053	-0.043810228534827814	-0.010913458200663285	2	False
RO60	0.043229112256013134	-0.20277508295637758	0.0832251054389222	0.032257098839267855	-0.011015941605543597	3	False
COA5	0.029957426948751472	0.06313158289224226	-0.14751413723299628	0.010283029976897439	-0.011035524353776277	3	False
ADK	-0.049122580473020115	0.025852613587800968	-0.03392514545776469	0.012169589627285819	-0.011256380678924507	2	False
UGGT1	-0.05397068675153042	0.041030152714120506	-0.011834701800188634	-0.020371151820913015	-0.01128659691462789	1	False
EDEM1	0.10643527545548434	0.08230734709673024	-0.122177415903586	-0.11185572549638989	-0.011322629711940327	2	False
PPIL2	-0.033342765937729786	-0.14554812986035914	-0.02608218927475518	0.15911583370599508	-0.011464312841712253	1	False
CHD1	-0.04436460904006245	0.04271944075041459	0.00026006438542657386	-0.044533736516596235	-0.01147971010520438	2	False
GALNT2	-0.17690542569630882	0.11714120641674286	0.00786603172452348	0.005823176449621459	-0.011518752776355256	3	False
IQCB1	-0.05681899224530369	0.09075852726239819	-0.04567127140150287	-0.0343731704356072	-0.011526226705003893	1	False
PTER	0.04850363364851601	-0.048416927540554724	-0.05810914836117796	0.011186691790177889	-0.011708937615759698	2	False
MPC1	-0.024978799980387347	0.13225368470615606	-0.10023629159549663	-0.05424656528886432	-0.01180199303964806	1	False
ARHGAP32	0.06778414165328345	0.03877817110828323	-0.16411382263642704	0.01023174070479057	-0.011829942292517449	3	False
PPP1R37	-0.04439195005910725	0.08541410886860042	-0.03367670755255935	-0.0550928733546503	-0.011936855524429123	1	False
CCAR1	-0.08697332739355608	0.0332531609369741	-0.016007140334949932	0.020951862927222713	-0.012193860966077299	2	False
METTL23	-0.08399443230559735	0.1357512904165548	-0.062306175596443435	-0.0383950340837003	-0.012236087892296573	1	False
BORA	-0.04289154334358207	0.1149195069907537	-0.0757712978710525	-0.045243458561399344	-0.01224669819632005	1	False
SLC25A28	-0.1354387795069505	-0.0018749694738791549	0.028499438802343666	0.0597350739333856	-0.012269809061275097	2	False
THOC1	0.019691307145400055	0.04876858641582792	-0.12304777423551323	0.005465528334076428	-0.012280588085052207	3	False
ODR4	-0.051618336287800014	0.036568851318354675	-0.02904825444927262	-0.005029169837075233	-0.012281727313948299	1	False
C5orf22	-0.20699451740900265	0.08388459836854582	0.05843572200202871	0.015355594764967371	-0.012329650568365186	3	False
LOC102724404	0.31908872829901097	-0.10133206051420496	-0.08027695941279807	-0.1872947716535395	-0.012453765820382885	1	False
CAMSAP2	-0.12633454818251896	-0.14600180276798233	0.2933584029091264	-0.07128689080449063	-0.01256620971146638	1	False
USP10	-0.08552214865887932	0.030853399974352585	-0.00967124594545183	0.013816236877600946	-0.012630939438094402	2	False
RHEB	-0.037678758858004216	-0.08797523747197981	0.04420412432286904	0.03078731099063716	-0.012665640254119455	2	False
ATPAF2	-0.1438109948604602	-0.011312643852944379	0.017518009570479807	0.08675358537942644	-0.01271301094087458	2	False
SIRT7	-0.09347080203207063	0.013531183599351555	-0.04758940492576978	0.07652141313496662	-0.012751902555880563	2	False
XXYLT1	-0.16031024784936823	0.0645564352321446	0.12142517577953621	-0.07685678600882724	-0.012796355711628665	2	False
LARP1B	-0.04758103680182577	0.04606298266138961	-0.008552002294800999	-0.04164419045292976	-0.01292856172204173	1	False
AP4E1	0.03404443658024199	-0.05100987909359885	-0.08594257720560179	0.05089240473940577	-0.013003903744888223	2	False
VAV1	0.0535258269471355	0.020527649257996616	-0.08186385410751075	-0.044291225616212564	-0.0130254008796478	2	False
DICER1	-0.001070717960515047	-0.036256204338055285	-0.01727586913267512	0.0023516879438451456	-0.013062775871850077	1	False
H1-10	0.06430392471263931	-0.14699206122165273	0.14057414192100354	-0.1101513886762628	-0.013066345816068171	2	False
UGCG	-0.08539169607304188	0.03918228005330669	-0.04899052538139744	0.04289469869330523	-0.013076310676956852	2	False
ABCB7	0.06923492088495223	0.018058534661524944	-0.10407382695494559	-0.03555348637446539	-0.013083464445733451	2	False
RBM26	-0.01461020266832564	-0.013612402299543008	-0.048054848327153364	0.023906573421163736	-0.01309271996846457	1	False
PRKCA-AS1	0.05224357494264675	0.0699053262138616	-0.09170410254799728	-0.08293027368769712	-0.013121368769796513	2	False
MFSD14B	-0.07256960696102191	-0.03834273743539504	0.00696767926208726	0.050914903982248225	-0.013257440288020367	2	False
CPNE1	-0.06942092598785693	-0.012184230075371213	-0.06275737210664635	0.09131077485003995	-0.013262938329958635	1	False
ARSK	0.1296752919440434	-0.14241219646519174	-0.09684076590921287	0.05634442623979121	-0.013308311047642499	2	False
POMK	0.00966010888745963	-0.04908118052920118	0.007805139199506612	-0.022115894329623874	-0.013432956692964704	2	False
ZNF7	0.00976091058674417	0.11985489235876495	-0.10196628341391108	-0.08147352854506398	-0.013456002253366486	2	False
PAAF1	-0.06420243030966845	0.015053692102422314	-0.0370801231917059	0.032264069168786234	-0.013491198057541448	2	False
MMAA	-0.038321368600137046	-0.10557147987018797	0.1446678149052472	-0.05529928727086832	-0.013631080208986538	1	False
CNEP1R1	-0.13589219366884564	0.21830235757188535	0.003410441786269021	-0.14040264046013978	-0.013645508692707763	2	False
JADE1	0.049104724666662936	-0.03730858590345909	-0.026763047512794926	-0.03990693356405832	-0.013718460578412351	1	False
HACD2	0.06986977900007033	-0.03846498795432277	-0.03518120865266982	-0.05120740702704683	-0.013745956158492275	1	False
ZNF780A	0.1774302578433102	-0.15531591321880464	-0.1263273143755034	0.04897735117379832	-0.01380890464429988	2	False
ALKBH8	-0.013019680313335422	0.06659804927955375	-0.12821853238490868	0.019390579167147263	-0.013812396062885774	2	False
ASPHD2	-0.11825511500329317	0.15223276334219146	0.05889101528887672	-0.14845909599726403	-0.013897608092372254	2	False
FARP1	0.1707773479426047	-0.18399820183957985	-0.14767856749334968	0.10523467650573076	-0.013916186221148513	2	False
FADS1	0.02775391148788275	-0.025037333533150897	-0.03448938381171702	-0.024023907546966948	-0.013949178350988028	1	False
PPP4R3A	-0.023949408117893638	-0.00463637718902381	0.0002526811431323364	-0.027564565849491324	-0.013974417503319108	1	False
RAB10	-0.05897188642118469	-0.07471707778679192	0.030595688607221994	0.046926514541528096	-0.014041690264806629	2	False
TMEM123	-0.18206435104551602	0.08781452759892432	0.01873998025128918	0.018377773447579963	-0.01428301743693064	3	False
LPIN1	-0.02670775927069846	-0.0718373982764775	-0.013197547379911263	0.05438769503388776	-0.014338752473299866	1	False
SEL1L	0.059609931973090696	-0.039896894489427674	-0.03904383665967009	-0.038759217120276475	-0.014522504074070885	1	False
EXOSC10	-0.07851760000973428	0.00670879967937197	-0.06062400561836145	0.07377391030678494	-0.014664723910484703	2	False
KIAA0513	-0.07428808076818003	0.2748000379593629	-0.1501117939367105	-0.10933299013820048	-0.014733206720932025	1	False
CNOT10	0.02246763972799424	-0.010189775983304655	0.08276001331160177	-0.15423542801802873	-0.014799387740434343	2	False
UBE3D	-0.04008235564547002	0.04977657872274488	-0.08580762591158042	0.016894376271460843	-0.01480475664071118	2	False
SMYD2	0.049042642260876	-0.12740072557569587	-0.08602652925414153	0.10488939269732646	-0.01487380496790874	2	False
FYTTD1	-0.06253474944365807	-0.06232188580283096	0.15182731605237162	-0.08687978577333351	-0.014977276241862729	1	False
POLM	-0.01618057657030115	-0.0031065553226136736	-0.07573199087790011	0.03499414581564568	-0.015006244238792314	1	False
SLC25A51	-0.02284635682805414	-0.06904918673587801	0.09284536099984048	-0.06126048424096703	-0.015077666701264675	1	False
ZNF160	0.1450518655545861	0.14008900111032382	-0.23860524006944867	-0.10693342527555837	-0.015099449670024283	2	False
TPP2	-0.01827422716667168	-0.013315504191211804	-0.024914298905103	-0.003963961213470973	-0.015116997869114364	0	True
CTSB	0.016552879403618243	-0.05196528846518622	0.02574676163834436	-0.05099105814176951	-0.015164176391248282	2	False
NDUFA10	-0.05438147841445323	0.03516118727777354	-0.007102338801002426	-0.03437787336532389	-0.015175125825751503	1	False
GPR65	-0.023806577369748404	-0.08694208728311714	0.1170581051579688	-0.06708290332770644	-0.015193365705650799	1	False
GS1-124K5.11	-0.02091897554093161	-0.023688000595085804	-0.040562571092661585	0.02391757225351115	-0.015312993743791962	1	False
ADPRM	-0.04713669301946594	0.010874563379730171	-0.1302132911566193	0.10450031867794983	-0.015493775529601312	2	False
ITK	0.0674124893042396	0.022610435651895713	-0.06798173461339513	-0.08475648576253726	-0.01567882385494927	2	False
IGF2R	0.021773459568097432	-0.030371217321670176	-0.07022728038319873	0.015808872229257045	-0.015754041476878606	2	False
COX15	0.16130945424923093	-0.07157810541637473	-0.10559792578578511	-0.0476082506610588	-0.015868706903496926	1	False
ZNF444	0.004724097040823081	-0.024477825027331014	-0.0056209982558352075	-0.0382228898418909	-0.015899404021058508	1	False
HINFP	-0.0649794455152682	-0.07768521316963414	0.07868624305443726	0.0003804150158267903	-0.015899500153659575	2	False
FKTN	-0.1172857496159968	0.11273536336004658	-0.06092427561270746	0.0018251652631075157	-0.015912374151387545	2	False
G2E3-AS1	-0.005767844420736903	0.12845690135719137	-0.01393378242637092	-0.17261286773478135	-0.015964398306174448	1	False
KANSL2	-0.07776394348487019	0.0633701911247899	-0.09316097693934727	0.04369499427257067	-0.01596493375671422	2	False
SBNO2	-0.11895238026938768	0.16981450679138665	-0.06943518913956799	-0.04533667763451549	-0.015977435063021125	1	False
MAML2	0.09557701697248058	-0.024771244629941926	-0.10409967674194039	-0.030903673270949884	-0.016049394417587903	1	False
PGS1	-0.07318834992918573	0.03493336924560967	-0.0013454060378426372	-0.02542567008532181	-0.016256514201685127	1	False
ITPRID2	0.08217003589425628	0.04127507418550742	-0.09830416979064512	-0.09073365288532904	-0.016398178149052617	2	False
PROSER1	0.10036995779137504	0.04479829424274339	-0.12642280740616318	-0.08435826697244399	-0.016403205586122186	2	False
SCFD2	-0.1671288464673433	0.13463397658178008	-0.026927281789908157	-0.006267105560722305	-0.01642231430904842	1	False
UBE2G1	-0.09463674203231308	-0.0032022361371844316	0.003190511665303078	0.0289492224975982	-0.016424811001649057	2	False
NUP205	-0.05356307655066444	0.05454700263898851	-0.020272080772239135	-0.04643124031534787	-0.016429848749815734	1	False
RBM14-RBM4	0.02363178159122755	0.05886875536744152	0.04344268109724738	-0.19169355820121473	-0.016437585036324566	3	False
OTUD7B	-0.07751306490258618	0.16927756147813058	-0.08554911469843082	-0.07208572395758969	-0.016467585520119028	1	False
PSMF1	-0.09912937400190457	0.012803515612221513	0.026733423764504872	-0.006438755682557617	-0.01650779757693395	2	False
ZFAND1	0.034636151530104624	-0.03752474366254599	0.014709115530810795	-0.07799825891364545	-0.016544433878819004	2	False
PARD6B	0.0774254114666065	0.021723372627351068	-0.011640305741619575	-0.15380551643690304	-0.016574259521141263	2	False
SFSWAP	-0.030227023740133897	-0.018964044930571702	0.020448411725962335	-0.037782627652904535	-0.01663132114941195	1	False
ZBTB25	0.13852209118487938	-0.08046230074353987	-0.0843238411715703	-0.04033030130788539	-0.016648588009529043	1	False
LACTB2	-0.002969018920298704	-0.012441997859497423	0.007893430299032975	-0.059100489326704586	-0.016654518951866933	1	False
SLC7A6	-0.03639219537416121	-0.04096596398674806	0.02191456313700639	-0.01137988468251214	-0.016705870226603754	1	False
COQ8A	0.05030298730280037	-0.09422912909468678	0.13681061133534655	-0.16023928920345276	-0.016838704914998157	2	False
PRRC2C	-0.05732226019779396	-0.01774902760172138	0.026403035032753007	-0.01869536793108143	-0.016840905174460942	1	False
ZDHHC14	-0.06993289965481742	-0.20064590614005806	0.04502480098476755	0.15783283424360492	-0.016930292641625752	2	False
OSGEPL1	0.033496363193933655	0.10650910664010009	-0.17508013410239576	-0.03266258451172602	-0.016934312195022005	2	False
FAM184A	-0.09047427975922703	0.03930641097672401	-0.04045095788648691	0.02375312823993442	-0.01696642460726388	2	False
SPOCK2	0.23645261299100587	0.030351317110394602	-0.14351654369059194	-0.1916456653311386	-0.01708956973008252	2	False
FYCO1	0.1745605714897816	-0.07456751972842554	-0.08508955230004646	-0.08363576596765851	-0.017183066626587227	1	False
GLMN	-0.029411895943499102	-0.021297714185259695	-0.015062593191745789	-0.003096942506931775	-0.01721728645685909	0	True
BIRC3	-0.029625442046889758	-0.09664050497592427	0.15465476156870303	-0.09736145635165357	-0.01724316045144114	1	False
YME1L1	0.00036743217182446026	-0.06003312227514075	-0.05420558369017227	0.04442063164505509	-0.017362660537108367	2	False
RBBP4	-0.06057654535344682	0.048757848425223425	-0.07882616793003537	0.020933718782186084	-0.01742778651901817	2	False
KHDC1	0.07832658842009628	-0.28651957815164003	0.11185745804475637	0.02658379426497193	-0.017437934355453866	3	False
UBE2B	-0.04306788666914907	0.011549954394632436	0.032953395634286634	-0.07119269179567778	-0.017439307108976943	2	False
ICE2	-0.07531778711444528	0.019698971739930807	-0.0886113927751153	0.0744580441795211	-0.01744304099252717	2	False
COX10	-0.05667334910678453	-0.017161186732445537	-0.01315044024629793	0.016894977638116645	-0.017522499611852836	1	False
GTPBP1	0.15464432242562773	-0.09591432031152622	-0.019249245852269593	-0.10976812699106188	-0.017571842682307492	1	False
WDR73	-0.09485334422049313	0.14009121771668212	-0.06535894467058645	-0.05018156281488732	-0.017575658497321196	1	False
FBXO31	-0.06364644205643237	0.04143493400167377	-0.09265659519233858	0.044476058027442124	-0.017598011304913765	2	False
CNOT1	-0.008471792230813709	-0.00027176088988757407	-0.043145399566881265	-0.018507039505381604	-0.017598998048241037	0	True
ADAR	-0.055269758359138846	0.017045237182288422	-0.0347555072406939	0.0025610848095124245	-0.017604735902007975	2	False
UBE2E2	-0.23012797685280342	0.20750747008931564	-0.06478419830208848	0.016985641650585137	-0.017604765853747782	2	False
ING3	0.032435243193576484	-0.01837392532869516	-0.03235892793791299	-0.05255718325997404	-0.017713698333251426	1	False
ITGB1BP1	-0.008596269972482752	-0.10899514316058227	0.09771084444102218	-0.05098816131201179	-0.01771718250101366	1	False
NBPF15	0.06733129551392777	-0.13229325694531982	0.07538556375028213	-0.08200616803091822	-0.017895641428007033	2	False
AGFG1	-0.09407655908632051	0.02568502571384657	0.038494399243594865	-0.04171791361332466	-0.017903761935550933	2	False
NFXL1	0.01750796954411469	0.012482883017265377	0.026766764027334165	-0.12876537946174396	-0.018001940718257434	3	False
FAR1	0.028254313751587552	0.0275161917073265	-0.0765413276605609	-0.051432239642485604	-0.018050765461033114	2	False
FAM20B	-0.09097698133744708	0.09335290276318173	-0.08622720134705021	0.011449450499033575	-0.018100457355570497	2	False
ZDHHC16	-0.07117157803926434	0.007026914644882111	-0.03710935715361675	0.028844518045040332	-0.018102375625739662	2	False
NDUFS1	-0.10225477701693483	0.06192657505498531	0.001348039227098578	-0.033453123441528176	-0.01810832154409478	2	False
PHKA2	-0.014828811574872385	0.03883967868280763	-0.046928251412803046	-0.049526814642554505	-0.018111049736855574	1	False
ZNF271P	-0.23014556036591852	0.11284492231923834	0.09597816723936745	-0.052096327296502556	-0.01835469952595382	2	False
ZNF460	-0.09552266143740683	0.048579402176193456	0.05636272300239659	-0.08298320268119247	-0.018390934735002314	2	False
PIP5K1A	-0.03805389563427306	0.014556080312251559	-0.07464461656639136	0.024425998464999356	-0.01842910835585338	2	False
CTNNA1	0.1329047006171602	-0.05631414978518333	0.04977098599009809	-0.20054618205402475	-0.018546161307987447	2	False
ZFP36	0.10240272924742166	0.02985092069561863	0.012946444731985297	-0.21954978226114633	-0.018587421896530183	3	False
RPS27L	-0.03578067031565429	-0.09649921429121068	0.11834487448831849	-0.060711789752961695	-0.018661699967877043	1	False
AGAP5	0.05264981677699721	0.04881424704659168	-0.0689100011460897	-0.1074944051271487	-0.018735085612412376	2	False
ATAD1	-0.07015678898905042	0.07493335140282567	-0.030031133950425056	-0.04978049317544803	-0.01875876617802446	1	False
DBT	-0.019683423004216084	0.018237969859984327	-0.04769433668707786	-0.02628282225518661	-0.018855653021624057	1	False
IER5	-0.005347673468817861	-0.1412971371926781	0.19060904044349972	-0.11949199907033785	-0.01888194232208353	1	False
FXR1	-0.0523410175386075	-0.05356223222418164	0.0008421484379569885	0.029404210304393177	-0.018914222755109743	2	False
SMARCC1	-0.030738437319596735	-0.030118216060420762	-0.03232255371124455	0.0171531689294746	-0.019006509540446862	1	False
TARBP1	-0.1405108437918795	0.15828551561179943	-0.0946432455310682	-0.0005539914606373215	-0.0193556412929464	1	False
ACADM	0.09749312023088605	-0.2586502803358406	0.03120777002765206	0.05220182276022792	-0.019436891829268638	3	False
DCAF7	-0.11336625397443581	-0.07706919866414036	0.08117933576321022	0.03122482132828686	-0.019507823886769773	2	False
ZUP1	0.07030525789634343	-0.004575703158575811	-0.14489120161943794	0.0003473057694252698	-0.019703585278061264	2	False
MCM3AP-AS1	-0.027369512265964548	0.00016963953840382605	-0.049374044520325386	-0.0022944224550093617	-0.01971708492572387	1	False
ISG20	-0.1258695665430667	0.07014870009984879	0.12730792916044573	-0.15048757465066806	-0.01972512798336006	2	False
WDR6	-0.03970371431751424	-0.020203957937362495	-0.09521772608512877	0.07617942056450368	-0.019736494443875454	1	False
ATG4B	0.06596469382918083	-0.017738913887907853	-0.10092190335119071	-0.02651885714236024	-0.019803745138069494	1	False
SRSF4	-0.08144976720406864	0.015138342215941613	-0.012103710743447378	-0.0011288855105578749	-0.01988600531053307	1	False
YAE1	-0.14337325516337096	0.23634413619279512	-0.16148284671637028	-0.011403917759440189	-0.019978970861596577	1	False
INSYN2B	-0.0452692053912584	0.028154143274032546	0.0829389147639585	-0.14601809189800277	-0.020048559812817533	2	False
ATF1	-0.14703295201189512	0.05320211535953493	0.044631037449565404	-0.03150435576377315	-0.020176038741641984	2	False
ZNF16	-0.0030278640956716953	-0.082411320239247	-0.00966068857257483	0.014016858805823358	-0.020270753525417542	1	False
SELENOO	-0.11408451766028575	0.03863162559816804	0.030198640622669227	-0.03608935002035725	-0.020335900364951434	2	False
COQ5	-0.03010056318719828	0.0730418361736909	0.03797358769953895	-0.162502249747294	-0.020396847265315605	2	False
COPA	-0.02267203183585911	-0.014412318722550525	-0.031514855135535466	-0.013003833648442648	-0.020400759835596936	0	True
PPFIA1	-0.10579507149380415	0.06927531553530883	-0.01747375972293458	-0.027668458071766298	-0.02041549343829905	1	False
CD55	0.05738677984471311	-0.03331588450800744	-0.07183090203655398	-0.03413538989116757	-0.02047384914775397	1	False
TRIM37	-0.04412008829267566	0.04582252914710761	-0.07932553701723229	-0.004345549623111051	-0.020492161446477846	1	False
GLS	-0.0444250818086789	0.03209876295866649	-0.026917643814389703	-0.04310356790930012	-0.020586882643425557	1	False
ZNF66	0.009732226656189634	0.1469428222556712	-0.009748160254777493	-0.2293284409079463	-0.020600388062715733	2	False
FBXO21	-0.040437493758864414	0.05450771739158091	-0.012755268886763252	-0.08385957218695439	-0.020636154360250285	1	False
WDR47	-0.10986990116929943	-0.1456696481290853	0.22719288846935082	-0.054508431720467605	-0.02071377313737538	1	False
CLCN6	-0.09178787318812848	-0.017009278634088625	0.07329877783619654	-0.047446324723368995	-0.02073617467734739	1	False
DISC1FP1	0.013958170791681407	0.08981953723321631	-0.13785076100268634	-0.049087746171844394	-0.020790199787408252	2	False
POMZP3	-0.05362177554109409	0.1283104255268986	-0.19204589658169835	0.033921942465349846	-0.020858826032635995	2	False
CD28	0.08910247441719166	-0.07843479098994137	-0.0552304554374424	-0.039342221240289944	-0.020976248312620516	1	False
FAR2	0.19195508360740965	0.05746695126342716	-0.14500255077708563	-0.18835764561740947	-0.020984540380914574	2	False
SMC5	-0.013823655989019686	-0.09225958836755223	-0.005010100208055105	0.026472366932731185	-0.02115524440797396	1	False
LUZP1	0.03633255134780943	0.04032787187660289	-0.11506613974786256	-0.04650211475401644	-0.02122695781936667	2	False
SLC25A25	0.08427118071548344	-0.1422080188169522	-0.07219852585183757	0.04517203153181979	-0.021240833105371636	2	False
L3MBTL3	0.06835181367538903	0.0011141059487403359	-0.12266233679702661	-0.031848496381671844	-0.02126122838864227	2	False
CACUL1	0.02677293331424472	-0.04975135093584529	-0.0006899530161303977	-0.06156550059744768	-0.02130846780879466	1	False
URGCP	-0.17552071195006796	0.10691224024965054	-0.04771588707815999	0.03079591802078125	-0.021382110189449043	2	False
TRMT11	-0.05316296012822527	0.07082595953655432	-0.06275252372156011	-0.040533013895770624	-0.02140563455225042	1	False
TNPO3	-0.006640735243591857	0.000646577518056524	-0.06268339637678891	-0.016949458070763222	-0.021406753043271866	1	False
LOC101927817	-0.17858490458294599	0.24598239635860458	-0.04649941307320546	-0.10676493568797352	-0.021466714246380095	1	False
RAB2B	0.1693080656928685	-0.07208422733850926	-0.12256125017519326	-0.061222307054399565	-0.021639929718808397	1	False
RAP1GDS1	-0.001177693635114383	-0.0948441101162614	0.03765546535381713	-0.028711595944913043	-0.021769483585617925	1	False
ZNF839	-0.2716683498016099	0.06437977066204913	0.010581360667499162	0.1090586240815789	-0.02191214859762068	3	False
CLOCK	-0.04286816942368007	0.011796506291500442	-0.06546202035940091	0.008482853806193253	-0.02201270742134682	2	False
ZNF410	0.07349319430908036	0.0009609253332757329	-0.05709665714533941	-0.10551767263977962	-0.02204005253569074	2	False
LIG1	-0.001142022836467126	0.21059253259996388	-0.23484029918142058	-0.06307713075814994	-0.022116730044018443	1	False
PPP6C	-0.014924113997754743	-0.051391036466578555	0.017774032914903926	-0.039931417602665574	-0.022118133788023735	1	False
VPS13A	0.01554938070969429	-0.03909221846698321	-0.06531337061383366	0.0003042217250633575	-0.0221379966615148	2	False
TSPYL2	0.05473070060792361	0.018324921507771277	0.015193949198329622	-0.17726318680812744	-0.022253403873525736	3	False
MICAL3	-0.05021338072684307	-0.1547756415414234	0.04556856413872697	0.06966574393334383	-0.02243867854904891	2	False
EML5	-0.0828311794888621	0.18053784192666106	-0.04616583659551029	-0.14136753921860032	-0.022456678344077913	1	False
NUP98	-0.06655501513148498	-0.0028634669359494467	-0.039415576731408615	0.01824952079363297	-0.022646134501302522	1	False
FRA10AC1	-0.006941687386838089	0.12911916432189166	-0.15627833262933055	-0.0566024420670942	-0.022675824440342794	1	False
SERHL2	0.150343101237691	-0.1919255259909231	-0.06317394018696658	0.013893502895406992	-0.02271571551119792	2	False
CCDC138	-0.08451144424919818	0.08526597797252815	-0.017778742922040323	-0.07428855842241286	-0.022828191905280803	1	False
C10orf88	-0.08102012102122248	-0.15061080332202945	0.16842490510888264	-0.0282132676505935	-0.0228548217212407	1	False
TMED8	0.025022568969257118	-0.001053282150401373	-0.15639067577516605	0.040962008742117875	-0.02286484505354811	2	False
LMBR1	0.017580807719279303	-0.07662433327521409	-0.01720216444406097	-0.015395457315295307	-0.022910286828822766	1	False
LOC100505736	0.10347292845419018	0.04360638653144997	-0.18424973095081365	-0.054590346005609025	-0.022940190492695633	2	False
XPO6	-0.04547247463494613	0.031205523275749634	-0.05229479874742508	-0.02532664104602225	-0.022972097788160957	1	False
PRR14L	-0.08681005022647502	0.0009571422901971627	-0.03841911215160151	0.032073534243793334	-0.023049621461021505	2	False
PROSER3	-0.05618101028114817	0.2436708245265382	-0.23269131832897808	-0.04711864778196031	-0.023080037966387086	1	False
KHDC4	-0.12214884736833795	0.056780809537101413	-0.04325107971845713	0.016211497262747177	-0.023101905071736623	2	False
ITSN1	0.06420548120765691	-0.011464116403399926	-0.087188194446757	-0.058162271185348655	-0.02315227520696217	1	False
MTOR	-0.07622888012698135	0.006093921735156596	-0.02451988307512885	0.0018795690781075974	-0.023193818097211504	2	False
RBBP6	-0.03632440468473222	-0.01769538380938448	-0.03703676210249003	-0.0020883760364436175	-0.023286231658262588	0	True
KIF1B	0.016690738995967288	-0.008934311833665637	-0.08335148566027113	-0.018828007154012484	-0.023605766412995492	1	False
NPHP4	-0.04408121983863185	0.007858785448947565	-0.1271800178889775	0.0687940853394148	-0.023652091734811746	2	False
SLU7	-0.06330746706782306	-0.04653895701276417	0.0687543289348135	-0.05396250181963692	-0.023763649241352665	1	False
SGF29	0.05834554933038417	-0.05142677224075731	-0.14746685024752304	0.045050899846664653	-0.023874293327807883	2	False
PTPRK	-0.3869688885826238	0.42797779588329715	-0.0718349984077617	-0.06484958286346197	-0.023918918492637577	1	False
BLM	0.05923544606162	-0.010297567699452007	-0.09238203094381083	-0.0524517009262328	-0.02397396337696891	1	False
RANBP10	-0.09955710316027565	-0.06597495851082166	0.03558764052425984	0.033957662333083276	-0.023996689703438545	2	False
RANBP3	0.030231230095570806	-0.02080910810473078	-0.002121517487037706	-0.10345671877348077	-0.024039028567419612	1	False
TACC1	-0.07620765767897046	-0.030111400798115064	0.008681904587586501	0.0007301468280013784	-0.024226751765374414	2	False
PLEKHM2	-0.065576471408695	-0.08098449304056973	0.10456706730810973	-0.054961468283832075	-0.024238841356246772	1	False
RCC1L	0.07496686169985184	0.09216359966469288	-0.07777895313422573	-0.18668488792329097	-0.02433334492324299	2	False
XPA	0.058295248667374934	-0.019875191201878542	-0.0036939947372688184	-0.13210771600416676	-0.0243454133189848	1	False
NDUFV2	0.09434943164552462	-0.03553214562874821	-0.09093351455645457	-0.06564063508519426	-0.024439215906218104	1	False
LOC100131626	0.07586415874008244	0.039970783548837346	-0.2783350971531804	0.06462308864085207	-0.024469266555852135	3	False
ANKFY1	-0.08750304986001593	0.053251700428261876	-0.013559832122237785	-0.05009838541682004	-0.02447739174270297	1	False
SNHG12	-0.12904547203311856	0.027385072317329135	-0.0482584592189528	0.05193573038846847	-0.024495782136568438	2	False
EDRF1	-0.11204107943692296	0.0035996381919972454	0.007090628353798379	0.003320866872804898	-0.02450748650458061	3	False
SUGCT	0.1026197552544247	0.1373612036312541	-0.17797150265135148	-0.16009820360192864	-0.024522186841900336	2	False
PRKAG1	-0.01849122032307649	0.15771642593830287	-0.12415028889606028	-0.11328006456834573	-0.024551286962294906	1	False
MT-ND5	-0.16747361602228522	0.08689211344763254	0.0053900036124154066	-0.023118953107752256	-0.024577613017497384	2	False
ZNF789	-0.05296683607493236	0.03937214346650701	-0.04565889765701243	-0.039199883825269295	-0.024613368522676767	1	False
CYB5B	-0.0514551836229774	-0.04117850999225006	-0.09548612338907574	0.08919342967326623	-0.02473159683275924	1	False
JAK3	-0.03729676980560813	-0.03817679664805736	0.011372458296463779	-0.035029092521579486	-0.0247825501696953	1	False
MYNN	-0.08772683916988307	0.05347113989753437	-0.020635807427191434	-0.045127948592548484	-0.025004863823022153	1	False
ANKRD13D	-0.0030048361364787618	0.02129108711336495	-0.0743642801381393	-0.044641636578056684	-0.02517991643482745	1	False
ZNF107	0.15723185063260847	-0.009269625928326992	-0.14412504293621275	-0.10456896848019782	-0.025182946678032277	1	False
PRMT7	0.014123424009575454	0.05072342791197914	-0.09549998708415072	-0.0703159819968258	-0.025242279289855483	2	False
LOC100133091	-0.03009618061991541	0.019018760239385243	-0.06252435449259511	-0.027686877327659253	-0.025322163050196134	1	False
STAU1	-0.06675189058087953	0.03386440607688452	-0.05293072279691906	-0.016056725609678982	-0.025468733227648265	1	False
PPCS	-0.13519150564317134	0.0979927676671858	-0.1127730298523486	0.047454132587853304	-0.025629408810120213	2	False
ZC3H13	-0.02494037632837909	0.003230172686587259	-0.03838379471714093	-0.04258775093551981	-0.02567043732361314	1	False
DPP4	-0.03619869732190034	-0.2448649612536964	-0.007091802398929396	0.18519025878618733	-0.02574130054708469	1	False
EIF2AK4	-0.007101227128161691	-0.0022014256008163905	-0.05772625016480774	-0.03594164521878379	-0.025742637028142404	0	True
WSB2	-0.03956066150711929	-0.1639594436324166	0.14690389342052398	-0.04677875737979841	-0.02584874227470258	1	False
SLC30A5	-0.09428143703042889	0.04905825949568447	-0.09946892212845478	0.04064727532123502	-0.02601120608549104	2	False
RAD54B	0.18520454093771582	0.06732145018374645	-0.2652213428484315	-0.09178299215476632	-0.026119585970433887	2	False
DUSP11	-0.1570002029307696	-0.05980421578088481	0.024136195772787552	0.0879605894759994	-0.026176908365716862	2	False
RARG	-0.2394597165510414	0.12846839257528017	-0.047400492305400076	0.05300958554582451	-0.0263455576838342	2	False
TMEM39A	0.0033917166704861734	-0.02588433342453488	0.0006529812503529414	-0.08411301561084478	-0.026488162778635135	2	False
GPAT4	-0.03280956300965797	-0.060000828053914594	0.11560417546072274	-0.1287893408217921	-0.02649888910616048	1	False
ITGB3BP	-0.15770329616567694	0.063848628178066	-0.030468771512186837	0.018303235374256852	-0.026505051031385233	2	False
SLC45A4	-0.06946959350819647	-0.052226658986522075	-0.05216199095131491	0.06772527056612987	-0.026533243219975897	1	False
SBF2-AS1	-0.1543975198291872	0.14593143299233202	-0.038261635260178055	-0.05980775911303552	-0.02663387030251719	1	False
EXOC7	-0.06094701110201793	-0.11765708263548237	0.007780239220556228	0.064089132450789	-0.026683680516538768	2	False
ELMO1-AS1	-0.06837030367621208	0.06959243033278273	-0.10180072647124959	-0.006169233178271519	-0.026686958248237615	1	False
UBE2Q2P2	0.1525215444930549	-0.14159062507976275	-0.13459837982000064	0.0168687723302427	-0.026699672019116445	2	False
WTAP	0.03588697175339647	0.000882608664917198	-0.04613034067736646	-0.09746587624675988	-0.026706659126453168	2	False
USP42	-0.2184306313304065	0.14279834902643615	-0.053813541799115495	0.022609788825735302	-0.026709008819337632	2	False
USP45	0.021075825533401482	0.03686464810493186	-0.1258916776182394	-0.03897620567298186	-0.026731852413221978	2	False
LENG8	0.07716972356875147	0.02968072673553104	-0.15529803687446242	-0.05862364242614824	-0.026767807249082037	2	False
EPB41L2	0.15079143925097846	-0.20672626480789225	-0.005043857833099645	-0.046236879697191736	-0.026803890771801293	1	False
C15orf40	-0.17538595123241046	-0.06207866600405038	0.14554928212311724	-0.015326279145847615	-0.026810403564797802	1	False
PHF10	-0.05212372715783956	-0.079529913044633	-0.12372171770904986	0.14796601397147446	-0.026852335985011994	1	False
ZNF384	-0.26598095293418	0.08181868205906975	-0.046744223870210655	0.12304673689884778	-0.026964939461618282	2	False
ERICH1	-0.037709564934045994	-0.029992047668036297	-0.03738922432703464	-0.0028714272467000664	-0.026990566043954254	0	True
C12orf65	-0.12080375019075969	0.014858404240813599	0.00932655234088687	-0.011835529186768935	-0.02711358069895704	2	False
CUL1	-0.06367566564268089	-0.01252117382829271	-0.014877643344608579	-0.017453037298336235	-0.0271318800284796	0	True
WDR89	-0.009133303445195598	-0.029830053639239094	-0.04945613617527019	-0.02038498433151874	-0.027201119397805906	0	True
IBTK	-0.037309040255124507	-0.06266883272461606	0.04435265577561837	-0.054235434959671126	-0.02746516304094833	1	False
ATP2B1	-0.11420065299003994	0.016306539633983836	0.023845001680729384	-0.035870975524660176	-0.027480021799996725	2	False
GATA3	-0.08649303244510444	0.02227968022530743	0.012557636869920128	-0.05844357699075469	-0.027524823085157895	2	False
COMMD7	0.10118762601961848	0.01666747592476307	-0.14822252235127184	-0.0799311025244727	-0.02757463073284075	2	False
KIAA0753	-0.16635570519919501	-0.11189461855076953	0.13006131281344638	0.037297120374415675	-0.027722972640525624	2	False
FSD1L	-0.02822015875326716	-0.10613632612243307	0.24419122564540022	-0.22140066296431773	-0.027891480548654438	1	False
SEC31B	0.2588959297445613	-0.07002803858790821	-0.3545318493089604	0.053897340169005686	-0.027941654495825405	2	False
UBXN4	-0.06886221114655403	0.010616848747711127	-0.015345758603907567	-0.03823195406206883	-0.02795576876620482	1	False
UIMC1	-0.020351584832279862	0.006115004857401331	-0.015245892746256776	-0.08258133534899761	-0.02801595201753323	1	False
FBXO34	0.09276423822953933	-0.008768110786201657	-0.1802747767909558	-0.0159379789620533	-0.028054157077417857	1	False
LINC01215	-0.05048162544470532	0.10772314144438103	-0.10925961975951864	-0.06032398597834337	-0.028085522434546577	1	False
MRPS9	-0.06801768024208042	-0.028138836555790685	-0.11499822231554725	0.09784490147974535	-0.028327459408418253	1	False
TUBGCP5	0.022658277011615914	0.06148177855456152	-0.11708105921123722	-0.08043729185877593	-0.028344573875958932	2	False
SQSTM1	0.017653704235827294	-0.0029803792133067677	0.06080879245583145	-0.18921819654202143	-0.028434019765917366	2	False
NUP37	-0.04613356581104103	-0.04646051754920994	-0.034569198168915564	0.013378525496474582	-0.028446189008172987	1	False
LARP4B	-0.04623577008383108	0.013059781224523769	-0.09601141390568424	0.01487677475705219	-0.02857765700198484	2	False
EIF4EBP2	-0.17808831818634838	0.10190450987744142	0.03446530691513756	-0.07269401817898889	-0.028603129893189576	2	False
MIOS	0.03074099390513249	0.07689301904568584	-0.16575405854562464	-0.05756428121420583	-0.028921081702253035	2	False
STK40	0.11092998370653767	0.0038269180179873836	-0.12316685146590181	-0.10741356403880174	-0.028955878445044624	2	False
ATG16L1	-0.07977889027904016	-0.07399790348831975	-0.013677791867371456	0.05156035024187275	-0.028973558848214655	1	False
FIP1L1	-0.009275522402009153	-0.08293747667115212	-0.03976244183116625	0.015748351317062814	-0.02905677239681618	1	False
NAXD	0.018618444296456788	-0.08544620300913436	0.051419978032287664	-0.10083848903462188	-0.029061567428752946	2	False
CLN3	0.08162288197624185	-0.1545559352627173	-0.009574484722658302	-0.03374739476067508	-0.029063733192452208	1	False
NPTN	-0.06608292797578416	0.007745069405075967	-0.00898907245694478	-0.04897156895829928	-0.029074624996488063	1	False
CEP97	0.12634646905507999	-0.05313707157972919	-0.23488056114903555	0.04528582340916855	-0.02909633506612905	2	False
SKA2	-0.04692418971794642	0.1195153318857044	-0.11754524939271793	-0.07179149683380255	-0.029186401014690628	1	False
STXBP5	0.008374263681153234	-0.05156114858757081	-0.06238331311496413	-0.011347037819781313	-0.029229308960290756	1	False
SLC35A3	-0.06028817739817437	0.019441515612363278	-0.06797349242922804	-0.008480986001592571	-0.029325285054157924	1	False
TEFM	0.034641679182333275	0.05449898830907517	-0.18756246029118842	-0.0189394379058664	-0.029340307676411593	2	False
C5orf15	-0.1510865326441437	0.09644667191642758	-0.0632315252439513	0.00038205345807399777	-0.029372333128398355	2	False
SMARCAD1	-0.04736598017911768	0.01580882449106356	0.01446060645123074	-0.10058555594970882	-0.029420526296633047	2	False
ZFP64	-0.09483156375026112	-0.03992436300614243	0.042634081183987864	-0.02561613690671885	-0.029434495619783632	1	False
RAB18	0.06759754351966264	-0.047641836104575855	-0.07091436469464546	-0.06690000500707352	-0.02946466557165805	1	False
SAR1B	-0.09339393159541161	-0.028907685699573447	0.07121097772005602	-0.06677618818817135	-0.029466706940775095	1	False
SMARCB1	-0.15391241604012287	-0.02774497776971466	-0.01401650057837912	0.07764507589319207	-0.029507204623756143	1	False
EP400	-0.0908170068656273	-0.035841254696244045	-0.04010774392328939	0.048670020587140456	-0.02952399622450507	1	False
AP2A1	-0.18031916374254858	-0.015042994089253593	0.046732808675446165	0.030505591281925235	-0.029530939468607693	2	False
METTL9	-0.10951760614555778	-0.026376335233974466	0.0049787853343936095	0.012505001379039265	-0.029602538666524847	2	False
DNAJB6	-0.052830130609751336	-0.08012383930850446	0.002766426939529082	0.011521348573844908	-0.029666548601220456	2	False
FAM160B2	-0.01177725984455925	-0.05048085073929202	0.0643444186491325	-0.1207915347240066	-0.02967630666468134	1	False
SEC11A	-0.010494103701006766	-0.0332693865237771	-0.05529182734655248	-0.019749944669654042	-0.029701315560247597	0	True
HAUS3	-0.08841065201006656	0.053849937479678325	-0.014645476705440193	-0.0696005247466601	-0.029701678995622136	1	False
TBCE	0.0260925794534402	-0.05758351518965099	-0.09540667592273828	0.007380576714058534	-0.029879258736222637	2	False
ACYP1	-0.1816618427373354	-0.08603623425580545	-0.007732658317565614	0.15583371651369765	-0.029899254699252198	1	False
GBE1	0.19797703690484955	-0.09268636185076276	-0.22797369015081073	0.002826038383064259	-0.02996424417841492	2	False
DEAF1	-0.10181600431947294	0.08746228942116412	-0.08987106454699746	-0.01669999270069399	-0.030231193036500067	1	False
NBPF8	-0.11277160285769142	0.0151565639898405	-0.09600585587093459	0.07269512953531748	-0.03023144130086701	2	False
GOSR1	-0.05888698401315709	0.03978973326744427	-0.03476585215888426	-0.06729588296636552	-0.03028974646774065	1	False
SEC22B	0.10396588269320702	-0.07563823338247375	-0.07166646901153255	-0.07793828642346091	-0.03031927653106505	1	False
SHPRH	-0.09784664409362398	-0.00827292852689189	-0.07671276200211005	0.06137192254537002	-0.03036510301931398	1	False
WRNIP1	-0.014617092443689505	0.10002900766508464	-0.09467542207442345	-0.11236550104362855	-0.030407251974164214	1	False
MTFMT	-0.1848545750235067	0.0746805440582126	-0.016373003939143548	0.004830958141796354	-0.030429019190660322	2	False
FNBP4	-0.03645531583120363	0.05880704219607642	-0.09274314857663382	-0.051354685044615885	-0.030436526814094228	1	False
TAF15	0.012983294139108793	0.060090363355298215	-0.11054737814102172	-0.08481742548689043	-0.03057278653337629	2	False
C19orf12	-0.01247277254829078	0.048022604914732224	-0.12343139718055922	-0.03490003936380475	-0.03069540104448063	1	False
NARS2	-0.10841292429063597	0.09679578926064789	-0.009558808107405118	-0.10197999836752396	-0.03078898537622929	1	False
LAMP2	-0.031474167702070996	0.000674848611586047	-0.03250403695118119	-0.06107421510450079	-0.031094392786541733	1	False
BRIP1	0.10666385543806815	0.061144334815752106	-0.18777602536796428	-0.1046363188675393	-0.03115103849542083	2	False
OS9	-0.03674278791888327	-0.0035456888281360254	-0.030758268696063813	-0.05404742869004003	-0.03127354353328078	0	True
RUNX2	-0.006882803689006308	-0.0362837344930859	0.00030239259441421074	-0.08282985071593094	-0.031423499075902236	1	False
TMOD3	0.005635185488230933	-0.08116375843134933	0.00497930109761558	-0.05525144651009538	-0.03145017958889955	2	False
HARS2	-0.09150327451558093	-0.042837848015937964	0.007641048527119744	0.0008986897370315826	-0.03145034606684189	2	False
THAP5	0.01975695917580855	-0.13346145057891348	-0.008739599893131547	-0.0034619442154595432	-0.031476508877924005	1	False
RBM45	-0.04993122678148385	-0.0675659365073663	-0.104016987403372	0.09530696230082716	-0.03155179709784874	1	False
FAM185A	-0.0486369969013896	0.028236796902936043	-0.08184042965974805	-0.024193781097807784	-0.03160860268900235	1	False
KAT14	-0.00010891275501629326	0.009286403328541627	-0.1224226931278238	-0.013652296449054642	-0.03172437475083828	1	False
SOCS7	-0.05491701482593575	-0.037940131723488583	0.02505740950591592	-0.059116037371440666	-0.03172894360373727	1	False
SPAG1	-0.047540760110545484	0.05891424259905179	-0.12466166978537807	-0.013652296449054642	-0.0317351209364816	1	False
DNM1L	0.023258732481450186	-0.058911688510938004	-0.060942033231064514	-0.030581279327989205	-0.03179406714713538	1	False
ERN1	0.18742817731608258	-0.09482512551452532	-0.12482697269462104	-0.09496154883795631	-0.03179636743275502	1	False
DNAJC3	0.11781417606971442	-0.09230050710595142	-0.07184574923079369	-0.0811293513615781	-0.0318653579071522	1	False
PATL1	-0.09793847823314537	0.07008404179126056	-0.07324858927940522	-0.026390610353534995	-0.03187340901870626	1	False
ZNF268	-0.0932561896117136	-0.05045720070826163	0.07473554103748414	-0.05853967961480422	-0.03187938222432383	1	False
CCDC57	-0.07890023352472486	0.06543425574888387	-0.0720744421934573	-0.04243951703482769	-0.03199498425103149	1	False
PDXDC1	-0.03416594214529119	-0.012536489197140167	0.007339734674152681	-0.08916428568487061	-0.032131745588287325	1	False
ECT2	0.17406317513793818	-0.2857954481801516	-0.09217839376394114	0.07531379212392975	-0.032149218670556215	2	False
PPP1R15A	-0.08149535197981678	-0.06772729422294409	0.05923468050854107	-0.03862784668291427	-0.03215395309428352	1	False
ZBTB11	-0.08092660526231099	-0.020572828279968623	0.01787723718299328	-0.04507190520813886	-0.0321735253918563	1	False
GNPTG	-0.05874981376861713	-0.03714115941756599	-0.1390358903296621	0.10591231192063397	-0.03225363789880281	1	False
IDE	0.039228133000274404	-0.03357066792190901	-0.09606232944277851	-0.03868100480745022	-0.03227146729296583	1	False
KIAA1586	-0.15430427111854952	0.15085938366758622	-0.03327279699205508	-0.0925328656514968	-0.0323126375236288	1	False
PPIL4	-0.128012306283435	0.03370303855993085	-0.07997373373856768	0.04487980155074074	-0.03235079997783277	2	False
RHOH	0.058833807331502064	0.0008659799956893657	-0.013743277357669224	-0.176254895251959	-0.0325745963206092	2	False
GTF3C4	-0.11263444473287135	0.014060363489719238	0.021296076793301203	-0.05339567630590454	-0.03266842018893886	2	False
NEMP1	0.059862807604845185	0.08232530902678435	-0.25312351705479025	-0.020167069499663886	-0.03277561748070615	2	False
FNDC3A	-0.09855283676743849	-0.0005336820500823323	-0.02385037651667195	-0.009290018056027373	-0.033056728347555034	0	True
SUCLA2	-0.060569773351747146	0.05953358867543538	-0.032326299281527054	-0.09912293788081046	-0.03312135545966232	1	False
PTGER4	-0.11899665366546508	0.02819259823928922	-0.10860048674015607	0.06673023652098085	-0.033168576411337775	2	False
METTL3	-0.08680143691459716	0.06817751297072451	-0.13070529560236005	0.016262043311173882	-0.033266794058764704	2	False
BTLA	-0.05649851808991029	0.11477528186766081	-0.15153428861864965	-0.03989633407029794	-0.03328846472779927	1	False
GABPB1	-0.028968916906264713	-0.07247309172137359	-0.11037592113852362	0.07865732612489675	-0.0332901509103163	1	False
POLK	0.013796817666800111	-0.08131697402520173	-0.013689083278934155	-0.05229276072262255	-0.03337550008998958	1	False
TRIM26	0.05862403423581705	-0.0959269764934959	0.020289059761180176	-0.11662279030789803	-0.033409168201099175	2	False
PAX8-AS1	0.051051173898269346	0.05088541018135545	-0.2218754748273535	-0.013906484385740226	-0.03346134378336723	2	False
FTCDNL1	-0.14750110567441044	0.12870030287855724	0.023745696213503188	-0.1388053288906162	-0.03346510886824155	2	False
ANKDD1A	0.010784024654386116	-0.044774241496529796	-0.15905861050255155	0.059107305965488986	-0.03348538034480156	2	False
VMP1	-0.008367600548895427	0.06379640060239967	-0.14761874109414905	-0.04196599603659129	-0.03353898426930902	1	False
SPTLC1	-0.10162252901582196	0.07481551294847569	-0.12828918114674487	0.020804221401091637	-0.03357299395324987	2	False
UBE2K	-0.0025678607428850364	-0.012927431225405765	-0.05668466539896956	-0.06277684146603457	-0.03373919970832373	0	True
PCYOX1	-0.009187781665785356	0.028959877121074423	-0.09209413550010954	-0.06267118026832477	-0.033748305078286314	1	False
EPN2	0.07139131411487064	-0.03527309282294347	-0.0645726454781992	-0.10709470805077634	-0.03388728305926209	1	False
NAA25	-0.09664011721340135	0.06254150745986355	-0.07086306535603651	-0.030846324261768174	-0.033951999842835624	1	False
R3HDM1	-0.038113004454141786	0.026205834239961267	-0.02681251424319251	-0.09723507190017205	-0.03398868908938627	1	False
CRY1	-0.060126812724174174	-0.04550256236774308	0.05194629415469228	-0.08228743089591423	-0.033992627958284796	1	False
ADCY7	0.019826286147649863	-0.1514150913337074	0.055534183659441676	-0.05992750645146631	-0.03399553199452054	2	False
WASHC5	0.059996698215483715	-0.020391820834650656	-0.09501901091516567	-0.0809025712896291	-0.03407917620599043	1	False
SREK1	0.019910535391900946	-0.09729505655899247	-0.07063763573106131	0.011460276381507581	-0.03414047012916131	2	False
SLC9A6	0.026708321529777618	-0.039604804988207995	-0.07511934497028792	-0.04858452209379927	-0.03415008763062939	1	False
MINK1	-0.022374302856669963	-0.015651332600905017	0.013728667879364978	-0.11249930177176276	-0.03419906733749319	1	False
MCTP2	0.17696864511987412	-0.15779024099578592	-0.03480245199079347	-0.12129214609753741	-0.034229048491060676	1	False
DR1	-0.1022179997333588	0.11318793037985185	-0.020151740783931945	-0.12775346606720223	-0.034233819051160276	1	False
SVIP	-0.18568147971888452	0.05824405599096184	0.029267332920637962	-0.038816139733127385	-0.03424655763510302	2	False
ZNF626	-0.034622784837182376	-0.0387878943563346	-0.024998577818570247	-0.038997118122376426	-0.03435159378361591	0	True
PPIEL	-0.1743332225262287	-0.0580007268233825	0.08615701957497406	0.008713250269715141	-0.0343659198762305	2	False
ARHGAP17	0.0628845111096784	-0.03924748635750742	-0.0493277413168567	-0.1119480582974183	-0.034409693715526005	1	False
WAC-AS1	0.18208724635858445	-0.09797148891095836	-0.03056589690780563	-0.1924287235009261	-0.03471971574027641	1	False
ZNF519	-0.10755509453547545	0.21980863486423127	-0.1696031851878093	-0.08159688259387793	-0.03473663186323285	1	False
CYRIB	-0.029466028133222192	-0.08400881092326175	0.018200302013097067	-0.043747536724470265	-0.034755518441964284	1	False
ADAM22	0.06758828969767437	0.0711850133122464	-0.18369085454093714	-0.09469628251729827	-0.034903458512078656	2	False
ZSCAN25	0.12150536050065532	0.07667473836144396	-0.18332057741510538	-0.15461662819097727	-0.03493927668599584	2	False
ACSL1	0.047001045756411286	-0.03554684671895054	-0.14951064384585175	-0.0020871112573569764	-0.03503588901643699	1	False
GOLGA1	0.061904932929663835	-0.073032493978947	0.02721019274603788	-0.15627214493232425	-0.03504737830889238	2	False
MAGT1	0.08980364408961994	-0.024912118570322894	-0.09385234842480435	-0.11123792948321352	-0.035049688097180204	1	False
TMEM243	0.014651565770309675	-0.03088155716169187	-0.03698666587813906	-0.08754472894858703	-0.035190346554527074	1	False
MVK	-0.10655737188800325	0.09924701935673298	-0.031953842780374685	-0.10155380873907337	-0.03520450101267958	1	False
ATF6B	-0.04730916675620131	0.11481770795057877	-0.18575119250433733	-0.022590842992522068	-0.03520837357562048	1	False
ACSF3	-0.13829271544419186	0.06574129482489682	-0.038864230114282194	-0.029532419867389224	-0.03523701765024161	1	False
GTF2E1	-0.13689837278865954	0.018813626847949988	-0.05307338419192136	0.02963325308343517	-0.03538121926229894	2	False
PIK3R4	0.02006408372005358	-0.05899660177690747	-0.10465324875607687	0.0016926289141050448	-0.035473284474706435	2	False
TTTY14	0.03974173804196822	0.325717821888971	-0.24092605428750546	-0.26643547591678496	-0.03547549256833779	2	False
UBE2Z	-0.0993246245247212	-0.048294078458041595	-0.0029744874184400093	0.008424323644559924	-0.03554221668916072	1	False
ERP44	0.0036195177702780905	-0.025987700176930882	-0.07664770423278139	-0.04345156159976003	-0.035616862059798554	1	False
WRAP73	0.024121527799334845	-0.009972817324279813	-0.029379372019444735	-0.12765304351661017	-0.03572092626524997	1	False
SLC35D1	-0.08275338182821679	0.008475929522241167	-0.06364247956538868	-0.005037086254030348	-0.035739254531348665	1	False
TMX2-CTNND1	-0.12825014260239279	0.24468464572828133	-0.08627870534984161	-0.17378217790615375	-0.0359065950325267	1	False
FBXO28	0.10664156414735684	-0.13359529495990577	-0.07871836511485658	-0.03838404898877119	-0.03601403622904417	1	False
ELP2	-0.023083753536518623	-0.07824007225633618	0.00489316675836676	-0.04772055310984685	-0.036037803036083726	1	False
PPP4R3B	-0.02335696716140856	-0.026445600886702003	-0.05099475751434799	-0.043962172642435134	-0.03618987455122342	0	True
PRKCH	0.14467802340362879	0.022612073395766923	-0.16632548829404803	-0.14702652219966666	-0.036515478423579745	2	False
MPRIP	-0.05063884229083218	-0.052751085050462505	0.0057609972239732795	-0.04845512989947629	-0.03652101500419942	1	False
NEMF	0.04171858334405753	-0.07856007422636171	0.04369908549455368	-0.15311417512539932	-0.036564145128287456	2	False
POC5	-0.11551679373836202	-0.08561046358913776	0.05705227327911422	-0.0024675899739759924	-0.03663564350559039	1	False
MDM2	-0.0188217482314349	-0.11437263603528648	-0.03228015670988116	0.018277053340167507	-0.03679937190910876	1	False
EIPR1	0.007905414519358485	0.016873341580002813	-0.06823945391661673	-0.1041080047686709	-0.03689217564648158	2	False
ZNF398	-0.12615438050566605	0.02754767640720749	-0.06451288884629168	0.015348070271418138	-0.03694288066833303	2	False
AGGF1	-0.07313482433547834	-0.005415221264185996	0.0015073397662422458	-0.07093035162518448	-0.03699326436465164	1	False
ALG8	-0.16327238311816833	0.18907265790390204	-0.12204965925533989	-0.05173591201358524	-0.036996324120797855	1	False
TTC37	-0.043747111068838	-0.03226888902835507	-0.024328545955122606	-0.04804704241224031	-0.037097897116139	0	True
NOTCH2	-0.08804432697366474	-0.014992490248077922	0.04857731241928049	-0.09425253157651949	-0.03717800909474541	1	False
ZFYVE9	-0.10795168600054042	0.09700240822559225	-0.07909372694781634	-0.058865224218134865	-0.03722705723522485	1	False
TRAK1	0.09248764117316355	-0.1176042002099794	-0.06126838664356519	-0.06276143957733699	-0.03728659631442951	1	False
VPS4B	-0.09056290289386441	-0.02393746997914485	-0.04738911706982766	0.012571683223634528	-0.0373294516798006	1	False
TNFRSF14	-0.06290552756756235	-0.03712704177213728	0.02337203367227148	-0.0726592137039947	-0.03732993734285571	1	False
ZNF512	0.011514056637538118	-0.07721042657626771	-0.0314089038149393	-0.052541014215675655	-0.037411571992336135	1	False
LRBA	0.010349506970885618	-0.07623432783311816	-0.08680055681196648	0.0027573183777275215	-0.03748201482411788	2	False
GOSR2	-0.04293614852682625	-0.031447939901432145	-0.11731546250555722	0.041555776635516455	-0.037535943574574786	1	False
CREM	-0.06793857646597438	0.07788044748289971	-0.04980370454888906	-0.11037268649895188	-0.0375586300077289	1	False
BOD1L1	-0.11954145020666364	-0.07311556294228307	0.06134893358034351	-0.019085035973905345	-0.03759827888562713	1	False
PDS5A	-0.10216950420542678	0.012190144591662703	-0.03597821048613801	-0.024548349093520622	-0.03762647979835568	1	False
PPTC7	0.0012207452290355506	-0.04869815980579006	-0.04877366211556454	-0.05447605800543408	-0.03768178367443828	1	False
OIP5-AS1	0.0011114789247022776	-0.08727899870016272	-0.05636934401672192	-0.00854644001505159	-0.03777082595180849	1	False
CDC37L1	-0.010598945971456476	-0.0665579079938108	0.08930287985358062	-0.16393805684332027	-0.03794800773875173	1	False
HIKESHI	-0.0320890711958088	-0.10278898721472343	0.04847691319591089	-0.0658686532231284	-0.03806744960943744	1	False
TRMT13	-0.11821282838733287	0.012636482793061128	-0.0031904265660570455	-0.04355340340832158	-0.03808004389216259	1	False
FEZ2	0.006596898916896719	0.03280839263672934	-0.1725778348254588	-0.019209151276585654	-0.0380954236371046	2	False
MAP4K3	-0.007603354448861461	-0.05509336399934464	-0.0018792205618821756	-0.08783039205547091	-0.038101582766389794	0	True
FBXO22	-0.04797089418309768	0.03909353298153283	-0.06032834619911491	-0.08364613010379464	-0.0382129593761186	1	False
ORC2	-0.025836556637015878	0.07079064071227549	-0.057699947174858296	-0.14014916731776988	-0.03822375760434214	1	False
CTCF	-0.07538323954110145	-0.037960837050301684	-0.002544459189759423	-0.03708673827043522	-0.038243818512899444	0	True
ITGAE	0.01410672801935958	-0.0271681132943919	-0.14977875606062838	0.009772938929642719	-0.03826680060150449	2	False
PHYKPL	-0.0055725672692654655	-0.06269476784668694	-0.009561259682266829	-0.07548881710123766	-0.03832935297486423	0	True
SMG7	-0.14800401371260746	0.04667242841070342	-0.05597298285637718	0.003814746532420284	-0.038372455406465236	2	False
ARFGAP3	-0.09237140747515885	-0.1908345110771948	0.027445792661408196	0.10199392274463225	-0.03844155078657831	2	False
CSRNP2	-0.07629917211658273	0.14208541555377482	0.021780801623511176	-0.24154270852569373	-0.03849391586624762	2	False
WNK1	0.020504756391401313	-0.053776180353540086	-0.052588634773736764	-0.06816013205568057	-0.038505047697889025	1	False
FRMD4B	0.12121180089032961	0.016218827366795634	-0.06032530767565264	-0.231294697889847	-0.0385473443270936	2	False
SGSM3	-0.02398749538392061	-0.030712117581077548	0.016758362030990733	-0.1164695540837402	-0.038602701254436905	1	False
MT-RNR1	-0.06353594383774532	-0.0033786476917635963	-0.04647171233476798	-0.04115677925123312	-0.038635770778877504	0	True
CCDC82	0.22659245527252886	-0.16467158466524326	-0.061912779410640155	-0.1548504261972924	-0.03871058375016174	1	False
PPP2R5D	-0.06141086104393574	-0.06644303970591199	-0.07471934191499224	0.04762946646397885	-0.038735944050215285	1	False
FAM204A	0.019196560877849194	-0.05499211962291194	0.00986520725247347	-0.12918764946025788	-0.03877950023821179	2	False
ZDHHC6	0.04871211982747771	-0.14816392073027526	-0.059157604579784986	0.0033914089823393954	-0.03880449912506079	2	False
FAM118A	0.05852038924411283	0.01762356227809202	-0.023763206832486155	-0.20768916536722487	-0.03882710516937654	2	False
BTAF1	-0.04035823307339661	0.00010232810780371078	-0.0675937669221228	-0.04784355164122025	-0.038923305882233986	1	False
MOB1B	0.0030093786069735674	-0.11158419135954456	-0.10365765251522004	0.056051938013104916	-0.03904513181367153	2	False
PLXNC1	-0.16190681455099867	-0.06568181419034487	0.03680720584456866	0.03432337319656121	-0.03911451242505343	2	False
RBPJ	-0.013264068144565204	-0.021028753781188042	-0.040450606267485784	-0.08186998015803978	-0.039153352087819705	0	True
ZBTB8OS	-0.00028056068001401863	-0.014603412331382216	0.014567311147669655	-0.156318679825408	-0.03915883542228365	1	False
ILKAP	-0.11622100751794484	0.017373534799869198	-0.022911446597630558	-0.03496117389275586	-0.039180023302115514	1	False
GOLGA7	-0.08023749489026939	-0.07873434163858826	0.09331905438128868	-0.09124344325901755	-0.039224056351646636	1	False
TADA2A	-0.1475029339827919	0.09456409672095947	-0.0889645228573232	-0.015898428676245666	-0.039450447198850325	1	False
GTF3C3	-0.13941229394136728	0.035648662951616006	-0.028055760141195624	-0.026037546467460367	-0.03946423439960182	1	False
ATG12	-0.04761692904505778	-0.05383147558779851	-0.042854371460743876	-0.013825361675273882	-0.039532034442218505	0	True
ZFYVE27	-0.17004021547653214	0.02124474200942694	-0.02748121990348006	0.01775689573370358	-0.03962994940922042	2	False
FAM118B	-0.09752914834122532	-0.07950443006530311	-0.11619202191495392	0.13436755420598073	-0.03971451152887541	1	False
PHLPP2	-0.09115524123744134	-0.06202462284183609	-0.07717731248129475	0.07111420712976882	-0.03981074235770084	1	False
FANCM	0.09559124522139724	-0.028014177432004187	-0.15683126556213295	-0.0700677163471634	-0.03983047852997582	1	False
RNF14	-0.09102401780559627	-0.07998149440682295	-0.02934893640983958	0.04100747034927739	-0.03983674456824535	1	False
STK17B	0.07084240208926669	-0.09568393229906054	-0.026454341611606123	-0.10842969669936071	-0.039931392130190174	1	False
LINC00486	-0.05101505312569653	-0.021935325667425273	-0.06701744400490284	-0.019956128080448263	-0.03998098771961822	0	True
ZCCHC2	-0.15213004472318126	0.0005713380332861514	-0.0250893339946944	0.01626884054075957	-0.04009480003595749	2	False
SIMC1	0.12690665828170752	-0.09876083157814511	-0.133242793663711	-0.05570383636652464	-0.04020020083166831	1	False
MSH3	0.04755054736632152	0.0058318734819346645	-0.14103033026127154	-0.07319978951840042	-0.04021192473285394	2	False
USP13	0.006530426715889249	0.04490910406614407	-0.15455141905773925	-0.05790244226265286	-0.0402535826345897	2	False
NEAT1	0.23511425757658816	-0.025995475028502055	-0.15441567892246377	-0.216000198204251	-0.04032427364465717	1	False
WARS2	-0.053058933007732824	-0.0547742708117457	0.027288773911924653	-0.08077012498622313	-0.04032863872344425	1	False
GGA1	0.12292181119762224	-0.013435941336086145	-0.1572761584948768	-0.11383609442104228	-0.040406595763595746	1	False
SLC12A2	-0.16579615208701157	-0.029151314745208722	0.004770503685206104	0.02813238486210022	-0.040511144571228494	2	False
H1-4	0.06502301409074339	-0.03057952364252328	-0.045352085131926616	-0.15117625618559513	-0.04052121271732541	1	False
WDR59	0.02641928111315268	-0.06351473771281484	-0.04289002488176054	-0.08247875660893247	-0.04061605952258879	1	False
ERI3	0.051830837005070525	0.0232636442187696	-0.07664784215522158	-0.16097147866860265	-0.040631209899996024	2	False
BICDL1	0.11240588924301213	0.05823136711731922	-0.2054252483949224	-0.12820136038871996	-0.04074733810582775	2	False
LOC100287497	0.11735075542229514	-0.03237234720221128	-0.12340687141884488	-0.12474998861165083	-0.04079461295260296	1	False
GTF2E2	-0.08688123793259803	0.07453988912762043	-0.08147022736006826	-0.0695563508132067	-0.04084198174456314	1	False
ZBTB24	-0.09464765821280205	-0.006462105161091616	-0.009486609548512397	-0.05292265539076481	-0.04087975707829272	0	True
GPALPP1	-0.12432989314619271	0.005177379320559948	0.012342795234844224	-0.05689641969885667	-0.0409265345724113	2	False
ZNF577	-0.037144528945810454	0.14875308545983787	-0.07750670329492783	-0.19791155411645614	-0.04095242522433914	1	False
GALNT11	-0.06437429482178743	-0.0042405425435391554	-0.05711861597956545	-0.03846502295855737	-0.04104961907586235	0	True
LUC7L	-0.05867762393236016	0.006391425746329319	-0.04430798550565114	-0.06771446151201502	-0.04107716130092425	1	False
HPS5	-0.02286066203213456	-0.0614191262168331	-0.003604387666447355	-0.07648512618704287	-0.04109232552561447	0	True
SMG1P3	-0.029295234230909354	0.0593337152088864	-0.021870118762265967	-0.17261438388735412	-0.04111150541791076	1	False
YY1AP1	-0.027220884172673106	-0.07400471857833447	0.05697175341661762	-0.1202702367137368	-0.04113102151203169	1	False
GTF3C1	-0.1668481756930145	0.12277145091890748	-0.1386475549516252	0.017990098320641863	-0.04118354535127259	2	False
RMC1	-0.051485695759157936	-0.06415421873455987	-0.05435821154650125	0.005260403898783834	-0.04118443053535881	1	False
BMS1P2	0.011332530918052851	0.01738850269289519	-0.11393418862470271	-0.07953921864779942	-0.041188093415388524	2	False
NFATC3	0.003374990513036864	0.015545095311801272	-0.0665050905707847	-0.11730485431179535	-0.04122246476443548	2	False
TRAF5	0.06770036970347247	-0.07560745123055379	-0.16646989223327974	0.009445519539382689	-0.04123286355524459	2	False
SAE1	-0.06124450823611938	0.02837124689318714	-0.06368543523673506	-0.06856092152183602	-0.04127990452537583	1	False
DTWD1	0.04948206606414641	-0.09492299652478173	-0.06412076141431919	-0.055693166865796916	-0.04131371468518786	1	False
DMAC2L	-0.04354041846779372	-0.11838960186881825	0.05510770063738812	-0.058522143626032204	-0.04133611583131401	1	False
FAN1	-0.10207236575293906	0.03579177201982205	-0.04571005636949882	-0.05359313732091819	-0.041395946855883506	1	False
SLC35B4	-0.17347024149900425	0.013267083124931139	-0.07717731248129475	0.07139176218915803	-0.04149717716655246	2	False
NCKAP1	0.07069653229329635	-0.14521671177323056	-0.036414876577170525	-0.05523833347222182	-0.04154334738233164	1	False
METTL21A	0.05000393407817566	0.1285175265610193	-0.17456969539437092	-0.17015962401868626	-0.04155196469346555	2	False
ALG11	-0.1946498889414331	-0.10465316714365887	0.08769734722355989	0.04528582340916855	-0.041579971363090884	2	False
UBE2R2	-0.034407126593669374	0.014715319901388546	-0.14499935711237227	-0.0018307300020277439	-0.04163047345167021	1	False
ACOX3	0.23006668321127052	-0.16488123222454887	-0.08390087888807007	-0.14804803298093222	-0.04169086522057016	1	False
SPICE1	0.059543500754617944	-0.1506002008071629	-0.02385977180621726	-0.05193277906088548	-0.041712312729911924	1	False
FAM177A1	-0.05068121912164661	-0.06569858925262477	0.0956549860810508	-0.1462687863564623	-0.04174840216242072	1	False
BRD4	-0.04339165141176785	-0.042765611809181814	-0.004061400445976797	-0.07680603159945618	-0.04175617381659566	0	True
UBE2D2	-0.007760222692858533	-0.05109250625863557	-0.01722402572658652	-0.09180643797460622	-0.04197079816317171	0	True
MT-RNR2	-0.11896270547925551	0.05309391148314754	-0.06307542661817525	-0.03909598625473842	-0.042010051717255414	1	False
SERPINB8	0.1269550740688406	-0.11713540172823626	-0.04763732721822784	-0.1302842111923157	-0.0420254665174848	1	False
VAC14	-0.0920870685110108	-0.03571085845266236	0.012346888124122136	-0.05267523504543947	-0.04203156847124762	1	False
MCU	-0.05942168454274562	0.033712806622720595	-0.07610319033604875	-0.0666932110463827	-0.04212631982561412	1	False
BABAM2	0.1495294450297553	-0.04664190750693171	-0.14049034496026433	-0.13101136045796055	-0.04215354197385032	1	False
MTF2	0.03755540284484698	-0.08271872566359527	-0.027336102962436163	-0.09640316227273511	-0.04222564701347989	1	False
CLEC2D	0.04622778854819943	-0.03368167150593897	-0.12112033970341911	-0.060359466167982545	-0.0422334222072853	1	False
MIS18BP1	0.04310322202362148	-0.0564861089638591	-0.09158137875352784	-0.06420812349943808	-0.042293097298300886	1	False
SCRN3	-0.019651336068546413	-0.038718163790259025	-0.09939638575061396	-0.011415457473751422	-0.042295335770792704	0	True
CD47	-0.0053645593472479575	0.014091156565805393	-0.1115120691523023	-0.06643493043025447	-0.04230510059099983	1	False
DPH5	-0.09813884783036944	0.060106252624069996	-0.06681869092198066	-0.06448669756721266	-0.042334495923873186	1	False
SLC66A2	-0.07948119598400864	0.004701274498260901	-0.02015858711918479	-0.07458710725631625	-0.042381403965312196	1	False
MASTL	-0.02082446380272943	0.005665952425343806	-0.09896536735881103	-0.0555307166032263	-0.04241364883485574	1	False
RASA3	0.24926909644941236	-0.0051789434225768035	-0.3052347848460132	-0.10863315035312276	-0.042444445543075096	1	False
SLC25A26	-0.11308274112541342	0.01164696211574223	-0.11033036326609902	0.04166203280952757	-0.04252602736656066	2	False
GNPAT	0.02817277554940642	-0.08386868090579842	-0.10041563271336232	-0.014113303784456608	-0.04255621046355273	1	False
ERCC8	-0.08488451838595269	0.08629121378724297	-0.1394343535115817	-0.03231289648511759	-0.04258513864885226	1	False
RNF216	-0.0871772434907183	0.03046289136965949	-0.03711961512193555	-0.0768480952706546	-0.042670515628412245	1	False
SLAIN1	0.03227732478039207	0.04208852473691807	-0.019721883161229824	-0.225387232730561	-0.04268581659362017	2	False
VPS26B	-0.08329602508717368	-0.0705948536384326	-0.1345279025954043	0.11718205453119644	-0.04280918169745353	1	False
SDHA	-0.04076801684030284	-0.03174980588116649	-0.08549448578744441	-0.013404198130372	-0.04285412665982143	0	True
APOL2	-0.1368693430146617	-0.0482788106134434	0.08329581352094652	-0.06974100875956211	-0.042898337216680175	1	False
MRPS31P5	0.10510023376647037	0.02588054993279915	-0.17329598131349455	-0.12930465127559224	-0.04290496222245432	2	False
COA1	-0.037797807668377606	-0.018031716453777127	-0.0759353045756353	-0.03996155061028996	-0.042931594827020005	0	True
NDEL1	-0.02008080503172952	0.028188016238208075	-0.11051062685899471	-0.07015535843194273	-0.04313969352111472	1	False
TADA1	-0.0765940426375671	-0.05757035975997401	-0.010154004577177684	-0.028374896304703218	-0.0431733258198555	0	True
CAPZB	-0.02654764290697194	-0.052025654564437966	0.004830384373108697	-0.09897135238608476	-0.04317856637109649	1	False
LCLAT1	0.08662673047314613	-0.08703920895788946	-0.06177171383867517	-0.1108524316309288	-0.043259155988586824	1	False
CD46	-0.0001802677975833763	-0.0955661616393067	-0.0530011668647852	-0.024373673580697648	-0.04328031747059323	0	True
CSNK1A1	-0.03846243462985576	-0.008206062313229325	-0.052335008046143654	-0.07423996737951645	-0.0433108680921863	0	True
NPIPB11	0.03223445210569949	-0.01753510562428767	-0.16505060438983685	-0.02317305288580823	-0.04338107769855831	1	False
PUM1	-0.031135222207500993	-0.0187179188604299	-0.11226628755501702	-0.011464509061136918	-0.04339598442102121	0	True
SPAG9	0.020807299288195177	-0.09897929085463762	-0.05375594208212125	-0.04179459978140283	-0.04343063335749163	1	False
RNF216P1	-0.08162794366507019	0.04544274869154296	-0.07444133666104787	-0.06326986108750812	-0.0434740981805208	1	False
ETS2	-0.11625856535864156	0.1631235213239525	-0.18918176704919448	-0.03164633774501012	-0.04349078720722342	1	False
MARCHF6	0.019623533411435697	-0.013032113490625948	-0.07581909315764632	-0.1050193749684039	-0.04356176205131011	1	False
USP38	-0.18365804441496375	0.005895740789003622	-0.03283874039497863	0.035581161138559775	-0.04375497072059475	2	False
ZC3H11A	-0.03435289547487319	-0.08649669814521019	-0.025426349291105575	-0.029012468151682298	-0.04382210276571781	0	True
REL	0.01647931713234523	-0.13242173012977748	0.00932602282465114	-0.06895363057799703	-0.04389250518769454	2	False
SDHAF2	0.05123600358932198	0.05305594389436233	-0.077133843097564	-0.2029670545538008	-0.043952237541920125	2	False
CWF19L1	0.14426416450646012	-0.0081769526437351	-0.25519426762328357	-0.05671953917228847	-0.043956648733211756	1	False
EIF2AK2	-0.09351074893064941	-0.1328660120019858	0.09711987524207395	-0.04714490751423899	-0.044100448301200065	1	False
GOLGA5	-0.2772829131706626	0.03704812644983407	0.057389193968324356	0.006124484825368363	-0.04418027698178395	3	False
AGPAT3	-0.24231642207077028	0.006046658972833396	0.058312666970322606	0.001004461501247858	-0.0442381586565916	3	False
FAM160B1	0.09929525389754484	-0.16093721962789348	0.02588533108727758	-0.14132563250308813	-0.044270566786539796	2	False
INTS9	-0.018042049259015536	-0.12391758824390586	0.0002658889420193462	-0.03556919447183023	-0.044315735758183074	1	False
EEF1AKMT2	-0.12891606590661975	0.09148232417188454	-0.1283077201868127	-0.011570330373129168	-0.044327948073669264	1	False
PAIP2	0.04400461576097897	-0.1208925889691013	-0.02392248065562933	-0.07688132935631076	-0.0444229458050156	1	False
ZNF510	0.1781354101976505	-0.1057990922008164	-0.02049356091271682	-0.22954548862442928	-0.044425682885078	1	False
MARK2	-0.09267718998132406	-0.10901222992207259	0.03183095326147371	-0.008606438854117148	-0.044616226374010026	1	False
PEX2	0.04102529070934783	-0.07907642362236873	-0.0751256107151395	-0.06555613505699037	-0.044683219671287695	1	False
HIBCH	0.029747164040679484	-0.10971973306592839	-0.08927540791918985	-0.009570220116688299	-0.044704549265281765	1	False
WARS1	-0.13997604710604494	0.09081365242517235	-0.024712743553204478	-0.10494918507824316	-0.04470608082808006	1	False
TNRC18	0.04505917684681089	0.06091339467533845	-0.13985842972253004	-0.14499008251405493	-0.04471898517860891	2	False
PDE4B	0.07649235397601746	-0.1780603014280621	-0.05471142998960053	-0.02262311927902633	-0.04472562418016787	1	False
ARID1A	-0.08192520749637394	0.022186485186188345	-0.056337854014050455	-0.06303940278994484	-0.04477899477854522	1	False
UHRF1BP1L	0.01892575481528919	-0.04471919856096708	-0.04326287436264088	-0.11110776552107876	-0.045041020907349384	1	False
C17orf80	-0.41833043511826495	0.1114541059967473	0.07562501694152558	0.050969407348851935	-0.04507047620778503	3	False
ZFR	-0.03427859094245803	-0.07093034761438323	-0.0315062999890037	-0.043622185890930205	-0.04508435610919379	0	True
DNHD1	0.13087832282008846	-0.16975962780717008	-0.1875955655370222	0.0460235945082081	-0.04511331900397393	2	False
ENPP4	-0.2533879970657117	0.05610683480038506	0.014162480060486593	0.002278530701765422	-0.045210037875768654	3	False
ARRDC2	-0.00576201111100136	0.07885952149970007	-0.06393308718025845	-0.1905143524464923	-0.04533748230951301	1	False
ADGRA3	-0.3330590928072438	0.39437889483146127	-0.2453932541836767	0.0025178215356394438	-0.045388907655954935	2	False
IGBP1	-0.09478915719408375	-0.055843872672455	-0.09490724298539642	0.063323095110086	-0.0455542944354623	1	False
USP12-AS1	-0.0798996297237841	0.05073551867894452	-0.10205712932464761	-0.05105061844145071	-0.04556796470273447	1	False
ASAH1	-0.10992549710374823	-0.06453064682767987	-0.008190011869803381	0.00017074466874434708	-0.04561885278312179	1	False
PRKCE	0.15686515869469825	-0.12136355036295551	-0.13393958471747083	-0.08434832461284382	-0.045696575249642976	1	False
PDE8A	0.07488395985324912	0.013542992449494137	-0.10339194218987593	-0.16789327938979604	-0.04571456731923218	2	False
GIGYF1	-0.043407421506025126	0.06901075584103179	-0.13480772498466964	-0.07449622085201177	-0.045925152875418686	1	False
C11orf54	0.011029420969288883	0.027913954582839746	-0.1010980096085535	-0.12169135126526474	-0.0459614963304224	2	False
POLR3C	-0.03859967472126596	0.11710698172279325	-0.2285533753269355	-0.033844972024852475	-0.04597276008756517	1	False
TMEM242	-0.03624923715783623	-0.02209965414488796	-0.02015979153956368	-0.10616978706993604	-0.04616961747805598	0	True
PAPOLA	-0.0830174801517296	-0.03159424767849135	-0.07816529240306756	0.008048453080262979	-0.04618214178825639	1	False
SPIDR	-0.09383175225213418	0.004220931889836225	-0.00880957427944371	-0.08636401559887381	-0.04619610256015387	1	False
DYNC1LI2	-0.1350580400578466	0.03848064893096487	-0.044561582366622936	-0.0446822999349059	-0.04645531835710265	1	False
TTC26	-0.23815907248091825	0.07937248236531984	-0.018496337940507396	-0.008869432467432992	-0.0465380901308847	1	False
ANKRD17	-0.07857916564141987	-0.017677290353276465	-0.0477760450797349	-0.04213104460305672	-0.046540886419371985	0	True
TRNAU1AP	-0.05530481810073612	-0.05565981203774478	-0.1387426716962185	0.06351270044127322	-0.04654865034835655	1	False
CFDP1	0.017889263736653293	-0.05228696503724232	-0.06537797170381342	-0.08653272251304277	-0.0465770988793613	1	False
ARPC1A	0.010997717031629503	0.004583623479814688	-0.10901259617415507	-0.09291389708547125	-0.046586288187045535	2	False
LIMA1	0.11048308610629229	-0.01608704822212931	-0.14926129094789262	-0.13164719700704902	-0.046628112517694664	1	False
CYFIP2	0.19945337938276192	-0.07089949832343957	-0.17896229821414347	-0.13629148338077235	-0.046674975133898365	1	False
ZNF800	-0.0606562114872924	-0.07194122469166961	0.030427079766759013	-0.08461955041160989	-0.04669747670595323	1	False
ESYT2	0.12528217849613604	-0.04790846643566915	-0.12516634446732627	-0.1395577623253334	-0.046837598683048196	1	False
NME9	-0.20887220763377098	0.024259049578358664	-0.0341535136606905	0.031063710713544208	-0.04692574025063965	2	False
BAZ2A	-0.0072994312698436105	-0.06411401394458957	0.031459149068298935	-0.14797107800452847	-0.04698134353766568	1	False
BDP1	-0.11925948354101223	-0.029274232767152866	-0.02146184904646318	-0.018786402175302485	-0.04719549188248268	0	True
PAXBP1	-0.11713427017252596	0.0652226156035829	-0.05564146387196353	-0.0815047505105663	-0.04726446723786822	1	False
LINC02341	0.1669365336088801	0.1421237549068033	-0.2546680976450961	-0.24347799354799537	-0.047271450669352025	2	False
DTD1	0.04552091559585129	-0.02379645784215868	-0.06728410801490269	-0.14434363376056436	-0.047475821005443605	1	False
TAMM41	-0.09563584070642815	0.007976342299340937	-0.023600161574925435	-0.07878288265222705	-0.047510635658559924	1	False
FMNL1	0.03033543312817311	-0.05176174312025096	0.019836929317191592	-0.18857103802221942	-0.04754010467427642	2	False
PHF8	-0.04246443452541039	-0.06679679529976222	-0.060593909288702036	-0.020437648244483686	-0.047573196839589584	0	True
PRKCI	-0.06301017958183149	-0.058797826527390275	-0.06864441009265568	-0.00029636321240055776	-0.0476871948535695	0	True
MAST2	-0.006012515850106548	-0.12596301334070342	-0.02198290864868572	-0.03708211962317231	-0.047760139365667	0	True
PARL	-0.16220363302853832	0.09137953016616433	-0.03210977352018621	-0.08822031358781264	-0.04778854749259321	1	False
OAS2	-0.009584047292979566	-0.1311905388903606	-0.0687153788881501	0.018016469833233396	-0.04786837380956421	1	False
NIPAL3	0.11314420308232706	-0.08229539445818154	-0.256824106888175	0.03423245931579917	-0.047935709737057575	2	False
GAPVD1	-0.041093216697170525	0.0024399143578557733	-0.048822789195728494	-0.10484240320829845	-0.04807962368583542	1	False
CCNL1	-0.07032920505170755	-0.017093495038652973	-0.0820687912200415	-0.023214479298894232	-0.048176492652324064	0	True
SLC25A46	-0.07672019824309967	-0.00021136967868907967	-0.0741667271632552	-0.041741052922190304	-0.048209837001808566	0	True
ARL5B	0.005474413036213133	-0.0894784994737222	0.00364391614553498	-0.11252396349187307	-0.04822103344596179	2	False
NEK6	-0.033603074712239556	-0.1466290384915323	0.1225814152583424	-0.1352570260095322	-0.04822693098874042	1	False
GMEB2	-0.27736710171876544	0.03573718713746779	-0.06912554741757036	0.1173823509635575	-0.04834327775882763	2	False
MAML1	0.1561159938108839	-0.15153269662707206	-0.1347560260790052	-0.06382924860589653	-0.04850049437527247	1	False
ZNF394	0.006132453747511702	-0.0715819121778139	-0.1496567602749406	0.02095141764313651	-0.04853870026552657	2	False
SRP68	-0.05468119901415379	0.03677314928846515	-0.030682244444209396	-0.14558026128152182	-0.04854263886285497	1	False
WDR45	-0.30777007446465765	0.07873802251148315	-0.016159541616659067	0.050395413206471874	-0.04869904509084042	2	False
MAVS	-0.07000481541897013	0.009679467249433438	-0.042703621387945215	-0.09212431925442492	-0.048788322202976714	1	False
ATG7	0.020107324226811135	-0.020663886040150754	-0.11666403927777468	-0.07806156528979341	-0.048820541595226925	1	False
GLB1	0.1684636720899454	-0.10201854916971158	-0.1163476098938947	-0.1459201119385871	-0.04895564972806199	1	False
SLF1	0.08326783937035974	-0.2801689297314608	-0.052923301526121964	0.05399681260581688	-0.04895689482035153	2	False
CAB39	-0.108012538105007	-0.0724446434969275	-0.02552097757223018	0.009553590243448413	-0.04910614223267907	1	False
GSTCD	-0.09718294667335738	0.10386157387088776	-0.03250454140956833	-0.17071476943441974	-0.04913517091161442	1	False
RABIF	0.08125269679948346	-0.0875485714830533	-0.02309953631470856	-0.16849032496494845	-0.04947143399080671	1	False
B4GALT5	-0.04855842772321527	-0.22183365806029456	0.05487952059345701	0.017000131697197066	-0.049628108373213936	2	False
CCDC88B	0.011821112786526861	-0.059388636261366375	-0.12842944475381052	-0.02283312631895028	-0.04970752363690008	1	False
PLEKHA3	-0.06210640589622049	-0.12042579680142482	0.037037550876567876	-0.05344044706436991	-0.04973377472136183	1	False
SNAPC3	0.006526206324303635	-0.08179988647793944	-0.04491607324269379	-0.0789254111008096	-0.049778791124284794	1	False
IPPK	-0.08318385591659357	-0.09534805499173377	-0.016218550259698376	-0.004389858329546411	-0.049785079874393026	0	True
ZNF426	-0.009912685978598299	-0.1610157360577901	0.06941062191016865	-0.09777097601478552	-0.049822194035251316	1	False
PDE12	-0.07116564041766893	0.010260464687300689	-0.16086021991592522	0.02225275376111207	-0.04987816047129535	2	False
GABPA	0.004562920392629272	-0.08623115159809716	0.003480341031702802	-0.12162627909198681	-0.04995354231643798	2	False
PGGT1B	0.06498598261705082	-0.07581523843609383	-0.09190711032142312	-0.0971627858715157	-0.04997478800299546	1	False
ABCC5	0.005461586026394717	-0.12155834971749557	-0.15070129652943343	0.06673841739179398	-0.050014910707185084	2	False
TMEM59	-0.11754259737730395	-0.052388015629786004	0.01527286698060657	-0.04572066197332244	-0.05009460199995146	1	False
RCAN1	-0.14626766622649526	0.12711470080803774	-0.07507225394332111	-0.10633247696010302	-0.05013942408047041	1	False
PYROXD1	-0.0030092640738889316	-0.04705522639197359	-0.03349524780428179	-0.11733891457914902	-0.050224663212323335	0	True
SUN1	-0.09391527195434687	0.053193536719049805	-0.1621460581152772	0.0017031139744270068	-0.05029116984403681	2	False
ZGPAT	-0.2696209496957595	-0.002787721023356834	0.003991166744120259	0.06697396474333545	-0.05036088480791516	2	False
SMG1P6	-0.04088097702124304	0.09043207465187314	-0.09919300245732665	-0.1518651388685204	-0.05037676092380424	1	False
CCDC90B	-0.09382731583771949	-0.19829228792497045	0.2124882409573224	-0.12191403648955554	-0.05038634982373076	1	False
MRPS6	0.12115686482244219	-0.10476773791074086	-0.06307859477331801	-0.15523339179612183	-0.05048071491443463	1	False
PDPR	-0.08046955060380934	-0.03897320057410971	-0.057733448888269145	-0.024856507326426015	-0.050508176848153556	0	True
DCLRE1C	-0.1285133004591091	0.06372394474472777	-0.13177304641318713	-0.005508805033851556	-0.05051780179035501	1	False
THUMPD3-AS1	-0.062478030880876154	-0.04415341844519359	-0.04749430787859494	-0.048209914680134504	-0.05058391797119979	0	True
VKORC1L1	-0.12048543363989625	0.06862266710607852	-0.12466136554371439	-0.025814810260774354	-0.050584735584576615	1	False
EEFSEC	-0.03135216533790154	-0.02514830352798779	-0.10141456050200645	-0.04472436273521219	-0.05065984802577699	0	True
CHD3	0.04279774223668322	-0.13302804245992075	-0.036699232195761274	-0.07574114510320099	-0.050667669380549944	1	False
ZNF562	-0.224684767730408	0.07802225049328534	-0.0277731262411629	-0.028409688322733485	-0.05071133295025476	1	False
DARS1	-0.029367069997241528	-0.07050117357815736	-0.0386301278083432	-0.06514227110542796	-0.05091016062229252	0	True
MRPS28	-0.009892278656152003	-0.11381746480436955	-0.05980545783291888	-0.02017327335561253	-0.05092211866226324	0	True
VPS51	-0.05764330841291511	-0.09433750646688628	-0.04434095288995925	-0.007549090203904646	-0.05096771449341632	0	True
CHD8	-0.10804716514822571	-0.044581599475362034	-0.026570156825289057	-0.02479105933921483	-0.0509974951970229	0	True
NEPRO	-0.013355336551098556	-0.05415384991795511	-0.04143758753916606	-0.09628624599430984	-0.051308255000632394	0	True
ZNF14	0.029758737641120313	-0.07247085544297496	-0.16566505718068014	0.00309526105646467	-0.05132047848151752	2	False
NFIA	0.2498123968915079	-0.12169152494428224	-0.09569117025736898	-0.2380290544952974	-0.05139983820136018	1	False
TBPL1	-0.08321040893722476	-0.01830947394182832	-0.05807990767367931	-0.04614331549364857	-0.05143577651159524	0	True
PNPLA6	-0.20030103713650518	0.10963709941370853	-0.08213195360406772	-0.033056776898119034	-0.05146316705624585	1	False
ASPH	-0.079622384175072	-0.1728116109223972	0.017937959024108076	0.028290858069722508	-0.05155129450090966	2	False
KSR1	-0.0922870380168548	-0.07546943473521794	0.05963202827092447	-0.09875177327416762	-0.051719054438828974	1	False
RCHY1	-0.027985117954344683	-0.030055542999666396	-0.07674543863377806	-0.07212215850053556	-0.05172706452208117	0	True
FBXW11	-0.02948998505387542	0.010043278801124777	-0.1847799106773768	-0.003199614006896395	-0.05185655773425596	1	False
ARHGEF7	-0.021707736208824838	0.022859356434594084	-0.1182362409799875	-0.09034826183438688	-0.05185822064715129	1	False
TRAM1	-0.008092006485448909	-0.02192412710234424	-0.05746197961338488	-0.12014752265971036	-0.0519064089652221	0	True
NACC2	0.14020655663520723	-0.015881736875587926	-0.28812114088595975	-0.044082289252903764	-0.05196965259481105	1	False
ZNF12	-0.008765921690904944	-0.06379345709479037	0.0037444736294845907	-0.1397756153374936	-0.05214763012342608	1	False
PDCD6IP	-0.05630221703015186	-0.08751643931138099	-0.030517730475999025	-0.034307924932738265	-0.05216107793756754	0	True
POLR2J4	-0.009788076740237895	0.005780201485690761	-0.12643932957781354	-0.0786189488710663	-0.05226653842585674	1	False
ZNF320	0.0002944269800938027	0.09848028507151614	-0.1965243553891256	-0.1114317329670503	-0.05229534407614149	2	False
UQCC1	-0.06478244126338033	0.0500877613241096	-0.11327660120860321	-0.08156462100865755	-0.05238397553913287	1	False
KDM5C	-0.016664003472373505	0.00396865201724086	-0.07275212877843408	-0.1241564285120652	-0.05240097718640798	1	False
ZC3HC1	-0.20721860077662188	0.12062416066877127	0.03847156949720881	-0.16180817220177654	-0.052482760703104585	2	False
CEP170	0.016217090849126026	0.01625268232319448	-0.0818321065831142	-0.16084463746673708	-0.05255174271938269	2	False
LEMD2	-0.21147711872164693	0.12965588689635923	-0.17908679016997084	0.050521037422465366	-0.05259674614319829	2	False
ALCAM	-0.19980883110253078	-0.08847861886141944	0.14661591119151407	-0.06914075246934626	-0.0527030728104456	1	False
WAPL	0.010345660521464132	-0.07185443671414983	-0.05772506943405071	-0.0916348164733003	-0.05271716552500918	1	False
RAP2C	0.09004465249767277	-0.05477697569247606	-0.07593434650299113	-0.1706239376580871	-0.05282265183897038	1	False
HECTD1	-0.05464401371748217	-0.03259037364862445	-0.09963060285105779	-0.024441656435147605	-0.052826661663078006	0	True
SEC24D	0.1046320742554459	-0.06231221568806484	-0.12476800635076972	-0.1289077345156031	-0.05283897057474794	1	False
RSPRY1	-0.16020438660641595	-0.03656127409776495	-0.07320699179571157	0.05804534425947937	-0.052981827060103265	1	False
PRKAA1	-0.1226906284351729	-0.08786099460653583	-0.036853519257867076	0.03500800642696056	-0.053099283968153804	1	False
UPF3A	-0.17371166753387107	-0.09861240893335228	0.051090802643902665	0.00874100904552073	-0.05312306619444999	2	False
KCTD13	-0.020247478808784393	-0.014824332820104584	-0.11333502114085607	-0.064096354514682	-0.053125796821106755	0	True
ARL8B	-0.06808179816270887	-0.0916544311976105	-0.06266335225119855	0.009634737442636791	-0.05319121104222029	1	False
PRKCA	0.04384204558168351	0.008805697584844814	-0.15083092740868997	-0.11465540835847042	-0.05320964815015802	2	False
AP4B1	0.030406582084004197	-0.04966922713400999	-0.04790664403212814	-0.14577182832290417	-0.053235279351259525	1	False
IPO9	-0.04090249323223771	-0.03505083871185109	-0.08279396328162718	-0.054235434959671126	-0.053245682546346776	0	True
TYW1	-0.12801149464291137	-0.050518103392510526	-0.015350816167523403	-0.019308627772529674	-0.053297260493868744	0	True
PLPP5	0.0987733533514279	-0.2520923279381562	-0.057045491956828356	-0.002953143206441076	-0.05332940243749944	1	False
SLC16A7	-0.023162644505561193	-0.04918231599465528	-0.12300454766345077	-0.018290365378417432	-0.05340996838552117	0	True
RPSAP58	0.07390765901678163	-0.25325067635526705	-0.010022510620406292	-0.024419928190894648	-0.053446364037446584	1	False
COX18	-0.06579982217819473	0.013595495878855899	0.00023749786748305176	-0.16184831092489213	-0.053453784839186974	2	False
MTBP	-0.07806351544286241	-0.026170344953264413	-0.008082568394978866	-0.10159758468082572	-0.05347850336798285	0	True
METTL6	-0.019515485911096225	-0.11914970289003086	-0.116969942815938	0.04167885402379735	-0.053489069398316935	1	False
UBE3A	-0.07700557831389492	-0.06421614442830643	-0.03365428609037159	-0.03935209754769662	-0.053557026595067385	0	True
CTNS	-0.14786493874658585	0.10387802089457411	-0.05556952571525734	-0.11509232977801166	-0.05366219333632019	1	False
RAB3GAP2	-0.0013835193266606477	-0.07268286824690567	-0.03815278360523364	-0.10243163368208785	-0.05366270121522195	0	True
NFE2L2	-0.08313339271341723	-0.07218729167095883	-0.0690306048046978	0.00870724251759281	-0.05391101166787027	1	False
TTL	-0.0360359352946108	-0.04650157343004442	0.01240468659242632	-0.1459986969556804	-0.05403287977197733	1	False
ELOVL5	-0.06420752225113513	-0.03632915123621041	-0.06364257321268149	-0.052408804251751206	-0.05414701273794456	0	True
OSTF1	0.16189088191462828	-0.13078998458531169	-0.09111096270519947	-0.15674130438815484	-0.05418784244100943	1	False
RILPL1	-0.05273261458632689	0.14568879220194156	-0.3246990523580968	0.014859064135023166	-0.054220952651864746	2	False
MTIF3	0.03384355530332116	-0.10955460698719362	0.01998564863032965	-0.16116260656113152	-0.05422200240366858	2	False
TMED5	0.024347031124307205	-0.0706514463077221	-0.11605072500357906	-0.054535984092088874	-0.05422278106977071	1	False
PPP1R2	0.05698332894912954	-0.09836448140008054	-0.032467762633810675	-0.14314374619247974	-0.05424816531931036	1	False
CHRM5	-0.3035950065366601	0.0003732113746690083	-0.017507406433862803	0.10295333737686284	-0.05444396605474776	2	False
REEP3	0.058359714693941724	-0.13735465903084856	-0.01846864542768744	-0.12083886911537944	-0.054575614719993434	1	False
IFI35	-0.1021727525344906	0.07794859905812074	-0.1356849378955702	-0.05938144910870135	-0.054822635120160355	1	False
ARSG	0.09590094350377666	0.0520026125111882	-0.05554756922107402	-0.3116486138718068	-0.05482315676947899	2	False
ATP2A3	0.11256622168871568	-0.044899203753769774	-0.1774895354096362	-0.10956101381864253	-0.054845882823333206	1	False
EEF2K	-0.16983810953699574	-0.03152893610743434	-0.06984388398422268	0.05134394281485213	-0.05496674670345016	1	False
ZDHHC7	-0.08198996825534917	-0.03926014890557669	-0.12736852037472055	0.028580253522677214	-0.055009596003242296	1	False
WDR60	0.3231943984542532	-0.10302030220118824	-0.07920074300914527	-0.36112754103037464	-0.05503854694661374	1	False
CCND3	0.1424542142535733	-0.07497487400459406	-0.20804462404182564	-0.0809702146018736	-0.055383874598679994	1	False
TRIM52	-0.046661784331927074	-0.12407611367983146	-0.056711764959922736	0.005709624906266717	-0.05543500951635364	1	False
RNF44	0.14403166395475095	-0.15882382579511392	-0.2354398242463155	0.028448412506540222	-0.05544589339503456	2	False
ZC3H3	0.022357638404688775	-0.027643733656344455	-0.02652105436983675	-0.18999010181646503	-0.05544931285948937	1	False
ZNF567	0.17152125626572418	-0.22693434893935632	-0.05941940479020121	-0.1069810179698197	-0.05545337885841327	1	False
ZNF79	-0.12339132636556113	-0.16342722911728913	-0.06342514940146109	0.12834655595289438	-0.055474287232854254	1	False
ANKS1A	0.04241163872175274	-0.09300261151676957	-0.10047743063589366	-0.070910233418762	-0.055494659212418126	1	False
SH3YL1	-0.10939690895685297	-0.1234400081518736	0.006877520815952598	0.00393473275892087	-0.05550616588346327	2	False
TSC2	-0.1927010975239394	-0.02151661008356937	0.08955316314143742	-0.09798709036734787	-0.0556629087083548	1	False
EIF4G3	-0.09657550804281174	0.021304325954520646	-0.07518886414619792	-0.072349253817567	-0.055702325013014004	1	False
NEDD1	0.07710761749337129	0.007678965701032198	-0.20920852116301208	-0.09843251008909668	-0.05571361201442632	2	False
TRRAP	-0.10308634664089053	0.03279716232156695	-0.04685747963026578	-0.10574422116104612	-0.05572272127765887	1	False
NBN	-0.0990000117243436	-0.15415934411774387	0.04090470618357763	-0.010639069787617418	-0.055723429861531816	1	False
AAGAB	-0.04893908390041997	-0.003602412098059056	-0.13020196768123185	-0.040244286179191374	-0.05574693746472556	0	True
ZFYVE28	0.04762752309545436	-0.1549828510040717	0.1802075925773519	-0.2964139512650732	-0.05589042164908466	2	False
UBA6	-0.017582906665249136	-0.10610421649949836	-0.04487038046137641	-0.05538167221548922	-0.05598479396040329	0	True
KIAA0232	0.012188043748762967	0.039330242665233474	-0.1790896412999373	-0.09726112535437371	-0.05620812006007864	2	False
COPS7B	-0.07241415966317995	-0.08780054681862812	-0.03966835506287196	-0.025433342422565168	-0.05632910099181131	0	True
ABCC10	-0.17089705955364026	-0.04349905016689816	0.10130254272150209	-0.11224745986167772	-0.056335256715178514	1	False
UBAP1	0.07466750933249851	-0.05905608657733827	-0.12398895755485946	-0.11729406438167617	-0.05641789979534385	1	False
EOGT	0.1718983785516261	-0.10998927083295425	-0.1917119175061507	-0.09613545237801081	-0.056484565541372406	1	False
PCED1B	0.1507493628239195	-0.0422732809971853	-0.1831756103204285	-0.15139314404040624	-0.056523168133525134	1	False
MEF2D	-0.013845886901229317	-0.0922048074132734	0.01794470183510792	-0.13800762978308995	-0.056528405565621186	1	False
ZMIZ1	0.13518110750230192	-0.1510437325293399	-0.13217343040509658	-0.07891337115794234	-0.05673735664751922	1	False
VPS37B	-0.0270301884068977	-0.012386557170189175	-0.08116969744246204	-0.10655256411594709	-0.056784751783874	0	True
AACS	-0.05224363395525041	-0.11860404992869811	-0.0175578653587533	-0.03889828604422802	-0.05682595882173246	0	True
CCZ1B	0.03022828434964892	0.09440962772943279	-0.18876516794258075	-0.16326824749820154	-0.056848875840425146	2	False
ASH2L	-0.08188168723943108	0.005307127012598576	-0.08390058553085743	-0.06713055052962662	-0.056901424071829146	1	False
PAK2	-0.07935443145494588	-0.07488560638505448	0.005893829037162926	-0.07938128715623413	-0.05693187398976789	1	False
ZNF354A	-0.07081279744757232	0.020113843915195776	-0.0882831862314225	-0.08883046182840253	-0.05695315039805039	1	False
SETDB1	-0.05858059934516944	-0.09785405388292809	-0.004167978543285788	-0.06728648869442032	-0.056972280116450905	0	True
TP53BP1	0.0379146225312364	-0.02780531009394024	-0.08703107603903248	-0.1513292497121537	-0.05706275332847251	1	False
WDR92	-0.2133628250740481	0.17173309400561937	-0.21791772558480055	0.03085400803916742	-0.05717336215351547	2	False
XBP1	-0.02556175719290637	0.020056876814082095	-0.06213821985034554	-0.16133305205941553	-0.057244038072146335	1	False
IDH2	0.1375865150570838	0.009731176870903295	-0.29354879099570863	-0.08280186368776643	-0.05725824068887199	2	False
TCF20	-0.0811577529281781	-0.050078928293562856	-0.06268133015612336	-0.0359596962047301	-0.0574694268956486	0	True
RNF213-AS1	-0.110993430882772	-0.047068288606363945	0.05074425278046733	-0.12274648434623009	-0.05751598776372467	1	False
STAT5A	-0.06947032052708291	-0.14958330114795398	0.03182371288533109	-0.04305342750268346	-0.057570834073097314	1	False
CCNT2	-0.07700893642438274	-0.02316158191308479	-0.004007496009301089	-0.12641048638596195	-0.05764712518318264	0	True
DUSP22	-0.18225576681134315	-0.06915601422731382	0.052488865853166346	-0.03181492245119191	-0.057684459409170635	1	False
LOC202181	0.06815983121841895	-0.03594164388975324	-0.18978380312762022	-0.07321714246089589	-0.0576956895649626	1	False
ZNF682	0.19576532627024718	-0.15255123310262333	-0.1569553135743877	-0.11724204678619086	-0.057745816798238675	1	False
SLC38A10	-0.18878644231048752	0.15104715701861074	-0.12341952037742752	-0.06998319365054227	-0.057785499829961645	1	False
FAM3C	-0.14580446822684925	-0.04314796891525747	0.026656451075664424	-0.06890623738586983	-0.05780055586307803	1	False
SERTAD2	0.2025741509809891	-0.18270279266075923	-0.11810345479513665	-0.13318648531050645	-0.057854645446353305	1	False
RELB	-0.1225582248251126	-0.10541649733245426	-0.0039013830537127873	-3.5754316783132654e-05	-0.057977964882015696	0	True
USP20	0.0434749023988229	0.1051849075234515	-0.15327916172307046	-0.22740397347922234	-0.0580058313200046	2	False
EFL1	-0.00785121675564543	-0.04999624361105661	-0.16433059650946635	-0.00986308391208777	-0.05801028519706404	0	True
PLEKHM1	0.16311191142916642	-0.27933863837417167	-0.11593064109571363	-0.0007576385993540455	-0.05822875166001823	1	False
VPS53	-0.006934683738228986	-0.058665633592182284	-0.13066234716614628	-0.03681860923139043	-0.058270318431986996	0	True
CCNI	-0.07931493630497662	-0.12635320976738998	0.08630150020267639	-0.1143809037002052	-0.05843688739247385	1	False
INTS7	-0.09095616152107265	-0.21628181865772758	0.00241064906782242	0.07101490435767728	-0.05845310668832514	2	False
MED14	-0.027201542755508148	-0.04672457652952185	-0.1342612231848302	-0.02573736268156692	-0.05848117628785678	0	True
KDM4A	0.009732226656189634	0.07609174439710216	-0.13082225083397167	-0.18947599259339254	-0.058618568093518106	2	False
MNAT1	-0.010656051633076289	-0.06423688602822197	-0.09349101262574329	-0.06620491628344079	-0.058647216642620584	0	True
SPNS1	-0.24258230491110383	0.07697524611291752	-0.04738298514521989	-0.022097733316078304	-0.05877194431487113	1	False
IQGAP2	0.04841692887795153	-0.20742304635700537	-0.002497980989046415	-0.07380376076243568	-0.05882696480763398	1	False
CNPY3-GNMT	-0.11256907766757888	-0.03309968658243989	0.06061797100280412	-0.1509881820694362	-0.05900974382916272	1	False
C6orf89	-0.03244662234307478	0.026698237694428275	-0.14006334171727278	-0.0902769110556345	-0.059022159355388445	1	False
ACBD5	0.10549447340766353	-0.13943207913494057	-0.05809483798306378	-0.14408566948166857	-0.05902952829800234	1	False
ST7	0.002028304127397814	-0.14172272185963888	-0.07845001579083731	-0.018018768174199354	-0.05904080042431943	1	False
LOC101928323	0.03422082345276212	-0.32078633625336006	-0.036338661403209856	0.0866720055217569	-0.05905804217051272	2	False
BRAP	-0.18211466234437884	0.040123666647601766	0.040021656614096575	-0.13462425270903067	-0.0591483979479278	2	False
RPL32P3	-0.027119806319201297	-0.05421844598568668	-0.12366856638773882	-0.03313291851129523	-0.05953493430098051	0	True
EMC2	-0.06997745597189856	-0.13919824633800448	0.009229029618578136	-0.03863018251165251	-0.059644213800744354	1	False
POR	-0.13252099207739762	-0.12158611003409028	0.07591993896741171	-0.061222307054399565	-0.05985236754961894	1	False
OSGIN2	-0.13344738820288454	-0.058899555564495484	-0.03320593274733279	-0.013933219886455525	-0.05987152410029209	0	True
ITM2A	-0.030496421953754724	-0.14045126848716283	-0.12245838811192691	0.05294445787304365	-0.06011540516995022	1	False
ETAA1	-0.2480948529695081	0.09682317277615869	-0.021753210130497067	-0.06758601249892862	-0.06015272570569378	1	False
PLEKHA8	0.12653875650776725	-0.09752228023873412	-0.14831518799796276	-0.12135958103609795	-0.0601645731912569	1	False
LATS1	-0.05854133085366408	-0.026176645746014866	-0.049272429899025534	-0.10684110187022665	-0.060207877092232784	0	True
CD274	-0.0496094167269995	-0.05966095800999247	-0.040709062970508435	-0.09123661144033679	-0.0603040122869593	0	True
ATPAF1	-0.054318556411369415	-0.023501867696848644	-0.15727757939904258	-0.006120042892473298	-0.06030451159993348	0	True
SMG1	-0.08100302999569316	-0.08384319450122654	-0.07665922453080491	0.0001636310584257887	-0.06033545449232471	1	False
SMC6	-0.0690759369941141	-0.08953776969688998	-0.041441341739788785	-0.041306152568096575	-0.06034030024972236	0	True
ITFG2-AS1	-0.23125943619517783	0.05138441723409269	-0.002442913064823647	-0.05926109139247002	-0.0603947558545947	1	False
MYO18A	0.04169991331358619	-0.13649972194373342	-0.08523420405993971	-0.06159921548978413	-0.060408307044967774	1	False
MROH1	-0.13043898033796258	-0.14421626342281402	-0.11505192441198728	0.14766991381353925	-0.06050931358980615	1	False
CCDC18	0.04470285350893143	0.02196628415739726	-0.06761891170044061	-0.24113131313452205	-0.06052027179215849	2	False
PEX1	0.054910619007099995	0.031441695307790674	-0.24390506154483352	-0.08464640430943825	-0.060549787884845274	2	False
NAA38	-0.056606931932851406	-0.08434888759601218	0.04635164198301811	-0.1478185024590004	-0.060605670001211476	1	False
GNS	-0.06449280195800106	-0.034782139660353824	-0.05081126354880829	-0.09245944402750975	-0.06063641229866823	0	True
YJU2	-0.1143124741880712	-0.063135547821593	0.007905577474396117	-0.07311314063548442	-0.06066389629268812	1	False
DNAJC5	-0.08924253138095566	0.04520848122771128	-0.06615801277531926	-0.13251133882885346	-0.06067585043935427	1	False
ENTPD7	-0.05575685387529996	-0.03800300487944504	-0.048325939218414514	-0.10065778042547299	-0.060685894599658126	0	True
TM7SF3	-0.06699804675676911	0.006696840412177695	-0.10689322605848461	-0.07566111417200909	-0.06071388664377128	1	False
LOC101927550	-0.053939661757355734	0.008176565705053807	-0.13227627114454957	-0.06493111733641538	-0.060742621133316715	1	False
CCDC144B	0.09996941178897582	-0.18628265250320786	-0.09446585371738203	-0.06234317956779247	-0.06078056849985163	1	False
GSTK1	0.013703792597761635	-0.05093703541119394	-0.15982356540697296	-0.0472740414099799	-0.061082712407596294	1	False
WSB1	0.27019087627966776	-0.1323871793955291	-0.20232980485754634	-0.18081224706883306	-0.06133458876056019	1	False
EXTL3	-0.07757500990347982	-0.1903972036978428	0.11348972296560553	-0.09093514139289016	-0.06135440800715181	1	False
NFIC	0.018090443618566765	-0.08818153625775131	-0.13421605896539565	-0.04117304850183113	-0.061370050026602826	1	False
HELLS	-0.1564813111142967	-0.010502491549853683	-0.07708815694494181	-0.001517486495154115	-0.06139736152606158	0	True
SUPT7L	-0.09338636801900355	-0.0850330903242478	-0.06273135176193914	-0.004463432459440418	-0.06140356064115773	0	True
TRAPPC10	-0.049145619006620886	-0.06843342235054505	-0.06970829178381015	-0.05854813571763014	-0.06145886721465155	0	True
NAPEPLD	-0.11658016716072266	-0.025361146252520284	-0.07593457493672187	-0.028346932113921496	-0.06155570511597158	0	True
DEF6	0.04472351125968242	-0.04918648172372255	-0.13466342321760685	-0.10724447771384218	-0.06159271784887229	1	False
RYK	-0.02131258341043633	-0.005815920018325733	-0.1315297655069783	-0.087935596568925	-0.06164846637616634	0	True
ATR	-0.07548851451345483	-0.04237826159555279	-0.05300499354257599	-0.07604263364203384	-0.06172860082340436	0	True
ARMC8	-0.09518059130123287	-0.016213402134473667	-0.10514550916047148	-0.03091719652586128	-0.061864174780509824	0	True
ABHD12	0.040426974160896474	0.02613288299340347	-0.1359312015031223	-0.178260919387598	-0.06190806593410508	2	False
KLHL6	-0.025089250481328065	0.1929779459365638	-0.29173241903846936	-0.12434689814440547	-0.06204765543190977	1	False
DCAF11	0.1507850848993748	-0.16274560858300632	-0.09610481847580182	-0.1403690453451619	-0.06210859687614881	1	False
MMS22L	-0.03240732233524495	-0.0022480382584993117	-0.12285574401605419	-0.0912158614021375	-0.062181741502983987	0	True
RNF10	-0.08924077143661732	-0.00021390869892374666	-0.018385022286949028	-0.14132425474748136	-0.06229098929249287	0	True
ZNF736	0.04460058821583699	0.042363431438751764	-0.2551364321005553	-0.08105549330762497	-0.06230697643839789	2	False
CD74	-0.17245723062604337	0.08362529220757897	0.0033728794184932818	-0.1642614455761656	-0.062430126144034176	2	False
CHMP7	0.051398977532946026	-0.14486744269389268	-0.10787780380986901	-0.04843629294058251	-0.062445640477849534	1	False
STK24	-0.03363100355503642	-0.1206858278936372	-0.030572826549796418	-0.06615145473423709	-0.06276027818317678	0	True
TFB1M	0.003353710094224863	-0.003457968103112986	-0.1048669027952436	-0.1464017468699917	-0.06284322691853085	1	False
NR6A1	-0.18512292508709344	-0.09521413990189873	0.13023017812686777	-0.10168944384553509	-0.06294908267691486	1	False
TAF4	-0.14094070422705893	-0.11383021916627908	-0.11856418833810978	0.12123248676657156	-0.06302565624121906	1	False
GATB	-0.04481368470743141	0.00969799295431197	-0.057809635019526635	-0.15926640145540522	-0.06304793205701283	1	False
GALNT10	-0.021961589353590834	-0.08671696540907925	-0.031100289944903936	-0.1124163865766049	-0.06304880782104473	0	True
CD53	-0.04813721389128651	-0.015750704971482277	-0.08572060561996271	-0.1027784937321515	-0.06309675455372074	0	True
MTMR6	-0.009506572491211809	-0.1337254194110443	-0.12227350707053715	0.012736828669144227	-0.06319216757591226	1	False
METTL14	-0.05596725344451275	0.030997074928333965	-0.18155546240444867	-0.0462492607496799	-0.06319372541757684	1	False
AKAP8L	-0.057666070977385235	-0.0428705172199068	-0.04621515158439356	-0.10616645933504751	-0.06322954977918327	0	True
HOOK3	-0.05487146184003886	-0.016888100817965955	-0.05400600769502895	-0.12716352100343306	-0.0632322728391167	0	True
ZNF143	0.12582872275976612	-0.1917829531305248	-0.15411563935298894	-0.03350512685507115	-0.06339374914470469	1	False
GTF2A1	-0.12690207372387816	-0.05878564346971841	-0.0169593082516569	-0.05173436756512637	-0.06359534825259495	0	True
EDEM3	0.004523486332550859	-0.08715554528482992	-0.05613410294359065	-0.1156449215973432	-0.06360277087330322	1	False
PRKD3	0.03811090987087193	-0.15745435916879633	-0.007010255560042174	-0.12811129675108665	-0.0636162504022633	1	False
SCAF11	-0.061472789958615284	-0.11112726740397294	-0.04052355827321652	-0.04137467602518168	-0.0636245729152466	0	True
XPO7	-0.1443912768225558	-0.038553247915837856	-0.04804550342373194	-0.023787026961054485	-0.06369426378079503	0	True
SFMBT1	-0.08989811934795068	-0.1745810938069022	0.00034417848933163597	0.009225371523708252	-0.06372741578545325	2	False
EPM2AIP1	-0.059259970918732745	-0.07136246775329366	-0.11278725267196779	-0.011861197116653338	-0.06381772211516189	0	True
TRIM14	-0.11607365512721286	-0.23763873740098213	0.08227568668879458	0.015323626593712237	-0.06402826981142204	2	False
WASHC2C	-0.0720311916492331	-0.16559086113608995	-0.018307414348541485	-0.0001930840598859764	-0.06403063779843764	0	True
PTPN2	-0.07858685833096088	-0.07043550586098522	-0.0389074614952063	-0.0694976368774826	-0.06435686564115875	0	True
REV1	-0.12267690730134094	-0.02000107780879238	-0.07624159170606204	-0.0385713366749518	-0.06437272837278679	0	True
ORC3	0.013912334243499252	0.0855186833624498	-0.19284579936761287	-0.16430746336907548	-0.06443056128268482	2	False
RAPH1	-0.10769028362856338	0.06412970538416317	-0.1664876629999602	-0.04772080915849193	-0.06444226260071309	1	False
ZNF680	0.20333545856483273	-0.20870141103602163	-0.14795243514631426	-0.10469204785782495	-0.06450260886883202	1	False
SEPTIN7P2	-0.12780605255528407	0.042428003296562496	-0.07936960402596918	-0.09329375289877763	-0.0645103515458671	1	False
MARCHF1	0.022658402387569887	0.009177628841968306	-0.058360852268475795	-0.2316976933942327	-0.06455562860829257	2	False
MIA3	0.03816178340944233	-0.0907155718361429	-0.09929766357299787	-0.10657138265851235	-0.0646057086645527	1	False
COG5	0.0531297324755067	0.04802432993214238	-0.18149515363957625	-0.17819958556720866	-0.06463516919978396	2	False
DYRK2	-0.08388834943706086	-0.259291597452479	-0.07148219405081196	0.15599694529467417	-0.06466629891141941	1	False
DENND1A	-0.008575197293151605	0.010852352094063298	-0.1405229877535744	-0.12106320743104283	-0.06482726009592639	1	False
PHF20	0.023965148260990287	-0.12910145422941413	-0.029516177368317374	-0.12470032771452777	-0.06483820276281724	1	False
MTO1	-0.027069043479966828	0.07209081797667258	-0.18382217833482187	-0.1210090721151636	-0.06495236898831994	1	False
TAF1B	-0.059837123222072915	-0.03956198049555446	-0.05831995915334897	-0.10211219974757786	-0.06495781565463855	0	True
ALKBH1	0.02370967924998339	-0.012009209761471676	-0.10078713757299158	-0.1708406136795976	-0.06498182044101937	1	False
ZNF75A	-0.1698018649061151	-0.03654161484472525	-0.0706943089725082	0.016188002845840228	-0.06521244646937707	1	False
DNAJC15	-0.0768298841166257	-0.11558251385723432	0.023301664951485345	-0.09217561381660748	-0.06532158670974554	1	False
GANAB	-0.08240099786704276	-0.036805713015513955	-0.07978897307571588	-0.062388409529771593	-0.06534602337201105	0	True
CEP128	-0.13693198265682482	-0.032413031676971044	-0.1183201923654784	0.026227818841231886	-0.0653593469645106	1	False
TYW1B	-0.13110970504604794	-0.017198000881663945	-0.07658064140509316	-0.03731115817759124	-0.06554987637759907	0	True
VPS26A	0.009893055970528914	-0.1572722382333434	-0.0719752957014115	-0.043010790622034056	-0.06559131714656502	1	False
SENP5	-0.08503428032757249	-0.0038539413932227543	-0.05219507188644181	-0.1214402907765008	-0.06563089609593446	0	True
TAGAP	-0.10280235979344417	0.04940672537369677	-0.10283463734375328	-0.1065764643980522	-0.06570168404038822	1	False
PARG	-0.08996825673288673	-0.021915544432733514	-0.08141706692949341	-0.0695241778052154	-0.06570626147508227	0	True
VWA8	-0.130372558886587	0.14647396329600523	-0.14425833762070592	-0.13469654935376915	-0.0657133706412642	1	False
TBC1D14	-0.09376555823675357	-0.0331579942854889	-0.12769113467033888	-0.00827871224478253	-0.06572334985934097	0	True
ANKMY1	-0.058374528830679596	0.08583117658118214	-0.1202037932365223	-0.1701709755387308	-0.06572953025618763	1	False
D2HGDH	-0.20847452706342412	0.025758145277639113	-0.02570117684880952	-0.05474090672298261	-0.06578961633939429	1	False
MPZL3	0.07277047120424372	0.15014029941033494	-0.30898892803915046	-0.17717606776302308	-0.06581355629689872	2	False
WDR76	0.06147336435304857	-0.072036614015264	-0.14174415307883106	-0.1109971343574147	-0.0658261342746153	1	False
CREBZF	-0.18526833037765014	-0.03660799868888537	-0.08649301096471941	0.044811912049206225	-0.06588935699551218	1	False
PANK2	0.08701712198572457	-0.010294131025541567	-0.06788752153826366	-0.27273203910280736	-0.06597414242022201	1	False
SARAF	0.023872869702516026	-0.07581655253788597	-0.037123517548685606	-0.1749581256131501	-0.06600633149930141	1	False
ALG9	-0.20262439748363276	0.09505732642214143	-0.19813445613624736	0.04128225823893107	-0.06610481723970191	2	False
SLC4A5	-0.09856051600137698	-0.034141931975872564	0.005103458003302528	-0.13718681871728655	-0.0661964521728084	1	False
XPNPEP3	-0.14200175189588998	-0.0546217153786856	-0.026357146946367076	-0.04215726400499323	-0.06628446955648397	0	True
PRIM2	-0.026293009390000215	0.043271918940812545	-0.1630016727159794	-0.11914187548686322	-0.06629115966300758	1	False
ZKSCAN1	-0.020592246962914305	-0.007524911158442663	-0.12319631954318476	-0.11450923811387986	-0.0664556789446054	0	True
ARHGAP35	0.017977032886609907	-0.1435938533420514	-0.07292098049912914	-0.0673023336757499	-0.06646003365758013	1	False
ABHD13	-0.015158319971705742	-0.10242848311099548	-0.07882853485281235	-0.06995004650003572	-0.06659134610888733	0	True
TNFAIP8	-0.009303746752863962	-0.07200518794309863	-0.12026748832190064	-0.06478959952870968	-0.06659150563664322	0	True
AIG1	0.12049589724703004	-0.010567663482883974	-0.24408459209517508	-0.1335594820071427	-0.06692896008454294	1	False
SVIL	-0.024403332819539134	-0.113201692786269	-0.036669063352304354	-0.09478126731907058	-0.06726383906929577	0	True
FANCL	0.017387683373494275	-0.1592748102098736	-0.07644649841690486	-0.05080481372162606	-0.06728460974372756	1	False
SEL1L3	0.11433896216354332	-0.11846639827240737	-0.08188441888753104	-0.18335733832008805	-0.06734229832912078	1	False
REV3L	0.007189721166112906	-0.07545017995782716	-0.10467663224460354	-0.09671198517803042	-0.06741226905358705	1	False
EFCAB14	-0.04265884367984338	-0.11523180860194979	0.020105503382214354	-0.13189019833237806	-0.06741883680798921	1	False
SLC30A7	0.04647933927707353	-0.009129524277403368	-0.12676916589628145	-0.18059157288382297	-0.06750273094510856	1	False
RTN3	-0.1148564745788584	-0.1519783740269174	0.03459607312753819	-0.037856069263676684	-0.06752371118547858	1	False
SUGP2	-0.16629480382531375	-0.036830889181301424	-0.044652382524394	-0.022329580895490617	-0.06752691410662495	0	True
NUP50-DT	-0.058828793241853805	0.010923743794568173	-0.09446585371738203	-0.1279284333322838	-0.06757483412423787	1	False
GSE1	-0.2425882329627829	-0.15367006141219003	-0.054905310147056484	0.1807092392155541	-0.06761359132661883	1	False
SNX2	-0.050368298478168164	-0.08085235801619343	-0.09577173755398509	-0.043963261893567016	-0.06773891398547843	0	True
NTPCR	-0.08953688848680035	-0.10733110415345212	0.12289089598423135	-0.1969920865532105	-0.0677422958023079	1	False
PPCDC	0.00031369135090814244	-0.07174022547401701	0.04268543394963918	-0.24235862938032493	-0.06777493238844866	2	False
TRAPPC2	-0.0940222707251491	0.0540927422513198	-0.18692016707075032	-0.044331167410888925	-0.06779521573886714	1	False
NEDD9	0.039845183213691925	-0.1636083809955399	-0.08487157670041613	-0.06259363363654251	-0.06780710202970165	1	False
RPS6KB1	-0.09043194538205727	-0.017539223512728054	-0.10292121598385195	-0.060414036595435136	-0.0678266053685181	0	True
FUT8	0.04053333906070463	-0.14136759758900158	0.032947862261976504	-0.2037897970646126	-0.06791904833273325	2	False
ERMARD	-0.0019475758977897213	0.03442612227157319	-0.13613752701074577	-0.16812246078920443	-0.06794536035654168	1	False
ANKRD10	-0.08546947492373602	-0.07097474288557862	-0.09150101761349094	-0.023936554511188198	-0.06797044748349844	0	True
UPF2	-0.13870356686103769	-0.07012757490758519	-0.014880845649253674	-0.048225416457478625	-0.0679843509688388	0	True
IMMP1L	-0.06311761463011738	0.053465015530476036	-0.10388961782925103	-0.158573710429578	-0.06802898183961759	1	False
RREB1	0.04390247253819898	-0.11728676446414546	-0.14306718756133732	-0.05574342462569708	-0.06804872602824522	1	False
BCL2L13	-0.0988149167333272	0.02379599907189216	-0.08617645437201142	-0.11111482407656526	-0.06807754902750293	1	False
ZNF251	-0.042334720108652836	-0.022347631906365482	-0.16205310134928447	-0.045770230976243956	-0.06812642108513668	0	True
XPR1	-0.1003316724627652	-0.02530545266391465	-0.1163046034938491	-0.030607125659401043	-0.0681372135699825	0	True
TANGO6	-0.07759153530303986	-0.05022148619838895	-0.04021869646124623	-0.10452286832666442	-0.06813864657233487	0	True
ZNF654	0.05617550428645321	-0.019891980205406726	-0.1954199636295329	-0.1136724518124677	-0.06820222284023852	1	False
ZKSCAN8	0.06980327002017546	-0.10816001748012392	-0.08550934586716193	-0.14937843903493428	-0.06831113309051116	1	False
KMT2E	0.1520322205718444	-0.08444121752942972	-0.14370614599792356	-0.19725581525068434	-0.0683427395515483	1	False
NUBPL	-0.10841142641205838	0.1038569266808759	-0.10869889223987425	-0.16012760785931118	-0.06834524995759197	1	False
SRPK2	0.037833383685655655	-0.11095288343195506	-0.10235057353281024	-0.09796581674628395	-0.0683589725063484	1	False
MACF1	0.051192995128818204	-0.07322363746908044	-0.11721558302532488	-0.1346672903446645	-0.0684783789275629	1	False
STT3B	-0.05587780950145463	-0.14938651009093876	-0.069513779100864	0.0005972590310101333	-0.0685452099155618	1	False
MTMR14	-0.0451005584364369	-0.16969331741287558	-0.0032658598373077625	-0.05653498733408756	-0.06864868075517695	0	True
AFG3L1P	-0.10062254591440903	0.04226603645392617	-0.1296378326918685	-0.08668574841689719	-0.06867002264231213	1	False
CMIP	0.04284589286424968	-0.06837610887745577	-0.1252858439923457	-0.1238793250295084	-0.06867384625876505	1	False
ALOX12-AS1	0.0902248878671823	-0.22538802035667455	-0.05212181271218369	-0.08763974106644484	-0.0687311715670302	1	False
LOC101926943	-0.2594814003744068	-0.014043471516631706	-0.03251813936573649	0.03050257407655086	-0.06888510929505604	1	False
RAB29	-0.07469984511205438	-0.09802520709324977	0.030206480027609298	-0.13367916369175778	-0.06904943396736316	1	False
LOXL2	-0.30920689042392785	-0.06090281599251956	0.07932026430578581	0.014117529572927865	-0.06916797813443343	2	False
BRD3	-0.14813074071443616	-0.11854760479220808	0.15913355653863515	-0.16933999730562319	-0.06922119656840808	1	False
RMND1	0.004250192063443294	-0.020480388369014252	-0.18766748930346755	-0.07324742920395719	-0.06928627870324892	1	False
SDHAP1	0.04036974876393823	0.012134266711474335	-0.15967342498081827	-0.17006488319815843	-0.06930857317589104	2	False
KLHL42	-0.10019567099038473	0.06528175107078976	-0.037607756014590085	-0.20502252539272176	-0.0693860503317267	1	False
SERPINB1	0.13382246336832937	-0.030410531326134884	-0.00379419465258016	-0.3773106254715784	-0.06942322202049102	1	False
DCUN1D3	-0.057890729188079956	-0.1400657274755848	-0.14916529538849763	0.06942506291367384	-0.06942417228462212	1	False
TBC1D31	-0.006842681413615181	0.08453679210464592	-0.05307077444575207	-0.3025476494238777	-0.06948107829464975	1	False
CEPT1	-0.040377793511622614	-0.08166609914579273	-0.15936050626319592	0.0032387394585786243	-0.06954141486550816	1	False
TMEM184B	-0.087612100216217	0.025813521125454337	-0.018174712421046017	-0.19887835970409556	-0.06971291280397607	1	False
GTDC1	-0.010584137885142708	-0.15010683409382583	-0.053833988585537694	-0.06440464832449956	-0.06973240222225145	0	True
DNAJB9	-0.15453238378399028	-0.06135013694836294	0.023369118394098356	-0.08673034521530616	-0.06981093688839025	1	False
ENOSF1	-0.07506636736937629	0.1665532105762316	-0.21369491646793853	-0.15769977390809614	-0.06997696179229485	1	False
ARFGEF2	-0.19688407023489446	0.050946418157866144	-0.06278520731825706	-0.07122282362902738	-0.06998642075607818	1	False
NHEJ1	-0.2207449098506788	-0.04547865428667047	0.04025604860776458	-0.05451130210393685	-0.07011970440838039	1	False
VAPB	-0.020477227774768517	-0.12540056267071548	-0.07167294087032462	-0.0630147852223357	-0.07014137913453608	0	True
DCTN4	-0.10437521284314183	-0.09122656245515798	-0.012032656303327246	-0.07355984933207879	-0.07029857023342646	0	True
PPP1R10	-0.18633132924830784	0.05512331474716376	-0.09435754943349543	-0.055792508211801733	-0.07033951803661032	1	False
DHRS7B	-0.11657521772265392	-0.0430219564429831	-0.08878021938059256	-0.033058303709454756	-0.07035892431392107	0	True
PML	-0.034803184533686686	-0.18674453887572148	-0.06511142448529686	0.004145742770090625	-0.0706283512811536	1	False
RAF1	-0.06702120897680261	-0.10652287919884572	-0.036362927023520474	-0.07288054297856707	-0.07069688954443397	0	True
ACSL3	-0.09061375766037352	-0.10360543127020785	-0.09544677153148838	0.006668814006303679	-0.07074928661394152	1	False
TTC21B	-0.11923122431712832	-0.011261180175635517	-0.06522824914205638	-0.08737925525412753	-0.07077497722223694	0	True
ZFAT	0.0008767529694568242	-0.24205330602227063	-0.11919973851203536	0.07698434517998219	-0.07084798659621674	2	False
MED21	0.06891686180921663	-0.23194240531052748	-0.12840822822496414	0.00792794601489592	-0.07087645642784476	2	False
SERINC3	-0.07713352864578342	0.029458082199447202	-0.14025814461363065	-0.09570971215958762	-0.07091082580488862	1	False
TMF1	-0.07445024946060176	-0.06084993966538172	-0.07941731735661393	-0.06908071239781158	-0.07094955472010225	0	True
XIAP	-0.01761274744902562	-0.09733841056107177	-0.05104644140394375	-0.1178076477989608	-0.07095131180325048	0	True
IREB2	-0.14153646832943942	0.02633673882696783	-0.05920448430188123	-0.10969813916219617	-0.07102558824163725	1	False
C2orf76	-0.10575552591531094	-0.1343132612043905	-0.04790664403212814	0.003632149929089223	-0.07108582030568508	1	False
NADSYN1	-0.04349156821516391	-0.05481887517544996	-0.0002066192295576934	-0.18617379104866386	-0.07117271341720885	0	True
PRRC2B	-0.12552520181607396	-0.10051912805199291	-0.06669816631988858	0.007633590939247636	-0.07127722631217695	1	False
ATRN	-0.031608281402680474	-0.0881077234464374	-0.10882809953228605	-0.05664464875823478	-0.07129718828490968	0	True
VRK3	-0.08795212001982575	-0.007218632669934836	-0.10502600826430948	-0.08515174357021206	-0.07133712613107053	0	True
TRIM16	-0.10840339566980921	-0.013450924052464088	-0.17017155584214644	0.00649421755253217	-0.07138291450297189	1	False
TMEM87A	-0.05089865462609777	-0.09402528114211277	-0.10740159503307518	-0.03332973550434622	-0.07141381657640798	0	True
RFXAP	-0.052377038657446855	0.009454974754068552	-0.1417880686881675	-0.10124633077305233	-0.07148911584114953	1	False
SRSF11	-0.052222195890805824	-0.14479553694389655	-0.0257602785532411	-0.06361956267049826	-0.07159939351461042	0	True
SPATA13	-0.06475445108256588	-0.06893905400324128	-0.09051826840424744	-0.0624692969548616	-0.07167026761122905	0	True
PI4KB	-0.04149771141114278	-0.15805671974156182	-0.031053469463018644	-0.05622406638345901	-0.07170799174979557	0	True
RAB1A	-0.0516332693904614	-0.15485664518449324	0.02107789655791938	-0.10147357316001937	-0.07172139779426365	1	False
CRK	-0.09390865446058612	-0.005693926901461661	-0.1776404276439533	-0.009790472910922455	-0.07175837047923088	0	True
ELMOD3	-0.047866349633168506	-0.07489183609035602	-0.061593595809026264	-0.1030651466055927	-0.07185423203453586	0	True
DEPDC5	-0.0888139918567758	0.0003043399202809869	-0.053153535167019664	-0.1457566650174678	-0.07185496303024558	1	False
APOL1	-0.2459728032951139	-0.09907249145207447	0.12473641244771584	-0.06747704042185733	-0.07194648068033246	1	False
ZC3H7B	-0.21620401813183948	0.014043217763977475	-0.07431152920174879	-0.01170477215348205	-0.0720442754307732	1	False
MBTPS1	-0.06305271451322492	-0.025969382224115052	-0.13861083871982535	-0.061486017174621016	-0.07227973815794658	0	True
ZNF354B	-0.04941708342807876	-0.03775621236801536	-0.1402694610068615	-0.06209656475011984	-0.07238483038826886	0	True
RAB5A	-0.011650849872874054	-0.12508381282831355	0.05534929755190322	-0.20846178178933944	-0.07246178673465595	1	False
PGM2L1	-0.017562189568884112	-0.02732554900490834	-0.03195643307162725	-0.21318551783748002	-0.07250742237072494	0	True
CEP192	0.09200977981531255	-0.12218397885583285	-0.12704607618278616	-0.13291094349861757	-0.07253280468048101	1	False
WDR41	-0.09366603321983835	-0.08228758664756668	-0.10305089363884583	-0.011180874202623814	-0.07254634692721867	0	True
PLEC	0.14406096697798065	-0.04875439132500109	-0.1376382951785658	-0.24826466976266495	-0.07264909732206279	1	False
UBXN2B	-0.09999021869809928	-0.05983108025540719	-0.07807831905188069	-0.052755746066838104	-0.07266384101805631	0	True
HSD17B7P2	-0.04482423641466071	0.06120801155143583	-0.13408954216735083	-0.17343473478022564	-0.07278512545270034	1	False
IFNGR1	-0.03594452986211651	0.006919572376472167	-0.15958951568940377	-0.10267068250669797	-0.07282128892043652	1	False
CARD11	-0.08041058674902737	0.07255833050664812	-0.13585034616821304	-0.14759215935449363	-0.07282369044127149	1	False
MT-CO1	-0.03669037337583963	-0.11925672533200035	-0.05226963327647351	-0.08325655249669811	-0.0728683211202529	0	True
MEMO1	-0.1160278174418346	-0.08526442022197789	-0.05199485278675728	-0.038218629802631215	-0.07287643006330025	0	True
STX16	-0.17919240246056312	0.012857007030238444	-0.06872608331847818	-0.05662411093627758	-0.0729213974212701	1	False
CEP104	-0.14190175715560793	-0.14224277172147312	0.011971162321032253	-0.01962941883078436	-0.0729506963467083	1	False
CREB3L2	0.01877926412120483	0.054900398438650244	-0.2569481502693778	-0.10951348962768814	-0.07319549433430271	2	False
NDUFAF5	-0.06753472007549488	0.07254041400668375	-0.12794655166457736	-0.1698498972746439	-0.07319768875200809	1	False
MAX	-0.006154786004669223	-0.01442584495557522	-0.12110732132368668	-0.15126682269218455	-0.07323869374402892	0	True
MPHOSPH9	-0.14718178193056514	0.10439623121676128	-0.1298757361978103	-0.12042684248198061	-0.07327203234839869	1	False
FBXL18	-0.10261833061087285	-0.10248770078275896	-0.07150522458805741	-0.016571952044235963	-0.0732958020064813	0	True
C18orf25	-0.06395243868381732	-0.0036205879042919705	-0.11920717290653587	-0.10654989219005162	-0.0733325229211742	0	True
MAP3K13	-0.00639910279899241	-0.15389854948240883	-0.04050840533420112	-0.09258369525015755	-0.07334743821643999	0	True
MCM3AP	-0.1221221416183248	-0.10593887043223484	-0.06641659273288554	0.0008728279665472159	-0.07340119420422449	1	False
IP6K2	-0.08107216106322382	-0.01239344021410102	-0.24381657330775058	0.0435019494058773	-0.07344505629479953	1	False
GOLGA4	-0.0021285124741207183	-0.09924724893469114	-0.07319520830571438	-0.11936538993544434	-0.07348408991249264	0	True
NADK2	-0.04872894125991362	0.10384154585364587	-0.2148211348294398	-0.1344270986576803	-0.07353390722334696	1	False
TM9SF2	-0.023910284220322094	-0.05404941281640383	-0.17993477367921193	-0.03640003418871878	-0.07357362622616416	0	True
GRK3	-0.20122054964123567	0.13382620478686783	-0.14963177536303077	-0.07890623970464594	-0.07398308998051115	1	False
HINT3	-0.16262522494668	-0.03181168599161776	-0.05831822304810351	-0.04326694257341849	-0.07400551913995494	0	True
PIGU	-0.10805064699640468	0.023500150664068364	-0.0415682576952135	-0.17003001183354474	-0.07403719146527364	1	False
HS6ST1	-0.32683877859436045	0.045114788740161844	0.06866096041519679	-0.08436369941228526	-0.07435668221282177	2	False
NABP1	0.03498833757157075	-0.08713290532691402	-0.09449397110881286	-0.151064455960662	-0.07442574870620453	1	False
RASA2	0.058354263431204846	-0.004721903312420199	-0.1294611065107197	-0.22220293432919863	-0.07450792018028343	1	False
MAP3K4	-0.07522356888347131	-0.00943901473211514	-0.06842476713119988	-0.14500259211896124	-0.0745224857164369	0	True
TMEM168	-0.11076951303295683	-0.06362330228820387	-0.10801363897056071	-0.01580304505150449	-0.07455237483580647	0	True
ICAM2	-0.06373343072004281	-0.12002473612780497	-0.054774428545407546	-0.05974129563034232	-0.07456847275589941	0	True
MTHFR	-0.242229228147997	0.10959353282663516	-0.12668906303978955	-0.03912625030029253	-0.07461275216536098	1	False
TJAP1	-0.022476644707967362	0.11827197548954035	-0.19284054419341418	-0.20169514482821502	-0.07468508956001405	1	False
PIM2	0.09345508967160852	-0.2758408653712356	0.048493781314851304	-0.16501330946026016	-0.07472632596125897	2	False
CLDND1	-0.2349714507561519	-0.03013268833618101	-0.07151579225903927	0.03767916708129088	-0.07473519106752032	1	False
GBP2	-0.09201659623934054	-0.05278462677556286	-0.06265184538114979	-0.09184679526780143	-0.07482496591596366	0	True
EXOG	-0.1419377368266542	-0.007379224676451739	-0.1487452666772712	-0.00135819047135792	-0.07485510466293377	0	True
LOC100190986	-0.05857081631510812	-0.011489050393394708	-0.08093080534058245	-0.1491387136353058	-0.07503234642109777	0	True
SREBF2	0.04116678795994928	-0.031591586770076764	-0.20130871436085498	-0.10864629890616509	-0.0750949530192869	1	False
PSME3IP1	-0.17089191195085182	0.04170530359588779	-0.12370082473010936	-0.04822863038711108	-0.07527901586804611	1	False
NAA35	-0.1011934598441078	-0.054842812932418064	-0.08114767325228289	-0.06447529313975546	-0.07541480979214106	0	True
TAF2	-0.13678870157858072	-0.01671626846999873	-0.013859858607336732	-0.1343452082395452	-0.07542750922386535	0	True
SCMH1	-0.022459146884430785	-0.08877566485247483	-0.1317275474788331	-0.05877265331386823	-0.07543375313240173	0	True
MIER1	-0.017316462615495517	-0.06641487980552552	-0.11124799486655557	-0.10679499743155962	-0.07544358367978406	0	True
C9orf85	0.047812934042876724	-0.050575322964426586	-0.1807685757324251	-0.11830638126453318	-0.07545933647962703	1	False
ZNF212	0.013921825655576738	-0.048881746141167796	-0.12825122819357018	-0.14011441966814203	-0.07583139208682582	1	False
ZNF141	-0.010820432958512687	-0.0774090959690234	-0.13955211446882812	-0.07568004038135857	-0.07586542094443069	0	True
LRRC8C	-0.0033677372110546442	0.029115033976306808	-0.14350149207609456	-0.186300159767242	-0.0760135887695211	1	False
TRAF3	-0.03827619408887782	-0.07399537949154666	-0.11611765793373073	-0.07581853196316683	-0.07605194086933051	0	True
BIRC6	-0.0786441221887934	-0.08365305522413195	-0.04661184252165731	-0.095677378052125	-0.07614659949667692	0	True
RASSF2	-0.1097515120811234	-0.10343364861835022	-0.11930582732376815	0.027814449577774892	-0.07616913461136672	1	False
TBC1D22A	0.035904564679914194	-0.07371137769225797	-0.15250200580610357	-0.11475690064477083	-0.07626642986580455	1	False
CAMKMT	-0.05115579689797538	-0.015626866153719873	-0.15598532007801214	-0.0823867772507174	-0.07628869009510619	0	True
TTC3	-0.010738515268384034	-0.10054951364851737	-0.09398933181095645	-0.10047214112843629	-0.07643737546407353	0	True
HSCB	-0.3435145844397595	0.14356841048792518	-0.09112176111386676	-0.014989767541043267	-0.07651442565168609	1	False
INTS3	-0.21172662360325156	0.043908088432433566	-0.11430461435697882	-0.023964531980094128	-0.07652192037697274	1	False
LPGAT1	-0.01756197994252226	-0.10766731621264249	-0.09591637076553637	-0.08529091672921667	-0.07660914591247946	0	True
MGME1	-0.1403673156407314	0.06336243217021681	-0.2701797812808286	0.04024467913249569	-0.07673499640471187	2	False
HEXA	-0.09765024703142268	-0.025413851783387197	-0.11008715461597213	-0.07401446243919028	-0.07679142896749307	0	True
SPN	0.22061154127558585	-0.16431731728644403	-0.0649427406102841	-0.29885978929951107	-0.07687707648016334	1	False
PIAS2	-0.008496587688478618	-0.11327732233158506	-0.15016058322937834	-0.0358319067681213	-0.07694160000439083	0	True
CNKSR2	-0.07010384400979862	-0.12840746753642976	-0.12070051244317702	0.0112415046762183	-0.07699257982829677	1	False
MITD1	-0.08537321111385628	-0.11555444200172907	-0.0542639506146663	-0.05283503742421882	-0.07700666028861762	0	True
STAG3L2	0.05158315633049541	-0.1098333178754341	-0.17390647004930382	-0.07625601944158165	-0.07710316275895604	1	False
ZDBF2	0.006490399214901609	-0.11506898812962137	-0.1351457213305444	-0.06529750201398535	-0.07725545306481238	1	False
TMEM41B	-0.032929248656315996	0.025638984236727298	-0.17711796388631265	-0.12467009181246859	-0.07726958002959249	1	False
WASF2	0.03679633328728462	-0.16098523271471402	-0.11265113546283087	-0.072245751206989	-0.07727144652431231	1	False
ZNF594	-0.4207250315279446	0.1541839603836579	-0.04364917499362199	0.0008111756961585139	-0.07734476761043754	2	False
C22orf34	-0.023661514119097348	0.07482864353419297	-0.21830861820832526	-0.14248962673264462	-0.07740777888146858	1	False
C1GALT1	-0.005465256831907529	-0.1609714950663291	-0.08772073952297589	-0.056410490271843264	-0.07764199542326394	0	True
LIN54	0.05743389211257841	-0.04382411337197277	-0.16026085141669838	-0.1642901179631855	-0.07773529765981955	1	False
PRKRA	-0.12200474638133388	0.0208473461994286	-0.09247763052478002	-0.1173653610058897	-0.07775009792814375	1	False
MFAP3	-0.09586594676724647	0.025151132094780062	-0.0599252790382371	-0.18091466517713337	-0.07788868972195923	1	False
SAYSD1	-0.1315881503963469	-0.027464907425739506	0.08649521930614351	-0.23934867013746178	-0.07797662716335116	1	False
KDM5B	0.11103473683436466	-0.056334277275711955	-0.2012246911093345	-0.1653889864463703	-0.07797830449926302	1	False
SIAH1	-0.03311229599425385	0.010954540840939197	-0.16005647133110804	-0.1302882383999804	-0.07812561622110079	1	False
CTNNB1	6.616127433153487e-05	-0.1718950621628832	-0.05060903147125245	-0.09019511479148315	-0.07815826178782181	1	False
GON4L	-0.17185310923592553	-0.0008249309425042421	-0.10033120271081743	-0.039729801138319414	-0.07818476100689166	0	True
BACH1	-0.11945019660870825	-0.13316652636944887	-0.08706859911130586	0.0265937220210447	-0.07827290001710457	1	False
MCCC2	-0.1853529952435149	-0.034950679954536414	-0.08004957938648162	-0.01316473688556392	-0.07837949786752421	0	True
HAUS1	-0.13081205003295973	-0.029329981739371038	-0.03926852564852877	-0.1149280342778536	-0.07858464792467829	0	True
KANK1	0.015455247036303944	-0.09048932403563194	-0.1625090849447273	-0.07708375917792656	-0.07865673028049547	1	False
HPS4	0.16481237414682018	-0.05503803652433573	-0.11148397669383768	-0.31326892239660487	-0.07874464036698953	1	False
TMX4	0.020575542704367178	-0.29303049853974844	0.043765335584456895	-0.08642885831820224	-0.07877961964228165	2	False
PICALM	-0.03436775081448352	-0.12829509843310627	-0.05949002436008774	-0.09296664447637545	-0.07877987952101324	0	True
BRD1	-0.2197508552330547	-0.011929650265434008	-0.01238010066630834	-0.07135465684869981	-0.07885381575337422	0	True
CTSS	-0.11744855423442742	0.018618942172062305	-0.12927495562387836	-0.0874109232751074	-0.07887887274033772	1	False
ATP6V0A1	-0.160797557774703	0.1352221704250061	-0.20550875247152053	-0.08462822314997391	-0.07892809074279784	1	False
MAPKBP1	-0.038523407640779585	-0.11711680540951291	-0.1641615152721177	0.004062959152331886	-0.07893469229251956	1	False
ABCB10	-0.02216186755258403	0.06682451134643674	-0.1111236839170772	-0.24941170064463464	-0.07896818519196477	1	False
KLC1	-0.05525837058819944	-0.0980211740932329	-0.1650537323608356	0.002227098307580323	-0.0790265446836719	1	False
ACADSB	0.01439359203286247	-0.1841563848930777	-0.06217896020268758	-0.08420038951783909	-0.07903553564518548	1	False
LRIG1	-0.07307135933202664	-0.29858685113192557	0.020228404707199728	0.03508696709133887	-0.07908570966635341	2	False
UBR4	-0.038367998376912224	-0.06992629335320868	-0.12263099466018078	-0.08552330702453083	-0.07911214835370813	0	True
RHOT1	0.026676650480699404	-0.12497854870592583	-0.15423843390916456	-0.06409039978297024	-0.07915768297934031	1	False
OGDH	-0.0765507983101133	-0.0578043463581065	-0.09202500488017923	-0.09125767284059974	-0.07940945559724968	0	True
LOC100505502	-0.06855161809799859	-0.03212987143241507	-0.01113256680829197	-0.20599079919324342	-0.07945121388298726	0	True
MRPL45P2	-0.11223345209682865	-0.10832226058185848	-0.10745749287406292	0.01019579348174042	-0.0794543530177524	1	False
GPBP1L1	-0.04760252958440233	-0.0902838053935858	-0.11435788166343039	-0.06611689801978894	-0.07959027866530186	0	True
LONRF1	-0.03172680337671571	-0.20633340750122012	-0.04614508792789628	-0.03431640008315926	-0.07963042472224785	0	True
ZNF273	-0.11518727417386873	-0.044739903330939246	-0.119642108274138	-0.038988116976692654	-0.07963935068890965	0	True
VCL	0.03927262825471571	-0.1226491889260694	-0.1697402665131106	-0.06558761408506626	-0.07967611031738263	1	False
SFT2D2	-0.18361899160627265	-0.018300957617656415	-0.09748821760492367	-0.019335781433864333	-0.07968598706567927	0	True
LRIF1	0.04234967180095055	-0.14803442246087026	-0.023720999445286713	-0.1893502984478662	-0.07968901213826815	1	False
BRCA2	-0.0900010979884612	0.08090525533061498	-0.2929340824227021	-0.016953003522438885	-0.0797457321507468	1	False
NPEPPS	-0.10173493559773276	-0.11927645917446292	0.02214526872647988	-0.1207604755597824	-0.07990665040137454	1	False
PAQR3	0.19857951039170346	-0.15774957131126094	-0.22610004687436117	-0.13449333482383138	-0.0799408606544375	1	False
FOXJ3	-0.07805787865350322	-0.08888167891245319	-0.09946066529110892	-0.05370839470064161	-0.08002715438942673	0	True
CCDC126	-0.1081323161283414	-0.02807135759807202	-0.16765473030199649	-0.01682449954801159	-0.08017072589410537	0	True
ACBD6	-0.17709053306206476	-0.01480653847347588	-0.04389516477897647	-0.0850234639674252	-0.08020392507048558	0	True
CSTF3	-0.026694104842398387	-0.035082309872796924	-0.11016276845932485	-0.1491968191707383	-0.08028400058631462	0	True
MFSD1	-0.035491614375394984	-0.09834748022512613	-0.12376649016926212	-0.06363341520299483	-0.08030974999319451	0	True
ZBTB43	-0.0700645143858761	-0.043894464091027055	-0.05306096071144444	-0.1546058150491412	-0.0804064385593722	0	True
LOC101927151	-0.08305295695616753	0.007834749995543283	0.04043910781347273	-0.28723446324553387	-0.08050339059817134	2	False
TRDMT1	-0.122356834783434	-0.016433925086622166	-0.06225417094406761	-0.12105167423814271	-0.08052415126306663	0	True
GINM1	0.0005770044299829541	-0.12534273841873436	-0.05492008062621057	-0.14270762472696702	-0.08059835983548225	1	False
TMBIM4	-0.10624196458248258	-0.09623910026451005	-0.049313583556193176	-0.07118912773973728	-0.08074594403573078	0	True
ZCCHC4	-0.1557036038095361	-0.035726052795617004	-0.10437579687634581	-0.027645636975151558	-0.08086277261416261	0	True
SNX1	-0.1476439834823347	-0.09443509963837406	-0.1258190041603348	0.04441335002637774	-0.08087118431366645	1	False
C6orf62	-0.1785946549995468	0.07588705013556891	-0.09170902965220248	-0.1292020538502952	-0.08090467209161889	1	False
PPP2R5E	-0.06056552341227812	-0.11705984502976734	-0.0439920686378052	-0.10238712341026805	-0.08100114012252968	0	True
PITRM1	-0.16548823867510412	-0.05816895830079507	-0.0406526685967954	-0.059908656477672455	-0.08105463051259176	0	True
STXBP4	-0.1695220805798229	-0.1229809068113766	-0.012537277901235034	-0.019713496352269252	-0.08118844041117596	0	True
MACO1	-0.025517126865292714	-0.0050989443002862	-0.15301191249279644	-0.14124362457483816	-0.08121790205830337	0	True
NDUFAF6	-0.04146991232805295	-0.09165289005191644	-0.09934171122062546	-0.09248716811599743	-0.08123792042914807	0	True
ABCD4	0.023172009942074245	-0.0554741115459629	-0.12871692551290317	-0.1642742896803689	-0.08132332919929018	1	False
ZNF100	0.0005427617182871687	-0.013665668112366877	-0.14008829615989465	-0.17227387602150251	-0.08137126964386922	1	False
STARD3	-0.037476526075170984	-0.2172865917112911	-0.029511122387023955	-0.04137646360043538	-0.08141267594348037	0	True
PHF14	-0.0840174323562668	-0.05433153251057745	-0.05037765234869323	-0.13702709371076457	-0.08143842773157552	0	True
PAPSS1	0.04398461135151189	-0.13526679339301334	-0.11654983508079876	-0.1182964884612327	-0.08153212639588323	1	False
RBM6	-0.10628450978252107	-0.07887757763930882	-0.10760656480230556	-0.03344255831241398	-0.08155280263413736	0	True
LCMT1	-0.024245420056231013	-0.14874341659333848	-0.06136226904577233	-0.09295193082563113	-0.08182575913024323	0	True
CBLB	0.06297569591997691	0.0010995568782568993	-0.20477629607626044	-0.18712379274922986	-0.08195620900681412	2	False
IL7R	0.06843588900424305	-0.1968159186813108	-0.08038187367532389	-0.11976208360228877	-0.08213099673867011	1	False
FBXW7	-0.07116928466836724	-0.09312260800426075	-0.10231185426874058	-0.06245823064485381	-0.08226549439655559	0	True
TXLNGY	-0.1735640083176914	-0.058855042226205176	-0.08685585797284202	-0.010092579618478323	-0.08234187203380422	0	True
TTC27	-0.13820419858798202	-0.0956609743870485	-0.040385417396446015	-0.055376398476680376	-0.08240674721203922	0	True
SIL1	0.09745238250616624	-0.10168127427195356	-0.10794724922444644	-0.21771713374387877	-0.08247331868352814	1	False
BRMS1L	0.06848076371216566	-0.27408370703991836	-0.09914415821447438	-0.02529770509807168	-0.08251120166007468	1	False
NME3	-0.05583675392787744	-0.16843522672421934	0.07826690837669929	-0.18422906930299532	-0.0825585353945982	1	False
METTL22	0.03726349582081972	-0.017750643243300068	-0.13960908347571044	-0.210637413157263	-0.08268341101386345	1	False
RPRD1B	-0.043770297340067134	-0.16154779577947892	-0.05386542912371396	-0.071953326396143	-0.08278421215985075	0	True
MGA	-0.1289130278783875	-0.11769847110229738	-0.12107694545546652	0.0360407493087268	-0.08291192378185613	1	False
H1-2	0.23944391944335924	-0.10076349040488061	-0.21340305356069295	-0.2569361743550989	-0.0829146997193283	1	False
PHC2	-0.19422007812064665	-0.005970519449686595	-0.10207149124813576	-0.0294894819551682	-0.0829378926934093	0	True
SP2-AS1	-0.12276479664830986	0.09714012619908682	-0.4203573406935623	0.11362340921119173	-0.0830896504828984	2	False
RSBN1L	-0.12900645583986767	-0.12347191056216578	-0.05781907382473717	-0.02212726845006447	-0.08310617716920878	0	True
WDR27	-0.11079585844862458	0.1625420885334756	-0.1645537739103222	-0.21977380998359491	-0.08314533845226652	1	False
GUSBP3	-0.07847519241492908	-0.2544539034421972	0.007841455896911929	-0.00764750392518067	-0.08318378597134875	1	False
CERK	0.006971621055747358	-0.06258555754878369	-0.10034385597487638	-0.17696763749848704	-0.08323135749159993	1	False
TBL1X	-0.051689169720986514	0.06656790675772362	-0.16747001798771427	-0.1804286210053967	-0.08325497548909347	1	False
SACM1L	-0.04079154039331502	-0.03669065117889528	-0.10862096339353672	-0.14727293902117197	-0.08334402349672976	0	True
LINC00641	-0.08642993071314417	-0.2003604598439186	-0.031812052571405056	-0.014822764768778562	-0.08335630197431161	0	True
FNTA	-0.10136878667603982	-0.0838654233590792	-0.012401226657259212	-0.13584712980387625	-0.08337064162406363	0	True
SERPINB6	0.12538011560961582	-0.2815828647363476	-0.06606667030038663	-0.1113904751776443	-0.08341497365119067	1	False
DCUN1D2	-0.06255470252629271	-0.20971252452426853	-0.11190566481292605	0.05042596735678701	-0.08343673112667506	1	False
FKBP1A-SDCBP2	-0.04232284219502829	-0.032177216553428534	-0.10545788019901997	-0.1541140857617793	-0.08351800617731403	0	True
SNAP23	-0.12716034439806506	-0.061938629003316654	0.01950676975279621	-0.16495145792202734	-0.0836359153926532	1	False
SGMS1	-0.021756286004346388	-0.16663723384987145	-0.0805985856900167	-0.06559374281629145	-0.08364646209013149	0	True
QKI	-0.07749569199430838	-0.16718943860393035	-0.0930432839839797	0.0030511298644610124	-0.08366932117943936	1	False
RPS6KA3	-0.030034127952470915	-0.20530118558850421	-0.03319019522199528	-0.06699372639336613	-0.08387980878908415	0	True
CLCN7	-0.2996007436603435	-0.07385221155605082	-0.0832271679912473	0.12070702278582095	-0.08399327510545516	1	False
GNPTAB	-0.06365218176832278	-0.15429104043095315	-0.093424666391236	-0.024688838918898177	-0.08401418187735252	0	True
GGPS1	-0.21378136268837958	-0.020771134001878244	-0.10034799659411067	-0.0012518691537736005	-0.08403809060953553	0	True
DCUN1D1	-0.06385822577497073	-0.049528998115519765	-0.18308604515461124	-0.039873368377126114	-0.08408665935555697	0	True
GOLGA8B	-0.06817849212655815	-0.12006745698213359	-0.15618415624273507	0.007552341924185765	-0.08421944085681027	1	False
NAA30	0.14062691914253694	-0.19575525523354267	-0.14423386355052015	-0.13770178783528067	-0.08426599686920164	1	False
MED15	-0.09714556779731524	-0.049817899248035466	-0.05834431993221213	-0.13199728327129806	-0.08432626756221523	0	True
C15orf41	-0.0629786503053084	-0.021408382594938952	-0.19923630940755385	-0.053831743870764184	-0.08436377154464134	0	True
GALNT1	-0.17162555971532364	-0.08233749417272693	-0.06368143391859266	-0.020145404361352103	-0.08444747304199883	0	True
TUBGCP3	-0.03722494865172622	-0.07496109115156836	-0.10721814699803328	-0.11889700123171469	-0.08457529700826064	0	True
KCMF1	-0.0603719708607991	0.008376946693638263	-0.1798524101559244	-0.10667878238037913	-0.0846315541758661	1	False
CCDC174	0.04520986042066038	-0.1095252405157553	-0.10099835320154098	-0.17332343664768773	-0.08465929248608091	1	False
CUX1	-0.046120407826445615	-0.11991943083591233	-0.038732592285915864	-0.1340921397515344	-0.08471614267495205	0	True
RAB22A	-0.026340020839442646	-0.13671430025926495	-0.06854242558504674	-0.10730025069443146	-0.08472424934454645	0	True
BCL6	-0.12674736041366094	-0.09904501249181519	-0.029145004421025265	-0.08460409604781101	-0.0848853683435781	0	True
TNIP1	0.04126248732388127	-0.20937094029456169	0.029476190274020812	-0.2010210379158693	-0.08491332515313223	2	False
SPAG5-AS1	-0.03680545367294198	0.08111592402637532	-0.25004305800917725	-0.13420259984544086	-0.0849837968752962	1	False
MFHAS1	-0.059516820416968354	-0.13895873711243714	-0.031978563846674336	-0.11013231560235308	-0.08514660924460822	0	True
SNX27	-0.03332744287323089	-0.0313333977941781	-0.18598148580075738	-0.0901453167541025	-0.08519691080556721	0	True
MYO1D	0.08859490747558635	-0.07530405504473434	-0.138745012901596	-0.21575957926109926	-0.0853034349329608	1	False
HDHD2	0.009735821321684992	0.010192473136213853	-0.25415244013131466	-0.10728997938358725	-0.08537853126425077	2	False
SLC20A2	-0.15348081776610772	0.0399084745510688	-0.1389651421317511	-0.08906887716607005	-0.08540159062821501	1	False
SPOPL	-0.1283840846595155	-0.07954099268153014	-0.06880604030484781	-0.06489314567269269	-0.08540606582964655	0	True
CHCHD3	-0.11758525245334839	-0.019403437691941038	-0.0885688630590297	-0.11612170380373567	-0.0854198142520137	0	True
USP48	-0.036605818138594065	-0.025042710736906313	-0.09486997092433296	-0.1852569510893239	-0.08544386272228932	0	True
EEA1	-0.15083249285999611	-0.0018215224310755601	-0.15964235150784886	-0.030060529067238863	-0.08558922396653985	0	True
NVL	-0.24258710415069387	0.09219347609490187	-0.11262777293519292	-0.07999297975250683	-0.08575359518587294	1	False
BCL11B	0.032456609363615274	-0.0898269437994032	-0.1756278240621028	-0.11002626559849607	-0.0857561060240967	1	False
MED27	-0.028045639875577826	-0.19844680409303572	-0.04316817806673702	-0.07345508069589422	-0.0857789256828112	0	True
MPHOSPH8	-0.11843131550545578	-0.05532251987768746	-0.04359769449816742	-0.12578605430168768	-0.08578439604574958	0	True
HEBP2	0.051003460893393505	-0.11874047445366774	-0.06754703032906409	-0.20812500729171604	-0.08585226279526359	1	False
HCG17	-0.12320829258576842	-0.15021563406977498	0.09679018205056393	-0.16700475194461661	-0.08590962413739901	1	False
DNAJC18	-0.09593334941039221	0.024182937230476893	-0.07885019625370693	-0.19366755822956286	-0.08606704166579628	1	False
GNA12	0.03416516401230646	0.002664112636814069	-0.2472805275008014	-0.1338472533659493	-0.08607462605440755	2	False
EAPP	-0.1525392745101495	0.028415379839636074	-0.09993115502928165	-0.1208679532384764	-0.08623075073456787	1	False
IKZF5	0.013377646112391492	-0.08969459781344344	-0.17343582624781687	-0.09538205744066197	-0.08628370884738269	1	False
LEPROT	0.03222800508262301	-0.1641717436063139	-0.23044624339078615	0.01724616362972691	-0.08628595457118753	2	False
STAG3L4	-0.1342616626533148	-0.1139819254663098	-0.10343748341640699	0.006373468443576735	-0.08632690077311371	1	False
TUG1	-0.08809821081584211	0.03258985643896934	-0.24400043815643244	-0.046459383263842684	-0.08649204394928697	1	False
ZNF786	-0.18385987872207152	0.07160059312234325	-0.2661027940723255	0.03160520754727621	-0.08668921803119439	2	False
VPS26C	-0.0172414835908166	-0.10020122086551238	-0.06207706647625987	-0.16773944821218778	-0.08681480478619416	0	True
CUL2	-0.1581472850850701	-0.0921758382359402	-0.010764983636705529	-0.08653357600048682	-0.08690542073955065	0	True
NCKAP1L	-0.0012845853324793316	-0.10971865769004242	-0.09555243786029777	-0.14107485565732397	-0.08690763413503587	0	True
LINC00667	-0.14216122010244953	0.02603411464589229	-0.17548137080850154	-0.05640315538137178	-0.08700290791160764	1	False
CDYL	0.004561237649925587	-0.174629263622045	-0.08675586530131596	-0.09127172817445757	-0.08702390486197324	1	False
DTNB	-0.0493104358793907	-0.10378500089007023	-0.1512735688405486	-0.04375905651691159	-0.08703201553173028	0	True
DNAJC1	0.018068826867307267	-0.11742345972995274	-0.06791252488986939	-0.18125162845060955	-0.08712969655078111	1	False
CEP95	-0.10708303713200869	0.031941942477585174	-0.127086153120084	-0.14632480728951053	-0.08713801376600451	1	False
KCNQ1OT1	0.05275902386720007	0.09032346938887309	-0.18529484885865932	-0.306432420062376	-0.08716119391624053	2	False
MYH10	0.023987217801626378	-0.08341391716940169	-0.12815508917825322	-0.16123408185429006	-0.08720396760007965	1	False
IDH1	-0.059947274327968786	-0.18909637978571206	0.02049979636682401	-0.12050675797780705	-0.08726265393116597	1	False
RTN4	-0.03505378502655278	-0.0627165201669926	-0.17462657924488345	-0.07727186461482452	-0.08741718726331332	0	True
NPHP3-ACAD11	0.03796794599467624	-0.0020813586325334117	-0.26305763530505294	-0.12259448272823849	-0.08744138266778714	1	False
YTHDF3	-0.041953457992645445	-0.11541519024455509	-0.0832086718625576	-0.10948023869926239	-0.08751438969975513	0	True
CTC1	0.1529308427604257	-0.16748730552619262	-0.23270565886288117	-0.10320653970027271	-0.0876171653322302	1	False
RNF149	0.05074911228529655	-0.15028409002272058	-0.06585578492916717	-0.18544924817380098	-0.08771000271009805	1	False
MYO9B	0.04301600706257515	-0.14045034040507584	-0.11982242165613705	-0.13374828807319575	-0.08775126076795836	1	False
NSD1	-0.12824944990619733	-0.05551457183769261	-0.06979608796901042	-0.09750590015383058	-0.08776650246668274	0	True
AGFG2	0.10202264046453492	-0.1178781298965578	-0.13945386220995337	-0.19625017149218432	-0.08788988078354014	1	False
HCG18	-0.132470088585312	0.030838125629537978	-0.12269903216725457	-0.1272870830007303	-0.08790451953093972	1	False
YLPM1	-0.12638036748999984	-0.1089404530025226	-0.06965461136449756	-0.04666664955414447	-0.08791052035279112	0	True
PIK3C2A	0.01593667013716006	-0.19932065404147856	-0.08120539409238832	-0.0870737336636178	-0.08791577791508115	1	False
SMYD3	0.01683383379734761	-0.08875526123231252	-0.17834294041383492	-0.10174243840751643	-0.08800170156407905	1	False
CEP78	-0.08976222291759337	-0.07280402497629275	-0.2054758140716797	0.01594202863867066	-0.08802500833172379	1	False
SLC39A11	0.0035585848081394534	-0.12726623201139675	-0.09081635042707102	-0.13822332296304662	-0.08818683014834373	1	False
PUS10	-0.0010851291016188837	-0.07413405806179776	-0.14655999043749718	-0.13098143436005566	-0.08819015299024237	0	True
CERS6	-0.007204573185380519	-0.18806569558641187	-0.1111897259546845	-0.046541191456823276	-0.08825029654582504	0	True
ARHGAP5	0.048616309683344884	-0.1567590262866813	-0.03965630306857842	-0.2057727054499644	-0.08839293128046982	1	False
PDZD8	-0.09344732763139485	-0.11344417450609265	-0.08688572092078223	-0.06116807463809089	-0.08873632442409014	0	True
PITPNM2	-0.08536841939562888	-0.110874272503623	-0.04767900183065282	-0.11146846970417582	-0.08884754085852012	0	True
CYP2R1	-0.07241863134132832	-0.05496221651603343	-0.14162497388551762	-0.08654230522284097	-0.08888703174143008	0	True
LRRFIP2	-0.03518756605369759	-0.12772994921985675	-0.11361848124680661	-0.07916925088013356	-0.08892631185012363	0	True
E4F1	-0.2177443996593028	-0.06788919108631189	-0.014025304448372519	-0.056160442177689125	-0.08895483434291908	0	True
UBR5	-0.060310371518837426	-0.12482943595735338	-0.05991349356583682	-0.11077286168451456	-0.08895654068163554	0	True
CUL5	-0.1066424011416798	-0.09665460873587801	-0.08226823354603342	-0.07041566149368986	-0.08899522622932027	0	True
PCNX4	-0.07805437027903168	-0.07073971153923166	-0.10014018676155392	-0.1071382124029131	-0.08901812024568259	0	True
PTPDC1	-0.09982592791694009	0.05176762766161225	-0.18855197167413873	-0.11950316452350623	-0.0890283591132432	1	False
ANKRD46	-0.20987581141844158	0.000609131588725417	-0.15683339414351102	0.009663177356202436	-0.08910922415425619	2	False
TBC1D17	-0.02525661859985446	-0.1961144210395281	0.09590086416953338	-0.23104154601994742	-0.08912793037244915	1	False
ATF6	-0.046244646796806635	-0.09926528393349758	-0.11969235183660305	-0.09142383518786149	-0.08915652943869218	0	True
PPP6R2	-0.10168632082095207	-0.05040499948617595	-0.08957221728502286	-0.11613534732782854	-0.08944972122999485	0	True
RSRC1	-0.0675459967807036	-0.05774521995391265	-0.14729567338343874	-0.08525588241746102	-0.089460693133879	0	True
DPY19L3	0.06520874200561251	-0.075640646995969	-0.19071227156621903	-0.15671616311979716	-0.08946508491909316	1	False
YTHDC1	-0.02442422853654638	-0.1486358575244526	-0.039498327250010005	-0.14533147646142913	-0.08947247244310953	0	True
AXIN1	-0.028635870074741717	-0.0938347141808935	0.07224389852568314	-0.30767609555250114	-0.08947569532061331	1	False
MAPK9	-0.0916190230959715	-0.12859573661587387	0.00801273390254663	-0.1458541684677213	-0.08951404856925502	1	False
NPC1	-0.12828842934793197	-0.049897845255371366	-0.14216770663072476	-0.03777163620762289	-0.08953140436041274	0	True
MAP3K7	-0.021958859987658137	-0.11391743563534007	-0.10947671910299707	-0.11291185930830014	-0.08956621850857385	0	True
MTX3	-0.04642130732751635	-0.03860475241430426	-0.0788097301593373	-0.19459752344193448	-0.08960832833577309	0	True
SUZ12P1	-0.035649326208166646	-0.03973437597885309	-0.17490392455028891	-0.10819460152175774	-0.0896205570647666	0	True
SPTBN1	0.09289282784746557	-0.012574450791611283	-0.19908858678164676	-0.23983560374447596	-0.08965145336756711	1	False
DYNC1I2	-0.054173312830696124	-0.10007174202881199	0.016003899194394232	-0.22046079273976635	-0.08967548710122006	1	False
SMG9	-0.16565182483471771	0.1402322435195912	-0.13548557816936238	-0.19853044568555508	-0.08985890129251099	1	False
ZNF276	-0.2229236632712607	0.039057643810997494	-0.01646793099025601	-0.15936778736557625	-0.08992543445402387	1	False
IL16	-0.06929094459120898	-0.3849406631818385	0.11723058584837946	-0.022749853301665717	-0.08993771880658344	1	False
ABCA11P	-0.08068236215916205	-0.1265444756172268	-0.15792032071175863	0.004720919245627197	-0.09010655981063008	1	False
LOC102606465	0.03907490615866638	-0.06548860919851142	-0.16968189936681455	-0.1644242819960648	-0.09012997110068109	1	False
MTERF1	-0.09461348247222119	-0.03301109934658013	-0.09811361083862678	-0.13501472379216373	-0.09018822911239796	0	True
TMC6	0.04686325604884235	-0.1583928330502895	-0.23025736527372262	-0.019071517350116828	-0.09021461490632164	1	False
OSER1	-0.01453497062812268	-0.1921925270452739	-0.0045588991269798745	-0.1497234973872463	-0.09025247354690569	0	True
LOC284581	0.011102513360079601	-0.00047193014943813923	-0.09418201662154624	-0.27771173274329203	-0.0903157915385492	1	False
ESCO1	-0.0055725672692654655	-0.1022037353600127	-0.08527042425464147	-0.16830561730014754	-0.0903380860460168	0	True
VCPKMT	0.04181045729550131	-0.13509838836727106	-0.10659049396352091	-0.16235171237619428	-0.09055753435287123	1	False
NRDE2	-0.06201827675013768	-0.1511223221087362	-0.1342104076595919	-0.015228445560333941	-0.09064486301969993	0	True
CBR4	-0.08761797145811959	-0.04947180588054288	0.018481060425239615	-0.244240486236904	-0.09071230078758172	1	False
GNB1	-0.14297641338483152	-0.03933217671694386	-0.08590029756851505	-0.09506643895938763	-0.09081883165741952	0	True
RNF141	0.12704380409302957	-0.1817823658548747	-0.10573401386545807	-0.20349068630081235	-0.09099081548202889	1	False
ZNF189	-0.23135191421408394	0.12451038213130863	-0.15400938544721068	-0.10422264449738965	-0.09126839050684392	1	False
CDC27	-0.04948511851196441	-0.051405206145981645	-0.1559278432712518	-0.10837190104626125	-0.09129751724386478	0	True
MIER3	-0.15071226060790416	-0.12272684713530337	-0.10728856264471509	0.015049809215260938	-0.09141946529316541	1	False
MT-CO2	-0.18479357939073432	-0.09945497878283503	-0.036138760109845354	-0.0458788786784626	-0.09156654924046932	0	True
COMMD10	-0.06516713455571474	-0.1432791619099626	-0.10835772312068373	-0.04999030825669719	-0.09169858196076457	0	True
TMEM106B	-0.12837057249388473	-0.05704053327775596	-0.1438609102747102	-0.03820389314067224	-0.09186897729675579	0	True
NDUFS4	-0.044714782682013655	-0.12321333546850789	-0.07713079793043953	-0.12259129166593886	-0.09191255193672498	0	True
RBM12B	-0.07191900163221539	-0.05672325180241928	-0.12087460912390698	-0.11838350798301185	-0.09197509263538838	0	True
C2orf68	-0.03521492063093511	-0.17288274977835022	-0.1320060858760696	-0.027821398267168982	-0.09198128863813099	0	True
CLK1	0.026825243384513184	-0.05898551230759759	-0.12013648217371926	-0.21578106503514768	-0.09201945403298784	1	False
ZNF280C	-0.1577766290304998	-0.27700040773271256	0.0032894021063871724	0.06322872703104777	-0.09206472690644435	2	False
UBA3	-0.07879423006744543	-0.17179251874259496	-0.11330273675453943	-0.004447445149352519	-0.09208423267848309	0	True
CLEC16A	0.012155157693447572	-0.08890265417782865	-0.14475430765984235	-0.14691991735492957	-0.09210543037478824	1	False
PGAP1	-0.040677363347771646	-0.015373943443288228	-0.14159424387348066	-0.17122475613419924	-0.09221757669968494	0	True
SLC25A13	-0.1665454069596256	-0.1400789585285952	-0.0029496104989791094	-0.059593715677956155	-0.09229192291628902	0	True
GIGYF2	-0.04758505542190902	-0.126610351685417	-0.10421478843841026	-0.09082792530729103	-0.09230953021325683	0	True
SETD1B	-0.13778163203107693	-0.12864340041546737	-0.04680697435794244	-0.05635973183270975	-0.09239793465929913	0	True
INTS6L	0.04760789359803265	0.021209778727977975	-0.15939261426557066	-0.2794119126430279	-0.09249671364564699	2	False
QRICH1	-0.01029890034124324	-0.12696093996144595	-0.19470525576710823	-0.03863279515636219	-0.0926494728065399	0	True
ATE1	-0.10377225411852502	-0.09051157001891473	-0.06398960067632438	-0.11267240686252096	-0.09273645791907127	0	True
PPHLN1	-0.02800770361918587	-0.10067089351862635	-0.13733695129103649	-0.105392507006009	-0.09285201385871442	0	True
PLCB1	-0.0022518633800580144	-0.18473064989907784	-0.17961763071712783	-0.004907264259737839	-0.09287685206400038	0	True
MPP5	-0.10838187451744591	-0.058951759810949696	0.008107803733178001	-0.2122942386602015	-0.09288001731385478	1	False
PBRM1	-0.10324986669255563	-0.13957750522488008	-0.045436656500121686	-0.08348347621241954	-0.09293687615749423	0	True
CCDC88C	0.07657578227765106	-0.17635529498315497	-0.096184276443828	-0.1759372085787354	-0.09297524943201682	1	False
AP1M1	-0.14904963979468758	-0.09101426265747484	-0.13116370009629116	-0.001567748608020073	-0.0931988377891184	0	True
MFSD14C	-0.11752684930832535	-0.06502543366907888	-0.0822417237773472	-0.10802974112428125	-0.09320593696975817	0	True
CRYZL1	-0.06170603273843116	-0.04971586679534884	-0.1389380088177319	-0.12259326659612117	-0.09323829373690827	0	True
UBTD2	-0.17688041635935584	-0.007742366959565549	-0.17243927170208767	-0.016334720447905262	-0.09334919386722858	0	True
VTA1	-0.08968765511968921	-0.07742728744502547	-0.07970552219406596	-0.12681898469034522	-0.09340986236228146	0	True
ZBED5	-0.14475785749592732	0.02252687857705719	-0.1010784142647718	-0.15044748871462016	-0.09343922047456552	1	False
HTT	-0.09847677613640747	-0.041245432860797314	-0.04779026650977756	-0.18630862842532447	-0.09345527598307671	0	True
NUCB1	-0.09631044613326178	0.010447894555200146	-0.09136533385691477	-0.19682821130965206	-0.09351402418615712	1	False
ARHGEF12	-0.03582203183132865	-0.14572728390024878	0.009434649368787233	-0.20229815331104775	-0.09360320491845948	1	False
SNX25	0.033702590456990915	-0.22273863766146088	-0.08606839036544517	-0.09946510596202247	-0.09364238588298439	1	False
RNF11	-0.10995666629795782	-0.04225265917016309	0.0021171308389256213	-0.22447769713060073	-0.09364247293994901	1	False
MAP3K14	-0.13734461567152279	0.06940982621043923	-0.14404033958640897	-0.16263036689149615	-0.09365137398474717	1	False
PAFAH1B1	-0.07613330332744422	-0.04825300019364588	-0.10364133308219371	-0.14679404762947856	-0.0937054210581906	0	True
PRKCQ-AS1	-0.14313405759353334	-0.14266133121119934	-0.02685798356585172	-0.0623398321216815	-0.09374830112306647	0	True
VPS37A	-0.12260347966792133	-0.08261517894350309	-0.12240646483202132	-0.04759306894219279	-0.09380454809640963	0	True
INTS2	-0.11208318155510097	-0.005920219163369636	-0.07120390973660908	-0.18635451553459714	-0.0938904564974192	0	True
SNX4	-0.010800782166387123	-0.10222979949166063	-0.13774681116543191	-0.12499948955007108	-0.09394422059338768	0	True
TAB3	-0.032758260803004695	-0.05237331110334776	-0.08894552788064593	-0.20184356078918236	-0.09398016514404518	0	True
SLC25A40	-0.12003839209361185	-0.13535589914773372	-0.01767709539433361	-0.10301186867250342	-0.09402081382704564	0	True
HS2ST1	-0.13643928158812083	-0.02661713122638186	-0.12016519343125424	-0.09291136763018386	-0.0940332434689852	0	True
FRG1BP	0.1080470877958937	0.005636037657262609	-0.20789286431397577	-0.2820132587500376	-0.09405574940271426	2	False
ORC5	-0.06131705687634969	-0.1488548644885189	-0.012273627895373607	-0.1539744499565755	-0.09410499980420442	0	True
TRA2A	0.02053226458962818	-0.11675376999470195	-0.1477001968213842	-0.1330200652741914	-0.09423544187516233	1	False
KCNQ1	0.20801441865804757	-0.24513971735280093	-0.4001468380006515	0.06027931883374986	-0.09424820446541375	2	False
CNOT8	-0.09539032799118771	-0.1060752524098568	-0.12495091087357496	-0.051111238276982766	-0.09438193238790056	0	True
ACOT13	-0.009978402090805761	-0.09517699955924085	-0.10074340793778773	-0.17175286223071393	-0.09441291795463708	0	True
AMPD3	-0.07130527332516079	0.05812292021109093	-0.2333077393614357	-0.13193542590960008	-0.09460637959627641	1	False
LOC101929162	-0.16350109495407272	0.01920177879758264	-0.1769924271073073	-0.05728267316313541	-0.0946436041067332	1	False
PIGF	0.030683294149600967	-0.21240105659885555	-0.16664104376585206	-0.030437104399015095	-0.09469897765353043	1	False
PWARSN	-0.08635390146318954	-0.04430967890582027	-0.2785891008763049	0.030280748543084095	-0.09474298317555765	1	False
MYO9A	-0.05717172069029939	-0.15049397021456057	-0.10058343285918904	-0.07102537000910089	-0.09481862344328748	0	True
SIN3A	-0.14335364843166645	-0.04925800736495091	-0.11521160538912814	-0.07220435058565436	-0.09500690294284997	0	True
RNF185	-0.01868312259552912	-0.08019767410583413	-0.1098562278126602	-0.17131721766022992	-0.09501356054356334	0	True
IPO8	-0.10460908782531446	-0.14081407110129107	-0.06886182798565514	-0.06675637887087671	-0.09526034144578435	0	True
PPIP5K2	-0.08780597680238982	-0.035791187706674756	-0.12189621435158489	-0.1357965674428231	-0.09532248657586814	0	True
C21orf91	-0.014980834623574005	-0.22175095035168363	0.04475043939800258	-0.1896988255584708	-0.09542004278393146	1	False
ZNF544	0.02158276527573896	-0.12966563615089255	-0.20279264743483066	-0.07104567293112414	-0.0954802978102771	1	False
RHBDD1	0.06801592105899174	-0.05234802511102336	-0.1455411257436126	-0.25212932261704746	-0.09550063810317291	1	False
CCDC88A	-0.03147571861833251	-0.05252864321599873	-0.1353204224093425	-0.16283557318868108	-0.0955400893580887	0	True
MAPKAP1	-0.15667922051144295	-0.04946694890598154	-0.08510814642224306	-0.0909165990793844	-0.095542728729763	0	True
ROCK2	-0.08268562303322707	-0.14878448543040007	-0.1046958276638208	-0.046035176336599704	-0.09555027811601191	0	True
NCK1	-0.08721123552498775	-0.1169606224230061	-0.13038046906312903	-0.04771345837881987	-0.09556644634748569	0	True
NRDC	-0.12580217736204852	-0.07887802138129738	-0.12081389292613945	-0.056869138304790456	-0.09559080749356895	0	True
EYA3	-0.1247057006179495	-0.11152279395396512	-0.09813590975068338	-0.04884304415260673	-0.09580186211880118	0	True
SLC25A16	-0.12886019197077017	-0.06894603911974675	-0.12356678864553522	-0.06199370859252808	-0.09584168208214505	0	True
MAP4	-0.07840997197379884	-0.12654205758348436	-0.0877482480386606	-0.09089094040681404	-0.09589780450068947	0	True
PKNOX1	-0.18446385708368668	-0.04306913488396886	-0.014394515174408215	-0.141761115651913	-0.09592215569849419	0	True
ATAD2	0.029840275201566527	-0.16587222887205758	-0.16106315520789252	-0.08727037544684998	-0.09609137108130839	1	False
UBE2J1	0.2947481564792341	-0.2623057904178866	-0.20810493265692315	-0.20934592547640965	-0.09625212301799632	1	False
ZNF445	0.10181933210310004	-0.21423415032643797	-0.22046367531516503	-0.052474416389270986	-0.09633822748194348	1	False
MRE11	-0.02169005671018634	-0.18820595080441432	-0.1306835946941203	-0.04501856155290742	-0.09639954094040709	0	True
TSC22D2	-0.09551538369645715	-0.07043423865736208	-0.08525272575631503	-0.1343995257438422	-0.09640046846349412	0	True
EXT2	0.006731572937975292	-0.13127812637751932	-0.10117855019868251	-0.15992647053117776	-0.09641289354235108	1	False
CCNY	-0.10935514568512242	-0.09109572941754414	-0.11322352320330163	-0.07241937509134748	-0.09652344334932893	0	True
KCTD9	-0.05221401879641548	-0.22043507146100935	-0.015877385701029006	-0.09779056651101203	-0.09657926061736646	0	True
MARCHF5	-0.09813884783036944	-0.11708999285255783	-0.036481137942717325	-0.13466102174802178	-0.09659275009341659	0	True
PHF2	-0.22238717515748888	-0.12603980848225513	-0.14170821977309647	0.10323170139422456	-0.09672587550465397	1	False
TMEM161B	-0.1408322533952382	-0.12712939867628856	-0.014825917503695444	-0.10436612886378865	-0.09678842460975272	0	True
INPP5D	0.07897809262175247	-0.128912296816802	-0.05103057310276911	-0.2864211387642629	-0.09684647901552038	1	False
CMTM6	-0.07800032247519877	-0.1843538920382379	-0.008029218244546556	-0.11772340076657992	-0.09702670838114077	0	True
EHMT1	-0.04797940348029359	-0.1327798214454861	-0.1289784444490257	-0.07849879180018333	-0.09705911529374718	0	True
IRF1	-0.11713958734788059	-0.19664377706327332	-0.03453437843547016	-0.03999614707833462	-0.09707847248123966	0	True
PDE5A	-0.06131446184415645	-0.0723559387592773	-0.13092190141305982	-0.12388519690318597	-0.09711937472991988	0	True
RAB4A	-0.15980076131710166	-0.07565485749767124	-0.03661111392917687	-0.11654835681732349	-0.09715377239031832	0	True
VEZF1	-0.09294676366709313	-0.0736586639163072	0.04482444677387902	-0.26703291621215913	-0.09720347425542011	1	False
ASXL1	-0.09568544986292227	-0.11169585113298255	-0.06459655325246458	-0.11778153401774448	-0.09743984706652847	0	True
STX18	-0.11507014142676557	-0.08321518996563813	-0.09913189357404362	-0.09254916440201993	-0.0974915973421168	0	True
RBM48	-0.05010836696703728	-0.043963927993711675	0.02191473147294995	-0.31783993434154284	-0.09749937445733546	1	False
ZBTB4	0.1987196490004575	-0.07088939607679186	-0.16147488318581918	-0.35671501716226967	-0.0975899118561058	1	False
FBH1	-0.03952231233288241	0.006878898206585706	-0.13692666272218285	-0.2207980455267845	-0.09759203059381602	1	False
NUMA1	-0.0815939792064448	-0.02227177012725486	-0.13233496229652936	-0.15451610005731112	-0.09767920292188503	0	True
SLAIN2	-0.06441453952152369	-0.10784961784844287	-0.10422587780501671	-0.1147188092154282	-0.09780221109760287	0	True
TAF1	-0.07661903389863642	-0.10224823989137481	-0.10814361694734642	-0.10470075009683716	-0.0979279102085487	0	True
TUT7	-0.052246880819015774	-0.1660143175333582	-0.06452001777661592	-0.10900579705720456	-0.09794675329654862	0	True
ZZZ3	-0.11874608025108867	-0.05887050451153108	-0.1018100630337826	-0.11265486275240448	-0.09802037763720171	0	True
DLG1	-0.09797638865318788	-0.11109496200156932	-0.09010838131299662	-0.09290619911634856	-0.0980214827710256	0	True
TAOK3	-0.012929823601992225	-0.07851465629920001	-0.15591992679662686	-0.14516846602112754	-0.09813321817973666	0	True
TULP3	-0.21364672740126014	0.028758658572649944	-0.24641205030202484	0.03824956099773331	-0.09826263953322543	2	False
MYCBP2	-0.10301066011813234	-0.13151885776951963	-0.06032082407844304	-0.09859093894598486	-0.09836032022801997	0	True
ALG13	-0.02040529792830828	-0.14857899155797727	-0.11470859935055028	-0.10975208390874833	-0.09836124318639605	0	True
ALDH3A2	-0.07810114495361942	-0.052857980188732834	-0.038816198308207754	-0.22367993078211787	-0.09836381355816948	0	True
CEP57	-0.007328877876520074	-0.0046642865182991815	-0.19753338793005118	-0.18405252298335992	-0.09839476882705758	0	True
WASH2P	-0.07202718822882008	-0.14640569244820278	-0.09289842363548592	-0.08233290333465916	-0.09841605191179198	0	True
LANCL2	-0.406516347072648	-0.0136835252951983	0.0584899364571205	-0.03225355254133294	-0.09849087211301467	1	False
ADAM17	0.019970996829164298	-0.06026046249258363	-0.2076964548144794	-0.14604177364322038	-0.09850692353027979	1	False
SIRT5	-0.1313989200222481	-0.06498011771168845	-0.09737523369592782	-0.10029066465205404	-0.09851123402047961	0	True
NPAT	-0.05583177288849007	0.02056056986754505	-0.1814050000516305	-0.1776536388401784	-0.09858246047818847	1	False
AEBP2	-0.08759399774974277	-0.1208791645073713	-0.09097380784452185	-0.09491017525058344	-0.09858928633805483	0	True
PPM1K	0.08893331673059214	-0.26545583788659566	-0.08725575803422332	-0.13061525726180667	-0.09859838411300838	1	False
ZNF302	-0.21548548774352083	0.03125368109700745	-0.05396722330439488	-0.15650444581806824	-0.09867586894224413	1	False
ZNF266	0.04556041051278451	-0.09734496560114647	-0.20965817528697114	-0.1336786078984993	-0.09878033456845811	1	False
WDR33	-0.06702670134298536	-0.12441709127754855	-0.11564048684157843	-0.08811298947991456	-0.09879931723550672	0	True
FBXL2	-0.1919174930357634	-0.11777522153533267	-0.11588854167350027	0.03026814106762261	-0.09882827879424343	1	False
MARK3	-0.1061114909119514	-0.054973511138974744	-0.16514524442525014	-0.0691105186035887	-0.09883519126994124	0	True
TSPAN3	-0.08766846097570144	-0.05239045826183331	-0.14749121351690395	-0.10789459569889041	-0.09886118211333228	0	True
ACSL5	-0.11093567574082489	-0.16512165048165958	-0.03812662924463383	-0.08162972445564493	-0.09895341998069081	0	True
RNF34	-0.12409478299414753	0.006101963664580443	-0.059038172177226914	-0.21882728806226096	-0.09896456989226374	1	False
STAM2	0.030163053528926235	-0.05649258005626136	-0.16845647248683668	-0.20122486645410032	-0.09900271636706803	1	False
C9orf72	0.24982080948659274	-0.09344692698651591	-0.2962139925815415	-0.25626316785730746	-0.09902581948469304	1	False
ZNF675	-0.04942612731732629	-0.014992621105744734	-0.2736902914397073	-0.0581061417884457	-0.099053795412806	0	True
RMDN1	-0.06211975075862848	0.0019375226647445798	-0.12049339623604328	-0.2157451515365916	-0.0991051939666297	1	False
DOCK2	-0.07896720509765907	-0.06140714918335671	-0.09910980783196477	-0.15716181001623866	-0.09916149303230481	0	True
PEAK1	-0.0638299132294475	0.028219586626139284	-0.2256014048229202	-0.13546213881593896	-0.09916846756054185	1	False
SLF2	-0.09802579145195837	-0.12705261490045444	-0.13663072853746985	-0.03500486106642053	-0.0991784989890758	0	True
OARD1	-0.06745235952443981	-0.09156440621319795	-0.0772437419519569	-0.1605650335849464	-0.09920638531863527	0	True
CCDC66	-0.17356531420626461	-0.08643811654135777	-0.08681086030354387	-0.0515699353029101	-0.09959605658851908	0	True
IFT57	-0.13154366088585484	0.04335437032973168	-0.09660827031514786	-0.2136652406243614	-0.0996157003739081	1	False
TRAF3IP2-AS1	-0.025235025137915847	-0.11304983704089022	-0.07454590335076153	-0.18608245652372699	-0.09972830551332365	0	True
TMEM87B	-0.16108691663652702	0.06772690991441851	-0.08561218277738936	-0.2199935189513703	-0.09974142711271704	1	False
GCH1	-0.008690943121571662	-0.13501551544716112	-0.14492888381392172	-0.11035866409367194	-0.09974850161908161	0	True
MOSMO	-0.13130006391248344	-0.12956624101821168	-0.07742075765712347	-0.061202434117915545	-0.09987237417643353	0	True
FAM126B	-0.024801812609497695	-0.08450481571405317	-0.18046635797755026	-0.11036802577023805	-0.10003525301783481	0	True
ANK3	-0.1725157847751377	-0.15796180394074755	0.023947919730944272	-0.0936790610911409	-0.10005218251902047	1	False
ZFAND6	0.046691781604258874	-0.10714529945155292	-0.1367679041293801	-0.20301958603343326	-0.10006025200252686	1	False
CAAP1	-0.11446589172001698	-0.13562651167359002	-0.07106053776424032	-0.07933928414972133	-0.10012305632689217	0	True
SPG7	-0.13198900293422816	-0.07100069601509128	-0.07341270676730235	-0.12411491096872107	-0.10012932917133571	0	True
AP2B1	-0.026147360778452467	-0.07711262565377132	-0.1458035042267504	-0.15147045230724965	-0.10013348574155595	0	True
QSER1	-0.13718452075435222	-0.051337508569078455	-0.04147422020966511	-0.17053939703534313	-0.10013391164210972	0	True
AKAP10	-0.05495817615807491	-0.08086723466838285	-0.1060537756819122	-0.15867603044053874	-0.10013880423722718	0	True
MTX2	-0.14684159706073252	-0.031966638409595925	-0.08002454391795022	-0.14222954043809732	-0.10026557995659399	0	True
SMYD4	-0.19457611071012784	-0.011918845137927894	-0.2923632919942195	0.0977501242141121	-0.10027703090704079	1	False
MAP4K5	-0.09233601260573131	-0.18233229566371534	-0.05097041640357821	-0.07609424486377923	-0.10043324238420102	0	True
FAF1	-0.11298529727809457	-0.12039411534338695	-0.06866698619512657	-0.10000386834241684	-0.10051256678975623	0	True
NFATC2IP	-0.14333096551146468	-0.054085112812603565	-0.12768327278610986	-0.07702566932670835	-0.1005312551092216	0	True
AREL1	-0.13240278637177746	-0.04063942006357363	-0.17747290153436485	-0.0519023879876521	-0.10060437398934202	0	True
MTR	0.10380599687197942	-0.12241599599794234	-0.17959150256077522	-0.20426962067356982	-0.10061778059007699	1	False
CROT	-0.050019215086853745	-0.24216516297674961	-0.11134692810611418	0.0010502682581057165	-0.10062025947790296	1	False
TAB1	-0.10084130053217061	-0.1899177508795383	-0.040708580991700716	-0.07112281338590226	-0.10064761144732796	0	True
ZCCHC7	-0.1185185620111394	0.019541683640877373	-0.17445065184917136	-0.12980665044014522	-0.10080854516489465	1	False
JMJD1C	-0.06609245490419792	-0.08491209565977847	-0.11946610644567979	-0.13287623831499937	-0.10083672383116388	0	True
UBE2F-SCLY	-0.11772230653099008	0.11825691139715012	-0.24689972289223375	-0.15704982089402084	-0.10085373473002363	1	False
SCYL2	-0.013159908128515918	-0.1628667136331991	-0.12322213431646348	-0.10426411398067364	-0.10087821751471303	0	True
AP1S3	-0.041020318130062856	-0.15568999943555695	-0.05388207122605777	-0.15293399521067458	-0.10088159600058803	0	True
LRRC8D	-0.10047040374462768	-0.024960221262473492	-0.14779435651363634	-0.13046676625776474	-0.10092293694462556	0	True
SAP130	0.02122599752518943	-0.13636490620288935	-0.18937586689024655	-0.09918865810234742	-0.10092585841757348	1	False
DCAF16	-0.03770354575981052	-0.12624780293693752	-0.1458446981870048	-0.0939445600845692	-0.10093515174208051	0	True
TRIM13	-0.0837991485760225	-0.11905679080032965	-0.050511407789395175	-0.15042166939803903	-0.10094725414094659	0	True
ZNF430	0.06830914834349003	-0.07830957790930136	-0.21039483158053512	-0.18346266896093913	-0.10096448252682139	1	False
AP1AR	-0.03740282764114003	-0.1323423019397405	-0.07349022380003895	-0.16070590482281522	-0.10098531455093368	0	True
CHMP1B	-0.05908781534534148	-0.21162869557366393	-0.046000837508270755	-0.08725590107597377	-0.10099331237581248	0	True
SIK3	-0.04344136645071342	-0.13096623701214505	-0.11358770374304039	-0.11615674203824515	-0.101038012311036	0	True
OTULIN	-0.05071322904011923	-0.1652351110206128	-0.027629856746654188	-0.16074048176462344	-0.10107966964300241	0	True
NBR2	0.0995413754603783	-0.08657933969531069	-0.3554544940024183	-0.06197675364382697	-0.10111730297029442	1	False
MSANTD2	-0.27236506487131124	0.012618347530094729	-0.07821505406791218	-0.06726237740026325	-0.10130603720234799	1	False
IL6ST	-0.07394337634457826	-0.08211170763241196	-0.1202151912409602	-0.12904283374260392	-0.1013282772401386	0	True
MIGA2	-0.10173270852721793	-0.08986989529915285	-0.019444492894516243	-0.19502696284729915	-0.10151851489204655	0	True
ASCC1	-0.05210198736420267	-0.06373265661194435	-0.11536009472189677	-0.1751424085768324	-0.10158428681871905	0	True
HIF1AN	0.032678743909432	-0.24797862839306187	-0.04844875858359034	-0.1431224155417642	-0.10171776465224609	1	False
ZFPM1	-0.22467172731576618	0.039139640097570705	0.011696028276849879	-0.23329316671526767	-0.10178230641415331	2	False
SLC25A12	-0.1389724546805877	-0.015721733487804642	-0.15399630897978347	-0.09850528963476382	-0.10179894669573492	0	True
TRAPPC13	-0.053013041840629674	-0.11968729768522282	-0.15212755971698963	-0.08240846885945069	-0.10180909202557321	0	True
CLUAP1	-0.24635644858231223	-0.026624009510719485	-0.18716560200864196	0.052654301026810096	-0.10187293976871589	1	False
SHFL	-0.23252611819119856	-0.08272490503358894	-0.11192055130042762	0.019659395109256527	-0.10187804485398964	1	False
GPBP1	-0.11718149755086463	-0.1162165905222875	-0.08205393886779706	-0.09256926208194834	-0.10200532225572438	0	True
USP3	0.00497414848301115	-0.16001952706385078	-0.1091568382152833	-0.14389709963348715	-0.10202482910740251	1	False
RPAP2	-0.025930762896881638	-0.07172221482033238	-0.18922089406437703	-0.1213676694512003	-0.10206038530819785	0	True
UBR7	-0.13669512031049627	-0.07441471249092967	-0.1259375365006978	-0.07152065435737702	-0.1021420059148752	0	True
CDADC1	0.13324571082022119	-0.11319655652724722	-0.2743780400100202	-0.15447123033158403	-0.10220002901215758	1	False
ZFP62	-0.14328582475391458	-0.09207001930276752	-0.02927066106178757	-0.14444630535605837	-0.10226820261863201	0	True
ATXN2	-0.09175515089805404	0.009153421469951099	-0.12790104377683478	-0.1990860619962868	-0.10239720880030613	1	False
MYSM1	-0.11879659234668895	-0.0008610404146264423	-0.09501072037197841	-0.19503932420955636	-0.10242691933571255	0	True
LPXN	-0.08098975316223526	-0.13954400367023173	-0.11353057023821467	-0.07610647007230692	-0.10254269928574715	0	True
ACAP1	0.05891590617640811	-0.18504532414167021	-0.1901599924078718	-0.09405380982851695	-0.10258580505041272	1	False
CCDC84	-0.10293168854235991	-0.06992085713108442	-0.07422583717467833	-0.16346552082961638	-0.10263597591943477	0	True
KANSL3	-0.014485503452593416	-0.12306045611387123	-0.15754049627950928	-0.11553148287065326	-0.1026544846791568	0	True
TRIOBP	-0.04688290567857373	-0.07328357115654136	-0.1825025288213137	-0.10806301145026746	-0.10268300427667407	0	True
ATXN10	-0.1483785407995974	-0.0749521035757133	-0.09959546175115921	-0.08783398330285996	-0.10269002235733246	0	True
ZNF780B	-0.12533690989291815	-0.16224378857365265	-0.02157121082103917	-0.10182613403400383	-0.10274451083040345	0	True
DGKA	-0.07602501506628781	-0.1033090813645282	-0.21658320048536542	-0.015274211213034138	-0.10279787703230388	0	True
VIPAS39	0.13254166384598737	-0.21100064481001155	-0.1644972701932143	-0.16833054148995136	-0.10282169816179745	1	False
THADA	-0.0967405227319391	-0.022891567916504926	-0.14855977793636727	-0.1437456459104111	-0.1029843786238056	0	True
RNASEH2B	-0.1332329052451809	-0.02278110551275812	-0.10589186801819385	-0.15015162482445898	-0.10301437590014796	0	True
METTL4	-0.18520256728145587	-0.010893277413638311	-0.1473257617680004	-0.06986441300561566	-0.10332150486717756	0	True
MPPE1	-0.04613525597841593	-0.0803813883049569	-0.15430065158905606	-0.1327067831793093	-0.10338101976293454	0	True
PSIP1	0.11128818765045144	-0.24163252566278917	-0.07337729577225402	-0.2099928407052652	-0.10342861862246425	1	False
RNF213	-0.13309097949315388	-0.15839217755616206	-0.0058913024873471	-0.11651677606148823	-0.10347280889953782	0	True
PSME4	-0.048289991167162	-0.1597507691634733	-0.06552150174105834	-0.14076013335683302	-0.10358059885713167	0	True
ATG2B	-0.0634712456617915	-0.0472853066634043	-0.13322269491894134	-0.17082562297378898	-0.10370121755448153	0	True
RNF214	-0.229857108187985	0.04092745679372965	0.0332665453222876	-0.25925415350998754	-0.10372931489548881	2	False
WDR20	-0.15612689115499465	-0.12024865588777753	-0.17845541262933495	0.03955304387723615	-0.10381947894871775	1	False
GYG1	-0.058483912238480054	-0.28237356173967765	0.025604789855693262	-0.10052741722465741	-0.10394502533678046	1	False
TRPC4AP	-0.0680322696483953	-0.09946677932500814	-0.13117291873815445	-0.117169590519297	-0.10396038955771372	0	True
UNK	-0.00832470867133261	-0.06739612904081062	-0.11867783066393915	-0.22160159652197117	-0.10400006622451338	0	True
SENP1	-0.11357362068963384	-0.09307301249049793	-0.0520077672223769	-0.1574267148073899	-0.10402027880247464	0	True
ZNF75D	0.09230868975745024	-0.03821444886854355	-0.23651943701160005	-0.23368871668756475	-0.10402847820256453	1	False
ABL1	-0.19876306952861686	-0.03549492325076665	-0.003969676155568361	-0.1779638510108915	-0.10404787998646084	0	True
HABP4	-0.037128208964848385	-0.09257358532326394	-0.0713701208050725	-0.21566879868692224	-0.10418517844502677	0	True
NCOA6	-0.1501581038705249	-0.1217265654523643	-0.017610178286619763	-0.1273534286198978	-0.10421206905735168	0	True
UHRF2	-0.055294314918918376	-0.10339182125728137	-0.10407304520714207	-0.15434394200657878	-0.10427578084748015	0	True
RAB21	-0.027127131862894813	-0.23536536976548633	-0.006955885354085865	-0.1477834000406495	-0.10430794675577913	0	True
ZRANB3	-0.26134274757250814	-0.03348498232806499	-0.03609774486317093	-0.08661258376445809	-0.10438451463205053	0	True
DPY19L2P2	-0.5330566843019195	0.16260516127498614	-0.041940849094768286	-0.00530549936029614	-0.10442446787049946	1	False
SNX6	-0.12818063774010052	-0.1427231102721223	-0.032085849886435855	-0.11527186760944998	-0.10456536637702717	0	True
ZNF41	0.09626347181488781	-0.13599665244669246	-0.2063757957504931	-0.17223477237846854	-0.10458593719019157	1	False
BANP	0.024172154486705726	-0.05560555567536273	-0.1103682068878898	-0.2768545225611906	-0.10466403265943434	1	False
SMARCAL1	-0.07808027260767769	-0.1526095465295929	-0.015147906040491009	-0.17380894097101363	-0.1049116665371938	0	True
WWC3	0.18184500128305903	-0.0694514571582323	-0.24908761966006998	-0.28317865873754516	-0.10496818356819711	1	False
TRIM33	-0.11363668843676537	-0.15239546143686714	-0.06539685610952428	-0.0886339065813392	-0.10501572814112399	0	True
USP8	-0.09674875116324012	-0.15145782553571155	-0.15973353290958767	-0.012266231171778733	-0.10505158519507951	0	True
PDK3	0.31580550043055977	-0.16178698254138102	-0.3063233021299404	-0.26797971837027307	-0.10507112565275868	1	False
KDM2A	-0.020840105505792746	-0.09325874207302326	-0.11219676047870042	-0.19401391739107268	-0.10507738136214728	0	True
ERCC4	-0.1290279777361723	-0.13635932681016621	-0.18646190739677446	0.03144855083644094	-0.10510016527666802	1	False
FBXO11	0.04346948688285606	-0.0966934062760429	-0.23835718178248608	-0.12899908693438966	-0.10514504702751565	1	False
TMEM164	-0.024578030367764056	-0.1703556081584433	-0.05314314033720485	-0.17257560272730516	-0.10516309539767935	0	True
PAK1	0.10637556509067357	-0.09278266882402943	-0.2288860829585236	-0.20547445001215883	-0.10519190917600957	1	False
FBXO9	-0.18705213107978239	-0.05533733324255818	-0.14982317155610111	-0.028659555697675334	-0.10521804789402925	0	True
ZFP82	0.037849631216627114	-0.15013240935345926	-0.09199689054330851	-0.21689013791542308	-0.10529245164889092	1	False
TULP4	-0.09061278029310833	-0.15529180762831868	-0.03439290635952715	-0.14087652425473823	-0.10529350463392309	0	True
MSL3	-0.15387113767840735	-0.06720611124015599	-0.17054957069596866	-0.03066328727439474	-0.10557252672223169	0	True
INSIG2	0.1302628922609849	-0.019708736727349026	-0.2784145383072731	-0.25449310659554525	-0.10558837234229562	1	False
APBB1IP	-0.014482691760965427	-0.12150009271876382	-0.14972436999180475	-0.13739602262085168	-0.10577579427309641	0	True
FAM241A	-0.2251194106357973	-0.028067098511008297	-0.1072777735063573	-0.06373644690326367	-0.10605018238910664	0	True
SLC36A1	-0.2474304990230774	-0.05235373004994191	-0.09497039276757362	-0.02985138464768561	-0.10615150162206964	0	True
GIN1	-0.11274636799188813	0.08863915263365199	-0.17574944288329733	-0.22475229836073024	-0.10615223915056593	1	False
SYNJ1	-0.09738315839241342	-0.06707300973498863	-0.08348436805879644	-0.17677640875828868	-0.1061792362361218	0	True
ZMYM2	0.030305991711603333	-0.11544980693266402	-0.1666392284812284	-0.17340491088139098	-0.10629698864592002	1	False
CCT6P3	-0.11525945478949468	-0.11622576921792165	-0.2747827455399824	0.08098548633313114	-0.1063206208035669	1	False
RSBN1	-0.0934871533939832	-0.08202002099100095	-0.10373910896732286	-0.14710622320024463	-0.10658812663813791	0	True
SCFD1	-0.041817131745145786	-0.1581357553920979	-0.09851803935198111	-0.1279101558492592	-0.106595270584621	0	True
SETX	-0.07653111160166075	-0.08857641594520702	-0.07653078925088118	-0.18500030838857262	-0.10665965629658039	0	True
SATB1	0.11030714242445823	-0.04151741647335587	-0.23417373820979853	-0.2613161244779649	-0.10667503418416527	1	False
BRD8	-0.1677147448267983	-0.10472288564669013	-0.038257345317174334	-0.11617773735529774	-0.10671817828649013	0	True
ABRAXAS1	-0.13318159372627567	-0.06750430245203765	-0.11850823972184643	-0.10803846692297263	-0.1068081507057831	0	True
ZNF782	-0.012214079328893354	-0.14611848097988023	-0.15861395943028353	-0.11039371633164048	-0.10683505901767439	0	True
GABPB1-IT1	-0.05243769773604252	-0.06030726352497262	-0.12156951248041684	-0.19311475931038577	-0.10685730826295443	0	True
ABLIM1	-0.12062077781066001	-0.1072689212071741	-0.06299568253873228	-0.13655722252155147	-0.10686065101952946	0	True
FBXW8	0.0007385468381783407	-0.08727455331540006	-0.10971565278380992	-0.2316214991452458	-0.10696828960156936	1	False
OTUD6B-AS1	-0.0848304248309308	-0.1251017342483233	-0.14107774508499632	-0.07705063625886661	-0.10701513510577926	0	True
ZRSR2	-0.0464698899430945	-0.14458271700376163	-0.05959140613125698	-0.1775193875097283	-0.10704085014696035	0	True
PPP3R1	-0.10436680812851858	-0.145225092416511	-0.19070664240978125	0.011368028200532378	-0.1072326286885696	1	False
CERS5	-0.12458561191348082	-0.06700528702536085	-0.12607690157106788	-0.11138201866197812	-0.10726245479297192	0	True
GOLM2	-0.04117666583909087	-0.07274608530944747	-0.22751486489831588	-0.08780550292839448	-0.10731077974381217	0	True
PPM1D	-0.08915110167621974	-0.050844671814127045	-0.2549579347094007	-0.03519803275536602	-0.10753793523877839	0	True
DNM2	-0.14759764428759628	-0.10965760842585509	-0.07761870585081763	-0.09574635985757374	-0.1076550796054607	0	True
SPOP	-0.07970656535230652	-0.0764895668872338	-0.168590529938663	-0.10586064107724066	-0.107661825813861	0	True
DHX40	-0.053894374789003	-0.04752866630418667	-0.22284240471397287	-0.10662744917244509	-0.10772322374490191	0	True
HSD17B4	-0.0013419552836053806	-0.13014067261474102	-0.2554837134158494	-0.0440655731714445	-0.10775797862141008	0	True
MTMR1	-0.002126656414731995	-0.03921159912777031	-0.2053296073915037	-0.18442542790592403	-0.10777332270998251	0	True
LONP2	0.020649027776630243	-0.09242948328206284	-0.19281613008133536	-0.16666321479460658	-0.10781495009534364	1	False
ZNF568	-0.17197821749784228	-0.06861733569419302	-0.03482159937759376	-0.15590219433045296	-0.1078298367250205	0	True
ZNF529	-0.08010902789836094	-0.138740665568668	-0.14115575781261824	-0.07154501009632339	-0.10788761534399263	0	True
ALKBH3	-0.28016812802532204	-0.05371453597712713	-0.009004407713755993	-0.08889268175446777	-0.10794493836766822	0	True
FBXL5	-0.04449421695163792	-0.09605949276381262	-0.20169896152813563	-0.08973005289149974	-0.10799568103377147	0	True
GLG1	-0.0316545628142828	-0.10288943418543507	-0.22582499660106986	-0.07218725410226166	-0.10813906192576235	0	True
FRMD3	-0.14849534532362788	-0.07388242975377039	-0.02419623184794817	-0.1861593675387201	-0.10818334361601663	0	True
UBP1	-0.15965232176500335	-0.10627797279977041	-0.10415990174125381	-0.06286452609855349	-0.10823868060114526	0	True
ITFG2	-0.19200809148174866	-0.1137483821418613	-0.09490271974690774	-0.032526655365014215	-0.10829646218388297	0	True
ATG5	0.011370047017477602	-0.24064296923886677	-0.04956740992698792	-0.15458624517848854	-0.1083566443317164	1	False
WASHC2A	-0.2608506713537909	-0.16291068298030986	-0.054113559288417705	0.04423177201642642	-0.10841078540152302	1	False
EPS15L1	-0.24550858333319606	-0.06918493446063863	0.0003912650979411185	-0.11948331873540191	-0.10844639285782387	1	False
RN7SK	-0.10066264564895376	-0.12457569491042576	-0.09205439394177596	-0.11715919476903686	-0.10861298231754808	0	True
LINC00909	-0.20441503066652927	-0.08537746048814454	-0.047805838877262356	-0.09730465732353707	-0.10872574683886832	0	True
SSH1	0.09629774090646374	-0.0510322873806302	-0.22226839879800056	-0.25790322048692893	-0.10872654143977398	1	False
GPR89B	-0.13577190385999696	-0.06846957145105095	-0.06328359933270185	-0.16741118093873478	-0.10873406389562112	0	True
AMFR	-0.05663251376351679	-0.23958977077664456	-0.07318323664297906	-0.0660995260298205	-0.10887626180324023	0	True
SLC35C2	-0.17511591680391891	0.1124406963694459	-0.1263264662882105	-0.24651239446481912	-0.10887852029687567	1	False
PIP4K2B	-0.16161531087706066	-0.0812427390099227	-0.1334176185468619	-0.059320833446182386	-0.10889912547000691	0	True
SEC14L1	-0.013584277700924434	-0.12869166615387656	-0.20898197367085145	-0.08444936652561262	-0.10892682101281627	0	True
GEMIN8	-0.10740863155582876	-0.0993806188597666	-0.3457730323926415	0.1166172285253451	-0.10898626357072293	1	False
CASP3	-0.1548448884853448	0.018379363717521476	-0.11068378837530346	-0.188799041303628	-0.10898708861168871	1	False
C5orf60	-0.04019505302840205	-0.2116323085840379	-0.1763684550651226	-0.008037839108004168	-0.10905841394639168	0	True
SETD4	-0.08601575732876365	-0.11458168851015131	-0.11615203025159894	-0.11956942414225441	-0.10907972505819208	0	True
CAPN2	0.04201955432534067	-0.16760246955835467	-0.07459053574094725	-0.23620849597756235	-0.10909548673788091	1	False
SNX9	0.1441335102882282	-0.0579085132540607	-0.2273884784895204	-0.2956640124017378	-0.10920687346427267	1	False
ABR	0.08339397335965934	-0.16375485355205605	-0.2217544367304116	-0.13479176571066462	-0.10922677065836822	1	False
LOC100133315	-0.06354453915109383	-0.09435128192219376	-0.06819194084359737	-0.21082638322453745	-0.1092285362853556	0	True
RPA1	-0.15947946283697936	0.019959279462704906	-0.11034853078084643	-0.1871049174036546	-0.10924340788969387	1	False
CYTIP	0.026505200835075102	-0.09071948030560094	-0.1687718138057406	-0.20412109128724096	-0.10927679614087685	1	False
ANKRD49	-0.014911234172234722	-0.010857770744151486	-0.28951611724034587	-0.12191403648955554	-0.10929978966157192	0	True
PUDP	-0.2996441484926896	-0.05308261608470601	-0.0168493731286478	-0.06773209548831043	-0.10932705829858846	0	True
NBAS	-0.04468408947379214	-0.07798193007156158	-0.12720682345633377	-0.18812659561013997	-0.10949985965295686	0	True
CGGBP1	-0.056052844999223715	-0.06321661267691155	-0.054985442230874274	-0.2637499827449993	-0.1095012206630022	0	True
RAB6A	-0.03810832531967787	-0.1503763566275006	-0.12730201157341967	-0.12227419457519215	-0.10951522202394756	0	True
PPP1R13B	-0.11986181441243468	-0.14279905627935607	-0.021171499887474132	-0.1543759103904849	-0.10955207024243746	0	True
SZT2	-0.16104186779934865	-0.15222615837697323	-0.06667764122104644	-0.058535658135249975	-0.10962033138315458	0	True
CCDC14	-0.03862851848235966	-0.008533293165048271	-0.16105528360737592	-0.23039304502774174	-0.1096525350706314	0	True
WIPI2	-0.1717039447760149	-0.10225429619563385	0.03407824749421479	-0.19884755911659285	-0.1096818881485067	1	False
ZNF623	-0.17093008315650643	0.04266333556126396	-0.15168381639392908	-0.15888537044726328	-0.10970898360910872	1	False
CHROMR	-0.08751231183615267	-0.03948212787445477	-0.20795248991217577	-0.10389016564265505	-0.10970927381635956	0	True
PI4KA	-0.05056225536213496	-0.11513080630995479	-0.14686217389501602	-0.12638704352484614	-0.10973556977298797	0	True
C12orf4	-0.04942875823873568	-0.10395499030630541	-0.11476838118910815	-0.1711357957737569	-0.10982198137697655	0	True
SUCO	0.02987108670091749	-0.28879452629979857	-0.035112253583911464	-0.14559637140267617	-0.10990801614636718	1	False
DIDO1	-0.042928301860324675	-0.11338502705742885	-0.1791632270492463	-0.10447997170847649	-0.10998913191886908	0	True
BCL2L1	-0.15468722375576588	-0.14449710738542162	0.01043120027097472	-0.15129889336577587	-0.11001300605899716	1	False
DIS3L2	-0.1034272402471749	-0.07575070280643179	-0.0856223765750043	-0.17533681758194028	-0.11003428430263781	0	True
JAZF1	-0.10108791873889862	-0.0317742528054423	-0.13788777701033444	-0.16950590664590007	-0.11006396380014385	0	True
SEC24B	-0.10221034318329217	-0.05408100978997825	-0.10976090877198631	-0.17430629224549976	-0.11008963849768912	0	True
ZNF26	-0.07914495356713211	0.0014260167608852199	-0.18133781681307995	-0.18131370146050452	-0.11009261376995784	1	False
HLA-F	-0.2169558874139121	-0.10121979480597812	-0.022775194418559908	-0.09944802839031629	-0.11009972625719161	0	True
PPP6R3	-0.039758810694455145	-0.16207916730553573	-0.096059978693358	-0.14262333550048498	-0.11013032304845846	0	True
RRM2B	0.03164718486556322	-0.24287672527860624	-0.14508545817399685	-0.08460281963500477	-0.11022945455551116	1	False
ARHGEF1	-0.05396666518179845	-0.1520417282235988	-0.059456203640255285	-0.1756228178863233	-0.11027185373299395	0	True
TRIM44	-0.18463558009017048	-0.08858902460068149	-0.08394584836766956	-0.08394295161173143	-0.11027835116756324	0	True
HP1BP3	-0.18238096057978323	-0.12027863604903766	-0.09294721371907207	-0.046866171372927826	-0.1106182454302052	0	True
RAB11FIP2	-0.06362172851679125	-0.06159715937104436	-0.10215260522695103	-0.2154374322208491	-0.11070223133390894	0	True
PCNX2	-0.005620991974031646	-0.11045739591740354	-0.17255248942050266	-0.15429818989436556	-0.11073226680157584	0	True
CMTM7	0.15993793296426276	-0.16251308332709216	-0.27983006367415775	-0.1608481376867773	-0.11081333793094111	1	False
TBC1D4	-0.13497082229071058	-0.1868041864973393	-0.16193047187530932	0.04025404653052135	-0.11086285853320946	1	False
GGT7	0.03965491132266235	0.02601393274255285	-0.3095441850815559	-0.19998839198571863	-0.11096593325051483	2	False
DTWD2	-0.007974245066099043	0.07479453009658979	-0.1871281982088418	-0.3241584133400356	-0.11111658162959666	1	False
CDKL1	0.07058706980973599	-0.18281303538915805	-0.30433489173974476	-0.0283549365510225	-0.11122894846754733	1	False
SMIM8	-0.0676327076094657	-0.05145091514732626	-0.19421163091362506	-0.1317693786929855	-0.11126615809085062	0	True
STX12	-0.0151900609981241	-0.11141944441954772	-0.1395821429546096	-0.1791304948833648	-0.11133053581391156	0	True
CZ1P-ASNS	-0.21525155444174948	-0.1750625692629146	-0.15693959886054443	0.10182400403718042	-0.11135742963200704	1	False
MGRN1	-0.10412538170217817	-0.24835916734100644	-0.009753022329450084	-0.08342619194463513	-0.11141594082931745	0	True
FAM76B	-0.1905280154104632	0.009443557777005148	-0.09361016265006498	-0.1710705210056667	-0.11144128532229744	1	False
CEMIP2	-0.1276496373429401	0.017325504432588804	-0.11339394352682895	-0.22215943263395668	-0.11146937726778423	1	False
UXS1	-0.09043285331937204	-0.1529744056891605	-0.07023225388113935	-0.13249349390574217	-0.1115332516988535	0	True
CAMTA1	-0.1118575457260977	-0.039701286588370716	-0.1602202277472484	-0.13468651953349334	-0.11161639489880254	0	True
C19orf25	-0.23924587979356188	-0.08130834604557816	-0.08496221363294237	-0.040984021792971635	-0.11162511531626351	0	True
ZBTB5	0.14471848717966848	-0.1766359024226812	-0.15496024195911048	-0.2596567313809167	-0.11163359714575999	1	False
CHFR	-0.20444500168772445	-0.07032187711995673	-0.129731945401279	-0.042684718081249136	-0.11179588557255234	0	True
DAGLB	-0.11490393504041435	-0.2442778416425911	0.06303056087957438	-0.1512950246080731	-0.11186156010287604	1	False
LSM14A	-0.09035564174883332	-0.16534863818391402	-0.09204023954672869	-0.09983930384164695	-0.11189595583028075	0	True
NSL1	0.07074769060210612	-0.17507873277751818	-0.21409473518038838	-0.12921741833846587	-0.11191079892356659	1	False
ABHD5	-0.22507955038321098	-0.11900447650471321	-0.08736483888050747	-0.016309429471779123	-0.11193957381005269	0	True
TRIP4	-0.14734398222704234	-0.07341189475899239	-0.06952483202123372	-0.15775522229571498	-0.11200898282574585	0	True
CLASP2	-0.09532656509773864	-0.10541716505863474	-0.14141344319184124	-0.10588880843109988	-0.11201149544482862	0	True
PIK3CB	-0.03407166262118784	-0.05867271583675245	-0.16038623457536	-0.19533485076668125	-0.11211636594999538	0	True
CTC-338M12.4	-0.10274400516688828	-0.2772526286692692	0.013284450604869118	-0.08186040125911591	-0.11214314612260107	1	False
USF3	0.0177059880834522	-0.185738195458075	-0.15978481715294457	-0.12082838214167367	-0.11216135166731026	1	False
DHFR	-0.1186516372482944	-0.24765679476401237	-0.09903927099578325	0.016264988461709436	-0.11227067863659515	1	False
INPP5F	-0.14541814297351735	-0.012804753801841817	-0.08352050800665484	-0.20782730114271633	-0.11239267648118259	0	True
MIGA1	-0.022945500495055324	-0.11030269064787171	-0.13512512912124441	-0.18166204630790705	-0.11250884164301962	0	True
CD2AP	-0.1094106925827198	-0.12092309744761583	-0.07185367822898632	-0.14811783329517192	-0.11257632538862347	0	True
IL1R1	-0.34542905875817825	0.017335405420979673	-0.056842328104752975	-0.06541296992598271	-0.11258723784198357	1	False
LMF1	-0.07754775344458564	-0.20437808002824112	-0.2090122720863433	0.0403037707042574	-0.11265858371372817	1	False
PIBF1	-0.16608725136756947	-0.0625134628498606	-0.09309226087272171	-0.12896989379067975	-0.11266571722020788	0	True
ANGEL2	0.020226547047500647	-0.13895790596547927	-0.20986474462063495	-0.1220700616374661	-0.11266654129401991	1	False
MALT1	-0.03788927540994551	0.008451494939414833	-0.21289421233864272	-0.20839622706436467	-0.11268205496838452	1	False
PDHX	-0.008443427846410187	-0.22552679234935938	-0.18814739940371863	-0.028859912877143037	-0.11274438311915781	0	True
ZNF84	-0.09845359088327076	-0.2150285977915804	-0.10716090917703548	-0.030672378573038856	-0.11282886910623137	0	True
CCDC93	0.044052123231164	-0.09351482207717537	-0.2424553970769466	-0.16002266591747363	-0.11298519046010791	1	False
WDSUB1	-0.034140792844574816	-0.19104108617709653	-0.1771984546227245	-0.049958403523336976	-0.1130846842919332	0	True
UBE2E1	-0.02834350780226814	-0.15365957863109309	-0.15858217763963334	-0.11197912026374085	-0.11314109608418385	0	True
BARD1	0.03408495122329374	-0.025419985712522505	-0.24435322524549058	-0.21746430414186016	-0.11328814096914488	1	False
CERS4	0.04802091346495485	-0.16661871379727092	-0.2238469621531732	-0.11075299050693148	-0.11329943824810519	1	False
CSNK1G1	-0.055674080560151766	-0.14136200696687165	-0.10916982623026272	-0.1471632298175825	-0.11334228589371716	0	True
KANTR	0.16139079201841225	-0.14881517000722283	-0.215540172684423	-0.25075804272273144	-0.11343064834899125	1	False
CNOT2	-0.05432160732771272	-0.16645389967312885	-0.15086125389502028	-0.08259449651454323	-0.11355781435260126	0	True
TAF3	-0.17424541622354275	-0.06942031845364341	-0.119766848018321	-0.09084077118230176	-0.11356833846945223	0	True
ST3GAL2	-0.15805640709360835	-0.10270605664935717	-0.11032769361845968	-0.0837841953410694	-0.11371858817562365	0	True
KRAS	0.056758487367963184	-0.14173602655063222	-0.17040958361948347	-0.20013889461520107	-0.11388150435433839	1	False
ZNF85	-0.0038853743870670035	-0.1148657766423338	-0.26960813530043143	-0.06729201578024926	-0.11391282552752038	0	True
PRKCZ	-0.08720549474346627	-0.004880040454284133	-0.1018275725775574	-0.26176249633929344	-0.11391890102865031	0	True
LRP10	-0.12116587705020869	-0.07184238229432861	-0.14648239035675517	-0.11630460439877152	-0.11394881352501601	0	True
CLSTN1	-0.13253725389320553	-0.21181701483786716	-0.05489029300682285	-0.05661947771511691	-0.11396600986325311	0	True
GNA13	-0.07534268448753782	-0.1923510034988149	-0.2325972109285985	0.04437080380409194	-0.11398002377771484	1	False
MOSPD2	-0.17418865864320343	-0.08767658431515567	0.04895132051798174	-0.24308376111911495	-0.11399942088987308	1	False
FAM120C	-0.05142862698437116	-0.01673952428276052	-0.0817243395138795	-0.306616696891348	-0.1141272969180898	0	True
TECPR1	-0.06893554904576409	-0.16263873249883293	-0.10150997358233721	-0.1241347714549398	-0.1143047566454685	0	True
ZNF710	0.028478402991498168	-0.08755029117501262	-0.24424567617327317	-0.15391357080351778	-0.11430778379007636	1	False
ASCC3	-0.14238505151919612	-0.12645386688670812	-0.07278847526255008	-0.11624167915660145	-0.11446726820626393	0	True
BORCS5	0.09049067312084227	-0.07508208750694852	-0.27793172037076147	-0.195383739205143	-0.11447671849050267	1	False
MBD2	-0.17716969624407203	-0.10086252969494253	-0.15457199740692437	-0.026008691059108743	-0.11465322860126193	0	True
OSBPL8	-0.1335352216716095	-0.14608073393120763	-0.09018664663844914	-0.08889617735888711	-0.11467469490003834	0	True
EXD3	0.17065918921608586	-0.297050667286089	-0.22829993522371067	-0.10416238352743498	-0.1147134492052872	1	False
NAA16	-0.07314668793778119	-0.03485973154089732	-0.22001038402859138	-0.131095898705169	-0.11477817555310973	0	True
ETNK1	-0.0517052455089514	-0.13115368783348935	-0.14100030444305747	-0.13608435406215605	-0.11498589796191355	0	True
SETD5	-0.12040032466375947	-0.07660651313737005	-0.12156265066361424	-0.14194490628226675	-0.11512859868675263	0	True
RMDN2	-0.19535512568703015	-0.06403517450336287	-0.21438251138885678	0.01317183465068036	-0.11515024423214236	1	False
SENP6	-0.0809540779458943	-0.15948458107937372	-0.11004112109141505	-0.11020996474208788	-0.11517243621469274	0	True
CNTRL	-0.12588624260059966	-0.00899262826343821	-0.14659381354885234	-0.1792645749944396	-0.11518431485183245	0	True
DDX6	-0.07805232816111199	-0.18372416473242328	-0.06333583681998516	-0.13576738037517502	-0.11521992752217386	0	True
LARS2	-0.1777359492702788	-0.08483905176108732	-0.08961322131591183	-0.10911449537807819	-0.11532567943133903	0	True
PDXDC2P-NPIPB14P	-0.1480257126090537	-0.18711082265189125	-0.09743105891553225	-0.02881361873981872	-0.11534530322907396	0	True
MAPK1	-0.1079818828316444	-0.18469106443776426	-0.006263766435853911	-0.1626392577190044	-0.11539399285606673	0	True
PUM2	-0.044832781205598644	-0.15962587392880698	-0.12992931346173311	-0.12721407431543158	-0.11540051072789258	0	True
AFF2	-0.3616967675432819	0.31075967397668264	-0.4115864846820149	0.0009082865421793023	-0.11540382292660872	2	False
CLCC1	-0.08653639038861553	-0.00931655238592422	-0.15964145183568443	-0.2068196003912659	-0.11557849875037252	0	True
TTLL11	-0.305275858007136	-0.14935533279418467	0.0166291186738449	-0.02460576005547093	-0.11565195804573668	1	False
PIK3R1	0.11475436964232819	-0.25891783130262325	-0.03359348156125754	-0.28503643799608425	-0.11569834530440921	1	False
SCAI	-0.07538046839483542	-0.10269113567190045	-0.13501181052762976	-0.15013282111491552	-0.11580405892732029	0	True
RNGTT	-0.06009984777690527	-0.1167212956421739	-0.1524309203645264	-0.1343355648650667	-0.11589690716216808	0	True
PACS2	-0.01933398026999629	-0.233477103536554	-0.017588474051518956	-0.19320916865081803	-0.11590218162722182	0	True
MTMR12	-0.048397090617556836	-0.12492659158099896	-0.28151393130813185	-0.01019220362754278	-0.1162574542835576	0	True
NUDCD3	-0.06141066244290269	-0.09302329518059668	-0.14201486434103266	-0.16876959962083474	-0.11630460539634169	0	True
KYAT3	0.10987857541342409	-0.2917632115736889	-0.09405785045106996	-0.1896148769343394	-0.11638934088641853	1	False
MAGED1	-0.05236370287343551	-0.132447902682465	-0.13263996032889105	-0.14814033308730995	-0.11639797474302538	0	True
PWWP2A	-0.15282052498319473	-0.17408989799663532	-0.09825008474041096	-0.040709765586283836	-0.11646756832663122	0	True
RALGAPB	-0.06042616972422696	-0.15318375910562307	-0.0797708388484315	-0.1726193299695422	-0.11650002441195594	0	True
GABPB1-AS1	-0.17461497337670848	-0.015534863614183325	-0.18376823569046077	-0.0922018879606228	-0.11652999016049384	0	True
SEC23A	0.003824069185546671	-0.18066060404135703	-0.1445250688115472	-0.14519666724513067	-0.11663956772812206	1	False
PRR12	-0.2017720520606785	-0.10794985122126322	-0.10700320396914993	-0.05006401004345424	-0.11669727932363647	0	True
TRIP12	-0.13312301030098314	-0.11945598766781501	-0.07981484751967677	-0.13464856493425864	-0.11676060260568338	0	True
CCNJ	0.004724097040823081	0.00041214640689306244	-0.3517966738949911	-0.1204036370890396	-0.11676601688407864	2	False
LMAN2L	-0.30120202462478873	-0.006952582663397804	-0.239110128308721	0.07984856762087673	-0.11685404199400772	1	False
ANO6	0.012896629654295099	-0.11781901102736188	-0.09694662939969911	-0.26575541669191777	-0.11690610686617092	1	False
KIF9-AS1	-0.11511797814111772	-0.43119883695515976	0.09757246180161941	-0.019039008510598157	-0.11694584045131406	1	False
CEACAM21	0.14431851098527618	0.06065646377828163	-0.3419013214636882	-0.3308603764018199	-0.11694668077548757	2	False
TET3	-0.10362812620640216	-0.1664441514279146	-0.09125367124117144	-0.10664952656206084	-0.11699386885938726	0	True
CRTC1	-0.21674412788660008	-0.21860322385811726	0.007910185476081305	-0.04067030864542344	-0.11702686872851487	1	False
PIGX	-0.21131028621674147	-0.18817657900142637	0.1390518003657081	-0.20827557541178124	-0.11717766006606023	1	False
ILRUN	-0.08050072261536118	-0.10609537890993163	-0.1754315878435273	-0.10674255998781382	-0.11719256233915848	0	True
KLHDC10	-0.11327647645604642	-0.06794008555735816	-0.1289176232195988	-0.15921874480670092	-0.11733823250992609	0	True
NCOR1	-0.0795643535930169	-0.1260397299825085	-0.11413447673283354	-0.14962219473253818	-0.11734018876022428	0	True
TBC1D25	-0.3006767741118115	-0.07217528799927432	-0.07068689058814838	-0.02591840670652871	-0.11736433985144072	0	True
FAM222B	-0.07484064024931672	0.029599921685022016	-0.2570174242076991	-0.16741647315510974	-0.1174186539817759	1	False
UFL1	-0.07014269611785348	-0.10323613522262431	-0.17415637238197912	-0.12262099560402069	-0.1175390498316194	0	True
NXPE3	-0.03096848190619662	-0.02249109292435695	-0.2397223049001499	-0.1772380633435172	-0.11760498576855516	0	True
INPP5A	-0.016441967238338333	-0.06519805195348713	-0.31406693593595125	-0.07474588243293513	-0.11761320939017796	0	True
SLC33A1	-0.03961917763227101	-0.06435442515596286	-0.20451206355812337	-0.1622557373891875	-0.11768535093388618	0	True
SRBD1	-0.12465055191186901	-0.07905402148722264	-0.13940705897714004	-0.12775641681421163	-0.11771701229761082	0	True
TNFAIP3	-0.2837612921281121	-0.1059345742197466	0.13016324610479055	-0.21133716156844845	-0.11771744545287914	1	False
FAM53B	0.01803700839382928	-0.1766241494298886	-0.07158593997218189	-0.24087845034950647	-0.11776288283943692	1	False
REPS1	-0.06862014688493878	-0.15379602095971456	-0.154049987661999	-0.09488473905402486	-0.11783772364016931	0	True
PCNT	-0.14681245539857005	-0.11597682951065748	-0.14246984495460088	-0.06666182031336945	-0.11798023754429945	0	True
CTDSPL2	-0.023901944224783516	-0.12435919395893637	-0.22020540090888147	-0.10353326430059064	-0.117999950848298	0	True
IQSEC1	0.02908988992159833	-0.14821930511839213	-0.19665608143634858	-0.15626099528702503	-0.11801162298004185	1	False
GDAP2	0.017696354944078303	-0.29361126571872576	-0.10824335759160936	-0.08790212040124362	-0.11801509719187511	1	False
ZNF507	-0.06719192180199915	-0.06631297762637965	-0.13885983624148557	-0.19996646532021825	-0.11808280024752066	0	True
SMG1P1	-0.011964440867439563	0.024757944956641693	-0.2582256154702829	-0.22707958501866618	-0.11812792409993673	1	False
PPWD1	-0.10488877677231226	-0.09053846234808555	-0.10510018926661983	-0.17260728126062833	-0.11828367741191148	0	True
ANKH	-0.05347407278769948	-0.054643506904494696	-0.1391851667165857	-0.22600211657853322	-0.11832621574682828	0	True
KPNA1	-0.14310296497646635	-0.14577058188576794	-0.11471656316089668	-0.0701447676714502	-0.1184337194236453	0	True
ADNP	-0.1542854555226809	-0.08308424948599652	-0.2154785851385233	-0.02131687870284592	-0.11854129221251167	0	True
IQGAP1	-0.08137086357067534	-0.1842083124303686	-0.09597840214682535	-0.11292724871866644	-0.11862120671663393	0	True
USP9X	0.03172922830732714	-0.1322004848165751	-0.15768468014591225	-0.21642031379608362	-0.11864406261281096	1	False
NUTM2B-AS1	-0.10344068124615524	-0.10757385630797689	-0.1424429930754629	-0.12126893584581289	-0.11868161661885199	0	True
CEP290	-0.11999333005921366	-0.18275708996273446	-0.07621219083876114	-0.09629734541291256	-0.11881498906840546	0	True
BRWD3	0.1689280095064362	-0.12690626967578764	-0.30781720414470454	-0.20954677105420247	-0.11883555884206462	1	False
KIAA0556	-0.06811468865387266	-0.06475424426494658	-0.15050383520617952	-0.19290833856674441	-0.1190702766729358	0	True
DNAJC16	-0.11209598304620857	-0.030996523859605964	-0.14894772672790232	-0.18443409978561282	-0.11911858335483243	0	True
ACTR3B	-0.28172175809067157	-0.09969013513819362	0.03566563820147024	-0.1308492465384244	-0.11914887539145484	1	False
ZSCAN32	-0.1895894055309216	-0.19335643786867726	-0.1930697938576993	0.09925155202447011	-0.11919102130820702	1	False
GOPC	-0.1069146041820446	-0.14759724167355243	-0.08965603560701188	-0.1326869631615113	-0.11921371115603005	0	True
MAP4K2	0.046172702955999484	-0.2063918052007137	-0.11654826039102127	-0.2002598389716125	-0.119256800401837	1	False
ITGA6	-0.08914671626235064	-0.13514262647258785	-0.253667823170514	0.0005127683675188612	-0.11936109938448342	1	False
SMURF2P1-LRRC37BP1	0.08195068436566318	-0.14403300326150367	-0.33874054973178425	-0.07706448967395026	-0.11947183957539374	1	False
SCP2	-0.030501864176623608	-0.18955675893797533	-0.06273854048388944	-0.1951392493827918	-0.11948410324532005	0	True
SUFU	-0.2103196014844151	0.07797924421469062	-0.11028718873741088	-0.23547574533551388	-0.11952582283566232	1	False
RBM5	-0.17445130033112222	-0.06543371106541528	-0.13711420014107825	-0.10115564897453543	-0.11953871512803779	0	True
XRRA1	-0.08864240559153325	-0.006653555352635976	-0.0940186009695125	-0.28894093716206304	-0.11956387476893619	0	True
SP3	-0.02636573467193275	-0.10296722961611737	-0.1657018172229935	-0.18333739811312189	-0.11959304490604139	0	True
ZNF43	-0.10591299865813444	-0.09722023400708303	-0.1398876703852428	-0.13568939235263902	-0.11967757385077482	0	True
MARK4	-0.10064147562164474	-0.21524122177466146	-0.02132668323285088	-0.14259854983601036	-0.11995198261629186	0	True
TRMT10B	-0.0510785360908898	-0.1601827724186336	-0.2021093047882451	-0.066466934647576	-0.11995938698633613	0	True
CRLF3	-0.09998364233801206	-0.22039572135822666	-0.1647316445842511	0.005075096994502788	-0.12000897782149675	1	False
RAB2A	-0.060041495519761026	-0.1718041365683768	-0.11271631232901126	-0.13554205873175645	-0.12002600078722638	0	True
THEM4	-0.1261661356125595	-0.15487676654842952	-0.14790270286835777	-0.051272134305987684	-0.12005443483383363	0	True
CRIPT	-0.10388057064495598	-0.23277539644682715	-0.11021782252625502	-0.03334863052746153	-0.12005560503637491	0	True
ASB7	-0.08558246748939327	-0.015345599033942725	-0.16690455345652175	-0.21265070786882734	-0.12012083196217127	0	True
SCML1	-0.11313746515589336	-0.07766140234465081	0.0003293495043779353	-0.2903085756093708	-0.12019452340138426	1	False
NEK4	-0.21979938377936792	0.04509118716725979	-0.09316265549447439	-0.21341840480930635	-0.12032231422897222	1	False
AVL9	-0.03890981683847966	-0.046655813924112145	-0.2067454514633369	-0.18936529493799142	-0.12041909429098004	0	True
HNRNPLL	0.0718728459852864	-0.26110307913501674	-0.13701209399384645	-0.15550371771242438	-0.1204365112140003	1	False
WDR37	0.04634666524949417	-0.11780635079941712	-0.18588753851388012	-0.22459961137989548	-0.12048670886092464	1	False
MTERF4	-0.09537535835934248	-0.18125039314862196	-0.10881595826385564	-0.09663283077301331	-0.12051863513620835	0	True
PBX4	0.22041562144761406	-0.21489791994697713	-0.20318155107289512	-0.28459462076597386	-0.12056461758455801	1	False
SPATS2	0.03625401072716565	-0.0821757779686697	-0.17695563501188233	-0.25958445627565785	-0.12061546463226105	1	False
ZNF420	-0.0550074150165003	-0.21473862162282664	-0.011078476657067925	-0.20190614380027838	-0.12068266427416831	0	True
KLHL20	-0.019453398210376466	-0.1984700451736435	-0.0870996414073795	-0.1777750508289658	-0.12069953390509133	0	True
ZNF337-AS1	-0.05047185777371849	-0.043386806389777974	-0.17484552067735804	-0.21434134251889903	-0.12076138183993838	0	True
RABL2B	-0.19369123354439924	-0.10624638390581587	0.10258468451744279	-0.2857782281663906	-0.12078279027479072	1	False
KAT7	0.05358236431746026	-0.19802333967442315	-0.10584552035259907	-0.23318998477867084	-0.1208691201220582	1	False
ARL6IP5	-0.007295925505727483	-0.26343253066923544	-0.1233988421331092	-0.08948819999651401	-0.12090387457614654	0	True
HEATR5A	-0.24340341755505204	-0.12107313322184378	0.008027487229618631	-0.12728583140753072	-0.12093372373870198	1	False
DPH6	-0.05448417607854208	-0.10871647371653545	-0.19444056650293015	-0.12626915919312187	-0.1209775938727824	0	True
BBS4	-0.11248684155650068	-0.028094359735012987	-0.1476365980396708	-0.19588562285186126	-0.12102585554576142	0	True
SLK	-0.058993488902630335	-0.2081722254917879	-0.06780692745860024	-0.14946188230955104	-0.12110863104064237	0	True
CCNH	-0.00559516707288748	-0.12569983449629185	-0.22729846530205997	-0.12584924487857604	-0.12111067793745384	0	True
HMGN3	0.001280213713314573	-0.22872927463190615	-0.07746085764601826	-0.1795467466299871	-0.12111416629864923	1	False
EXT1	-0.10043228232922619	-0.04319003367168189	-0.14785935494747687	-0.19323132442771068	-0.12117824884402391	0	True
OSBPL11	-0.2260809135959664	-0.20343050523816722	0.10374389843748848	-0.15912311521360556	-0.12122265890256267	1	False
AK3	-0.13543637567669695	-0.10341967214837186	-0.2760651899257657	0.02943355720032614	-0.1213719201376271	1	False
RORA-AS1	0.09753234181725928	-0.056730853173417854	-0.23272120447466554	-0.2939975596448747	-0.1214793188689247	1	False
LCORL	-0.05457037775063934	-0.22463819783865333	-0.11997004172631905	-0.0868943394804797	-0.12151823919902285	0	True
ZNF484	-0.0315330987679774	-0.05272766213136215	-0.2101604721134515	-0.1920109483839195	-0.12160804534917763	0	True
ZNF274	-0.18979723788069636	-0.13371202109367555	-0.004221088359901545	-0.1592116532979083	-0.12173550015804543	0	True
NBDY	-0.09577630905634525	-0.02043283384984584	-0.14521824471712666	-0.2259092662905928	-0.12183416347847764	0	True
DAG1	-0.1694290586684434	-0.1076549180744332	-0.10881447925635108	-0.10172271672013405	-0.12190529317984043	0	True
HMG20A	-0.12065196790206491	-0.023242741363452942	-0.1621540554307552	-0.18192890221595875	-0.12199441672805796	0	True
N4BP2	0.008884179819147974	-0.11818404176189472	-0.1743682428830552	-0.20435765532860953	-0.12200644003860286	1	False
LOC441242	-0.07906510797161939	-0.0797034067969876	-0.18233703010505992	-0.14696325754605788	-0.1220172006049312	0	True
PRORP	-0.08282745883180878	-0.10541090660565192	-0.1355829786779254	-0.16427961104373806	-0.12202523878978104	0	True
C2orf42	-0.23980875984400835	-0.03360511805463098	-0.060364785239146505	-0.15441301298717067	-0.12204791903123913	0	True
RNF111	-0.03639688379109307	-0.09091521587566531	-0.12764168948740054	-0.2332601548851079	-0.12205348600981669	0	True
DDHD2	0.039565072543402864	-0.025722230842864034	-0.3278323748799028	-0.1743663226540962	-0.12208896395836505	1	False
TANC2	0.2151529088536408	-0.42043584593572425	-0.19695497301374995	-0.0863649322402052	-0.12215071058400966	1	False
SMAP2	0.08195976212712716	-0.035116984232683786	-0.2262218457901868	-0.3093408110447461	-0.12217996973512238	1	False
ZFC3H1	-0.09840201522243519	-0.07837693793338082	-0.1646807521663745	-0.14741535863723418	-0.12221876598985618	0	True
RNF220	-0.021045393270209226	-0.1871926574287666	-0.15727757939904258	-0.12414026747280349	-0.12241397439270547	0	True
B4GALT1	0.06152310636695869	-0.20996184962598896	-0.19332376939976254	-0.14806306767233363	-0.12245639508278161	1	False
ZNF655	-0.06539915944880384	-0.11058509125661987	-0.1710808222664486	-0.14324683742220698	-0.12257797759851982	0	True
AFTPH	-0.16983331924077735	-0.058202334664721855	-0.1628716435315141	-0.09972789294755659	-0.12265879759614247	0	True
SECISBP2	-0.10975571082730447	-0.06346000078041757	-0.15076510124197243	-0.1669123714916692	-0.12272329608534092	0	True
SAV1	-0.0031792498320504623	-0.132366899700325	-0.271650383932675	-0.0838154114405713	-0.12275298622640544	0	True
MCEE	-0.024971757693893645	-0.2199200023422561	-0.09167887333645344	-0.15525561231137416	-0.12295656142099434	0	True
TXNDC11	-0.037414216589620776	-0.10954141439201544	-0.11764358547423344	-0.2275235523469381	-0.12303069220070194	0	True
TRIP11	-0.12858806466057876	-0.1573150975246794	-0.08212473600779077	-0.12441342659120334	-0.12311033119606307	0	True
SLFN11	0.24612154846985382	-0.1310996531257967	-0.4796799335108938	-0.12782417695324275	-0.12312055378001985	1	False
FAM193B	0.008511541556107609	-0.1430399970695274	-0.13478641247627127	-0.22325297908262878	-0.12314196176807995	1	False
RNF138	-0.09828318819783162	-0.21221331142183003	-0.0660737907364156	-0.11698628335194036	-0.12338914342700441	0	True
FANCC	-0.08980030998404251	0.009945486816530727	-0.2329808532481572	-0.1807351476753035	-0.12339270602274313	1	False
DAP	-0.1507597975995498	-0.12888495851876666	-0.05008489520261444	-0.164250031842661	-0.12349492079089797	0	True
COG7	-0.14414946549183666	-0.09850698308335108	-0.11450094658019519	-0.13721159340036412	-0.12359224713893677	0	True
DROSHA	-0.12693640000933434	-0.013917015578640739	-0.14041258432503045	-0.213308792474715	-0.12364369809693013	0	True
PRCP	-0.003390500583183112	-0.3140378189606246	-0.07190210505093554	-0.10543178678161633	-0.12369055284408989	0	True
DOP1B	-0.005046312678847633	-0.13993398170497423	-0.16832030861314323	-0.1817089317306238	-0.12375238368189723	0	True
CELF2	0.05208204359346713	-0.1805403788176902	-0.1694851698071555	-0.19725846142862088	-0.12380049161499987	1	False
TM2D1	-0.20829206163173866	-0.07587966600256342	-0.07483578801561706	-0.1368238780403697	-0.12395784842257221	0	True
IL12RB2	-0.12330337051749765	0.0013616521584368351	-0.19508796556102806	-0.17912540366123283	-0.12403877189533044	1	False
UBE2Q2	-0.08437273613961353	0.00199647658515985	-0.27721556078649967	-0.13667473784261014	-0.12406663954589088	1	False
TTC14	-0.0840647468349399	-0.14211739228273693	-0.1826329889290428	-0.08751802649765583	-0.12408328863609386	0	True
WWP1	-0.07744244642273572	-0.21032424964665666	-0.07771499982417544	-0.13115082752034268	-0.12415813085347763	0	True
TMEM267	-0.16500657865553514	-0.05605856061711077	-0.12559857943047523	-0.1504541474409336	-0.1242794665360137	0	True
FBXO30-DT	-0.15995278488057235	-0.22775555733154343	-0.0720797854987029	-0.03740563366347687	-0.1242984403435739	0	True
AKNA	-0.08315008154958439	-0.1565977163475979	-0.08820504424859205	-0.1696616296605775	-0.12440361795158797	0	True
GPR183	-0.14953293621911848	-0.05168672320382044	-0.024017389180922527	-0.2724965604534373	-0.12443340226432467	0	True
ERLEC1	-0.10842562010045752	-0.17016915571074842	0.01598699944662441	-0.23517777398258957	-0.12444638758679277	1	False
NAIP	-0.16699485383128929	-0.1890979365427423	-0.059448521133996374	-0.08232722048149403	-0.1244671329973805	0	True
ALMS1	-0.11080075823673319	-0.1145700940435266	-0.20346902913356033	-0.06966727762611429	-0.1246267897599836	0	True
GK5	-0.17556618571323998	-0.14835876058938646	-0.04317582446017571	-0.13180583785158817	-0.12472665215359759	0	True
RPRD1A	-0.11190232853480972	-0.18692008854516332	-0.16140141807353742	-0.03884791088563857	-0.12476793650978725	0	True
STK39	0.006029532339986129	-0.14472640944757564	-0.2199207244711772	-0.140454395728891	-0.12476799932691443	1	False
LRCH1	-0.08604946476318623	-0.1430981014050623	-0.11301668771818389	-0.15717368743522925	-0.12483448533041541	0	True
BCKDHB	0.09093466926244635	-0.15117722176031717	-0.1678799945984521	-0.2713703330911999	-0.1248732200468807	1	False
TMCO4	0.007113880199756586	-0.013417133816990135	-0.30662685178920346	-0.18691991635194327	-0.12496250543959507	1	False
ORAI2	-0.09765299080902129	-0.2769269787229038	-0.051554702241664946	-0.07408388734965214	-0.12505463978081052	0	True
POGZ	-0.1456387271734147	-0.10574300803034153	-0.09084086890206389	-0.15801551923008347	-0.1250595308339759	0	True
TYK2	-0.1371361722194144	-0.15726720393726965	-0.17202753184809094	-0.03388048511660162	-0.12507784828034416	0	True
MKLN1	-0.10721056355035867	-0.0919276841499521	-0.16230617803752564	-0.13906927981923778	-0.12512842638926855	0	True
TRPM7	-0.11027836596106227	-0.14595832221120947	-0.09862364228501408	-0.14570367922307528	-0.12514100242009027	0	True
FBXO4	-0.28265376147715177	-0.010422933733086925	-0.12544561536678137	-0.08206738675349168	-0.12514742433262793	0	True
RELCH	-0.14017084573057415	-0.09221174636295304	-0.1700463458224126	-0.09832684472564245	-0.12518894566039557	0	True
CHD9	-0.03782707427598026	-0.2551334486795392	-0.11883772676716634	-0.0889915033639256	-0.12519743827165283	0	True
ZMYND11	-0.1664641376656425	-0.1340224545939553	-0.07458215499582087	-0.12595044688583393	-0.12525479853531316	0	True
ZC3HAV1	-0.024193210994007185	-0.23748257136605708	-0.13451878194562744	-0.10505127444724867	-0.1253114596882351	0	True
SLC39A8	-0.1490479633566648	-0.1752481967166181	-0.05151267647066057	-0.1256765798020704	-0.12537135408650346	0	True
RECK	0.055533603788337216	-0.052033932262856596	-0.22502588947037533	-0.28051716940566396	-0.12551084683763966	1	False
C12orf66	-0.25108895137916387	-0.12136959449713729	0.029802538834774055	-0.15944370239389238	-0.12552492735885487	1	False
RYR1	-0.1253774996742662	-0.04305245809401267	-0.18998578909641503	-0.14426710615464589	-0.12567071325483495	0	True
EVL	-0.13538009795936995	-0.08227243968725212	-0.16507603046963978	-0.12021599685330703	-0.12573614124239224	0	True
C1orf112	-0.15059739335528394	0.10014074681940585	-0.24758845582062597	-0.20522408600991016	-0.12581729709160355	1	False
LDAH	-0.023137529202563227	-0.08466255146424446	-0.1798805481527613	-0.21584337264273967	-0.12588100036557717	0	True
ZNF397	-0.07275268586200898	-0.018299563741787758	-0.21155922679975872	-0.20154045248858563	-0.12603798222303528	0	True
KRIT1	-0.2534752079997629	-0.055816077246374045	-0.05093480376474783	-0.14430583087482157	-0.12613297997142658	0	True
KLHDC2	-0.05750656958805308	-0.1828981464999916	-0.10053423099486584	-0.16369741881938757	-0.12615909147557453	0	True
RTTN	-0.05443183846786842	-0.13379086783260355	-0.14997609227766123	-0.16680389645955657	-0.12625067375942245	0	True
AP1S2	-0.133792751250588	-0.06970486007155498	-0.07902111997651255	-0.22256421904485643	-0.126270737585878	0	True
LMTK2	-0.041644908040773206	-0.11328997112051871	-0.1878155191778925	-0.16305203175583066	-0.12645060752375376	0	True
STX17	-0.07027314696002135	-0.156372108264059	-0.18030100497899082	-0.09891882801831167	-0.12646627205534572	0	True
PHTF2	-0.0503905710377399	-0.1737263530137387	-0.12922701908964776	-0.15300872080340386	-0.12658816598613257	0	True
VRK2	-0.08577202520198875	-0.1919822216051285	0.04292595208455869	-0.2718721933963803	-0.12667512202973472	1	False
MLLT10	-0.07894355792461626	-0.1519576655676092	-0.1421372956724245	-0.1345225061663036	-0.1268902563327384	0	True
DDX17	-0.13854858341129206	-0.17997857210789678	-0.10820987085578795	-0.08130997309572512	-0.12701174986767547	0	True
TTC13	-0.16522773486122447	-0.08300739092216633	-0.16926360902161297	-0.09089422462539375	-0.12709823985759938	0	True
PRPF18	0.02685759363325913	-0.20734196527470627	-0.18138720401678235	-0.1468040910913504	-0.12716891668739497	1	False
CUL3	-0.11842513785799669	-0.16904523519881187	-0.098467224756866	-0.12348772819031108	-0.1273563315009964	0	True
CWC27	-0.11252183575246873	-0.13271083511018403	-0.10239039001708108	-0.16199765358509233	-0.12740517861620654	0	True
CFLAR	-0.12617919487860224	-0.21264798747432867	-0.040906088335013815	-0.13004700919628973	-0.12744506997105862	0	True
TMEM65	0.15840565459510497	-0.26533301376108304	-0.1465619104260123	-0.2565825819726753	-0.1275179628911664	1	False
UGP2	0.0033886153829996483	-0.1275531653002809	-0.16865557628063724	-0.21735806817305758	-0.12754454859274403	1	False
ZNF740	-0.1877090916130502	-0.0793255324471924	-0.05145672446194204	-0.19200210803044054	-0.12762336413815628	0	True
TNKS2	-0.06757330329153004	-0.06429200731894102	-0.13944284539634746	-0.2399081259213333	-0.12780407048203796	0	True
PRDM10	-0.037593699443580715	-0.1662895546033962	-0.1727799555979913	-0.13501642603470085	-0.12791990891991728	0	True
MCM9	-0.17080936706966535	-0.14221631512702823	-0.14714922688095383	-0.051808317377354585	-0.12799580661375048	0	True
ACVR2A	-0.17506994098118864	-0.18333176605351578	-0.019295672013124966	-0.13443176348881108	-0.12803228563416014	0	True
TAPBP	-0.23120573939514982	-0.05818159345398489	-0.14776247049595456	-0.07548889579314333	-0.12815967478455814	0	True
CCR4	0.005474413036213133	-0.2633485783896975	-0.13228065133148642	-0.12249224402953104	-0.12816176517862546	1	False
ENTPD5	-0.011429608088494055	-0.06872932546343236	-0.2585758419982463	-0.17395627618258364	-0.12817276293318908	0	True
ZBTB41	0.00408252080981565	-0.10707532024596045	-0.1911030293947677	-0.21882111065967993	-0.12822923487264812	1	False
THAP6	-0.12564976697759225	-0.14762068807530906	0.06773344193819276	-0.3074918023647536	-0.12825720386986555	1	False
CAMK2G	-0.04848707395216902	-0.11779201895868234	-0.12905479385421117	-0.21770791006471532	-0.12826044920744448	0	True
TPGS2	-0.04524504812656952	-0.10022192528872553	-0.1374243082116084	-0.2305363222356579	-0.12835690096564034	0	True
SENP2	-0.015210443303898973	-0.09860646517478545	-0.20129521020865634	-0.19872492351080095	-0.12845926054953544	0	True
NCOA5	-0.10857050509621585	-0.1583654364837501	-0.14042923433125715	-0.10684752152276081	-0.12855317435849598	0	True
WARS2-AS1	-0.20282465951624043	-0.027487712824448875	-0.1695550754148653	-0.11444208087605892	-0.12857738215790337	0	True
HDAC4	-0.11500646339097581	-0.11286366850360538	-0.1108296205774438	-0.17608569498049803	-0.12869636186313077	0	True
AVEN	-0.32780957947889944	-0.0713272868451055	-0.01705979678963344	-0.09877168512531537	-0.12874208705973844	0	True
FAM234A	-0.04693943075351727	-0.042020539568509874	-0.3286128583366908	-0.09743331525996608	-0.128751535979671	0	True
SLC35A1	-0.18174557035347969	-0.22676506598940604	-0.12378013265198161	0.01670158145678228	-0.12889729688452128	1	False
CMAHP	0.07967379782634075	-0.21681657954214478	-0.13845587232965623	-0.24018623040732992	-0.12894622111319753	1	False
ZNF714	-0.05443843475010329	-0.16719881701832331	-0.1749744854949976	-0.11919611415100628	-0.12895196285360763	0	True
ALG6	-0.18480553945051065	-0.05272016577879251	-0.18414637037150075	-0.09431079975825479	-0.12899571883976468	0	True
G2E3	-0.00016933037251620208	-0.14966490174345878	-0.20446931108137426	-0.16172968650736294	-0.12900830742617805	0	True
USP24	-0.12604943070145994	-0.11069944884118393	-0.1923879871212632	-0.08716447144181992	-0.12907533452643175	0	True
HBS1L	-0.08802380220295444	-0.1494956430908675	-0.06723502081214516	-0.21191065673521112	-0.12916628071029457	0	True
METTL15	-0.09632719169226003	-0.09805987448976025	-0.155895437623536	-0.16682503445962144	-0.12927688456629444	0	True
ENTPD1-AS1	-0.08130509813510153	-0.08013916458312673	-0.22137946649920998	-0.1347317505513832	-0.12938886994220536	0	True
DCAKD	0.01122087264214021	-0.13899432055114838	-0.3228900356136854	-0.06701557852752499	-0.12941976551255463	1	False
AGO3	-0.14738918865451098	-0.07700781194750539	-0.1588048978701996	-0.1348399716249983	-0.12951046752430356	0	True
SLX4IP	-0.11998139277995695	-0.11597113996792349	-0.14771501104689524	-0.13466053220909266	-0.12958201900096708	0	True
COMMD1	-0.1456785281511395	-0.15066774484507034	-0.09091317087148457	-0.13117538156387215	-0.12960870635789162	0	True
KLHL36	0.02865697914973211	-0.23467926218891633	-0.040203881951426726	-0.27223494790365077	-0.12961527822356544	1	False
GPR107	-0.09812500494486665	-0.046516293798369204	-0.14733337609346978	-0.22668094818076295	-0.12966390575436715	0	True
ZNF592	-0.14132093810711166	-0.16352397135145286	-0.1907163841569099	-0.023469799405237288	-0.12975777325517793	0	True
PIGN	0.013430872359114956	-0.19900284382861996	-0.21143990480145491	-0.12244313539296038	-0.12986375291598007	1	False
RAB9A	-0.12704882897240657	-0.04571551493493138	-0.1671324015201271	-0.17999487691745492	-0.12997290558622998	0	True
TAF8	-0.09625334493345307	-0.1090975113677893	-0.25042330707855553	-0.0643772305609662	-0.13003784848519104	0	True
COG3	-0.13386812130658288	-0.18967919090708052	-0.08240196849096341	-0.11439471331416698	-0.13008599850469846	0	True
SERGEF	0.055377778377998677	-0.15123115939379256	-0.24962566340483344	-0.17506117980700198	-0.13013505605690734	1	False
SQOR	-0.1907228829367776	-0.26887751089538153	0.024242329313923148	-0.08520406536392161	-0.1301405324705394	1	False
HIVEP1	-0.005345958885724817	-0.06374485686677624	-0.15930973209395904	-0.29218160366283147	-0.1301455378773229	0	True
MTHFSD	-0.27197421548687123	-0.07612482574175623	-0.1677694849659436	-0.004999345815341158	-0.13021696800247803	0	True
RHOQ	-0.1019634897076844	-0.03163443597673366	-0.13317954268752535	-0.254096826829338	-0.13021857380032034	0	True
NMI	-0.29498638796923016	-0.2018312664606334	0.10920513941206408	-0.13338235741171878	-0.13024871810737956	1	False
TASP1	-0.22788267662290415	-0.06332348345002715	-0.13180988060756857	-0.0982045263059872	-0.13030514174662178	0	True
IKBKB	-0.09745451905199945	-0.14799157075677202	-0.06887766772120549	-0.20726677991463038	-0.13039763436115184	0	True
LINC01278	-0.20265688937366677	-0.14896342053635425	-0.10034825807838105	-0.06991554357395033	-0.1304710278905881	0	True
ARL6	-0.0891310999719952	-0.13374439106620897	-0.053825364719799346	-0.24519662984222046	-0.130474371400056	0	True
SIPA1L3	-0.17471229780342212	-0.031879976223589054	-0.12849907752491393	-0.1868597802668574	-0.13048778295469565	0	True
NAA60	-0.3026547989792574	0.026559060723684014	-0.06745154516049075	-0.17857712320933797	-0.1305311016563505	1	False
TIFA	-0.04741561495639761	-0.197894068338915	-0.022311823172925422	-0.254777262135764	-0.1305996921510005	0	True
ZNF148	-0.08183117588707177	-0.17296872136949992	-0.14206982965454035	-0.1256449260189547	-0.13062866323251668	0	True
UBR1	-0.12289861624139367	-0.07468776863086507	-0.16430058560260952	-0.16071271110623842	-0.13064992039527668	0	True
NAB1	-0.20019103595932922	-0.15792722514489435	-0.06382209408855569	-0.10080689027103815	-0.13068681136595436	0	True
SBF2	0.23628668885242948	-0.24583989436355844	-0.25886198945545563	-0.2545329842062818	-0.1307370447932166	1	False
RPS6KA2	0.03504896243820378	0.027842881611808878	-0.3065028596996771	-0.2794615261616605	-0.13076813545283122	2	False
TTC17	-0.1278027387533411	-0.12138741791018451	-0.16406177650227943	-0.10983111769938876	-0.13077076271629845	0	True
ERGIC1	-0.0885741978756687	-0.17826055652703215	-0.17446892000655695	-0.0823011835300373	-0.13090121448482378	0	True
IFT43	-0.14957923749797555	-0.08125240648701326	-0.007525013593561101	-0.2857443278876367	-0.13102524636654667	0	True
TTLL5	-0.08036140679731807	-0.06062209090445324	-0.1743708814999359	-0.2093524015948286	-0.13117669519913394	0	True
RRAS2	-0.16829111570566016	-0.23273443906514954	-0.06299704235069414	-0.06151939799851801	-0.13138549878000547	0	True
CD58	0.04789579200740279	-0.3327551863352062	-0.029938263116537942	-0.21079822831424885	-0.13139897143964754	1	False
DIP2B	-0.03481947851195078	-0.19941754277411877	-0.14162426653800297	-0.15041991669719837	-0.13157030113031773	0	True
FEM1C	0.039150659412650876	-0.22668187141836535	-0.143487725279639	-0.19534762743177944	-0.13159164117928324	1	False
BTD	-0.10693136111717047	-0.23006707146905866	-0.01503787280567831	-0.17450308103454504	-0.13163484660661312	0	True
RCOR1	-0.13362985118121545	-0.10327288210627503	-0.16622341888157047	-0.12348782436941393	-0.13165349413461871	0	True
DTNBP1	-0.10487399058458796	-0.27011178013496256	-0.10044434668401626	-0.051206499196434496	-0.13165915415000032	0	True
TNFRSF9	-0.05064762641918638	-0.0830115978145244	-0.09528452925747209	-0.29770017991491976	-0.13166098335152565	0	True
TCF12	-0.19581140557724885	-0.14316594334602298	-0.07194573329592964	-0.11597879576878597	-0.13172546949699684	0	True
ZNF875	-0.08555840700630338	-0.1061381338668705	-0.2289975092112581	-0.10626327269638382	-0.13173933069520397	0	True
BCL2	0.09578671854450266	-0.10292359118468133	-0.2614177088547492	-0.25843233120388615	-0.1317467281747035	1	False
USP34	-0.13279202423173275	-0.16028289970224802	-0.11250719512935838	-0.12142585917258171	-0.1317519945589802	0	True
GALNT7	-0.15973396975111967	-0.17866348900516263	-0.07508238904029797	-0.11365775683909243	-0.13178440115891818	0	True
RNF170	-0.03851171554567474	-0.12047531448259978	-0.22566793933121002	-0.14263273121685233	-0.1318219251440842	0	True
GALM	0.1343783985802182	-0.1841257400083641	-0.20038063963435246	-0.277182127500304	-0.1318275271407006	1	False
ZNF337	-0.02123070023903204	-0.10904726477286562	-0.19722364764132275	-0.19981744874939364	-0.13182976535065352	0	True
HSF5	-0.08057687666829308	-0.33349041323059814	-0.062093105617738724	-0.05160770937908823	-0.13194202622392953	0	True
TBK1	-0.17803392713057165	-0.05410983376376406	-0.04879387913591746	-0.24692257911468096	-0.13196505478623355	0	True
CD44	-0.12312297408834581	-0.20092753363140858	-0.06352997535184615	-0.1403288863429344	-0.13197734235363373	0	True
PTTG1IP	-0.13457383864160327	-0.02169202314182186	-0.0585266424843027	-0.31320276175180517	-0.13199881650488327	0	True
CRY2	-0.2516340901184338	-0.13064991950498092	-0.14422104407204148	-0.0022135588786177025	-0.13217965314351848	0	True
ABHD18	-0.03536349117470746	-0.1367311301650949	-0.16134124121682905	-0.19540294079941303	-0.1322097008390111	0	True
SLC25A43	-0.0035972942448376406	0.05727792253427803	-0.23501486969464103	-0.34758771018467455	-0.1322304878974688	1	False
TRIM24	-0.11772622867761263	-0.16686434900258573	-0.164516842465472	-0.08000249619697226	-0.13227747908566065	0	True
NHLRC2	-0.07278726025027048	-0.1934265091047878	-0.17829081963177393	-0.08508227639876949	-0.13239671634640043	0	True
ZDHHC13	-0.1550615420587368	-0.10522430627250197	-0.1227148346592143	-0.1471919870417191	-0.13254816750804305	0	True
GUSBP1	-0.13747892051108446	-0.028086254176334185	-0.2658581581863636	-0.09887902544360674	-0.13257558957934723	0	True
PPP2R5A	-0.08681603565300039	-0.2540015219078573	-0.054084007582149485	-0.13566750535173336	-0.13264226762368514	0	True
ZNF133	-0.18187648758273464	-0.0394294082140685	-0.26671361889277984	-0.04299487925877273	-0.13275359848708893	0	True
BCOR	-0.2711350064139838	0.09386850922554633	-0.14225603981520155	-0.21155863973920588	-0.1327702941857112	1	False
POLR2J3	-0.15047969025320085	-0.18794174357761279	-0.12221496280327188	-0.0705211731564291	-0.13278939244762866	0	True
SMURF1	-0.10306910419235531	-0.13394536251951555	-0.10025879275007565	-0.1939879950284307	-0.1328153136225943	0	True
AP3B1	-0.09524624732677572	-0.14946935333119132	-0.11400092090767018	-0.17298181380200311	-0.13292458384191008	0	True
SOCS5	-0.14672415558079202	-0.24250703255129027	0.04504813965307166	-0.18770241761901763	-0.13297136652450708	1	False
ADAMTSL4-AS1	-0.09113472675562113	-0.011415905466905749	-0.3248677142353965	-0.10455207994529209	-0.13299260660080386	0	True
UBAC2	0.039611237303557936	-0.17229950757486387	-0.1848937180376751	-0.21472858219156082	-0.13307764262513544	1	False
SAMD8	-0.005895283752372804	-0.08127130987535974	-0.23426183186020721	-0.2109748513304605	-0.13310081920460007	0	True
ZNF566	-0.28757086913794966	-0.059301404311964	-0.07187366476438144	-0.11375887516668996	-0.13312620334524627	0	True
GIT2	-0.08273722049132418	-0.16220493967203228	-0.07165438889720208	-0.21686425328329673	-0.13336520058596382	0	True
RAB3IP	-0.011604100976485092	-0.18135699654048823	-0.1515138612306575	-0.1890454343278955	-0.1333800982688816	0	True
ZC3H4	-0.39505354944208027	-0.002094142742505701	-0.08978296941840325	-0.04661085262794581	-0.13338537855773375	0	True
RBM23	-0.1379712064908205	-0.07428384727860876	-0.1975067200307043	-0.12417092543542067	-0.13348317480888855	0	True
NRF1	-0.09032558035040739	-0.2612987671817875	-0.08132758831260124	-0.10120574189652444	-0.13353941943533015	0	True
EML4	-0.02916638803288651	-0.2270339240645078	-0.11757635334296769	-0.16180583937443385	-0.13389562620369896	0	True
IDNK	-0.09716216582513566	-0.21493923732523698	-0.11731809892402557	-0.10628131002672518	-0.13392520302528085	0	True
IPP	-0.009814126275661387	-0.27348710942052296	-0.031889667678807826	-0.22084251668541435	-0.1340083550151016	0	True
TPP1	-0.23024880758653132	-0.09029192338765665	-0.053515709847927535	-0.16331381017585353	-0.13434256274949227	0	True
ITCH	-0.20324740102879335	-0.14512900410657018	-0.08982324002138309	-0.09926816636205506	-0.1343669528797004	0	True
SP1	-0.13311961476221804	-0.06774444374913798	-0.11144731410482658	-0.2256425706517037	-0.13448848581697156	0	True
SNTB2	-0.1430182863628325	-0.020744691912658594	-0.25576586937768725	-0.11845769288507281	-0.13449663513456278	0	True
NFATC2	-0.20467298138058085	-0.22944003768456245	0.014678543903751683	-0.11927615070957881	-0.1346776564677426	1	False
KDM1B	-0.08087678215305567	-0.2074167013676478	-0.12542904554963955	-0.12502068703318098	-0.13468580402588098	0	True
TMTC3	-0.16091554305948835	-0.11455307368976644	-0.13212938625506054	-0.13121806974072003	-0.13470401818625885	0	True
PAPOLG	-0.09045960328621114	-0.09383303554673049	-0.19979457216667118	-0.15525269310859754	-0.13483497602705258	0	True
TRAPPC12	-0.11850107953703615	-0.16725023513470377	-0.01763504043611259	-0.2359603795948586	-0.13483668367567778	0	True
MAMLD1	0.06887382477518318	-0.4138633023345288	-0.18487288698953047	-0.00955677794798188	-0.1348547856242145	1	False
ARIH1	-0.11318406029206142	-0.1313004769751842	-0.1403864580707567	-0.1547980328786604	-0.13491725705416568	0	True
ECHDC2	0.041347606963488624	-0.11710183761354778	-0.22675437554147027	-0.23747695552528708	-0.13499639042920414	1	False
ICA1L	-0.028258044223509773	0.13293927350360651	-0.33546802573841955	-0.3092199910426488	-0.1350016968752429	1	False
AIDA	0.08630555598341996	-0.26999943765865203	-0.1939394898270184	-0.1627718975596574	-0.13510131726547697	1	False
ZNF721	-0.2309731675584927	-0.04694562653597179	-0.14667619492337972	-0.11581650914659802	-0.13510287454111056	0	True
ICOS	0.004850692570546381	-0.20763661981633347	-0.1713840988004622	-0.16629225885111026	-0.13511557122433987	1	False
PARN	-0.18213852198483899	-0.019051514539831598	-0.1377150301121157	-0.20160303129590398	-0.13512702448317257	0	True
ATP2C1	-0.18303376295678378	-0.11556157675074277	-0.1267562084213051	-0.11602777216879154	-0.13534483007440581	0	True
SLC38A9	-0.09224946062369048	-0.04923495438008695	-0.1327559770301366	-0.26735297557912246	-0.1353983419032591	0	True
CD109	-0.1980314247402846	0.2217205797899534	-0.15991821910537832	-0.40546853948014183	-0.13542440088396285	1	False
FKBP5	-0.08042660834432239	-0.161014741250164	-0.0938994881692726	-0.20659473247390486	-0.13548389255941595	0	True
NKTR	-0.08203125905977803	-0.20246639709080375	-0.0966578419479423	-0.16121953736747102	-0.13559375886649877	0	True
SLC39A9	-0.10870439232051671	-0.1835642824333664	-0.1507190934390937	-0.0996659893976527	-0.13566343939765738	0	True
NEO1	0.09084369047017656	-0.3842578985044554	-0.12627782498600867	-0.12302039743898793	-0.13567810761481888	1	False
CEP63	-0.08857099635690405	-0.07584225556210344	-0.18313079104011643	-0.1956443907535426	-0.1357971084281666	0	True
TFCP2	-0.18343952822957074	-0.050259663179164846	-0.2130489336079884	-0.09647522506809435	-0.1358058375212046	0	True
INTS4	-0.1135124121099075	-0.07423759574262974	-0.12470275209587667	-0.2308141384454443	-0.13581672459846456	0	True
HIVEP2	0.00025366299154861365	-0.13672382951390016	-0.1534281218539371	-0.25341446921692573	-0.1358281893983036	1	False
SAP30L-AS1	-0.005712774118719422	-0.04527132834407224	-0.27585235429905103	-0.21663416444730266	-0.13586765530228634	0	True
USP15	-0.09010800411673597	-0.19119835113562034	-0.10456618053451835	-0.15774269308488517	-0.13590380721793996	0	True
ZFY	-0.24767432310671297	-0.1287270742817246	-0.10198071813082163	-0.06617216261810553	-0.1361385695343412	0	True
CCNYL1	-0.22298607005857554	-0.09847024876835848	-0.08383780862528119	-0.13969948805182736	-0.13624840387601064	0	True
TATDN3	0.04970098111151329	-0.14688187706840655	-0.12711616359289812	-0.3208433414810938	-0.13628510025772128	1	False
SLMAP	-0.07641443571904664	-0.18536909883535316	-0.11532121804283874	-0.16829689660424646	-0.13635041230037126	0	True
ROCK1	-0.07031556486738899	-0.18374891782250588	-0.11180598587590454	-0.17960670333533527	-0.13636929297528366	0	True
KCTD18	-0.07130543172029505	-0.18845662540756677	-0.06771074935592455	-0.2180462341727369	-0.13637976016413084	0	True
COPG2	-0.06040844875771353	-0.1423698078001664	-0.08099562540468537	-0.26424641085267775	-0.13700507320381078	0	True
MIPEP	-0.133624056387091	-0.1562095223467185	-0.11613510890205136	-0.14228873604890574	-0.13706435592119165	0	True
STRADA	-0.11330554700028622	-0.08201991809485061	-0.06053163618056049	-0.2924798455414844	-0.13708423670429543	0	True
DNAJB14	-0.020713334389693024	-0.07486622147326458	-0.23117096318397518	-0.22169475776485878	-0.1371113192029479	0	True
ZNF805	-0.009354348036404168	-0.29858879670929	0.007690292321822193	-0.24822214152205296	-0.13711874848648126	1	False
TYW5	-0.1755107238453756	-0.08426944495458281	-0.18167215936449393	-0.10723580141255884	-0.1371720323942528	0	True
FAM160A2	-0.25514387041726266	-0.23827744755348954	0.064748586036015	-0.12006171607146811	-0.13718361200155132	1	False
PEX14	-0.09688173701112167	-0.13778989980482034	-0.15704748755989786	-0.15730198688836097	-0.1372552778160502	0	True
TMTC4	-0.04454061407412327	-0.11851969506385063	-0.2832953592865458	-0.10345079493448862	-0.13745161583975207	0	True
SERAC1	0.08763331129871042	-0.1662794701921963	-0.1814343213341774	-0.2897466025948945	-0.13745677070563944	1	False
MFN1	-0.03574815234246062	-0.21231152516660373	-0.2503897559537248	-0.0515702162878141	-0.1375049124376508	0	True
ZNF700	-0.07987992845778347	-0.11872220660173584	-0.18617968375266788	-0.16575160360984154	-0.13763335560550718	0	True
GPR68	-0.2384146999394534	-0.15723244489687974	-0.09530607009982216	-0.059620729149356406	-0.13764348602137794	0	True
SUCLG2	-0.0032192475691228935	-0.19828879304337674	-0.20619786001117396	-0.14291179068381474	-0.1376544228268721	0	True
C1QTNF7-AS1	-0.11698221312764763	0.013844002133465068	-0.36162944473915065	-0.0868634130979763	-0.13790776720782738	1	False
ADCK1	-0.1607397090816229	-0.024757306847256525	-0.2381859168313542	-0.12840403465541966	-0.1380217418539133	0	True
CDKAL1	-0.14435829001457773	-0.09346313248570684	-0.1445671950028423	-0.16980994450452683	-0.13804964050191343	0	True
SNX13	-0.08912835863280233	-0.14021498354195006	-0.11785226190157062	-0.20525155992167485	-0.13811179099949947	0	True
MALAT1	-0.053186224526278365	-0.12467165810916916	-0.1840177050850685	-0.19060104956519447	-0.13811915932142763	0	True
C3orf35	-0.17109893079786254	-0.1533048822715331	-0.08128880047506086	-0.14682576352536342	-0.13812959426745497	0	True
BTRC	-0.06569388962180779	-0.14697492607979012	-0.1795408274248866	-0.16032788488217076	-0.13813438200216382	0	True
ZNF136	-0.016773938345455014	-0.09458634533996603	-0.2294275390945581	-0.21240217535270448	-0.13829749953317091	0	True
PLD3	-0.13660288251133415	-0.19829222258300672	-0.02314723818063508	-0.19644051970873314	-0.13862071574592727	0	True
PLAGL1	-0.0563531980840677	-0.14744082518395488	0.00801669312844334	-0.3587097524399341	-0.13862177064487832	1	False
NAP1L4	-0.11929196266005829	-0.1927992854468744	-0.11059390314421888	-0.13196268223115498	-0.13866195837057665	0	True
MREG	-0.17841530543164538	-0.13319940543123798	0.014917435703913922	-0.25806680843589086	-0.1386910208987151	1	False
NF1	-0.03504989129123813	-0.18990331705181357	-0.15101162307664145	-0.1796434806091622	-0.13890207800721383	0	True
DNAJB4	-0.15910162351378615	-0.13225928264991085	-0.2203093386667411	-0.04518999727452835	-0.1392150605262416	0	True
CDK8	-0.18129283988414294	-0.12656025265976373	-0.08359429410344031	-0.16563791788722668	-0.13927132613364343	0	True
MICU1	0.0064936010642810595	-0.08451126847052978	-0.1952616909764497	-0.2841069964934245	-0.13934658871903072	1	False
CASP8	-0.1336573895426025	-0.1414160380464807	-0.07183083218855957	-0.2105243130583886	-0.13935714320900783	0	True
ADAM10	-0.1129145164664742	-0.1711027035838306	-0.14761834489585654	-0.1263101506513191	-0.1394864288993701	0	True
SPATA5	-0.12870675373921406	-0.12485581282791815	-0.14333700998867585	-0.1612532740760466	-0.13953821265796368	0	True
WDPCP	-0.13900148300202506	-0.03769206524475761	-0.19797484678724558	-0.18356100387445226	-0.13955734972712014	0	True
ITPK1	-0.12474872939287271	-0.017398206056439776	-0.14326670836291414	-0.27303353532524627	-0.13961179478436822	0	True
PCF11	-0.25318075577720595	-0.11312365479375737	-0.07595843815532273	-0.11718973204940213	-0.13986314519392204	0	True
STRN3	-0.09282139044085264	-0.08277535815476277	-0.16857928105084605	-0.2152990316432029	-0.1398687653224161	0	True
CLASP1	-0.06647766935365795	-0.15916408083578418	-0.1952793802274141	-0.13871992641779626	-0.13991026420866312	0	True
DGKH	0.13241955931082952	-0.1716114053480126	-0.22717136486761003	-0.2935622227818324	-0.13998135842165638	1	False
LRIG2	-0.18051155525449994	-0.0833825252112518	-0.08022789920051111	-0.21582694804215585	-0.13998723192710466	0	True
BIRC2	-0.050800682999631086	-0.25460376484362635	-0.19109636650756162	-0.06372216596547453	-0.1400557450790734	0	True
RUSF1	-0.16406636061104177	-0.017989591792861387	-0.21291131749184156	-0.16540428215809666	-0.14009288801346034	0	True
HERC2	-0.1172150671368182	-0.1002426493887015	-0.22879969221681742	-0.11421806563652206	-0.14011886859471478	0	True
EHBP1	-0.09535356925596404	-0.12960376766597018	-0.1649933950824187	-0.1712594831557287	-0.1403025537900204	0	True
TMEM63B	-0.32717321893329165	-0.04372885730601773	-0.08376630689077796	-0.10677191956223325	-0.14036007567308015	0	True
ZBTB26	-0.13548861182687724	-0.044319498389211634	-0.10121918335966452	-0.2809857117215457	-0.14050325132432478	0	True
ZNF708	-0.014746742486092578	-0.22376321150995301	-0.21699867665974165	-0.10696670577827273	-0.140618834108515	0	True
MCPH1	-0.12452185635845162	-0.12880771902610572	-0.14420805160595007	-0.16506456970513433	-0.14065054917391046	0	True
DCAF5	-0.03220756252213114	-0.12068694933954965	-0.21678967680321698	-0.19318298316230254	-0.14071679295680006	0	True
GCC2	-0.14607806239877136	-0.1655359816775291	-0.11171937216343687	-0.13970750027410966	-0.14076022912846176	0	True
NPEPPSP1	-0.08983648629742055	-0.06571411904954971	-0.1675101207972511	-0.2410446590532336	-0.14102634629936375	0	True
SH3BP5	0.13839990335578678	-0.33995351633288656	-0.023756379059568237	-0.339449826658186	-0.1411899546737135	1	False
ZMYM6	-0.23258369212619137	-0.12269893653843451	-0.05602912749899598	-0.15370568126313522	-0.14125435935668929	0	True
GEN1	-0.20325923336987864	-0.15512373988731998	-0.18520633559061192	-0.02180647969949065	-0.1413489471368253	0	True
FGFR1OP2	-0.07250104284963944	-0.2260729417974634	-0.18794205713262058	-0.07894078578871414	-0.14136420689210938	0	True
KIF27	-0.08107584014582535	-0.12126496522889182	-0.16749913920191015	-0.19564089959365852	-0.14137021104257144	0	True
PPP4R1	-0.04352110609637827	-0.24541606503160984	-0.12458165814782858	-0.15198399375568242	-0.14137570575787478	0	True
LOC101929710	0.05203128337737323	-0.0135424125202801	0.0026102999341318595	-0.6066600464218276	-0.14139021890765066	2	False
PELI1	-0.03937729976102721	-0.3026162184110361	-0.022147451973486502	-0.20188066037943192	-0.14150540763124542	0	True
SEPTIN6	-0.008757978644240974	-0.12807338977557595	-0.21284263276024373	-0.21675119402197196	-0.14160629880050815	0	True
ZNF767P	-0.20588703751095236	-0.06880133996321544	-0.11146309818206145	-0.1804590434232768	-0.14165262976987653	0	True
PHF19	0.05265768916156433	-0.1467376315348391	-0.112086942321212	-0.36072550007777276	-0.1417230961930649	1	False
PPP1R12A	-0.12930892002666042	-0.17737607190700297	-0.11032113520312153	-0.14993002307184503	-0.1417340375521575	0	True
RFX7	-0.035448456829073625	-0.18299134047184729	-0.15046454016707822	-0.19856177031922204	-0.1418665269468053	0	True
PPARD	0.0290142917109026	-0.12015166137009349	-0.24997653052950466	-0.22693013379393995	-0.1420110084956589	1	False
ASTE1	-0.21714922620200774	0.01579586309991724	-0.24260937765354065	-0.1241122198472424	-0.1420187401507184	1	False
GPR75-ASB3	-0.17276951356908193	-0.17017516931556192	-0.05404154254848226	-0.17141893977360634	-0.1421012913016831	0	True
TAX1BP1	0.0076801747474321246	-0.20401144660539516	-0.08727846916442429	-0.2850340004375792	-0.14216093536499164	1	False
INTS8	-0.07065928712852398	-0.19206489887905553	-0.15567101835003225	-0.1509663550363316	-0.14234038984848585	0	True
ABCC1	-0.06928484905440159	-0.13340281300709153	-0.13764677530510688	-0.22932073608056397	-0.142413793361791	0	True
CEP43	-0.12894334331582294	-0.10605651455806198	-0.24229657785188488	-0.09307681340509923	-0.14259331228271727	0	True
ASTN2	-0.05828227175564391	-0.12206586674511784	-0.2269941191450112	-0.1632467783254552	-0.14264725899280703	0	True
ACTR10	-0.10340053477857611	-0.1057332889840679	-0.08607913553566285	-0.27565847314849756	-0.1427178581117011	0	True
FAM199X	-0.1202970319005588	-0.1844612505979628	-0.11789509202397556	-0.14853414925448247	-0.14279688094424492	0	True
CERT1	-0.11482512127906501	-0.21607073149784975	-0.03838198992839048	-0.2022192806133263	-0.1428742808296579	0	True
CDS2	-0.15678646166278554	-0.18961487623806306	-0.11731600832898371	-0.10783489259542521	-0.14288805970631438	0	True
ARID5B	-0.011751743781150998	-0.1582049595078216	-0.20072745823931504	-0.20090841309181554	-0.1428981436550258	0	True
APPBP2	-0.18404868907122868	-0.15000839522340279	-0.08402793689053954	-0.15355068327178786	-0.14290892611423972	0	True
TAOK1	-0.13770500314568282	-0.12986154016193066	-0.15912199884777328	-0.14497284565445337	-0.14291534695246003	0	True
KAT6A	-0.09980902101038507	-0.14650526686548554	-0.11473165674032734	-0.21065050462224993	-0.142924112309612	0	True
RUBCN	0.025582187994008153	-0.08135756802883837	-0.2578251931911964	-0.25821981452726855	-0.1429550969383238	1	False
AAMDC	-0.05916689058725625	-0.22763090420884052	-0.20136652583796077	-0.08394820105227746	-0.14302813042158374	0	True
TCF7L2	-0.13304449260806975	-0.15938352741850492	-0.03696770272606854	-0.24279912098875858	-0.14304871093535043	0	True
PLEKHA2	0.047677320025066576	-0.204168339114303	-0.1954789327747955	-0.22063167796637956	-0.14315040745760288	1	False
LYST	0.03331979174669366	-0.21441584547092074	-0.21065532423323205	-0.18144725214403098	-0.14329965752537252	1	False
AP5M1	-0.21213803661043582	-0.12460032774534482	-0.029340059609192497	-0.20718222974724654	-0.14331516342805492	0	True
MADD	-0.17298525649379465	-0.07480107145247518	-0.24627164518845887	-0.07934073011681912	-0.14334967581288693	0	True
CDKL3	-0.0037976191329547574	-0.09806444876931482	-0.20762659679026055	-0.26395316284770565	-0.14336045688505894	0	True
HECA	-0.09105022909779086	-0.17326609075070915	-0.04729532655020397	-0.26195109745171746	-0.14339068596260535	0	True
XRCC4	-0.0784074935702017	-0.18141657882079595	-0.1895156720580529	-0.12441495875809577	-0.1434386758017866	0	True
P2RX4	-0.022534882171588142	-0.11338514308733688	-0.1813386023770412	-0.25667102600056474	-0.14348241340913276	0	True
ANKRD13C	-0.17159733033905572	-0.18234733123792413	-0.10463704053382156	-0.1159587852692129	-0.14363512184500357	0	True
ZNF138	-0.0027456199310118947	-0.24214174615782125	-0.26648746098554826	-0.06531506130720871	-0.14417247209539752	0	True
TDRD3	-0.17855397922764377	-0.1631256656513443	-0.08136342909952238	-0.15396795284945516	-0.1442527567069914	0	True
SYS1	-0.17386158429306492	-0.02243353615147575	0.01586900547955832	-0.39707205998227973	-0.14437454373681552	1	False
HELZ	-0.04768297052434174	-0.1464623203685013	-0.18660676385020367	-0.19708566864930482	-0.14445943084808788	0	True
PACSIN2	-0.06353195083400917	-0.20255689394861587	-0.07875643845395017	-0.23349196545135067	-0.14458431217198148	0	True
ZNF346	-0.1675724496044177	-0.12466935624549637	-0.2537661481331159	-0.0324393175352474	-0.14461181787956934	0	True
TLK1	-0.07508388243832165	-0.18198773461590836	-0.19826486272650007	-0.12363424832647091	-0.14474268202680024	0	True
DCP2	-0.037475985259605514	-0.17566134709685322	-0.2207251889627423	-0.14527648399679766	-0.14478475132899965	0	True
ACO1	-0.05227200870159097	-0.2374060501297823	-0.14370691310190134	-0.1459633124690889	-0.14483707110059088	0	True
USP32	-0.06982686680123992	-0.18418456320830368	-0.16052141435295353	-0.1652878708004449	-0.14495517879073552	0	True
TRIM4	-0.1930009278423152	-0.11940654963988603	-0.15050504797643746	-0.11713471908410805	-0.14501181113568667	0	True
ARFIP1	-0.13015014496818234	-0.17484161335664802	-0.24624814812772147	-0.028842392995569326	-0.1450205748620303	0	True
EFCAB7	-0.2601441260584675	0.0615720949009159	-0.19305322247014126	-0.18854500810254204	-0.14504256543255872	1	False
ASH1L	-0.16602752690948586	-0.12902897272435387	-0.1496530265019873	-0.13549086132206078	-0.14505009686447196	0	True
LOC374443	-0.11415045904219616	-0.1283821958692315	-0.14490913774933206	-0.19311740472891042	-0.14513979934741755	0	True
ZNF248	-0.13903918840592694	-0.16895304688616214	-0.07554546195126029	-0.197176406282789	-0.1451785258815346	0	True
GPATCH2L	-0.10557659861965873	-0.12674707902387472	-0.1847835052514314	-0.16372393037593475	-0.1452077783177249	0	True
HDAC8	-0.11185679124379538	-0.05274746557862467	-0.15616846404764936	-0.2605416331513135	-0.14532858850534575	0	True
CSGALNACT2	-0.00627876277584945	-0.10869715603752318	-0.20672837087502702	-0.2603545546013129	-0.14551471107242814	0	True
EBLN3P	-0.14497574142464584	-0.12942588141726405	-0.17656591294098842	-0.13115376757774316	-0.14553032584016035	0	True
SPTLC2	-0.1525048609007576	-0.17949112427901492	-0.14753184335417915	-0.10262689663231812	-0.14553868129156747	0	True
SNHG14	-0.13432035202738654	-0.1025809991103417	-0.1897354233942299	-0.15585859616793143	-0.1456238426749724	0	True
CHN1	-0.029104114391921048	-0.303853866394363	-0.07692179714414038	-0.17295645958934863	-0.14570905937994327	0	True
KLHL28	-0.14734377066380247	-0.019575412919154794	-0.11281999575493684	-0.30331810833981115	-0.14576432191942632	0	True
NFKB1	-0.16043740581237056	-0.22222718846396208	-0.09542056783879192	-0.10517871355484538	-0.1458159689174925	0	True
ZNF37BP	-0.09971519378296861	-0.11299778144878386	-0.18257337605273644	-0.1880908779957391	-0.145844307320057	0	True
SLC9A1	-0.18353604876350255	-0.08871972790167518	-0.2269632069069266	-0.0842342796605126	-0.14586331580815423	0	True
NFYC	-0.18890415647024308	-0.1513380712506038	-0.1364850437614842	-0.10722646422722244	-0.1459884339273884	0	True
AFF4	-0.15217746500156004	-0.1348828607184326	-0.13742830826179733	-0.15956996177592703	-0.14601464893942923	0	True
DPY19L1	0.012309338625260012	-0.2053912021873048	-0.16721682781553682	-0.2237670518397312	-0.14601643580432822	1	False
FAM126A	-0.10843969375196562	-0.0735244466943085	-0.22690529260898534	-0.1752796153867306	-0.1460372621104975	0	True
ZNF621	-0.02707172791169462	-0.16917828992219006	-0.25432765284906594	-0.13368042455043297	-0.1460645238083459	0	True
RBM41	-0.10590261067185418	-0.04721948945792572	-0.11709937330298213	-0.3141278899022016	-0.14608734083374092	0	True
TFG	-0.16575246074981326	-0.17428693423660285	-0.04868578130628796	-0.1960041956415293	-0.14618234298355834	0	True
PNISR	-0.11504484843904587	-0.17432163019106353	-0.09607440870348762	-0.1993030213176788	-0.14618597716281895	0	True
TOGARAM1	-0.2814842903224379	-0.04838892070450079	-0.16207756100259318	-0.09293720529926862	-0.14622199433220012	0	True
RAB11FIP3	-0.3394778775739628	-0.10098698704912698	-0.055003644301324026	-0.08984296600428773	-0.14632786873217538	0	True
C2CD3	-0.24460948341109748	-0.1119055898540962	-0.2054320940938604	-0.02350546937427164	-0.14636315918333143	0	True
KMT2C	-0.05280872102646821	-0.21209383190652767	-0.15123441827055573	-0.16938575939977332	-0.14638068265083123	0	True
RNF2	-0.14215604069400808	-0.2738633651530225	-0.10187007403162326	-0.06817354323902197	-0.14651575577941894	0	True
ZFX	-0.15139242874058886	-0.188882354942775	-0.17541261853609616	-0.07068807649294453	-0.14659386967810112	0	True
R3HDM2	-0.042636205532917325	-0.12167023208293913	-0.20992764214089504	-0.21286144654980665	-0.14677388157663954	0	True
TSHZ1	-0.225920986915647	-0.09775005802749766	-0.15147323312379546	-0.11251968748734216	-0.14691599138857056	0	True
LY75	-0.05647679562443581	-0.12139398161496712	-0.15835912080923972	-0.25159233858032515	-0.14695555915724196	0	True
ELF1	0.0071819326847463805	-0.2118132038598153	-0.18851852222549956	-0.19510937117785312	-0.1470647911446054	1	False
LINC01599	-0.1545237107771133	-0.2413432947199238	0.07284638731083633	-0.26526129182331415	-0.14707047750237873	1	False
PRMT9	-0.13147380160804498	-0.17466281576935228	-0.052160472941157165	-0.23057026572883246	-0.14721683901184673	0	True
DNM3	-0.19001541794596968	-0.06648803608228396	-0.11151706723028708	-0.22097402493047497	-0.14724863654725392	0	True
NR2C1	-0.12398725527674581	-0.1713513003319277	-0.07001906777078672	-0.22382276502454143	-0.14729509710100042	0	True
AASDH	-0.06137532701467824	-0.17527567588763288	-0.17513883117045312	-0.17756365608042168	-0.14733837253829649	0	True
STK4	-0.11558444026083944	-0.1653781976383435	-0.12842329370029787	-0.18022569128624472	-0.1474029057214314	0	True
TESPA1	-0.1877305059035598	-0.1817830077630225	-0.16052223370026852	-0.0602128898169992	-0.14756215929596253	0	True
ZNF644	-0.13276162720772466	-0.18757532492479384	-0.12610583005359183	-0.1446857702956547	-0.14778213812044125	0	True
ANKIB1	-0.16201120416519432	-0.13364494365104107	-0.13430549451158294	-0.16186649830073868	-0.14795703515713926	0	True
TTC33	-0.21459499402322565	-0.2346584735046214	-0.060571071470273366	-0.08226301256949244	-0.1480218878919032	0	True
RERE	-0.1023761986682039	-0.038879918943604375	-0.19630636247188082	-0.2546779450174833	-0.1480601062752931	0	True
CEP57L1	0.04748335387458614	-0.3111929215112484	-0.07795804182754382	-0.25081538183312263	-0.14812074782433216	1	False
PLGRKT	-0.06971329523344542	-0.20318449967464092	-0.09249355238919128	-0.22721465603374014	-0.14815150083275444	0	True
SNX11	-0.192562610823463	-0.17944808885094568	0.05140493192384885	-0.27332678851375214	-0.148483139066078	1	False
RAB12	-0.10962459334671978	-0.09060649054926308	-0.1360088858326948	-0.25774071024722106	-0.14849516999397466	0	True
NCOA3	-0.2141626812225918	-0.06974334691478427	-0.15557185577646196	-0.1545958365421468	-0.1485184301139962	0	True
MAPK14	-0.12165065504984174	-0.1365762828971651	-0.17251526032918915	-0.16339273428762396	-0.14853373314095497	0	True
ZBTB44	-0.22542661057245908	-0.18641615676140702	-0.12074695194344845	-0.061608985555639435	-0.1485496762082385	0	True
AP1G1	-0.02449248259548122	-0.11197098538690343	-0.25363670870693494	-0.20439497657459302	-0.14862378831597817	0	True
NEK9	-0.1829630623763272	-0.07256793550461443	-0.12153495889593152	-0.21775636930518508	-0.14870558152051455	0	True
CAT	0.14815607585006876	-0.29487616478353884	-0.20716663548830838	-0.24128940915888386	-0.1487940333951656	1	False
CNST	-0.16006915520003676	-0.12758082302192497	-0.12195767984764282	-0.18568291659839448	-0.14882264366699977	0	True
MDM4	-0.07469454968063631	-0.09093244841322323	-0.21138156023723043	-0.21832602198394702	-0.14883364507875924	0	True
CEP350	-0.07974218616158511	-0.1558127535523183	-0.15312985554665762	-0.2070760203667048	-0.14894020390681645	0	True
PIGK	-0.13314356755556167	-0.13062598728808927	-0.1630148608204667	-0.1693833993541007	-0.1490419537545546	0	True
VOPP1	-0.1736056491593766	-0.20484802297622348	-0.10205551568811942	-0.11582999635752753	-0.14908479604531177	0	True
KLF6	-0.16072777143599787	-0.22087556608152698	-0.03270542297750383	-0.1824058841825927	-0.14917866116940534	0	True
TCAF2	0.022493591368240244	-0.10302992535439626	-0.2930709072581399	-0.2231861590438415	-0.14919835007203436	1	False
ATP1A1-AS1	-0.2698802836554703	-0.22683328790684082	-0.09694416329670939	-0.0032060331766493406	-0.14921594200891747	0	True
RPGR	-0.14352116276603077	-0.17675380960892878	-0.13285126747562573	-0.14413890965798498	-0.1493162873771426	0	True
INPP5B	-0.06173283788984264	-0.009813811030808514	-0.255712682783312	-0.270167399258354	-0.14935668274057928	0	True
TCP11L1	-0.09189298916848172	-0.2055621793257258	-0.20490007976039495	-0.09523388393431925	-0.14939728304723043	0	True
C17orf67	0.10546878054324905	-0.19714109511326197	-0.32490280927334897	-0.18137975534485481	-0.14948871979705416	1	False
NNT	-0.039395389586183834	-0.20138557066414092	-0.1612006406206746	-0.19688138377707806	-0.14971574616201935	0	True
XKR6	-0.1117937057575876	-0.12071459591767304	-0.23413640904259203	-0.13263816302261466	-0.14982071843511685	0	True
SEMA6A-AS1	-0.22893090917986386	-0.36212233292204066	-0.07680731423635008	0.06788691222853381	-0.14999341102743022	1	False
ATP6V1A	-0.16427991268952585	-0.04611722236500153	-0.1889974663900607	-0.20119833263857662	-0.15014823352079118	0	True
ACAD10	-0.16018825663139227	-0.007312189988248153	-0.35324345173932037	-0.080103097505179	-0.15021174896603492	0	True
LENG8-AS1	-0.31518009226566773	-0.05206231450020965	-0.18415719290752977	-0.05009601217494627	-0.15037390296208836	0	True
PTPRC	-0.0365022034723198	-0.12909195850981603	-0.26881722050572443	-0.16783088157964243	-0.15056056601687567	0	True
TRAPPC11	-0.11544247892543685	-0.2188416353527252	-0.14775987119441264	-0.12060550717015106	-0.15066237316068143	0	True
FAM193A	-0.2163758013630876	-0.09647026547931854	-0.12584599509850491	-0.16420413260572325	-0.15072404863665856	0	True
ZMYND8	-0.10331926904000195	-0.14036274010534852	-0.15921353708073233	-0.200392121302462	-0.1508219168821362	0	True
ZNF333	-0.21916122103033436	-0.042020539568509874	-0.2767188447093854	-0.0658735650636013	-0.15094354259295772	0	True
STXBP3	-0.06293243118889702	-0.3154872520588511	-0.02718463932861688	-0.19825492040357928	-0.15096481074498608	0	True
FAM169A	-0.07590041406560043	-0.2480412082282183	-0.11412202682509776	-0.16656531009346992	-0.1511572398030966	0	True
FOXO1	-0.0849554033805331	-0.2126478288187089	-0.10251970730785472	-0.20456494909590353	-0.15117197215075007	0	True
PDS5B	-0.04682290127673196	-0.20634730920293107	-0.22191046343743162	-0.13049564361957136	-0.1513940793841665	0	True
ERVK13-1	-0.04354360712175247	-0.16297854299139064	-0.21141928115407962	-0.18784949251988814	-0.15144773094677771	0	True
PPP2R3C	-0.19183302686659356	-0.046494396916222355	-0.19248275438511775	-0.17593728624135338	-0.15168686610232177	0	True
WIPF2	-0.07584079312241328	-0.2318134196241154	-0.1813336877237696	-0.11790058919767625	-0.15172212241699362	0	True
CKMT2-AS1	-0.14946068329302548	-0.1066408437948631	-0.1916771435951149	-0.15941829750320227	-0.15179924204655143	0	True
ANGEL1	-0.2110724693460082	-0.06079319823489463	-0.1630201830262516	-0.17296961853325032	-0.1519638672851012	0	True
LIMS1	-0.06177219816643038	-0.14328122918377006	-0.18946065690435557	-0.2137397620700154	-0.15206346158114287	0	True
ZDHHC17	-0.1646068718116487	-0.12547360669813531	-0.15508930996986273	-0.16330734352058363	-0.1521192830000576	0	True
USO1	-0.06249494073514992	-0.1751712194440608	-0.19848756817556323	-0.17274324070223243	-0.1522242422642516	0	True
JPX	-0.11803957269401591	-0.16908364128065873	-0.15483708623003284	-0.1671259066065302	-0.15227155170280943	0	True
BROX	-0.026082131921049953	-0.22427769007161613	-0.13896133053459395	-0.22000855952736895	-0.15233242801365726	0	True
TTC9C	-0.14821752936417218	-0.04640516066875249	-0.1568143024391902	-0.25800895462630274	-0.15236148677460443	0	True
BSDC1	-0.16274753591153557	-0.160239423213992	-0.18702191005669697	-0.0994956251906139	-0.15237612359320962	0	True
MAGI3	0.03644578626198329	-0.30060005014109736	-0.1591318194623739	-0.1863871169022363	-0.15241830006093107	1	False
LITAF	-0.020112735051881783	-0.24594015201116695	-0.17230070061351177	-0.1713914978594613	-0.15243627138400545	0	True
NIN	-0.007563722400916948	-0.18369142584552678	-0.13297177731007892	-0.2859091344431145	-0.1525340149999093	0	True
NARF	-0.17016625819996017	-0.1552353390688533	-0.1065214416156656	-0.17827963511411177	-0.1525506684996477	0	True
TRAPPC9	-0.012384700336151975	-0.14668697880910764	-0.2617922210823207	-0.18981367055045845	-0.1526693926945097	0	True
EP300	-0.08988778411519935	-0.17667869746555775	-0.1844790279608704	-0.16008088106660986	-0.15278159765205934	0	True
PDE4D	0.3503230342995827	-0.03660694345695527	-0.3832636219308101	-0.5416821986060341	-0.15280743242355416	1	False
SLC5A3	-0.13030110709705384	-0.1628813808303899	-0.21149894558044677	-0.10655995822710419	-0.15281034793374867	0	True
SMAP1	-0.0023792820113757466	-0.2794496052690956	-0.15200307097857435	-0.17839727323151686	-0.15305730787264066	0	True
ZNF611	-0.07921868350273231	-0.33116237880433064	-0.13266144073854605	-0.0696515216169746	-0.1531735061656459	0	True
STAT2	-0.12063096242257393	-0.18941514090172687	-0.11177429226284158	-0.1923634783013786	-0.15354596847213026	0	True
TRAK2	0.008882418040190479	-0.2485515801558062	-0.13586596695351785	-0.23910906633478524	-0.1536610488509797	1	False
HEATR5B	0.004769036913650469	-0.2839520071861476	-0.19913874756092562	-0.13650266908594208	-0.1537060967298412	1	False
RBM4	-0.22381167311001954	-0.18320021107991857	-0.22236556000382296	0.014258515021298176	-0.15377973229311573	1	False
USP12	-0.13383924010464757	-0.2936713879094576	0.013222006883351248	-0.2011379895007041	-0.15385665265786452	1	False
ZNF91	-0.08292339853011062	-0.1915071612048618	-0.18978909501347008	-0.1513200383557615	-0.153884923276051	0	True
PPIP5K1	0.05526460299686029	0.05235713495812427	-0.4135218149669527	-0.30986617546764383	-0.153941563119903	2	False
PTBP3	-0.07979912341838516	-0.26133328700643593	-0.1275945931069399	-0.1472102061726917	-0.15398430242611316	0	True
EBAG9	-0.10009090531896461	-0.06554454666868145	-0.09627332578918152	-0.3547834403147081	-0.15417305452288393	0	True
RNF169	-0.12464691651574049	-0.10231016069557715	-0.14346910077362027	-0.24630400227709834	-0.15418254506550907	0	True
RAP1B	-0.17549347793035333	-0.19521175544571798	-0.06766940538625617	-0.1786000529176952	-0.15424367292000568	0	True
CENPC	0.10294244461564658	-0.2004423989536141	-0.17466637192236079	-0.3449425872542056	-0.1542772283786335	1	False
ZNF56	-0.12942293469085872	-0.04952314310740344	-0.163249702458304	-0.27510703115727375	-0.15432570285345998	0	True
ZZEF1	-0.20827843647131516	-0.17358156238796152	-0.060670793424335234	-0.1753727715961979	-0.15447589096995246	0	True
ITGAV	0.015310420712415793	-0.2334282995153018	-0.21338944185686226	-0.1867448720078882	-0.15456304816690913	1	False
MAPK8IP3	-0.2713365814969398	-0.07908873306312975	-0.1029591880345176	-0.16498874607091024	-0.15459331216637434	0	True
OTUD5	-0.06700993908621855	-0.19899755089521914	-0.15594240996134337	-0.19711264445936236	-0.15476563610053587	0	True
CEP44	-0.14414946549183666	-0.10508986717469845	-0.22437697391076813	-0.14569596798142437	-0.1548280686396819	0	True
SCAMP1	0.013281417721594016	-0.11253947453911456	-0.20581741658311611	-0.3142802887897062	-0.15483894054758573	1	False
AGBL5	-0.14364576287054706	-0.16166120670719347	-0.31282494993178483	-0.0021069883692539622	-0.15505972696969483	0	True
ZXDC	-0.2722447327009399	-0.0759851718472153	-0.13884708576024496	-0.13357130757372496	-0.1551620744705313	0	True
TMEM131	-0.18150624696413517	-0.1688003055169161	-0.1265849512761414	-0.14417419634661982	-0.15526642502595311	0	True
PHACTR4	-0.21967487196966096	-0.1262752796036662	-0.1037383780714673	-0.1714707538618052	-0.15528982087664991	0	True
ZNF431	-0.010817837013671065	-0.19317602971786677	-0.22263174566606872	-0.19529307827035627	-0.1554796726669907	0	True
ZNF182	-0.08096953372420025	-0.16526003004665088	-0.21023170192689938	-0.16558761448397455	-0.15551222004543128	0	True
ATG14	-0.07813259287070733	-0.3461369950916756	-0.11783823320062722	-0.08020017722171	-0.15557699959618004	0	True
CRAMP1	-0.13926751050731243	-0.07247085544297496	-0.2650640898205643	-0.14561260044622273	-0.1556037640542686	0	True
DIP2A	-0.04453379359294142	-0.25648301509735427	-0.1527856900856695	-0.17008064877160506	-0.15597078688689256	0	True
YTHDC2	-0.09453354642952483	-0.14824633183455418	-0.20154221515824777	-0.17980834206820442	-0.1560326088726328	0	True
ZNF429	-3.4717506707701934e-05	-0.35014244222995844	-0.14130102841451672	-0.1326743565643317	-0.15603813617887863	0	True
SMG6	-0.20546546384726438	-0.14670837447625104	-0.10715613181397697	-0.16485127043982017	-0.15604531014432815	0	True
UBE2W	-0.12717097838712055	-0.14944979359420713	-0.10902375050644689	-0.23924816633066145	-0.15622317220460902	0	True
TRIM59-IFT80	-0.14072997078082353	-0.18613709183155408	-0.3370504317912715	0.038271106888756845	-0.15641159687872308	1	False
DCAF10	-0.11691694915430606	-0.09981251883088957	-0.18234319728194193	-0.227228885573044	-0.1565753877100454	0	True
PRDM15	-0.2324458591130357	-0.1275004500650601	-0.03829909322680904	-0.22831165030690018	-0.15663926317795124	0	True
HIBADH	0.0097256870961917	-0.16822665765048644	-0.24234653823940439	-0.22685715378619525	-0.15692616564497358	1	False
FARS2	-0.22277162431634367	-0.09856019941519983	-0.16764723348872387	-0.1388936307757802	-0.1569681719990119	0	True
BPTF	-0.25474953080642065	-0.14781867651362732	-0.08902431304460125	-0.1365339040730049	-0.15703160610941352	0	True
SLC17A5	-0.11605655693965684	-0.15929274967252852	-0.01722193510866449	-0.33647611193224736	-0.1572618384132743	0	True
DIAPH2	-0.17263404686051487	-0.2279876958601137	-0.09904914165311954	-0.12956774238691884	-0.15730965669016672	0	True
MCCC1	-0.13698897016619777	-0.11607291567209736	-0.188173716686572	-0.18831580672358972	-0.15738785231211422	0	True
FBXL13	-0.18468752907789632	0.0043917555709166245	-0.21520952749551342	-0.23410152847121835	-0.15740170736842787	1	False
CUL4B	-0.02423715220819231	-0.262581609287582	-0.16132889573924541	-0.18152611358572782	-0.1574184427051869	0	True
SERINC1	0.009183828744936605	-0.16658773772464777	-0.2866437899088861	-0.18642501831440605	-0.15761817930075084	1	False
KBTBD2	-0.01626757654294878	-0.1427191126053966	-0.25260615596479563	-0.21896716246782835	-0.15764000189524233	0	True
FAM219A	-0.14345109650593635	0.024953325510722955	-0.18981626574861094	-0.32256244790224337	-0.15771912116151693	1	False
ZNF277	-0.08583832660034567	-0.2146190274705633	-0.1336310091040183	-0.19744810465003582	-0.15788411695624077	0	True
NSUN3	-0.101663048928107	-0.184936202360177	-0.23631448042287592	-0.10915644887441744	-0.15801754514639435	0	True
NUTM2A-AS1	-0.12656820828553816	-0.12962456140232845	-0.18811174855937843	-0.1880197432905755	-0.15808106538445513	0	True
GANC	0.19797519902874328	-0.2952753596020609	-0.14658325760602725	-0.38868359190316687	-0.15814175252062795	1	False
STIM2	-0.10090446541936003	-0.24030431726462803	-0.08825486107114702	-0.20337460466787238	-0.15820956210575188	0	True
RNF121	-0.13198900293422816	-0.18524563029707924	-0.0842514834256205	-0.23135928565075495	-0.1582113505769207	0	True
STX2	-0.1281040415961582	-0.1330063577619967	-0.2802842582772683	-0.09187843079153574	-0.15831827210673977	0	True
PDE6D	0.07880169648613264	-0.3846905582756503	-0.13428210664954152	-0.19322325621712144	-0.15834855616404517	1	False
CCNG1	-0.05959121000070586	-0.005757538812978229	-0.18467484909544743	-0.38351238296614615	-0.1583839952188194	0	True
BMPR1A	0.09305579566401287	-0.22397686144499968	-0.28080921492113514	-0.22181090443214876	-0.15838529628356768	1	False
ANAPC1P2	-0.03283758441754453	-0.07236951064804703	-0.28838346202580056	-0.2400122351946861	-0.15840069807151955	0	True
ZFAND3	-0.07803629664402771	-0.1463722017848719	-0.16083606528012345	-0.24850323794644355	-0.15843695041386666	0	True
SDHAP2	-0.08222814438443066	-0.02096039224134477	-0.19782423884789252	-0.33279551987545375	-0.15845207383728044	0	True
SUMF1	-0.07300007026965472	-0.17710175032033304	-0.18911250335217403	-0.19488615589774377	-0.15852511995997637	0	True
ELP4	-0.2390696361922946	-0.11540157872197719	-0.13415309703891315	-0.14646793952101209	-0.15877306286854925	0	True
TRAPPC8	-0.13447869473830132	-0.2511626742100473	-0.16539705924899578	-0.08422962129957223	-0.15881701237422916	0	True
ELMO1	-0.1588198060669247	-0.014106219943451424	-0.23835920147618392	-0.22414796927998928	-0.15885829919163733	0	True
KANSL1L-AS1	-0.26759662077138224	-0.0778982938685828	-0.10938998039681815	-0.1808542312005044	-0.1589347815593219	0	True
LRRC37A2	-0.029965725833342057	-0.3297927335288167	-0.08274820037227738	-0.1935337196956635	-0.1590100948575249	0	True
WDR11	-0.09580627249198953	-0.17746091841116163	-0.14315233058923893	-0.21979725980840847	-0.15905419532519965	0	True
PTPRA	-0.098455350821167	-0.18912717297236167	-0.16817424563692934	-0.18062186181733367	-0.15909465781194793	0	True
POGLUT1	-0.2941999033057195	-0.14968828680096083	-0.11077474143889286	-0.08249918907900294	-0.15929053015614403	0	True
UBE2E3	-0.2681389452735465	-0.12817015664826173	-0.17382780116280655	-0.06712684237243587	-0.15931593636426267	0	True
CLIP4	-0.14230757646239728	-0.1435612918807119	-0.15653013832545806	-0.19489256463423482	-0.1593228928257005	0	True
ZNF451-AS1	-0.27381526287954416	-0.15839030817558797	-0.14656441281064514	-0.059043670362325745	-0.15945341355702575	0	True
PRKAG2	-0.13486041552393896	-0.19746957254626585	-0.08430902294683905	-0.22135900245083814	-0.1594995033669705	0	True
UBE3B	-0.17311705630473131	-0.21044130256985322	-0.17356370066469268	-0.08099357668022925	-0.1595289090548766	0	True
TRABD2A	-0.06665025021275868	-0.09296328477331077	-0.32288984587910047	-0.1558081706448604	-0.1595778878775076	0	True
DNAJC13	-0.019778931581499216	-0.12362965768671737	-0.17737512359979685	-0.31758949370532735	-0.15959330164333518	0	True
ANGPT2	-0.28217894633677937	-0.03352518522133262	-0.08331371379135634	-0.24007243342034013	-0.15977256969245213	0	True
PTPN9	-0.10843803629360205	-0.2968017726705595	-0.06385399062794221	-0.1701602086051106	-0.1598135020493036	0	True
ZNF573	-0.29077972579487343	0.022334201203711105	-0.18695250075370873	-0.18388285792134867	-0.15982022081655495	1	False
GLCE	-0.0873620685647781	-0.2330265399869145	-0.1508184465348732	-0.16812628326192616	-0.15983333458712298	0	True
GATAD2B	-0.14923426924456606	-0.10303106614538447	-0.22097941556985656	-0.16731905885233037	-0.16014095245303436	0	True
MEF2A	-0.05681899224530369	-0.16902292051860462	-0.17282484431928555	-0.24267307031130222	-0.16033495684862403	0	True
GATAD1	-0.23034589388699647	-0.2253197918508308	0.06709507131404932	-0.2531452671203788	-0.1604289703860392	1	False
MED23	-0.10108928967708625	-0.17515535686206257	-0.195241648997579	-0.17040075386513373	-0.1604717623504654	0	True
IRF4	-0.2140653108579656	-0.0745017641562109	-0.19167051168591756	-0.16190262119642423	-0.1605350519741296	0	True
ABL2	-0.114383183162031	-0.1354611283356579	-0.1870335640797396	-0.206089273312584	-0.16074178722250312	0	True
STAG1	-0.2132936499854707	-0.1318904288269381	-0.15037989655662984	-0.1475017845292936	-0.16076643997458306	0	True
ZNF717	-0.1092954230786548	-0.09832395378859403	-0.18700765819564186	-0.24880322831911655	-0.16085756584550182	0	True
GNAQ	-0.011342777816204776	-0.23189990199037602	-0.2494412018822322	-0.15083989639641088	-0.16088094452130597	0	True
TBC1D23	-0.038439788400962606	-0.2531778597751913	-0.1709336813315399	-0.18099045140026418	-0.1608854452269895	0	True
STX18-AS1	-0.14282328381392137	-0.12855502205128475	-0.16183087359226006	-0.21119206252579145	-0.1611003104958144	0	True
VPS41	-0.07848840539933866	-0.19543513161289036	-0.11062580742247877	-0.26026589136339984	-0.1612038089495269	0	True
TIAM2	-0.24709747073352517	0.027836468828415468	-0.08913148117609741	-0.3365870729220381	-0.1612448890008113	1	False
ZNF738	0.08476514072839647	-0.05833888719312013	-0.4239873049313333	-0.24803257723275488	-0.16139840715720297	1	False
FMR1	-0.2722129201352957	-0.1642276899753234	-0.19021475969649193	-0.018978404544207638	-0.16140844358782966	0	True
ZSCAN30	0.04225166274156812	-0.31579115264309626	-0.15960389374976344	-0.212848345289597	-0.16149793223522213	1	False
RORA	0.11028969033229066	-0.24633898469526422	-0.14970074476614817	-0.36039624232044826	-0.1615365703623925	1	False
MIR570HG	-0.2419017008871724	-0.14732479529544257	-0.08897149431001947	-0.16812351328200767	-0.16158037594366054	0	True
CPT1A	-0.21525155444174948	-0.11484641249046663	-0.08570026824968682	-0.2307523501399364	-0.16163764633045985	0	True
GALK2	-0.08874379650525481	-0.17371801809670953	-0.1475490478657126	-0.23741222942684	-0.16185577297362924	0	True
OBSCN	0.12960015066822567	-0.07658319760622131	-0.30655001381901625	-0.39431911499942773	-0.1619630439391099	1	False
ZNF790-AS1	-0.11315169404956905	-0.27950146731017034	-0.303945972024255	0.048666168940520435	-0.16198324111086848	1	False
ST3GAL1	0.09383092812462748	-0.10529868394750405	-0.3008620806633717	-0.33589307332303014	-0.1620557274523196	1	False
FRYL	-0.052623892966274996	-0.20827539911723958	-0.1850861303661962	-0.20245721190034238	-0.16211065858751328	0	True
ATF7IP2	-0.07260785492864893	-0.12062041027842317	-0.279707550508019	-0.17590611373335227	-0.16221048236211083	0	True
SGTB	0.01319909639174225	-0.20659549453210413	-0.16188461200274867	-0.29358340847348374	-0.16221610465414857	1	False
MAN2A1	-0.07693204113240572	-0.21688269490685919	-0.17852798621617347	-0.17672437484942907	-0.16226677427621686	0	True
ZEB1	-0.1516457473850608	-0.08195635150612679	-0.18650605552059848	-0.22911631013598135	-0.16230611613694185	0	True
SEC61A2	-0.1750756524026611	-0.17189422934087392	-0.186643265585237	-0.11587036881192521	-0.16237087903517433	0	True
FAM149B1	-0.07727228864987165	-0.20060751846459307	-0.22987846853366947	-0.1420928603935952	-0.16246278401043235	0	True
CBL	-0.02939862556459838	-0.14143625350679373	-0.24505383182125023	-0.2343936560484006	-0.16257059173526073	0	True
TBC1D22B	-0.05679957204723596	-0.023740748136384233	-0.38126412095572676	-0.1891900241116634	-0.1627486163127526	0	True
LOC102723582	-0.1356066488929622	-0.013914527308454185	-0.28726531121192067	-0.21440094226468842	-0.16279685741950636	0	True
CCDC6	-0.04700237658961236	-0.24658199320673446	-0.08357942127007911	-0.2741097549893164	-0.1628183865139356	0	True
SUPT20H	-0.2015300447912819	-0.050490051894096645	-0.18491135669404538	-0.21437160803730304	-0.16282576535418175	0	True
ATXN7	-0.09304460920390276	-0.18235708595324118	-0.1583231960343824	-0.21766999650377886	-0.1628487219238263	0	True
GABPB2	-0.34012530707711475	-0.009415417913447402	-0.14144547254459167	-0.16184831092489213	-0.1632086271150115	0	True
KLF13	-0.08439846535038112	-0.28115328709698106	-0.087800180907865	-0.1998180230381063	-0.16329248909833338	0	True
RNLS	-0.1978320197418757	-0.22338675786260076	-0.023166464945164427	-0.20881201921761683	-0.16329931544181442	0	True
TSPAN5	-0.08834778103642088	-0.15458265167334834	-0.2258065926214752	-0.1845359415372644	-0.1633182417171272	0	True
CRTC3	0.020061849700393958	-0.15421551153305463	-0.3050207666403829	-0.21440839608689394	-0.1633957061399844	1	False
CHIC1	-0.24154321873288337	-0.11128593748533805	-0.07288929842795563	-0.22833607951547377	-0.1635136335404127	0	True
CELF2-AS1	-0.10484824520648776	-0.02224284706405027	-0.2498245335035782	-0.2773963299736619	-0.16357798893694453	0	True
WWOX	-0.13257823365439575	-0.08665369895158219	-0.1993821203582642	-0.23604957513358146	-0.1636659070244559	0	True
STAG2	-0.0993558606741877	-0.22211546337124602	-0.12122876567350817	-0.21286272895005126	-0.16389070466724828	0	True
RC3H1	-0.20547346860484741	-0.22508703435448615	-0.149420890568813	-0.0759262134495715	-0.16397690174442953	0	True
INTS6	-0.2271903062965002	-0.10561046725059985	-0.19230282842911078	-0.1312232285699479	-0.16408170763653968	0	True
HCFC2	-0.08699292495022366	-0.12178132099712352	-0.22613839612423237	-0.22215858540449662	-0.16426780686901904	0	True
POC1B	0.006718735285807258	-0.17491647033650073	-0.25586097190829427	-0.233021260597941	-0.1642699918892322	1	False
FAM135A	-0.05071601394763749	-0.19626282308008228	-0.23783223889052774	-0.17230939302641524	-0.1642801172361657	0	True
MINDY3	-0.15004800043052802	-0.13520729790893857	-0.19603804035626263	-0.17631964800563776	-0.16440324667534173	0	True
SPIRE1	-0.06837485389122845	-0.20300124015241727	-0.0338184222297342	-0.3524757393075604	-0.16441756389523507	0	True
SP140L	-0.24049961113518292	-0.16275057275876348	-0.1177476800411315	-0.13682428488167653	-0.1644555372041886	0	True
WDR70	-0.1599140731704943	-0.13363881108124442	-0.16886120203329674	-0.19596010881103382	-0.16459354877401733	0	True
NIFK-AS1	-0.16788926887554	-0.11968115764982416	-0.09063296111704247	-0.2806975040567887	-0.16472522292479885	0	True
TMEM131L	-0.13490363407595188	-0.15528302318517517	-0.19931717733427043	-0.16954493555712324	-0.16476219253813018	0	True
RABGEF1	-0.16135672152834904	-0.10948120954550075	-0.20734880189610547	-0.1809621465054557	-0.16478721986885275	0	True
PIN4	-0.155889397865927	-0.12947325798872572	-0.18816596465144012	-0.18563060322657976	-0.16478980593316814	0	True
RBM33	-0.12419853529105868	-0.13725927012596262	-0.22297190487991178	-0.1752342421586226	-0.1649159881138889	0	True
AMBRA1	-0.12524795805108668	-0.2194376310600732	-0.115615037146978	-0.19945771528891093	-0.1649395853867622	0	True
CMTR1	-0.10669705216528683	-0.1887469061135862	-0.14576946543046604	-0.21905298948085028	-0.16506660329754735	0	True
GPCPD1	-0.03913732311747385	-0.1027782918110929	-0.27980909661777215	-0.23875350758734087	-0.16511955478341994	0	True
CASTOR3	-0.06821106299187699	0.03412062536628011	-0.45988372776524833	-0.16692743908223306	-0.16522540111826955	1	False
LOC105747689	-0.08819362337306581	-0.2659416030906937	-0.020387206794903596	-0.2870117493271664	-0.16538354564645735	0	True
SH3KBP1	-0.07464253424286908	-0.12829022558654657	-0.18743716922572287	-0.27135773794106777	-0.16543191674905158	0	True
CNOT6	-0.1729070279440463	-0.14065154156114776	-0.20865953064832413	-0.13960326061054953	-0.16545534019101693	0	True
PRDM2	-0.163390909361907	-0.18136820497735848	-0.12429324519684803	-0.19292164751981644	-0.16549350176398248	0	True
MON2	-0.10483315679456441	-0.20537857916740268	-0.12630294295301764	-0.22569000491885682	-0.1655511709584604	0	True
ARHGEF6	0.01575146304590993	-0.15510757982776102	-0.2995848702911205	-0.22327554528051907	-0.16555413308837266	1	False
LINC00158	-0.242229228147997	-0.33978555173855973	0.03761234172848708	-0.11797662559396954	-0.1655947659380098	1	False
TOP2B	-0.11777052300835947	-0.19151900172346004	-0.12693279600766338	-0.22619871915132206	-0.16560525997270123	0	True
FLOT2	-0.07347863258464726	-0.05994915122406935	-0.1909109695855736	-0.3384098187412331	-0.16568714303388082	0	True
RARS2	-0.1555899827146671	-0.22107575562586831	-0.12255214203657681	-0.163644382145124	-0.16571556563055906	0	True
LASP1	0.01092872145176401	-0.28141205758414467	-0.24415006406955703	-0.14881176718152764	-0.16586129184586634	1	False
SLC16A4	-0.1333004750408458	-0.023573663818906417	-0.268523672894457	-0.2380982463335664	-0.1658740145219439	0	True
EXOC6	-0.17752670640403026	-0.1587009536376351	-0.14905993179225593	-0.1783626093647352	-0.16591255029966412	0	True
OXNAD1	-0.016875171064588305	-0.277976936344327	-0.16717323879105958	-0.20189527905151922	-0.16598015631287355	0	True
AKAP9	-0.15927931318900684	-0.1314619431350459	-0.18815963437496389	-0.1852027762302069	-0.16602591673230588	0	True
DYM	-0.08996766799577899	-0.17584764051499066	-0.1839226216768302	-0.21469527200577604	-0.16610830054834397	0	True
NDUFAF7	-0.0024543697168452764	-0.10648927654814726	-0.1814986859101672	-0.37436844757647375	-0.16620269493790837	0	True
ATP6V1C1	-0.19223031137442562	-0.16007824682298763	-0.10995713396288422	-0.20263400899309197	-0.16622492528834737	0	True
KDM7A	0.2661800957883632	-0.17050142457544032	-0.4230685089155391	-0.3375239912775687	-0.16622845724504623	1	False
DGCR2	-0.12094106403922672	-0.1874679321143863	-0.2522541488812891	-0.10435916246709685	-0.16625557687549977	0	True
RELL1	-0.004040685919105808	-0.19448938893970794	-0.15275226754428892	-0.31425353837790243	-0.16638397019525125	0	True
LOC729218	-0.19172902655022053	-0.09651567859029678	-0.19767741384595383	-0.18053985967638625	-0.16661549466571435	0	True
KHNYN	0.04240243081177683	-0.13099150552341177	-0.20805774162123847	-0.36985869628304174	-0.1666263781539788	1	False
PREX1	0.0739502135664344	-0.33247267204824155	-0.13169347992502448	-0.27639331973566283	-0.16665231453562362	1	False
B3GLCT	-0.16982571421451848	-0.1915129001149325	-0.20398986825789345	-0.10173885239947442	-0.1667668337467047	0	True
FAM107B	-0.07682805275499356	-0.12123960647196987	-0.21992513483133486	-0.24914282427029277	-0.16678390458214776	0	True
APC	-0.09647903846991691	-0.23019684771849133	-0.15923487233122785	-0.18144084463765728	-0.16683790078932334	0	True
TENT2	-0.10398902425563268	-0.13160758274243967	-0.27351057994386957	-0.15858400945465184	-0.16692279909914842	0	True
TSPAN14	0.0957868492327712	-0.28833835034978467	-0.29131409779074824	-0.183918436400936	-0.16694600882717442	1	False
KIAA0319L	-0.12866580978637587	-0.17920540182584024	-0.13868326903599892	-0.22126935316219726	-0.16695595845260308	0	True
RIPK1	-0.15809968303766467	-0.12872365480914752	-0.21839525842316215	-0.1626757236050767	-0.16697357996876278	0	True
TAPT1	-0.04396170544842597	-0.1223439715512431	-0.30753132621751045	-0.19434662089742055	-0.16704590602865002	0	True
SPG11	-0.05748978895028792	-0.16026156549443732	-0.26046772374182736	-0.19065593117130097	-0.1672187523394634	0	True
EFR3A	-0.1262496001374213	-0.23132802781816655	-0.09527132311829938	-0.21612467847944333	-0.16724340738833265	0	True
SH2B1	-0.04374768597352044	-0.1897817710153524	-0.375609801408646	-0.06023943344151046	-0.16734467295975733	0	True
FBXL3	0.06513337337428109	-0.27270917970274916	-0.15395288264137552	-0.3082614110321569	-0.1674475250005001	1	False
SPPL3	-0.16846443485757867	-0.08185864235083642	-0.19171863253373816	-0.22796422139563932	-0.16750148278444815	0	True
MECP2	-0.02239270246617419	-0.26030166847406344	-0.1847801780335995	-0.20289949591435769	-0.16759351122204869	0	True
ADD1	-0.13035328983381958	-0.2057256875929058	-0.15060947898404675	-0.18412424414433742	-0.1677031751387774	0	True
NFU1	-0.017311238218227623	-0.22487425752776496	-0.22914435709890768	-0.20005559190766406	-0.16784636118814109	0	True
CCDC18-AS1	0.08373871424477057	-0.19643769477206816	-0.3083246754210372	-0.25045720884567835	-0.16787021619850329	1	False
SNRNP35	-0.09144153548295604	-0.11220759802178043	-0.40305286291485937	-0.06481787304431963	-0.16787996736597888	0	True
SEC22C	-0.0533778633481047	-0.08110517866115978	-0.2416902287035085	-0.2954720436171934	-0.16791132858249158	0	True
FAM114A2	-0.15659572854319254	-0.05057274445245952	-0.08435418144011454	-0.3803269366775319	-0.1679623977783246	0	True
CDC73	-0.11833835999511653	-0.25736665178058743	-0.16301406672829327	-0.13348260386837366	-0.16805042059309272	0	True
GXYLT1	-0.09636374944380063	-0.15564065125516827	-0.1585130421252066	-0.2617305617548614	-0.16806200114475922	0	True
IMMP2L	-0.12404717990876987	-0.16892360393114456	-0.21281254246932238	-0.16716139831965304	-0.16823618115722247	0	True
VPS13B	-0.18249208100080716	-0.167066571412587	-0.17732707213904575	-0.14625993701265239	-0.16828641539127306	0	True
ATXN3	-0.03724150400516508	-0.17560166954237502	-0.2229838747943494	-0.23783959391914763	-0.16841666056525928	0	True
USP49	-0.02540139369392985	-0.19506584971111612	-0.3212934083765207	-0.13194105390906732	-0.1684254264226585	0	True
METAP1D	-0.2989541356812029	0.001991770140579836	-0.19591869017637523	-0.18203557350881888	-0.16872915730645427	1	False
ZNF827	-0.15720870097444647	-0.20748046738606873	-0.16247483907641191	-0.14812781350309503	-0.16882295523500554	0	True
ZNF236	-0.05261685532674929	-0.21412431391334638	-0.22586656676702324	-0.1828832592441702	-0.16887274881282227	0	True
PCGF5	-0.1646884080494078	-0.25468743944593875	-0.08281869784319582	-0.17361081794490765	-0.1689513408208625	0	True
DUSP16	0.036446840322643934	-0.188034966124673	-0.22091502394393595	-0.303598591416983	-0.169025435290737	1	False
MGMT	-0.12387972656018417	-0.115302040555208	-0.16782350430909584	-0.2693257999766881	-0.16908276785029402	0	True
NECAP2	-0.19107352466757113	-0.19977615294251866	-0.1566391295990425	-0.12926500260421603	-0.16918845245333708	0	True
ASXL2	-0.20039613749882934	-0.21322883056853922	-0.10417248497903261	-0.1591908828518765	-0.16924708397456945	0	True
ZNRD1ASP	-0.08140595301777041	-0.15131365046293407	-0.2489753747287195	-0.1956931660804389	-0.1693470360724657	0	True
LINC01578	-0.05736658352306176	-0.16618404931723685	-0.21993689811116396	-0.23431237318007708	-0.16944997603288492	0	True
DCK	-0.08630096332116852	-0.28763643321671567	-0.13184613488440394	-0.17220432219178475	-0.1694969634035182	0	True
DDB2	-0.10215667477116491	-0.07784461586855687	-0.15003277129358122	-0.349000563472832	-0.16975865635153375	0	True
GPATCH8	-0.0997015388540329	-0.2096628279037614	-0.1429463191072756	-0.22781716360771778	-0.17003196236819693	0	True
EPB41	-0.09524192934643372	-0.24399545550180513	-0.20954598228650434	-0.13138827767021924	-0.1700429112012406	0	True
SNX29P2	0.018981082588756755	-0.12229820715880586	-0.34938866889123305	-0.2278036142767496	-0.17012735193450795	1	False
TNRC6A	-0.14563388271359334	-0.14862091879918055	-0.15430209628264552	-0.23213241032033155	-0.17017232702893775	0	True
DDHD1	-0.10097020887909351	-0.23194558932363638	-0.18344428230015788	-0.16433509097334942	-0.1701737928690593	0	True
ZNF587	-0.2893585747457501	-0.09457533212905768	-0.18705725574827523	-0.10973700647004589	-0.17018204227328224	0	True
GSK3B	-0.11155377576596852	-0.21647121211942433	-0.17087996414891812	-0.18213028061993852	-0.17025880816356237	0	True
RUFY2	-0.104964074305352	-0.1098240279772462	-0.2640280121029841	-0.2029423029313536	-0.17043960432923397	0	True
SP2	-0.22668527412129436	-0.1812009610091772	-0.028240410357735727	-0.2469196362092547	-0.1707615704243655	0	True
ATP11C	-0.19527902429513322	-0.16742940632618863	-0.14648233619876452	-0.17457655558809856	-0.17094183060204624	0	True
MFSD6	-0.1763133968019222	-0.09820453216203456	-0.17919050305155515	-0.2314561814360598	-0.17129115336289294	0	True
TSC1	-0.179629255776422	-0.11865270089954183	-0.16107193655175223	-0.22616507834759472	-0.17137974289382768	0	True
INVS	-0.11863286601648426	-0.11435559632176143	-0.21584365688008716	-0.2370608528462663	-0.1714732430161498	0	True
RANBP9	-0.11253127505271251	-0.16170408249474497	-0.21854800349835765	-0.193293247634987	-0.17151915217020053	0	True
MAP3K2	-0.160561698763032	-0.17579360832712979	-0.15237831661026538	-0.1975924003024416	-0.1715815060007172	0	True
IPO5P1	-0.057531855306222485	-0.25108286155542864	-0.20253892639771492	-0.17535328253444893	-0.17162673144845372	0	True
DMXL2	-0.17053424359655078	-0.20742674409398937	-0.19977957691208773	-0.10892676886785131	-0.17166683336761981	0	True
ERC1	-0.02230640778232287	-0.2518969094342397	-0.22633116285850685	-0.18679050023367066	-0.171831245077185	0	True
ELMO2	-0.09562159756618403	-0.1904325680359494	-0.19460845908121174	-0.2068167749904575	-0.17186984991845067	0	True
DPP8	-0.17678175172761235	-0.1915065747384817	-0.15791704207136223	-0.16157294812746606	-0.17194457916623057	0	True
BHLHE40	-0.18430059651483865	-0.13282195605452074	0.1243298093778263	-0.4953726099432158	-0.17204133828368723	1	False
JAK2	-0.25548568774017255	-0.19132591782210542	-0.16502825620670622	-0.07633795498829593	-0.17204445418932002	0	True
PASK	0.05847018678815603	-0.31460034891296534	-0.2611869717486346	-0.17119628557516778	-0.17212835486215292	1	False
RIC1	-0.174859253318124	-0.14393672932107626	-0.17186866003474024	-0.19792214104114916	-0.1721466959287724	0	True
ANKRD36C	0.03542294275458409	-0.24570437791912686	-0.22058803580602232	-0.2579970497443015	-0.17221663017871663	1	False
PPP3CB	-0.16152714975953947	-0.16290376609641147	-0.16175018230502006	-0.20301094749885173	-0.17229801141495568	0	True
TMEM263	0.05611444263422855	-0.14374680991856995	-0.2865060400658979	-0.31587605885980224	-0.1725036165525104	1	False
USP33	-0.08522733737411464	-0.1459072367873564	-0.22242214782619896	-0.2364593680714872	-0.1725040225147893	0	True
COG4	-0.3588971855752701	0.02963098849992438	-0.19794953816799113	-0.16327517950934506	-0.17262272868817047	1	False
SLC30A9	-0.14322523330146705	-0.0909306379493013	-0.21120420745691715	-0.24520236111317797	-0.17264060995521588	0	True
ZNF101	-0.02313826007732847	-0.2561179924690411	-0.2759093578018277	-0.13545279264581317	-0.17265460074850258	0	True
POT1	-0.14821263782975333	-0.08767975234366933	-0.2723374542995271	-0.1824071283653269	-0.17265924320956919	0	True
KDM5D	-0.16123369435188326	-0.16407368492439617	-0.20927053411978502	-0.15606899702056612	-0.17266172760415763	0	True
TMEM161B-AS1	-0.16256311682268054	-0.20633520348056203	-0.1722039202733694	-0.1495650622498955	-0.17266682570662686	0	True
ANKRD36B	0.01477656779671981	-0.17327877117486412	-0.2089489312139123	-0.32342980543751576	-0.17272023500739309	1	False
MAU2	-0.27718707419712363	-0.13246402789692743	-0.10868527919021019	-0.17300020170206531	-0.17283414574658165	0	True
MDFIC	-0.1548256614214308	-0.2684519787063675	-0.0647229764655748	-0.20384417232525048	-0.17296119722965592	0	True
SH3GLB1	-0.06202424272313704	-0.2599492781320962	-0.21063905128318428	-0.16030750351721043	-0.173230018913907	0	True
SFI1	0.012802017016716013	-0.18670653830078957	-0.2695592002267946	-0.2500588657877247	-0.1733806468246482	1	False
PIKFYVE	-0.07193148969832569	-0.1984808534599269	-0.20719182291137325	-0.2162935282878382	-0.17347442358936602	0	True
SS18	-0.1365415195822037	-0.16101258520002706	-0.135749078922485	-0.260844912410057	-0.1735370240286932	0	True
AZI2	-0.12716271414797425	-0.16874771485674037	-0.10662133879847312	-0.2918619856956088	-0.17359843837469913	0	True
NSMCE2	-0.13517553884203398	-0.09573402043659096	-0.19802310059517123	-0.2658270157983773	-0.17368991891804336	0	True
VTI1A	-0.1536214166133719	-0.1884136141810282	-0.20108986879172608	-0.15174688176164453	-0.17371794533694268	0	True
COP1	-0.14163898299884925	-0.16088459365925725	-0.19329325891775206	-0.20014346096455723	-0.17399007413510395	0	True
FBXL4	0.037935286629910775	-0.14954627307994012	-0.24200858193643665	-0.3424199595344671	-0.17400988198023326	1	False
GBP1	-0.4425912036516356	-0.05956881589551037	0.0671838425948844	-0.2614793090437246	-0.17411387149899654	1	False
BATF	-0.1977057814290992	-0.3023101235246753	0.008805562619557233	-0.20536355999576653	-0.17414347558249593	1	False
ST7L	-0.0996902463409259	-0.015107508388115481	-0.27345713799776833	-0.3084960012521994	-0.17418772349475226	0	True
WAC	-0.12417093081786372	-0.24440827655474892	-0.13636784942115548	-0.19184725759468743	-0.1741985785971139	0	True
C3orf38	-0.20822137515624264	-0.2583675526986937	-0.15503667327669762	-0.07574056200062733	-0.1743415407830653	0	True
UBA6-AS1	-0.08803612627827644	-0.1695498020142594	-0.16847195100011936	-0.27143166607212055	-0.17437238634119395	0	True
ABHD17B	-0.22117463495920225	-0.17451988326620788	-0.16645040917542614	-0.13592221088183254	-0.17451678457066722	0	True
CCDC186	-0.029638328149498964	-0.26989654031355964	-0.1528435916292983	-0.24579434650907223	-0.1745432016503573	0	True
CCDC77	-0.2555461736363474	-0.005934318873001109	-0.2786643308772687	-0.15821423861126332	-0.17458976549947014	0	True
MAK	0.09126181224577418	-0.22542724883559334	-0.34856069508218457	-0.21646852825603527	-0.17479866498200974	1	False
NLK	-0.07190283343633423	-0.20696174898806793	-0.22320561420352958	-0.19789715616296868	-0.1749918381977251	0	True
RAB11FIP4	-0.1251743252097355	-0.14577541674659525	-0.22063751108796922	-0.20851574774276396	-0.17502575019676597	0	True
RAD52	-0.10242227604499016	-0.19016772332461285	-0.11300614727710409	-0.2947399930047948	-0.17508403491287547	0	True
TCAIM	-0.1599676440877296	-0.11749273608003673	-0.14836894110871823	-0.2755013346995474	-0.175332663994008	0	True
MAN1A2	-0.12521161683670973	-0.1990185173819225	-0.11268457976347564	-0.26472846364509073	-0.17541079440679963	0	True
CPNE8	-0.31080461381819297	-0.301753112334789	-0.03546804703625821	-0.053670367905285836	-0.17542403527363148	0	True
CEP85L	-0.0843020479867239	-0.17380934365404527	-0.25535241697128025	-0.18865934171529217	-0.1755307875818354	0	True
SAMSN1	-0.26790075908994276	-0.1883081777133665	-0.05217970539088579	-0.19377133271710742	-0.1755399937278256	0	True
GOLPH3L	-0.2252279105037723	-0.24261813091524326	-0.035004847639857846	-0.19961006459636205	-0.17561523841380888	0	True
SPIN1	-0.06319727152001542	-0.26859604581126645	-0.11597777636084769	-0.2551226292046595	-0.17572343072419727	0	True
UBR3	-0.20581483902930614	-0.14826007979318218	-0.13585446975528423	-0.2132129966959363	-0.17578559631842722	0	True
ARL13B	-0.16196201305879798	-0.22497864703176287	-0.1128646191649162	-0.2035653088368642	-0.1758426470230853	0	True
PTBP2	-0.08404465108155493	-0.1494514752111434	-0.23506991111547026	-0.23506875644704786	-0.1759086984638041	0	True
ITFG1	-0.11315944635005534	-0.17835968899165328	-0.1579043417034994	-0.25442703450535964	-0.17596262788764191	0	True
ARFGEF1	-0.14392629800553158	-0.14448056877288415	-0.20275331043730416	-0.21333973796936767	-0.1761249787962719	0	True
AGPAT4	0.026518280153502632	-0.28975529165182073	-0.28643829915053737	-0.1554239566366674	-0.17627481682138071	1	False
ANKRD36	0.011548419969966507	-0.21498310542967392	-0.2726934050411286	-0.22945787194017814	-0.17639649061025353	1	False
BTBD10	-0.03150709515792813	-0.19696011221733	-0.15344124752039898	-0.32417254566490866	-0.17652025014014144	0	True
AP4S1	-0.1415310731587185	-0.21509686253730306	-0.1741004764599212	-0.17544000280856567	-0.1765421037411271	0	True
ZNF81	-0.20210587015722933	-0.20531221696275093	-0.2202104819032842	-0.07864496091798087	-0.17656838248531134	0	True
PIK3C2B	-0.018140700981421027	-0.1758340149376646	-0.12555334453810493	-0.3872452266925633	-0.17669332178743846	0	True
VPS13D	-0.1161247648515877	-0.17106164508212207	-0.22358614417258046	-0.1966043449281184	-0.17684422475860215	0	True
KDM3B	-0.18237904298713065	-0.20959635676214367	-0.21123819078960035	-0.1058312772652689	-0.1772612169510359	0	True
MAP4K3-DT	0.03819694060381407	-0.2733748715238624	-0.1813893498209286	-0.2926982559227623	-0.17731638416593481	1	False
AOPEP	-0.14879449525675026	-0.14130202439262474	-0.16709278905994107	-0.25254355088856806	-0.17743321489947103	0	True
RIMKLB	0.06973450569028236	-0.3167882762351978	-0.19867492197893832	-0.2641502917443184	-0.17746974606704302	1	False
HACE1	-0.1314914540319189	-0.20738202838651934	-0.1884228582082849	-0.182594183645177	-0.17747263106797503	0	True
HACL1	-0.1721139851009945	-0.17864024179884355	-0.16050964062840917	-0.19868403303840812	-0.17748697514166384	0	True
WDR26	-0.11306686877136427	-0.09138693565194982	-0.18178116948230766	-0.32398480569478183	-0.17755494490010088	0	True
FNBP1	0.05231668136852622	-0.22594971996326843	-0.17177033607262301	-0.36487375705270947	-0.17756928293001867	1	False
SKIL	-0.26594075259472955	-0.09893703621737943	-0.12909962318899365	-0.21687941378570133	-0.177714206446701	0	True
ARMH3	-0.15857345110870152	-0.19612275117625927	-0.18261375421449527	-0.1738510585808395	-0.1777902537700739	0	True
DTX3L	-0.4131270340877224	-0.09648765040258535	0.03633881158598339	-0.2379399051367804	-0.1778039445102762	1	False
RAP1A	-0.05286509730387324	-0.2629199897900861	-0.2157098504484973	-0.18066086484819885	-0.17803895059766386	0	True
NT5C2	-0.13046576453710373	-0.22903799016607704	-0.1810377427459435	-0.17235993415443882	-0.17822535790089078	0	True
PDLIM5	-0.24599738897405735	-0.181350170006825	-0.13157703022795442	-0.15497027387671586	-0.17847371577138815	0	True
ZFP90	-0.0016216189185601893	-0.16474290899112506	-0.33882731427671187	-0.2087541962957201	-0.1784865096205293	0	True
MAP2K4	-0.16566077127703388	-0.22709361931175295	-0.20977109669384117	-0.1114822769050499	-0.17850194104691947	0	True
TNFSF10	-0.42062284111514314	-0.12901798667289507	0.0902425278516457	-0.2547311707668074	-0.1785323676758	1	False
MYLK-AS1	-0.2790660608669651	0.014857665649113918	-0.2635525089794592	-0.1868073614412516	-0.17864206640964048	1	False
BTBD11	0.09291652644078105	-0.23658354352919145	-0.236232187544258	-0.33482508958538854	-0.17868107355451424	1	False
CPEB2	-0.14996511948428187	-0.2045464636614513	-0.14985202125651406	-0.21077456955034038	-0.1787845434881469	0	True
ANXA4	0.10329355561157666	-0.34909342077196687	0.015679990873317177	-0.48502025013305633	-0.17878503110503235	2	False
PIGB	-0.08188168723943108	-0.11099732218175537	-0.1731964900847583	-0.3496610310735802	-0.17893413264488123	0	True
GPSM2	-0.11808231741965401	-0.1762701773189065	-0.2807339323867682	-0.1409609725237681	-0.1790118499122742	0	True
SYNRG	-0.0757558638353677	-0.17342572138891685	-0.21872039652674927	-0.2485652803913219	-0.17911681553558892	0	True
NUCB2	0.13121458585638995	-0.2083432082820073	-0.20863293379471254	-0.43073833161381103	-0.17912497195853522	1	False
RPRD2	-0.07236465557889246	-0.22661480951128782	-0.21774546180301613	-0.20089450774416576	-0.17940485865934053	0	True
RAB28	-0.10485013711657964	-0.1925717943888651	-0.19514336056138432	-0.22654016364763993	-0.17977636392861723	0	True
ZNF638	-0.15413660991297393	-0.16631271758595323	-0.2148688041891257	-0.18397441220093697	-0.17982313597224747	0	True
RFTN1	-0.18691200000725885	-0.30542043709213357	-0.06854510158888617	-0.15888023344368413	-0.1799394430329907	0	True
MARCHF7	-0.1454803902367541	-0.23066011399994435	-0.13308632087771274	-0.21125526156706434	-0.18012052167036888	0	True
NHLRC3	-0.2782513251485689	-0.018975783392937203	-0.1597221467293298	-0.2639993417204732	-0.18023714924782724	0	True
KMT2E-AS1	0.03476546646084052	-0.20821775279610738	-0.3210890225105508	-0.22652274915051993	-0.18026601449908441	1	False
TGFBR1	-0.11777306241037958	-0.35129256872351716	-0.06302636363041231	-0.18933087153826925	-0.18035571657564456	0	True
TBL1XR1	-0.08874454408434679	-0.2294723115876138	-0.20297368616600875	-0.20044939412743135	-0.18040998399135016	0	True
CENPK	-0.08737036292854351	-0.242527096564253	-0.3405957503445275	-0.05213701038130745	-0.18065755505465786	0	True
DAAM1	-0.14394008727992147	-0.2030029013829066	-0.09680166796112073	-0.2795004209075115	-0.18081126938286507	0	True
MTMR8	0.010944243835330464	-0.16474290899112506	-0.23575014096546945	-0.3340469355105095	-0.18089893540794338	1	False
DENND11	-0.05666176017582633	-0.32238025668109715	-0.20100261911605122	-0.14415053652771792	-0.18104879312517316	0	True
FTO	-0.12300916738665041	-0.18370022488458115	-0.20637838696568037	-0.21120042362930969	-0.1810720507165554	0	True
EIF2AK3	-0.05126003557339612	-0.029046642328311584	-0.354282950755531	-0.28989333354135344	-0.18112074054964805	0	True
MTMR9	-0.14878424367641505	-0.2703477315079533	-0.12997511179577126	-0.17543700487974034	-0.18113602296497	0	True
HEXD	-0.29326201994546786	-0.02987031942748828	-0.2806075738985637	-0.12094326268904185	-0.18117079399014044	0	True
PPP1R12B	-0.10577507238572371	-0.22159809414128148	-0.20864367160917383	-0.1892383079563575	-0.18131378652313412	0	True
CXorf38	-0.15297378602234538	-0.21136420524347482	-0.12655552626119562	-0.23526201242890232	-0.18153888248897954	0	True
UBR2	-0.15802528888358797	-0.21294776796165854	-0.21160219219857454	-0.143639391834339	-0.18155366021954	0	True
R3HCC1L	-0.07491022132251328	-0.15500941794038295	-0.26961852416169535	-0.22694852026177345	-0.18162167092159126	0	True
TBCK	-0.12237148954948936	-0.10471163796090344	-0.20269405032896823	-0.29677827843708293	-0.18163886406911098	0	True
FBXO3	-0.027101362465547656	-0.24042511644440265	-0.19258697166947136	-0.2664954584409889	-0.18165222725510263	0	True
ELMOD2	-0.10361237052716317	-0.1587956110126852	-0.08577993205395436	-0.378543038515781	-0.18168273802739593	0	True
NME7	-0.15155166042828558	-0.19692934937624146	-0.24754150643317624	-0.13072711770213383	-0.1816874084849593	0	True
SGPP1	-0.201755926561171	-0.13765349667249127	-0.1976057583900618	-0.18985445036595805	-0.18171740799742053	0	True
RAB30-DT	-0.30956279836204836	-0.10629148614054894	-0.09094680204422478	-0.22041048067552257	-0.18180289180558618	0	True
SETD2	-0.16356954038860483	-0.18419100607232747	-0.17986109672578676	-0.20102533165998288	-0.18216174371167548	0	True
PHACTR2	-0.009370912317895623	-0.23558844289364422	-0.26872377969558175	-0.21574311250779366	-0.1823565618537288	0	True
AMMECR1	-0.2131857158576734	-0.24235316468207466	-0.03339255540168183	-0.24051871080059817	-0.182362536685507	0	True
KIDINS220	-0.05816415978269704	-0.26187624289880135	-0.16637429635476178	-0.2433371003155915	-0.1824379498379629	0	True
LINC00265	-0.15416536840912407	-0.19940204802450057	-0.0022890810529556708	-0.37449151033400746	-0.18258700195514693	0	True
CD83	-0.2207146130336159	-0.3742897454429615	0.06916353729882335	-0.20511751288196325	-0.18273958351492933	1	False
ATP11B	-0.06799603449539258	-0.16089587838101926	-0.24369911049517096	-0.2584182524398299	-0.18275231895285318	0	True
FAM171A1	-0.18212116132361642	-0.2655640821522527	-0.029826978839846023	-0.2535409076729211	-0.18276328249715906	0	True
FBXO42	0.05692567747582325	-0.20257770351361196	-0.3018217670947412	-0.2840556637851445	-0.18288236422941861	1	False
TALAM1	-0.08730890862385049	-0.1718880532285183	-0.24776484336802881	-0.22493723367189622	-0.18297475972307345	0	True
PI4K2B	-0.30857921366761465	-0.0964178433356931	-0.03431354061817052	-0.2927292551583747	-0.18300996319496327	0	True
TRAF6	-0.22272856898587293	-0.2676845489686329	-0.15256572940321825	-0.08918991446401606	-0.18304219045543502	0	True
PTAR1	-0.19935134354108552	-0.12291975417527885	-0.18405157955386756	-0.22610525661886818	-0.18310698347227503	0	True
TRAPPC6B	-0.21803340584812173	-0.1591297857733504	-0.11790406897604068	-0.23793642511338384	-0.18325092142772417	0	True
LRSAM1	0.0034686508241125527	-0.24350462705904458	-0.22249836050376273	-0.2705428147042551	-0.18326928786073748	1	False
SLC36A4	-0.04223598445492966	-0.1838395078371941	-0.22036386454546983	-0.28677500040194726	-0.18330358930988522	0	True
STIM1	-0.02105401852459262	-0.26209779420440127	-0.29318326772405373	-0.15785377287820782	-0.18354721333281385	0	True
ZNF407	-0.23655317948741375	-0.19697181674105416	-0.15324638435157778	-0.1481519068889574	-0.18373082186725076	0	True
GDAP1	-0.37395710019399747	-0.0695533674851526	-0.13586000941063903	-0.1556536803802997	-0.18375603936752222	0	True
BICRA	-0.2236993745771201	-0.29662236555932137	-0.1313961808217275	-0.08335428185549186	-0.1837680507034152	0	True
ENTPD4	0.03185990367680401	-0.2466240974566878	-0.24421910099023783	-0.27614082093180886	-0.18378102892548265	1	False
TSG101	-0.15219852688065827	-0.20417177775628592	-0.09593435658880384	-0.2830416938096157	-0.18383658875884093	0	True
PCBD2	-0.23083274476236845	-0.17048650543179297	-0.16492058159191123	-0.16923706619530887	-0.18386922449534537	0	True
ARNT	-0.004805139068858431	-0.12393298935222925	-0.2594991815667188	-0.34744686408933145	-0.18392104351928448	0	True
ETFDH	-0.15317073882803423	-0.19714109511326197	-0.21569940429905668	-0.16991729100910946	-0.18398213231236557	0	True
GUSBP11	-0.17562628848332992	-0.15291893898160688	-0.22803147210866379	-0.17936508844718413	-0.18398544700519617	0	True
KCNA3	-0.16198992630776882	-0.3220651052573571	-0.1086708767710711	-0.14342811999074068	-0.18403850708173441	0	True
FNDC3B	-0.1328191447366069	-0.42081392921927246	-0.05593833623457975	-0.1269543639745294	-0.18413144354124714	0	True
CLHC1	-0.27172998610602644	-0.2259633317859538	-0.018350432234599326	-0.22091269702100236	-0.18423911178689548	0	True
SLC37A1	0.01975274665916033	-0.18736491202954272	-0.21812488602613064	-0.3519999316156983	-0.18443424575305284	1	False
PRKAB2	-0.10059301602820625	-0.17183378189823068	-0.08827961988525836	-0.3771012657776315	-0.1844519208973317	0	True
MRC2	-0.13699496213641985	-0.23852782492005126	-0.2750510994194997	-0.08857894778554598	-0.1847882085653792	0	True
RABGAP1	-0.19837233669728435	-0.1555314316020797	-0.11564698734813378	-0.2699882389791391	-0.18488474865665921	0	True
PCGF3	-0.1369967951522543	-0.1278552839267506	-0.2635232962880275	-0.21131417391328378	-0.18492238732007904	0	True
ZSWIM7	-0.09798545167790583	-0.28223523249807075	-0.25442748194762643	-0.10555670779218546	-0.18505121847894712	0	True
MICU2	-0.19314250091263857	-0.22060098161883562	-0.1452548099819344	-0.1820585589853392	-0.18526421287468695	0	True
KIAA0355	0.11972914332562193	-0.23443107735869292	-0.3023955043776894	-0.32428615241536674	-0.1853458977065318	1	False
ATF2	-0.12117341993358133	-0.19787571863074307	-0.17838916649273168	-0.24451327007974075	-0.1854878937841992	0	True
NUB1	-0.24303124513517954	-0.10380028358229891	-0.04620989142755433	-0.34940614025094646	-0.18561189009899481	0	True
GADD45B	-0.4132038884808711	-0.09304587352747204	0.14102771921577487	-0.37847294284942823	-0.18592374641049914	1	False
CREB1	-0.07027823911775963	-0.23951048274748402	-0.21493138874926276	-0.21919289669567818	-0.18597825182754615	0	True
SLC35B3	-0.05365351817367187	-0.23865201117464574	-0.17669042448442485	-0.2756306054935943	-0.1861566398315842	0	True
TRIM56	-0.16474063004217596	-0.24929056947930264	-0.14595866644411415	-0.1876444901667204	-0.18690858903307828	0	True
STX16-NPEPL1	-0.09735914106530758	-0.011323083013491983	-0.40560269422903816	-0.23339381243147117	-0.18691968268482723	0	True
NCOA7	-0.20437986704077743	-0.11924076068297296	-0.17701186372443922	-0.24715728032448214	-0.18694744294316795	0	True
SHOC2	-0.12440873928853592	-0.11991848396215149	-0.2523414440676617	-0.25171029983158993	-0.18709474178748475	0	True
PHF12	-0.11224936025020565	-0.14439942878948678	-0.2833219289494282	-0.2084967685334997	-0.1871168716306551	0	True
DISP1	-0.2056776855166524	-0.2897877165457489	-0.0847310093437116	-0.16860327593537391	-0.1871999218353717	0	True
WWP2	-0.10987934278305396	-0.19674704835344628	-0.20852353841208054	-0.23422302115655386	-0.1873432376762837	0	True
PGM3	0.01717147380216133	-0.2394506149937471	-0.13753886336451873	-0.39010106909579756	-0.1874797684129755	1	False
DRAM2	-0.08130056686426455	-0.307868116174521	-0.27486698695130013	-0.08598162812872617	-0.18750432452970295	0	True
MIA2	-0.09619794463256166	-0.13731403949258494	-0.24004615104203889	-0.27713918945415633	-0.18767433115533544	0	True
MTMR10	0.09394146042850923	-0.32838309017708384	-0.22014109072634802	-0.29741702907861284	-0.1879999373883839	1	False
TTTY15	-0.18626890827436593	-0.2373033327812406	-0.14108786149097058	-0.18794245252452074	-0.1881506387677745	0	True
ITPR2	-0.10317069919199076	-0.14662153148031806	-0.2895043367774204	-0.2137214038335833	-0.18825449282082812	0	True
LINC00342	-0.10270244375475884	-0.18871559712498204	-0.2472919982424299	-0.2144870781804998	-0.18829927932566765	0	True
VPS45	-0.14516530448848985	-0.16190680714478495	-0.28230515152407143	-0.16388097811311297	-0.1883145603176148	0	True
IRF9	-0.16892476239341184	-0.19377359167101593	-0.15794035199669826	-0.2328204065227933	-0.1883647781459798	0	True
CNIH3	-0.23562217457244347	-0.006773968705055754	-0.27822029829393946	-0.2330613853633265	-0.18841945673369132	0	True
PTPN4	-0.14028835441684198	-0.2336633346150414	-0.1343321182129366	-0.24564381905711682	-0.1884819065754842	0	True
VPS39	-0.22156374629503844	0.003378183961589217	-0.29798570725365237	-0.23790330815586358	-0.1885186444357413	1	False
ERCC6L2	-0.18618171159077362	-0.19326926870874211	-0.1673791925647942	-0.20795998067912316	-0.18869753838585826	0	True
NNT-AS1	-0.1281189441387443	-0.3750388676602473	-0.006183202260977315	-0.24626171710944708	-0.18890068279235403	0	True
LMO7	-0.2397283938631399	-0.1638063051109933	-0.217917130607122	-0.1345655066531004	-0.1890043340585889	0	True
RRN3P2	-0.001275336737686988	-0.17086503771957848	-0.3269769737750733	-0.25713433554384074	-0.18906292094404487	0	True
JUN	-0.2505745348068954	-0.10402454197248451	-0.07805384667838333	-0.3237459496257415	-0.18909971827087618	0	True
ORC4	-0.2526459660842063	-0.13634114676588466	-0.22987356858831773	-0.13782002988280737	-0.18917017783030401	0	True
NR2C2	-0.14048404772512726	-0.2291353698863998	-0.17146647862839304	-0.21585663762901922	-0.18923563346723482	0	True
THAP2	-0.2077605331077451	0.027147480248258173	-0.22320095978346502	-0.35353875091932657	-0.18933819089056964	1	False
PPM1B	-0.09020842283399946	-0.20274789620362887	-0.19088319242045185	-0.27369568486315327	-0.18938379908030833	0	True
BICD1	-0.3021725392537528	-0.1740683287152122	-0.0966115405281955	-0.18468317890303831	-0.18938389685004972	0	True
ZNF25	0.023133377070854683	-0.180254959260067	-0.45035100073232887	-0.1503856212317448	-0.1894645510383215	1	False
CDK5RAP2	-0.15910232870092292	-0.22882557092375327	-0.11260468895495483	-0.25755570848320924	-0.18952207426571005	0	True
TRMT2B	-0.2514212003433138	-0.21339183861461947	-0.053595212762939076	-0.23975987390936834	-0.18954203140756018	0	True
MSL2	-0.15964701440080173	-0.2678612975986306	-0.1800988299164785	-0.15074366039569664	-0.18958770057790186	0	True
SCAF8	-0.16695176533609662	-0.18925832137113546	-0.16610802380286102	-0.23649831993482048	-0.1897041076112284	0	True
SIK2	-0.19418976287096748	-0.03345621844868379	-0.283232451690627	-0.24804886302988283	-0.18973182401004027	0	True
SCAPER	-0.004263575021030559	-0.16929082444099441	-0.265629415075257	-0.31974545727116044	-0.1897323179521106	0	True
CYREN	-0.18225696865040877	-0.08558452006727472	-0.26456607778482916	-0.22695390962306008	-0.18984036903139317	0	True
MBTD1	-0.3662708142838409	-0.19253715828796758	-0.09377521696954332	-0.10712731082032907	-0.18992762509042022	0	True
ANAPC10	-0.0498904101904936	-0.34387715105191263	-0.18122381440387206	-0.1848229480833957	-0.18995358093241851	0	True
ELK3	-0.17524092207359904	-0.10887847225107958	-0.23911831227072947	-0.2370402278698001	-0.19006948361630205	0	True
CYB5R4	-0.08181367512847691	-0.34928794203873936	-0.11626685741816692	-0.21351626221642214	-0.19022118420045134	0	True
KDM4C	-0.1125811670747833	-0.17551141927816158	-0.26895746227658224	-0.20400970571179217	-0.19026493858532983	0	True
STK17A	-0.19247973959717044	-0.30951274086571934	-0.16883107800843214	-0.09095955100997123	-0.19044577737032328	0	True
TIA1	-0.25821547293237546	-0.1458036047783088	-0.17530386879176799	-0.18250006828384405	-0.19045575369657405	0	True
HIPK3	-0.15418804309330886	-0.2728648635406258	-0.1063507966309524	-0.2286706987306114	-0.19051860049887462	0	True
PHF20L1	-0.09118286192023234	-0.19440188159107577	-0.1415649477531483	-0.33528190022283444	-0.19060789787182272	0	True
TASOR	-0.2904372273397214	-0.21632428789219388	-0.15865943303611496	-0.09728814890740653	-0.1906772742938592	0	True
XPC	-0.19065727508850985	-0.20128384716783565	-0.09714409965121754	-0.2736311634148731	-0.19067909633060903	0	True
CD99L2	-0.01634553664870987	-0.21326544379956808	-0.2336382289821994	-0.30000393521653057	-0.19081328616175197	0	True
ZNF808	-0.02422889247067172	-0.15779811602936233	-0.1273331129097723	-0.4544921816476839	-0.19096307576437258	0	True
YAF2	-0.13225502579268342	-0.1941805975585049	-0.23708091218118335	-0.20046807994514054	-0.19099615386937807	0	True
MSRA	-0.16867611122916265	-0.355789217950177	-0.08880983787673025	-0.15096860659144754	-0.19106094341187935	0	True
WDR19	-0.16867651949483342	-0.2392337484867162	-0.1653093928565096	-0.19107202103659326	-0.19107292046866312	0	True
IFT52	-0.17795943037166115	-0.20224652791133704	-0.20637547683920304	-0.1779872282655999	-0.19114216584695026	0	True
PDSS2	-0.2382065454078886	-0.11592011060115356	-0.21805195021604123	-0.19291145391152437	-0.19127251503415194	0	True
MAN1A1	-0.19676466940151727	-0.18764081805297045	-0.22571904528502046	-0.1549908347863322	-0.1912788418814601	0	True
UVRAG	-0.19511073683351748	-0.20593307978527783	-0.14384479101984168	-0.220561565449883	-0.19136254327213	0	True
MEGF9	-0.22930216859867247	-0.20072703684633278	-0.1113773326152333	-0.22450496923142482	-0.19147787682291584	0	True
USP25	-0.2711475261126496	-0.20381167590836294	-0.11076558818479933	-0.18022415115655244	-0.19148723534059106	0	True
NBR1	0.07435784602082289	-0.16377991019550572	-0.3046507233367633	-0.37194614012156546	-0.1915047319082529	1	False
ZNF217	-0.15803025415925806	-0.18944413694061854	-0.14325705727413998	-0.275371674138537	-0.1915257806281384	0	True
ERAP1	-0.18523377713767164	-0.1777156853225907	-0.14102931748606995	-0.26214950031997003	-0.19153207006657558	0	True
TEKT4P2	-0.08965853091985314	-0.21466540452770722	-0.2793622332105768	-0.18324945720822658	-0.19173390646659094	0	True
GBF1	-0.19859098767024813	-0.15176516982106172	-0.23876626905248077	-0.1781453805754804	-0.19181695177981778	0	True
SMARCA2	-0.20572101621049915	-0.15416542176372544	-0.12440618133282111	-0.2834576685973057	-0.19193757197608785	0	True
BTN2A1	-0.09374357201820607	-0.16311932993761988	-0.22930693322707055	-0.2826912724880162	-0.19221527691772816	0	True
DOCK10	-0.1753461493849847	-0.20061623018915264	-0.20507485127588898	-0.18814288441558366	-0.1922950288164025	0	True
GRAMD2B	-0.024066507154980307	-0.3325196183127498	-0.3317980894433241	-0.0808231401368518	-0.19230183876197648	0	True
FOXK1	-0.20054441654227934	-0.2107815853682996	-0.15542567771314394	-0.20323459683410428	-0.19249656911445678	0	True
LANCL1	-0.15879551593040211	-0.1867976426667366	-0.16078757848045924	-0.26364535118746335	-0.1925065220662653	0	True
STRN	-0.05684707870701788	-0.22971314813024762	-0.21379807790245492	-0.2701798261985751	-0.19263453273457387	0	True
TAF4B	-0.24698035371046506	-0.11401784699301987	-0.18821223221623534	-0.22291577945031252	-0.1930315530925082	0	True
NAPB	-0.19772986978820817	-0.1426889376669567	-0.23732688033179455	-0.1943949516099994	-0.1930351598492397	0	True
GPATCH2	-0.1970145752152439	-0.12967418000832334	-0.3192107853345946	-0.12741929730882254	-0.19332970946674607	0	True
LMBRD1	-0.07009249350596125	-0.21998869965650422	-0.24395638201256462	-0.23934407683536357	-0.19334541300259844	0	True
CCNDBP1	-0.04405570817426957	-0.31749851746292274	-0.12210124486732021	-0.29018081799185225	-0.1934590721240912	0	True
PCM1	-0.15467482458809972	-0.2094679757484513	-0.15994493958029737	-0.2505310063519178	-0.19365468656719154	0	True
ATP8B1	-0.24224769265133814	-0.1377045062038974	-0.2123405776767206	-0.18286880837004318	-0.19379039622549982	0	True
MTRF1	-0.18989042812462406	-0.3066063379910751	-0.11262943458986932	-0.16651733090924725	-0.19391088290370392	0	True
SLC2A13	-0.29066740188147505	-0.3237704959454773	0.028005513634521497	-0.1903022824950701	-0.19418366667187523	1	False
EPS15	-0.16263616736557004	-0.32506009270470315	-0.13526825620313923	-0.15385378818866757	-0.19420457611552	0	True
HMBOX1	-0.1758900335461856	-0.16078778012203315	-0.22731575741037183	-0.2128523648641834	-0.1942114839856935	0	True
PHC3	-0.10164068096235432	-0.2596760800356071	-0.21129020833031714	-0.2044505250586523	-0.1942643735967327	0	True
SLC16A10	-0.030253036908716287	-0.3032934448496528	-0.26865506644767034	-0.17501265409905772	-0.1943035505762743	0	True
ZSWIM8	-0.05570890141473541	-0.2651005833897963	-0.2302179538492739	-0.2264386819651026	-0.19436653015472707	0	True
STYX	-0.032906018210189486	-0.19430565332439065	-0.26042976917524796	-0.28995635079561294	-0.19439944787636027	0	True
B4GALT4	-0.05780159146227903	-0.3233327266082064	-0.1940384043446312	-0.2024667791906527	-0.19440987540144233	0	True
ZNRF1	-0.1700994481365334	-0.3435681086398501	-0.02303362724723626	-0.24157661791536447	-0.19456945048474605	0	True
BRPF3	-0.26583932391586435	-0.19490180658390482	-0.051632128774282166	-0.26654293997663525	-0.19472904981267164	0	True
ZNF83	-0.1259758239566615	-0.2638789877275671	-0.2333926558399659	-0.15577110069540906	-0.1947546420549009	0	True
CTBS	-0.19027770693226806	-0.152922739225439	-0.2531926968675295	-0.18286846294702805	-0.19481540149306614	0	True
RNPC3	-0.2787655348015213	-0.18338779918615708	-0.12837490940759402	-0.18940719257299024	-0.19498385899206563	0	True
ATRX	-0.15062489702480417	-0.22076879530589746	-0.17375047962056397	-0.23587226269281716	-0.1952541086610207	0	True
ARHGAP21	-0.14007675379570672	-0.31583823698171243	-0.205819146661513	-0.11968775091788453	-0.19535547208920417	0	True
ZNF841	-0.31643623739168075	-0.23168512400668498	-0.15758195354584734	-0.07613896040559934	-0.1954605688374531	0	True
MBP	-0.08139278785250201	-0.248455961778419	-0.19369100683697996	-0.25845931997137794	-0.19549976910981973	0	True
MMUT	-0.10589684641090687	-0.2517753317415903	-0.2242583620078362	-0.20009166646515744	-0.19550555165637268	0	True
PSEN1	-0.05518734496944275	-0.24179888482639306	-0.20120132420941675	-0.2842217221299702	-0.19560231903380568	0	True
KIF16B	-0.08236381664338654	-0.21703444848139383	-0.20461647761120927	-0.27850991252470375	-0.19563116381517337	0	True
EXD2	-0.22173742801364632	-0.27130217747217533	0.06261023787205738	-0.35240229536543094	-0.1957079157447988	1	False
ZNF718	-0.19481153972646537	-0.22760804067375254	-0.2160286085505512	-0.14478626246564896	-0.1958086128541045	0	True
ZSWIM5	-0.12259483052141262	-0.2634344178436936	-0.23912964646717358	-0.15835736752352841	-0.19587906558895207	0	True
NDRG3	-0.17503686501048682	-0.13635779916883434	-0.3090302340319238	-0.16322501851105503	-0.19591247918057503	0	True
PTEN	-0.1718422455429156	-0.20204232386938914	-0.2078137962355262	-0.2022798430302709	-0.19599455216952547	0	True
TRMO	-0.22930445336462885	-0.09321259156975394	-0.2633541792870355	-0.1981827446874531	-0.19601349222721784	0	True
CAPN7	-0.17521011396245184	-0.2039423591035835	-0.20731653124985505	-0.19788345384259623	-0.19608811453962166	0	True
KDM2B	0.024580388642789067	-0.3009758654035795	-0.21208726191425895	-0.29685347915475585	-0.19633405445745133	1	False
STAT1	-0.2906510889227866	-0.1606946923412468	-0.1265130639080027	-0.20786388276112178	-0.19643068198328947	0	True
VPS13C	-0.020410685989018764	-0.26674236961301784	-0.19807376704694002	-0.30050206884952113	-0.19643222287462442	0	True
WDR25	-0.21255131327454835	-0.15596174571812557	-0.10543518891691235	-0.31218327334710094	-0.19653288031417182	0	True
DYNC2H1	-0.1450281631574037	-0.38369282604635785	0.10701650696627717	-0.36446673081706255	-0.1965428032636367	1	False
HECTD4	-0.16594720732280618	-0.2067543254190526	-0.15185647983748551	-0.2628772667191359	-0.19685881982462006	0	True
CD247	0.175144391626982	-0.17573405441801826	-0.45732287855636056	-0.32978758925095963	-0.1969250326495891	1	False
FOCAD	0.006011999327268955	-0.19709515762666655	-0.35910273874618176	-0.23771883418981632	-0.1969761828088489	1	False
ARNTL	0.0688726205254008	-0.37308426315273263	-0.19261044776678032	-0.29238854848226836	-0.1973026597190951	1	False
ENOX2	-0.12899576484814085	-0.21557986617485514	-0.23167955937985402	-0.21297595753082285	-0.19730778698341822	0	True
TMEM135	-0.24559934101692535	-0.18652089566238317	-0.1913211188721134	-0.16614710809023553	-0.19739711591041437	0	True
SCGB1B2P	0.028286902533047328	-0.4696140511943806	0.0079157577573057	-0.35652563602970877	-0.1974842567334341	2	False
KANSL1	-0.07142629674742748	-0.23890888684889544	-0.2697558267630169	-0.21010104953353875	-0.19754801497321967	0	True
ATG4C	-0.15769311817389392	-0.12334625284042183	-0.34384876316687385	-0.16546784767849412	-0.19758899546492092	0	True
ULK2	-0.1224073210533093	-0.1479006696103514	-0.1380615101284913	-0.3819916347625764	-0.1975902838886821	0	True
TUBD1	-0.03646602346292209	-0.1693153743399551	-0.23059606688261197	-0.3544928284727576	-0.1977175732895617	0	True
MAP3K8	-0.19343714963183228	-0.3053006674787598	-0.05941993089342708	-0.23272559871091275	-0.19772083667873297	0	True
ARID4A	-0.0232086151974066	-0.343862235846146	-0.16914803922460103	-0.2555736939836554	-0.19794814606295225	0	True
VAMP4	-0.13340077027230782	-0.17830779601774377	-0.003941793037849311	-0.4769240889725777	-0.19814361207511966	0	True
ZNF493	-0.2089439053514802	-0.26523703730709985	-0.018785752072498565	-0.3002519910384196	-0.19830467144237454	0	True
IDS	0.028194170983934806	-0.31709669037074195	-0.25011443038917924	-0.2545186430136868	-0.1983838981974183	1	False
MFSD8	-0.18663200017836148	-0.2194299053818605	-0.18215350488204013	-0.20557958373332058	-0.19844874854389566	0	True
AGTPBP1	-0.10935359737193537	-0.23855044792513508	-0.19055708222161988	-0.25552671288888634	-0.19849696010189416	0	True
RHBDD2	-0.21407623658958166	-0.16658615935639837	-0.18700765819564186	-0.22642660416560823	-0.19852416457680755	0	True
ZSWIM6	-0.015367041903918589	-0.23031700483593515	-0.2747234200256685	-0.2746741725759541	-0.1987704098353691	0	True
LOC100505549	-0.17863668351057055	-0.23890518846884753	-0.15558335203259122	-0.22326714526278216	-0.19909809231869785	0	True
ANKHD1-EIF4EBP3	-0.4160710278523707	-0.1791086530476016	-0.09009255665390886	-0.11126194304326643	-0.19913354514928688	0	True
FBXO38	-0.21285618202796994	-0.11759975751262701	-0.18135102816805027	-0.2849326362815794	-0.19918490099755665	0	True
BPGM	-0.12269164802625517	-0.24494887697425233	-0.23772432742040717	-0.1914371763106503	-0.19920050718289123	0	True
ZNF451	-0.18837546308642963	-0.20559292599549367	-0.186674893232622	-0.21747760983178346	-0.1995302230365822	0	True
KLHL7	-0.20945342675393702	-0.31496843759624754	-0.022770484227899075	-0.25118717516061395	-0.1995948809346744	0	True
FER	-0.2202989676758041	-0.18635899221250404	-0.19921019869940562	-0.19319356263538986	-0.1997654303057759	0	True
CUL9	-0.2858666067404742	-0.02964455693207523	-0.266021252046922	-0.21813986592914952	-0.19991807041215526	0	True
FRS2	-0.183756608239626	-0.24741514333456519	-0.1632243058252996	-0.20546856153969362	-0.1999661547347961	0	True
ZNF627	-0.03542379021132943	-0.2292432951110637	-0.17243356197048337	-0.3627900625124283	-0.1999726774513262	0	True
RNF13	-0.12872955561656918	-0.20043174936184568	-0.20650247228227928	-0.26461755292214995	-0.20007033254571102	0	True
EMSY	0.04012208041511748	-0.21089606553114054	-0.30095015861064406	-0.3287667326432096	-0.2001227190924692	1	False
SMCHD1	-0.10906276743401434	-0.18221629428683056	-0.25128221595735634	-0.26049287004031607	-0.2007635369296293	0	True
ARID2	-0.09879599648238306	-0.2592808367950953	-0.24766029200682368	-0.19734550246756044	-0.2007706569379656	0	True
RALGAPA1	-0.20498433572777092	-0.2266943883030405	-0.1538017947134486	-0.21775951123886358	-0.2008100074957809	0	True
RAB3GAP1	-0.17747956383324745	-0.0805408391121613	-0.2290298622666138	-0.316721423958842	-0.20094292229271615	0	True
TMCC1	-0.01904814160518207	-0.3113454401170071	-0.21143025844142854	-0.2624340834701144	-0.20106448090843304	0	True
DDX19B	-0.17260550786748685	-0.09660869759537256	-0.3441529146933401	-0.19092028448130285	-0.20107185115937556	0	True
TRG-AS1	-0.03730376173425787	-0.46602958452154236	-0.18627781529182527	-0.1152755244342672	-0.2012216714954732	0	True
SVIL-AS1	-0.0829707168377936	-0.27612205558821656	-0.10111281614128387	-0.3451654749787055	-0.20134276588649988	0	True
ABI2	-0.08596594382236397	-0.2712098762957563	-0.26742510820780657	-0.18077538430033643	-0.20134407815656583	0	True
GGNBP2	-0.2171327846101365	-0.1209224826994132	-0.15650670094994268	-0.31173237073962695	-0.20157358474977982	0	True
CRADD	-0.12392038700763289	-0.08037857638968894	-0.34217127138633224	-0.2598666705698881	-0.20158422633838555	0	True
ZDHHC20	-0.14143059719247247	-0.1718596605023869	-0.25363088403839346	-0.24127156137176195	-0.20204817577625372	0	True
WASHC4	-0.11926386013211845	-0.239462119871897	-0.1648792142803493	-0.2846397704408159	-0.20206124118129515	0	True
CWF19L2	-0.16593981316011677	-0.1744939063616771	-0.2621342442908708	-0.20646787982794934	-0.2022589609101535	0	True
ULK4	-0.2145761923744401	-0.14273631325438862	-0.20777885904408513	-0.24395249248645473	-0.20226096428984214	0	True
LNX2	-0.1581145010713488	-0.26603201946904226	-0.14448577512777339	-0.24095969426392175	-0.20239799748302154	0	True
KDM5A	-0.12135005675712215	-0.190518932393734	-0.2971895976362182	-0.20055895719069886	-0.2024043859944433	0	True
GRIK1	-0.3565430816638901	-0.34088307508618815	0.0037692020048314284	-0.1162377401601167	-0.20247367372634087	1	False
SNX14	-0.1070661878668093	-0.2921658422805419	-0.15263052072453365	-0.25838942768166095	-0.20256299463838645	0	True
LPP	0.01767975567937666	-0.25399327114112097	-0.2385852257271322	-0.33566110946193656	-0.2026399626627033	1	False
NFAT5	-0.18472887631323054	-0.15904659545772917	-0.19202510118498756	-0.2752637569146987	-0.20276608246766148	0	True
SEC22A	-0.04021865555883869	-0.19402834233342525	-0.2105328172513027	-0.3667026420386345	-0.2028706142955503	0	True
METTL25	-0.3069399788902033	-0.21852762757991717	-0.18241279697937085	-0.10522429504334903	-0.2032761746232101	0	True
GRK5	-0.09981232304214899	-0.15851175950822188	-0.11025967199374354	-0.4446739122568066	-0.20331441670023026	0	True
MAP3K20	-0.4332689875949226	-0.25315299940476393	0.031013607762869783	-0.16028354412856138	-0.20392298084134455	1	False
PPP1R21	-0.10731191361362817	-0.1676743056560559	-0.2574273131275589	-0.2834208397650747	-0.20395859304057942	0	True
C1RL	0.04765869461862842	-0.1340921661260812	-0.4203833792077874	-0.3093791893309251	-0.20404901001154133	1	False
LOC105371814	-0.45953118634093437	-0.11528702556163431	-0.18161620893044012	-0.06013695400079589	-0.20414284370845115	0	True
PSPC1	-0.18691365145291186	-0.25761034892958445	-0.16583965175920007	-0.2062437170112726	-0.20415184228824224	0	True
AGBL3	-0.19033140968345447	-0.21118158320857064	-0.15762941816084544	-0.257852904086326	-0.20424882878479914	0	True
RAPGEF6	-0.15074300194462906	-0.1844503002204248	-0.22950871540581905	-0.2524226440078867	-0.2042811653946899	0	True
PNPLA8	-0.11216730074686096	-0.2520673498864988	-0.15128277227796352	-0.30311027094175624	-0.20465692346326989	0	True
DMTF1	-0.1223796759054305	-0.17613440401319297	-0.20970215983593765	-0.3108937429416726	-0.20477749567405842	0	True
ZRANB1	-0.1977495667070373	-0.21381466801680485	-0.18617554880282072	-0.22142999561266985	-0.2047924447848332	0	True
DNAJC27	-0.032918515179215235	-0.2839659569815019	-0.2608299186004432	-0.24184068171545672	-0.20488876811915427	0	True
LINC01184	-0.09666572263143035	-0.1638050673786883	-0.2038700044247958	-0.3557718277524912	-0.20502815554685141	0	True
UBXN7	-0.08282868564016675	-0.23465701347483384	-0.19434250520470914	-0.3088997456862926	-0.20518198750150057	0	True
LOC100507551	-0.20710112268553732	-0.23761780145764594	-0.2708001293356766	-0.10531391702012949	-0.20520824262474732	0	True
SKAP1	0.024959625174475204	-0.2696894800328534	-0.3028005118167737	-0.27376632292096054	-0.20532417239902812	1	False
ACSS2	-0.025199977178140903	0.030240111412493352	-0.3099124065231272	-0.5178725643647633	-0.20568620916338448	1	False
CARD8	-0.05882804854411265	-0.206390139975351	-0.3177636088950861	-0.24029043013366488	-0.20581805688705365	0	True
TNK2	-0.0685695646984252	-0.3018498397295222	-0.23120429246553328	-0.22175887657880053	-0.20584564336807032	0	True
CFAP44	-0.37199708285507954	-0.023995217496582063	-0.21078307937934843	-0.21816106750662054	-0.20623411180940765	0	True
CYP20A1	-0.30717975214610777	-0.17327462524532097	-0.14736506833780214	-0.19712588544002715	-0.20623633279231451	0	True
CNOT4	-0.19534797173750088	-0.2548810006570982	-0.18583744227952598	-0.18907796604365665	-0.20628609517944543	0	True
ARHGAP45	-0.08298388703528599	-0.28511007213233547	-0.2051231628318474	-0.25208638812690737	-0.20632587753159404	0	True
EXOC6B	-0.11603785355197785	-0.2974087725726875	-0.19989841228220212	-0.2122997702252898	-0.20641120215803932	0	True
CREBL2	-0.0913026147635918	-0.2267441056646392	-0.33657367804423566	-0.17182429340295644	-0.20661117296885578	0	True
IFNAR1	-0.10969700263854232	-0.18148153334807282	-0.2396541202557	-0.29621109193594714	-0.20676093704456555	0	True
IP6K1	-0.25183083800137385	-0.14732637561401762	-0.16081863771932065	-0.2674106628870851	-0.20684662855544933	0	True
ALG14	-0.234519530120191	-0.1464181514115122	-0.2773243582265139	-0.1691307503879506	-0.20684819753654193	0	True
ZDHHC21	-0.11198157067621765	-0.2683290436101221	-0.193356478461641	-0.2541001635353904	-0.20694181407084278	0	True
CMC1	-0.06464144268630624	-0.24392961832831733	-0.27928584415452284	-0.24094208674829043	-0.20719974797935922	0	True
USP54	-0.2926885319167627	-0.32288910730441034	0.007987835800595746	-0.22165056345052647	-0.20731009171777595	1	False
ZBTB1	-0.11890636239199297	-0.22772905540292	-0.1684737734214095	-0.31494914403061536	-0.20751458381173446	0	True
DMXL1	-0.18659643587691466	-0.2372721282656811	-0.2019549576817654	-0.20492506187502443	-0.2076871459248464	0	True
ZNF383	-0.16170956418316781	-0.19090368440488426	-0.28489974487174735	-0.1937671765039818	-0.2078200424909453	0	True
IGF1R	-0.21391034415151056	-0.24754825631360597	-0.21916572711464283	-0.15176322260086259	-0.2080968875451555	0	True
IFNGR2	-0.2069311389015991	-0.24983287444807262	-0.20395744239720134	-0.17168299250371274	-0.20810111206264645	0	True
VPS35L	-0.21646825910376855	-0.1738154739625617	-0.22299211447333767	-0.22084720718318096	-0.20853076368071222	0	True
PEX7	-0.08737341827842225	-0.1712714728480095	-0.209480552279908	-0.3664278718903083	-0.208638328824162	0	True
ITPKB	0.04974470755715856	-0.14934946966816356	-0.39816923042327496	-0.3381285701447094	-0.20897564066974733	1	False
ZFAND4	-0.17081352172047365	-0.12643950316959135	-0.2740297397774385	-0.26463997475670925	-0.2089806848560532	0	True
SPAST	-0.2920231595515993	-0.150973312194023	-0.20621784775504556	-0.18687294028248627	-0.20902181494578853	0	True
SLC35F5	-0.15534041139266638	-0.2699694988714076	-0.17732030563569975	-0.23379904406229454	-0.20910731499051707	0	True
TPK1	-0.006773862144102623	-0.23666025289183984	-0.2901401350324578	-0.30290076854010056	-0.2091187546521252	0	True
ABI1	-0.16080935241685532	-0.28876953056838134	-0.14541647413220662	-0.2415402414483601	-0.20913389964145082	0	True
LRRC37A3	-0.05270726461135924	-0.19787247195533453	-0.27278919027931325	-0.3133782160252426	-0.2091867857178124	0	True
TMEM154	-0.18520732235855802	-0.13108251277124028	-0.2602238599235801	-0.2603610527553424	-0.2092186869521802	0	True
ARHGEF3	-0.23722128509015805	-0.3826432884905755	-0.1304035045801105	-0.08676759371754318	-0.2092589179695968	0	True
ZYG11B	0.0027165959839219322	-0.2025383327388389	-0.22644839833969196	-0.4117321348586863	-0.2095005674883238	1	False
LEMD3	-0.19759826362170757	-0.22135923601559918	-0.17591291215920074	-0.24335995703643182	-0.20955759220823483	0	True
BTBD7	-0.16704409213330063	-0.2946305982514013	-0.20494762280368276	-0.17198302016773054	-0.2096513333390288	0	True
WDFY1	-0.08493021485004223	-0.35743854808330455	-0.12883550209688335	-0.26763874871878157	-0.20971075343725293	0	True
BMS1P1	-0.03297060987046259	-0.3213844418704016	-0.3247425825304183	-0.16004932906027936	-0.20978674083289045	0	True
AHCYL2	-0.24931833616264285	-0.1746671481077301	-0.19267390227343348	-0.22257558378534553	-0.209808742582288	0	True
EPG5	-0.1781861303640721	-0.1983172677168015	-0.22956232521432085	-0.23360691193424038	-0.2099181588073587	0	True
TMCO3	-0.008864840359700886	-0.23296060937859525	-0.23248807942958674	-0.3654356367270065	-0.20993729147372236	0	True
MSI2	-0.10536096273922278	-0.20440210466937134	-0.1918228741839711	-0.3398588884624244	-0.2103612075137474	0	True
RBMS1	-0.10923998388771956	-0.15139755008528202	-0.12867316897523093	-0.45222516121863965	-0.21038396604171805	0	True
CEP135	-0.24571585077613703	-0.2555323788234717	-0.04702733154854778	-0.2938597383480421	-0.21053382487404965	0	True
CEP162	-0.06690233725494148	-0.28887722306450153	-0.16873178270768135	-0.31796783076953	-0.2106197934491636	0	True
OXR1	0.02832684609345449	-0.38050326449965044	-0.14385913833568859	-0.3478096316956355	-0.21096129710938	1	False
CAST	-0.10874357732241324	-0.24721339901442635	-0.12580093536550163	-0.3626852679996727	-0.2111107949255035	0	True
GSTTP2	-0.1858842978172649	-0.24288058378745336	-0.226430796644003	-0.18938791301998192	-0.2111458978171758	0	True
ACAP2	-0.14783051836466052	-0.25843637070982506	-0.19638882712582736	-0.24321339821080484	-0.21146727860277947	0	True
SH3RF3	-0.020070915350992664	-0.2955673946395579	-0.3328708917572295	-0.19841652290156092	-0.21173143116233523	0	True
GORAB	-0.1986839842512712	-0.23816515310404723	-0.2181290457264342	-0.19224580916740747	-0.21180599806229006	0	True
CLYBL	0.034462583724161	-0.2923969893009066	-0.35979987530790425	-0.23075895969332727	-0.21212331014449426	1	False
SLC18B1	0.06939756775488876	-0.4264043483882111	-0.31977855923401544	-0.17173637283926305	-0.2121304281766502	1	False
ADCY10P1	-0.15856863673797708	-0.06239883771230906	-0.3599574416672849	-0.267940249310553	-0.21221629135703102	0	True
ZNF433-AS1	-0.330811030436716	-0.15938935933832235	-0.10879134428441127	-0.250030958890301	-0.21225567323743766	0	True
CDR2	-0.17004651669438292	-0.3932306237683968	-0.13599445731328683	-0.15020606400207726	-0.21236941544453594	0	True
TMEM260	-0.1297009495119489	-0.21334274400223957	-0.19019690207821482	-0.3168381591101388	-0.21251968867563553	0	True
ARHGAP25	-0.055559215012575734	-0.2736305182812442	-0.20144678727160986	-0.3194751632801639	-0.21252792096139841	0	True
AHR	-0.2887739139581832	-0.2842163032475341	-0.08725985984529969	-0.1898939956752039	-0.21253601818155524	0	True
APAF1	-0.1263397237059866	-0.16635576701623886	-0.12229348134229777	-0.43590756912988454	-0.21272413529860196	0	True
L3MBTL1	-0.24663682222919434	0.006970747888351195	-0.20144442980527436	-0.4100790425436531	-0.21279738667244266	1	False
LINC00674	-0.0012996932584614389	-0.2577993745264991	-0.31765177241071424	-0.2747699309717325	-0.21288019279185183	0	True
MTA3	-0.21690643951108288	-0.18148828427354446	-0.16914708390585695	-0.28494131437662246	-0.2131207805167767	0	True
NRIP1	-0.4370360813690255	-0.3114579682636156	-0.07047985084395095	-0.033593676484853896	-0.21314189424036148	0	True
RSF1	-0.12201259119740153	-0.28508201220148033	-0.19680112401693636	-0.2503701428511313	-0.21356646756673736	0	True
STK10	-0.11674554443340786	-0.2950522406703277	-0.1448565063409568	-0.297648878204681	-0.21357579241234334	0	True
STX11	-0.23224290867152414	-0.25930587563316476	-0.08164457664128458	-0.28154425814059736	-0.21368440477164272	0	True
ZBTB37	-0.2349169039436674	-0.1327680708120661	-0.2595502917579364	-0.22815912549030312	-0.21384859800099326	0	True
ACER3	-0.1826947886429905	-0.3074193892580986	-0.0374938855143437	-0.328152127489007	-0.21394004772610994	0	True
LINC01000	-0.15112630843090316	-0.2868420942809001	-0.2796331605831524	-0.138566822143202	-0.21404209635953944	0	True
BRAF	-0.14110829208959444	-0.2668801353051062	-0.1967297486479864	-0.2514672377579893	-0.2140463534501691	0	True
CUBN	-0.23067327357601802	-0.1064508664065378	-0.16158172191926162	-0.3576327464923126	-0.2140846520985325	0	True
ETS1	-0.14374637459012884	-0.26759778431918163	-0.17357944846681678	-0.271746460596216	-0.2141675169930858	0	True
KPNA5	-0.14491697322107816	-0.16707680066105213	-0.2586917622864939	-0.2878781406619173	-0.21464091920763537	0	True
MYEF2	-0.05307688881683256	-0.3366970652105748	-0.27731612198707484	-0.1916465876794423	-0.21468416592348114	0	True
LOC100506606	-0.003647743963317555	-0.32695138425555387	-0.25554252903298874	-0.2730762715914352	-0.21480448221082385	0	True
DOCK7	0.06768004937990338	-0.26205960321527183	-0.3116189518879472	-0.3533886124554769	-0.21484677954469814	1	False
CEP89	-0.21156078405820775	-0.27036325015037727	-0.15561928338245462	-0.2225381562352198	-0.21502036845656486	0	True
ATP6V1H	-0.20080311645715848	-0.1481014428865221	-0.25893639005986113	-0.25280475948783504	-0.2151614272228442	0	True
ZNF609	-0.17307642403405676	-0.13297334191219853	-0.25164623138361664	-0.3031877253841564	-0.2152209306785071	0	True
PHF3	-0.14977159407637597	-0.2693250518971021	-0.18025765714501102	-0.2629952522955824	-0.2155873888535179	0	True
ZNF76	-0.19560656664007656	-0.20794931241002718	-0.3485993716165259	-0.11037674420501341	-0.21563299871791075	0	True
RALA	-0.1814547288772276	-0.24287313376352343	-0.1745998534420254	-0.2644487500212243	-0.21584411652600016	0	True
INPP4A	-0.1145272190773229	-0.23698181936443224	-0.2185835617682761	-0.29354786689457163	-0.21591011677615074	0	True
HLCS	-0.09631822776061316	-0.2348917489101815	-0.22777529969652283	-0.30511360683122823	-0.21602472079963644	0	True
NBPF12	-0.17623581328435042	-0.33804862992884327	-0.13707051682612081	-0.21275862598475725	-0.21602839650601793	0	True
LIN52	-0.13735787488325296	-0.2783672893324093	-0.25801250760359296	-0.19054026057659124	-0.2160694830989616	0	True
MKRN1	-0.17770363620247703	-0.2315360048911858	-0.10728177515187803	-0.34813873538029444	-0.21616503790645886	0	True
PIP5K1C	-0.20596287073077152	-0.16358930934009816	-0.21200587797502532	-0.2846498052018224	-0.21655196581192937	0	True
CASD1	-0.18329957924955845	-0.2082186167365535	-0.1611780490906265	-0.3136027377893142	-0.21657474571651314	0	True
RRAGB	-0.4239210449019005	-0.22154215607272662	-0.05789841164011409	-0.1631233062374365	-0.21662122971304446	0	True
ILK	-0.22031714470849537	-0.344669534707277	-0.2405921869328952	-0.06117505888224262	-0.21668848130772755	0	True
TEP1	-0.021832577432718374	-0.18980128616860018	-0.27669832020956076	-0.37851877615389395	-0.2167127399911933	0	True
SNX19	-0.24650029927584943	-0.16945454909655205	-0.2637110650915587	-0.1875652483937401	-0.21680779046442508	0	True
DCP1B	-0.22864697787110771	-0.30110667026669263	-0.21832859869160737	-0.12041245889254777	-0.21712367643048888	0	True
ERAP2	-0.14337043110706474	-0.17511294462315907	-0.2853298267963291	-0.26542935438921644	-0.21731063922894234	0	True
USP47	-0.1341688722727766	-0.2336401937561517	-0.2444240719191127	-0.259157081107203	-0.217847554763811	0	True
STK38L	-0.04745023870302004	-0.2393576121165737	-0.2578441541804978	-0.3282429720260451	-0.21822374425653412	0	True
MKNK1	0.01724383417497905	-0.19239863578518607	-0.21327309024544247	-0.4862012033227181	-0.2186572737945919	1	False
EZH1	-0.3093420988925399	-0.21281559132374192	-0.25263837324005706	-0.09998938597709543	-0.21869636235835857	0	True
IRAK4	-0.029362327226903403	-0.21591699188962832	-0.3232487916660889	-0.30669419819359944	-0.218805577244055	0	True
PLSCR1	-0.3538628900726537	-0.28971625761653225	-0.11571459428637759	-0.11626900708888345	-0.21889068726611172	0	True
CEP70	-0.10155042461143515	-0.27765553815235	-0.13689613358721067	-0.3595388184031675	-0.21891022868854082	0	True
TBC1D2B	-0.16887527581275244	-0.1660902478974467	-0.33798006247222223	-0.20307869130198322	-0.21900606937110115	0	True
ITSN2	-0.12716823730282792	-0.2970606211383802	-0.2146446280471795	-0.23721251286107858	-0.21902149983736655	0	True
WASL	-0.26348179852848236	-0.13909906491200225	-0.31296331594705773	-0.16057813736168766	-0.2190305791873075	0	True
COG6	-0.11681210227687833	-0.29894172138817254	-0.2671706911340557	-0.19342696750989563	-0.21908787057725054	0	True
POC1B-AS1	-0.1976439095167199	-0.12714211254070498	-0.2650624908006172	-0.2887856143333913	-0.21965853179785838	0	True
UBE4B	-0.28768162961438026	-0.14530249058771708	-0.20523586409699376	-0.24047171323493138	-0.2196729243835056	0	True
ANKRD13A	-0.2790863767218303	-0.2096127472260386	-0.055091015808098984	-0.3351311298325515	-0.21973031739712984	0	True
TLK2	-0.2379579564329683	-0.2375946210335924	-0.174839408396126	-0.22953825278713566	-0.2199825596624556	0	True
CGRRF1	-0.025185179833460435	-0.5143353440741505	-0.13456820336610623	-0.2062149203809643	-0.22007591191367037	0	True
RC3H2	-0.1827970340206336	-0.20284640033488233	-0.2594635333912004	-0.23557234490440382	-0.22016982816278002	0	True
ST6GAL1	-0.13531159367250728	-0.20945435344839541	-0.2743983284884822	-0.261592914300695	-0.22018929747751997	0	True
ZNF506	-0.18635277243862816	-0.2504438917079942	-0.2203660052581847	-0.22393193152610086	-0.220273650232727	0	True
LOC339192	0.018860457647622186	-0.2988201693276661	-0.3581113609395077	-0.24398799531593468	-0.22051476698387157	1	False
BMT2	0.18367553993301908	-0.1860792746821828	-0.5006110157524868	-0.3800648163056826	-0.22076989170183325	1	False
CFLAR-AS1	-0.19487176619274343	-0.26195723267224175	-0.13880254509462484	-0.2876612750478538	-0.22082320475186595	0	True
HSPBAP1	-0.26522777226763206	-0.29827575901893333	-0.21581226297450162	-0.10467194853950912	-0.22099693570014403	0	True
PPM1A	-0.18774404434701564	-0.30376644623614046	-0.1286847146854216	-0.2641827717399304	-0.22109449425212702	0	True
NSD3	-0.017408260705984308	-0.19683420256834247	-0.292503214016366	-0.3776526046923999	-0.22109957049577317	0	True
AAK1	-0.06131040726941974	-0.20138575385335283	-0.2934936221504006	-0.3283325526011424	-0.22113058396857888	0	True
SMAD4	-0.22963758241144833	-0.24679143878099455	-0.13143703407324192	-0.27734566739097255	-0.22130293066416434	0	True
SFMBT2	-0.24246974864215257	-0.16497161096962223	-0.1671478171156942	-0.3111667021274815	-0.2214389697137376	0	True
TANGO2	-0.1719133746306772	-0.2668232950244315	-0.1517568311482284	-0.29536160675975665	-0.22146377689077346	0	True
PDE7A	-0.11632848992688583	-0.25304395047360306	-0.2402013476784381	-0.27637303320943657	-0.22148670532209086	0	True
TBC1D15	-0.13663917726039887	-0.29535899275857824	-0.1789101924147474	-0.27543056404361727	-0.22158473161933545	0	True
MRTFA	-0.21433853772053443	-0.26458549385642877	-0.19260355476338847	-0.21514567287093417	-0.22166831480282145	0	True
CHST11	-0.1276500181921673	-0.28401287286508914	-0.21849052259703905	-0.25716568962199376	-0.22182977581907232	0	True
NOTCH2NLC	-0.24955627452015486	-0.25284369941393703	-0.15683079410155243	-0.22833770690441532	-0.2218921187350149	0	True
RNF38	-0.04754356119113048	-0.2220343505377124	-0.2903769428309291	-0.32776192505784024	-0.22192919490440305	0	True
LOC107984035	-0.19691148983218634	-0.29452805098954293	-0.14567393032140188	-0.2516867068066985	-0.2222000444874574	0	True
IL10RB	-0.022756460832559066	-0.17303938597598043	-0.3198527028655017	-0.37325955823436524	-0.22222702697710162	0	True
LCP2	-0.06967212605897245	-0.3222541842025268	-0.19611490443249213	-0.3009157803655397	-0.22223924876488277	0	True
SSH2	-0.1425666687890368	-0.18923715190592913	-0.30130100036436086	-0.25688944798460767	-0.22249856726098363	0	True
UMAD1	-0.09603006079881225	-0.2132736589466941	-0.22761695599751985	-0.35340603279809957	-0.22258167713528146	0	True
IFNAR2	-0.07052839114991287	-0.3479031247428653	-0.2454175915557976	-0.226575084338574	-0.22260604794678743	0	True
PBX3	-0.22156215034392254	-0.28863618401947705	-0.2295279844424671	-0.15114395698423583	-0.22271756894752565	0	True
PLEKHF2	0.04945015458215887	-0.22221438297561877	-0.31170998400554345	-0.4071418857749537	-0.22290402454348926	1	False
CLK4	-0.14674980658146358	-0.2598516338557732	-0.13953625278757384	-0.34648979518434025	-0.22315687210228774	0	True
PIK3C3	-0.08430387227961157	-0.2271863087724925	-0.31227540515102536	-0.269748794674332	-0.22337859521936537	0	True
SLC11A2	-0.07405949496401633	-0.2398891544255766	-0.2855736240526066	-0.29467623333758075	-0.22354962669494507	0	True
FOXN3	-0.08881480349537009	-0.24173283268208443	-0.2591664320312612	-0.3050191127729156	-0.22368329524540784	0	True
SLC38A6	-0.1970160094996957	-0.20167809360872135	-0.2520488348329356	-0.24402866762919928	-0.22369290139263798	0	True
YIPF4	-0.17920485270630496	-0.30437686997145197	-0.2349309531488104	-0.1763555645333659	-0.2237170600899833	0	True
TNRC6C	-0.184812691229909	-0.24079418594004023	-0.21345672879013397	-0.25601886400125506	-0.22377061749033458	0	True
C1QTNF3	-0.1989155912517783	-0.24537679404368068	-0.22529712555098025	-0.22600548945885834	-0.2238987500763244	0	True
SIRT1	-0.026096306013301918	-0.34392788019513354	-0.18390043923526275	-0.34191509849132923	-0.22395993098375688	0	True
MZF1	-0.33844037934863036	-0.07341624219738106	-0.2183678731660218	-0.2658620223878766	-0.22402162927497746	0	True
ZC4H2	-0.172678254661916	-0.21527557920065246	-0.4271117596475165	-0.08173034605742513	-0.22419898489187753	0	True
C11orf49	-0.2958069927771756	-0.17797776197335577	-0.2755398696005345	-0.14770410152580585	-0.22425718146921791	0	True
TTN-AS1	-0.19964566123673447	-0.22017172115955896	-0.17267599546951357	-0.30637416803780193	-0.22471688647590224	0	True
CRBN	-0.18703117447559064	-0.22805503285380294	-0.21689005751450363	-0.26694737506017774	-0.22473090997601874	0	True
LOC101929767	-0.23592486589492104	-0.24638950077984617	-0.1402694610068615	-0.2764812475389675	-0.22476626880514905	0	True
MAST4	-0.09231776073148854	-0.3084356968073398	-0.13345104343125408	-0.3650536261119395	-0.22481453177050548	0	True
APBA2	-0.1121915036567457	-0.489289067019429	-0.10960243479667742	-0.18842472363792623	-0.22487693227769456	0	True
HIPK1	-0.09676591393906522	-0.3878287016267901	-0.20452824121025862	-0.21129562844500066	-0.22510462130527864	0	True
WDR7	-0.26292797402215934	-0.21463541382617995	-0.18939807949328263	-0.23349464933620467	-0.22511402916945666	0	True
ZNF254	-0.058870678263240696	-0.20186968996688917	-0.2712250617071145	-0.36860427649489036	-0.22514242660803369	0	True
SDCBP2-AS1	-0.0018027443493507042	-0.27758392376060265	-0.29922018700845254	-0.32263452091417594	-0.22531034400814542	0	True
PRANCR	-0.06265943914402851	-0.1374869319814392	-0.30174916046652417	-0.4000470230078262	-0.22548563864995452	0	True
TRAFD1	-0.22990816370354974	-0.32307076875022556	-0.21284264669074424	-0.13612733929563636	-0.22548722961003898	0	True
LMBRD2	-0.22080005809293507	-0.32276527605263344	-0.10603265324824966	-0.25298074868950815	-0.22564468402083157	0	True
POLI	-0.14840048107744125	-0.2806053590370921	-0.35984171188615505	-0.11465797791206686	-0.2258763824781888	0	True
ZNF790	-0.41380187475889507	-0.2641509742064016	-0.05087882421814577	-0.1747681332258549	-0.22589995160232432	0	True
ARID3B	-0.14183009635236246	-0.2172808053953943	-0.18203119083170283	-0.36361784159552285	-0.2261899835437456	0	True
RDX	-0.25096051584813006	-0.28268055257592084	-0.24453820936653298	-0.12808789607225043	-0.22656679346570857	0	True
TSPOAP1-AS1	-0.28801418452744093	-0.2592152735204811	-0.16221584092946587	-0.19695264149054567	-0.22659948511698338	0	True
HPS3	-0.03430933794965416	-0.3293858719877361	-0.3007997270907223	-0.24296349714023677	-0.22686460854208734	0	True
ARHGAP10	-0.1735410728185111	-0.37568419204516673	-0.08706439467009591	-0.27143790926317685	-0.22693189219923765	0	True
OSBPL9	-0.0626567190391496	-0.29844262472608124	-0.2583467487853048	-0.2884728109815744	-0.2269797258830275	0	True
ZBTB40	-0.2836155435484026	-0.1655129998453672	-0.2786635571774562	-0.18077538430033643	-0.22714187121789062	0	True
PXYLP1	0.1960720295968447	-0.3314732926420886	-0.42208579525851014	-0.3516402173947389	-0.22728181892462324	1	False
STX8	-0.06391983629899872	-0.2273608299198783	-0.22522560019244747	-0.39323033246043215	-0.22743414971793915	0	True
SEPSECS	-0.22713383653151342	-0.12388632300385015	-0.30754046261772705	-0.2512041558389131	-0.22744119449800093	0	True
TCEANC2	-0.2341402875269917	-0.16551932826773336	-0.14760490603104015	-0.3632895702205391	-0.22763852301157608	0	True
CDKN1B	-0.1954760888873427	-0.15091342523108092	-0.21361338915501582	-0.3517726810228427	-0.22794389607407056	0	True
RASA1	-0.16839028606753853	-0.33393509686988937	-0.21125419446439878	-0.1986143024890061	-0.2280484699727082	0	True
SLAMF6	0.012076063436132174	-0.35041776866403557	-0.43678966191617713	-0.13801942709846618	-0.22828769856063666	1	False
KLHL2	-0.03615596754159139	-0.3659231985516297	-0.20199853498129008	-0.30956593237857105	-0.22841090836327055	0	True
ACVR1	-0.16880519377705977	-0.23187079495027424	-0.3274227027495747	-0.1861505606970966	-0.22856231304350133	0	True
MTM1	-0.1470460028852781	-0.31481905024808293	-0.2225813105079812	-0.22982189342295026	-0.22856706426607312	0	True
HERC1	-0.07175225909743013	-0.251398721657873	-0.2819724378177588	-0.30947508691900083	-0.2286496263730157	0	True
ZNF518A	-0.3963447791839649	-0.2014830267996839	-0.12956432262405626	-0.18721375463273232	-0.22865147081010934	0	True
TNKS	-0.18996645399592169	-0.20517368263749822	-0.20803224144065757	-0.3123236581288147	-0.22887400905072303	0	True
SHLD1	-0.26621479487297606	-0.23447494654993026	-0.13634781752691477	-0.2792032913063013	-0.2290602125640306	0	True
VAV3	-0.24298305453452865	-0.1313556306591385	-0.19669515781660799	-0.346071224658762	-0.22927626691725927	0	True
POU2F1	-0.09517918613319336	-0.31931703484465	-0.2192774299196455	-0.2851230930680592	-0.22972418599138705	0	True
CHM	-0.08215277102574131	-0.3223548527449881	-0.25538757605686824	-0.260030570016348	-0.22998144246098642	0	True
DDX59	-0.19422578948730362	-0.2953920686806143	-0.12653198787975087	-0.3039965776773421	-0.23003660593125272	0	True
RNF146	-0.1575539679085924	-0.27394969564298105	-0.23641441162632235	-0.2523471616176613	-0.23006630919888926	0	True
TP53BP2	-0.15250318628384618	-0.319705147895877	-0.14678316642808767	-0.30135469131358805	-0.23008654798034972	0	True
PCCA	-0.0029628010120440348	-0.2977721233008215	-0.2907434172152669	-0.33022919102319315	-0.23042688313783138	0	True
CIR1	-0.175833471538552	-0.22849150746990882	-0.24567450380913602	-0.2717249108911522	-0.23043109842718723	0	True
BRWD1	-0.11880765494258645	-0.2736507998109559	-0.24615126761629208	-0.2838704563811271	-0.2306200446877404	0	True
PALM2AKAP2	-0.3517673955562429	-0.26074316339130044	-0.1252548198809143	-0.18523976055851707	-0.2307512848467437	0	True
E2F3	-0.19956603544641208	-0.3080519633200263	-0.18079371081771126	-0.23524898298839966	-0.23091517314313734	0	True
DAPP1	-0.17103849641274174	-0.23167603753333993	-0.2873355439263496	-0.23461623978427176	-0.23116657941417573	0	True
CCDC171	-0.13861835276088816	0.004141100446991128	-0.33697161197743686	-0.4543209873678061	-0.23144246291478499	1	False
HAPLN3	-0.2998203141634222	-0.17809378929909983	-0.20490563735745645	-0.2433614473393116	-0.23154529703982252	0	True
FGGY	-0.062025678227112635	-0.39902145357128077	-0.1294159901220378	-0.3364230356259297	-0.23172153938659024	0	True
SIDT1	-0.17920962225452922	-0.07856785506759849	-0.2909943708768926	-0.37839556162536186	-0.23179185245609552	0	True
DENND5A	-0.2203189707127672	-0.3366795001010296	-0.1831122934118053	-0.18741030844679352	-0.23188026816809892	0	True
ARID1B	-0.28278353624299135	-0.27498745894066695	-0.11689743807192529	-0.25336242865025493	-0.23200771547645963	0	True
MAML3	-0.20908872911676527	-0.021638967613065666	-0.38811243105870824	-0.30985717004609975	-0.2321743244586597	0	True
DLEU1	-0.04730548137733042	-0.2418616758500515	-0.21351272326083773	-0.4266998326650965	-0.23234492828832903	0	True
YIPF1	-0.09991971790808861	-0.20687881792732177	-0.34973407543757673	-0.27332678851375214	-0.23246484994668482	0	True
WDR48	-0.32840400625847005	-0.24566256998525804	-0.20701263829842717	-0.1496391169141234	-0.23267958286406965	0	True
SLC39A10	-0.042370026380408286	-0.36118089769879386	-0.2556236621762377	-0.27209692719304557	-0.23281787836212137	0	True
OSBPL2	-0.28083059697054585	-0.16633768980164843	-0.18418580317496713	-0.3007819834785957	-0.23303401835643928	0	True
MAPRE2	-0.13072228996403348	-0.25706816504339536	-0.2454629730803022	-0.29974403749675077	-0.23324936639612043	0	True
TUT4	-0.1857618039027754	-0.2225876609670184	-0.24119821483684564	-0.28350765237979936	-0.23326383302160972	0	True
NUMB	-0.15226710612785582	-0.25247644980205824	-0.2382675147974752	-0.29033263468049125	-0.23333592635197015	0	True
PIP4K2A	-0.18946619024067785	-0.27965670657853225	-0.23419521477520577	-0.23060245455479372	-0.2334801415373024	0	True
RASSF3	-0.09577127504965809	-0.3697212270831124	-0.22339174029614783	-0.24566078509194056	-0.23363625688021472	0	True
SIPA1L1	-0.19436594802644694	-0.20086152824381903	-0.26505973158569485	-0.27522501810190453	-0.23387805648946636	0	True
FAM120B	-0.27774355849938637	-0.1866411137519831	-0.1951141207526293	-0.2761845963117257	-0.23392084732893115	0	True
RFX1	-0.3797278935898775	-0.20134930751190963	-0.24705011268425328	-0.10763801241384571	-0.23394133154997154	0	True
TRAF3IP3	-0.14015460978718303	-0.35919819321050533	-0.1952643311905964	-0.24117578629729242	-0.2339482301213943	0	True
NDUFV2-AS1	-0.23735609064937832	-0.2899099670186617	-0.14395842711151832	-0.2649975235192372	-0.23405550207469888	0	True
FAM117A	-0.07745549622497391	-0.3879450954188355	-0.21265955341148626	-0.25904213765316464	-0.23427557067711507	0	True
SLC10A7	-0.1486841276211451	-0.0738787237827754	-0.34464513164112814	-0.37011506351240486	-0.2343307616393634	0	True
EPM2A	-0.3653366214894758	-0.11311372087747681	-0.2878061048903441	-0.17118135385158326	-0.23435945027722	0	True
RAPGEF1	-0.19699331363592962	-0.25144044218889094	-0.19384012397119219	-0.2954945286633415	-0.23444210211483857	0	True
SP110	-0.23029808967945203	-0.2491963920724831	-0.2679065012212769	-0.19127680834962757	-0.2346694478307099	0	True
PTPN1	-0.10561282662849668	-0.2890445244099655	-0.283604145319076	-0.26079282467778264	-0.2347635802588302	0	True
C2CD5	-0.19375661410192335	-0.26410548024783875	-0.2642572679381778	-0.217056669082006	-0.23479400784248644	0	True
ZNF140	-0.2363070791174024	-0.30244900480725456	-0.2164375490689794	-0.18556027215952864	-0.23518847628829126	0	True
ZNF354C	-0.2542742822253285	-0.4545119807446514	-0.08477274426038357	-0.14730683245643578	-0.23521645992169982	0	True
MRTFB	-0.23799045474570268	-0.19831284243940286	-0.24336070327647966	-0.26226110558420995	-0.2354812765114488	0	True
LOC100130691	-0.17962754313430354	-0.34093079099125206	-0.12956341264522683	-0.292106434920701	-0.23555704542287087	0	True
RBSN	-0.10427363316627439	-0.34559681083459576	-0.28438921597796013	-0.2083757940160063	-0.23565886349870913	0	True
PCBP1-AS1	-0.2801171988341115	-0.2225846195923575	-0.1204942458458516	-0.3195023694581576	-0.23567460843261953	0	True
TWSG1	-0.18848887997213074	-0.190825544245434	-0.3525564219330094	-0.21131890154798785	-0.23579743692464047	0	True
MARF1	-0.1552307949574976	-0.3837032810776993	-0.24579288136072322	-0.15961259806562203	-0.2360848888653855	0	True
CSNK1G3	-0.13741506547600724	-0.33299406172105767	-0.23548495060808994	-0.23865446476101151	-0.23613713564154157	0	True
ATP8A1	-0.1148304116820435	-0.2544952499632034	-0.20346248324639837	-0.37387309206695896	-0.23666530923965104	0	True
TMEM62	-0.18715017208266346	-0.2674733577259428	-0.14272324457511812	-0.3501330653723272	-0.2368699599390129	0	True
SHISAL2A	-0.06557023110879119	-0.19974365338834132	-0.43362122285983534	-0.24901356692761475	-0.23698716857114566	0	True
SGPP2	-0.07386512889389739	-0.27675627323516183	-0.3312466221884787	-0.2667274167779106	-0.23714886027386212	0	True
WBP1L	-0.09542335614384803	-0.2768887936447815	-0.21252841683315693	-0.3646372174444493	-0.23736944601655893	0	True
RABGAP1L	-0.16585351642236587	-0.4168991516610453	-0.16757769117593432	-0.20003052648220887	-0.2375902214353886	0	True
ATP9B	-0.23492052276935152	-0.22525502791612584	-0.24978356077371938	-0.2405911743301943	-0.23763757144734776	0	True
PSMA3-AS1	-0.27764474618070584	-0.26020448642412647	-0.19363102148791167	-0.21953550788636733	-0.23775394049477783	0	True
NIPBL	-0.2067775097620092	-0.2793302427282806	-0.21921264326643358	-0.24571452904113888	-0.23775873119946556	0	True
ZNF737	-0.28584565086984126	-0.25431826489182713	-0.20564464978240388	-0.20680843853345107	-0.23815425101938084	0	True
ZMYM5	-0.19967707608863716	-0.1404164604654181	-0.4396535695110581	-0.17289062861738777	-0.23815943367062528	0	True
ZMYM4	-0.3116694123126616	-0.24708021429639648	-0.195107362228898	-0.19894581286977348	-0.23820070042693242	0	True
RB1	-0.23892954143311018	-0.2849424683793993	-0.17910523327182884	-0.24992658887961722	-0.2382259579909889	0	True
RNF115	-0.272327110896705	-0.14856276756084327	-0.2380507494808828	-0.2946966590170285	-0.23840932173886492	0	True
PKN2	-0.2299988667866278	-0.2138244552964131	-0.21721231100516272	-0.2927253488991324	-0.23844024549683399	0	True
CLCN3	-0.17181589093796037	-0.20310486083810494	-0.2992318447617694	-0.2796536210524575	-0.23845155439757307	0	True
ZNF264	-0.2492604309494474	-0.23836237198945293	-0.3511221514950052	-0.11553520660117093	-0.2385700402587691	0	True
ARL15	-0.12503342105275927	-0.34122351735027395	-0.2689750828252417	-0.2193027077863172	-0.23863368225364803	0	True
FLVCR2	0.08329124348111745	-0.45387349390685494	-0.09223532347613207	-0.4925088901579543	-0.23883161601495595	1	False
EXOC2	-0.19527918718601364	-0.25390449288715394	-0.22887183862703153	-0.2783977399433647	-0.23911331466089095	0	True
POLN	-0.0946924851362955	-0.07289365707955722	-0.4842246040317888	-0.30525172266366984	-0.23926561722782783	0	True
CLIP1	-0.2416036553006658	-0.24343898830247435	-0.15571870394938275	-0.3164061575610222	-0.23929187627838627	0	True
FLI1	-0.03116805959681067	-0.26824206770324166	-0.33297330936170577	-0.32494158334374856	-0.23933125500137667	0	True
ZNF280D	-0.22246623049556402	-0.3066471043864197	-0.23713657031173022	-0.191487758722186	-0.23943441597897497	0	True
VCPIP1	-0.1381403540421975	-0.25563085705622834	-0.2496715025789457	-0.31458819333756133	-0.23950772675373322	0	True
IL18R1	-0.2794616971832336	-0.34511457661651673	-0.007043330658859983	-0.3272559912171781	-0.2397188989189471	0	True
PIAS1	-0.18128172682064544	-0.3201945167384441	-0.18427200930876408	-0.2731557295112953	-0.23972599559478724	0	True
TTC39B	0.04338699705687894	-0.34816364899437807	-0.34934074298160483	-0.305232161590561	-0.23983738912741623	1	False
TECPR2	-0.23642593320331362	-0.2582301249911903	-0.1624857700885816	-0.30291518568787495	-0.24001425349274014	0	True
SH2D1A	-0.3132614872868243	-0.3323748312777083	-0.07431021119546331	-0.24084355425703324	-0.2401975210042573	0	True
ARID4B	-0.14342631839240813	-0.2797375276641863	-0.19736102147306717	-0.3404367916504614	-0.24024041479503072	0	True
UNKL	-0.11596667627687915	-0.185337029573238	-0.4234408971868665	-0.2369445596520539	-0.2404222906722594	0	True
PLEKHA5	0.08293336135620871	-0.38478344068595194	-0.13373170355238959	-0.5267207380704984	-0.24057563023815778	1	False
STN1	-0.12768956855600258	-0.23592419477314694	-0.24219530930294914	-0.3583991783375797	-0.24105206274241958	0	True
FAM13B	-0.10354370802493897	-0.27315431800720974	-0.22783890545366547	-0.36009021662621793	-0.24115678702800802	0	True
CHD2	-0.1461432691264874	-0.2104430090698573	-0.27976312985586943	-0.32927734465203634	-0.2414066881760626	0	True
ARSB	-0.3061814494684987	-0.3065310896379723	-0.10974548429917949	-0.24527651722445473	-0.2419336351575263	0	True
MAP4K4	-0.17523755648660233	-0.34983570870792835	-0.1554287638474031	-0.2876771923582525	-0.24204480535004658	0	True
UEVLD	-0.0985124347012296	-0.30809765953984775	-0.1272969894001526	-0.43450702353458415	-0.24210352679395353	0	True
SLC37A3	-0.20265567954657698	-0.2649016806488489	-0.2483432720486714	-0.25288300228134314	-0.2421959086313601	0	True
APOL6	-0.3444597743203589	-0.22183812613703902	-0.10938390680068935	-0.2933807476719764	-0.24226563873251591	0	True
ABHD2	-0.22726104266796404	-0.23403825134780817	-0.3251193637514805	-0.18265211643532592	-0.24226769355064465	0	True
DENND1B	-0.2296411355332019	-0.2968491263060438	-0.11322215117668237	-0.33003865554371375	-0.24243776713991044	0	True
RAD21	-0.20165074098684277	-0.3442359431906581	-0.1694565960704987	-0.2545404444382779	-0.24247093117156937	0	True
AMN1	-0.3987682941975018	-0.12613033571129126	-0.2512519458149724	-0.1939691318917017	-0.2425299269038668	0	True
NR1D2	-0.133452641227533	-0.3945497006339099	-0.1053823758054356	-0.3381772932663791	-0.24289050273331442	0	True
BBX	-0.06266667351427624	-0.2588542779945763	-0.32939503558941374	-0.32126881098813104	-0.24304619952159934	0	True
RIC8B	-0.11039257450352688	-0.19689410837194712	-0.32149542271651455	-0.34391428173937755	-0.24317409683284152	0	True
ANO10	0.1240330292031187	-0.26474428072213796	-0.3346691800481318	-0.4974035382291078	-0.2431959924490647	1	False
JMY	0.032445977290192635	-0.38869736285653694	-0.18039774423688834	-0.43664524966532786	-0.2433235948671401	1	False
BCLAF3	-0.12330649601418364	-0.1705996863099895	-0.270388721970667	-0.4090947502862214	-0.2433474136452654	0	True
SRGAP2C	0.10866550099969359	-0.26662977832450796	-0.4145711730581307	-0.40161035858530925	-0.24353645224206358	1	False
SPEF2	0.0075799475670585495	-0.3810834498796047	-0.281917769492726	-0.3188902006730798	-0.24357786811958798	1	False
TBCEL	-0.29650164917398536	-0.26935442692916506	-0.3378221442691837	-0.07139180648808352	-0.24376750671510442	0	True
FRG1HP	-0.14130604117543796	-0.26248013185540175	-0.2359589880755448	-0.33545718592467694	-0.2438005867577654	0	True
VPS8	-0.12956939713985416	-0.31928552145749006	-0.25411294779074023	-0.2732030914485756	-0.24404273945916502	0	True
MIPEPP3	-0.193069406221899	-0.36291378531358875	-0.23076000503214059	-0.18952023262452414	-0.24406585729803812	0	True
TGFBR3	-0.4506806695092167	-0.491384778311347	-0.029659468044063015	-0.005056474679602456	-0.2441953476360573	0	True
AHSA2P	-0.22413150262896442	-0.2914355963526106	-0.12540057473761845	-0.33590471893452856	-0.2442180981634305	0	True
LCOR	-0.24663560950947172	-0.3149598095063364	-0.16781983269035433	-0.2475063577951945	-0.24423040237533925	0	True
PSMD6-AS2	-0.28387611938550456	-0.2693772699059179	-0.28763317412462636	-0.13630642044726282	-0.2442982459658279	0	True
TMEM117	-0.11243573838703888	-0.2709711367405051	-0.33184092014872085	-0.26320425666719455	-0.24461301298586485	0	True
BTG1	-0.24486453687274065	-0.31739302646535766	-0.05546067895000241	-0.36217910289246386	-0.24497433629514115	0	True
INO80D	-0.2810650048991297	-0.23008127507368184	-0.21042963059145692	-0.2583298177401431	-0.2449764320761029	0	True
UBL3	-0.2663717972232614	-0.33233694259192914	-0.10404274256348094	-0.27729796578958604	-0.24501236204206434	0	True
NCOA1	-0.25883519059884336	-0.3796801139812186	-0.16186299129315174	-0.180717216828878	-0.24527387817552293	0	True
PRKCQ	-0.06976390626563571	-0.33475595319604157	-0.18895405341934698	-0.38845341767248454	-0.2454818326383772	0	True
RAP2A	-0.3236780710958346	-0.2589436003651723	-0.108025341002403	-0.29137763493016194	-0.24550616184839297	0	True
LINC02325	0.09513338019528246	-0.28267695282600025	-0.3626930010949367	-0.43263217082879163	-0.24571718613861154	1	False
RAD51B	-0.03269788804028992	-0.29021042848336503	-0.29423907109186626	-0.3662893257243404	-0.2458591783349654	0	True
RSU1	-0.2399125217319274	-0.31777544462919566	-0.20469958920822473	-0.22250542667372436	-0.24622324556076802	0	True
PAG1	-0.054493262014284484	-0.403048801376904	-0.22378071306555206	-0.30616282223117197	-0.24687139967197813	0	True
SMAD2	-0.1618109062245416	-0.20280260239574174	-0.26942354424787635	-0.3544993797090941	-0.24713410814431347	0	True
EVI2A	-0.3219496913708239	-0.06835817138975764	-0.1521968538759468	-0.4473060408618138	-0.24745268937458553	0	True
KIAA2026	-0.19746438164218366	-0.3169460011514994	-0.20617290898441096	-0.2692630609216166	-0.24746158817492764	0	True
TMLHE	-0.15975552521310277	-0.31921996908915534	-0.3103204996757443	-0.20099080981334208	-0.24757170094783612	0	True
PACS1	-0.11266731257768754	-0.27390250464048854	-0.25737242130255705	-0.348339140467207	-0.24807034474698503	0	True
LRRN3	-0.3438994023082437	-0.3666204935698868	-0.14458225664261812	-0.13886139166216746	-0.24849088604572903	0	True
ZFYVE26	-0.33501761693095217	-0.3048284681830737	-0.14856182229857018	-0.20562723559698445	-0.24850878575239513	0	True
DENND6A	-0.17157337014557103	-0.27456740897326853	-0.2125090185078356	-0.33561209425169686	-0.24856547296959303	0	True
RASGRP1	-0.012034441507539658	-0.30796445560387353	-0.29902950590173366	-0.37526724970576797	-0.2485739131797287	0	True
GUSBP14	-0.31160259280793196	-0.22203066780897157	-0.3009935376539659	-0.1601703010304452	-0.24869927482532866	0	True
MYO5A	-0.16255544038629785	-0.4021196001009754	-0.20705900270868244	-0.22339872832763047	-0.2487831928808965	0	True
NDE1	-0.08719337334311646	-0.35619153902112777	-0.26424367841716007	-0.28824713669884566	-0.24896893187006247	0	True
USP40	-0.3077076956501219	-0.24996899981289103	-0.23411936589858406	-0.20509883355843275	-0.24922372373000742	0	True
TRIM23	-0.417459015229339	-0.3657256558802612	-0.23214075182492275	0.017370053801459184	-0.24948884228326595	1	False
TSHZ2	-0.18426502292437616	-0.2909098524415253	-0.32977664606601437	-0.19365730863516334	-0.2496522075167698	0	True
VPS54	-0.11677626555232498	-0.3863660147807158	-0.183760505292549	-0.3117196818049482	-0.2496556168576345	0	True
MED13L	-0.2278953370297831	-0.30026283889160316	-0.2687772439401783	-0.20197985202938556	-0.24972881797273755	0	True
HERC4	-0.20248645151235273	-0.20581097954236469	-0.2528041441641238	-0.33784356958566203	-0.2497362862011258	0	True
ARHGAP26	-0.17163174633843803	-0.3256306410574559	-0.24444611586515969	-0.2590789350409294	-0.25019685957549576	0	True
KMT5B	-0.30495288827020167	-0.30420836304938054	-0.2044534975429997	-0.18748642150383313	-0.25027529259160375	0	True
NR3C1	-0.2735152013677533	-0.26214299274079783	-0.1377147613778931	-0.3277906521030579	-0.2502909018973756	0	True
EXOC1	-0.046358870293903766	-0.35971068479067664	-0.3118287433926679	-0.28532024088573565	-0.250804634840746	0	True
KIF13B	-0.11611489987204755	-0.28106995685166847	-0.27421465801344685	-0.3326421980595876	-0.2510104281991876	0	True
MAT2B	-0.25525191936438935	-0.347607501712993	-0.13746121403919784	-0.2639286955288188	-0.25106233266134975	0	True
ZNF44	-0.0762657104244709	-0.3449017817734936	-0.2762697889200513	-0.30697945316726	-0.251104183571319	0	True
ZNF720	-0.09127833101853183	-0.47168536428328667	-0.27991824800564813	-0.1619100997752465	-0.25119801077067827	0	True
NEK7	-0.09810707020315887	-0.3154773911200077	-0.2660788500097908	-0.3253157150733936	-0.25124475660158774	0	True
GUSBP2	-0.35492376218458443	-0.24264782668480447	-0.4289548401638163	0.020717211113852337	-0.25145230447983824	1	False
SLC35E2B	-0.05549735485720143	-0.23728347094992502	-0.33334039247740566	-0.3806344255132718	-0.251688910949451	0	True
RSRP1	-0.24661751672928753	-0.2958405777531374	-0.250201636007457	-0.21655381958343575	-0.2523033875183294	0	True
PLEKHM1P1	-0.14998795187348918	-0.17046518647299452	-0.44743688305059165	-0.24139598698764744	-0.2523215020961807	0	True
TBC1D5	-0.1229591745423161	-0.23334305787773146	-0.2950887355175628	-0.35852203568580426	-0.2524782509058537	0	True
ARID5A	-0.2120873805331607	-0.29336858687154105	-0.13373752311475604	-0.3711381515686443	-0.2525829105220255	0	True
MIR3936HG	0.14398357509322382	-0.18588901465755842	-0.5383233095113933	-0.4303884709966018	-0.2526543050180824	1	False
LIMK2	-0.1236616287505576	-0.36502607749216964	-0.2697121831656298	-0.2523795793058022	-0.2526948671785398	0	True
FAM172A	-0.19326890085522966	-0.2782632664707422	-0.24917546302179613	-0.29031973089811586	-0.25275684031147094	0	True
ZNF862	-0.3783319286512636	-0.19136936909329227	-0.14330296219761068	-0.2983253277220616	-0.2528323969160571	0	True
LOC101927178	-0.15114498849231858	-0.1780488076713172	-0.28536749445406795	-0.39815379344307816	-0.2531787710151955	0	True
AKAP13	-0.16540445471292392	-0.3268172080623136	-0.23568308392783072	-0.28498824975470943	-0.25322324911444444	0	True
BBIP1	-0.11033256359057314	-0.34775677394267834	-0.2292108294592898	-0.32625456861583796	-0.2533886839020948	0	True
ZCCHC14	-0.11363138729366637	-0.2856383347168439	-0.2633771730196761	-0.35144970772675094	-0.25352415068923434	0	True
CCDC69	0.08591055847890114	-0.28356808168100495	-0.26282216656114543	-0.5539387798422248	-0.2536046174013685	1	False
SMURF2	-0.09195287590762738	-0.3477887016762056	-0.25301309682996886	-0.32170374228509546	-0.25361460417472437	0	True
PPP3CC	-0.18802550014400665	-0.2792858643736267	-0.2582108885836086	-0.28918786484584574	-0.2536775294867719	0	True
ANKRD33B	-0.2504616685403636	-0.4572756537368086	0.09976835053287363	-0.40833871250374515	-0.25407692106201096	1	False
GNB5	-0.0836179057149942	-0.3026755920824861	-0.3292561182965724	-0.3021915701723254	-0.2544352965665945	0	True
UBXN2A	-0.23709778673484294	-0.3446449590743563	-0.3032292668474865	-0.1333054287045819	-0.2545693603403169	0	True
FBXO8	-0.14281066713412927	-0.3379247314102279	-0.20569696416609617	-0.3326445440460959	-0.2547692266891373	0	True
PJA2	-0.017481105403737998	-0.3762755872328514	-0.33804724121616153	-0.28729403349374455	-0.2547744918366239	0	True
FCMR	-0.13372294972760326	-0.3662639595199963	-0.20874144420044827	-0.3125168102375563	-0.25531129092140104	0	True
OGA	-0.13683790219814934	-0.2833072321494994	-0.24281355117843306	-0.3584678597461426	-0.2553566363180561	0	True
ATG13	-0.2244711392438083	-0.285784600405748	-0.16987748522155321	-0.3429914709299943	-0.25578117395027594	0	True
ARMCX5-GPRASP2	-0.21949216485460527	-0.22590225724553561	-0.43082346496426027	-0.1473939096554401	-0.2559029491799603	0	True
ATG10	-0.09662523258270368	-0.20971780946229512	-0.3514026777096232	-0.36605658961314974	-0.25595057734194293	0	True
ARL6IP6	-0.16315893987026237	-0.3302852146892277	-0.23126986148292566	-0.299144063534487	-0.2559645198942257	0	True
ATF7IP	-0.06581247551299804	-0.2743317133381123	-0.3388488817536908	-0.3469229422087587	-0.25647900320338995	0	True
RUFY3	-0.2529839758282577	-0.39773503190203124	-0.18668063693670767	-0.18857103802221942	-0.25649267067230397	0	True
MAP3K3	-0.14716263335108204	-0.3366314133925507	-0.3242475977531418	-0.21805970712554965	-0.2565253379055811	0	True
KRCC1	-0.2582636536777461	-0.2436784557073757	-0.2726586859636746	-0.2519009967222858	-0.25662544801777054	0	True
LPIN2	-0.19650608699898528	-0.29386080861284825	-0.2616746605450894	-0.27647400151899015	-0.25712888941897827	0	True
CDYL2	-0.2470517800047462	-0.21983073466345213	-0.22821348914228598	-0.33348270769898825	-0.25714467787736817	0	True
FNIP1	-0.24963863561042657	-0.21303211881099418	-0.23368015698941322	-0.3330545809996562	-0.2573513731026225	0	True
PHIP	-0.10287275500756535	-0.3204968218043499	-0.32350354420361804	-0.2857647051689506	-0.25815945654612094	0	True
BET1	-0.09755771425529854	-0.3983873749929289	-0.21467548713767087	-0.3221121336446558	-0.25818317750763853	0	True
LRCH3	-0.12150708603302983	-0.3095227005349484	-0.22893518017799686	-0.37345495671575035	-0.25835498086543135	0	True
FUT10	-0.29166118456408946	-0.2120076816406915	-0.24119683754863697	-0.28903091684487503	-0.2584741551495733	0	True
BLZF1	-0.3999692606738119	-0.22666997078441442	-0.10835904518444524	-0.29950249319543243	-0.258625192459526	0	True
ZSCAN5A	-0.4096886424062725	-0.22905262965209913	-0.15450382895446912	-0.24171850728424946	-0.2587409020742725	0	True
TMEM67	-0.4058258383458866	-0.1324392826643338	-0.29563457650457364	-0.20227780148255814	-0.25904437474933806	0	True
STX7	-0.10392007822973627	-0.2612434806164159	-0.35413029337786917	-0.31770759869718873	-0.2592503627303025	0	True
CSAD	-0.19263176133165014	-0.23277539644682715	-0.22017806001381304	-0.3931627980897661	-0.2596870039705141	0	True
CDK13	-0.32146042245218087	-0.2912208733440068	-0.1763209767778825	-0.25057422696522735	-0.2598941248848244	0	True
RBL2	-0.1375000298712996	-0.3593349445952789	-0.3012621004069588	-0.24153875188781598	-0.2599089566903383	0	True
H6PD	-0.13689837278865954	-0.3504351771833867	-0.2559583739510408	-0.2971922136944055	-0.2601210344043732	0	True
PRKCB	-0.1585554495392117	-0.34859167207203384	-0.22266009722136423	-0.31129311098525453	-0.26027508245446607	0	True
RASGRF2	-0.21232010731198206	-0.35227366676385474	-0.22813740833143603	-0.24977933731087154	-0.2606276299295361	0	True
SRP54-AS1	-0.18041713513547708	-0.19503826501718993	-0.2797134228386695	-0.38802732025311054	-0.26079903581111175	0	True
ZNF253	-0.24992668240013416	-0.20441649271571316	-0.2517875595029048	-0.3398984806864223	-0.2615073038262936	0	True
DYRK1A	-0.22674315463698358	-0.2998979744477762	-0.20104073997753627	-0.31883585915719137	-0.2616294320548719	0	True
SLC44A1	-0.1670750847211188	-0.3283484537654336	-0.3443470966941367	-0.20706252095866653	-0.2617082890348389	0	True
NCK2	-0.20239971966697753	-0.23147712617624672	-0.2738434602868482	-0.34150049678541966	-0.26230520072887303	0	True
FAM102A	-0.21019337286368975	-0.19726901038955197	-0.26886444628786155	-0.3733945452492773	-0.2624303436975951	0	True
STAM	-0.162521657989768	-0.23384730755431352	-0.21879669501605273	-0.43533462656829786	-0.26262507178210803	0	True
SLC12A6	-0.10148460755626831	-0.2520005203067872	-0.3857335422806062	-0.3113746615451831	-0.26264833292221124	0	True
JAK1	-0.0734492523678747	-0.4266074937875917	-0.2118474641561541	-0.3411227060557838	-0.26325672909185105	0	True
FAM76A	-0.07969168848876548	-0.2545279484269099	-0.30657584059254395	-0.4123481802724634	-0.2632859144451707	0	True
TAB2	-0.17514006992082165	-0.3259098335701101	-0.23167723741833648	-0.3204837332220848	-0.26330271853283826	0	True
GBP4	-0.36037836242806265	-0.2678414444264136	-0.10199711961285396	-0.3231474659834365	-0.2633410981126917	0	True
ZNF10	-0.49915496788234087	-0.15693917908702848	-0.11689924209543172	-0.28172492544902455	-0.26367957862845637	0	True
PIK3CD	-0.14120841366326287	-0.41868794779658824	-0.21852510984063175	-0.2765037957785336	-0.26373131676975414	0	True
IL10RA	-0.1788752589154232	-0.33902055821247695	-0.2598476843507779	-0.2786518605774297	-0.26409884051402693	0	True
SCLT1	-0.2854702272929991	-0.2888459765776206	-0.12212465516832618	-0.36166164511750154	-0.2645256260391119	0	True
FCHSD2	-0.3036123837253164	-0.2784387501985399	-0.17417860742571378	-0.30194362164364835	-0.2645433407483046	0	True
PITPNC1	0.03965936549070793	-0.36606219951568353	-0.3156745598727599	-0.41640964668540487	-0.2646217601457851	1	False
RCBTB1	-0.19706659976074262	-0.31462002954824536	-0.18634187815339526	-0.36061161541153	-0.2646600307184783	0	True
FAM227B	-0.24713919122280154	-0.21640287049157295	-0.26887441977423326	-0.3266898979255036	-0.2647765948535279	0	True
SERINC5	0.15121519003963257	-0.37238382008020227	-0.3907528221055719	-0.4479594521689989	-0.2649702260787851	1	False
ZNF678	-0.1896865637807187	-0.3578671292511844	-0.14645029495398534	-0.36787978810385485	-0.2654709440224358	0	True
OFD1	-0.23521411957260607	-0.18316833114368583	-0.3237246101537237	-0.32011463460221135	-0.26555542386805675	0	True
LACTB	-0.17224343405766612	-0.41204971909433863	-0.04960487512978581	-0.42851042570369086	-0.26560211349637036	0	True
DCAF8	-0.23773549214548215	-0.26865192570839913	-0.2219612915359092	-0.3341349427407802	-0.2656209130326427	0	True
KIAA1328	-0.24183389189868687	-0.2729842838709729	-0.2612301471389614	-0.2883581672893195	-0.26610162254948516	0	True
SDCCAG8	-0.03453183779457575	-0.25913372949838076	-0.3022678126079093	-0.4695839274250823	-0.266379326831487	0	True
ANKAR	-0.10247450659956407	-0.29848110707876796	-0.3350881403798952	-0.3309263229257046	-0.26674251924598297	0	True
TMEM245	-0.24756150929660947	-0.35025642726311795	-0.1634426751036409	-0.3088277462459303	-0.26752208947732464	0	True
RCOR3	-0.042839097378664884	-0.27445958941602705	-0.38023364637819757	-0.3729228582447052	-0.2676137978543987	0	True
CBFA2T2	-0.16208236227689976	-0.2945741577194963	-0.22913260254836745	-0.3882727497642703	-0.26851546807725846	0	True
SNX10	-0.07787281464847533	-0.2945057691201409	-0.2663296405939187	-0.43553555717199316	-0.26856094538363207	0	True
EXOC4	-0.13520019787814086	-0.3403055123819179	-0.2595531484249714	-0.3394356238651727	-0.26862362063755074	0	True
HELQ	-0.19247884249154998	-0.40519530062264486	-0.2172390486217673	-0.2600737628901989	-0.2687467386565403	0	True
MED12L	-0.04870968514581452	-0.45671678384947495	-0.35642009643565	-0.21379810302904617	-0.2689111671149964	0	True
LYSMD3	-0.10355224835829133	-0.22387739159008108	-0.3718431700959274	-0.3769023958341756	-0.2690438014696188	0	True
KANSL1L	-0.23735208503582142	-0.3855629861469471	-0.26515722968735855	-0.18861637450575083	-0.2691721688439695	0	True
NLRP1	-0.07369700415811585	-0.31852393992867983	-0.37584127649580107	-0.31019976718232284	-0.2695654969412299	0	True
RGS5	-0.21104796637195028	-0.33851318214925513	-0.2162582286320385	-0.3139873207106384	-0.26995167446597057	0	True
DOCK8	-0.15659474097013804	-0.23727097381127624	-0.3108329021306473	-0.3766589742575786	-0.27033939779241006	0	True
ZNF267	-0.3102617404819649	-0.3118997965842466	-0.16778464190909212	-0.2927594810509606	-0.27067641500656603	0	True
EMB	-0.1829781969982729	-0.4563512275213388	-0.18284962675349936	-0.26066523053035645	-0.2707110704508669	0	True
BCL2L11	-0.4959693733207077	-0.4539524728286127	-0.03590690386975993	-0.09941155019791083	-0.2713100750542478	0	True
MED13	-0.2638093602130808	-0.2928226853222769	-0.20523755973092264	-0.32400552485405215	-0.2714687825300831	0	True
FOXO3	-0.06721525154413702	-0.4232155120757108	-0.1743690606990476	-0.4225891527426472	-0.27184724426538565	0	True
APPL2	-0.21439829992554948	-0.38607313212170447	-0.16946793652157047	-0.31856016016115446	-0.2721248821824947	0	True
MANBA	0.02898817144574637	-0.4285904653096934	-0.22720044761900293	-0.46257424914187967	-0.2723442476562074	1	False
TMEM50B	-0.043426576782196	-0.3942627808463549	-0.1982329986407651	-0.4535112671643994	-0.27235840585842885	0	True
PPM1L	-0.3058645612156913	-0.19185291188936424	-0.2759326733218454	-0.3170209451067153	-0.27266777288340405	0	True
CLUHP3	-0.25021608903060455	-0.19568553527271573	-0.2962139925815415	-0.3492304375745735	-0.27283651361485883	0	True
KIF3A	-0.17044200694249959	-0.26895143734738824	-0.20180790282277034	-0.4526144180260714	-0.27345394128468237	0	True
FTX	-0.1699925676607744	-0.3081475676520171	-0.2830266749578036	-0.3328378226417392	-0.2735011582280836	0	True
LINC00476	-0.4592443322274239	-0.25411342637712603	-0.1906033857873721	-0.19132838601858482	-0.2738223826026267	0	True
PTPRJ	0.08145574544764173	-0.3567879170069779	-0.3830875384660678	-0.4370862948658188	-0.27387650122280566	1	False
BTBD9	-0.1770398038317047	-0.34007468199285845	-0.3035685874189751	-0.2754906890991238	-0.2740434405856655	0	True
NSF	-0.27863627225619797	-0.40168917487662964	-0.09836379743848833	-0.3180381546006199	-0.274181849792984	0	True
ZNF439	-0.23653879084517776	-0.3312425300162132	-0.3436536857828054	-0.18617544653815055	-0.2744026132955867	0	True
JADE2	-0.12163778259239953	-0.3255570545651737	-0.10089424729554197	-0.5498585501170501	-0.2744869086425413	0	True
FBXO33	-0.10944842200987455	-0.31636436624592124	-0.3668938947218175	-0.3072182414386979	-0.2749812311040778	0	True
WDR44	-0.16228489390611683	-0.40002627235898547	-0.21733781089136298	-0.32046229172786084	-0.27502781722108155	0	True
MINPP1	-0.2704553331571023	-0.2901132401290681	-0.16285183319328356	-0.37836708100960426	-0.2754468718722646	0	True
AFF1	-0.14150674252460974	-0.334189022427629	-0.2853669307343421	-0.34146744255674605	-0.27563253456083175	0	True
ZNF564	-0.030910777774030743	-0.19591837204669363	-0.437834294818979	-0.43794266921837943	-0.2756515284645207	0	True
MIB1	-0.2014500938290226	-0.3919407762822969	-0.25494696569782327	-0.25561490535517867	-0.2759881852910804	0	True
DHTKD1	-0.0865023337973032	-0.29049000316519824	-0.304457736869452	-0.424206742343945	-0.2764142040439746	0	True
SLC22A23	-0.39931756370941807	-0.17958410330883037	-0.1733725808587613	-0.3544527214050279	-0.2766817423205094	0	True
LINC01138	-0.06277597111011314	-0.2814845629257414	-0.38320134609969553	-0.381434072352049	-0.2772239881218998	0	True
FAM168A	-0.03968573822564908	-0.37440800352792664	-0.21490680982751345	-0.4800180163369665	-0.2772546419795139	0	True
ZFYVE16	-0.06573648649372638	-0.28896664295779756	-0.3782383026735719	-0.3761872597309148	-0.27728217296400265	0	True
ARHGAP31	-0.31242089301265774	-0.47534414853701107	-0.009827748003804216	-0.3120387410505383	-0.27740788265100286	0	True
CNOT6L	-0.06562158800387712	-0.3248023486558618	-0.3339320280902509	-0.3855435220582152	-0.2774748717020512	0	True
TRMT1L	-0.2898372270621364	-0.2188554016806018	-0.3206086128289712	-0.2820508337320842	-0.2778380188259484	0	True
ETV6	-0.05809089745801049	-0.30400177466828343	-0.2831215057462612	-0.4662855202420683	-0.27787492452865586	0	True
RTKN2	-0.09894540941971099	-0.4531240413665648	-0.045248217196599834	-0.5170160692328888	-0.2785834343039411	0	True
SNX29	-0.17026215427163147	-0.30584956547353276	-0.30276586454645055	-0.3370016900525079	-0.27896981858603065	0	True
DLGAP4	-0.24085527983378494	-0.330924968576569	-0.18627622989172857	-0.35815912200796	-0.27905390007751063	0	True
CUTALP	-0.4360577704481977	-0.3527215447569946	-0.2395089568214144	-0.08968664583144281	-0.27949372946451234	0	True
WASHC3	-0.2125020632888271	-0.3526511050606394	-0.16768299402063344	-0.38518152914608206	-0.27950442287904553	0	True
ZMAT3	-0.19639413494149977	-0.25167396413330284	-0.26976605662224157	-0.40023169329087943	-0.2795164622469809	0	True
KDM6A	-0.13593677545721922	-0.3349033421709027	-0.31727801695481134	-0.33045044184537425	-0.2796421441070769	0	True
LEF1	-0.15542505770899426	-0.27233370495964965	-0.35745118010817384	-0.333703822422329	-0.2797284412997867	0	True
TPT1-AS1	-0.13117188981790573	-0.29779080399051444	-0.4654690232500942	-0.2244933551787625	-0.2797312680593192	0	True
CDC42SE2	-0.15233422518926668	-0.3602874792917085	-0.3084492737888484	-0.29951189038246506	-0.2801457171630721	0	True
SLC35A5	-0.3346985615986378	-0.28560330808178225	-0.38648418766930415	-0.11711400252144973	-0.2809750149677935	0	True
MIATNB	-0.22133432937083622	-0.22972645979410736	-0.3559642184846499	-0.31960316441782016	-0.2816570430168534	0	True
RUNX1	-0.23995310891953958	-0.37842783983141015	-0.1857222708848272	-0.3269201383346937	-0.2827558394926176	0	True
ATAD2B	-0.2766434300558928	-0.36380515811403796	-0.23587932453920488	-0.25624931593274797	-0.2831443071604709	0	True
RPL34-DT	-0.2943629467533757	-0.39751347738047166	0.09709286425450363	-0.5384753732078605	-0.28331473327180107	1	False
PTPRM	-0.1544283459016932	-0.33620445394416043	-0.2239061576551035	-0.4200102207379046	-0.2836372945597154	0	True
MMP24-AS1-EDEM2	-0.19792033625958058	-0.24788259897125264	-0.4095725479480799	-0.27995328525009966	-0.2838321921072532	0	True
CCM2	-0.14915371863356203	-0.25185329608604295	-0.2738141802886881	-0.46102836372364436	-0.2839623896829844	0	True
TPTE2P5	-0.020084530096059	-0.339910191060746	-0.352510849582867	-0.42384051844995546	-0.28408652229740683	0	True
CROCCP2	-0.3285169657348603	-0.20755787227335293	-0.3318058303812088	-0.2685783752182343	-0.28411476090191407	0	True
STAT5B	-0.07434146044375128	-0.35540506984665143	-0.33612060159394647	-0.37059653684868155	-0.2841159171832577	0	True
AMZ2	-0.2952827848180149	-0.2896323936720935	-0.2311680545837214	-0.3210714026090629	-0.28428865892072314	0	True
SLC24A1	-0.23087878769512826	-0.3094669030038999	-0.2771313687805754	-0.3197464511981972	-0.2843058776694502	0	True
SLC41A2	-0.14384913663042584	-0.34043197093776745	-0.1431120057347638	-0.5098709896783523	-0.2843160257453273	0	True
FGD3	-0.09272107708575723	-0.3663030656263851	-0.37518620045478707	-0.303555629195601	-0.2844414930906326	0	True
SCYL3	-0.15647844222719365	-0.38659498250214047	-0.2147256484466103	-0.38041855039421874	-0.2845544058925408	0	True
STAT4	-0.14560735687639262	-0.281941008590962	-0.28294185399337435	-0.42876415825073166	-0.28481359442786514	0	True
GOLGB1	-0.18479746506901185	-0.33221575385931224	-0.29406971289076944	-0.3285721126024933	-0.2849137611053967	0	True
ABCA5	-0.3093392914008455	-0.23717448904381322	-0.2981233538601155	-0.2961094520765249	-0.2851866465953248	0	True
RYBP	-0.2326527578789749	-0.3605614548543378	-0.2669567566608926	-0.28317347830786693	-0.28583611192551805	0	True
RALGAPA2	-0.14693462477150818	-0.3523125618347873	-0.2704515675855528	-0.3750546355786245	-0.28618834744261823	0	True
NEMP2	-0.15181205304849968	-0.44964590226051804	-0.2333728822702503	-0.31138157357793167	-0.2865531027892999	0	True
FBXL20	-0.09208851255067997	-0.11774669114886448	-0.44544539791308013	-0.4910367813557132	-0.28657934574208443	0	True
PAQR8	0.03680285779405918	-0.2920626773428183	-0.48299490384895216	-0.4097220075124377	-0.28699418272753724	1	False
RETREG1	-0.16740039171001264	-0.21634574578302176	-0.318654711676897	-0.44852679799751655	-0.28773191179186197	0	True
LYPLAL1	-0.2595745416365839	-0.2282484950198446	-0.2558969821245902	-0.40822161484472996	-0.28798540840643716	0	True
GPD2	-0.034116554710620924	-0.284366992235111	-0.38059296036680584	-0.4541615211862232	-0.2883095071246903	0	True
SLC8B1	-0.09774365862341101	-0.30588607358667735	-0.3968601515479142	-0.3546214036976981	-0.2887778218639252	0	True
ST8SIA4	-0.22771003288796798	-0.3307333742218422	-0.24612369220657376	-0.35055498417161807	-0.28878052087200046	0	True
IL4R	-0.1661168095259599	-0.3003348137765523	-0.22500277909619126	-0.464456698791402	-0.2889777752975264	0	True
CARF	-0.09247051258458812	-0.372840722249668	-0.2060943322840172	-0.4845538419840131	-0.2889898522755716	0	True
ABTB2	-0.810868021534542	-0.23318049597228163	0.2475215118720659	-0.35958200435332854	-0.28902725249702155	1	False
ZC3H7A	-0.2228688139584652	-0.35856420921673876	-0.3158462987319575	-0.25967439984026464	-0.28923843043685654	0	True
NBEAL1	-0.029811581650166823	-0.2593602032346844	-0.3565126381834133	-0.5117540658009847	-0.2893596222173123	0	True
WDFY2	-0.028544066307255835	-0.46897640058545786	-0.23093510901967887	-0.43081474770959494	-0.28981758090549686	0	True
MAP2K5	-0.3193627575453315	-0.19470193034062283	-0.3138490645272413	-0.3316927280253444	-0.289901620109635	0	True
NFKBIZ	-0.058351731981363904	-0.46517600141071086	-0.33894265431372056	-0.29902129695855933	-0.29037292116608865	0	True
PATJ	-0.0951879807000847	-0.34287649712782414	-0.28740175144305075	-0.43746509220560853	-0.29073283036914205	0	True
FAM117B	-0.28892473292209325	-0.2447145944483193	-0.332488778627783	-0.29772016409007307	-0.29096206752206716	0	True
MAPK8	-0.22855720100490134	-0.26054213673262844	-0.24852547244154216	-0.4267684216966223	-0.29109830796892355	0	True
PARP9	-0.3646713817701479	-0.28951229691355745	-0.19471128947841332	-0.3156025852414798	-0.29112438835089965	0	True
PHLPP1	-0.14335287499719265	-0.42343582892409004	-0.2777572507617873	-0.3204259353969618	-0.29124297252000797	0	True
FIG4	-0.17658363610536168	-0.2752532311634758	-0.2632219988245835	-0.45731733530347224	-0.2930940503492233	0	True
PKD2	-0.26980814551584115	-0.31726556614299134	-0.2514378849612929	-0.33414431712768483	-0.2931639784369525	0	True
ARHGEF18	-0.24647615811624216	-0.37320949956350363	-0.29036002900967167	-0.2627495922899431	-0.2931988197448402	0	True
ANKRD12	-0.13151817591107484	-0.30027389926423564	-0.33573428251971293	-0.4053139200947768	-0.29321006944745004	0	True
LSS	-0.10664269236447196	-0.27957886692729006	-0.47089488267133844	-0.31596508224234326	-0.29327038105136094	0	True
SPPL2A	-0.2404125218022246	-0.36188550150662724	-0.22623432398406693	-0.3466273855025227	-0.2937899331988604	0	True
CASK	-0.19164414017941786	-0.44292486432388783	-0.26753103342323287	-0.27312544599898403	-0.2938063709813806	0	True
RETREG3	-0.3330428130309917	-0.2774976467027722	-0.356494759104747	-0.208234625599808	-0.29381746110957974	0	True
DOCK9	-0.11249917054545051	-0.3128344789611635	-0.4111567878671583	-0.33977173112527503	-0.2940655421247618	0	True
HERPUD2	-0.2823573757393291	-0.41339125821251166	-0.1978578528399152	-0.28281607110709234	-0.2941056394747121	0	True
FOXP1	-0.22236583774779806	-0.297088827881091	-0.2718035608738922	-0.3870824287578445	-0.2945851638151564	0	True
ANKRD6	-0.1647551280330871	-0.27569366125272854	-0.24704609190309482	-0.4919237954711398	-0.2948546691650126	0	True
DLEU2	-0.10879964800271393	-0.36802565782387037	-0.259539610984786	-0.4458337700849637	-0.29554967172408353	0	True
CEP68	-0.07431908081134184	-0.42641279884632793	-0.33138225294870716	-0.35097233524449417	-0.29577161696271775	0	True
ARRDC3	-0.05755507531706241	-0.2297903326127107	-0.4524763907286476	-0.44358740645714123	-0.2958523012788905	0	True
SAMHD1	-0.1581660991550119	-0.4550850309924711	-0.20553497437897827	-0.3662184456751863	-0.2962511375504119	0	True
DIPK1A	-0.16425600174559446	-0.4365988124707742	-0.2983873090163619	-0.28777433653721207	-0.29675411494248566	0	True
ACTR3C	-0.40138685349282216	-0.2640992077652993	-0.221956379146845	-0.30008198864188995	-0.29688110726171413	0	True
HERC3	0.07719343646371572	-0.4286781340051145	-0.4041591897080027	-0.4330222652817089	-0.2971665381327776	1	False
RCAN3	-0.19554061930808297	-0.21059094944175474	-0.3971340032785394	-0.38671573800184544	-0.29749532750755564	0	True
S100PBP	-0.14786435896009104	-0.4133886543291475	-0.33990098492690024	-0.28907978227993764	-0.29755844512401913	0	True
XRN1	-0.23334196505595617	-0.30313206752345034	-0.34066283657056134	-0.31404816569729255	-0.29779625871181514	0	True
UBN2	-0.3140626853102922	-0.3728392045987335	-0.267125661188578	-0.23802144381593204	-0.29801224872838394	0	True
RPS6KC1	-0.36558475079156	-0.40602684800058336	-0.19788709108598188	-0.22281569086151262	-0.2980785951849095	0	True
DECR1	-0.2589526282178398	-0.297993732185837	-0.27380938304517355	-0.3624994034149976	-0.298313786715962	0	True
PTPN12	-0.09235867547096864	-0.4038156888371593	-0.3446234857343011	-0.35260730132142976	-0.2983512878409647	0	True
IKZF1	-0.25823953846432096	-0.3070109493058709	-0.2746792885923427	-0.35414707248325894	-0.2985192122114484	0	True
TBC1D32	-0.3451736529977761	-0.15138130191687724	-0.4129635583715023	-0.28463708368833196	-0.29853889924362187	0	True
MCF2L2	-0.10236945195821077	-0.3366300464559269	-0.30303982296197807	-0.4528758023805034	-0.2987287809391548	0	True
SRGAP2	-0.09890329451084069	-0.31537220247334996	-0.3163026735506981	-0.4643750577292958	-0.29873830706604615	0	True
CNNM2	-0.21384982433761313	-0.3761011340576262	-0.23862176121758144	-0.3679721871950654	-0.29913622670197154	0	True
USP9Y	-0.12300854159217178	-0.4040715695569758	-0.35140257463973307	-0.31877006152489196	-0.2993131868284432	0	True
CREBBP	-0.3200731942213412	-0.26026595198574487	-0.2357033988088307	-0.38160376504923943	-0.29941157751628905	0	True
MBNL1	-0.1854118523986911	-0.40054586306545487	-0.282910001611973	-0.32996529103079364	-0.29970825202672813	0	True
LPAR6	-0.3166432483573823	-0.31713363569878805	-0.31952250511765595	-0.24662885563887188	-0.29998206120317455	0	True
HIPK2	-0.4192280966301105	-0.3984710171707958	-0.1275821856372739	-0.25790142235940455	-0.3007956804493962	0	True
LDLRAD4	-0.12445811583828752	-0.23889840241390098	-0.34417950383198304	-0.495866035011242	-0.3008505142738534	0	True
FBXW4	-0.2515482521529945	-0.22792369662646708	-0.33196001306237716	-0.3922780669181361	-0.30092750718999367	0	True
SLC9A8	-0.13307859860040633	-0.4126366088841398	-0.22459652020414445	-0.43408442918824175	-0.3010990392192331	0	True
ANKRD44	-0.1507502050773839	-0.3138754710613654	-0.35488027750200196	-0.385672077931133	-0.3012945078929711	0	True
PLEKHA1	-0.025371184560734145	-0.43840346033861116	-0.29555719932007085	-0.445912194744828	-0.30131100974106106	0	True
MTMR3	-0.2078196538417713	-0.4262852632999344	-0.24687936187535167	-0.32544166120680396	-0.3016064850559653	0	True
SP100	-0.2879986006798667	-0.3558707751093549	-0.26732516036198384	-0.2952317801643148	-0.30160657907888005	0	True
ST3GAL3	-0.08579012343574169	-0.23631882382391392	-0.3489303969526348	-0.5363098950031063	-0.30183730980384915	0	True
STK3	-0.29617015854389706	-0.37316011365173607	-0.36273740698646395	-0.17692857066641646	-0.3022490624621284	0	True
ERBIN	-0.19156190932890624	-0.3688352034606499	-0.32279161070374457	-0.32721068202561543	-0.302599851379729	0	True
NEK1	-0.3534909089423609	-0.3189744190828482	-0.27409748673124446	-0.264651312025724	-0.3028035316955444	0	True
PAN3	-0.2765058144178237	-0.3558781499978368	-0.29610807879846385	-0.28368342956401255	-0.3030438681945342	0	True
SLFN12L	-0.15206031736965733	-0.41912094606136036	-0.41827380170896244	-0.22285796190089935	-0.3030782567602199	0	True
PHTF1	-0.15850396122938193	-0.11186624817084911	-0.3099384863338217	-0.6331925385078498	-0.3033753085604757	0	True
ACTR3-AS1	-0.5404437300754076	-0.19968676243195677	-0.13688406308522824	-0.33704133858592944	-0.3035139735446305	0	True
RNF24	-0.10907985170945872	-0.47644615499063503	-0.2696947290892442	-0.3604765979089549	-0.30392433342457326	0	True
HELB	-0.28721375755527434	-0.3840606508222198	-0.2196611248078385	-0.3249950489118435	-0.30398264552429405	0	True
ZEB2	-0.3771174048060068	-0.6303118662705764	0.15880249580959596	-0.3674945541914019	-0.3040303323645973	1	False
EPC1	-0.23102295981421175	-0.34198666691205093	-0.31883473451550187	-0.3276178021048019	-0.30486554083664164	0	True
TBC1D1	-0.17671092410832123	-0.325980255830407	-0.32135492696529233	-0.395901297076733	-0.3049868509951884	0	True
RPS6KA5	-0.28095275313602447	-0.400124897818075	-0.1737837330133494	-0.36655371520915153	-0.3053537747941501	0	True
GRAMD1B	-0.0863843741701317	-0.3116755762290738	-0.24567471587104184	-0.5794639260386729	-0.30579964807723004	0	True
DOCK11	-0.10151833057316868	-0.32630321976763876	-0.37251622973495224	-0.4234114019023552	-0.3059372954945287	0	True
AFG1L	-0.2766590005117837	-0.33667580183426654	-0.23708898835777742	-0.3740289902707611	-0.3061131952436472	0	True
SP4	-0.2628627799491271	-0.47226235991841037	-0.16574213087371611	-0.32403722058831763	-0.3062261228323928	0	True
EPB41L5	-0.3023272520945555	-0.2652295198941199	-0.3248803013955227	-0.33360033683533896	-0.30650935255488426	0	True
TTC39C	-0.2252199901801156	-0.42114188901098476	-0.2122238913951965	-0.3685261661530768	-0.3067779841848434	0	True
DSE	-0.3189327156483248	-0.35173564495678833	-0.37055586294432197	-0.18616579261743008	-0.3068475040417163	0	True
HGSNAT	-0.3530750370315446	-0.27047018790272626	-0.2111264413327121	-0.39294675110016575	-0.3069046043417871	0	True
UTY	-0.2504052841595562	-0.3333599162220485	-0.25330488657448436	-0.39244069355049416	-0.3073776951266458	0	True
TMEM116	-0.29244608929411126	-0.36216848578489064	-0.2982683646121785	-0.27836414279953664	-0.3078117706226793	0	True
GUSBP16	-0.39876356041967603	-0.39390254706948635	-0.03820792525611956	-0.4027467534759961	-0.3084051965553195	0	True
SECISBP2L	-0.1643580912112731	-0.4003732127151528	-0.36268173530997627	-0.30806488561561124	-0.30886948121300334	0	True
ANTXR2	-0.2817039755242225	-0.25346066044139487	-0.29574858121433606	-0.40508830891700887	-0.3090003815242406	0	True
IRF1-AS1	-0.22461975135841278	-0.3009958261881885	-0.2860523315127228	-0.4253036723963328	-0.30924289536391425	0	True
PCNX1	-0.28858184441189805	-0.344549908861443	-0.23905405132727758	-0.3663281515828528	-0.3096284890458678	0	True
PLPP1	-0.19624900256195185	-0.5651831906997519	-0.1172407236635995	-0.3634835380361261	-0.31053911374035736	0	True
CEP120	-0.17083080987278595	-0.3868188000876411	-0.2082053753481876	-0.4767233270387045	-0.31064457808682977	0	True
AKAP7	-0.17580989658800517	-0.48349843720519814	-0.4389469386034828	-0.14470478545791357	-0.3107400144636499	0	True
CCDC91	-0.28936564435330714	-0.29863427184706637	-0.2782564497784681	-0.37690972252838667	-0.31079152212680705	0	True
TBC1D19	-0.3904138578525205	-0.21924855120346792	-0.27130444736354575	-0.3626066585829331	-0.3108933787506168	0	True
LINC01881	-0.09645510129414497	-0.5143085867399753	-0.253180984218162	-0.3812477044150361	-0.31129809416682963	0	True
ARHGAP12	-0.207664934021502	-0.26528164092617057	-0.3756995092465404	-0.39708520393936	-0.31143282203339323	0	True
RAB5B	-0.3376587673445267	-0.17011434688619798	-0.4259505063588572	-0.3123621758182994	-0.3115214491019703	0	True
TMTC2	-0.23266847445192862	-0.4217148908897909	-0.2509295125015896	-0.34089886896535554	-0.31155293670216616	0	True
NMT2	-0.16937450674056465	-0.35188008173958996	-0.2421450269994488	-0.48337551450626737	-0.31169378249646773	0	True
STK38	-0.14147174809483368	-0.39411037155162354	-0.3691821935021548	-0.3453836722736815	-0.3125369963555734	0	True
PIK3R5	-0.12563357896719815	-0.5510396991507054	-0.26154018090309455	-0.3139941235946048	-0.31305189565390074	0	True
TRPS1	-0.0018831789432687148	-0.43679289202417415	-0.4173887559165711	-0.3970705621051528	-0.3132838472472917	0	True
C6orf163	-0.1441613823576592	-0.34864501237129025	-0.46560815400860645	-0.2959387352664586	-0.31358832100100364	0	True
SSBP3	-0.09557560575013023	-0.48885249226728755	-0.2777572507617873	-0.39364250933081885	-0.313956964527506	0	True
LINC00630	-0.3649675799688161	-0.19672059011039222	-0.36357801014897434	-0.3309794941901369	-0.3140614186045799	0	True
IFT74	-0.4881720573424351	-0.2821728430754898	-0.18607580973883187	-0.3037587549564984	-0.31504486627831374	0	True
PPARA	0.03494448198259273	-0.46467806707774806	-0.36553244137751656	-0.4663759198436155	-0.31541048657907184	1	False
GARS1-DT	-0.2135753130176044	-0.3557837814161079	-0.31627258418476145	-0.37844493957550346	-0.31601915454849433	0	True
NOTCH2NLB	-0.24779085835870193	-0.495579838876435	-0.3064374224123257	-0.21506493432813306	-0.3162182634938989	0	True
CHIC2	-0.17800121348791326	-0.3989646154781524	-0.2843149275187327	-0.40520183551823485	-0.3166206480007583	0	True
HIP1	-0.10567782464245708	-0.43977316707718245	-0.28221484221958876	-0.43990730377563103	-0.3168932844287148	0	True
DCAF6	-0.2404697905647385	-0.34406382184695394	-0.3470100347241964	-0.3371298105982873	-0.317168364433544	0	True
KMT2A	-0.22036377784204428	-0.33358089862004514	-0.33996470793530525	-0.37640265867408573	-0.31757801076787007	0	True
KIAA1109	-0.17985393319649498	-0.35224972163722396	-0.34906052279874833	-0.39120039488552494	-0.31809114312949804	0	True
CAPRIN2	-0.2298278602504097	-0.34128996163069153	-0.4069246267819946	-0.29604736875663384	-0.3185224543549324	0	True
ARHGEF9	-0.191617770168682	-0.34175713937052754	-0.41370140977148473	-0.32766980374060195	-0.31868653076282405	0	True
RCSD1	-0.20915055088830106	-0.3934441111334263	-0.3189430162708311	-0.35364999405390185	-0.3187969180866151	0	True
ZNF33A	-0.2360707660728835	-0.4194793413445462	-0.2875450936265563	-0.3330668622792193	-0.3190405158308013	0	True
PCMTD2	-0.09968672034896425	-0.2933784583277256	-0.5124246929687918	-0.3723627542268835	-0.31946315646809126	0	True
EPC2	-0.3059207854551891	-0.3660476668369859	-0.26768272985719643	-0.3386451691989769	-0.3195740878370871	0	True
DGLUCY	-0.3015800192576405	-0.4621925804529596	-0.22882076395855058	-0.28927377482795125	-0.32046678462427547	0	True
PCSK5	-0.00582089394557082	-0.42039214844297446	-0.3596747233009023	-0.49725287419795616	-0.320785159971851	0	True
TTC7A	-0.2981373314922456	-0.3876515352052895	-0.19447117732829783	-0.4046871369391373	-0.3212367952412426	0	True
DOP1A	-0.20465560937159888	-0.3058199764183603	-0.4286742948556592	-0.34623309363808	-0.3213457435709246	0	True
MLLT3	-0.13239094446103541	-0.30250066754983057	-0.404519413985691	-0.4469051373203909	-0.321579040829237	0	True
ZNF438	-0.04712212276924581	-0.5495824271397068	-0.2607285152326465	-0.42971814142530335	-0.3217878016417256	0	True
NBPF11	-0.32536714713026854	-0.2995010703979516	-0.32055695922961275	-0.34172688216225194	-0.32178801473002117	0	True
ATP7A	0.037459095057896886	-0.3626102452804266	-0.4021255774010724	-0.5602105075542592	-0.3218718087944653	1	False
ZFYVE1	-0.382201152684737	-0.40254766174777235	-0.10858829063174519	-0.39548787788254486	-0.3222062457366998	0	True
CAMK1D	-0.2158693278989216	-0.3776546404203195	-0.3425323288927742	-0.353237005769504	-0.3223233257453798	0	True
VPS50	-0.34838592201032	-0.2741969183307165	-0.3685195744091301	-0.2994643282646879	-0.3226416857537136	0	True
NT5DC1	-0.07444293691055866	-0.41356246638228905	-0.3500412407920734	-0.4606036438229014	-0.3246625719769556	0	True
SPAG16	-0.25594555481912157	-0.34090952932093144	-0.4122039817861768	-0.2898845807888543	-0.3247359116787711	0	True
ITGAL	-0.4347745257547135	-0.3679964734733418	-0.13217815761757007	-0.36464013471808654	-0.324897322890928	0	True
RB1CC1	-0.30277988254202554	-0.334584211638455	-0.2771833630719901	-0.386277646919943	-0.3252062760431034	0	True
RICTOR	-0.2176094045019897	-0.36609317493137145	-0.3533895231705642	-0.36449301009332563	-0.32539627817431277	0	True
SOS2	-0.12103293608740219	-0.3306192974567833	-0.38169891857212557	-0.46866880226411695	-0.325504988595107	0	True
BMP2K	-0.20272296435818782	-0.29896072287296854	-0.39555501673945226	-0.4075275984586989	-0.32619157560732687	0	True
GIMAP7	-0.35480153261588065	-0.42699091942141476	-0.1892126817505982	-0.3353490938761239	-0.32658855691600436	0	True
AMY2B	-0.17260680497032185	-0.20687658770514167	-0.6271008274235215	-0.3009937880411897	-0.32689450203504367	0	True
UBE2H	-0.02872233358751533	-0.34814077761989926	-0.5127074340440149	-0.4204168643721262	-0.3274968524058889	0	True
DENND4A	-0.1862503789423263	-0.37565451017134843	-0.30640734997552715	-0.4444041180171145	-0.32817908927657913	0	True
N4BP2L2	-0.2712690799398399	-0.36252071725706936	-0.2813590624252307	-0.4006050439360917	-0.32893847588955794	0	True
LRRC28	-0.1338075006198686	-0.3236561574801138	-0.5108054065449429	-0.3508780450294336	-0.3297867774185897	0	True
CDK17	-0.243892781873322	-0.3836108515456558	-0.2653578067901091	-0.4283192744596246	-0.33029517866717784	0	True
MFSD11	-0.29988723292150105	-0.31446846287088986	-0.4012431597677152	-0.307603401068096	-0.3308005641570505	0	True
ERO1B	0.004707611130805319	-0.2551318592633828	-0.4856159895499714	-0.5891493820937308	-0.3312974049440699	1	False
GALC	-0.21715985786264003	-0.4177387071485181	-0.21545219650988712	-0.47533259103407266	-0.33142083813877943	0	True
CARMIL1	-0.1487180610303459	-0.4283052933243054	-0.3055213229726004	-0.4480177242046987	-0.3326406003829876	0	True
RESF1	-0.24229303727241647	-0.5043322435709671	-0.23999277924885212	-0.34493008256592406	-0.3328870356645399	0	True
SLC44A2	-0.2187431129490578	-0.3495087670734009	-0.37289812723832266	-0.3942320445855335	-0.3338455129615787	0	True
CYTH1	-0.24304846487828383	-0.39886999262287215	-0.2723520478465615	-0.4257557771072533	-0.33500657061374267	0	True
TARS3	-0.35714033248923105	-0.3609641043971028	-0.3239261219442216	-0.29999316680729976	-0.3355059314094638	0	True
N4BP1	-0.2882412047504861	-0.4312246230371988	-0.2864822843146463	-0.3386705688582413	-0.3361546702401431	0	True
MIAT	-0.07111958332666903	-0.40658170013761225	-0.43218334242275447	-0.4355968907882608	-0.3363703791688241	0	True
NOL4L	0.06644076810443064	-0.4608928253721306	-0.3421971898920718	-0.6097545647570785	-0.33660095297921255	1	False
PNRC1	-0.2128511564514811	-0.17829207918392306	-0.33527518779287035	-0.6210010130662058	-0.33685485912362007	0	True
PIM1	-0.5806368758569624	-0.34678212862894964	-0.10454295999320994	-0.31609904682856554	-0.3370152528269219	0	True
TSGA10	-0.3985701189009295	-0.24526953616281894	-0.40035651462646626	-0.30653594929762334	-0.3376830297469595	0	True
MINDY2	0.11475453002608452	-0.3922097727891378	-0.5819890923749088	-0.49390345302961025	-0.3383369470418931	1	False
THEMIS	-0.02537749439062944	-0.4872881218156924	-0.36823019675672763	-0.48040780686155743	-0.3403259049561517	0	True
ODF2L	-0.2932854565372552	-0.32013509867790474	-0.2789836029454028	-0.4729624838596402	-0.3413416605050507	0	True
CPLANE1	-0.3832416214242041	-0.3953490552373868	-0.27695064027210503	-0.3099294023608926	-0.34136767982364713	0	True
ARMCX4	-0.09449648363957892	-0.6450586796185931	-0.1554642129293278	-0.47159433113022436	-0.34165342682943106	0	True
IKZF3	-0.38332431446077503	-0.403919054435009	-0.2320372416892974	-0.34786721141943255	-0.3417869555011285	0	True
SLC9A7	-0.32364583854325385	-0.24068898211194492	-0.3444308857988841	-0.46143468029807055	-0.3425500966880384	0	True
PLEKHM3	-0.2947950887948977	-0.30673935364328025	-0.18548488682658776	-0.5838484654546618	-0.34271694867985686	0	True
ELF2	-0.24569486927073628	-0.41337950160822545	-0.2577958314595355	-0.4583527544303246	-0.3438057391922054	0	True
SDK1	-0.4250762555589861	0.014900340904683453	-0.3721805664974031	-0.5943023032655387	-0.3441646961043111	1	False
IRF2	-0.23864655746094682	-0.3680460473692513	-0.34104453326784057	-0.43050507871664895	-0.34456055420367193	0	True
MORC3	-0.3128353649401269	-0.4396877163490184	-0.28677518806321933	-0.3401101627442964	-0.3448521080241652	0	True
MCUB	-0.24187945440371608	-0.36996532300813817	-0.2787299336513344	-0.49312187352447034	-0.3459241461469148	0	True
AFF3	-0.4381559383383719	-0.25282733741884383	-0.3299018322936187	-0.363754458236987	-0.3461598915719553	0	True
SKAP2	-0.3649854668950598	-0.4095585509641976	-0.18902878407449875	-0.4213075127802903	-0.34622007867851157	0	True
NLRC3	-0.2109729903806208	-0.4416395170690159	-0.3230362880382908	-0.4137244027799747	-0.34734329956697557	0	True
CCR7	-0.4627802383700926	-0.3155702913555681	-0.2869448080121469	-0.3241616074157779	-0.34736423628839636	0	True
ZDHHC2	-0.3615097566642518	-0.3625678678507278	-0.2589599242097166	-0.4069667623442046	-0.34750107776722516	0	True
FMNL3	-0.4134518366372863	-0.27820147793786243	-0.3049257776321406	-0.3947277483969233	-0.34782671015105315	0	True
SAMD12	-0.11111059719925565	-0.47978879603128227	-0.5266881592694027	-0.2744267827231344	-0.3480035838057688	0	True
ZNF33B	-0.4009860555909845	-0.3436707443897888	-0.24588417928614908	-0.4021070400895228	-0.3481620048391113	0	True
TANK	-0.22538259056391932	-0.5027838050605984	-0.23254140784318467	-0.4363445075368957	-0.3492630777511495	0	True
TIPARP	-0.5793537043808596	-0.3715579654482301	-0.08694537799800027	-0.3681676762642374	-0.3515061810228319	0	True
FBXO25	-0.32802191222272914	-0.42667830741808066	-0.35028678633142485	-0.30137824280043896	-0.3515913121931684	0	True
MICU3	-0.3143341888455456	-0.5446105828765846	-0.269062356506626	-0.28351400725676895	-0.3528802838713813	0	True
USP6NL	-0.3057716564596221	-0.3745072946484374	-0.49623789779166855	-0.23533952693097634	-0.35296409395767614	0	True
NCOA2	-0.2576059257409134	-0.3709910672391216	-0.3547632121424872	-0.430431145234764	-0.3534478375893215	0	True
CASP10	-0.25929681652765235	-0.30968310108392455	-0.3980934277418038	-0.44751621160188315	-0.35364738923881595	0	True
NLRC5	-0.3215719402824006	-0.33795511007247586	-0.32503780892053613	-0.4340424757317232	-0.35465183375178394	0	True
STX5	-0.11501616816427207	-0.3607199829272427	-0.3463027040177143	-0.5972414983973082	-0.3548200883766343	0	True
DZIP3	-0.2533250568410943	-0.3747764273074448	-0.33747291327231693	-0.4546823048987952	-0.35506417557991277	0	True
APLF	-0.050505003871587476	-0.4566040599369817	-0.3633034593353667	-0.556971977450585	-0.35684612514863023	0	True
ITM2B	-0.30093870283085833	-0.4223374184378941	-0.3158013577337495	-0.3884747852682235	-0.35688806606768136	0	True
ARNTL2	-0.37456225388395853	-0.3645603518687121	-0.21367141958190297	-0.4752064653534653	-0.3570001226720097	0	True
TRPC1	-0.1361162844392301	-0.269520237710295	-0.3332211864388036	-0.6951103765434493	-0.3584920212829445	0	True
CHD6	-0.22332023042598406	-0.3632490176171199	-0.3382752098933451	-0.5116855639966243	-0.35913250548326836	0	True
WHAMM	-0.34260187669288983	-0.3232050544904089	-0.3113533245388374	-0.46246904006590017	-0.3599073239470091	0	True
EFCAB13	-0.14094070422705893	-0.5349626641281646	-0.2850198206395094	-0.48381568432541894	-0.36118471833003796	0	True
SLC25A24	-0.2394597165510414	-0.26900537889353143	-0.6054041396785499	-0.3310872933161489	-0.3612391321098179	0	True
ARHGAP15	-0.1442342313889778	-0.49030275978901705	-0.3730834280700761	-0.4389570639982468	-0.36164437081157946	0	True
UST	-0.11007795497648645	-0.4276462781322037	-0.3473562143516895	-0.5616543084584883	-0.361683688979717	0	True
RNF144A	-0.4503998627154177	-0.26784171905953164	-0.27498032351850216	-0.4611605194249836	-0.36359560617960873	0	True
PHKB	-0.3298506831411651	-0.3134461249773718	-0.32980348756328604	-0.48519143434302375	-0.36457293250621164	0	True
ZNF224	-0.20059508997247294	-0.5341764517045133	-0.4010127245364619	-0.32452161063683893	-0.36507646921257175	0	True
BMPR2	-0.19310965930629803	-0.34275196109056666	-0.3828863961408681	-0.5424928739841368	-0.3653102226304674	0	True
OTULINL	-0.03750704752306596	-0.3750521236377198	-0.33152404822010695	-0.7238926321960287	-0.36699396289423036	0	True
TRERF1	-0.222978502834978	-0.5703266070367363	-0.13182835924409553	-0.5429173482000279	-0.36701270432895944	0	True
ABHD3	-0.3282819045591429	-0.37564929407561065	-0.35308781230571434	-0.4127048159176534	-0.36743095671453035	0	True
SLC25A53	-0.3993774758811485	-0.3905201065749599	-0.4142332037577341	-0.2696331291560747	-0.36844097884247934	0	True
BICRAL	-0.3288603653971601	-0.3314185164892266	-0.3133037233414306	-0.5055532573315838	-0.3697839656398503	0	True
DLG2	-0.5346120225999468	-0.3720475729320987	-0.254522750773453	-0.3180140570316361	-0.3697991008342837	0	True
CD96	-0.4069277892835933	-0.390407546089443	-0.27517516950414767	-0.4076228395937928	-0.3700333361177442	0	True
BTN3A3	-0.1337157640458528	-0.3837004939225708	-0.4556083683563672	-0.5090716050477839	-0.3705240578431437	0	True
CPEB3	-0.13697108576348618	-0.33700177934432424	-0.4479018568248074	-0.5606767164779878	-0.3706378596026514	0	True
CPEB4	-0.31483487280836153	-0.544371796364444	-0.25799532462576064	-0.36738447262980023	-0.3711466166070916	0	True
SATB1-AS1	-0.2396938036521729	-0.352048829760681	-0.4302507261785157	-0.47069899667032844	-0.37317308906542457	0	True
CCSER2	-0.305984012069992	-0.41972322584307986	-0.30716663121121535	-0.46878925060716764	-0.3754157799328637	0	True
ERCC6	-0.4797123877764224	-0.4779120552834779	-0.2846296210332051	-0.2619922751295716	-0.37606158480566926	0	True
LOC729732	-0.2942738615706827	-0.6128584962474276	-0.2830405387529372	-0.3149993674542788	-0.3762930660063316	0	True
C20orf194	-0.23580584171902946	-0.402150218158828	-0.4050536486522519	-0.4622801595223335	-0.3763224670131107	0	True
MBNL2	-0.08051335153272571	-0.46494670633314117	-0.3913625089410638	-0.5737652158569205	-0.3776469456659628	0	True
MIR3142HG	-0.37204746612113515	-0.5647612281490297	-0.4244271657815195	-0.14968203274237327	-0.3777294731985144	0	True
SLCO3A1	-0.3116822474123309	-0.4375108631792031	-0.1904359177331198	-0.5723025834327065	-0.37798290293934006	0	True
LOC101929709	-0.40924485548641387	-0.448954073302571	-0.051418292502571676	-0.6034721949320627	-0.3782723540559048	0	True
TOM1L2	-0.3134884407629201	-0.39717802932340657	-0.4107679431611176	-0.39482595783454655	-0.3790650927704977	0	True
CYLD	-0.3515727787642178	-0.4032453322830895	-0.3493177376729485	-0.4125567700517846	-0.37917315469301005	0	True
ABCA10	-0.4753517920455418	-0.25407409816258597	-0.36343784101035187	-0.42467105726055787	-0.3793836971197594	0	True
BIN2	-0.3704612723156502	-0.3782578258686287	-0.4165406798333999	-0.3525158555709044	-0.3794439083971458	0	True
KLHL22	-0.11005499122388133	-0.6421920579324526	-0.2601139256952084	-0.5058009186370013	-0.3795404733721359	0	True
EFCAB2	-0.24167413872807753	-0.6916168358139916	-0.32134519399174233	-0.2646554495996172	-0.37982290453335715	0	True
HEG1	-0.3092637201197025	-0.41089875580724844	-0.2391745588433842	-0.5665655182280279	-0.38147563824959074	0	True
TTBK2	-0.21644828180801606	-0.3821960836221153	-0.46285262839992947	-0.4648726882321349	-0.381592420515549	0	True
PARP8	-0.21292370195827456	-0.5109756243959843	-0.3272240638363807	-0.4788982769502292	-0.3825054167852172	0	True
ANKRD26	-0.1109093986885199	-0.40851076591774715	-0.5019032423100924	-0.5109973625612322	-0.38308019236939794	0	True
RNF168	-0.29013128991100556	-0.4087611417416289	-0.36845474275236273	-0.4664227778235751	-0.3834424880571431	0	True
GNG2	-0.08087222553613456	-0.4560770102682577	-0.4229717379769686	-0.5927330722902934	-0.3881635115179135	0	True
SOS1	-0.3433402092919782	-0.4863534268213091	-0.3606313678387535	-0.3623664754207028	-0.38817286984318594	0	True
FHIT	-0.2574414534586165	-0.41836002452023857	-0.41174067894323424	-0.46783114835233386	-0.3888433263186058	0	True
SLC49A4	-0.3950438882378906	-0.3820290463127489	-0.3375302740787248	-0.44412303710456497	-0.3896815614334823	0	True
TCF7	-0.13388933787755603	-0.5931316395613158	-0.4079780859745432	-0.4237937906885323	-0.38969821352548684	0	True
PPP2R5C	-0.2733142821823015	-0.39782565293164657	-0.4023944849865621	-0.4890044589004792	-0.39063471975024733	0	True
KIZ	-0.4058693603813384	-0.41467040202170313	-0.29949550670965946	-0.4442390548268912	-0.39106858098489805	0	True
ZC3H12D	-0.11410250658070667	-0.5551507841162443	-0.3762828086138377	-0.5194309360620403	-0.3912417588432072	0	True
ARAP2	-0.30675541959621416	-0.43871096415903155	-0.34127586843578595	-0.47852899535099613	-0.39131781188550696	0	True
RFX3	-0.5562624545123267	-0.32722264462751977	-0.35953259955158484	-0.3230273069908446	-0.391511251420569	0	True
PDCD4	-0.44723174204984795	-0.40530031434914904	-0.25978437614459426	-0.45497423809514437	-0.3918226676596839	0	True
LINC01089	-0.473359777138015	-0.36897618526428266	-0.3003387466180115	-0.42597963154600843	-0.3921635851415794	0	True
SH3BGRL	-0.25049673974673914	-0.39288834894329844	-0.39419991636412766	-0.5398704064029828	-0.394363852864287	0	True
MGAT4A	-0.1698707311397251	-0.47261997964996577	-0.3961072178766348	-0.5459051707353477	-0.39612577485041833	0	True
PARP12	-0.4447548835077556	-0.5100048044484672	-0.21708172367757242	-0.4129647769148821	-0.3962015471371693	0	True
ABAT	-0.3010195284496439	-0.35198393685033724	-0.5490788981123229	-0.38344313528995166	-0.39638137467556395	0	True
KAT6B	-0.3655078141188206	-0.4444832367419504	-0.3898031517643928	-0.38997281334533646	-0.39744175399262505	0	True
CLEC2B	-0.32210210198906986	-0.44615052509134245	-0.3967050496303292	-0.4266401711836118	-0.39789946197358833	0	True
TXNDC16	-0.504810263029641	-0.43288022439915586	-0.3355378311970803	-0.3200946070772071	-0.3983307314257711	0	True
TMEM156	-0.20422139006079973	-0.3790713113822375	-0.5086112635176856	-0.501769315587619	-0.39841832013708545	0	True
PLCL2	-0.40983778065231075	-0.555263965313721	-0.2319497237160385	-0.40472244289597714	-0.40044347814451187	0	True
MBD5	-0.2597562547388438	-0.4392605308307183	-0.47100449448386733	-0.4326481061915988	-0.4006673465612571	0	True
ADD3	-0.10038192015871125	-0.5167898169570218	-0.4453483243953069	-0.5410850917914272	-0.4009012883256168	0	True
ZNF585B	-0.5181773059789162	-0.35500131895548137	-0.4466056628878116	-0.28655175772097974	-0.40158401138579725	0	True
NBEA	-0.565114068391679	-0.25990769790479434	-0.35167079473332874	-0.4297149299857536	-0.401601872753889	0	True
RIN3	-0.4302332315441848	-0.4260594051262365	-0.1987310836463407	-0.5516854083827943	-0.40167728217488907	0	True
GBP5	-0.48982282388962983	-0.4126426988224331	-0.2328568364852483	-0.47328568147872085	-0.40215201016900803	0	True
LINC01145	-0.2975569444019805	-0.413971426605388	-0.5937766035083452	-0.3057972149431949	-0.40277554736472715	0	True
KIFAP3	-0.2850720336864753	-0.5063398817801414	-0.311872802291629	-0.5084945666823324	-0.40294482111014457	0	True
RAP2C-AS1	-0.19050880964577382	-0.449668038976333	-0.39847295526154886	-0.5755578466979141	-0.4035519126453925	0	True
DENND4C	-0.4508733366282168	-0.6684153682635089	-0.19627962617360162	-0.2989228337742983	-0.4036227912099064	0	True
FBXL17	-0.49048060701568114	-0.4343262976888336	-0.27696896083309286	-0.41902994225102863	-0.405201451947159	0	True
KAT2B	-0.11107338924812735	-0.5441543838489904	-0.366469071326867	-0.6004286027548942	-0.40553136179471977	0	True
TSC22D1	-0.1792664799315378	-0.5980647496816869	-0.5161367720678891	-0.33382037594929104	-0.4068220944076012	0	True
ZNF569	-0.4245223658153752	-0.42324097437855357	-0.5166777849624031	-0.265430026310969	-0.40746778786682525	0	True
LOC100506990	-0.14334989158412187	-0.4756918685615593	-0.2886497906964545	-0.7254500578330677	-0.4082854021688008	0	True
IFT88	-0.4473258209038075	-0.3179946148782848	-0.3661882854291539	-0.5028964788444018	-0.40860130001391204	0	True
SUN2	-0.23734488580867927	-0.43545066197085014	-0.5104412197327699	-0.4519394415453695	-0.40879405226441723	0	True
AGO4	-0.2603196860273006	-0.44595232887161673	-0.3619693554068634	-0.567563634138286	-0.4089512511110167	0	True
SWT1	-0.3493184583576118	-0.32025253645987495	-0.43299693151797636	-0.5343566257958429	-0.4092311380328265	0	True
KIAA0586	-0.13716490540988713	-0.4181201102464331	-0.4795780484555567	-0.6124680194244257	-0.41183277088407566	0	True
EIF4E3	-0.14831365479601352	-0.37718849203624566	-0.44808936588378295	-0.6823919984086863	-0.4139958777811821	0	True
NEDD4L	-0.4645701964265214	-0.39001835446631233	-0.02328244357043934	-0.7801563980654275	-0.4145068481321751	0	True
CD38	-0.7338903801930468	-0.18771534138284846	-0.3782816807319517	-0.3628226653966842	-0.4156775169261328	0	True
CPQ	-0.2166286479344521	-0.482662502992509	-0.34215843078435126	-0.626203309500774	-0.4169132228030216	0	True
STAMBPL1	-0.23702569476345328	-0.47627314655191466	-0.3098010101182781	-0.6461206321449936	-0.4173051208946599	0	True
PLAC8	-0.43639233611394096	-0.5654919091030587	-0.2679440345009872	-0.4002712938112394	-0.41752489338230653	0	True
NIBAN1	-0.4190153510991082	-0.44287755132192197	-0.10766987706424305	-0.7051652472729444	-0.4186820066895544	0	True
LOC648987	-0.21831030198146462	-0.3935779423435909	-0.3619039277637469	-0.7034695997616668	-0.4193154429626173	0	True
MAP3K5	-0.4199672995540319	-0.5744518988864453	-0.26175662543099726	-0.42986195690113155	-0.4215094451931515	0	True
ZBTB10	-0.518505661047842	-0.3684546228601629	-0.19402499553518857	-0.6052676110415022	-0.42156322262117385	0	True
AHNAK	-0.21226476850309495	-0.4319639147864782	-0.38591249172046144	-0.6561537455103097	-0.4215737301300861	0	True
NELL2	-0.21565967186484986	-0.6084704051850398	-0.559643693695695	-0.30715219135615174	-0.4227314905254341	0	True
MAP3K1	-0.2898657150742586	-0.5226947034864005	-0.41219881668419917	-0.46799004279770684	-0.42318731951064126	0	True
LNPEP	-0.32532980065358025	-0.4001408442640944	-0.44733267768625246	-0.5228673116134467	-0.4239176585543435	0	True
PHF21A	-0.19547812120812147	-0.46795653688989775	-0.471408446584141	-0.565630273694143	-0.4251183445940758	0	True
CCDC7	-0.24123833605698614	-0.5051357479885542	-0.40176395618243477	-0.561654439598994	-0.42744811995674226	0	True
BAZ2B	-0.3003822011047545	-0.3735150849913969	-0.5877981257981084	-0.45027777528435187	-0.4279932967946529	0	True
ZER1	-0.3934063475359218	-0.3458659647280085	-0.39930232886068967	-0.5824588785144874	-0.4302583799097769	0	True
DDX58	-0.3533249086094721	-0.4697358387219438	-0.3194280583235933	-0.5802275873916162	-0.4306790982616563	0	True
SENP7	-0.16826270847850897	-0.4726521344104559	-0.474384118525163	-0.614706204497497	-0.43250129147790617	0	True
SESN1	-0.3098098852957984	-0.48476476374068384	-0.35883479462833934	-0.5834655205577928	-0.4342187410556536	0	True
SNED1	-0.2277064757728269	-0.6116222117005312	-0.427143131243127	-0.4706172445712786	-0.43427226582194095	0	True
GPRIN3	-0.15395108027001866	-0.5792907434981304	-0.4582087164737445	-0.5495709986865701	-0.4352553847321159	0	True
TNIK	-0.2822266286090763	-0.37682353581576894	-0.5592791207914886	-0.5235293322709114	-0.4354646543718113	0	True
AUH	-0.3088280341530547	-0.39849081698955213	-0.40691437237796674	-0.6281121382873042	-0.4355863404519694	0	True
STAU2	-0.3430547381495471	-0.45718163751930446	-0.4537299475757182	-0.49156076024256795	-0.4363817708717844	0	True
LY9	-0.21471141573010052	-0.6748790781816053	-0.4230327865868191	-0.43305757474652845	-0.43642021381126334	0	True
KLF3	-0.3757828514160445	-0.6493957617926103	-0.2958823093123033	-0.4307477700613743	-0.4379521731455831	0	True
MPP7	-0.20519925791072297	-0.510532633955872	-0.4445261120497182	-0.5989560121541004	-0.4398035040176034	0	True
TLE4	-0.29320109335944294	-0.4372529005762018	-0.4328739711774295	-0.6026850148595623	-0.44150324499315907	0	True
TTN	-0.3617420490402447	-0.5212461171275662	-0.26175289399475143	-0.6237147968211599	-0.4421139642459305	0	True
NMRK1	-0.22655608414662123	-0.2951717057348418	-0.6952545843535118	-0.5620092619794226	-0.44474790905359934	0	True
ZBTB38	-0.29135528082348366	-0.41931137231568766	-0.4006567357262375	-0.6731921180404351	-0.44612887672646095	0	True
IQCH-AS1	-0.46905390639274436	-0.1967700814104605	-0.578124439556082	-0.5455355977777562	-0.44737100628426074	0	True
UBASH3A	-0.08953414081731242	-0.7161697043800247	-0.4840799937691849	-0.5027080488292792	-0.4481229719489503	0	True
DERA	-0.25696664914032397	-0.31879653757562876	-0.634761327450889	-0.5862379520685672	-0.44919061655885223	0	True
NLGN4Y	-0.3067883521947272	-0.46329802607883663	-0.2542393066094638	-0.7729653686449265	-0.44932276338198857	0	True
ACYP2	-0.357803839731758	-0.7216383690176085	-0.24362932412429325	-0.47858389693041087	-0.45041385745101764	0	True
WIPF1	-0.3295976068010499	-0.5081612685388349	-0.43727509508827944	-0.5270969687028798	-0.450532734782761	0	True
LINC01619	-0.43141674853231954	-0.5027395380504782	-0.33602448334770524	-0.5358076257792298	-0.45149709892743317	0	True
WDTC1	-0.2868900695995072	-0.46888524257072794	-0.5046911806751161	-0.5457259975241954	-0.45154812259238664	0	True
OPTN	-0.31764510164051807	-0.5164358043899103	-0.4121168047215959	-0.5640560580194384	-0.4525634421928657	0	True
PARP11	-0.36732472235415453	-0.4276428064225279	-0.39340864219304783	-0.6274282116469656	-0.45395109565417396	0	True
IL21-AS1	-0.42647172284117485	-0.5187485894514684	-0.43484583744981675	-0.44545926767740107	-0.4563813543549653	0	True
ATXN1	-0.377921879338012	-0.49987372271260044	-0.3992838808833131	-0.5538269427412457	-0.4577266064187928	0	True
NR3C2	-0.1604304069715189	-0.6341204725946171	-0.4157823121052401	-0.6240637952329228	-0.45859924672607466	0	True
N4BP2L1	-0.47279354650301625	-0.45571130405515325	-0.3889503892282389	-0.5176054599716582	-0.45876517493951663	0	True
HBP1	-0.37498580329580977	-0.4875316213789373	-0.48194400639160573	-0.49403371830965703	-0.45962378734400244	0	True
TMEM140	-0.3983719501368395	-0.5259482865769144	-0.33936880819639703	-0.5825937625004012	-0.46157070185263804	0	True
ZNF652	-0.17547507627776351	-0.5862765220261228	-0.4766509633253509	-0.6094375499670769	-0.46196002789907853	0	True
ZNRF2	-0.2487357180725184	-0.5855652636305652	-0.4277940319838504	-0.6094832876383043	-0.46789457533130957	0	True
BBS9	-0.38176157010750017	-0.4732316809187406	-0.4290705608840299	-0.5879799146914788	-0.4680109316504374	0	True
MARCHF3	-0.5051945272928019	-0.4927669727048217	-0.5172737962598715	-0.3584635028186837	-0.4684246997690447	0	True
FAS	-0.32272629869504355	-0.5273574894103629	-0.3417715132867091	-0.6924438766531614	-0.4710747945113193	0	True
SNRK	-0.24958026106225442	-0.45613685298888945	-0.5109573322228144	-0.6699096689256071	-0.47164602879989137	0	True
ALPK1	-0.34386724995381557	-0.5441701178506366	-0.38386818832285863	-0.6149509903881687	-0.47171413662886985	0	True
TTC28-AS1	-0.26273382195174744	-0.6700293145449001	-0.3973560364713641	-0.5579348539402645	-0.4720135067270691	0	True
ATP2B4	-0.19160775657265225	-0.5451190283066463	-0.45275233758809474	-0.7022888672533136	-0.47294199743017673	0	True
P2RY10	-0.32388414973102253	-0.5548931908292284	-0.3064946656300537	-0.7084111366567128	-0.4734207857117544	0	True
GRAP2	-0.47059223843321246	-0.4532617828329499	-0.367512023104454	-0.6081936110736716	-0.474889913861072	0	True
PDE3B	-0.3800875476373858	-0.4985412552953905	-0.45928851559367784	-0.5666451416609838	-0.47614061504685945	0	True
C11orf80	-0.2473768987941605	-0.5499797856196231	-0.439029081654428	-0.6682008297696533	-0.47614664895946623	0	True
TFDP2	-0.4533514301582512	-0.4340779173161477	-0.47244418325154597	-0.5454976475367816	-0.4763427945656816	0	True
PARP14	-0.5778544506177316	-0.5056587317244466	-0.3263733512330958	-0.4981000722378879	-0.47699665145329045	0	True
PIK3CA	-0.33551858841695953	-0.5687657671569675	-0.4225743098557505	-0.5811465739231764	-0.47700130983821354	0	True
GMDS-DT	-0.1510559147881178	-0.557667045906112	-0.5931881459750037	-0.6068029598960197	-0.4771785166413133	0	True
RAB30	-0.19271649122919118	-0.47734591725270786	-0.4466224278531778	-0.7977939569023537	-0.4786196983093576	0	True
TRAT1	-0.4390857316093144	-0.5280789181897302	-0.38057530324169464	-0.5719176092969942	-0.47991439058443336	0	True
AKT3	-0.4129332551796619	-0.49761138151074125	-0.39179394655666494	-0.6250838838114582	-0.4818556167646315	0	True
SMAD3	-0.4043209260028335	-0.5090249456717464	-0.49771720756131455	-0.5193248711362581	-0.48259698759303815	0	True
TNRC6B	-0.2962170690253155	-0.48171755426142127	-0.5109788558308097	-0.6465790232136843	-0.4838731255828077	0	True
BBS2	-0.010084618930975396	-0.6011988083388782	-0.5023311613130252	-0.8231256925643731	-0.48418507028681296	0	True
C11orf65	-0.4032970035247666	-0.4781186381995738	-0.4060278604822477	-0.6506616993174976	-0.4845263003810214	0	True
GAB2	-0.4921506009834035	-0.5597519306075951	-0.28062365780163284	-0.6265603921189221	-0.4897716453778884	0	True
OMA1	-0.40009674516078275	-0.438197140587116	-0.5986421353916663	-0.5266163345916589	-0.490888088932806	0	True
CPPED1	-0.4800371404292157	-0.46714673119199673	-0.489962357725859	-0.5279691791378729	-0.49127885212123606	0	True
SSBP2	-0.40387728259275274	-0.5499981019457685	-0.5113504337223501	-0.510251008709339	-0.4938692067425526	0	True
CDC14A	-0.2827543632896765	-0.6198534912384096	-0.4699094565646459	-0.6162459963338149	-0.49719082685663674	0	True
ZHX2	-0.39718200949135885	-0.5038967072113116	-0.4487532779142501	-0.6410196449395236	-0.49771290988911104	0	True
PIK3IP1	-0.46379223796296987	-0.5043536007790882	-0.4725908261997245	-0.5528490062777207	-0.4983964178048758	0	True
PCMTD1	-0.4352565687201777	-0.5034738013939185	-0.5101438084122234	-0.5530788742339194	-0.5004882631900598	0	True
ARL4C	-0.5003783758936884	-0.47340179657790343	-0.2179172298812938	-0.8128527828533673	-0.5011375463015633	0	True
ITGA4	-0.49609282458486786	-0.5614265603994387	-0.4769581178252019	-0.47474273529308786	-0.5023050595256491	0	True
GIMAP4	-0.264486248806028	-0.732082305429914	-0.549879960909289	-0.47042180518737337	-0.5042175800831511	0	True
CCDC92	-0.5444931872945118	-0.6116430952613228	-0.4296526094004755	-0.4341279199985361	-0.5049792029887116	0	True
PPP3CA	-0.4629483348693028	-0.5787115445725998	-0.2776848233148059	-0.7033618735013772	-0.5056766440645214	0	True
TXNIP	-0.5390988719659938	-0.5862495101381101	-0.2566542409086619	-0.6533345797882836	-0.5088343007002624	0	True
LRRC37B	-0.4317204512891283	-0.5440963115040777	-0.4312736754156807	-0.6346969166350493	-0.510446838710984	0	True
TMEM63A	-0.09101676645688819	-0.671483894871955	-0.7488572304793771	-0.5349737448304309	-0.5115829091596629	0	True
KLHL5	-0.3039759965887493	-0.5831563311929349	-0.6395697160594305	-0.5365485814973093	-0.5158126563346059	0	True
SORL1	-0.39291805763991794	-0.5530530529776628	-0.5949547642350331	-0.5387739638668237	-0.5199249596798594	0	True
RNF125	-0.4099017238860706	-0.5269885562286724	-0.4851640839017702	-0.6577234159866397	-0.5199444450007882	0	True
SYNE1	-0.392136588997177	-0.7413857237264293	-0.36802092523631486	-0.5981994117796654	-0.5249356624348966	0	True
KLF7	-0.5179095365745977	-0.4511634599395835	-0.4081577749399108	-0.725693300429987	-0.5257310179710197	0	True
LINC00869	-0.43921015832465393	-0.5386975874747822	-0.5418509773668896	-0.5857001869468803	-0.5263647275283015	0	True
PYHIN1	-0.42999757978311265	-0.6456417336654154	-0.5719783881836064	-0.46638734443181035	-0.5285012615159862	0	True
PARP4	-0.4595895618493998	-0.6872232478927288	-0.44375307974055006	-0.5242802320415725	-0.5287115303810628	0	True
TIGIT	-0.31047158018817295	-0.7009438087679879	-0.59361274091104	-0.5124593293747112	-0.529371864810478	0	True
AOAH	-0.9875618442420973	-0.7356631249141335	-0.38024288972516834	-0.02361100349474524	-0.5317697155940361	0	True
OPRM1	-0.6573456921173255	-0.6657283871677557	-0.28705078810016554	-0.5197185302034469	-0.5324608493971734	0	True
FAAH2	-0.44382224497281914	-0.48593381687522075	-0.5603952464736582	-0.6528282327400395	-0.5357448852654344	0	True
PRMT2	-0.42210837963564646	-0.5676039136648147	-0.48990360478132	-0.6708154814511862	-0.5376078448832419	0	True
ATXN7L1	-0.25658556251960524	-0.6028736383577459	-0.6055955324895352	-0.7005832577621814	-0.541409497782267	0	True
PARP15	-0.4663996556639342	-0.5731954561288966	-0.54736410388254	-0.5980889053908517	-0.5462620302665556	0	True
EVI2B	-0.5729314320323597	-0.3657613197603932	-0.5075917214533212	-0.7473517091845133	-0.5484090456076469	0	True
TRIM22	-0.2895402175144144	-0.7568860413080841	-0.5311692500882403	-0.6230478499282666	-0.5501608397097513	0	True
FYB1	-0.4294758521455419	-0.7030972236512734	-0.4887094982993041	-0.5924161464008553	-0.5534246801242437	0	True
TDRD7	-0.44204072690130514	-0.7299107501695095	-0.3758822452084709	-0.6669465907982737	-0.5536950782693898	0	True
LINC02328	-0.5512701952672455	-0.7293340842886638	-0.3596963780775635	-0.5764711391336319	-0.5541929491917762	0	True
GLCCI1	-0.6931496418504397	-0.4495720241035024	-0.4834627828330448	-0.602756404984892	-0.5572352134429698	0	True
IFIH1	-0.5675997273848743	-0.6206132621273867	-0.22660298136817694	-0.8227157138254834	-0.5593829211764804	0	True
LINC01550	-0.34969867141256605	-0.5319531914041699	-0.7704142156360184	-0.5895265156296472	-0.5603981485206004	0	True
IPCEF1	-0.43752592787171557	-0.7399421779939894	-0.27651754738977075	-0.803271856774231	-0.5643143775074266	0	True
PRKACB	-0.4413745020117246	-0.6097749552626001	-0.5139229705069869	-0.6937399389324486	-0.56470309167844	0	True
LINC00623	-0.3877187211743832	-0.6287135083277623	-0.5388139881073548	-0.7253724758782315	-0.5701546733719329	0	True
CDK19	-0.5389499074342593	-0.44862134221853	-0.5527722324533059	-0.7573755220828453	-0.5744297510472351	0	True
ATM	-0.5603861261149192	-0.6160468720720261	-0.5135285941964444	-0.6097412969081829	-0.5749257223228932	0	True
TESK2	-0.3331565877803309	-0.6268179318990528	-0.6769124603120629	-0.678024454063057	-0.5787278585136258	0	True
KLF12	-0.42301466185155806	-0.5752523880105498	-0.5929109280804331	-0.7517447618374643	-0.5857306849450012	0	True
BTN3A1	-0.33649821925719675	-0.5474887131472093	-0.761020957519691	-0.736287580937753	-0.5953238677154625	0	True
AK9	-0.8035992371950976	-0.6494363839699993	-0.3431315095268901	-0.597591379877662	-0.5984396276424122	0	True
CAMK4	-0.47527486493462856	-0.6984085847878838	-0.4530205873768371	-0.7756208592808815	-0.6005812240950578	0	True
GPR155	-0.26836624973119405	-0.6083790042904272	-0.5868011627596675	-0.9630610624197232	-0.606651869800253	0	True
RGS1	-0.533475632303414	-0.6706361718744572	-0.5054513317801679	-0.7225756462061019	-0.6080346955410352	0	True
FAM102B	-0.3514625420957615	-0.7059976313778582	-0.5862406104491614	-0.8069671790801106	-0.612666990750723	0	True
ZC3H6	-0.4729967497100895	-0.4649954818255553	-0.6697882780245461	-0.8703793489823383	-0.6195399646356323	0	True
GVINP1	-0.6850653032908168	-0.46689193441635035	-0.6428190478978545	-0.7004790322139235	-0.6238138294547363	0	True
APOLD1	-0.3712661533275066	-0.7551252775436121	-0.5767038268072399	-0.7928828889016744	-0.6239945366450081	0	True
BCAS3	-0.5162135616683974	-0.7327300983187353	-0.5593995961845422	-0.7194626817501742	-0.6319514844804622	0	True
UTRN	-0.4593558631146268	-0.6701410199094583	-0.6288720224125575	-0.7698952411436527	-0.6320660366450738	0	True
XYLT1	-0.4071340804554391	-0.557850752838891	-0.83522544729303	-0.7318420152983074	-0.6330130739714168	0	True
MARCHF8	-0.5828640115531271	-0.5218300403890436	-0.5704948185605703	-0.8864928076210291	-0.6404204195309425	0	True
CREBRF	-0.5727413350546888	-0.7056101271327179	-0.5740318052773126	-0.7250938169848038	-0.6443692711123807	0	True
TC2N	-0.35647661792356805	-0.7628347274467269	-0.8667841624389475	-0.6048883277603462	-0.6477459588923972	0	True
RALGPS2	-0.5868483385596198	-0.7728789531840035	-0.5586913356549176	-0.6946152671963602	-0.6532584736487254	0	True
RIPOR2	-0.5201022534162223	-0.6895098943550206	-0.573820790216658	-0.8310567585064477	-0.6536224241235872	0	True
SLFN5	-0.7487815507989205	-0.5032362394812888	-0.6098596642279811	-0.7541487161006567	-0.6540065426522118	0	True
TRANK1	-0.5921193505663157	-0.8916513658704939	-0.44504579670518785	-0.7028124342126411	-0.6579072368386597	0	True
PELI2	-0.7822958361983401	-0.31962781756221903	-0.8087890442099683	-0.7302142531627787	-0.6602317377833266	0	True
AK5	-0.46790672743520495	-0.9216960055980248	-0.5256677459758601	-0.731347561245435	-0.6616545100636312	0	True
MAN1C1	-0.6132206160445541	-0.719146411663678	-0.6276339124993224	-0.6946758919020071	-0.6636692080273905	0	True
KLHL24	-0.714167833655823	-0.5183159882261253	-0.7479253990410015	-0.695108568688784	-0.6688794474029335	0	True
SCML4	-0.490331752317057	-0.8322077823129066	-0.6350023524741978	-0.734166090299306	-0.6729269943508668	0	True
PRKN	-0.5146690174684314	-0.7134557579506269	-0.7268006167139363	-0.7411023837622188	-0.6740069439738033	0	True
LINC00886	-0.6945264660495182	-0.6216876513391458	-0.6600195964648908	-0.7321078068929233	-0.6770853801866196	0	True
MIR181A1HG	-0.653309463124979	-0.5824467907872019	-0.6993498221813119	-0.8103355332221284	-0.6863604023289053	0	True
FAM214A	-0.5116434778841764	-0.745132241069844	-0.5900547369934638	-0.9029637589167229	-0.6874485537160518	0	True
IKZF2	-0.43103089733897665	-0.7834789064447172	-0.7665926397447456	-0.7981821472719813	-0.6948211477001052	0	True
CSGALNACT1	-0.5376827266271217	-0.7982506193165805	-0.4759073790977392	-1.005798029061618	-0.7044096885257649	0	True
TXK	-0.7199593333544833	-0.7092978095669235	-0.6998067756735166	-0.6950947066254854	-0.7060396563051021	0	True
TOX	-0.7790703537896373	-0.920927958646057	-0.3159221821542743	-0.8853458539012714	-0.72531658712281	0	True
SYNE2	-0.6638992870680861	-0.7016184639084271	-0.7489441776638431	-0.9116829488690193	-0.7565362193773438	0	True
EPSTI1	-1.0071230258882045	-0.7636192050726799	-0.37149242426565654	-0.9418236019900885	-0.7710145643041573	0	True
MYB	-0.7800480929301001	-0.886526818788425	-0.590932530909937	-0.9267045215794245	-0.7960529910519717	0	True
DPYD	-0.7791265861202751	-0.7856203762434429	-0.7736139763961835	-0.9459848178049346	-0.821086439141209	0	True
CYSLTR1	-0.8564303152066332	-0.7977572770659858	-0.6425238216879728	-1.0527639153480723	-0.837368832327166	0	True
PLCL1	-0.9111073090478338	-0.7805736982810109	-0.8171164695211895	-0.9110843213623293	-0.8549704495530909	0	True
LINC00861	-1.0006517857396606	-0.9797621578699549	-0.9529196897294315	-0.7493134411424716	-0.9206617686203797	0	True
ZBTB20	-0.8195081634951665	-0.9329451485108924	-0.8774558227252891	-1.1295266841285894	-0.9398589547149843	0	True
SESN3	-0.9845192332741552	-0.9071806791358202	-1.0071079306846449	-1.0972692570151885	-0.9990192750274522	0	True
ST8SIA1	-0.5127407422786078	-1.0479680779457137	-1.5434647000321366	-1.021978698269028	-1.0315380546313715	0	True
