spot	x	y	total_counts	n_genes	log_total	tumor	lymphoid	bcell	myeloid	stroma	glycolysis	prolif	TPI1	SMC2	ZFYVE19	SPSB2	HLA-C	KIAA0040	section	patient
2x9	2.0	9.0	7705	3271	3.8867726430544383	-0.5690618927657974	0.22610067295053574	1.596557212011355	-0.1262993668895866	-0.08976620455298867	-0.43352362023317964	-0.4684915545057601	1.5879232428825314	0.0	0.0	0.0	3.2449065519293985	0.8319776167917879	mel1_rep1	mel1
2x10	2.0	10.0	4972	2373	3.6965311199696074	-0.7136600998911145	1.2057143422263819	1.4756564100813052	0.28786358029579395	-0.7473751711772882	-0.166534429134902	0.4654411327935599	1.613933023551033	0.0	0.0	0.0	2.570134234208685	1.102359616393718	mel1_rep1	mel1
2x11	2.0	11.0	8047	3104	3.9056340013269546	-0.5636590537054861	1.3915422900615264	1.198013256495639	0.039231013512352995	-0.8204623632917102	-0.13819612177286983	-0.15285161187674295	1.2485823232132927	0.0	0.8076801148151653	0.0	2.9122304397537797	1.2485823232132927	mel1_rep1	mel1
2x12	2.0	12.0	9472	3666	3.9764416893788446	-0.49234590043019555	0.12967993850079765	2.175263467378186	-0.43250435243812485	-0.4599989052455384	-0.10282355918751995	-0.20899313786686896	0.7206374581035214	0.0	0.7206374581035214	0.0	2.6151245634036306	0.7206374581035214	mel1_rep1	mel1
2x13	2.0	13.0	1788	1088	3.2523675144598987	-0.6895338412334133	0.33399853899504073	-0.241216544827346	-0.15510884006122608	1.0699430184331264	-0.2708196106569863	-0.4684915545057601	2.500261682770106	0.0	1.8859843881241258	0.0	0.0	0.0	mel1_rep1	mel1
2x14	2.0	14.0	1508	894	3.178401341533755	-0.35686704169072797	-0.46632335977100153	-0.2481055244827949	-0.8058224167717963	0.8327550021350246	-0.01116239512261976	-0.4684915545057601	2.657640689361667	0.0	0.0	0.0	3.0394572122553134	0.0	mel1_rep1	mel1
2x15	2.0	15.0	2982	1646	3.474507639116976	-0.31496682911027746	-0.3715595997694902	-0.339227099748331	-0.22387805170079772	1.3170445268387174	-0.1292554311237196	-0.4684915545057601	2.6681872070604675	0.0	0.0	0.0	2.8773580168832353	0.0	mel1_rep1	mel1
2x16	2.0	16.0	1191	780	3.0759117614827773	-0.6033213299027066	0.057969635614339515	-0.13830726437047913	-0.8058224167717963	-0.8046022436534304	0.18793963814428213	-0.4684915545057601	2.240316593462727	0.0	0.0	0.0	2.240316593462727	0.0	mel1_rep1	mel1
2x17	2.0	17.0	2878	1581	3.4590907896005865	-0.13764259367310808	0.20881650882295677	0.03398878832361274	-0.8058224167717963	0.45623067805679396	-0.05106056021674498	0.23487796506570877	1.4984248206508157	0.0	0.0	1.4984248206508157	2.0730801416383056	0.0	mel1_rep1	mel1
2x18	2.0	18.0	1104	750	3.0429690733931802	0.028303317264080738	-0.2555968179107238	-0.6866135926387278	-0.13097119177768743	-0.262921970671307	0.26234917087043647	-0.4684915545057601	0.0	0.0	0.0	0.0	0.0	0.0	mel1_rep1	mel1
2x19	2.0	19.0	1866	1167	3.2709116394104814	0.10877798035670826	0.23622370090438607	0.44678576684027005	-0.37113014170850944	0.24108805614274578	0.020082822886109672	-0.4684915545057601	1.8498800654112995	0.0	0.0	0.0	2.837742508243165	0.0	mel1_rep1	mel1
3x8	3.0	8.0	3086	1652	3.4893959217271293	-0.8764105239058787	0.8880219205515112	1.5039763025071857	0.05385051640565853	-0.9148308067900492	-0.8052014903791119	-0.1032816164508367	1.4446672025065779	0.0	0.0	0.0	2.6363223644152662	0.0	mel1_rep1	mel1
3x9	3.0	9.0	5572	2493	3.746011107751926	-0.4686847243470451	0.7987794992820962	1.4505720736714107	-0.09756966343247367	-0.6778508744524033	-0.2947803708565152	0.2467629135005999	1.5237439469869212	0.0	0.0	0.0	2.7316040709166076	1.5237439469869212	mel1_rep1	mel1
3x10	3.0	10.0	7056	2960	3.848558572123763	-0.3715782719031189	0.9977014206851806	0.7539629021837617	0.5309724907171663	-0.7545627848104656	-0.4849905078752066	-0.4684915545057601	0.8826237292789438	0.0	0.8826237292789438	0.0	3.2225877480112093	0.0	mel1_rep1	mel1
3x11	3.0	11.0	17553	5134	4.244351352830381	-0.6547238012001717	0.388639590638383	2.123235131015048	0.08265427081202104	-0.37838103635956366	-0.43648955592961675	0.04681881704900035	1.347687599492838	0.0	0.0	0.0	2.8954198580612784	0.0	mel1_rep1	mel1
3x12	3.0	12.0	9089	3427	3.958516103423041	-0.705105651593561	0.2581859837081582	1.8171200350042966	-0.1311034608329666	-0.6176738532919019	-0.4241683392669478	-0.17441208145279774	1.1632952047053537	0.0	0.7420473617821314	0.0	2.923360312385926	0.7420473617821314	mel1_rep1	mel1
3x13	3.0	13.0	3143	1754	3.49734438101758	-0.2866750004559917	-0.06233160004240964	-0.37790352777959574	0.08543004573615638	0.9911291347830047	-0.13807659096190308	-0.4684915545057601	1.9965146011820945	0.0	1.4307115396844405	0.0	1.4307115396844405	0.0	mel1_rep1	mel1
3x14	3.0	14.0	1111	737	3.0457140589408676	-0.2033774852527167	0.15927665438478877	-0.6866135926387278	-0.4595018785601231	0.3678688300790191	-0.23881224295701475	-0.4684915545057601	0.0	0.0	0.0	0.0	2.3026750979443786	0.0	mel1_rep1	mel1
3x15	3.0	15.0	2191	1297	3.3406423775607053	-0.24372832786484347	-0.017334652502147923	-0.2812800514192848	-0.8058224167717963	0.3658154800943157	-0.43051061052453665	-0.4684915545057601	0.0	0.0	0.0	0.0	2.3153287406605108	0.0	mel1_rep1	mel1
3x16	3.0	16.0	2024	1240	3.3062105081677613	-0.6398840184975396	-0.35153321712457963	-0.6866135926387278	-0.8058224167717963	1.2702166043864562	-0.08012584018363705	-0.4684915545057601	0.0	0.0	0.0	0.0	2.387057016415087	0.0	mel1_rep1	mel1
3x17	3.0	17.0	1991	1178	3.2990712600274095	-0.34480742440277085	-0.3506512425295822	-0.2625809124974732	0.23462821559327704	0.03880403391743329	-0.019096138561413636	-0.4684915545057601	2.7768175881594686	0.0	0.0	0.0	3.0488182845245593	0.0	mel1_rep1	mel1
3x18	3.0	18.0	4416	2257	3.6450290647211423	-0.552899026835206	-0.32911500918270503	-0.4313306628341569	-0.07062003618065552	1.4208066660140375	0.1072333463728345	0.10690364939826384	2.05328726355058	0.0	0.0	0.0	2.680127740482587	0.0	mel1_rep1	mel1
3x19	3.0	19.0	5635	2717	3.750893920382125	-0.6018991192094739	1.203984585082486	1.0342934551033576	-0.3485384339557901	0.967092597336029	-0.22799323790613546	-0.4684915545057601	1.0205148434180649	0.0	0.0	0.0	3.380789424784598	0.0	mel1_rep1	mel1
3x20	3.0	20.0	4401	2199	3.643551368562945	0.14057807806079714	0.7875960491200751	0.6358256136602948	0.9791191993316165	1.2014433012685537	-0.23221344034490626	-0.16880736922571354	1.712792327236954	0.0	0.0	0.0	3.418996080708605	0.0	mel1_rep1	mel1
3x21	3.0	21.0	1341	881	3.127428777851599	-0.07890645868427332	-0.029605628294708405	-0.6866135926387278	-0.8058224167717963	-0.7554831598870059	0.06697408199013948	-0.4684915545057601	2.767214500832292	0.0	0.0	0.0	2.135008873533652	0.0	mel1_rep1	mel1
4x7	4.0	7.0	5421	2569	3.734079407280594	-0.40264746295813103	0.4933652452685202	1.1084986264754302	0.22208238193985844	0.22059415261413265	0.3222730616851892	-0.2042032127910925	1.545295303812413	0.0	0.0	0.0	2.6328054505465803	0.0	mel1_rep1	mel1
4x9	4.0	9.0	6605	2822	3.819872821950546	-0.6635912138956015	1.089024750442458	1.3664765148791898	0.4601233702466239	-0.332412558485236	-0.4058660852916462	-0.4684915545057601	1.3932722300740439	0.0	0.9218769168544213	0.0	2.8709652166693673	0.9218769168544213	mel1_rep1	mel1
4x10	4.0	10.0	11685	4116	4.067628716728246	-0.5976389503024718	1.1220540832914754	1.288244351627914	0.439115117021365	-0.5304854869503328	-0.08701655723584824	0.30133324856977917	1.4868616360296267	0.6183148092965083	0.0	0.6183148092965083	3.146337338967521	1.6637348215326067	mel1_rep1	mel1
4x11	4.0	11.0	8006	3124	3.9034155857690864	-0.8764105239058787	0.26755339693458685	1.858235000888539	-0.08767130491372185	-0.5368304836085595	-0.0635864677744526	-0.2635947553750321	1.5575527814287842	0.0	0.0	0.0	2.601995520566241	0.8105137751159032	mel1_rep1	mel1
4x12	4.0	12.0	8890	3377	3.9489017609702137	-0.7024142890312918	0.06322930468400685	2.693874883697866	0.4987854275591382	-0.6932976287701765	0.14715952078724284	0.3096997321942506	1.8907442474306662	0.0	0.0	0.0	2.7487552034023146	0.753705631987605	mel1_rep1	mel1
4x13	4.0	13.0	1500	951	3.1760912590556813	-0.6680838979817757	-0.2803800622699163	-0.6866135926387278	-0.8058224167717963	1.085908268424974	-0.8212117649062499	-0.4684915545057601	2.03688192726104	0.0	0.0	0.0	3.5361166995615263	2.03688192726104	mel1_rep1	mel1
4x14	4.0	14.0	2705	1503	3.4321672694425884	-0.008436713054679523	0.007878017517783284	0.13775840912414908	-0.5731708104866463	0.29907351370026863	-0.18047310989204815	-0.4684915545057601	2.7592140970996657	0.0	0.0	0.0	3.291308245667004	0.0	mel1_rep1	mel1
4x15	4.0	15.0	2340	1347	3.369215857410143	-0.02621794412947631	-0.46632335977100153	-0.6866135926387278	-0.4664875062669644	0.9265097198604432	0.2004651623292388	0.910716680940423	2.2562278642714446	0.0	0.0	0.0	3.10760996773239	0.0	mel1_rep1	mel1
4x16	4.0	16.0	3825	1999	3.5826314394896364	-0.5637446642727498	-0.06754687805289253	-0.38316483984568217	0.977126998784655	1.0420523180067391	-0.5130641127637425	-0.4684915545057601	1.8291769822617667	0.0	0.0	0.0	2.960138960351487	0.0	mel1_rep1	mel1
4x17	4.0	17.0	2196	1252	3.3416323357780544	-0.19011010751831517	-0.1570400676340871	-0.2817215338770762	-0.543195669492727	0.47399645142482627	0.6737734047722307	-0.4684915545057601	1.7144705054787241	0.0	0.0	0.0	2.3132745688163707	0.0	mel1_rep1	mel1
4x18	4.0	18.0	3334	1760	3.5229655954919865	-0.2237514574718017	0.09899868444924097	0.6882932927350707	-0.5077694408078978	0.14990848050608171	0.04770368647705872	-0.11807610780069142	0.0	0.0	0.0	0.0	2.5647647619559133	0.0	mel1_rep1	mel1
4x19	4.0	19.0	4582	2363	3.6610550848533787	-0.28818840735374807	0.8645795958562498	0.12125124427789113	-0.24788393912129075	0.47635759349315715	-0.3941862595473784	-0.4684915545057601	1.6798788837614853	1.1576523073529348	0.0	0.0	2.789763607200782	0.0	mel1_rep1	mel1
4x20	4.0	20.0	2398	1388	3.37984917876283	0.1933726544973079	-0.1594248915812823	-0.28452197258798234	0.010098290038552202	-0.5738037202840953	0.7347741161935315	0.12310963571938167	0.0	1.6429001126744052	0.0	0.0	3.2588981669743546	0.0	mel1_rep1	mel1
4x21	4.0	21.0	1609	984	3.2065560440990297	0.08814387503109494	-0.33901339048535284	-0.6866135926387278	-0.11071743282292877	-0.6813201222957862	-0.43091903405977855	-0.4684915545057601	2.5974970265650894	0.0	0.0	0.0	2.977829022158498	1.9761677913456526	mel1_rep1	mel1
4x22	4.0	22.0	1989	1186	3.2986347831244354	0.0902363431996169	-0.30233710005825604	-0.26238295724917315	0.04061681072135309	-0.39985806008543073	0.44924066309983335	-0.014374763374898247	0.0	0.0	0.0	0.0	3.588881329694729	0.0	mel1_rep1	mel1
4x23	4.0	23.0	1414	948	3.150449409460881	-0.3611449205492183	0.2782168625765242	0.42913685070174135	0.14047195031211826	-1.1708443773336998	0.24686322487579854	-0.4684915545057601	2.088418104640135	0.0	0.0	0.0	2.088418104640135	0.0	mel1_rep1	mel1
5x6	5.0	6.0	3463	1768	3.539452491549461	-0.4435354136780611	-0.26131320689974785	1.182916285059072	-0.6130798962748195	-0.6028812374621512	-0.46709161433054064	-0.4684915545057601	0.0	0.0	0.0	0.0	1.9132894468672992	0.0	mel1_rep1	mel1
5x7	5.0	7.0	7563	3010	3.878694100396108	-0.3835400260833266	-0.040911117690179716	2.3506925826719627	-0.027251227494424473	-0.6692917105419746	-0.14096996207985207	-0.07300461582772713	1.602751586481028	0.0	1.2932063567582028	0.0	2.5572303863085493	0.842526479565706	mel1_rep1	mel1
5x8	5.0	8.0	675	480	2.829303772831025	-0.8764105239058787	-0.2884558233949144	0.31651210888572856	0.5171507380818556	0.5371329052512157	-0.7792716252915831	-0.4684915545057601	0.0	0.0	0.0	0.0	2.7609471472242957	0.0	mel1_rep1	mel1
5x9	5.0	9.0	4007	1948	3.6028193424326997	-0.5202592458363092	0.5468126352335758	1.8448722945276792	-0.317874928300582	-0.37911504866769835	-0.10814645511747362	-0.4684915545057601	1.7903026228341514	0.0	1.2515143730029021	0.0	2.6010708361387023	0.0	mel1_rep1	mel1
5x11	5.0	11.0	15675	4544	4.195207549502754	-0.7120265192559823	0.43623526858841455	2.5808603242781443	-0.1832660828361706	-0.6185738628595295	-0.5335162833398446	0.5202239300918299	1.069484015745086	0.0	0.0	0.4934506692956375	2.902787714513793	0.0	mel1_rep1	mel1
5x12	5.0	12.0	8887	3428	3.94875518016827	-0.5683724917347286	-0.132086526676465	1.8968822318797056	-0.3508422216637759	-0.3102976601332543	-0.23749540385048462	-0.10184476917135701	1.4760704697827003	1.1788021321699185	0.7538843199573708	0.0	3.2486388972298332	0.7538843199573708	mel1_rep1	mel1
5x13	5.0	13.0	11526	4017	4.061678615245337	-0.7048808284792466	0.611025786837665	1.6683376024576926	-0.0010029127031015756	-0.13948310722986673	-0.1717016548799628	-0.24355558838404842	1.6748544966860226	0.0	0.624656153827632	0.0	3.26425089492392	1.006207249189876	mel1_rep1	mel1
5x14	5.0	14.0	4782	2260	3.679609571779756	0.03654030833033914	-0.04831195326363354	-0.6866135926387278	-0.17322464472092733	1.5066349617455848	-0.1749072175949284	-0.4684915545057601	1.645258714158168	0.0	0.0	0.0	3.0870231323739143	0.0	mel1_rep1	mel1
5x15	5.0	15.0	1653	1013	3.2182728535714475	-0.44483368961969716	-0.1622244392256132	0.2525834478547816	-0.5285960465227708	0.9181705010663334	-0.15591952917968518	0.025217116263671048	2.5725521941392655	0.0	0.0	0.0	2.952241111989178	0.0	mel1_rep1	mel1
5x16	5.0	16.0	2577	1490	3.4111144185509046	-0.4273186741043395	0.6630716466998913	0.16966205555652775	-0.09954449572912095	1.0187574478156376	-0.36390586677032655	0.1023478543741561	1.5852438173947903	0.0	0.0	0.0	2.1703057572856075	0.0	mel1_rep1	mel1
5x17	5.0	17.0	3843	2007	3.584670384464349	-0.04192165723505928	0.414746321463999	0.33460435565938035	0.8517491345428508	0.24552126507810224	0.05684267566930626	0.46688911947604217	1.825237361623563	0.0	0.0	0.0	3.0826926907925967	0.0	mel1_rep1	mel1
5x18	5.0	18.0	1827	1110	3.2617385473525378	-0.500320450998988	0.167593932023612	0.2896886606903081	-0.5249203236449772	-0.20017183885924472	-0.17630901116655306	0.4398570702543842	1.8677097758731103	0.0	0.0	0.0	1.8677097758731103	0.0	mel1_rep1	mel1
5x19	5.0	19.0	1688	1076	3.2273724422896364	0.23118775225773774	-0.3416643512327819	-0.22963662398957813	-0.1471430716788518	-0.7511223172313936	-0.5536388632402306	-0.4684915545057601	0.0	0.0	0.0	0.0	1.935018278274633	0.0	mel1_rep1	mel1
5x20	5.0	20.0	7487	3272	3.874307833128039	-0.03387858097598408	0.8188217074314097	-0.27866554513745967	0.8616840409598591	0.03692368608696989	0.022748219939787394	-0.2540450863088368	2.038390652036726	0.8482895644829742	0.0	0.0	3.3219005038571643	0.0	mel1_rep1	mel1
5x21	5.0	21.0	14689	4662	4.16699223083011	0.9205328539513905	-0.2537443011873657	-0.5639845951174782	0.15136642221017174	-0.37377577190290484	0.7474540872031955	1.0535772841057163	1.4824922572473604	0.5192588859599504	0.0	0.0	3.316019956535517	0.5192588859599504	mel1_rep1	mel1
5x22	5.0	22.0	7674	3229	3.8850217948622974	0.9240955805192724	-0.1832627860949351	-0.6866135926387278	0.028670772987143982	-0.525613397443733	0.34696964719078666	0.384862412739447	0.834256641271052	0.0	0.0	0.0	3.2981315506726987	0.0	mel1_rep1	mel1
5x23	5.0	23.0	2256	1285	3.3533390953113047	-0.31121019264590943	-0.22916739257655527	0.07825190778802418	0.3380699546673513	-0.38996615115213623	-0.1588162467686195	0.623592438515592	2.2890183015452745	0.0	1.692422279362423	0.0	2.660110738813091	0.0	mel1_rep1	mel1
5x24	5.0	24.0	1407	972	3.1482940974347455	-0.6006522392302115	0.07612810710250464	1.4158815258584379	0.020605199409786928	-1.1708443773336998	-0.6097254545831644	-0.4684915545057601	2.092767423913509	0.0	0.0	0.0	2.092767423913509	0.0	mel1_rep1	mel1
6x5	6.0	5.0	2811	1524	3.4488608456074408	-0.3666579232934115	-0.0695430656154867	0.49202537405157	-0.13005454332533475	0.6833844452012575	-0.1481960299424019	-0.08505567148343726	2.4572235330968035	0.0	0.0	0.0	2.7232547869879062	0.0	mel1_rep1	mel1
6x6	6.0	6.0	4837	2276	3.6845760873884554	-0.41845048976095306	0.4507231711118207	0.8485576316347411	0.7728973524622857	0.8911523751723407	-0.16956999242276474	0.06625288590443992	0.0	0.0	0.0	0.0	2.2267389975753944	0.0	mel1_rep1	mel1
6x7	6.0	7.0	10502	3831	4.021272013951038	-0.41157552860127383	0.4061503513993969	1.215580759781155	-0.44395308901686736	0.8018727358936709	-0.27344421409712427	0.019777126485880005	2.258611912582963	0.0	0.0	0.0	3.171901189309316	1.0662265400183246	mel1_rep1	mel1
6x8	6.0	8.0	6747	2837	3.8291107101552946	-0.49720623625748916	0.02369870694298904	1.3147857914295495	-0.295944726341316	0.12465852345432482	-0.11329545743401538	-0.4684915545057601	1.9356521209073585	0.0	0.0	0.0	2.431416336110182	0.9091211761070529	mel1_rep1	mel1
6x9	6.0	9.0	5373	2446	3.730216840568694	-0.3278244082935566	0.5951134069023003	1.8299736715781365	0.42017513182020677	0.5697382143680082	-0.41330092934113905	-0.4684915545057601	1.552299204774996	0.0	0.0	0.0	3.5935241402183125	0.0	mel1_rep1	mel1
6x10	6.0	10.0	26616	6435	4.425142787860766	-0.43016695790678017	0.5963770085455239	1.5681126488336083	0.3906110463182727	-0.2094696053257327	-0.18624442735747532	-0.2776844087651163	1.38772105556125	0.754779092057308	0.0	0.31897276463516533	3.022234006211802	0.31897276463516533	mel1_rep1	mel1
6x11	6.0	11.0	5747	2634	3.7594411971336976	-0.5947776156871069	0.16517370821243413	1.9094576017476843	0.365557602591736	0.706621171249182	0.07631298006915789	-0.4684915545057601	1.499640135942554	0.0	1.0079718914126679	0.0	3.085593972310818	0.0	mel1_rep1	mel1
6x12	6.0	12.0	5410	2612	3.7331972651065692	-0.4112244265327435	1.204457284904408	0.05729779429040863	0.4896838856704027	0.44226561651912455	-0.09911802065596179	-0.20387011519133164	2.492426059114731	0.0	0.0	0.0	3.291308245667004	1.0467675564736343	mel1_rep1	mel1
6x13	6.0	13.0	3700	1960	3.568201724066995	-0.6575108168961176	0.7484679165734642	0.5479857151771078	0.03752291762674951	0.3732514175634814	0.020742180774131723	-0.4684915545057601	1.8571422284909067	0.0	0.0	0.0	3.2317653695941977	0.0	mel1_rep1	mel1
6x14	6.0	14.0	1370	857	3.1367205671564067	-0.3047375603044618	0.12216397221804148	-0.09384470244457685	-0.18716029295200354	0.1692224368958746	0.12883762271029406	0.22599120289921953	0.0	0.0	0.0	0.0	2.7471773294910227	0.0	mel1_rep1	mel1
6x15	6.0	15.0	797	553	2.9014583213961123	-0.6181728603606889	-0.46632335977100153	-0.6866135926387278	-0.03665477501714289	-0.21035609184093174	-0.11213344439925987	-0.4684915545057601	0.0	0.0	0.0	0.0	0.0	0.0	mel1_rep1	mel1
6x16	6.0	16.0	1532	982	3.185258765296585	-0.02313597059321093	0.626076872919402	0.28412123980918225	-0.26829829974668673	-0.3500318577415091	0.05015207534097384	0.04179561968040697	2.018551708457756	0.0	0.0	0.0	3.299890143122808	0.0	mel1_rep1	mel1
6x17	6.0	17.0	1156	798	3.0629578340845103	-0.00011224194407732924	-0.2593719281540493	0.3997975289933734	-0.052219965208409366	-0.47263414728764525	0.39491505606595106	2.2503394504582714	2.2670116995150567	0.0	0.0	0.0	2.2670116995150567	0.0	mel1_rep1	mel1
6x18	6.0	18.0	2556	1494	3.4075608494863627	-0.20431291846120597	-0.26753803523200775	-0.3107021970086091	-0.1447559111447126	0.3814425743196945	-0.21435916822423062	-0.4684915545057601	1.5917551024644188	0.0	0.0	0.0	3.0234357312642874	0.0	mel1_rep1	mel1
6x19	6.0	19.0	6086	2853	3.7843319480221482	-0.5665908090612783	1.2347760998063442	1.3465610282179181	-0.11395855681699144	0.13037282842652567	0.046444820872627496	0.4715890013811556	1.455407720473312	0.9719582770070979	1.7799139270113273	0.9719582770070979	2.7592525723071892	0.0	mel1_rep1	mel1
6x20	6.0	20.0	16199	4998	4.2094882054138285	0.8600974098064371	-0.18851590195740064	-0.11241595003330235	0.9785326702236178	-0.3037035626073603	0.2537471748622693	0.47937762971816084	2.052910514207448	0.8040819822027739	0.0	0.0	3.118227389550456	0.8040819822027739	mel1_rep1	mel1
6x21	6.0	21.0	6087	2386	3.7844033017530085	0.6345652290124935	-0.46632335977100153	-0.6866135926387278	0.1661962801245965	-0.6777450477821386	0.49337011337694126	0.12715355276214063	0.9718561428963834	0.9718561428963834	0.0	0.0	2.2207487071082785	0.0	mel1_rep1	mel1
6x22	6.0	22.0	14229	4422	4.153174379371534	0.8004448013839781	-0.3131297488978126	-0.6866135926387278	0.3256012339596827	-0.3084165542638976	0.851782050406457	0.9548781254994416	1.9913082659749057	0.0	0.0	0.0	2.56089741343352	0.0	mel1_rep1	mel1
6x23	6.0	23.0	6064	2600	3.782759192623997	0.9753086676188707	-0.24676200811191626	-0.6866135926387278	-0.47131586526166924	-0.1278673209511241	0.8079096518717261	0.5914967096384635	2.388254320803664	0.0	0.0	0.0	2.8616730371589654	0.0	mel1_rep1	mel1
6x24	6.0	24.0	9037	3599	3.9560242822806773	0.8601237752013625	-0.0200926598873045	-0.6866135926387278	0.36857129473834016	-0.35482531626369734	0.22324855288540665	0.3217184185462351	2.287724752757486	0.7450571930038329	0.0	0.0	3.5948429455282547	0.0	mel1_rep1	mel1
7x4	7.0	4.0	2126	1259	3.327563260187278	-0.08890796819950832	0.04876474834972565	0.11520015674960521	0.2069187441162494	0.4002521508723617	-0.028747332622978815	-0.4684915545057601	0.0	0.0	0.0	0.0	3.7689149253476564	0.0	mel1_rep1	mel1
7x5	7.0	5.0	4853	2353	3.6860102913152857	-0.6001557419856116	0.6809789285744092	0.41252391144908607	0.34064512882994646	1.3047482709559801	-0.35678199093486074	-0.1857097573943753	1.6333813991790376	0.0	0.0	0.0	2.972731254345479	1.1186047946243165	mel1_rep1	mel1
7x6	7.0	6.0	1723	1075	3.2362852774480286	-0.6864124616844806	-0.26100929796882644	0.329518041848316	-0.5120972997679761	0.6204484465798848	-0.15684352175849958	0.43158766455931535	0.0	0.0	0.0	0.0	0.0	0.0	mel1_rep1	mel1
7x7	7.0	7.0	2269	1357	3.355834495884936	-0.7091776402843453	0.4737224513754049	0.42557486753941687	0.08751631070225119	0.2651518207480465	0.16955694824061307	-0.4684915545057601	1.6877365500113413	0.0	0.0	0.0	2.283856371005815	0.0	mel1_rep1	mel1
7x8	7.0	8.0	4664	2349	3.668758541750958	-0.43308902073420297	0.37502166774987555	0.7658329572201088	-0.39393320762694184	0.8795580271257811	-0.36019694009949016	-0.4684915545057601	1.1455220614892125	0.0	0.0	0.0	2.461331908430286	1.1455220614892125	mel1_rep1	mel1
7x9	7.0	9.0	7314	3098	3.8641549560020256	-0.45524271651624887	0.6939456369568184	1.4379303644390138	-0.006589638766164038	0.6245944495529016	-0.6240276382803345	-0.13540174215395234	1.6295782716226177	0.0	0.0	0.0	2.775063780899008	0.0	mel1_rep1	mel1
7x10	7.0	10.0	7051	2988	3.8482507146770426	-0.45813957902838776	0.7470195362876519	1.4161727024532522	0.3365589305912227	-0.16518269768603852	-0.07160966524950042	-0.4684915545057601	1.6591258911942603	0.0	0.0	0.0	3.671032154026718	0.883039402299111	mel1_rep1	mel1
7x11	7.0	11.0	7637	3119	3.8829227906025987	-0.3610143746178507	0.32055761571310804	-0.011128361754374289	0.7368519927729659	-0.2851805987607177	-0.21201237250268914	-0.25690056155461716	0.0	0.0	0.0	0.0	3.201504389363953	0.0	mel1_rep1	mel1
7x12	7.0	12.0	2955	1579	3.4705574852172743	-0.1059025864407625	-0.2597621666612849	0.6065099187696775	0.2846912467591181	0.5582414153703029	-0.25432520265612696	-0.4684915545057601	0.0	0.0	0.0	0.0	3.0589215345956022	0.0	mel1_rep1	mel1
7x13	7.0	13.0	2377	1362	3.3760291817281805	-0.34736059253517365	-0.10672078421676491	0.05908010581274806	-0.5576635953160866	0.09883285245895213	-0.049167351493892356	0.33397567413686885	2.242194457263079	0.0	0.0	0.0	3.4160493809847625	1.6500007231798284	mel1_rep1	mel1
7x14	7.0	14.0	2290	1348	3.359835482339888	0.10939975470150647	-0.3197240542735492	-0.27538466366202574	-0.4635760081499525	1.2028351441662684	-0.313357564000679	-0.4684915545057601	2.6462057672040356	0.0	0.0	0.0	2.2755863298316292	0.0	mel1_rep1	mel1
7x15	7.0	15.0	1822	1125	3.2605483726369795	-0.8764105239058787	-0.46632335977100153	0.21269492181050187	-0.325827173695557	0.4091706350440673	-0.252381844102079	-0.4684915545057601	1.8700274035644113	0.0	0.0	0.0	3.347879970688437	0.0	mel1_rep1	mel1
7x16	7.0	16.0	4152	2199	3.6182573448404014	-0.6953668084739217	-0.38732406456066487	0.06819409713857838	0.38885745459629595	1.5785453436749173	-0.45825299773451805	-0.4684915545057601	1.7607770465409502	0.0	0.0	0.0	3.0090345415733855	0.0	mel1_rep1	mel1
7x17	7.0	17.0	3228	1774	3.5089335260500327	-0.7321512585900755	0.7044293712084395	0.12948918909685184	0.5516395391158542	0.7453949539016383	-0.30342299560378855	-0.11192585384224944	0.0	0.0	0.0	0.0	3.642173547596456	0.0	mel1_rep1	mel1
7x18	7.0	18.0	7125	3117	3.8527848686805477	-0.15253267586062957	0.7985393159642916	0.5148482772791587	0.5861384213869536	0.3046715767951826	0.008297647572554386	0.36717896015131496	1.3368460857059095	0.0	0.0	0.8769296579935747	3.3202283191284883	0.0	mel1_rep1	mel1
7x19	7.0	19.0	4244	2149	3.627775375229303	0.26483189710945154	0.23465019757014696	0.768058659837961	0.205807384648804	-0.42657983115847015	0.6724868733013196	-0.03247709796233211	0.0	0.0	0.0	0.0	2.9882111293275	0.0	mel1_rep1	mel1
7x20	7.0	20.0	9705	3375	3.9869955397243815	0.7936902303548571	-0.2163993232788831	-0.19320280378205978	0.025975278918490916	-0.434974449010735	0.6744381567826245	0.2255553287626039	1.8167745523643744	0.0	0.0	0.0	3.1641546603600257	0.0	mel1_rep1	mel1
7x21	7.0	21.0	7992	3357	3.902655475217926	0.7820206626668601	-0.15591549090039847	-0.10608640322598517	0.3665796900798562	-0.6622410908391013	0.6028644567559505	-0.07439497868730763	1.7925932890045395	0.0	0.0	0.0	3.2097855844916134	0.0	mel1_rep1	mel1
7x22	7.0	22.0	8806	3059	3.944778681123507	0.9807968106575511	-0.4174431456364997	-0.5009151054227287	-0.162163062643033	-0.2135632382925822	1.0484590134201344	-0.4684915545057601	2.191555828763586	0.0	0.0	0.7587426605213231	1.8988105831815358	0.0	mel1_rep1	mel1
7x23	7.0	23.0	9419	3458	3.9740047968974146	0.6052189655587111	-0.4197120868276703	-0.5095349315475297	-0.51061711236242	-0.47217559478971777	0.7242773241633383	0.903821051063671	2.5399093914363733	0.0	0.0	0.0	2.3566143164368984	0.7235230423908028	mel1_rep1	mel1
7x24	7.0	24.0	8970	3385	3.952792443044092	0.919259718577083	-0.2845973811075883	-0.5033061547749906	-0.31408636687710506	-0.7113659675389162	0.7319858811530068	-0.00945019283659051	1.468906443279913	0.0	0.0	0.0	2.809859267320797	0.0	mel1_rep1	mel1
7x25	7.0	25.0	8462	3444	3.9274730209952757	0.8183499318127283	-0.1525223659241321	-0.5182821913709245	-0.1445482951396834	-0.1336161747273688	0.18980627167045985	-0.02730873412579742	2.090693294517082	0.0	0.0	0.7801290132700841	2.929929264641332	0.0	mel1_rep1	mel1
8x7	8.0	7.0	2310	1310	3.3636119798921444	-0.44051280874658805	0.315902684370026	0.5103475726848958	-0.0990784525158804	0.9255279848602131	-0.7705872567030322	-0.4684915545057601	0.0	0.0	0.0	0.0	2.267787483910739	0.0	mel1_rep1	mel1
8x8	8.0	8.0	3881	2035	3.588943642740015	-0.16469121016406538	0.7083450237624731	-0.4116253893840064	-0.10381678847488686	0.7714609637378443	-0.48772030294392593	-0.4684915545057601	1.8169903113077561	0.0	0.0	0.0	2.6306850587455988	0.0	mel1_rep1	mel1
8x9	8.0	9.0	2329	1391	3.367169488534681	-0.2647892552748148	-0.32069935128973265	1.6227079700323723	0.12561788025252968	1.26207040882741	-0.47850932052179895	0.32659802369576996	0.0	0.0	0.0	0.0	1.6665152199842117	0.0	mel1_rep1	mel1
8x10	8.0	10.0	2048	1196	3.3113299523037933	-0.28608970387725424	-0.12737126894068895	-0.09315557654365844	-0.1186921672023875	-0.24126458765011982	-0.5960921174243736	-0.4684915545057601	1.7720349638802764	0.0	0.0	0.0	3.2353026625537344	0.0	mel1_rep1	mel1
8x11	8.0	11.0	4286	2090	3.63205216670581	0.07655741516609525	0.4950601864952544	0.15213814735249076	0.07975963988963729	1.0879697257767849	-0.0019007084706186385	0.1058981150912242	1.734546155580242	0.0	0.0	0.0	3.0909788192122116	0.0	mel1_rep1	mel1
8x12	8.0	12.0	2435	1321	3.386498965550653	-0.3550196859365722	0.022168229887345476	-0.2875401172496661	-0.5011940846063218	0.28725423211900286	0.1605539606595213	0.8582907038798874	2.589291330130466	0.0	0.0	0.0	2.858026736887087	0.0	mel1_rep1	mel1
8x13	8.0	13.0	1530	976	3.184691430817599	-0.09777246715214388	0.0010646481334156688	0.37823882740134845	-0.09875968966926696	-0.5541110486709447	-0.11591535677915227	0.04208201286423492	2.6441795759719278	0.0	0.0	0.0	3.3011483222383182	0.0	mel1_rep1	mel1
8x14	8.0	14.0	1541	985	3.1878026387184195	0.32587401278491046	-0.23281438351680667	-0.19382577216857	0.09124620238629857	0.9436519041308123	0.14216462079718747	0.9856489054849954	0.0	0.0	0.0	0.0	3.294249335002708	0.0	mel1_rep1	mel1
8x15	8.0	15.0	3879	2023	3.5887197796000563	0.5424093788945363	0.14375602388270106	-0.09954442427663006	-0.2378575754141464	1.5274608689658642	-0.2057067516056352	-0.4684915545057601	0.0	0.0	0.0	0.0	2.631163403149664	0.0	mel1_rep1	mel1
8x16	8.0	16.0	2811	1589	3.4488608456074408	-0.337694635244509	0.5981508658937494	0.2775758484564553	0.11264528811000878	0.5422513021766883	0.0717176560846985	0.8153568785054972	2.093702583831807	0.0	0.0	0.0	2.4572235330968035	0.0	mel1_rep1	mel1
8x17	8.0	17.0	10567	4067	4.023951707423388	-0.1735863515690476	0.6514120737529091	0.3570278530218759	1.302946784166868	0.2136225887543933	0.24595014912266677	1.0049930380022176	1.5655632521635678	0.0	0.0	0.6659519121084289	2.8383659625753896	0.0	mel1_rep1	mel1
8x18	8.0	18.0	9006	3563	3.954531942626914	0.9087392452767907	-0.022093627456616163	0.028395107011365356	-0.24537530350124356	-0.38917738297162785	0.5828936244298358	1.2008082428520637	2.397289432479343	0.0	0.0	0.0	3.235857182204985	0.0	mel1_rep1	mel1
8x19	8.0	19.0	10014	3559	4.00060758706289	0.990853256798703	-0.33400832690876026	-0.517140414264192	-0.39496642843958946	-0.3842109894449414	0.850032289834851	0.1310440852922728	1.7905937544296926	0.0	0.0	0.0	2.6377583037018844	0.0	mel1_rep1	mel1
8x20	8.0	20.0	7853	2982	3.8950355974523228	0.905277116037213	-0.145997274466656	-0.6866135926387278	-0.37433086118770503	-0.5886052921032582	0.703485982235845	0.43428606459471303	2.7085424607536495	0.0	0.8212759369380871	0.0	2.1564479760912234	0.0	mel1_rep1	mel1
8x21	8.0	21.0	10022	3653	4.000954398406458	0.3586286848906321	-0.28277459729421833	-0.523178211029338	-0.18891709916148258	0.07485359177922143	0.3283576955334669	0.7050024059280017	2.1952714083655014	0.6920489924597591	0.0	0.0	2.7705286292440356	0.0	mel1_rep1	mel1
8x22	8.0	22.0	11116	3615	4.045948538105335	0.16522702087302768	-0.3680329439453669	-0.46450971393195983	-0.1172198711662732	-0.13994424487818313	0.3387909041283393	0.16829931145359228	1.3080118282704183	0.0	0.0	0.0	1.8559268347740678	0.0	mel1_rep1	mel1
8x23	8.0	23.0	8284	2953	3.918240090221415	0.5945485703180667	-0.46632335977100153	-0.32202065168555294	-0.43321534038942017	-0.3356041330168851	0.5145172906994426	0.22697610447026917	1.7627742993055429	0.0	0.0	0.0	1.9510016696182704	0.0	mel1_rep1	mel1
8x24	8.0	24.0	7156	2977	3.8546703318953353	1.294129785512883	-0.40999239922841696	-0.6866135926387278	-0.347179220413469	-0.42619767783359724	0.38757904292395595	0.16972696601548862	2.077833205960251	0.0	0.0	0.0	2.7063345509722962	0.0	mel1_rep1	mel1
8x25	8.0	25.0	7681	3205	3.8854177651109363	0.827706447838712	-0.46632335977100153	-0.6866135926387278	-0.250375987896377	-0.7842528564878313	0.4083717443866231	0.08161242926310877	2.016178082841764	0.0	0.0	0.0	3.083313617838807	0.8337408696794074	mel1_rep1	mel1
9x8	9.0	8.0	3102	1783	3.4916417934775863	-0.07175580463077406	0.16254932391626073	0.38336448950049806	0.3409981587824463	0.6444862256616976	0.08568202902416076	-0.1042800136659292	1.4407178255553375	1.4407178255553375	0.0	0.0	2.631522334991033	1.4407178255553375	mel1_rep1	mel1
9x9	9.0	9.0	3190	1844	3.503790683057181	-0.5346752823699714	0.3438875143540947	0.2872515555444569	0.11103655524309998	0.8493080343152256	0.3825419288380642	-0.4684915545057601	0.0	0.0	0.0	0.0	3.374619503000811	0.0	mel1_rep1	mel1
9x10	9.0	10.0	1509	972	3.17868923977559	-0.6750970748868178	0.06515781034400842	-0.2482298140542636	0.7176806949950434	0.7317401536115705	-0.35365552507854636	1.2512038978084792	0.0	0.0	2.657024272408584	0.0	3.31446309140847	0.0	mel1_rep1	mel1
9x11	9.0	11.0	1174	802	3.0696680969115957	-0.3313265880433509	0.3243315604493132	-0.15450071970854956	0.8941744438412486	-0.08372057230695824	-0.31104023062025554	-0.4684915545057601	0.0	0.0	0.0	0.0	3.557390267781212	0.0	mel1_rep1	mel1
9x12	9.0	12.0	2285	1330	3.358886204405869	0.640882498290248	-0.011283106394845234	0.6309660541385683	0.033137298379469306	0.4909024522837826	-0.1458477716813931	0.1072694809474414	2.277547782052351	0.0	0.0	0.0	2.6482367017322623	0.0	mel1_rep1	mel1
9x13	9.0	13.0	3181	1724	3.502563669107363	0.16511527814468138	0.17470856849362282	-0.6866135926387278	0.04652637923923114	1.0243695922182978	-0.22055848775401737	1.0810193009652023	2.3447818101788656	0.0	0.0	1.4215807859633216	2.9888080102752794	1.9861373648525495	mel1_rep1	mel1
9x14	9.0	14.0	3613	1880	3.5578679615680224	-0.31914581903367556	-0.20949596211547913	-0.40039250311736446	0.5351157232931298	0.929868823652192	-0.0035059063487243554	1.045567949502131	2.4908168188847095	0.0	0.0	0.0	3.0142831884067913	0.0	mel1_rep1	mel1
9x15	9.0	15.0	2037	1249	3.3089910290001643	-0.3791226131278658	0.39277810077143516	-0.30328990542690815	0.4166003207253797	0.1698139749202012	0.0004099659038750677	-0.4684915545057601	0.0	0.0	0.0	0.0	3.0270720456088482	0.0	mel1_rep1	mel1
9x16	9.0	16.0	6353	2968	3.8029788553352617	0.15758833108542053	0.38241929260996216	-0.11923459415046711	0.5352017251457049	0.9273404665348547	0.21515072246014785	0.9791165938131396	1.9873588725519946	0.0	0.0	0.0	3.265184894282578	0.0	mel1_rep1	mel1
9x17	9.0	17.0	3187	1742	3.5033820634737327	-0.059231319720819915	-0.1643474684479546	-0.25840795411892403	0.32328038818040694	-0.8729675005394907	0.19419227798870098	0.19041792078603512	2.6064594886016472	0.0	0.0	0.0	3.13393777413168	0.0	mel1_rep1	mel1
9x18	9.0	18.0	11098	3996	4.045244720478147	0.7123197461559081	-0.024445177432671453	-0.04819040841539398	-0.026096219769510525	-0.5013460446159245	0.22735731087173014	0.9762864404276581	1.9888933880011188	0.0	0.0	0.0	3.0784385779358616	0.6424133373559076	mel1_rep1	mel1
9x19	9.0	19.0	11671	4006	4.067108069059565	1.2985792471189608	-0.46632335977100153	-0.12982882852714686	-0.3591997129665803	-0.49752705661079727	0.3971736311987619	0.13047127415569712	2.2584499159439573	0.618867828799977	0.0	0.0	2.9882111293275	0.0	mel1_rep1	mel1
9x20	9.0	20.0	6936	2670	3.8411090844681537	0.6113148482943909	-0.21424597261709902	-0.25880066566697973	0.033735463806132925	0.03851936746032647	0.9704985197573138	0.01487459039080168	1.912059732145318	1.3567384423805326	0.0	0.0	2.1052025905187293	0.0	mel1_rep1	mel1
9x21	9.0	21.0	1135	756	3.0549958615291417	0.42129102538412255	-0.46632335977100153	-0.6866135926387278	-0.46239171657377326	-0.6901201036693059	0.5240221316048221	0.6420548310793739	2.283460649775965	0.0	0.0	0.0	0.0	0.0	mel1_rep1	mel1
9x22	9.0	22.0	529	405	2.7234556720351857	-0.2741499963027638	-0.46632335977100153	-0.6866135926387278	-0.8058224167717963	-1.1708443773336998	0.16220196188169844	-0.4684915545057601	0.0	0.0	0.0	0.0	0.0	0.0	mel1_rep1	mel1
9x24	9.0	24.0	1323	919	3.1215598441875008	-0.02305629123256303	-0.46632335977100153	-0.6866135926387278	-0.48292519258583405	-1.1708443773336998	-0.3234140325304055	-0.4684915545057601	2.779884417211278	0.0	2.1469341701990836	0.0	0.0	0.0	mel1_rep1	mel1
10x9	10.0	9.0	2105	1296	3.323252100171687	0.8635541116038956	-0.10195151032795688	1.5003390688713414	-0.15595513497577454	-0.6207051924188224	0.04488170076876789	0.1614248973824588	1.749303123255677	0.0	0.0	0.0	2.724696314111667	1.749303123255677	mel1_rep1	mel1
10x10	10.0	10.0	2989	1646	3.4755259150392805	-0.31175794520284056	-0.11327904009147047	0.9522727623146032	-0.2904470917197662	0.9113476935795904	-0.13440489890437643	-0.4684915545057601	0.0	0.0	0.0	0.0	3.04802122467022	0.0	mel1_rep1	mel1
10x11	10.0	11.0	2906	1614	3.4632956099620027	-0.3041439680922311	-0.3099774793415679	0.3423487600048311	0.2937567778924789	1.2935467538653194	0.44496047384069776	0.6335064947922152	1.4909147543655568	0.0	0.0	0.0	2.426877446816367	0.0	mel1_rep1	mel1
10x12	10.0	12.0	2734	1544	3.4367985102318035	-0.3548796611413738	-0.13918016822014867	-0.3546434782338529	-0.1939377054011946	0.08562145279672495	-0.031880438072451896	-0.4684915545057601	1.5385098432930757	0.0	0.0	0.0	1.5385098432930757	0.0	mel1_rep1	mel1
10x13	10.0	13.0	2815	1534	3.449478399187365	0.3271229203372281	0.6204377524884014	-0.6866135926387278	-0.3964468328538852	0.971075898697655	0.27643984608547006	-0.08533622408446435	2.4559234663340326	0.0	0.0	0.0	2.7219262468865018	0.0	mel1_rep1	mel1
10x15	10.0	15.0	2883	1644	3.459844642388208	0.0034882058422332804	0.14376898652646158	-0.36358355836076767	-0.5933107623370711	1.859358549935081	-0.7857490023611121	-0.09003244060640445	2.071562858141122	0.0	0.0	0.0	2.071562858141122	0.0	mel1_rep1	mel1
10x16	10.0	16.0	6859	3038	3.836260802858487	0.3069188330421016	0.936970754729151	0.4669865194372469	0.38902758555232786	0.545442986573765	0.10973247236289004	-0.4684915545057601	0.8993229803164797	0.0	0.8993229803164797	0.0	3.1915874858907216	0.0	mel1_rep1	mel1
10x17	10.0	17.0	5263	2555	3.7212333700172775	0.35283360412927756	0.460379878529111	1.1358117240371173	0.38504323438599897	-0.8755712218489409	0.5903414713414907	0.8955607015932647	2.351402400466548	0.0	0.0	0.0	2.895940281261852	0.0	mel1_rep1	mel1
10x18	10.0	18.0	5057	2277	3.7038929536325447	0.7220736885467165	-0.46632335977100153	-0.6866135926387278	-0.5146191636981932	-0.7439880507055766	0.5445238551807581	-0.4684915545057601	2.1871549327937077	0.0	1.0910695772430603	0.0	2.554490386602308	0.0	mel1_rep1	mel1
10x19	10.0	19.0	3404	1643	3.53198955141255	-0.29242420869208574	-0.1271398875645313	-0.3511655894683896	0.7429817825876786	-0.5323138400305174	0.597894718847842	-0.4684915545057601	2.2837244425798553	0.0	0.0	0.0	1.927955737214862	0.0	mel1_rep1	mel1
10x20	10.0	20.0	11582	3680	4.063783560597355	0.706632764995801	-0.4016987321737443	-0.5342824654701999	-0.2584589856012838	-0.35717007192421585	0.23262542062035055	-0.31114777914105607	2.503426885731694	0.6224074651379439	0.0	0.0	2.1714141852908178	0.0	mel1_rep1	mel1
10x21	10.0	21.0	7477	2951	3.8737273806466797	0.8849265121292027	-0.30354452580514013	-0.4788118331592282	0.03522526477660552	-0.4137630211634833	0.7893848974389998	0.2148190332014582	1.6118957694594216	0.8490540887664455	0.0	0.0	1.8484137412287278	0.8490540887664455	mel1_rep1	mel1
10x22	10.0	22.0	4336	1944	3.6370892735303304	0.6231081423933212	-0.46632335977100153	-0.39394221380820915	-0.11562159509342244	-0.6535530471388108	0.7942091342277627	-0.4684915545057601	1.1958215920952295	0.0	0.0	0.0	2.3248447239832775	0.0	mel1_rep1	mel1
10x23	10.0	23.0	8551	2900	3.9320169064342014	0.5985562059740422	-0.36930711080695006	-0.3154647563953369	0.043812727858317475	-0.7547571428246487	-0.06096273952897575	0.5565548432058252	1.5059338048363	0.0	0.0	0.0	1.5059338048363	0.0	mel1_rep1	mel1
10x24	10.0	24.0	9948	3460	3.9977357765978985	0.7857788552860588	-0.29885582279801787	-0.20189307819933	0.008856201595798339	-0.08181981356652734	0.31006655819082973	-0.21795235243287628	1.39020708243973	0.0	0.6957573617427179	0.0	1.7961059938415913	0.0	mel1_rep1	mel1
10x25	10.0	25.0	4667	2304	3.669037800885156	0.43213859029773455	-0.20133230846456027	-0.32736103736831157	0.0013594577738024432	-0.6132447865952738	0.2570477211743461	-0.4684915545057601	2.2587185069738447	0.0	0.0	0.0	2.898209448382872	0.0	mel1_rep1	mel1
10x26	10.0	26.0	4401	2097	3.643551368562945	1.2467642034061952	-0.20224078033649884	-0.6866135926387278	-0.6275292761956134	-0.9759660656320951	0.24311773944467918	0.6736344586666425	1.1854658607862911	0.0	0.0	0.0	3.065719878486732	0.0	mel1_rep1	mel1
11x11	11.0	11.0	1499	979	3.1758016328482794	-0.10332780006843739	-0.33506466431146975	0.2341874988215482	-0.5166026012901516	0.623321089482097	-0.5191060625083602	-0.4684915545057601	0.0	0.0	0.0	0.0	3.0451575801754647	0.0	mel1_rep1	mel1
11x12	11.0	12.0	751	532	2.8756399370041685	-0.5257318667740724	-0.46632335977100153	-0.11236433650945529	-0.40555769365506233	0.3331539131098236	-1.0622218405945476	-0.4684915545057601	0.0	0.0	0.0	0.0	2.6613484007210935	0.0	mel1_rep1	mel1
11x13	11.0	13.0	1694	1054	3.228913405994688	-0.28963092052402956	-0.2599605577972667	-0.6866135926387278	1.4840680224044427	0.1912768423967529	0.7321221065783533	-0.4684915545057601	2.549943128388163	0.0	0.0	0.0	0.0	0.0	mel1_rep1	mel1
11x14	11.0	14.0	1225	804	3.0881360887005513	-0.11394754305812373	-0.32361413493566754	0.31451482426176824	-0.4726576755653716	1.1159953682462296	-0.29510947853838165	-0.4684915545057601	0.0	0.0	0.0	0.0	0.0	0.0	mel1_rep1	mel1
11x15	11.0	15.0	4420	2234	3.645422269349092	0.1256220711592173	0.8662972746342046	0.21644114529776037	0.7010639452422242	1.3474810952854395	0.08833753030252732	-0.4684915545057601	0.0	0.0	0.0	0.0	2.82358502682887	0.0	mel1_rep1	mel1
11x16	11.0	16.0	2971	1646	3.472902651803664	0.3781654832503388	0.32372131518647423	-0.3385545272551819	0.8935131725035815	-0.8921295616201981	-0.10063737671558712	-0.4684915545057601	1.4738174998780655	1.4738174998780655	0.0	0.0	1.4738174998780655	0.0	mel1_rep1	mel1
11x17	11.0	17.0	9318	3421	3.969322706112202	0.7813847193885581	-0.14544169803565998	-0.4159125230605193	-0.3495815592124294	-0.8789360139075267	1.0001166208345444	0.2500592640120814	2.141517075617369	0.0	0.7290892903624991	0.7290892903624991	2.8389541914882996	0.0	mel1_rep1	mel1
11x18	11.0	18.0	3855	1807	3.586024382386976	0.5584014402888813	-0.27671719390595567	-0.6866135926387278	-0.8058224167717963	-0.871224057500815	0.9773852268023139	-0.0077349384491065985	2.431517730388052	0.0	0.0	0.0	2.431517730388052	0.0	mel1_rep1	mel1
11x19	11.0	19.0	3272	1681	3.514813294999285	0.5371542232051727	-0.3169069513214187	-0.01322166151516374	0.3746769289298552	-0.32521188869886636	-0.17911168578818118	0.03573423353202081	1.4002551341476428	0.0	0.0	0.0	2.5821043558286254	0.0	mel1_rep1	mel1
11x20	11.0	20.0	7965	3216	3.9011857801371503	0.42134293917980203	-0.41392400567557963	-0.4945272101583327	-0.455499335446793	-0.5802328828684262	0.13318000468832214	0.8086966662211879	2.1439359234251993	0.0	0.0	0.0	2.1439359234251993	0.0	mel1_rep1	mel1
11x21	11.0	21.0	7544	2952	3.877601679729272	0.4530691188743533	-0.3349097072868569	-0.6866135926387278	-0.6860214986560456	-0.42714239620279776	0.29509181032846654	0.8553802496637566	2.0317973272338987	0.8439594657844307	0.0	0.0	2.1920266920360425	0.0	mel1_rep1	mel1
11x22	11.0	22.0	5619	2490	3.7496590320949	0.2945200725139689	-0.37299628530845397	-0.6866135926387278	0.05653657462965888	-0.5930791854454606	0.23488876464518063	-0.0016418183981422364	1.8467254912217037	0.0	1.022334409745524	0.0	1.5171805515705132	1.022334409745524	mel1_rep1	mel1
11x23	11.0	23.0	5445	2215	3.735997884091794	0.3200691117708549	-0.16557629004006028	-0.6866135926387278	-0.2662311919884833	-0.4737035163726205	0.2563126501456718	0.17050444248355556	1.873284442922057	0.0	0.0	0.0	2.4865123388587587	0.0	mel1_rep1	mel1
11x24	11.0	24.0	12248	4209	4.088065177690205	1.017357671185205	-0.41183439176265246	-0.6866135926387278	-0.020100743084691137	-0.5746521268449707	-0.011271225058033725	0.7450515915003253	2.0191179441134324	0.0	0.0	0.0	2.452209354798264	0.0	mel1_rep1	mel1
11x25	11.0	25.0	6162	2428	3.7897216939809217	1.0569229279483348	-0.1810572419556207	-0.6866135926387278	0.2547836552844303	-0.5741842566535983	0.654302264355985	0.8404395365993393	0.9642614076367797	0.0	0.0	0.0	2.2098389714445807	0.0	mel1_rep1	mel1
11x26	11.0	26.0	1105	769	3.0433622780211294	-0.25454649400044804	-0.2556712482464424	-0.6866135926387278	-0.8058224167717963	-0.44514182378661865	-0.028154294310313265	-0.4684915545057601	0.0	0.0	0.0	0.0	3.3375232429972668	0.0	mel1_rep1	mel1
12x12	12.0	12.0	1856	1111	3.268577971882843	-0.8764105239058787	-0.46632335977100153	0.2959062868200636	0.6622782909046416	0.23313226282108948	-0.06493151744913436	-0.4684915545057601	1.8544104341897223	0.0	0.0	0.0	1.8544104341897223	0.0	mel1_rep1	mel1
12x13	12.0	13.0	1646	1016	3.216429830876251	-0.0621507308607956	-0.46632335977100153	-0.6866135926387278	0.30424925241186485	1.3992837282706818	-0.15221453708191499	-0.4684915545057601	0.0	0.0	0.0	0.0	1.95661467116005	0.0	mel1_rep1	mel1
12x14	12.0	14.0	1063	732	3.0265332645232967	-0.40471241285133697	0.03177976472621204	-0.6866135926387278	-0.03566463425047838	0.19409749523549288	-0.41487082770070816	-0.4684915545057601	0.0	2.342511107692963	0.0	0.0	2.9864228473434107	0.0	mel1_rep1	mel1
12x15	12.0	15.0	1327	866	3.1228709228644354	-0.28759742951284983	0.5791294317726499	-0.6866135926387278	-0.8058224167717963	-0.19421145749018734	-0.43858697444427813	0.5743596256086021	2.144268500868506	0.0	0.0	0.0	0.0	0.0	mel1_rep1	mel1
12x16	12.0	16.0	3081	1719	3.4886916983169405	0.3330485586701224	-0.3731742240557657	-0.3746248370409909	-0.3278290420350246	0.013124882179756095	0.31393133294933734	0.22134627950714955	1.445906576091559	0.0	0.0	0.0	3.019165395239876	0.0	mel1_rep1	mel1
12x17	12.0	17.0	6316	2891	3.8004421213362565	1.1942499717840183	-0.28146515595063176	-0.45433585385976805	-0.4121462687614009	-0.7937906703327388	0.20495459560790613	0.5431458825030157	2.1878925902068853	0.0	0.0	0.9490601250619163	2.9957006074414787	0.9490601250619163	mel1_rep1	mel1
12x18	12.0	18.0	5584	2356	3.7469454096151047	0.478574859180768	-0.46632335977100153	-0.6866135926387278	-0.3700673014835	-1.0021248110399437	0.5381836224963092	0.2858639825875234	1.8519907331680459	0.0	0.0	1.026339381440108	2.840100076573628	0.0	mel1_rep1	mel1
12x19	12.0	19.0	1145	757	3.0588054866759067	-0.25086096229676325	-0.3197240542735492	-0.6866135926387278	-0.8058224167717963	-1.1708443773336998	-0.21733764599489555	0.10677362844744379	0.0	0.0	0.0	0.0	2.915998833918249	0.0	mel1_rep1	mel1
12x20	12.0	20.0	4029	1824	3.6051972673883776	-0.034822115950623345	-0.46632335977100153	-0.38126764816788744	-0.06072223309876042	-0.8077000009999157	0.010143007398214115	-0.0192331885727139	1.7857432280248977	0.0	0.0	0.0	1.2476084095274251	0.0	mel1_rep1	mel1
12x21	12.0	21.0	10439	3531	4.018658897585517	0.3316580280539631	-0.46632335977100153	-0.5221703812862813	-0.2004055147405823	-0.8593457110574797	0.3106206961484872	0.7616480451426735	1.5752158929387394	0.0	0.0	0.0	2.5253568921055582	0.0	mel1_rep1	mel1
12x22	12.0	22.0	6252	2731	3.7960189693471493	0.8057818294021579	-0.35309454913897703	-0.48048173914023884	-0.2719470176902503	-0.2605790380870155	0.07500284537394054	1.285622732135376	2.196940183448771	0.0	0.0	0.0	2.624371831489189	0.9553145655662502	mel1_rep1	mel1
12x23	12.0	23.0	2823	1509	3.450710878146919	0.6888475388582831	-0.36882352350118713	-0.0026363876228317207	-0.8058224167717963	-0.20575764381910464	-0.029332049014169324	0.2675603838485959	1.5134402842056265	0.0	0.0	0.0	2.089968650150388	0.0	mel1_rep1	mel1
12x24	12.0	24.0	6111	2686	3.7861122837198264	0.9373932484995192	-0.31537541006286446	-0.6866135926387278	-0.066654520036783	-0.20800399854926263	0.13478809302146533	0.7027680877526742	2.020961107340243	0.969411842596071	0.0	0.0	2.755413347612849	0.0	mel1_rep1	mel1
12x25	12.0	25.0	4845	2230	3.6852937813867843	1.005983736895295	-0.46632335977100153	-0.6866135926387278	-0.1729729725093533	-0.4635202415684619	0.035941976658874754	-0.06528673877822232	1.9729624095477527	0.0	0.0	0.0	2.225264854227237	0.0	mel1_rep1	mel1
12x26	12.0	26.0	5547	2612	3.7440581658788354	0.5925553282888145	-0.14326487097789617	-0.6866135926387278	0.7631657651268261	-0.013691766510670758	0.06613982711802206	-0.4684915545057601	1.5272626518529746	0.0	0.0	0.0	2.7358086914380793	0.0	mel1_rep1	mel1
13x12	13.0	12.0	926	669	2.966610986681934	-0.2714762464264991	-0.24029788442250283	-0.08257644431013555	-0.8058224167717963	-0.3103767412473504	-0.6667080909238892	-0.4684915545057601	3.5084782983891962	0.0	2.468026314309484	0.0	3.1178734492948132	0.0	mel1_rep1	mel1
13x13	13.0	13.0	820	576	2.9138138523837167	-0.5619333656903568	-0.3001227614322145	0.47931062911227096	-0.8058224167717963	-0.2907907205379872	-0.12094249500831157	-0.4684915545057601	0.0	0.0	0.0	0.0	2.5798472121421736	0.0	mel1_rep1	mel1
13x14	13.0	14.0	2867	1638	3.4574276929464847	-0.6706632771077492	0.6417051420536477	-0.6866135926387278	-0.11160765407461007	1.0176052677740162	-0.5346525878796635	-0.0889397150593266	1.5013997073016203	0.0	0.0	0.0	3.235369674728049	1.5013997073016203	mel1_rep1	mel1
13x15	13.0	15.0	4692	2307	3.671358003443492	0.6888205977327289	-0.46632335977100153	-0.6866135926387278	0.2454364740182408	-0.8118710399477101	0.30603679321378063	1.2075371844864011	2.623778615466303	0.0	1.141444197166192	0.0	3.0047705885356693	0.0	mel1_rep1	mel1
13x16	13.0	16.0	3832	1798	3.583425500406507	0.7021209878641262	-0.46632335977100153	-0.6866135926387278	0.1007597189299301	-0.6855035261159609	0.83431012157875	-0.006466009654718485	2.1780202400615734	0.0	0.0	0.0	3.0854279360640264	0.0	mel1_rep1	mel1
13x17	13.0	17.0	4362	1957	3.6396856612426816	0.8732766559117335	-0.46632335977100153	-0.6866135926387278	-0.2594780533808874	-0.7092103173087798	0.5739729311560704	-0.1672427221737198	0.0	0.0	0.0	0.0	2.3194525793491603	0.0	mel1_rep1	mel1
13x18	13.0	18.0	4199	2012	3.6231458746379395	0.3453676039188024	-0.46632335977100153	-0.6866135926387278	-0.24818636541605388	0.05334631981844712	0.7413640307935762	0.12403303245577915	2.353855762691271	0.0	0.0	0.0	2.353855762691271	0.0	mel1_rep1	mel1
13x19	13.0	19.0	2343	1338	3.369772288596963	0.481996987876423	-0.46632335977100153	-0.6866135926387278	-0.5699484972009408	-1.1708443773336998	0.14377619863609473	0.12986388816380048	1.661656941236133	0.0	0.0	0.0	2.2550809133716907	0.0	mel1_rep1	mel1
13x20	13.0	20.0	7159	2913	3.854852362417834	0.7609050348657895	-0.343830004109472	-0.6866135926387278	0.07902951298696463	-1.1708443773336998	0.004143136647044596	-0.04335310882521881	2.4993637304437315	0.0	0.0	0.0	2.2386926358690715	0.0	mel1_rep1	mel1
13x21	13.0	21.0	6937	2902	3.841171694499532	0.1430396099762681	-0.46632335977100153	-0.6866135926387278	0.28350031604430115	-0.5313464237718694	-0.06323289888194329	0.8617983147637075	2.637191878557686	0.0	0.0	0.0	2.824765923833654	0.0	mel1_rep1	mel1
13x22	13.0	22.0	4101	1970	3.612889769287485	0.3032610896764725	-0.46632335977100153	-0.6866135926387278	-0.008005384677113338	-0.5484846245095736	0.30171949152491084	-0.15628144580417738	2.7492291180190387	0.0	0.0	1.2350148704451709	2.375251611522749	0.0	mel1_rep1	mel1
13x23	13.0	23.0	1791	1092	3.2530955858490316	0.4030947128595853	0.007126827482420302	-0.2799744020676968	-0.17030532836070636	0.01944448711155498	0.09008285887343952	0.4306277035291844	2.4987229174362096	0.0	0.0	0.0	1.8845624055159615	0.0	mel1_rep1	mel1
13x24	13.0	24.0	2864	1600	3.456973013635818	-0.13766603013287718	0.12696867481601332	-0.36247528604361534	0.6948272810117453	0.5622054927465688	0.4306527372971638	0.23665637646822688	1.5022134633382114	1.5022134633382114	0.0	0.0	2.7058130637038538	0.0	mel1_rep1	mel1
13x25	13.0	25.0	5858	2626	3.76774936734558	0.6260755188566718	-0.37541255206156077	-0.6866135926387278	-0.42859790145179394	-0.44788986156772764	0.2955578226208627	0.4569839130944192	1.8117584457676938	0.0	0.0	0.0	3.343323752182339	0.0	mel1_rep1	mel1
13x26	13.0	26.0	3374	1878	3.5281450782531065	0.38000658035496493	-0.168396422198684	-0.6866135926387278	0.42458633455745626	0.08055729153099524	0.04919292588029484	-0.4684915545057601	2.2916781696009347	0.0	0.0	0.0	2.7612247518865054	0.0	mel1_rep1	mel1
13x27	13.0	27.0	505	401	2.7032913781186614	0.0650908408257444	-0.46632335977100153	-0.6866135926387278	0.11556249886774436	-1.1708443773336998	-0.05345247119470531	-0.4684915545057601	0.0	0.0	0.0	0.0	3.035048184003741	0.0	mel1_rep1	mel1
14x13	14.0	13.0	1087	754	3.0362295440862948	-0.15906565726631772	-0.31671130881501114	0.38287304297320285	-0.10079908843480076	1.2559871183165696	-0.1772831546731715	-0.4684915545057601	0.0	0.0	0.0	0.0	2.3223516426511424	0.0	mel1_rep1	mel1
14x14	14.0	14.0	4242	2155	3.627570664180543	-0.8764105239058787	0.449674658924299	0.6238807791543085	1.1727356254811716	1.5106489814350585	-0.5319846551652548	-0.4684915545057601	1.7430518099058296	0.0	0.0	0.0	3.20168026298275	1.2111604894174424	mel1_rep1	mel1
14x15	14.0	15.0	6177	2795	3.7907776013376937	0.9365658897698754	-0.31641152240688303	-0.6866135926387278	-0.11379112370228527	-0.05845123038948217	0.5949269572816852	0.4427616005636475	2.011649121914861	0.0	0.0	0.0	3.0931227934317844	0.0	mel1_rep1	mel1
14x16	14.0	16.0	4697	2268	3.671820560183249	0.4808476675940149	-0.23374460891121748	-0.6866135926387278	0.08226731979609934	-0.7528737490110443	0.6769461321614549	0.37466230965164343	0.0	0.0	0.0	0.0	3.0037583136591124	0.0	mel1_rep1	mel1
14x17	14.0	17.0	2914	1648	3.4644895474339714	0.8293650607600761	-0.46632335977100153	-0.6866135926387278	0.18296084021698134	-0.5052223304250621	0.2606163309710751	0.14438629316681206	2.062221369698421	0.0	0.0	0.0	3.0722420066838194	0.0	mel1_rep1	mel1
14x18	14.0	18.0	6252	2759	3.7960189693471493	1.0456772396892087	-0.46632335977100153	-0.6866135926387278	0.015883428009633667	-1.0138005552889042	0.20188083375930918	1.7468611668014262	1.434840764052246	0.0	0.0	0.0	2.0012032937074853	0.0	mel1_rep1	mel1
14x19	14.0	19.0	1526	1026	3.1835545336188615	0.21454050480329545	-0.46632335977100153	-0.25032858927939516	-0.06337045293847347	-0.09888787154524951	0.13115284490174267	0.042656073447843036	2.021955420152209	0.0	0.0	0.0	2.6466115739798415	0.0	mel1_rep1	mel1
14x20	14.0	20.0	2652	1593	3.4235735197327357	0.20296202626184925	-0.2851151600061046	-0.6866135926387278	0.23242854127682572	-0.5837066810431143	-0.3570146935334763	0.48915657213379193	1.5625012331197865	0.0	0.0	0.0	0.0	0.0	mel1_rep1	mel1
14x21	14.0	21.0	5046	2249	3.702947246181556	0.3629076682786305	-0.3959405611146092	-0.41922566343375045	-0.1428769348221703	-0.27257107510591105	0.21992300573313345	-0.1923048876696632	2.5564988616883437	1.0925163249191638	0.0	0.0	2.699505408638761	0.0	mel1_rep1	mel1
14x22	14.0	22.0	4214	2166	3.6246945312720813	0.3427404647310492	-0.3553337820643445	-0.6866135926387278	0.5838944756283343	-0.1702778336026647	-0.14699083474375071	-0.03068182870774607	1.7485186629035512	0.0	0.0	0.0	3.299661566270092	0.0	mel1_rep1	mel1
14x23	14.0	23.0	3656	1934	3.5630061870617937	0.07079501026483387	0.10728528181098146	-0.07973759553818759	0.5580065073577918	0.03996489752232276	0.1843039534072502	-0.4684915545057601	0.0	0.0	0.0	0.0	3.0030359523936414	0.0	mel1_rep1	mel1
14x24	14.0	24.0	2667	1565	3.4260230156898763	0.3881032502399538	-0.32846172768839244	-0.6866135926387278	-0.8058224167717963	-0.9147177585603793	-0.31805316694055175	-0.4684915545057601	2.1399558770823424	0.0	0.0	0.0	3.3049331160665445	0.0	mel1_rep1	mel1
14x25	14.0	25.0	6542	2878	3.815710539788963	0.5546073114338904	-0.283413027987812	-0.45957350812333014	-0.6663031258287228	-0.4739451842924889	0.011224664736182312	0.6707568220325413	1.9621122016205972	0.0	0.0	0.0	1.9621122016205972	0.0	mel1_rep1	mel1
14x26	14.0	26.0	9206	3347	3.9640709705579553	0.9570920156410918	-0.46632335977100153	-0.512948094780604	-0.12100663001903127	-0.6778087450440387	0.6341151339463796	0.08817179872632865	1.8611674427105604	0.0	0.0	0.0	2.6415525845036485	0.7353672848207312	mel1_rep1	mel1
15x13	15.0	13.0	1463	950	3.1652443261253107	-0.3162407904967344	0.06728096936729665	0.45690328093045807	-0.49047566676237425	0.8063985124627496	-0.7680497237502789	-0.4684915545057601	0.0	0.0	0.0	0.0	3.5603739808233223	0.0	mel1_rep1	mel1
15x14	15.0	14.0	2785	1606	3.4448251995097476	-0.8764105239058787	0.7185008194584905	-0.6866135926387278	1.6101903274549751	1.2830226526933244	0.21702409294730557	0.08030312900432994	1.5240247353639027	0.0	0.0	0.0	3.608391554598389	1.5240247353639027	mel1_rep1	mel1
15x15	15.0	15.0	3594	1928	3.555578072772955	-0.6549428094381492	-0.19081117405811157	1.2372031382256332	0.5307465603363988	-0.4098089687178768	-0.1969144388495877	1.2446465323162252	1.8817266540582835	0.0	0.0	0.0	2.4956537378449535	1.3303627305630792	mel1_rep1	mel1
15x16	15.0	16.0	5560	2642	3.7450747915820575	-0.06986099422008696	-0.46632335977100153	-0.6866135926387278	-0.8058224167717963	-0.194087006371879	0.427022040343965	1.4500031324071967	1.0291054104877546	1.0291054104877546	0.0	0.0	3.1938162384763595	0.0	mel1_rep1	mel1
15x17	15.0	17.0	4083	2109	3.610979379922997	-0.4230042521920378	-0.46632335977100153	-0.6866135926387278	-0.4479862449042407	-0.3794858458016788	0.6032265404838838	0.582303366596695	2.3792422082675997	0.0	0.0	0.0	3.238356645432961	0.0	mel1_rep1	mel1
15x18	15.0	18.0	6553	2743	3.816440167956139	0.5157748150995813	-0.3220347661413166	-0.6866135926387278	-0.41577204721799166	-0.5442115275650118	0.6272908902686503	-0.2342370900691789	0.9266443942206686	0.0	0.0	0.0	1.9606684884204724	0.0	mel1_rep1	mel1
15x19	15.0	19.0	1695	1109	3.229169702539101	1.0996829123083094	-0.3020843109454788	-0.6866135926387278	-0.3051842230017214	-0.925119430974465	-0.23391958393652343	-0.4684915545057601	1.9314786592037287	0.0	0.0	0.0	2.5493990784179004	0.0	mel1_rep1	mel1
15x20	15.0	20.0	6617	2977	3.8206611346435957	0.8392221784531502	-0.46632335977100153	-0.6866135926387278	-0.381488268076337	-0.6409761019499254	-0.2637868422861683	0.5800912639605796	2.1466671984390655	0.0	0.0	0.0	1.3919080143660991	0.0	mel1_rep1	mel1
15x21	15.0	21.0	3296	1744	3.5179872030250783	-0.36996996938408133	-0.3764696327377414	-0.6866135926387278	-0.15743667686804494	-0.4514077190284553	0.03520785731681451	-0.4684915545057601	1.394753626065867	0.0	0.0	0.0	2.5753506399411523	0.0	mel1_rep1	mel1
15x23	15.0	23.0	5750	2760	3.7596678446896306	-0.2885459855402386	0.2654216074822029	-0.6866135926387278	1.1145765740478866	0.005540799812172185	-0.22498075346430138	0.7595605510314296	2.5782385895802196	0.0	0.0	0.0	3.0850959541705896	0.0	mel1_rep1	mel1
15x24	15.0	24.0	5651	2764	3.752125307297898	0.2541436019051531	-0.003194583597364541	-0.6866135926387278	0.6233642535224719	-0.09663641138506773	-0.24476511797342979	-0.21096497652685167	1.5127500365639	0.0	0.0	0.0	3.1016757019254264	0.0	mel1_rep1	mel1
15x25	15.0	25.0	4679	2364	3.67015304519218	0.5548617388274651	0.5385380976559541	-0.4067884155995027	0.11879270280286978	-0.06844449379530815	-0.031226381221033647	-0.4684915545057601	1.662868267693632	0.0	0.0	0.0	2.626352161975562	0.0	mel1_rep1	mel1
15x26	15.0	26.0	2609	1585	3.4164740791002206	-0.29594903067673195	0.39338644784930066	-0.30103155971470363	0.42277395094888803	0.354539245151056	-0.49840756718292417	0.28314813173367953	1.575443838536498	0.0	0.0	0.0	3.177942031585601	0.0	mel1_rep1	mel1
15x28	15.0	28.0	667	491	2.824125833916549	-0.1272374255529004	-0.034674161198716594	-0.6866135926387278	0.24568482632221159	-0.4020745046440024	-0.2919773600955588	-0.4684915545057601	0.0	0.0	0.0	0.0	2.772120096709859	0.0	mel1_rep1	mel1
16x13	16.0	13.0	934	667	2.9703468762300935	-0.31459412987141966	-0.46632335977100153	-0.08450265444909966	0.254474687117981	-0.36606934894330706	-0.738857797661251	0.15343260481808202	3.1096534721859865	0.0	0.0	0.0	2.460156041226102	0.0	mel1_rep1	mel1
16x14	16.0	14.0	1964	1256	3.2931414834509307	-0.45236589846889885	0.45506422444899575	-0.0956959459679727	0.9110204942933382	1.33200153695866	-0.29954171873110513	-0.4684915545057601	0.0	0.0	0.0	0.0	3.7312969165423118	0.0	mel1_rep1	mel1
16x15	16.0	15.0	5611	2698	3.749040268703457	0.31496603758307556	0.5667040682451228	-0.196247025782042	0.3198042304682347	0.22182234106946938	0.13680055221325094	-0.2098161215877857	1.8479256221259979	0.0	0.0	0.0	2.935033575745022	0.0	mel1_rep1	mel1
16x16	16.0	16.0	2519	1290	3.401228167498113	0.7376116698160495	-0.46632335977100153	-0.6866135926387278	0.24541588055317298	-0.8420488804251803	0.890898082766168	-0.4684915545057601	1.603385492907052	0.0	0.0	0.0	2.557962536528833	0.0	mel1_rep1	mel1
16x17	16.0	17.0	1577	892	3.197831693328903	-0.07208111270030206	-0.46632335977100153	-0.06879043434953391	-0.254644752897873	-0.4504549195306371	0.6124952962306667	0.47355599063212245	1.9934960632426901	0.0	0.0	0.0	1.9934960632426901	0.0	mel1_rep1	mel1
16x18	16.0	18.0	4510	2089	3.6541765418779604	0.23324445236375124	-0.46632335977100153	-0.6866135926387278	0.0203891569594107	-0.7171692385635611	0.3167820502530263	0.395226376583652	2.2894167295131758	0.0	0.0	0.0	2.2894167295131758	0.0	mel1_rep1	mel1
16x19	16.0	19.0	4536	2263	3.65667304588485	0.3288474556686107	-0.2937161851809051	-0.6866135926387278	-0.27550391799976465	-0.6747008284093097	0.15470846748035003	-0.17408658801490617	1.164582764668419	0.0	1.164582764668419	0.0	2.4868154676350334	0.0	mel1_rep1	mel1
16x20	16.0	20.0	5098	2475	3.7073998311332486	0.09699030544891862	-0.46632335977100153	-0.6866135926387278	-0.3632583194095812	-0.9315926681454766	0.035411667322853196	-0.4684915545057601	1.5939398557341926	0.0	0.0	0.0	2.3802651119055165	1.0857139787635093	mel1_rep1	mel1
16x21	16.0	21.0	2374	1435	3.3754807146185724	-0.29000985714523203	0.15757425419950064	-0.13757139422579917	1.333647752607601	0.3228316688447033	-0.09718950358569899	0.09861757111144458	1.6510212009213208	0.0	0.0	0.0	2.6127793353242925	1.6510212009213208	mel1_rep1	mel1
16x22	16.0	22.0	3665	1921	3.564073978977147	-0.4066716741060747	-0.14701535137547933	0.2966216118090095	0.8898100886828674	0.6291526454208086	-0.019830527188172384	-0.4684915545057601	1.8651688280195966	0.0	0.0	1.3160094840414165	2.854806625686784	0.0	mel1_rep1	mel1
16x23	16.0	23.0	4607	2208	3.6634182122526795	-0.005664729847242052	-0.10450739779621045	-0.6866135926387278	-0.502545535201247	-0.5911720185749856	-0.1258643190339523	-0.05296854450626194	2.016479087786286	0.0	0.0	0.0	2.6407458780974764	0.0	mel1_rep1	mel1
17x13	17.0	13.0	1320	862	3.12057393120585	0.16616867857666348	-0.2171040822059836	-0.1606713929833249	-0.4766426810127621	0.5059253418995507	-1.1075078283432966	-0.4684915545057601	0.0	0.0	0.0	0.0	2.1489393361767575	0.0	mel1_rep1	mel1
17x14	17.0	14.0	3913	2088	3.59250984790068	-0.21510109711056374	0.21573498984948178	-0.10243657745735732	0.44587266774481144	1.6162100071669505	-0.8440088552214511	-0.14781156784960026	1.2685193116314644	0.0	0.0	0.0	3.279249667358002	1.2685193116314644	mel1_rep1	mel1
17x15	17.0	15.0	3218	1786	3.5075860397630105	-0.022165619305702895	-0.24633202510528246	0.9087949258042177	0.6023998136816234	0.1858213186410577	0.021142793851685927	-0.4684915545057601	1.9761677913456526	0.0	0.0	0.0	2.5974970265650894	0.0	mel1_rep1	mel1
17x16	17.0	16.0	6539	3040	3.8155113373627643	-0.022687897382971858	0.2186055612299171	1.0267900989033225	-0.17605586328597014	-0.8080352238161311	-0.019712192705678214	0.470905989355515	1.4008311006399203	0.0	0.0	0.0	3.0388260395230358	0.9279369796965173	mel1_rep1	mel1
17x17	17.0	17.0	6600	2692	3.8195439355418688	0.7263724037395585	-0.2346097522953935	-0.4687939656465261	-0.3172493175044361	-0.2528585384481569	0.866027925281206	-0.11613026924237917	2.5742301665360094	0.0	0.0	0.0	2.7820138626993645	0.0	mel1_rep1	mel1
17x18	17.0	18.0	3798	2060	3.5795549604009986	0.35663653846843424	-0.039735544747040004	-0.6866135926387278	-0.35130188351475006	-0.32931740994292974	-0.08585426454099741	0.1589154913155128	2.966857018578111	0.0	0.0	0.0	2.650761679365458	0.0	mel1_rep1	mel1
17x19	17.0	19.0	969	716	2.986323777050765	-0.8764105239058787	-0.46632335977100153	-0.16302470628233587	-0.43411549592118276	-0.23709091460537554	-0.5660763537926395	-0.4684915545057601	0.0	0.0	0.0	0.0	2.426563779520568	0.0	mel1_rep1	mel1
18x13	18.0	13.0	801	558	2.9036325160842376	-0.5048301817920184	-0.29872570197323683	-0.6866135926387278	-0.31979514312177687	1.9648704648373005	-0.6401715168225734	-0.4684915545057601	2.601533054350115	0.0	0.0	0.0	2.601533054350115	0.0	mel1_rep1	mel1
18x14	18.0	14.0	2342	1481	3.369586890736344	-0.41203776692123995	-0.08812710478794526	0.3484317477937661	1.4736513019856825	1.283132767722109	-0.16960593838135946	-0.048339464142610165	1.6620028147233494	0.0	0.0	0.0	3.559876040402459	0.0	mel1_rep1	mel1
18x15	18.0	15.0	2480	1326	3.3944516808262164	1.013708626442907	-0.36222480672784513	-0.6866135926387278	-0.3289254712808119	-0.574334873622972	0.09190009102524557	-0.4684915545057601	0.0	0.0	0.0	0.0	2.5723659551165863	0.0	mel1_rep1	mel1
18x16	18.0	16.0	3775	1964	3.576916955965207	0.26856534721433084	-0.07325302170853443	-0.6866135926387278	-0.4372446894301013	-0.40962688516371554	0.1650890413497118	-0.1412550674849423	0.0	0.0	0.0	0.0	3.212497913266963	0.0	mel1_rep1	mel1
18x17	18.0	17.0	5475	2651	3.738384123512156	-0.16611606887651043	0.12865601959533782	2.2639618615157935	0.7216326195565148	-0.7576073803155438	-0.3176526076219666	-0.4684915545057601	1.537505303406224	0.0	0.0	0.0	3.3462926712873884	1.537505303406224	mel1_rep1	mel1
18x18	18.0	18.0	5279	2568	3.7225516620009587	0.14682852247216485	0.07932208135890886	-0.45730157303517627	0.33092252134339484	-0.2902433452383552	-0.6080814499482041	0.8171715943481587	1.5662373256927549	1.062742650729098	1.062742650729098	0.0	3.878620378853522	0.0	mel1_rep1	mel1
18x19	18.0	19.0	602	468	2.7795964912578244	-0.5830241695423334	-0.14381253463137977	-0.6866135926387278	0.3064925133831497	-0.1689968737830887	-0.31024625132105893	-0.4684915545057601	2.8685404962389303	0.0	0.0	0.0	2.8685404962389303	0.0	mel1_rep1	mel1
19x13	19.0	13.0	1364	906	3.13481437032046	-0.3533457361509386	-0.46632335977100153	-0.013250119698491436	1.1792416049980863	1.1523333051832516	-0.11342566044870069	-0.4684915545057601	0.0	0.0	0.0	0.0	4.308296439112089	0.0	mel1_rep1	mel1
19x14	19.0	14.0	2703	1537	3.4318460456987254	-0.7230756564319203	-0.06521305363579083	0.194707103894583	1.322505335086058	1.1741901939617165	-0.40968061261367344	-0.4684915545057601	0.0	0.0	0.0	2.1281348070511776	3.2920203818683196	0.0	mel1_rep1	mel1
19x15	19.0	15.0	5410	2521	3.7331972651065692	-0.37339051582948535	0.9001855047467516	0.042648843336757586	0.4582778989480957	0.6084297924796847	-0.4623024558355045	0.5222771253131834	1.8787451732654221	0.0	0.0	0.0	2.7592140970996657	1.0467675564736343	mel1_rep1	mel1
19x16	19.0	16.0	3084	1793	3.4891143693789193	-0.2733783443846307	0.24509283652474126	-0.021088994069585545	1.133733047305968	1.21770180237258	-0.3436726138379964	-0.10315636698175652	2.3728223261285772	0.0	0.0	1.4451626539750544	2.0129122811476368	0.0	mel1_rep1	mel1
19x17	19.0	17.0	1691	1064	3.2281436075977417	-0.6216385749734488	0.46788457737063716	-0.13605005145697105	-0.5096443163106716	-0.28664835758184576	-0.9975778903834722	0.02029447061479419	2.551577358055056	0.0	0.0	0.0	2.551577358055056	0.0	mel1_rep1	mel1
19x18	19.0	18.0	940	664	2.9731278535996988	-0.6253914141073441	0.37430851192794495	-0.6866135926387278	-0.22325929765870778	0.9859314365248005	-0.8145433556803852	-0.4684915545057601	0.0	0.0	0.0	0.0	0.0	0.0	mel1_rep1	mel1
20x12	20.0	12.0	685	487	2.8356905714924254	-0.595436857141783	-0.08136654102979526	-0.6866135926387278	-0.8058224167717963	0.25028985724400943	-0.5453402966367332	-0.4684915545057601	0.0	0.0	0.0	0.0	2.7471773294910227	0.0	mel1_rep1	mel1
20x13	20.0	13.0	3909	2021	3.5920656704322473	-0.6911891977114129	0.9639277860352407	1.3320876916770272	0.25785985075396206	0.07356418697936833	-0.7836254240730605	0.12730406615679407	1.2692545258141754	0.0	0.0	0.0	2.4188377236478664	0.0	mel1_rep1	mel1
20x14	20.0	14.0	931	654	2.9689496809813427	-0.8764105239058787	-0.3076440043007173	-0.0837824310943111	-0.07887955614543911	-0.45257816844701537	-0.8735087319264586	-0.4684915545057601	0.0	0.0	0.0	0.0	2.463098791016768	0.0	mel1_rep1	mel1
20x15	20.0	15.0	2999	1688	3.476976465759527	0.40051874131854015	-0.11381259763293242	-0.6866135926387278	-0.15240707511347362	-0.5129546086075877	0.28858293844521676	-0.09773866974474572	0.0	0.0	1.4665935316590097	0.0	3.3205496597643744	0.0	mel1_rep1	mel1
20x16	20.0	16.0	4866	2330	3.6871721045948	-0.8764105239058787	0.9852986259420164	1.112378752816541	0.9217756104503961	1.1645088446398073	-0.5919824868855358	-0.4684915545057601	0.0	0.0	0.0	0.0	3.1614939872170185	0.0	mel1_rep1	mel1
20x17	20.0	17.0	1958	1275	3.291812687467119	-0.6971147381225541	1.4092031207131752	-0.2592846582265104	-0.5489652919137983	1.8541933818350451	0.4475079194027081	-0.4684915545057601	0.0	0.0	1.809476966350394	0.0	1.809476966350394	1.809476966350394	mel1_rep1	mel1
21x12	21.0	12.0	1199	749	3.0788191830988487	-0.5826226661434041	-0.20720029052291308	-0.6866135926387278	-0.03154465364834936	0.05407566073332822	-0.14754340156044354	-0.4684915545057601	2.2343366125551793	0.0	0.0	0.0	2.2343366125551793	0.0	mel1_rep1	mel1
21x13	21.0	13.0	3030	1887	3.481442628502305	-0.8764105239058787	0.08511831267072742	1.0031272792060024	-0.37937350832733324	-0.09049811571011405	-0.1713819755342683	0.8679288570541065	0.0	0.0	0.0	0.0	2.3888536198814205	0.0	mel1_rep1	mel1
21x14	21.0	14.0	751	564	2.8756399370041685	-0.8764105239058787	-0.2233736380388493	-0.6866135926387278	-0.11600239210780673	-0.7713737503039381	0.0014822205356783086	-0.4684915545057601	0.0	0.0	0.0	0.0	3.712272141266958	0.0	mel1_rep1	mel1
21x15	21.0	15.0	2646	1549	3.422589839851482	0.11840880458211599	-0.3235219587073529	-0.6866135926387278	0.22293189142526826	-0.4956540122350423	0.20468852211034838	-0.4684915545057601	2.1469341701990836	0.0	0.0	0.0	3.312549264308097	0.0	mel1_rep1	mel1
21x16	21.0	16.0	4116	2205	3.6144753660903954	0.9144277689351422	1.2930983166611603	0.3030714607745354	0.8391455467573934	-0.33671672635487254	0.0058934167914483915	0.29306922149390724	1.2324270878412205	0.0	0.0	0.0	3.230623844205691	0.0	mel1_rep1	mel1
22x15	22.0	15.0	1788	1165	3.2523675144598987	-0.6895338412334133	-0.07348142724044603	1.9545365667209742	-0.35846209761204995	-0.1372970520124265	-0.5520501353466182	-0.4684915545057601	3.151511540223939	0.0	0.0	0.0	0.0	1.8859843881241258	mel1_rep1	mel1
7x15	7.0	15.0	4813	2449	3.6824158616773586	0.03525338030524458	-0.06544887394877906	0.5805901906514322	0.09814484308253706	-0.24699912293134965	0.11058531377191093	0.6096655182426852	1.97867028992048	0.0	0.0	0.0	3.5334909075384053	1.6400471190569068	mel1_rep2	mel1
7x16	7.0	16.0	1860	1142	3.2695129442179165	0.3501934781298217	0.05482205718384871	-0.7723543259893779	-0.12493621557017641	-0.4431052494565126	-0.522445473055602	1.1875472580844646	1.8525949058444695	0.0	0.0	0.0	3.5042972795318135	0.0	mel1_rep2	mel1
7x17	7.0	17.0	2005	1170	3.302114376956201	-0.5121289107169071	-0.46291281295260933	0.18140245739472313	0.12131617473118166	0.05643319725431196	0.2655118774057324	-0.581399035956475	1.7896791689146838	0.0	1.7896791689146838	0.0	1.7896791689146838	0.0	mel1_rep2	mel1
7x18	7.0	18.0	2547	1314	3.406028944963615	0.5582883226816052	-0.2676225262005744	-0.24645072152860834	-0.8498762120763154	-0.6812237998596338	0.2653444568628469	0.2633405137213339	2.180685823407055	0.0	0.0	0.0	2.547769002511103	0.0	mel1_rep2	mel1
8x13	8.0	13.0	1546	1020	3.189209489582306	-0.08867356256842733	0.23328149528671988	-0.3341095530046978	-0.10088425879844316	-0.03340128602717266	-0.3232545584443937	-0.581399035956475	3.015775847900052	0.0	0.0	0.0	3.015775847900052	0.0	mel1_rep2	mel1
8x14	8.0	14.0	8919	3744	3.9503161639246	0.2988898002839154	1.050129811649096	0.45998055833703105	0.9172596307304005	-0.1418554173551421	-0.22138365335101665	0.6127622377277764	2.0447480692940734	0.0	0.0	0.0	2.671000467484712	0.0	mel1_rep2	mel1
8x15	8.0	15.0	11611	4167	4.064869625059806	0.7517057425456728	0.06019462252615607	-0.475118629996099	0.615686512613985	0.1082427370181089	0.5388966903767887	0.8992299157359234	2.169198872355522	0.0	0.6212495196760206	0.0	2.8543871735558746	0.0	mel1_rep2	mel1
8x16	8.0	16.0	1792	1135	3.2533380053261065	0.5446175628277905	-0.12713522555934398	0.09267633720445917	-0.11959906029235763	0.29332753973304276	-0.20395576216554512	-0.581399035956475	1.884089020894242	0.0	0.0	0.0	3.36390338263115	0.0	mel1_rep2	mel1
8x17	8.0	17.0	10325	3904	4.013890060328438	-0.6818596794287699	0.6940771156170806	1.7491091254475784	0.22426813426121237	-0.36007317272462447	-0.2016453850997362	0.8580523189444065	1.765178472663999	0.0	0.0	0.6772835165867778	2.86019263954264	0.0	mel1_rep2	mel1
8x18	8.0	18.0	2139	1257	3.330210784571528	0.16615348932350676	-0.3076814323252313	-0.20875275840726523	0.12581205649183244	0.21364044454569608	0.06646308254985991	-0.1469828034072708	0.0	0.0	0.0	0.0	3.193574799088062	0.0	mel1_rep2	mel1
8x19	8.0	19.0	1917	1081	3.2826221128780624	-0.2180668681009046	-0.34154388154718573	-0.7723543259893779	-0.8498762120763154	-0.2221329185045898	-0.23027446652947353	-0.581399035956475	0.0	0.0	0.0	0.0	2.4365011273360744	0.0	mel1_rep2	mel1
9x13	9.0	13.0	4771	2444	3.6786094165589263	-0.23863310140104202	0.5159814439964362	0.36003884642600537	0.7362820294971633	0.28043857828834023	-0.09312668624063077	0.7445241242525444	2.2390046818554237	0.0	0.0	0.0	2.8773975766429296	0.0	mel1_rep2	mel1
9x14	9.0	14.0	16038	5356	4.2051502091401805	0.026102993847505567	0.9324307428560925	0.5257070125223631	1.131328805969615	0.6240181624374527	-0.02336518490359665	0.6301248725173296	1.6798281527421985	0.0	0.0	0.0	3.5984237275061197	0.8096130309197855	mel1_rep2	mel1
9x15	9.0	15.0	16659	5279	4.221648928192229	0.3146055003557391	0.7825033616124191	0.6683363445116437	0.5171204853328245	-0.6828060381305682	0.38707101840288555	0.4816127290904889	1.649030265968424	0.0	0.47017619374214414	0.0	3.3326481873012814	0.47017619374214414	mel1_rep2	mel1
9x16	9.0	16.0	8146	3473	3.9109444057499787	0.5605489863526016	0.6945082257659391	-0.38510278056238745	1.0101412176143827	-0.36812433012884477	-0.06948730179982797	0.01967444972122099	1.9654300797542472	0.0	0.0	0.8009231415212164	3.6330466874065594	0.0	mel1_rep2	mel1
9x17	9.0	17.0	3777	1945	3.5771469848275252	-0.8759157904569661	0.43954659689028713	1.2285701137198688	0.08982418699352304	-0.3082137372270199	-0.17138208471134894	-0.1115113110653746	1.2940704913321421	0.0	0.0	0.0	2.4501785215761065	1.8397886831399457	mel1_rep2	mel1
9x18	9.0	18.0	3523	1845	3.5469126431812423	0.29642451075681925	-0.0759293032186878	-0.3144638955655418	-0.43050355394673356	0.9212924856896519	-0.14916093247662285	-0.05240620229177566	1.3450790401321222	0.0	0.0	0.0	2.7207985687015754	0.0	mel1_rep2	mel1
10x13	10.0	13.0	3446	1784	3.53731527311201	-0.15778172971194804	0.30426547140850096	-0.1472717827437656	0.5123835762013257	0.09263807988620025	-0.20404455889366638	0.4483992101843528	2.2727180598531933	0.0	0.0	0.0	3.300169591241423	0.0	mel1_rep2	mel1
10x15	10.0	15.0	7148	3271	3.8541845438336066	0.42392858560581054	0.15504804026025246	-0.2340147020700521	0.5698571062452066	0.6307715661361306	-0.05177286986828788	1.2128391241173075	1.6480773366165802	0.0	0.0	0.0	3.152047050196713	0.8750489514385491	mel1_rep2	mel1
10x16	10.0	16.0	4850	2455	3.6857417386022635	-0.7466189827640473	0.345637753741583	-0.3425214216473364	0.37628334965923405	1.0955828303993405	0.12384415403675318	-0.581399035956475	1.972074432257141	0.0	0.0	1.119021160299317	2.861906286730844	1.119021160299317	mel1_rep2	mel1
10x17	10.0	17.0	3468	1857	3.540079088804173	-0.02783726745547695	0.02922593079020092	0.5044873116524026	0.30257911207411237	0.9447267896159035	0.012765235794723273	-0.24190574527879302	0.0	0.0	0.0	0.0	3.2940410728075165	0.0	mel1_rep2	mel1
10x18	10.0	18.0	2326	1321	3.3666097103924297	-0.8380073146645851	-0.1479223267241058	0.02548708690212717	-0.1655648486926487	2.106822085326034	-0.33729944944913376	0.441375712995381	0.0	0.0	0.0	0.0	2.901251500341789	0.0	mel1_rep2	mel1
11x12	11.0	12.0	1729	1068	3.2377949932739227	-0.6623231510469879	0.4217578519497912	0.6053590349491371	-0.16944592032284106	-0.03659066211839347	0.29890771778655106	-0.581399035956475	0.0	0.0	0.0	0.0	1.9145212008382146	0.0	mel1_rep2	mel1
11x13	11.0	13.0	13376	4802	4.126326260094941	-0.3359314774869744	1.0234380234885347	1.0209658254220935	0.3075027017504948	-0.2620730458798523	-0.31854594568319405	0.726054528377716	1.829898441824513	0.0	0.0	0.0	3.185353676544068	0.5582477986659978	mel1_rep2	mel1
11x14	11.0	14.0	13925	4590	4.143795203845767	0.888629143966787	-0.13286313836369015	-0.06274514151408024	0.2756591647489246	-0.3083947783752142	0.22463635451687122	0.5262341747758343	2.4657232203363355	0.0	0.0	0.5412381515256702	3.08309517462851	0.0	mel1_rep2	mel1
11x15	11.0	15.0	15511	4661	4.1906397978446845	1.185451467149494	0.013115738822287816	-0.35683886991548763	0.2615826273417396	-0.05632932150428597	0.5030972475149121	0.2657998468664119	1.8176919744570634	0.0	0.0	0.0	2.5839501108416396	0.0	mel1_rep2	mel1
11x16	11.0	16.0	6833	2948	3.834611420722687	0.8737116664596959	-0.06551081204775289	0.1698749762604295	0.08194568484676064	0.5326362774044092	0.01328953450325883	0.37809737345743333	0.0	0.0	0.0	0.0	1.9248242668439979	0.0	mel1_rep2	mel1
11x17	11.0	17.0	4813	2307	3.6824158616773586	-0.008981909952627003	0.15504261691643467	0.3583317920908142	0.41892417789746084	1.4661198243810911	-0.18817968633953014	-0.027041439562059778	1.6400471190569068	0.0	0.0	0.0	3.080857219674452	0.0	mel1_rep2	mel1
12x12	12.0	12.0	4376	2230	3.641077313325374	-0.08147657466579555	0.3772888014869835	-0.08818483123703319	0.17425599193988492	-0.12414811531070137	-0.018662225648635154	0.3916722713528868	2.0612235813530138	0.0	0.0	0.0	3.071151738419861	0.0	mel1_rep2	mel1
12x13	12.0	13.0	8205	3313	3.914078585389112	0.30801071346339143	-0.09936943378884312	-0.19421228316129985	0.052908161806051214	-0.08925269784759586	0.49282141590621914	-0.0685539872134959	0.7969525570853425	0.0	0.0	0.7969525570853425	2.893852725942445	0.0	mel1_rep2	mel1
12x14	12.0	14.0	11591	3987	4.064120905829622	0.7011987801428355	0.08149819049366383	0.024170017293860313	-0.12696307919619523	-0.5271508038779774	0.8304744124952484	0.369167293957894	2.350434018728455	0.0	0.0	1.0026433349935695	2.95060440542335	0.0	mel1_rep2	mel1
12x15	12.0	15.0	11787	4300	4.071403283531469	0.4453804721310158	0.13381922545224686	0.5185757436310924	0.30176038769356256	-0.2656370036652282	0.11332238846535271	1.093670275253805	1.9371210775291003	0.6143162323997644	0.0	0.6143162323997644	3.0615862627566193	0.0	mel1_rep2	mel1
12x16	12.0	16.0	16791	5360	4.225076561626392	-0.07745034945330516	0.9010635295179374	0.9122958617155592	2.122089578696832	-0.297969012302442	0.08108927055492332	0.21393590412285932	1.5202444172093026	0.0	1.218534833890909	0.0	3.4832236167368587	1.0248478481604657	mel1_rep2	mel1
12x17	12.0	17.0	5072	2380	3.7051792448736762	-0.4795891772116943	0.26903971115618003	0.5825739199328268	1.0083112908226821	1.4052332321717873	-0.24557844645710422	-0.581399035956475	1.9336678741906257	0.0	0.0	0.0	2.930899282145272	0.0	mel1_rep2	mel1
13x11	13.0	11.0	2426	1425	3.3848907965305544	0.08676208605357374	-0.46291281295260933	-0.022353430238971225	-0.2390752245408128	-0.40791361628050254	-0.33827788208937476	-0.581399035956475	2.2239771895168308	0.0	0.0	0.0	2.5927167596060188	0.0	mel1_rep2	mel1
13x12	13.0	12.0	7186	2977	3.8564872128686307	0.0468447473880444	-0.46291281295260933	-0.5823020290492255	-0.4499374319631985	-0.3345940969385788	0.06681571446227035	0.14654042379042143	0.8719604101997043	0.8719604101997043	0.0	0.0	2.0741744244922167	0.0	mel1_rep2	mel1
13x13	13.0	13.0	10761	3770	4.031852631395629	0.6381596858199163	-0.3598770169325236	-0.17227135879448066	-0.40901683872889133	-0.6399252002636032	0.27563267981734635	-0.248146716727143	2.4178848984738077	0.0	1.0503191666436833	0.0	2.4178848984738077	0.6571477394761569	mel1_rep2	mel1
13x14	13.0	14.0	9491	3499	3.977311973396926	0.7224271400121725	-0.02606802003257288	0.23239837971662977	1.1711286981214115	0.2110934098771572	0.3870955337751234	-0.29770580366204297	1.8354810594580033	0.0	0.0	0.0	2.8216435131522304	0.0	mel1_rep2	mel1
13x15	13.0	15.0	9227	3475	3.9650605206111984	0.5020162611083445	-0.12712438117055658	-0.329809867361133	-0.3269439727872287	-0.08609735943251721	0.6228337733665406	-0.2928969762761733	2.1501831812185697	0.0	0.0	0.0	2.9091070403131383	0.0	mel1_rep2	mel1
13x16	13.0	16.0	13201	4632	4.120606831056773	0.4885166905304373	0.4432096880511122	-0.23106415641314276	1.137881344025462	0.05925968929872593	0.10055912299147335	0.4234259458425818	1.393784608864796	0.0	0.9222874116521353	0.0	3.735428823154844	0.0	mel1_rep2	mel1
13x17	13.0	17.0	3050	1711	3.484299839346786	-0.3146511437169149	0.8093847039540096	-0.421786652073016	0.7213382922466948	1.3536598067895624	0.028970896013302924	-0.581399035956475	2.0225241788233372	0.0	1.4536465431493821	0.0	3.1760025475773883	0.0	mel1_rep2	mel1
13x18	13.0	18.0	1871	1080	3.27207378750001	0.1117022548068644	-0.29959863591222147	-0.3696463041964647	-0.4498843633525385	1.6471130809054397	-0.06269191805025298	-0.581399035956475	1.8476254037794444	0.0	0.0	1.8476254037794444	2.835223458116006	0.0	mel1_rep2	mel1
14x7	14.0	7.0	7962	3133	3.901022173248079	0.752732450289786	-0.3725912471465006	-0.7723543259893779	-0.09526278255708721	-0.341864262460351	0.539760616288507	-0.18020757952891459	2.2815413039138033	0.0	0.0	0.0	3.049057538764019	0.0	mel1_rep2	mel1
14x8	14.0	8.0	10034	3732	4.001474096691733	0.7009923265204574	-0.13295172495945254	-0.7723543259893779	-0.552662895378459	-0.35819968526174356	0.4396865907838439	0.21872396893207294	1.6067234482708421	0.0	0.0	0.6914515041275112	3.1322477980228913	0.0	mel1_rep2	mel1
14x9	14.0	9.0	4309	2221	3.6343764940883676	-0.4108843366715078	-0.10775388493268684	-0.4597206239049515	0.355926291593433	0.9663632325825424	-0.15559984204102315	0.4902081212421299	1.200182851290897	0.0	0.0	0.0	3.80874381680047	0.0	mel1_rep2	mel1
14x10	14.0	10.0	7131	3075	3.8531504364478426	0.7149910068829786	-0.31809826820812054	-0.14165844631317187	-0.5814457717485604	-0.47739158098290324	0.4656984191437896	0.49440424439249425	2.0808953994753985	0.0	0.0	0.8764382107021549	3.4160493809847625	0.0	mel1_rep2	mel1
14x11	14.0	11.0	5072	2532	3.7051792448736762	0.4869372531268446	-0.08570551381520733	-0.7723543259893779	-0.3254054558866009	-0.44192292533055116	0.0795564009299111	-0.18153134407543883	1.9336678741906257	0.0	0.0	0.0	3.20515435434305	0.0	mel1_rep2	mel1
14x12	14.0	12.0	9456	3559	3.97570746353718	0.5968106902223023	-0.3916226308611439	0.0077653730920920205	-0.5807245561597502	-0.31469594624752856	0.14713317308283508	1.0416752724601408	1.4285366663181913	1.1362481638269797	0.0	0.0	1.9940439978934954	0.0	mel1_rep2	mel1
14x13	14.0	13.0	5288	2310	3.723291446477584	0.6227631946725891	-0.01549270197867279	-0.23978571187774503	0.4411920651841716	-0.5800573504473673	0.18199460602306	0.33368923256938904	2.347115784239708	0.0	0.0	0.0	2.347115784239708	0.0	mel1_rep2	mel1
14x14	14.0	14.0	10006	3650	4.00026049854739	0.3084028817036012	-0.14985298160467062	-0.35250950139632753	0.471556722261803	-0.12153479055056288	0.1691241725967836	0.016956003525965112	1.9453960395958003	0.0	0.0	0.0	2.9951624530320324	0.0	mel1_rep2	mel1
14x15	14.0	15.0	11717	4011	4.06881642992222	0.6823109379941561	-0.22949824323113605	-0.6235427791487261	0.5441136643243043	-0.3593706875039273	0.5147225053550526	0.7497612412757875	2.057666970526282	0.0	0.0	0.0	2.894209698545339	0.0	mel1_rep2	mel1
14x16	14.0	16.0	15152	5137	4.180469961659198	0.16204656565856926	0.07275529924754723	0.3779532580415479	0.24862506781221197	-0.3618387732683111	0.11371344485724565	0.7736763221961425	2.1113964621293815	0.0	0.0	0.0	3.235505525123803	0.0	mel1_rep2	mel1
14x17	14.0	17.0	3413	1875	3.533136288278639	-0.6613551553032945	0.35512889358587246	0.08140188469275614	0.2644149057427573	1.9792202157259713	0.2703713573215349	-0.581399035956475	1.3686327159953833	0.0	0.0	0.0	3.196212502592599	0.0	mel1_rep2	mel1
14x18	14.0	18.0	2766	1597	3.441852175773292	-0.016268167632421917	-0.21021168419901548	-0.7723543259893779	-0.1761587730168195	1.5077522376799128	-0.3915128290026116	0.35662641560457253	1.5293831535912992	0.0	0.0	0.0	2.9484648106576903	0.0	mel1_rep2	mel1
15x5	15.0	5.0	2755	1491	3.4401216031878037	-0.29906738165966057	-0.36111873037268377	0.7222566137955587	-0.23020485407366661	-0.1525952903801727	0.19775812115898336	-0.581399035956475	1.5325059089888968	0.0	0.0	0.0	2.7420687050030406	0.0	mel1_rep2	mel1
15x6	15.0	6.0	4605	2240	3.663229634532868	0.08055805468943451	0.8277964998104698	-0.4939973441221125	-0.15160617492984235	-0.3845045792260269	-0.2717771127207753	-0.581399035956475	0.0	0.0	0.0	0.0	3.6353836101725108	0.0	mel1_rep2	mel1
15x7	15.0	7.0	11159	3932	4.047625277581783	0.4666429474176359	0.10051137372705779	-0.3654152466628552	0.3687694279736636	0.3288813277942038	-0.03385449916333341	0.3506590294082323	0.6398189996905878	0.6398189996905878	0.0	0.6398189996905878	3.582111510242372	0.0	mel1_rep2	mel1
15x8	15.0	8.0	6919	2883	3.840043330603494	0.614925642520659	-0.06722231730066368	-0.5567133943726009	0.8367497390520876	0.23662015769805267	0.6349142358874077	-0.3576540985699207	1.3585611064673564	0.0	0.0	0.8941660002599853	3.296404117418938	0.0	mel1_rep2	mel1
15x9	15.0	9.0	15873	4917	4.200659016251719	0.844258870183101	-0.40875356345028824	-0.645084802460596	0.13272280784217252	0.28964360451391435	0.5927761722944052	1.248595992596579	1.6882499080159894	0.0	0.4885804013220503	0.4885804013220503	3.3127313639237186	0.0	mel1_rep2	mel1
15x10	15.0	10.0	18800	5296	4.27415784926368	0.7517661830092099	-0.33988959877017455	-0.6694932796099258	-0.3387315244737587	-0.4762274197231178	0.2264337488170729	0.6354605374706728	1.6592407349179186	0.0	0.0	0.0	2.622198692790842	0.0	mel1_rep2	mel1
15x11	15.0	11.0	4336	2218	3.6370892735303304	0.401819514687165	0.1363004953273833	-0.5117133179231088	-0.1714979454712969	-0.3086997962434885	0.05918491884772337	-0.14975545151227565	2.069242102310943	0.0	0.0	1.1958215920952295	2.697167086017573	0.0	mel1_rep2	mel1
15x12	15.0	12.0	4798	2370	3.6810602436318116	0.03813997480549198	-0.1116796541507546	-0.5007326761622632	0.10728986289461287	-0.062630321559444	0.18884509517385073	-0.08560805676882785	1.6425638403401475	1.1262928720858565	0.0	0.0	1.6425638403401475	0.0	mel1_rep2	mel1
15x13	15.0	13.0	13483	4497	4.12978653452034	0.7320769296878091	-0.3171816278624601	-0.37307940881614676	-0.2273046033228634	-0.3477430028552493	0.5621194771030372	1.0265841511350975	1.5493425208688065	0.0	0.0	0.0	2.3647869286310264	0.0	mel1_rep2	mel1
15x14	15.0	14.0	11113	3874	4.045831314347755	1.159770491884278	-0.33111736458206364	-0.06193935619568097	-0.06424220311253215	-0.4476730480451168	0.439048389780809	1.2823161263342144	1.7046090153000208	0.6417733703024365	0.0	0.0	2.5414453936500907	0.0	mel1_rep2	mel1
15x15	15.0	15.0	8444	3288	3.926548224635619	0.9395469283662448	-0.24612749996026423	0.007181678813907105	0.22960340746638042	-0.4993057105607918	0.19909327087312265	0.28305584724169847	0.781282984358385	0.781282984358385	0.0	0.781282984358385	2.7970097817470787	0.0	mel1_rep2	mel1
15x16	15.0	16.0	18940	5326	4.277379974667254	1.0177897940713416	-0.17663117395833167	-0.5654409745164546	0.6741770461344998	-0.1768344899176116	0.41036983430912227	0.24654497072655973	1.291960473330787	0.0	0.0	0.0	3.3667130581615665	0.0	mel1_rep2	mel1
15x17	15.0	17.0	7245	3264	3.8600383898071935	-0.022215631284689966	0.2525679523594683	-0.37419701324424093	0.3974666992700578	1.0914490100681167	-0.511806470449457	-0.15376034558397428	1.324558442262416	0.8672106706161585	0.8672106706161585	0.0	3.1391482274225986	0.0	mel1_rep2	mel1
15x18	15.0	18.0	1681	1053	3.225567713439471	-0.20618654425125432	-0.14260065131662525	1.2156253990531862	-0.27609459372831374	-0.87866889743722	-0.25982865734098115	0.18100385051844428	1.9385747357470806	0.0	0.0	0.0	1.9385747357470806	1.9385747357470806	mel1_rep2	mel1
16x3	16.0	3.0	1674	1008	3.2237554536572413	-0.02600593190806862	-0.0960493523759643	-0.34904414208086376	-0.5339177507275131	-0.10944766616387232	0.09814936795036466	-0.581399035956475	2.56089741343352	0.0	0.0	0.0	2.9402801830022507	0.0	mel1_rep2	mel1
16x4	16.0	4.0	2738	1565	3.437433443797971	-0.016104577983572357	0.12376270375428351	-0.7723543259893779	0.3871052900318443	-0.6070011258771713	0.21179830298840632	0.40790508810359627	2.7478607273580145	0.0	0.0	1.537361925082917	2.9581085314589055	0.0	mel1_rep2	mel1
16x5	16.0	5.0	8635	3220	3.9362623419034777	0.48161744883876545	-0.3775160325749885	-0.4191878913099679	-0.3061941234398481	-0.522741311584416	0.8490169492525008	0.021093290340735128	1.7285197247227617	0.0	0.0	0.7692178213325798	2.328703101867106	0.0	mel1_rep2	mel1
16x6	16.0	6.0	6952	2973	3.84210976344061	1.197045532194231	-0.3748401448897847	-0.5401663212809812	-0.24091404142208964	-0.4353800440819033	0.2930619339936779	0.6593878322757989	1.3550281181411608	0.0	0.0	0.0	3.2368491213923685	0.891356433002907	mel1_rep2	mel1
16x7	16.0	7.0	13603	4466	4.133634698058928	1.0665074322610426	-0.25560820166124065	-0.7723543259893779	0.16221134346548322	0.05346157502078527	0.045236466031569	0.5557498554573985	1.9287720776006734	0.551083465945449	0.0	0.0	3.1996613065986192	0.0	mel1_rep2	mel1
16x8	16.0	8.0	7605	3189	3.8810992183890174	0.3312242325204575	-0.17740989782635114	-0.5537063532402352	0.17662235991747618	0.051287324740699164	0.2880446209212973	-0.25880797651278215	0.0	0.0	0.0	0.0	3.3068313100688638	0.0	mel1_rep2	mel1
16x9	16.0	9.0	10780	3706	4.03261876085072	0.7923414960322911	-0.30300083408645695	-0.7723543259893779	-0.12567950122104501	-0.40646540914487855	0.4760223118069496	0.09921018915900759	1.8818839094364663	0.0	0.0	0.0	3.0637723102856707	1.049172562929882	mel1_rep2	mel1
16x10	16.0	10.0	12859	3950	4.109207196320066	0.40747896479642587	-0.46291281295260933	-0.7723543259893779	-0.21909370437444506	-0.43861421512935245	0.00839076746145654	-0.28015720986901854	1.8630964127387681	0.0	0.9381817247214173	0.0	2.806586019390043	0.0	mel1_rep2	mel1
16x11	16.0	11.0	16327	4911	4.212906392750302	0.7238250411648652	-0.2659125756682405	-0.7723543259893779	0.18982008154871202	-0.40528505076993143	0.18935497285652278	0.8508116670438998	1.4017768749671649	0.4777748493994852	0.0	0.0	2.898643395144917	0.7997410872963115	mel1_rep2	mel1
16x12	16.0	12.0	14042	4441	4.147428968698656	0.21434618411753364	-0.39705333370109064	-0.7723543259893779	-0.16068502965085996	-0.5478183615570749	0.5615051245787691	0.6629384748216559	1.7892638352899075	0.0	0.0	0.0	2.6762730164112374	0.0	mel1_rep2	mel1
16x13	16.0	13.0	12109	3940	4.083108279194735	0.5370180879039212	-0.17441707155119898	-0.24913100603252433	-0.36686778149750715	-0.2011671838581053	0.4709953170924166	0.10183307788667129	0.975187386898119	0.0	0.0	0.0	2.310965110701686	0.0	mel1_rep2	mel1
16x14	16.0	14.0	8285	3112	3.9182925127553556	0.623439444522954	-0.41032985252966697	-0.2026843268392639	0.3978948121628268	-0.4882056974584144	0.4518908936984273	0.7736658578686232	1.5306115236865605	0.7916344007228182	0.0	0.0	2.24590936288496	0.0	mel1_rep2	mel1
16x15	16.0	15.0	20904	5403	4.320229396719269	1.1117365279458604	-0.15761524343547162	-0.6260406890429905	0.23217632742964614	-0.40315167345652253	0.30245823690918433	1.3155506302799957	1.6687244340177636	0.0	0.0	0.0	2.876002740797134	0.6712873295593869	mel1_rep2	mel1
16x16	16.0	16.0	7573	3211	3.879267956824613	0.3957180942581097	0.032660231744965115	0.11484817072833878	0.8474783375792647	-0.36558501834461915	0.009828436368581212	0.5401402591538635	1.8376760832808992	0.0	0.0	0.0	3.0968297870866155	0.0	mel1_rep2	mel1
16x17	16.0	17.0	3637	1910	3.560743301054712	-0.12361603922172448	0.38454536196371786	-0.0456796149197172	0.5264936415303384	1.845922452752182	-0.5658887522666932	-0.10150512515708743	1.321627520870845	0.0	0.0	0.0	2.6910799624329407	0.0	mel1_rep2	mel1
16x18	16.0	18.0	2323	1361	3.3660492098002353	0.0619187578753892	0.5894388791494088	0.9660367217718261	-0.14438691086588623	0.12800743908058518	-0.1510926048816608	-0.581399035956475	2.6329195973391255	0.0	0.0	0.0	2.902471219718112	0.0	mel1_rep2	mel1
16x19	16.0	19.0	2529	1498	3.4029488293444046	-0.4651089150334161	-0.2932472728950138	-0.42357029729325	-0.4631559271405225	-0.5876215392170486	-0.18820468430459394	0.047936445083363165	0.0	1.6002219895755876	0.0	0.0	2.8223622284867997	0.0	mel1_rep2	mel1
17x4	17.0	4.0	2249	1327	3.351989455435632	-0.3038527037415395	-0.3106831630668728	-0.7723543259893779	0.25599094296360314	-0.20338972680323178	-0.40550758596227854	-0.581399035956475	1.6949586280283697	0.0	0.0	0.0	3.3206567979815786	0.0	mel1_rep2	mel1
17x5	17.0	5.0	7790	3303	3.8915374576725643	0.5779462571291596	-0.30692355795015785	-0.2959929278852045	0.36236001998364603	0.11332911249039875	0.11069206076495357	0.03670241769681226	1.5792036574787407	0.0	0.0	0.0	3.4597407533729942	0.0	mel1_rep2	mel1
17x6	17.0	6.0	8400	3334	3.9242792860618816	0.5602504138643232	-0.3045219842972289	-0.7723543259893779	0.4892508222764527	-0.21135063673308543	-0.04934595982010808	0.2280834727532378	1.9390841839849136	0.0	0.0	0.0	3.258096538021482	0.0	mel1_rep2	mel1
17x7	17.0	7.0	6941	2907	3.8414220444023592	0.4035476883722699	-0.20619789913322564	-0.3368499844440382	0.32808372310874984	-0.10823266363028615	0.22972218378064085	0.29132821707131396	0.8922908630013627	0.0	0.8922908630013627	0.0	3.345458335137954	0.0	mel1_rep2	mel1
17x8	17.0	8.0	3732	1862	3.571941635074462	0.2125850502534403	-0.08578387252706422	-0.7723543259893779	-0.032637933721067346	-0.5017353414069604	-0.01785876761570857	0.39385112689189733	2.2015026587272977	0.0	0.0	0.0	2.9834926146488296	0.0	mel1_rep2	mel1
17x9	17.0	9.0	11104	4002	4.045479453110779	0.6160946586155925	-0.3611380602750799	-0.6174889261280263	0.03469426497836566	-0.4165600294098559	0.11113959788458226	0.11640557331380037	1.7052719267187118	0.0	0.64215719221051	1.0300310245135798	3.118561792180614	0.0	mel1_rep2	mel1
17x10	17.0	10.0	12905	4236	4.110758008879888	0.5443106576978342	-0.33803003600726633	-0.7723543259893779	-0.3440470181333818	-0.42445209543250434	0.02034659833006878	0.7597561418412944	1.2013735360885072	0.0	0.9360097887375052	0.9360097887375052	2.9753990909702455	0.0	mel1_rep2	mel1
17x11	17.0	11.0	17598	4792	4.245463313364196	0.4243278030874156	-0.46291281295260933	-0.7723543259893779	-0.351247043015567	-0.46333531719369486	0.3283271280180355	0.376274783888913	1.604972907408116	0.0	0.0	0.0	2.4184494045816862	0.44995804710599374	mel1_rep2	mel1
17x12	17.0	12.0	11036	3932	4.042811691807148	0.14213243741409987	-0.21616524976117818	-0.546987149624301	0.2951083291011742	-0.47597612448818993	0.0003912470898493135	-0.3226674963296724	1.7103011976744495	0.0	0.0	0.0	2.308691816699854	0.0	mel1_rep2	mel1
17x13	17.0	13.0	11784	3727	4.071292733834574	0.2797787018332878	-0.22609675594246945	-0.4641223090435138	0.15586592904775384	-0.517260784339731	0.9248274842708567	-0.3331182048385143	1.4803385420828798	0.0	0.0	0.0	1.9373389462943837	0.0	mel1_rep2	mel1
17x14	17.0	14.0	18235	5070	4.2609057676498	0.8966768010262327	-0.2984411348708988	-0.4847313766966953	-0.23650203572298253	-0.431578553087965	0.18480383074493903	0.23297185632846454	1.684019743077483	0.43721951886415644	0.0	0.0	2.890386991000748	0.0	mel1_rep2	mel1
17x15	17.0	15.0	3673	1985	3.5650209283452936	0.07785639384727316	0.49439680772306566	0.019403181588543067	0.27756736497337714	-0.9862096548231102	-0.2825422198013258	0.6176657082496569	2.4757212953464323	0.0	0.0	0.0	2.4757212953464323	0.0	mel1_rep2	mel1
17x16	17.0	16.0	7112	3071	3.8519917479621575	-0.588134582781779	0.36115513463804183	0.28933824613661085	0.7171012380844802	0.9093018403750782	0.3888959897894207	-0.042892359814422534	1.6521568692378392	0.0	0.0	0.0	3.0294107032269486	0.8779964735685011	mel1_rep2	mel1
17x17	17.0	17.0	3219	1754	3.5077209766856137	-0.7900536683400394	0.03029945190954593	0.24415907196386225	0.7888536473864133	1.2542390759672315	-0.6075689088407591	0.11517421762492952	1.9759001567035575	0.0	1.4125844362805915	0.0	3.1243841978115183	0.0	mel1_rep2	mel1
17x18	17.0	18.0	2987	1566	3.475235222604128	-0.47257322379967537	-0.04530329472968101	-0.3275726792457929	-0.3916553166836342	0.206387425903344	0.06459267209257774	-0.581399035956475	2.0406592995083073	2.8757770612124816	0.0	1.4696793178939804	3.633003228612483	0.0	mel1_rep2	mel1
17x19	17.0	19.0	1615	1012	3.2081725266671217	-0.1440533504788077	-0.33186216103238375	-0.34232787831470646	-0.23474024950826253	-0.10685388682369823	-0.039464065407903454	-0.581399035956475	0.0	0.0	0.0	0.0	2.5940525614449754	0.0	mel1_rep2	mel1
17x20	17.0	20.0	4553	2258	3.6582976503081897	-0.4317562772919342	0.24550851912114952	0.9531071396976816	0.769286725078911	0.7377742175024716	-0.495771886499077	-0.1594632793575067	2.0267080207716424	0.0	0.0	0.0	2.651700235460359	0.0	mel1_rep2	mel1
17x21	17.0	21.0	2842	1601	3.4536240735914507	0.04061161584949694	-0.2687709374100271	0.4518562759881719	0.39268683022225914	0.07065932172286742	-0.624296406949871	-0.2040026380174324	0.0	0.0	0.0	1.5082130196969477	3.243784682248516	0.0	mel1_rep2	mel1
18x4	18.0	4.0	524	402	2.7193312869837265	-1.0072612068178315	-0.12986842750170643	-0.7723543259893779	0.2624854401733426	-0.09288242417149872	-1.0231176562493542	-0.581399035956475	0.0	0.0	0.0	0.0	2.999921957839141	0.0	mel1_rep2	mel1
18x5	18.0	5.0	3954	2043	3.5970366649776535	-0.20521242720498958	-0.46291281295260933	-0.4974986593827867	0.8769023772779195	0.6292690311106444	0.08994272101065444	0.8138839721541824	1.2610384807686197	0.0	1.2610384807686197	0.0	3.055541305049195	0.0	mel1_rep2	mel1
18x6	18.0	6.0	5238	2276	3.7191654940892134	0.33623644529514224	-0.28647073098159287	-0.7723543259893779	-0.7004909744250293	-0.5249790084072135	0.48672792459634845	0.2515143626440787	0.0	0.0	0.0	0.0	1.5724110491451988	0.0	mel1_rep2	mel1
18x7	18.0	7.0	7172	2703	3.855640280890145	0.9585877454046305	-0.46291281295260933	-0.7723543259893779	-0.21318596160010572	-0.35100373970456306	0.48708092831387084	-0.581399035956475	1.6453712339522064	0.0	0.8730955946194278	0.0	2.6062980483809506	0.0	mel1_rep2	mel1
18x8	18.0	8.0	12352	4038	4.0917372829916605	0.36292264030974625	-0.2767023837048497	-0.4776888771289177	-0.2620911530267644	-0.5619125994250143	0.7296077643610208	0.5834917252074139	1.4441721476978615	0.0	0.0	0.0	2.934435469915416	0.0	mel1_rep2	mel1
18x9	18.0	9.0	10209	3727	4.008983203815472	1.0008461440522491	-0.22781234132649208	-0.7723543259893779	-0.04823432853493424	-0.5939445696524414	0.501485898140181	0.37239335396766104	2.178859516174689	0.0	0.0	0.0	2.178859516174689	0.0	mel1_rep2	mel1
18x10	18.0	10.0	14820	4542	4.17084820364331	0.5330095187310856	-0.3552208308181116	-0.647992602395351	-0.3430163565032097	-0.6187631807943049	0.35987629908722296	0.8567603637354404	1.6191076090520593	0.5156721599085203	0.0	0.0	2.762841643334125	0.0	mel1_rep2	mel1
18x11	18.0	11.0	9754	3123	3.9891827512555476	0.31119018211783384	-0.2981438549869094	-0.5885332558669942	-0.3347877144711638	-1.0331235754971797	0.37084858552037797	0.3277553804299501	1.8125586768896966	0.0	0.7056785451980747	0.7056785451980747	2.7959576747799404	0.0	mel1_rep2	mel1
18x12	18.0	12.0	4119	1945	3.6147917919564176	0.3422210732288062	-0.46291281295260933	-0.7723543259893779	-0.6494627179877729	-0.3538775045945885	0.3693623952661055	-0.581399035956475	0.0	0.0	0.0	0.0	2.3712801132166503	0.0	mel1_rep2	mel1
18x13	18.0	13.0	8142	3097	3.9107310980433807	0.6877779508012947	-0.34487071595493507	-0.5636526296792725	-0.3417189955244491	-0.10197959952266211	1.008095603532989	0.04403355684479147	2.124557913056777	0.0	0.0	0.0	2.3819133002487467	0.0	mel1_rep2	mel1
18x14	18.0	14.0	18087	4976	4.257366538585015	0.8603398472087673	-0.4194263255424111	-0.6662146820022524	-0.15793980769811983	-0.6691336636574216	0.973687895715681	0.34910970405449043	2.287078746755411	0.0	0.0	0.44011338766449193	3.0660360931169466	0.0	mel1_rep2	mel1
18x15	18.0	15.0	4707	2322	3.672744198306599	0.5836857255270544	-0.15272783976255913	0.020929888859260476	-0.1491677180688511	-0.34569808240312455	-0.029915585828201918	-0.2963216307210545	1.9978906332958561	0.0	0.0	0.0	3.001737152675889	0.0	mel1_rep2	mel1
18x16	18.0	16.0	4877	2501	3.6881527555915663	-0.4911863802424307	0.1005610379444532	-0.343562642273443	0.7319583721897056	0.03787796829323017	-0.5537015050042909	0.5608769264945913	2.968051039134597	0.0	0.0	0.0	2.7313164905362695	0.0	mel1_rep2	mel1
18x17	18.0	17.0	3580	1884	3.5538830266438746	0.14473473977185278	-0.1509352146891388	-0.42506199971585834	-0.5929352401223605	1.4149912491779861	-0.34566629227259604	0.6003805385787467	0.0	0.0	0.0	0.0	2.499235529103865	0.0	mel1_rep2	mel1
18x18	18.0	18.0	2753	1561	3.4398062113933303	0.03384407220390124	-0.08936764000643413	-0.4026312674104483	0.1284723324339383	0.64659593196028	0.15554764525269252	-0.581399035956475	0.0	0.0	0.0	1.5330753118842926	2.7427481421987148	0.0	mel1_rep2	mel1
18x19	18.0	19.0	1125	757	3.0511525224473814	-0.1627336544090405	0.7758255896373893	-0.0650979742898267	-0.29611840407643414	-0.43930063768642813	-0.11729735136586358	-0.581399035956475	2.932674137586854	0.0	0.0	0.0	2.932674137586854	0.0	mel1_rep2	mel1
18x20	18.0	20.0	4309	2157	3.6343764940883676	-0.21573151150352343	-0.10185426253411702	0.8268363502207507	0.2310678046023362	0.6845521415256118	-0.2922365811382752	0.6267241268396588	1.200182851290897	0.0	0.0	0.0	2.5339841004282153	0.0	mel1_rep2	mel1
18x21	18.0	21.0	3666	1873	3.564192460626198	-0.39421493256045675	0.01472132287044872	0.6625642119959991	0.3433216790614759	0.8624961195250878	-0.44606897773867615	-0.2521472060604139	2.2173872765793767	0.0	0.0	0.0	3.127731532886925	0.0	mel1_rep2	mel1
18x22	18.0	22.0	5173	2491	3.7137424784090824	-0.5815687154586173	0.023274300693022686	0.27485682505930065	0.3864602516056917	0.84966021217769	-0.16313617652230147	-0.15820417540141302	1.0760647415217262	0.0	0.0	0.0	2.6763393329100147	0.0	mel1_rep2	mel1
18x23	18.0	23.0	2926	1674	3.466274321789292	-0.32112304255125257	0.677213935326567	0.40297395076131526	-0.12350074195828761	0.08597417738842035	-0.30439846354309613	-0.581399035956475	1.4856044842427711	0.0	0.0	0.0	2.6858414003615403	0.0	mel1_rep2	mel1
18x24	18.0	24.0	2972	1702	3.4730488050885375	-0.21846935989450328	-0.3650342402646072	-0.1281288061362346	0.08957644914837469	0.1461114713593842	0.0021380334075828903	-0.2126742621114115	3.05345505629687	0.0	0.0	0.0	2.6713136139487834	0.0	mel1_rep2	mel1
19x4	19.0	4.0	1390	900	3.143014800254095	-1.0072612068178315	-0.2550780297619287	-0.7723543259893779	1.3901580332854129	-0.9080796639647142	-0.5114290097483283	-0.581399035956475	2.1034320303164904	0.0	0.0	0.0	2.733619775951714	0.0	mel1_rep2	mel1
19x5	19.0	5.0	605	467	2.781755374652469	-0.5081479792409794	0.11033661376749392	-0.7723543259893779	-0.3576092508240733	-1.2126788563630992	-0.7708737092468613	-0.581399035956475	0.0	0.0	0.0	0.0	0.0	0.0	mel1_rep2	mel1
19x6	19.0	6.0	6757	2573	3.829753918924975	0.48131812889327136	-0.27132412637949954	-0.7723543259893779	-0.5351807076093016	-0.21173383881041763	0.2450632599731745	0.19625899775809758	0.9082370768485495	0.0	0.0	0.0	3.371390460239442	0.0	mel1_rep2	mel1
19x7	19.0	7.0	9063	3239	3.957271979992943	0.09185215660039293	-0.3803657153844373	-0.3067523427536569	-0.4843888524856809	-0.5947348439719814	0.47182362833868025	0.20729487975340694	0.0	0.0	0.0	0.743549092459195	2.865100159085724	0.0	mel1_rep2	mel1
19x8	19.0	8.0	6306	2162	3.799753966411886	0.16516413280439945	-0.46291281295260933	-0.5248821272889894	-0.6953202831070512	-0.5873405051961196	0.4643192279097731	-0.23643469333626044	1.9937699812061376	0.0	0.0	0.0	2.352778829711831	0.0	mel1_rep2	mel1
19x9	19.0	9.0	6663	2481	3.8236698132681366	0.21016720711283435	-0.46291281295260933	-0.7723543259893779	0.06241946377896993	-0.7959521673699833	0.31366722343541364	0.2661279818269586	1.3867070029713802	0.0	0.0	0.0	0.9166208589760864	0.0	mel1_rep2	mel1
19x10	19.0	10.0	15551	4350	4.191758321370448	0.40076638695735045	-0.46291281295260933	-0.5921357356264166	-0.4226533749862729	-0.684998555449111	0.2751158782828	0.6381808497833079	1.915069303193101	0.49655150958785294	0.0	0.0	2.6290725952380085	0.0	mel1_rep2	mel1
19x11	19.0	11.0	10814	3749	4.033986365239606	1.0075220632152693	-0.27666516303950306	-0.6144437312792825	-0.23301411536786037	-0.5293337069720688	0.3910786111038817	0.3460096980108901	1.879215130304856	0.0	0.6547842462558546	0.0	2.4929348759747376	0.0	mel1_rep2	mel1
19x12	19.0	12.0	10333	3573	4.01422642938923	0.21955025189335964	-0.4179507210655217	-0.7723543259893779	0.17456632433305355	-0.41965927986224516	0.150157284759887	0.6101358179242048	1.7645365604883576	0.0	0.0	0.0	2.3681604083241354	0.0	mel1_rep2	mel1
19x13	19.0	13.0	15018	4445	4.176612099991867	0.5854967540821718	-0.2392445196859104	-0.4569466265451362	-0.27567606209006174	-0.2653183181141299	1.0402387604213106	0.31719752328348205	2.1961586212059716	0.0	0.0	0.5103460841148574	2.5638423803182695	0.0	mel1_rep2	mel1
19x14	19.0	14.0	13322	4463	4.12456942932084	0.8218126846665436	-0.2856948783202069	-0.32419051951717137	-0.5617759912977818	-0.5786007588787848	0.8414487470312534	0.35037716201642005	2.30335045083618	0.5599803171071533	0.0	0.0	2.8191978721696223	0.0	mel1_rep2	mel1
19x15	19.0	15.0	22675	6005	4.355547295732133	0.30953188499513784	0.11694139933822575	-0.2078100864868393	0.7306227912977492	-0.20457805255286818	0.23191917189319436	0.4709537034195389	1.7666395327127584	0.36534726350908536	0.36534726350908536	0.0	3.4754392242059153	0.0	mel1_rep2	mel1
19x16	19.0	16.0	5881	2836	3.7694511794020378	-0.5430056572876517	0.9106838217570423	0.521883346147112	0.8012413360520511	1.1075701020611683	-0.1604304379134559	-0.581399035956475	0.9933966106506906	0.0	0.0	0.0	3.063610200760554	0.0	mel1_rep2	mel1
19x17	19.0	17.0	1792	1035	3.2533380053261065	-0.1919506403940624	-0.27675075612086186	-0.7723543259893779	-0.8498762120763154	0.4187778875346487	0.6741349834648065	-0.581399035956475	0.0	0.0	0.0	0.0	0.0	0.0	mel1_rep2	mel1
19x18	19.0	18.0	2757	1499	3.4404367661057735	-0.18995953477462865	0.28998073064048185	-0.3123001594309726	0.04681863520984094	-0.2387675534244301	-0.004666748349954392	-0.581399035956475	2.741389792626797	0.0	0.0	1.5319370085144932	3.4017654707828138	0.0	mel1_rep2	mel1
19x19	19.0	19.0	2545	1439	3.4056877866727775	-0.209690876125681	0.065025842585612	-0.38765105221619145	0.854718056108924	1.346617122728501	-0.16547470372320075	-0.581399035956475	0.0	0.0	0.0	0.0	2.5484930970218644	0.0	mel1_rep2	mel1
19x20	19.0	20.0	3066	1597	3.4865721505183562	-0.2247785521676551	0.36145965274857816	-0.19642611927803702	-0.24220568536240633	-0.1401676241185238	-0.5724600802946019	-0.581399035956475	1.4496396559689362	0.0	0.0	0.0	2.851162641399567	0.0	mel1_rep2	mel1
19x22	19.0	22.0	3667	1930	3.5643109099606027	0.040354773682209036	-0.31564280078696555	0.8142221714399304	0.09227783278894651	0.9370108923914368	0.065044189384568	-0.2521971434772933	2.2171442400250454	0.0	0.0	0.0	2.85429248587772	0.0	mel1_rep2	mel1
19x23	19.0	23.0	2531	1446	3.4032921451582543	-0.31985610812158805	-0.2754916164871281	-0.15735493335721626	0.18964740362635044	0.3505229011221058	-0.40727886314624473	0.26600293428448024	1.5995910926201609	0.0	0.0	0.0	1.5995910926201609	0.0	mel1_rep2	mel1
19x24	19.0	24.0	2436	1502	3.3866772839608377	-0.42387179517900975	-0.2730989852930281	-0.2080757369933611	0.537650222156769	1.141959866852529	-0.5417938373931034	0.010553950275698965	1.6302381423488568	0.0	0.0	0.0	2.58891156723466	1.6302381423488568	mel1_rep2	mel1
19x25	19.0	25.0	1229	829	3.089551882886454	-0.16307589219747498	0.07830567582999394	0.33745140295024145	-0.54039079549136	0.4002069462315907	-0.6780423042251317	-0.581399035956475	0.0	0.0	0.0	0.0	2.849167340865967	0.0	mel1_rep2	mel1
19x26	19.0	26.0	3218	1772	3.5075860397630105	-0.5579452615284619	0.21992316256666203	-0.09639342675255466	-0.5101931646804294	1.4972757251645143	-0.703141021507027	-0.025765231274399558	2.334331849106616	0.0	0.0	0.0	2.977829022158498	0.0	mel1_rep2	mel1
19x27	19.0	27.0	737	553	2.8674674878590514	-1.0072612068178315	-0.16551163725599816	-0.1263081377512658	0.10220496875999426	1.12226161265751	-0.349898887552617	-0.581399035956475	0.0	0.0	0.0	0.0	2.6788631072447986	0.0	mel1_rep2	mel1
19x28	19.0	28.0	1259	806	3.1000257301078626	-0.3442986326578312	-0.049070634075241065	-0.7723543259893779	-0.8498762120763154	1.3947311565188365	-0.5875160331643186	-0.581399035956475	2.1908500537587834	0.0	0.0	0.0	2.1908500537587834	0.0	mel1_rep2	mel1
20x5	20.0	5.0	915	609	2.9614210940664485	-0.4831419658233648	-0.46291281295260933	-0.7723543259893779	-0.3721295260493891	-1.2126788563630992	-0.05733589565440853	0.39353024664425973	0.0	0.0	2.478969203708523	0.0	3.5200727167171477	0.0	mel1_rep2	mel1
20x6	20.0	6.0	2758	1425	3.440594261839831	0.07980484493106733	-0.46291281295260933	-0.3733765636300985	0.0646301255339262	-1.2126788563630992	0.0787405843549641	-0.581399035956475	1.5316527464486536	0.0	0.0	0.0	3.2726330862704534	0.0	mel1_rep2	mel1
20x7	20.0	7.0	8300	3025	3.9190780923760737	1.0421677722396359	-0.41039553557594755	-0.5816788341203657	-0.6010991567847391	-0.7626185779589738	0.786315216801603	-0.2943090830946712	1.7611760458559746	0.0	0.0	0.0	2.6569682561817887	0.0	mel1_rep2	mel1
20x8	20.0	8.0	5680	2225	3.754348335711019	0.2217269061760381	-0.30933747275204904	-0.7723543259893779	0.0715889709724162	-0.5843445033047175	0.10152150771137651	0.4262725435957709	1.5087612460887003	0.0	0.0	0.0	2.447843232411113	0.0	mel1_rep2	mel1
20x9	20.0	9.0	8944	2816	3.951531790542348	0.9640247623815866	-0.36519473627992316	-0.7723543259893779	-0.20229618732304558	-0.962542155577705	0.3618888881905286	0.5330340476783684	1.4711418003923733	0.0	0.0	0.0	1.6996938709958043	0.0	mel1_rep2	mel1
20x10	20.0	10.0	14584	4488	4.16387665564692	0.9922142374147581	-0.46291281295260933	-0.5641171124033133	-0.4393527905566462	-0.5503992159915038	0.7310848367221773	0.6190111787623056	1.4880416647163524	0.0	0.5221707874518217	0.0	3.272237193248878	0.0	mel1_rep2	mel1
20x11	20.0	11.0	5293	2293	3.723701893991268	0.341757886790816	-0.35901732496541494	-0.7723543259893779	-0.5412139673015455	-0.23524522739330603	0.3165881986901966	-0.581399035956475	2.1467673022865466	0.0	0.0	0.0	2.3462611253617447	0.0	mel1_rep2	mel1
20x12	20.0	12.0	14989	4367	4.175772659601535	0.2091897046924081	-0.28870927737980523	-0.4045466186902189	0.010103093976508421	0.22437929637452933	0.8944900399118876	0.0516639527868733	1.6100248373645778	0.511119129291338	0.0	0.0	2.9451339842841002	0.0	mel1_rep2	mel1
20x13	20.0	13.0	18915	5715	4.276806345628763	0.04622550350100693	0.38989399397760205	1.351390441934457	0.050660815311134345	-0.4368322253887344	0.6364575061730432	0.4875085990484306	2.0634204152820033	0.9501288398243997	0.0	0.0	2.914873081444988	0.0	mel1_rep2	mel1
20x14	20.0	14.0	13446	4468	4.1285931069187045	0.5430507249560814	-0.08594428328040599	0.07535344942329983	0.16025308482854503	-0.11465063691331763	0.7895745722675813	0.6140899729338177	2.1326452887346043	0.9112505339120861	0.0	0.5560182406027916	3.2107992691580507	0.0	mel1_rep2	mel1
20x15	20.0	15.0	15638	5068	4.1941812087938475	0.6031115155381808	0.4502729154629035	-0.5453763325520405	1.0871291706025452	-0.2844737319367341	0.13263309811930624	0.9016170570213976	1.4344509468292899	0.0	1.07103685312191	0.4943717761876206	3.851034300203649	0.0	mel1_rep2	mel1
20x16	20.0	16.0	7414	3217	3.8700525816935447	-0.5894651937642874	0.6743820845794674	-0.14548744067414887	0.44837859151350223	0.8010958234972466	-0.4157106957675271	0.9417183216539391	0.0	0.0	0.8539043756778834	0.0	3.7248252686049947	0.8539043756778834	mel1_rep2	mel1
20x17	20.0	17.0	2445	1348	3.388278863459639	-0.47111464885046483	0.09597149262474146	0.3986522279971262	-0.6222317844454969	-0.23811762029230069	-0.1390494929063861	-0.581399035956475	1.62727381289272	0.0	0.0	0.0	2.854163997263096	0.0	mel1_rep2	mel1
20x18	20.0	18.0	2255	1293	3.3531465462139796	-0.4756978269844044	-0.46291281295260933	0.0768353748014812	-0.046704429036082136	0.4673787444860273	-0.42370755510245134	-0.581399035956475	2.2894167295131758	0.0	0.0	0.0	3.142985607091825	0.0	mel1_rep2	mel1
20x19	20.0	19.0	2979	1633	3.4740705032150436	0.1419694906350251	-0.14696231913732685	0.19084550404606718	0.6813067590230253	0.7957392293827935	-0.05720630132877598	-0.581399035956475	1.4717449929744766	0.0	0.0	0.0	3.05121366375915	0.0	mel1_rep2	mel1
20x20	20.0	20.0	3456	1756	3.5385737338068557	-0.6634641622202205	-0.005163145386399974	0.050258219966291845	0.19236050142710664	0.33741326448367853	0.2787005979025202	-0.581399035956475	1.9150144747624316	0.0	0.0	0.0	2.7387470346725915	0.0	mel1_rep2	mel1
20x21	20.0	21.0	2666	1456	3.4258601450778405	-0.6042214349059852	0.011445211157534616	0.7226788295749726	-0.1912445549858062	0.005004313221894772	-0.5707423245267428	-0.1914589836944324	2.1402867825542398	0.0	0.0	0.0	2.5057555598744305	0.0	mel1_rep2	mel1
20x22	20.0	22.0	4334	2167	3.636888906983799	-0.6977066471262696	0.379119175320565	1.2772992384666175	-0.13305662772984408	0.28070155600590657	-0.39053187592440536	-0.581399035956475	0.0	0.0	0.0	0.0	3.0803507729737976	1.19614343445756	mel1_rep2	mel1
20x23	20.0	23.0	5027	2340	3.7013088852280753	-0.17718080107194462	0.4858477973101479	1.4673641684705832	0.35140956244215815	0.963654948006008	-0.36176557534839693	0.6301976567598264	1.6051318573773268	0.0	0.0	0.0	3.2906513737306575	0.0	mel1_rep2	mel1
20x24	20.0	24.0	2160	1303	3.3344537511509307	-0.32565838041167794	0.6815737714282858	0.16576377544445423	-0.5241797342884348	2.9106990860440957e-05	-0.0677677031353891	0.7031374535812956	0.0	0.0	0.0	0.0	2.700615222614692	0.0	mel1_rep2	mel1
20x25	20.0	25.0	2179	1301	3.3382572302462554	-0.5181813905528458	-0.002107170400385917	0.9898311585029556	-0.32918543778742826	1.121604959367267	-0.5814741603710494	-0.581399035956475	0.0	0.0	0.0	0.0	2.963056410888664	0.0	mel1_rep2	mel1
20x26	20.0	26.0	3236	1760	3.5100085129402347	-0.790552232733324	0.5166310633518294	0.8461973485939547	-0.13923235311625307	1.8356717432807164	-0.1412363155557469	-0.581399035956475	0.0	0.0	0.0	0.0	2.8003968600280644	0.0	mel1_rep2	mel1
20x27	20.0	27.0	2006	1234	3.302330928684399	-0.8105703001279739	-0.28612019216968326	0.5152222707303296	-0.5423200446151188	1.7523141857205493	-0.5638460581124493	-0.1336759904833024	0.0	0.0	0.0	0.0	0.0	0.0	mel1_rep2	mel1
20x28	20.0	28.0	1638	1067	3.2143138974244	-1.0072612068178315	0.1485603319647355	-0.3449788770423833	-0.16982276128783735	1.0481445497561905	-0.4004621219911431	-0.581399035956475	1.9607996208036005	0.0	0.0	0.0	0.0	0.0	mel1_rep2	mel1
21x6	21.0	6.0	5772	2361	3.7613263224214566	0.5929701964385906	-0.46291281295260933	-0.7723543259893779	-0.48086532236116053	-0.883540285518468	0.8258738225774938	-0.20699111258407504	1.8241468235723102	1.0052175751037562	0.0	0.0	1.8241468235723102	0.0	mel1_rep2	mel1
21x7	21.0	7.0	7593	3078	3.880413399877917	0.21207224721388726	-0.37720449554142316	-0.5697101432584348	-0.388232526365054	-0.5295179010984533	0.11211994676303033	0.20968550986089368	1.5995910926201609	0.0	0.0	0.0	2.1862776571602613	0.0	mel1_rep2	mel1
21x8	21.0	8.0	5867	2495	3.768416088216332	0.5206206915706526	-0.46291281295260933	-0.7723543259893779	-0.071797760552415	-0.8810878154798081	0.6520604988397891	-0.017478689343134634	0.0	0.0	0.0	0.0	1.8104742227529629	0.0	mel1_rep2	mel1
21x9	21.0	9.0	4782	2051	3.679609571779756	0.49460084845605873	-0.46291281295260933	-0.7723543259893779	0.07595681433181659	-0.32582584422212596	-0.23766559868705583	-0.29900443331934257	1.128551355326562	0.0	0.0	0.0	2.749718345274206	0.0	mel1_rep2	mel1
21x10	21.0	10.0	7824	2827	3.893428841779545	0.9271689212418368	-0.46291281295260933	-0.7723543259893779	-0.44207258034518	-0.6444958104013441	1.1526231117516752	0.9478904722078992	2.0002079816773017	0.0	0.0	0.0	2.0002079816773017	0.0	mel1_rep2	mel1
21x11	21.0	11.0	6405	2524	3.806519134080705	0.9798042487957339	-0.36882592142913084	-0.7723543259893779	0.5958567773788944	-0.39589556847174173	0.553204067555871	-0.581399035956475	2.175478871708186	0.0	0.0	0.0	2.9824121025437287	0.0	mel1_rep2	mel1
21x12	21.0	12.0	9264	3335	3.966798546383361	1.114984536464142	-0.46291281295260933	-0.7723543259893779	-0.6627522675532092	-0.5117588781529135	0.6217576095766618	0.665377467032157	1.1502221708178704	0.732102148295771	0.0	0.0	2.5552036024662086	0.0	mel1_rep2	mel1
21x13	21.0	13.0	12488	4206	4.096492890054361	1.1251688389155423	-0.334103216678866	-0.4221062720148997	0.03341935356290692	-0.5299132072693741	1.1435443644110925	0.2227997158294527	2.1049775353410016	0.0	0.5882136503910999	0.0	2.9240704275790623	0.0	mel1_rep2	mel1
21x14	21.0	14.0	7790	3416	3.8915374576725643	0.17882493971174768	0.23801924770300775	0.929294638264776	0.379840048761528	-0.23040393401633963	0.35932056250916905	0.836713866138641	1.81397555270741	0.8257956417950869	0.0	0.0	3.0084241751649206	0.8257956417950869	mel1_rep2	mel1
21x15	21.0	15.0	10587	4177	4.024772913079632	-0.20096286732248142	0.36565293194976606	0.4744629105933029	0.9083495370646136	-0.2357292901494893	0.5888869507838442	0.9122730573602386	1.060948248727149	0.0	0.6650329752659285	0.0	3.3788372220022116	0.0	mel1_rep2	mel1
21x16	21.0	16.0	3364	1721	3.5268559871258747	-0.22379768531756472	0.21591063544691527	0.36582056075062974	0.3998114916543284	0.7954553358401065	-0.007083574104778178	-0.581399035956475	2.2943467322686635	0.0	0.0	0.0	1.9380656340673612	0.0	mel1_rep2	mel1
21x17	21.0	17.0	1734	1056	3.2390490931401916	-0.2552619744185218	-0.12363507561622883	-0.31123374901948997	0.12538404908513248	-0.10671057454397086	0.19736931066626137	-0.581399035956475	2.52844697628231	0.0	2.52844697628231	0.0	3.180885265952843	0.0	mel1_rep2	mel1
21x18	21.0	18.0	1549	934	3.190051417759206	-0.07586230677966685	-0.46291281295260933	-0.7723543259893779	-0.8498762120763154	-0.36995151518278485	0.16920813816010866	-0.581399035956475	2.6327198503260427	0.0	0.0	0.0	2.0089892916982186	0.0	mel1_rep2	mel1
21x19	21.0	19.0	2147	1239	3.331832044436249	-0.574832022396893	0.12620130382822928	-0.20956591644021402	0.5160771257652751	-0.009946511163053931	-0.4039949300419074	0.10015960648784872	2.333630528241064	0.0	0.0	0.0	2.9770919886409803	0.0	mel1_rep2	mel1
21x20	21.0	20.0	1643	1005	3.215637563435062	-0.2855497852224389	0.011006606114990304	-0.0018314530685513974	-0.19471804701416517	0.059836628360957454	-0.3180669659957402	0.12963283061035996	1.9581813019997478	0.0	0.0	0.0	3.232609448205951	0.0	mel1_rep2	mel1
21x21	21.0	21.0	12319	4420	4.090575455222202	-0.6661762091546332	0.8855679543042982	1.3715774235050675	0.49839741074644284	0.8422128470840348	-0.28745508749866683	-0.34005146700944267	1.769944102574856	0.0	0.5942955476622112	0.0	3.166702885735415	0.0	mel1_rep2	mel1
21x22	21.0	22.0	7259	3174	3.8608767964032977	-0.8934377498331965	0.6296515453681584	1.5292010251256218	0.48640432443819276	0.03923278786567508	-0.276934774019501	-0.12257690980970766	1.3231416635070496	0.0	0.0	0.0	3.075652049344353	0.8660916682465625	mel1_rep2	mel1
21x23	21.0	23.0	6234	2715	3.794766797940821	-0.7235073248126929	1.0395390206064976	1.0216210495819766	0.08908054889158414	0.5555692606370505	-0.9848343840794725	-0.581399035956475	0.0	0.0	0.9570896269938386	0.9570896269938386	3.084355814109965	1.4370380980478086	mel1_rep2	mel1
21x24	21.0	24.0	3315	1815	3.520483532740792	-0.41410204069502526	0.13130655820311837	0.6765275105676464	-0.2513437542381046	1.3038240000454122	-0.787909416582951	-0.23347429077100754	1.9506393066224583	0.0	0.0	0.0	2.3075501223766746	0.0	mel1_rep2	mel1
21x25	21.0	25.0	5579	2680	3.746556361410369	-0.7023339842724188	-0.13581881340271043	2.014444159483221	0.33672248804236604	0.9758461782798471	-0.7108916845896883	-0.581399035956475	0.0	0.0	0.0	1.8527460273019791	2.464245973885463	0.0	mel1_rep2	mel1
21x26	21.0	26.0	5002	2411	3.699143687394484	-0.8629144727070863	-0.026607153346957454	1.6729259159790648	0.6372512547061763	0.5129399872883118	-0.4181315024850138	-0.03978310607357165	1.6091179892129441	0.0	0.0	0.0	2.564580206197616	0.0	mel1_rep2	mel1
21x27	21.0	27.0	2090	1247	3.3201462861110542	-1.0072612068178315	0.4376421137034437	0.06742488723136195	0.7024601606257888	1.1591189788896454	-0.5823662831772011	0.34844629511206543	1.7552145986499816	0.0	0.0	0.0	2.7313803891450457	0.0	mel1_rep2	mel1
21x28	21.0	28.0	1678	1060	3.2247919564926817	-0.47222270015362877	0.04388664760215667	-0.3494896633955759	-0.8498762120763154	0.3921805004791718	-0.5826472770180898	0.05885693721850886	1.9401041218163313	0.0	0.0	0.0	2.5586953133485437	0.0	mel1_rep2	mel1
22x6	22.0	6.0	6160	2868	3.7895807121644256	0.9457505958403648	-0.21294956328880044	-0.5211230978470345	-0.3419011169453409	-0.3319990472487567	-0.22659455180169152	0.39124944101712716	0.9644622755475208	0.0	0.0	0.0	2.9368917735310576	0.0	mel1_rep2	mel1
22x7	22.0	7.0	6088	2785	3.7844746437625165	0.534019050270757	-0.46291281295260933	-0.7723543259893779	0.1967920973864312	-1.0562314971698827	0.7336866381269921	0.6932716658859283	0.9717540319109662	0.9717540319109662	0.0	0.0	1.77964077954671	0.0	mel1_rep2	mel1
22x8	22.0	8.0	5470	2304	3.737987326333431	0.35938365227206037	-0.46291281295260933	-0.7723543259893779	-0.27090390835735	-0.7282025909738249	0.5566101054774557	-0.11362155196727683	2.1177741514030295	0.0	0.0	0.0	2.316563717633253	0.0	mel1_rep2	mel1
22x9	22.0	9.0	9599	3251	3.982225991674675	1.3254738384692433	-0.46291281295260933	-0.6167703608889551	-0.4174912556528733	-0.5100097424148395	0.4394262475899101	-0.2267903776538219	2.233685232822918	0.0	0.0	0.7138196181453231	1.6423117458559178	0.0	mel1_rep2	mel1
22x10	22.0	10.0	9045	3091	3.9564085711958326	0.5308941840084231	-0.3854211303972557	-0.3988274910372651	-0.36055962542094694	-0.33841477598172204	1.384122834193899	-0.07280001180133384	2.1678051917008925	0.0	0.0	0.0	1.6905261251690205	0.0	mel1_rep2	mel1
22x11	22.0	11.0	6358	2745	3.803320523578754	0.9839072078305686	-0.35800074578743185	-0.566381636263853	-0.3217650034621623	-0.1588684973844069	0.364270777779119	0.04059624164503015	1.743700399807259	0.0	0.0	0.0	1.9866800144138743	0.0	mel1_rep2	mel1
22x12	22.0	12.0	10086	3435	4.003718963823115	0.7483681733846603	-0.16378051487206735	-0.7723543259893779	-0.575706993861693	-0.4933364913247149	0.5603115266546598	0.7591380492460343	1.7846285456591922	0.6888747313166137	1.0929116236210985	0.0	3.2106565350532787	0.0	mel1_rep2	mel1
22x13	22.0	13.0	5358	2640	3.7290027092721902	0.10725760713226984	0.3968418692408067	0.6998571868116252	-0.11231412020643458	-0.5876502736180762	-0.10523055972271274	0.4786135682486351	2.3352304123667653	0.0	0.0	0.0	3.0694495652320337	0.0	mel1_rep2	mel1
22x14	22.0	14.0	6398	2937	3.806044235748088	-0.35624374951560056	1.4966408171157766	1.3279829779645402	0.3861867320353243	0.5796250670592803	0.2905087510769286	0.8019486512795027	0.9411739346466597	0.0	0.0	0.0	2.7125000129859873	0.0	mel1_rep2	mel1
22x15	22.0	15.0	4597	2221	3.6624745037503095	0.36839358920690946	0.9358573630140656	-0.3354578358815854	-0.1772740187784993	1.1138104316905795	-0.25391794635141846	-0.581399035956475	2.018363056278162	0.0	0.0	0.0	2.9124948881664228	0.0	mel1_rep2	mel1
22x16	22.0	16.0	4147	2045	3.617734035364018	0.2108298384355823	-0.006036753819684535	0.11069468137552596	0.02890502453740229	1.289972485863731	0.02684696643284555	0.4692932706859548	1.7617749675154621	0.0	1.227117406212553	0.0	2.365139793307132	0.0	mel1_rep2	mel1
22x17	22.0	17.0	2418	1320	3.383456296524753	-0.48235218120669177	-0.12611075213753412	-0.23529985464575612	-0.20634193359928948	0.07406471786304976	-0.43632961021499134	-0.581399035956475	2.2269234554063027	0.0	0.0	0.0	3.3995141350830718	1.6362062807501	mel1_rep2	mel1
22x18	22.0	18.0	2139	1226	3.330210784571528	0.371512910475372	-0.08502916470992711	-0.20875275840726523	-0.551460946396696	0.7595378670804114	0.11979883033355558	-0.581399035956475	1.736084979815398	0.0	0.0	0.0	2.980635247571802	0.0	mel1_rep2	mel1
22x19	22.0	19.0	4333	2092	3.636788689034375	-0.34337166766300825	0.3643161787622207	1.2950466687902598	-0.42470370903046006	0.5888345138557111	-0.14784652646518362	-0.581399035956475	1.1963044281833062	1.725573310998545	0.0	0.0	3.272855100283913	0.0	mel1_rep2	mel1
22x20	22.0	20.0	8678	3534	3.9384196457931933	-0.6537928966618903	0.8642745908607411	0.49412011262472866	0.5948328581006846	1.1215055497868949	-0.32943228953818365	-0.581399035956475	1.1953391909166886	0.0	0.0	0.0	3.271523813135643	0.0	mel1_rep2	mel1
22x21	22.0	21.0	5020	2317	3.7007037171450192	-0.7050212929144337	-0.11340255110185461	1.2181219487013322	0.027416372979522756	0.9429460220866628	-0.5254177736443205	0.7919801119350498	1.095952712632351	0.0	0.0	1.095952712632351	3.0407208745060754	1.095952712632351	mel1_rep2	mel1
22x22	22.0	22.0	7844	3214	3.8945375849957466	-0.7946854021529609	0.031600470654459	1.7253247899718474	-0.2535659736032078	0.2737158100456865	-0.47027195312296316	-0.581399035956475	0.0	0.0	0.0	0.8219184089319185	2.4158136057309467	0.0	mel1_rep2	mel1
22x23	22.0	23.0	7001	2965	3.8451600776519457	-1.0072612068178315	0.34291876842222646	2.157315659386611	0.27405930222832503	0.06068690234890429	-0.37806520667662985	-0.3593923866867904	1.3498209063604516	0.0	0.0	0.0	3.386670628176514	0.8872191698605314	mel1_rep2	mel1
22x24	22.0	24.0	1941	1257	3.2880255353883627	-0.7412326343973917	0.1744214881480844	0.2762240129852761	-0.3900607607837486	1.204345365718003	-0.16994122130033879	-0.581399035956475	0.0	1.8167745523643744	0.0	0.0	1.8167745523643744	0.0	mel1_rep2	mel1
22x25	22.0	25.0	3850	2063	3.5854607295085006	-0.6458867599658787	0.14089042080899336	0.9099517829466734	0.2614780905046334	0.6546439912430759	-0.7418943448057574	-0.1250563447406572	1.8237110690346574	0.0	0.0	0.0	2.4327015705184993	0.0	mel1_rep2	mel1
22x26	22.0	26.0	4919	2194	3.6918768225593315	-1.0072612068178315	-0.23376594109813378	2.407589695770187	-0.6591592908062697	-1.0340502308714286	-0.892821248088741	-0.581399035956475	0.0	0.0	0.0	0.0	2.5800350811409225	0.0	mel1_rep2	mel1
22x27	22.0	27.0	2247	1241	3.351603072419129	-0.7912785935294772	0.09713367997509866	0.767332517059635	0.005601636783531491	-0.621200998773313	-1.0487530837104502	-0.581399035956475	0.0	0.0	0.0	0.0	2.663829022455844	0.0	mel1_rep2	mel1
23x7	23.0	7.0	6273	2949	3.7974752875373343	0.400597034476429	-0.2828474882966721	-0.564583605035481	-0.3276504817044377	-0.6833838198414602	0.2201121506208733	0.7526755505352675	1.4322870867684145	0.0	0.0	0.0	2.730933196545607	0.953252583563871	mel1_rep2	mel1
23x8	23.0	8.0	6871	2788	3.837019948540908	1.2007480047662853	-0.40324566830375475	-0.7723543259893779	-0.4736101666224126	-0.9035544066989444	0.381945085825746	-0.581399035956475	1.9200894912672064	0.0	0.0	0.0	2.8337611063753068	0.0	mel1_rep2	mel1
23x9	23.0	9.0	5709	2081	3.756560043006683	1.3009195588246543	-0.46291281295260933	-0.5517376364043931	-0.43108310263415983	-0.44290963793655225	0.6668780072319859	-0.581399035956475	2.443192025428046	1.0121899195356807	0.0	0.0	1.0121899195356807	0.0	mel1_rep2	mel1
23x10	23.0	10.0	6148	2507	3.7887338588277073	0.6676201385597247	-0.3987698770182892	-0.7723543259893779	-0.5616805031012728	-0.5807680024188747	0.7317773468407811	-0.581399035956475	0.0	0.0	0.0	0.0	0.965669377314345	0.0	mel1_rep2	mel1
23x11	23.0	11.0	8931	2975	3.950900089366387	0.850771355615382	-0.46291281295260933	-0.5766565808706298	-0.6586586005152767	-0.7363305837228235	1.0676948539882167	0.5728390349127666	2.50118628355794	0.0	0.0	0.0	1.8868388972896892	0.0	mel1_rep2	mel1
23x12	23.0	12.0	6462	2886	3.8103669536816254	0.2124934612897145	-0.10125335693153133	0.12671742236545888	0.6612953769107639	-0.31463723778513897	0.4434305661661389	-0.007859014959926108	0.9351158271481457	0.0	0.0	0.0	3.362288597569823	0.0	mel1_rep2	mel1
23x13	23.0	13.0	4166	2089	3.619719265611727	-0.4027183764264975	0.38191452595376385	0.35726128712655947	0.21798857020556744	-0.1720597534047353	-0.20385771148731271	0.022124471814348956	1.2238883844926505	0.0	0.0	0.0	2.1042746546860855	0.0	mel1_rep2	mel1
23x14	23.0	14.0	2974	1697	3.4733409641859354	-0.3476624817316305	0.32142888343998377	0.028499259514269404	0.2311383837584762	0.3336987532040973	0.5959998029753054	-0.581399035956475	2.044455293685249	0.0	0.0	0.0	3.328619457672613	0.0	mel1_rep2	mel1
23x15	23.0	15.0	4067	2062	3.6092741724045876	-0.23002447255742087	0.8450210711640044	-0.501882370811473	0.27554921946985905	0.730554927059885	0.5144394521232836	0.38650976571446394	1.2409260018504715	0.0	0.0	0.0	2.7570237838430915	0.0	mel1_rep2	mel1
23x16	23.0	16.0	2482	1359	3.394801777162711	0.019068193295068578	-0.06585741018085133	-0.35160750350021375	0.08783540882279957	-0.08847818606179975	-0.20460799174785113	0.2742840763538373	2.5716214029699955	0.0	0.0	0.0	2.8400157700222777	0.0	mel1_rep2	mel1
23x17	23.0	17.0	3767	1820	3.5759956202032677	-0.3183946022332516	-0.46291281295260933	-0.4347625422318038	-0.23496788014645814	0.38904216437183536	0.03980895525250613	-0.581399035956475	2.193205065496211	0.0	0.0	0.0	3.315869072399757	1.295995495370902	mel1_rep2	mel1
23x18	23.0	18.0	5728	2527	3.758003009299799	-0.012979597953860745	0.040866064080884036	-0.37336407427274365	0.2986294172622635	1.1007837893966834	-0.10900852969617611	-0.184156182365401	1.5022134633382114	0.0	0.0	0.0	3.0887544137177048	0.0	mel1_rep2	mel1
23x19	23.0	19.0	7074	3098	3.8496650554787326	0.13406402298821832	1.2483966408906588	0.5142901021165667	-0.44936330165536237	0.846574475740439	-0.07844581690229413	-0.1468960809011881	0.8811307478048258	0.0	0.0	0.0	3.511946237903157	0.0	mel1_rep2	mel1
23x20	23.0	20.0	8409	3413	3.9247443524799484	-0.601984684615707	0.24497459642754219	1.9112996915845475	0.24662709819896197	0.6971862109419359	-0.7094190327338156	-0.19502142679540985	1.2174034355222048	0.0	0.0	0.0	2.7259179214066123	0.0	mel1_rep2	mel1
23x21	23.0	21.0	10545	3519	4.023046584075505	-0.8910221693969252	0.44189770583052557	2.741046817771105	-0.005038825237001943	-1.116095160014786	-0.26567550490701847	0.23398206559872053	0.6669657884046352	0.0	0.0	0.0	3.445090993429802	1.0635491921709923	mel1_rep2	mel1
23x22	23.0	22.0	5510	2399	3.741151598851785	-1.0072612068178315	-0.039108367362231874	2.5851570540803355	-0.7050979640835026	-0.8570459208102764	-1.130506914611325	0.08458010506723644	0.0	0.0	0.0	0.0	2.475638179578962	0.0	mel1_rep2	mel1
23x23	23.0	23.0	5028	2240	3.7013952690139202	-0.8633682537941535	0.6918230952007351	1.1121218197089986	-0.198919986808219	-0.9293740854989508	-0.3950444972496824	-0.18383436879508205	1.0948928369837214	0.0	0.0	0.0	2.1922622277645565	0.0	mel1_rep2	mel1
23x24	23.0	24.0	2733	1526	3.436639631692661	-1.0072612068178315	0.6029569445746986	-0.7723543259893779	0.0065826393416232865	-0.9898447643389336	-0.4876337261245755	-0.022649035241803284	0.0	0.0	0.0	1.5387971416453674	2.4829838363951406	0.0	mel1_rep2	mel1
23x25	23.0	25.0	638	487	2.8048206787211623	-1.0072612068178315	0.14956164768109298	-0.7723543259893779	0.5779125940520069	-0.7278619772913082	-1.231636016662167	-0.581399035956475	0.0	0.0	0.0	0.0	2.813849491957473	0.0	mel1_rep2	mel1
23x26	23.0	26.0	651	508	2.813580988568192	-1.0072612068178315	0.26481303641763926	-0.1631786701810106	0.2802460991517891	-0.6763808369549542	-0.550264309305485	-0.581399035956475	0.0	0.0	0.0	0.0	2.7948994212345966	0.0	mel1_rep2	mel1
24x8	24.0	8.0	3803	2057	3.5801263254115825	0.496548559793521	-0.058185185139875646	-0.12567596091771277	0.7568626709509889	-0.08866488460933974	-0.07451050401423082	1.7714135729296117	2.1847593270005956	0.0	0.0	0.0	2.649538998748753	0.0	mel1_rep2	mel1
24x9	24.0	9.0	4122	2110	3.615107987443194	0.6924245292339416	-0.46291281295260933	-0.5039596624564907	-0.3251321960899807	-0.9082675570851051	0.23657771106619122	0.33395532884743506	1.2313953826258879	0.0	0.0	0.0	2.5749022750665076	0.0	mel1_rep2	mel1
24x10	24.0	10.0	4377	1945	3.641176546613114	0.4706885991575279	-0.3308832403920852	-0.7723543259893779	-0.645453515023495	-0.9167978439605257	0.636670913912782	-0.581399035956475	1.1892661492316972	0.0	0.0	0.0	2.688392868253708	0.0	mel1_rep2	mel1
24x11	24.0	11.0	5068	2025	3.7048366062114035	1.164368320840977	-0.46291281295260933	-0.7723543259893779	-0.8498762120763154	-0.5247525196488535	1.1295081888461942	-0.30874437122653275	2.185226197843027	0.0	0.0	0.0	2.185226197843027	0.0	mel1_rep2	mel1
24x12	24.0	12.0	9975	3857	3.998912904358786	0.1119289134361394	0.6926086958975823	-0.08630545343369163	0.4555350487595384	-0.16847737075812472	0.12517469268332035	0.018102096214812447	1.94805607262559	0.0	0.6943995288764112	0.0	3.4364096862899784	0.6943995288764112	mel1_rep2	mel1
24x13	24.0	13.0	3911	1959	3.5922878159521305	0.6306143598343332	0.028746008151684956	0.004437316150236029	-0.5965933332656543	0.5412339448486228	0.5212130512356313	1.1695699102680603	2.159946349755364	0.0	0.0	0.0	3.5333823044084025	0.0	mel1_rep2	mel1
24x14	24.0	14.0	2365	1321	3.3738311450738303	-0.3215609007085232	0.10518210988596845	-0.37344638980084843	0.2537137927448513	0.2635247679256118	-0.37716537085223795	-0.16749973336897797	0.0	0.0	0.0	0.0	3.6649700970667043	0.0	mel1_rep2	mel1
24x15	24.0	15.0	2919	1668	3.4652340949880145	-0.47496642895017593	-0.054747838271524935	0.3253728601926351	0.4976635121193919	-0.12276676462995333	-0.622756193478963	-0.581399035956475	2.060725169005292	0.0	1.4874580041061864	0.0	2.060725169005292	0.0	mel1_rep2	mel1
24x16	24.0	16.0	3065	1666	3.486430478854434	-0.08488207361148725	0.26742137534944566	-0.2466187435391104	0.13765176941238613	0.6532673547447222	0.18111299065985048	-0.581399035956475	1.4498893295844013	0.0	0.0	0.0	3.515312287762974	0.0	mel1_rep2	mel1
24x17	24.0	17.0	1935	1128	3.28668096935493	-0.48359733703647084	0.17367597994318507	-0.37580529617109726	-0.3937731936273109	-0.28418948100630886	-0.029401439184546393	-0.581399035956475	0.0	0.0	0.0	0.0	2.4279762081364322	0.0	mel1_rep2	mel1
24x18	24.0	18.0	3071	1692	3.4872798164430687	-0.30234765459827995	-0.28749909155993414	0.40695204652467143	0.014917973713150337	0.963596266577769	-0.04740310511633911	-0.581399035956475	0.0	0.0	0.0	0.0	2.849627398241088	0.0	mel1_rep2	mel1
24x19	24.0	19.0	1158	704	3.0637085593914173	-0.7773215724319966	-0.3124333529957438	-0.7723543259893779	-0.1643967499541005	-0.8846159608873979	-0.27256266886175484	-0.581399035956475	0.0	0.0	0.0	0.0	3.2923766549394333	0.0	mel1_rep2	mel1
24x20	24.0	20.0	4962	2446	3.6956567599361905	-0.02575455671318909	0.22191847843419232	0.01797677781447063	0.410776803736599	0.7153703871895488	-0.05199431011133751	-0.581399035956475	1.103704768180604	0.0	1.103704768180604	0.0	2.8403952124365888	0.0	mel1_rep2	mel1
24x21	24.0	21.0	6599	2612	3.8194781283621224	-0.9136370893367728	0.29133190845545304	2.5837521373722416	-0.5048067710022573	-0.8623138322317567	-0.48617887522310954	-0.581399035956475	1.393955498694735	0.0	0.0	0.0	2.683650266796732	1.7131027952284008	mel1_rep2	mel1
24x22	24.0	22.0	5313	2346	3.725339815909737	-0.8307684234678259	0.04186627497211466	1.973998245550726	-0.3255806722494047	-0.8489275398895697	-0.4694954818653443	0.20546783991913845	0.0	0.0	0.0	0.0	2.651496115198279	0.0	mel1_rep2	mel1
24x23	24.0	23.0	3655	1786	3.562887381293879	-1.0072612068178315	0.831111837173757	0.7759566326625293	-0.08395027384130242	-0.7529392681030805	-0.8031071102816113	-0.581399035956475	1.3180096617239265	0.0	0.0	0.0	2.686478568177349	1.3180096617239265	mel1_rep2	mel1
24x24	24.0	24.0	2339	1298	3.3690302218091532	-0.795436461224985	0.3281074033448728	1.7669866501651237	0.325153852144281	-0.661130528545573	-0.2357194379757552	-0.16526029436549838	0.0	0.0	0.0	0.0	2.626550444609348	0.0	mel1_rep2	mel1
24x25	24.0	25.0	2364	1347	3.3736474722092176	-1.0072612068178315	0.7598490226672118	1.8474099559597184	0.27691583239057455	-1.2126788563630992	-1.2112126657330906	0.019339639470621294	1.654433924726018	0.0	0.0	0.0	1.654433924726018	1.654433924726018	mel1_rep2	mel1
25x9	25.0	9.0	700	511	2.845098040014257	-0.3721077564683461	-0.16017661830506824	-0.11471884712605854	0.06248212797125193	-0.3038200998668916	-0.46430619090105907	1.4329155319541245	0.0	0.0	0.0	0.0	0.0	0.0	mel1_rep2	mel1
25x10	25.0	10.0	597	446	2.775974331129369	-0.6408875288155182	-0.46291281295260933	-0.7723543259893779	-0.8498762120763154	-1.2126788563630992	-0.38911356021918936	-0.581399035956475	2.876409107782234	0.0	0.0	0.0	0.0	0.0	mel1_rep2	mel1
25x11	25.0	11.0	1332	872	3.1245042248342823	0.3480956957900163	-0.25137107218262533	-0.7723543259893779	0.40193590927492806	-0.4247774086465232	0.03045956970777799	-0.581399035956475	0.0	0.0	0.0	0.0	3.434955446233911	0.0	mel1_rep2	mel1
25x12	25.0	12.0	1723	1069	3.2362852774480286	0.3901854877268803	-0.3355471021122633	-0.7723543259893779	-0.5202800050283573	-0.4742925519137622	0.10101919193536624	-0.10159133509306635	0.0	0.0	0.0	0.0	3.859268522449337	0.0	mel1_rep2	mel1
25x13	25.0	13.0	3067	1749	3.4867137759824853	-0.49717807946823406	-0.28741868735772447	0.39451426216516605	-0.5172333016043884	-0.21348276098840022	-0.24077522753992495	-0.05511347957946462	0.0	0.0	0.0	0.0	2.3778359210849547	0.0	mel1_rep2	mel1
25x14	25.0	14.0	1645	1035	3.216165902285993	-0.27604257580686764	-0.29173773290253746	0.20944850996205164	-0.01681870392388147	0.24934008074538305	0.0721622041476747	-0.581399035956475	0.0	0.0	0.0	0.0	1.9571365191189691	1.9571365191189691	mel1_rep2	mel1
25x15	25.0	15.0	3102	1651	3.4916417934775863	-0.044847370506947426	-0.20756844291535212	-0.3970640550294746	0.7594498424915643	0.46257553092188014	-0.060550763562740875	-0.581399035956475	1.4407178255553375	0.0	1.4407178255553375	0.0	2.631522334991033	0.0	mel1_rep2	mel1
25x16	25.0	16.0	1192	752	3.076276255404218	-0.690888247095987	-0.27174717341968585	-0.7723543259893779	0.055696360794761715	-0.8268089916438179	-0.4293369575126013	-0.581399035956475	0.0	0.0	0.0	0.0	3.542611494100682	0.0	mel1_rep2	mel1
25x17	25.0	17.0	1166	744	3.0666985504229953	-0.1769062001869682	0.41632130415671964	-0.7723543259893779	-0.8498762120763154	0.4794453953698941	-0.07441135725342152	-0.581399035956475	2.259294358959868	0.0	0.0	0.0	0.0	0.0	mel1_rep2	mel1
25x18	25.0	18.0	3007	1630	3.4781334281005174	0.3648079825695677	0.036244550430552004	0.24843650414176974	-0.49594458604302727	0.72614549116836	0.43095378865226835	0.49658937242118295	2.03485561344444	0.0	0.0	0.0	2.8694810762962306	0.0	mel1_rep2	mel1
25x19	25.0	19.0	1209	750	3.0824263008607717	0.39961505617355036	-0.12611075213753412	-0.7723543259893779	-0.05841661590608095	0.12079472489004012	-0.2297926276981127	-0.581399035956475	2.2269234554063027	2.2269234554063027	0.0	0.0	0.0	0.0	mel1_rep2	mel1
25x20	25.0	20.0	4296	2274	3.6330642726914992	-0.6445860828808423	0.06296468155565592	0.09827108526889652	0.9021910825581466	0.525140614350179	-0.051697777183185994	-0.581399035956475	0.0	0.0	0.0	2.0773443720891125	3.2811072173562934	1.7326273705368842	mel1_rep2	mel1
25x21	25.0	21.0	8989	3179	3.9537113804275554	-1.0072612068178315	0.192987830346533	2.1732948923372617	-0.6235906260972482	-1.2126788563630992	-0.26966026434818	0.005713854102522409	1.170914840094019	0.0	0.0	0.0	2.39900712525892	0.0	mel1_rep2	mel1
25x22	25.0	22.0	6531	2809	3.8149796837607566	-0.888973815070989	1.3125206620241838	1.5081412564774066	-0.3544983052901192	-0.8307633903967999	-0.2924909848819415	0.12104172942828977	0.9286773351503551	0.0	0.0	0.0	2.9639272665134695	0.0	mel1_rep2	mel1
25x23	25.0	23.0	4429	2145	3.6463056802847587	-0.8873854822823559	1.6746358588377452	0.8120752821052308	-0.06560648352683043	-1.0091850829058149	-0.8808319385559608	-0.581399035956475	0.0	0.0	1.1810662453740575	1.1810662453740575	2.947737119538972	0.0	mel1_rep2	mel1
25x24	25.0	24.0	4672	2189	3.669502834104343	-1.0072612068178315	0.4848656323302208	1.738813507893513	-0.382452298113246	-0.3425510554550759	-0.7565770845483876	-0.16499999230390344	0.0	0.0	0.0	0.0	2.6277410956952845	1.664081751854993	mel1_rep2	mel1
26x11	26.0	11.0	758	546	2.8796692056320534	-0.6313920089084598	-0.2867103228542908	-0.1326125467825959	-0.39390048654050375	-1.2126788563630992	0.05792286658776053	-0.581399035956475	2.6527215571908163	2.6527215571908163	0.0	0.0	2.6527215571908163	0.0	mel1_rep2	mel1
26x12	26.0	12.0	4197	2180	3.62293896921149	0.08211451200387877	0.10169278223840005	0.14121355715404918	-0.40654535012007326	1.8305251800245521	-0.23359582864312325	0.29947000986142375	2.727586496280667	0.0	0.0	0.0	2.727586496280667	1.218660690329983	mel1_rep2	mel1
26x13	26.0	13.0	2048	1275	3.3113299523037933	-0.27195233880102304	-0.34520842278372865	0.5327785836950844	-0.3488229677758995	0.598829729946951	-0.8631465999612108	-0.581399035956475	0.0	0.0	0.0	0.0	0.0	0.0	mel1_rep2	mel1
26x14	26.0	14.0	1288	858	3.1099158630237933	-0.7869448672749436	-0.2510129560791426	-0.20692530361935096	-0.12363150793514276	-0.07385797953317942	-0.16399641295384884	-0.581399035956475	0.0	0.0	0.0	0.0	0.0	0.0	mel1_rep2	mel1
26x15	26.0	15.0	3304	1795	3.5190400386483445	0.046760257930250085	-0.333155505198797	-0.07358677399333813	-0.0181967558381437	0.9781333508595983	-0.23829143304872788	-0.581399035956475	2.7808775196015043	0.0	0.0	0.0	2.5731111538359452	0.0	mel1_rep2	mel1
26x16	26.0	16.0	2146	1220	3.3316297176299323	-0.0817540683416314	0.13993302979941927	-0.7723543259893779	0.4043412831477525	0.8498694461338759	0.06337665193450456	-0.581399035956475	1.733394253266877	0.0	0.0	0.0	2.9775341365665144	0.0	mel1_rep2	mel1
26x17	26.0	17.0	2217	1264	3.345765693114488	-0.4599149576904911	-0.27344187574419404	0.0838030548959611	-0.8498762120763154	-0.18306783909389165	-0.2141743266627646	-0.581399035956475	2.304702830960816	0.0	0.0	0.0	2.6763393329100147	0.0	mel1_rep2	mel1
26x18	26.0	18.0	3197	1648	3.504742636271688	0.02566345192601148	-0.28997591616762314	0.6103643279544392	0.4894722266393193	0.9231611821594913	-0.297704253227372	-0.06659257519328683	1.9818100898884288	0.0	0.0	0.0	3.1309415664431532	0.0	mel1_rep2	mel1
26x19	26.0	19.0	1312	789	3.1179338350396413	-0.23632937891206562	0.08923019229315433	0.3547990216772635	-0.21224059792390754	0.32011895285709197	-0.22164166442877853	-0.581399035956475	0.0	0.0	0.0	0.0	2.7877176038360814	0.0	mel1_rep2	mel1
26x20	26.0	20.0	3224	1797	3.508395033133053	-0.6842319900910725	-0.46291281295260933	-0.46472359971934596	-0.4098225271392733	1.5122282594468741	-0.5548050941305954	-0.2282252831140414	1.4114105358743412	0.0	0.0	0.0	3.250912943124212	0.0	mel1_rep2	mel1
26x21	26.0	21.0	7240	3016	3.859738566197147	-1.0072612068178315	0.5946766428258026	2.4840817620861753	0.008973561338416916	-0.30664762267347784	-0.5452077217232728	0.20979579765522088	0.0	0.0	0.0	0.0	2.942110011592624	0.8676110588379221	mel1_rep2	mel1
26x22	26.0	22.0	5217	2477	3.717420836722375	-0.898608666148459	0.5152319390832854	1.4046846007489844	-0.03390373705977134	-0.710455182462263	-0.013495649335889683	1.4192335262088176	1.5755958462092867	0.0	0.0	1.0704906998977217	3.0041023601661467	1.5755958462092867	mel1_rep2	mel1
26x23	26.0	23.0	778	576	2.890979596989689	-0.40566880635494384	0.7869830209636272	0.48526380581893136	-0.8498762120763154	-0.7597909125429555	-0.34871705335355413	-0.581399035956475	0.0	0.0	0.0	0.0	3.6778289038454055	0.0	mel1_rep2	mel1
27x14	27.0	14.0	915	653	2.9614210940664485	0.08460743122545719	-0.46291281295260933	-0.7723543259893779	-0.3407862586217065	-0.8536979116275235	-0.16793289430992933	-0.581399035956475	2.478969203708523	0.0	0.0	0.0	2.478969203708523	0.0	mel1_rep2	mel1
27x15	27.0	15.0	2073	1179	3.3165993020938607	-0.27560013906816055	0.01936326296566159	-0.7723543259893779	-0.21611338627466534	0.7029095916571658	-0.20626164626486485	-0.581399035956475	1.761974720896608	0.0	0.0	0.0	2.3653583087054324	0.0	mel1_rep2	mel1
27x17	27.0	17.0	1413	925	3.1501421618485588	-0.48933243181544256	-0.46291281295260933	-0.317028078726626	0.08066671174969217	-0.5738398027913304	-0.42437666527181306	-0.581399035956475	2.7182831105216896	0.0	2.0890379528690723	0.0	3.922764821899034	0.0	mel1_rep2	mel1
27x18	27.0	18.0	1672	1021	3.2232362731029975	0.006298617486065873	-0.2927363078501995	-0.26618049738701266	-0.5158647530287962	0.13758182785735548	-0.09530079450447583	0.37681755918500703	1.9431722965579745	0.0	0.0	0.0	2.9414124951413196	0.0	mel1_rep2	mel1
27x19	27.0	19.0	1865	1071	3.2706788361447066	-0.49348436970836335	-0.28008621785098137	-0.29036435954489487	-0.8498762120763154	0.24859514230319268	-0.28516338962430593	-0.581399035956475	1.8503318367919481	0.0	0.0	0.0	3.1111891025606164	0.0	mel1_rep2	mel1
27x20	27.0	20.0	3245	1718	3.511214701136388	-0.8224156051932477	0.49331155638217944	1.3824434878256842	-0.2826122918367903	0.30792647351729946	-0.5688012620367763	-0.581399035956475	1.4065047725679796	0.0	0.0	0.0	1.9689747049864947	0.0	mel1_rep2	mel1
27x21	27.0	21.0	4168	2198	3.619927710291468	-1.0072612068178315	-0.10720049320556155	1.8444125409741166	-0.11028059995095386	0.9208227836200042	-0.25263057412705625	0.3281231849985279	0.0	1.2235495960294667	0.0	0.0	2.8788964858536152	0.0	mel1_rep2	mel1
27x22	27.0	22.0	3367	1830	3.5272431163880884	-1.0072612068178315	0.16403519405060057	2.02465650555186	0.11605996507038387	-0.42045005780622785	-0.6352927157380667	0.2642480390015905	1.3787668428103985	0.0	1.3787668428103985	0.0	1.9373026304269838	0.0	mel1_rep2	mel1
2x13	2.0	13.0	1234	892	3.091315159697223	0.02288021058068907	-0.10077280941452994	-0.39165524810209956	-0.13633734066062853	-0.622043123825573	0.05636954007423694	-0.37100681195329627	2.845342745108185	0.0	0.0	0.0	3.5090022332651802	0.0	mel2_rep1	mel2
2x14	2.0	14.0	2730	1510	3.436162647040756	-0.00417204636733828	-0.05797810401052061	-0.39165524810209956	-0.01264076078565717	0.038284278327747466	0.10778549109145735	-0.37100681195329627	1.5396598033724467	0.0	0.0	0.0	2.483990479316221	0.0	mel2_rep1	mel2
2x15	2.0	15.0	4105	2405	3.6133131614554594	0.3886882601775056	0.06993774432785052	-0.39165524810209956	0.3431354354065604	0.10087018817522697	0.5142629528415581	0.10707113627477997	2.3743674118063387	0.0	0.0	0.0	2.7483166211002725	1.2343236015495682	mel2_rep1	mel2
2x16	2.0	16.0	3555	2130	3.550839605065785	0.36589423550691896	-0.3337985446984557	-0.39165524810209956	-0.1726598024334278	-0.20108897740334167	0.43623127086040275	-0.37100681195329627	1.3384004196954247	0.0	0.0	0.0	3.4639322377923523	0.0	mel2_rep1	mel2
2x17	2.0	17.0	5346	2832	3.7280289544205183	0.36106294226092245	0.049912081788776104	-0.39165524810209956	0.612795508190431	-0.08504787746500854	0.5202882506431444	-0.37100681195329627	2.3372557714371642	0.0	0.0	0.0	3.3693062694805684	0.0	mel2_rep1	mel2
2x18	2.0	18.0	5345	2720	3.727947709544797	0.15667499470087431	0.31726781019431083	-0.39165524810209956	0.5440274181045452	-0.2760601699087189	0.668249939560855	-0.04050788232872451	1.8889953951459089	0.0	0.0	0.0	3.2316655296375654	0.0	mel2_rep1	mel2
2x19	2.0	19.0	4688	2573	3.670987603010034	0.22620495190065915	0.3302874884582136	-0.39165524810209956	0.750307660848169	-0.20295602351280617	0.3281642591481465	-0.37100681195329627	0.0	0.0	0.0	0.0	3.4964041328063065	1.1420247816034232	mel2_rep1	mel2
2x20	2.0	20.0	3358	2076	3.5260806918020298	0.2671325689624371	0.07477438132255823	-0.39165524810209956	-0.06990994354762038	0.6584887055846687	0.022433213226089644	-0.37100681195329627	0.0	0.0	0.0	0.0	3.426853131346531	0.0	mel2_rep1	mel2
2x21	2.0	21.0	3856	2280	3.5861370252307934	-0.1454166817956143	-0.13857547849087154	0.05955553620898882	-0.5124710732689116	0.9604178960030887	-0.30111258172982863	0.029833246435424687	1.8224053812740835	0.0	0.0	0.0	3.2933749475428136	0.0	mel2_rep1	mel2
2x22	2.0	22.0	3594	2171	3.555578072772955	-0.08128168016650922	0.010003178264997482	-0.39165524810209956	-0.11588058457495151	0.19921381811377994	0.23232962911522936	1.5517140743409699	2.4956537378449535	0.0	0.0	0.0	3.146705958818747	0.0	mel2_rep1	mel2
2x23	2.0	23.0	6958	3453	3.84248442441157	1.3107766274727568	-0.34019571835256773	-0.13394608449286488	-0.16905070837200803	0.16179700295554797	0.0038201406107883917	0.5773398963976448	1.9093615084453153	0.0	0.0	0.8908476221520609	1.6698900560254835	0.8908476221520609	mel2_rep1	mel2
2x24	2.0	24.0	2223	1517	3.3469394626989906	0.18049432954324895	-0.4453283581275239	1.435402942716972	-0.12608055517071715	-0.3680730044122125	-0.07376671838791879	-0.37100681195329627	1.7044617878130661	0.0	0.0	0.0	3.156665375891938	0.0	mel2_rep1	mel2
3x12	3.0	12.0	1120	849	3.0492180226701815	-0.5363682500830935	-0.4453283581275239	-0.39165524810209956	-0.965891845514424	-0.6081825298392846	-0.34647124676054547	-0.37100681195329627	0.0	0.0	0.0	0.0	2.9368917735310576	0.0	mel2_rep1	mel2
3x13	3.0	13.0	2151	1484	3.3326404103874627	-0.11881626316115036	-0.08721956139378204	-0.39165524810209956	0.060079570263214074	0.06802491835857911	0.2505594204970594	0.17160323905399616	1.7314786206408816	0.0	0.0	0.0	2.331949791913331	0.0	mel2_rep1	mel2
3x14	3.0	14.0	2530	1666	3.403120521175818	-0.704710100297591	-0.06851874877795282	-0.39165524810209956	0.1895252509723652	-0.3360299731727732	-0.020371025119227015	-0.37100681195329627	0.0	0.0	0.0	0.0	3.355780966635892	0.0	mel2_rep1	mel2
3x15	3.0	15.0	3006	1866	3.4779889762508893	-0.2576412931770411	-0.024927084591555324	-0.39165524810209956	0.39539444164577553	0.13590027093493104	0.20084839419233544	-0.37100681195329627	2.035144760143036	0.0	0.0	0.0	3.0426196686211284	0.0	mel2_rep1	mel2
3x16	3.0	16.0	7372	3473	3.867585326547036	0.020139042062894776	0.1649999684661461	-0.39165524810209956	0.7342083711462195	0.15944987997232354	0.7419186350250992	0.6839707332569633	1.8603422970516719	0.0	0.0	0.0	2.849422898955494	0.0	mel2_rep1	mel2
3x17	3.0	17.0	10044	4138	4.001906704040885	0.35061874544542004	-0.03274233916694957	-0.39165524810209956	0.4092345760065813	-0.33144111153088157	0.5469396865709544	0.3701403930451858	1.9421481747143157	0.0	0.0	0.6909544158021397	3.396953689273025	0.6909544158021397	mel2_rep1	mel2
3x18	3.0	18.0	9408	4065	3.973497308732063	0.3986957445806741	0.18421078073623143	-0.39165524810209956	0.7286965972544824	-0.470280399217391	0.25306759705151904	1.4350605179311726	1.9984417434881927	0.0	0.0	0.0	3.7731518226714016	0.7241249610454231	mel2_rep1	mel2
3x19	3.0	19.0	9127	3968	3.9603280505301433	-0.13291596468244304	0.30828541251027697	-0.39165524810209956	1.2476137593038	-0.25809059502148946	0.4734299802036757	0.21452746711937776	2.278825265340645	0.0	0.0	0.0	3.554352089143971	0.0	mel2_rep1	mel2
3x20	3.0	20.0	11474	4768	4.059714845546422	0.4110247212776793	0.29731679867945815	-0.39165524810209956	0.7019869622184194	1.0198836346383857	0.33144562949638406	0.2647996007639254	2.273707773672409	0.0	0.0	0.0	3.268600170779847	0.0	mel2_rep1	mel2
3x21	3.0	21.0	7191	3630	3.8567892887533164	0.05904489931071952	-0.31268707624039876	-0.07536666133605044	0.01084754220460525	0.4140717162875789	0.11155884352663727	0.04580551975960594	2.49527087045878	0.0	0.0	0.0	2.701782045768027	0.8715557469389995	mel2_rep1	mel2
3x22	3.0	22.0	7595	3615	3.8805277781988052	0.5374779052153327	-0.37532020332624505	-0.39165524810209956	0.018991278651872525	0.19026952197091188	0.4463193018314435	-0.1077289028490384	2.1860438797686323	0.0	0.0	0.0	2.0259456223307337	0.8401246347258122	mel2_rep1	mel2
3x23	3.0	23.0	9114	4120	3.95970902424643	0.47746281354900827	-0.15944363897452235	-0.1228872570574	-0.2688982793298282	-0.13463036835380823	0.2617102808679235	0.3109211272970566	2.0259456223307337	0.0	0.0	0.0	2.161078157421274	0.0	mel2_rep1	mel2
3x24	3.0	24.0	4397	2593	3.643156465619706	-0.13450919851592302	0.09060917187686801	-0.39165524810209956	0.2157460775995163	0.6682745166289606	0.794960841860009	0.0006918865273735086	0.0	0.0	0.0	0.0	2.5153865150837453	0.0	mel2_rep1	mel2
3x25	3.0	25.0	2471	1635	3.3928727454020793	0.2617034491195309	-0.017747176728575873	0.6640931878437171	-0.05786948855313661	1.6206379298597557	0.5529781017519682	0.13628673913613082	0.0	0.0	2.2076026619833224	0.0	2.575724456293421	0.0	mel2_rep1	mel2
4x11	4.0	11.0	1634	1170	3.2132520521963968	-0.22712431530194088	-0.2076317290389356	-0.39165524810209956	-0.2817934000652449	-0.3925334440594632	0.20299783774390193	-0.37100681195329627	1.9629008490507585	0.0	0.0	0.0	2.5832351547702865	0.0	mel2_rep1	mel2
4x12	4.0	12.0	2086	1437	3.319314304090512	0.32280665025976885	-0.2989330741880168	-0.39165524810209956	0.0953629810026247	-0.19145633952555197	-0.057805967160355486	-0.37100681195329627	1.756799401360786	0.0	0.0	0.0	3.2176478420591454	1.756799401360786	mel2_rep1	mel2
4x13	4.0	13.0	1862	1253	3.269979676645324	-0.26208228912678094	-0.17146419875444638	-0.39165524810209956	0.03462518341710574	-0.48480061144963144	0.40871970275525094	-0.37100681195329627	0.0	0.0	0.0	0.0	3.3269351658803177	0.0	mel2_rep1	mel2
4x14	4.0	14.0	5012	2772	3.7000110623221123	0.7976588579227083	-0.14995280298315766	-0.39165524810209956	0.40831367682791847	0.2586963604445786	0.16833261079969788	0.03702053779090764	2.195094083853929	0.0	0.0	0.0	2.830957385962623	1.0970148442389525	mel2_rep1	mel2
4x15	4.0	15.0	6142	3146	3.78830981210705	0.20179184870419997	0.04257243765045535	-0.39165524810209956	0.3584945102940024	-0.13862717642779412	0.29359658781592324	-0.37100681195329627	2.016573176124786	0.0	0.0	0.96627414888355	2.750675843226436	0.0	mel2_rep1	mel2
4x16	4.0	16.0	8015	3592	3.9039035266901636	0.748978007982156	-0.16960581064874292	-0.39165524810209956	0.663826066414197	-0.3879949012722354	0.5570262292769238	-0.057320409950355165	1.9793868117379925	0.0	0.0	0.0	3.5463602830080356	0.0	mel2_rep1	mel2
4x17	4.0	17.0	7643	3519	3.8832638595849738	1.101902415075084	-0.1311329421863267	-0.39165524810209956	0.5209409270362181	-0.3077113520707632	0.4247110709484469	-0.10884946264126075	1.8299455185358722	0.0	0.8365489078851815	0.0	3.6621045855079357	0.0	mel2_rep1	mel2
4x18	4.0	18.0	9834	4175	3.992730203954143	0.27189646740348744	0.439344992900334	-0.39165524810209956	0.6748016816170951	0.0021535345011615414	0.42436009294905086	-0.023217235775513868	1.6228517130098215	0.0	0.0	0.7015518677741857	3.450190901195786	1.1098029137419911	mel2_rep1	mel2
4x19	4.0	19.0	9889	4183	3.9951523768914536	0.2354835187408636	0.3028026029821142	-0.39165524810209956	0.6807467289289172	-0.24295844904575534	0.5139133095694137	0.6434741553870632	1.1060674914429751	0.0	0.0	0.0	3.748567362345651	0.0	mel2_rep1	mel2
4x20	4.0	20.0	7895	3728	3.897352134344313	0.30030926286445947	0.5192139994450553	-0.39165524810209956	0.8597278248700534	1.1156083265840393	0.3360759208733739	0.1903392692621283	1.8027814671272497	0.0	0.0	0.8182916965103837	3.6954914918690416	1.2622178135898863	mel2_rep1	mel2
4x21	4.0	21.0	6779	3451	3.8311656339094426	0.10314802132747333	0.1671122048324807	-0.39165524810209956	0.570182136372799	0.9814741412404975	0.2244671570599465	-0.37100681195329627	2.287559061411284	0.0	0.0	0.0	2.7569316795297243	0.0	mel2_rep1	mel2
4x22	4.0	22.0	8872	3660	3.9480215331411035	0.43743978358390334	-0.2592278370653326	-0.39165524810209956	0.0798147617226949	-0.22584992591033973	0.9082398375608514	0.2220531920521654	2.049349459307588	0.0	0.0	0.0	2.6759194136475988	0.754779092057308	mel2_rep1	mel2
4x23	4.0	23.0	5832	3056	3.765817515309918	0.4014800647578323	-0.4453283581275239	-0.39165524810209956	0.05986979225295092	-0.16138941258362305	0.4081302387205343	-0.37100681195329627	2.4237460475970547	0.0	0.0	0.0	1.488254038749617	0.0	mel2_rep1	mel2
4x24	4.0	24.0	4592	2577	3.662001879389917	-0.0670475729330695	0.01085863470615442	0.6251771398256178	0.07153623262087086	0.758299105730098	-0.2299598019540676	0.4213345990392888	1.6781055277789747	0.0	1.1561577743147102	1.1561577743147102	2.913524040475829	1.6781055277789747	mel2_rep1	mel2
4x25	4.0	25.0	3506	2092	3.544811911757776	-0.23379516558291558	0.03323540989271516	2.476769565878871	-0.056513414645177264	0.437170216546696	0.5754813464516448	-0.37100681195329627	1.3486582446536075	0.0	0.0	0.0	2.7253180106473396	1.3486582446536075	mel2_rep1	mel2
5x11	5.0	11.0	2261	1498	3.35430056234536	0.19321283668695327	-0.4453283581275239	-0.39165524810209956	-0.38455301750034065	0.2186290315157994	-0.5903745327374833	-0.37100681195329627	0.0	0.0	0.0	1.6906162999544172	2.658051877060909	0.0	mel2_rep1	mel2
5x12	5.0	12.0	2156	1423	3.3336487565147013	0.11504594192017985	-0.3204443170297374	-0.39165524810209956	-0.24250401474428132	-0.20415576137042082	0.17376252722804508	-0.37100681195329627	2.329853687124107	0.0	0.0	0.0	3.185984574514475	0.0	mel2_rep1	mel2
5x13	5.0	13.0	3738	2278	3.572639297042813	0.3842738858216388	0.014836724484752262	-0.39165524810209956	0.12784151058049278	-0.5869089286598071	0.3789510297299884	-0.37100681195329627	1.3016150067583188	0.0	0.0	0.0	3.22195294762445	0.0	mel2_rep1	mel2
5x14	5.0	14.0	4603	2528	3.663040974893974	0.5624988193317944	-0.20654786988279575	0.43458869196954597	-0.01890004937555507	-0.32567109591228355	0.6447030233475654	-0.37100681195329627	2.473380561461276	0.0	0.0	0.0	3.1234639670727717	1.15451872222323	mel2_rep1	mel2
5x15	5.0	15.0	4462	2503	3.649529565947819	-0.12993183218946064	0.23475869020556336	0.023164643492893183	0.39494166910916034	-0.06402745466807773	0.3533577118778005	0.6176759622517791	2.044260171710567	0.0	0.0	0.0	3.544351015383087	0.0	mel2_rep1	mel2
5x16	5.0	16.0	7235	3455	3.859438535455056	0.3991297364814509	0.3983627354644247	-0.39165524810209956	1.0299220732425616	0.3993682459861489	0.4345020575807027	0.04440056345587044	2.229263585192386	0.0	0.8680118398853817	0.0	3.4470543641949494	0.0	mel2_rep1	mel2
5x17	5.0	17.0	9185	4017	3.963079160641827	0.8517514454688659	-0.20088222037718378	-0.12435786062878229	0.49273676703074276	-0.3500245791712482	0.6152429726861187	-0.14018488362814693	2.0192123574542586	0.0	0.0	0.0	3.449494903052453	0.0	mel2_rep1	mel2
5x18	5.0	18.0	5911	2997	3.7716609593488872	0.23333200875674492	0.2712266214362536	-0.39165524810209956	1.0288945944829992	-0.2544976217249657	0.26942192440507506	-0.06069970349038558	1.477852567124026	0.0	0.990195672083487	0.0	3.6866395934121914	0.0	mel2_rep1	mel2
5x19	5.0	19.0	7806	3652	3.8924285469452298	0.14852006697227912	0.47146510299220373	-0.39165524810209956	1.0821345046991662	-0.18633128383438402	0.22800793677630168	0.506861945121339	1.2703591559889282	0.0	0.8246428103930562	0.0	4.026883221124505	1.5775751514295502	mel2_rep1	mel2
5x20	5.0	20.0	9591	4141	3.98186389099135	0.18148025735206358	0.6369490665557758	-0.39165524810209956	0.6951009313799666	1.196443803957288	0.514504810150283	-0.37100681195329627	2.1160758623855243	0.0	0.0	0.0	3.2982821567620375	0.0	mel2_rep1	mel2
5x21	5.0	21.0	9726	4275	3.9879342652321585	0.06528146816406978	-0.05271323697985744	-0.39165524810209956	0.31404092067976086	1.320675600556434	0.11823375410191238	-0.020893069246749097	1.4072031731891699	0.0	0.0	0.7071348505502076	2.8593826600726895	0.0	mel2_rep1	mel2
5x22	5.0	22.0	5667	3058	3.753353212641496	0.19640019195633657	-0.3221876907098232	-0.39165524810209956	-0.3568084266508952	-0.4395523289463306	0.13915548902750532	0.022857400907531966	2.0867160592159664	0.0	0.0	1.016896712223868	2.591682256902451	0.0	mel2_rep1	mel2
5x23	5.0	23.0	6603	3349	3.8197412972730103	0.5127140918066743	-0.4453283581275239	-0.39165524810209956	-0.36089429713184173	0.3401103938698724	0.012100556247809409	-0.08205224811775742	2.4511121492580643	0.0	0.0	0.0	1.7126061130488726	0.0	mel2_rep1	mel2
5x24	5.0	24.0	4307	2425	3.6341748717626	0.4039780722443342	0.47430854100588715	1.3287645905474474	-0.06254993288297044	0.1321839843286929	0.2815671784164742	0.075513874143873	1.7305227686351519	0.0	0.0	0.0	1.2005073219122233	0.0	mel2_rep1	mel2
5x25	5.0	25.0	3799	2107	3.5796692935547205	-0.5681407743070299	0.6708434772392758	3.1612041853876303	0.6213118402520933	-0.14374593321097245	-0.5553962623506064	-0.37100681195329627	1.834905688782487	1.289858251563929	0.0	0.0	2.8209996420412264	0.0	mel2_rep1	mel2
5x26	5.0	26.0	3221	2020	3.5079907248196913	-0.19387393376064987	0.38164439030573133	0.016848815347274254	-0.1559259666008577	0.8694824349587326	-0.1344543459531242	0.24803230501183116	0.0	0.0	0.0	0.0	2.3334903357310037	0.0	mel2_rep1	mel2
6x9	6.0	9.0	1875	1315	3.2730012720637376	-0.10811700365395069	-0.31204983615746323	-0.39165524810209956	-0.693458019408885	-0.14298638550677392	1.1387215597799059	-0.37100681195329627	2.456735772821304	0.0	0.0	0.0	1.845826690498331	0.0	mel2_rep1	mel2
6x10	6.0	10.0	3555	2184	3.550839605065785	0.11572722359081543	-0.1911118184062447	0.09405180937449029	0.21265304620923725	-0.4304749261021017	0.3419340081435449	0.1473821467867826	1.8909830488968002	0.0	0.0	0.0	2.712354099961389	0.0	mel2_rep1	mel2
6x11	6.0	11.0	1919	1290	3.2830749747354715	-0.24585781191270004	-0.21979153028961693	-0.39165524810209956	-0.43297994560233194	-0.14568674321106595	-0.13008327743800455	-0.37100681195329627	0.0	0.0	0.0	0.0	1.8263295484750086	0.0	mel2_rep1	mel2
6x12	6.0	12.0	2332	1552	3.3677285460869766	0.4140101817514621	-0.3065435115998899	-0.39165524810209956	0.23773464913099498	-0.7969932714856965	-0.023955305312446582	0.8935240589818081	1.6654712415356578	0.0	0.0	1.6654712415356578	3.110881770160384	0.0	mel2_rep1	mel2
6x13	6.0	13.0	4588	2493	3.66162340922923	0.13351595250953263	-0.4453283581275239	-0.39165524810209956	-0.7181081230164511	-0.866169436203651	-0.12297212534811526	0.4395307355310799	2.476369879108743	0.0	0.0	0.0	2.476369879108743	0.0	mel2_rep1	mel2
6x14	6.0	14.0	6315	3186	3.8003733548913496	0.18415338143524598	-0.22733831589213688	-0.39165524810209956	-0.5645391146807063	-0.4910469117965186	1.3198561943586042	1.0553155595744108	2.1880331736972054	0.0	0.0	0.0	3.208945446310046	0.0	mel2_rep1	mel2
6x15	6.0	15.0	3093	1869	3.490379920003179	0.39110974830331613	-0.3250875037818203	-0.39165524810209956	0.9634392428583303	-0.46572463402275055	0.7974829056768311	1.6077211494243904	1.4429362425426837	0.0	0.0	0.0	3.404457499783407	0.0	mel2_rep1	mel2
6x16	6.0	16.0	6906	3296	3.8392265740134355	0.13511270082366786	0.06670930872210089	-0.39165524810209956	0.739688166893539	0.4283050035518096	0.6167308636794735	0.055176484102785174	1.3599587110955507	0.0	0.0	0.0	2.9110560559586918	0.0	mel2_rep1	mel2
6x17	6.0	17.0	4798	2585	3.6810602436318116	0.10294282364534998	0.07041058431760278	-0.06583522363696794	0.14100380352709135	0.13543603713346258	0.06407571077589867	-0.01804961947843182	2.233964331149772	0.0	0.0	0.0	3.5365213170618977	0.0	mel2_rep1	mel2
6x18	6.0	18.0	8988	3844	3.9536630637470913	0.24483755193989845	0.259717185986047	-0.39165524810209956	0.8161512239873525	-0.20128675603602283	0.5904407839173339	-0.13662494126889166	1.695685015835958	0.0	0.0	0.0	3.714873768863444	0.0	mel2_rep1	mel2
6x19	6.0	19.0	7670	3472	3.884795363948981	-0.12995157464769982	0.4082379144915208	-0.39165524810209956	0.6853322478546008	0.48357277490283795	0.4130427104549683	0.34147520338430504	2.4362631502213294	0.0	0.0	0.0	3.9973750316629166	0.8345516709524402	mel2_rep1	mel2
6x20	6.0	20.0	8695	3894	3.9392695863387313	0.36984744848682516	-0.04293100780745924	-0.39165524810209956	0.6726657531851863	1.2308102940952417	0.24212897736251537	-0.37100681195329627	1.1939747437540795	0.0	0.0	0.0	3.5366748380725017	0.0	mel2_rep1	mel2
6x21	6.0	21.0	5741	3019	3.7589875468676195	0.03930989150762761	0.06472350879484533	-0.39165524810209956	0.5037395195060755	0.6331027252565716	0.31505777899055454	-0.37100681195329627	0.0	0.0	0.0	0.0	3.421377909090203	0.0	mel2_rep1	mel2
6x22	6.0	22.0	9210	4142	3.964259630196849	0.21311690960325988	-0.30549018437725106	-0.1323270308582733	-0.2237661645467933	-0.16461650510142395	0.09836874335392731	-0.14062859105024655	1.8608005962764693	0.0	0.0	0.0	1.8608005962764693	0.0	mel2_rep1	mel2
6x23	6.0	23.0	5894	3171	3.7704101315139065	0.6491928810119961	-0.053838094844300896	-0.39165524810209956	0.04889526593782293	-0.006521623011563167	0.16388674535196415	1.0692521674127584	2.414112506006954	0.0	0.0	0.0	1.8066352662915817	0.0	mel2_rep1	mel2
6x24	6.0	24.0	6636	3382	3.821906377352323	-0.17883952700800243	1.0134358549419284	0.9263723532892341	0.16270249771249862	0.19435373056516128	0.33574541626681503	-0.029168709184609433	1.9498634027428468	0.0	0.0	0.0	2.3067355997192722	1.708521991212543	mel2_rep1	mel2
6x25	6.0	25.0	4757	2626	3.677333151419902	-0.38889537912079447	0.675218180606891	1.003819795126013	0.42450793382831575	-0.041532019316507574	-0.5034201440686366	-0.37100681195329627	2.4432879969551333	0.0	0.0	1.132100329031168	2.991698502411468	0.0	mel2_rep1	mel2
6x26	6.0	26.0	2989	1873	3.4755259150392805	-0.4247580813571938	-0.1578171058327951	0.5516143051054629	0.032008740493235356	1.1512125277365952	0.10694856070273553	-0.37100681195329627	0.0	0.0	0.0	0.0	2.040076957354576	0.0	mel2_rep1	mel2
7x8	7.0	8.0	2303	1545	3.362293937964231	0.03718789668954589	-0.3056969325249292	-0.39165524810209956	0.07114361487890661	-0.354554242582194	0.17903486931710388	-0.37100681195329627	1.6756305142394838	0.0	0.0	0.0	3.297796957888586	0.0	mel2_rep1	mel2
7x9	7.0	9.0	2036	1458	3.3087777736647213	0.18501731150300255	-0.29725682272329146	-0.39165524810209956	-0.03996277913511148	0.015435599520536228	-0.15043009553149853	-0.37100681195329627	0.0	0.0	0.0	0.0	1.7769150600795225	0.0	mel2_rep1	mel2
7x10	7.0	10.0	1357	1014	3.132579847659737	-0.15321615527533478	-0.4453283581275239	-0.39165524810209956	-0.25274612237419875	-0.7174307198462885	-0.5137206674412704	-0.37100681195329627	0.0	2.124557913056777	0.0	0.0	2.124557913056777	0.0	mel2_rep1	mel2
7x11	7.0	11.0	2147	1478	3.331832044436249	0.17905760409108915	-0.2313156473590784	-0.39165524810209956	-0.4602098183515834	-1.0439476548639721	0.24067399175504553	0.30022251715812187	2.333630528241064	0.0	0.0	0.0	3.1899951345291813	0.0	mel2_rep1	mel2
7x12	7.0	12.0	4499	2439	3.653115993165567	0.15648759633169945	-0.3478127553476024	-0.39165524810209956	0.27274150904931005	-0.40394609712105933	0.11102122491886526	0.5080244995947477	2.494327203017972	1.1702245316720215	1.1702245316720215	0.0	3.4694174372542808	0.0	mel2_rep1	mel2
7x13	7.0	13.0	4644	2490	3.666892211066536	0.6351891632252403	-0.27787132173338913	-0.39165524810209956	-0.21250439259729115	-0.8735442097805207	-0.28539290630490716	-0.37100681195329627	2.4652633551895957	0.0	0.0	0.0	2.0095484866331534	0.0	mel2_rep1	mel2
7x14	7.0	14.0	5980	3136	3.776701183988411	0.6149055774429344	-0.2674517678845726	-0.39165524810209956	-0.2365763111411509	-0.41540748396581084	0.17859526383693886	0.8356113781061285	1.468906443279913	0.9829173723755883	0.0	0.0	3.124087248135773	0.0	mel2_rep1	mel2
7x15	7.0	15.0	2974	1864	3.4733409641859354	0.41476179925844964	-0.21621767736466252	-0.39165524810209956	0.4762520078651534	-0.09855946348207777	0.13487038979723706	-0.37100681195329627	2.044455293685249	0.0	0.0	0.0	3.2001953652852677	0.0	mel2_rep1	mel2
7x16	7.0	16.0	8057	3717	3.9061733636440485	0.3625824999880395	-0.1969966186204371	-0.39165524810209956	0.7120748128423096	0.1113229043335708	0.44400392195681543	0.7974741819585195	2.499007663445862	0.0	0.0	0.0	3.3430543189145894	0.0	mel2_rep1	mel2
7x17	7.0	17.0	7645	3497	3.883377489748339	0.47417451914141673	-0.2199764140659988	-0.39165524810209956	0.21795960576343415	-0.2990981296362368	0.5637123028777775	0.5263464209593185	2.180221602674298	0.0	0.0	0.0	3.3017780514267825	0.0	mel2_rep1	mel2
7x18	7.0	18.0	6932	3341	3.8408585540418794	0.3746838633171768	-0.025673990530705234	-0.0766206804565683	0.9271923727113797	-0.45723393635530957	0.6441697653379989	0.054301555796460434	0.8930569508053176	0.0	0.0	0.0	3.8225388679721273	0.0	mel2_rep1	mel2
7x19	7.0	19.0	8793	3932	3.944137073158098	0.18139570536977223	0.5240486132549281	-0.39165524810209956	0.46491946649650134	-0.15907508625590908	0.6200674349265191	0.1995241621889829	1.9000668498019384	0.0	1.186176351646691	0.0	3.7362795606282186	0.7595285096775987	mel2_rep1	mel2
7x20	7.0	20.0	12476	4878	4.096075366085106	0.21465272047162068	1.051631938107925	-0.39165524810209956	0.9312556150346838	0.4603039348293067	0.14411719359348635	0.2846378858830657	2.0031423526479344	0.0	0.0	0.5886412745043949	3.473828669006089	0.0	mel2_rep1	mel2
7x21	7.0	21.0	7436	3554	3.871339381099861	0.13011695790985445	0.013619879624867291	-0.08238944551844077	0.49318379975161086	0.5488622567222108	-0.09212198941587314	0.22613196623158896	2.4645740273085583	0.0	0.8522039645169486	0.8522039645169486	2.916825284344382	0.0	mel2_rep1	mel2
7x22	7.0	22.0	9144	4110	3.9611362173872253	0.7497809588596601	-0.19144759158459862	-0.39165524810209956	-0.17331765214549147	-0.20482484969322126	1.0890775939847008	-0.09618107817853323	1.6816568373691168	0.7388914241135627	0.0	0.7388914241135627	2.0230933599578274	0.0	mel2_rep1	mel2
7x23	7.0	23.0	6737	3439	3.8284665473526784	0.9469772770204783	-0.3329498893439911	0.19261038012823242	-0.18062799845499825	-0.39597188757759	0.33022166098522826	0.2532558200302047	1.6961696996024422	0.0	0.0	0.0	2.432769269034692	0.0	mel2_rep1	mel2
7x24	7.0	24.0	4678	2628	3.670060217473134	-0.1056977418820304	1.2854550271727556	0.542656178794211	-0.5454313443584451	0.22207877487906716	0.5023182284199463	-0.37100681195329627	2.003234811960494	0.0	1.1434791059608838	0.0	2.2566105422797444	0.0	mel2_rep1	mel2
7x25	7.0	25.0	4742	2640	3.675961549642169	-0.09579308824458035	1.3171978123678445	1.9319252313273771	0.19387624467510395	0.3625384084954552	-0.11008940660410098	-0.37100681195329627	1.6520432167974262	1.1342415751238832	0.0	0.0	2.883152358881595	0.0	mel2_rep1	mel2
7x26	7.0	26.0	4608	2565	3.6635124704151556	-0.4350025260602575	0.5995336599823229	0.015350300777945775	-0.2568067093313167	1.164965591643319	0.14228681708262128	-0.37100681195329627	2.0162909458171128	0.0	0.0	1.1537754004590226	2.9102349013955764	0.0	mel2_rep1	mel2
8x8	8.0	8.0	2512	1618	3.4000196350651586	-0.26045259004508947	-0.20097218455867674	-0.39165524810209956	-0.41069374454026714	-0.33350677651102884	0.16552032547012996	-0.37100681195329627	2.192969251766081	0.0	0.0	0.0	3.0399624663017284	1.605608935197003	mel2_rep1	mel2
8x9	8.0	9.0	1698	1243	3.229937685907934	-0.23556802227450588	-0.30597447199961514	-0.39165524810209956	-0.965891845514424	-0.7473368446499582	-0.41370906282896325	-0.37100681195329627	1.9299667991316785	0.0	0.0	0.0	2.926802499521078	0.0	mel2_rep1	mel2
8x10	8.0	10.0	1793	1210	3.253580289562183	-0.36526803044744877	-0.4453283581275239	-0.39165524810209956	-0.32562891072837685	-0.7794670320811682	-0.04339990900868902	-0.37100681195329627	0.0	0.0	0.0	0.0	2.4976986226906783	0.0	mel2_rep1	mel2
8x11	8.0	11.0	2717	1700	3.4340896384178907	0.22081933534179596	-0.20527232187680866	-0.39165524810209956	0.23664440294607653	-0.07388537019916244	0.1723022796766536	-0.37100681195329627	2.7550686370227564	0.0	0.0	0.0	3.4158968127336826	0.0	mel2_rep1	mel2
8x12	8.0	12.0	4501	2546	3.653309012938479	0.5098507413777175	-0.0942491080215661	-0.39165524810209956	0.12101973413210361	-0.582050008458722	0.23162977589756187	-0.004378389290641493	2.493919455813922	0.0	0.0	0.0	3.909580567204577	0.0	mel2_rep1	mel2
8x13	8.0	13.0	2863	1805	3.456821348021599	0.20409786899207216	-0.09488187941781125	-0.39165524810209956	0.3262712780898993	-0.5018529370530915	-0.3799927286550011	0.18783243636367455	2.7061389568135383	0.0	0.0	0.0	3.0890877292180416	0.0	mel2_rep1	mel2
8x14	8.0	14.0	4388	2483	3.6422666189026733	0.9198628094148594	-0.149352385531103	0.02725438497839386	-0.0831206390671073	0.03901823486574163	-0.11994287470267158	-0.37100681195329627	1.7152176656325857	0.0	0.0	0.0	2.956551668985593	0.0	mel2_rep1	mel2
8x15	8.0	15.0	5485	2917	3.73917663191073	0.4841857925345016	-0.283904580779481	-0.015016572131415024	-0.29541040167005345	-0.3825386811067754	0.648026866510767	0.7338354559020897	2.115365507546832	0.0	0.0	0.0	3.206843839357731	0.0	mel2_rep1	mel2
8x16	8.0	16.0	5172	2738	3.7136585162083566	-0.19299452322205857	-0.10543199486375388	-0.39165524810209956	0.6387553736542141	-0.3223396731987401	0.6355361314295105	-0.03375015890959734	1.9169908506071447	0.0	0.0	0.0	3.012337644271403	0.0	mel2_rep1	mel2
8x17	8.0	17.0	6438	3114	3.808750972349595	0.36085292298141664	0.27640442414189575	-0.39165524810209956	0.239512005361985	0.09116396064695746	0.7689524958798629	0.5352685223319809	2.1709247576190402	0.0	0.0	0.0	2.895141009625193	0.9373777948496919	mel2_rep1	mel2
8x18	8.0	18.0	8423	3684	3.925466800691538	0.3111666968723472	0.4958000438644466	-0.1076365295824811	0.6182609371287339	-0.12403722914883619	0.8421955111144552	0.31326522283579916	1.5176901792898387	0.0	0.7826338246821452	0.0	3.5675458837740313	0.0	mel2_rep1	mel2
8x19	8.0	19.0	9270	4006	3.967079734144497	0.14000286933186254	0.26822586632354894	-0.39165524810209956	1.3714133574515548	0.3769408003764653	0.32103594318111267	-0.08757932454765856	1.4436774890121544	0.0	0.0	0.0	3.8353027120089895	0.0	mel2_rep1	mel2
8x20	8.0	20.0	10308	4365	4.013174409878867	0.23199098289568618	0.556702956614323	-0.39165524810209956	0.724114557382079	0.9088711513962254	0.23578664614646563	-0.03302962141286323	1.3636296676280373	0.0	0.6780946042950293	0.0	3.06210627447595	0.6780946042950293	mel2_rep1	mel2
8x21	8.0	21.0	8442	4057	3.9264453478183894	0.7194850223353638	0.06371075999905934	-0.39165524810209956	0.06755799553344792	1.0451471609194363	-0.27475846504063633	0.4671684426905773	2.092767423913509	0.0	0.0	0.0	2.7972322179941913	0.0	mel2_rep1	mel2
8x22	8.0	22.0	9139	4104	3.960898677326661	0.09595344209110811	-0.3303596941271148	0.0904261230159581	-0.4324021037889781	-0.4546624220487508	0.284044598753611	1.147142717668967	2.4800713288825227	0.0	0.0	0.7391771677658715	1.4545684420413079	0.7391771677658715	mel2_rep1	mel2
8x23	8.0	23.0	5815	3116	3.7645497190644672	0.18886093045417446	-0.13211376989994852	-0.028566085125978635	0.11890884377358578	-0.33036122474332164	0.5767672651575183	1.3377683440309411	2.261601864496068	0.0	0.0	0.0	1.4905149323609848	0.0	mel2_rep1	mel2
8x24	8.0	24.0	4779	2672	3.6793370305207937	-0.33363167729139587	1.044402360053867	0.9252073764560991	0.36204292594078896	0.19628716111851882	-0.20702027505659243	0.9143147241076726	2.4390755892347573	1.1289759346364143	0.0	0.0	2.750305777304025	0.0	mel2_rep1	mel2
8x25	8.0	25.0	5369	2862	3.7298934039632377	-0.32056895086638354	1.7747985376071365	-0.009988176542242516	1.2008209360528226	0.018159335171396243	-0.4757445824254475	-0.37100681195329627	1.5528862847600828	0.0	0.0	0.0	2.976826803758693	0.0	mel2_rep1	mel2
8x26	8.0	26.0	5835	2990	3.766040860381389	-0.26638404253941667	0.47573518182562624	0.038759661243576576	0.06367062739864059	1.7119282142296333	0.21304995680486727	0.0003222176654464004	1.4878558960006285	0.0	0.0	0.0	2.8980070118336143	0.9983484142520838	mel2_rep1	mel2
9x8	9.0	8.0	1738	1287	3.2400497721126476	1.428165202324054	-0.4453283581275239	-0.39165524810209956	-0.5075283279043903	-0.1225830852772698	-0.19600271434989586	0.3688113151526383	0.0	0.0	0.0	0.0	2.526326854297795	0.0	mel2_rep1	mel2
9x9	9.0	9.0	2442	1547	3.3877456596088638	-0.0401406762324419	-0.4453283581275239	0.19924235641710758	-0.004297846845799892	-0.22001986419117756	0.593092313638328	1.547197439600549	0.0	0.0	0.0	0.0	3.389968866001347	0.0	mel2_rep1	mel2
9x10	9.0	10.0	1131	827	3.053462604925455	-0.23427541394131332	-0.4453283581275239	-0.39165524810209956	-0.965891845514424	-1.0439476548639721	0.21432856120085253	-0.37100681195329627	2.2866318113771054	0.0	0.0	0.0	0.0	0.0	mel2_rep1	mel2
9x11	9.0	11.0	2468	1475	3.392345155361204	0.2772851164063628	-0.4453283581275239	0.07691679191724352	0.05430801319666382	-1.0439476548639721	0.18525079358613575	0.1365920441604301	2.208683968627045	0.0	0.0	0.0	2.845342745108185	0.0	mel2_rep1	mel2
9x12	9.0	12.0	2851	1654	3.45499721730946	0.27839546619327904	-0.11390486331358331	0.04393668965467604	-0.3647151997651462	-1.0439476548639721	0.09802552092037464	-0.37100681195329627	1.5057518193944692	0.0	0.0	0.0	2.919806823682578	0.0	mel2_rep1	mel2
9x13	9.0	13.0	4509	2535	3.6540802353065707	0.3913787766127659	-0.14293145272187707	-0.39165524810209956	-0.23479641617822486	-0.7065573362741274	0.20814208108712784	0.08165139535679992	1.692964997595142	0.0	0.0	0.0	3.2345780230864105	0.0	mel2_rep1	mel2
9x14	9.0	14.0	6055	3167	3.782114147479071	0.6812124595480458	0.12287002627445903	-0.03777728586829704	0.5620994520864596	-0.27607911305215077	0.32444392432869473	0.006682631796002392	2.389603351325262	0.0	0.0	0.0	2.7640365670753506	0.0	mel2_rep1	mel2
9x15	9.0	15.0	4011	2225	3.6032526619816467	0.13220623641345947	-0.3550137784864988	-0.39165524810209956	-0.5232395264597224	-0.6828534533603389	1.4787658055140918	0.960527415593576	1.7894714718907239	0.0	0.0	0.0	3.2554560759910554	0.0	mel2_rep1	mel2
9x16	9.0	16.0	4051	2397	3.607562243183588	0.7926516673640572	-0.16624232412119935	-0.39165524810209956	0.46046621550753564	0.4498566333958997	0.4900262160934614	0.500473873562586	2.3863842893795564	0.0	0.0	0.0	2.7607158768028093	0.0	mel2_rep1	mel2
9x17	9.0	17.0	4660	2475	3.66838591669	0.15655776709862854	-0.06950019084917369	-0.39165524810209956	0.6546155191584339	0.6495902053052404	0.6304413830475987	0.05528012984232218	2.462116732362367	0.0	0.0	0.0	3.0112760763405473	1.146107248320951	mel2_rep1	mel2
9x18	9.0	18.0	9977	4293	3.9989999722183205	0.0021887633767711336	0.5420145088267732	-0.39165524810209956	0.3805011018918928	-0.12792140306152527	0.3078114825805767	0.8604682042464873	1.7936787114663935	0.0	0.0	0.0	3.5857576965889146	0.6942991678652249	mel2_rep1	mel2
9x19	9.0	19.0	11812	4747	4.072323438293041	0.3092044755419017	0.3509723861240058	-0.39165524810209956	0.8571541673543787	0.7212694413926193	0.49210506474041915	0.479515842650986	1.4785058187863334	0.0	0.0	0.0	3.666041917976118	0.9907276132132126	mel2_rep1	mel2
9x20	9.0	20.0	7410	3647	3.869818207979328	0.4871987048025357	0.06627501996566862	-0.08165988719878778	0.5165651342824363	0.806792614607036	0.2586530833140924	-0.10331348486196504	2.0473880648715497	0.0	0.0	0.0	2.762841643334125	0.854214314472102	mel2_rep1	mel2
9x21	9.0	21.0	9521	4332	3.9786825651569444	0.8704564138556309	-0.17134878877678983	-0.39165524810209956	0.4059665487395245	0.5193649632351387	0.4363835641008445	-0.016385850564188953	2.4426164263873282	0.0	0.0	1.1316019891937144	2.8794769276480565	0.0	mel2_rep1	mel2
9x22	9.0	22.0	9310	4035	3.9689496809813427	0.542045766862315	-0.4453283581275239	-0.18061175018278522	-0.09094237026969797	0.23828707576765798	0.11163645099873247	0.18290144410300238	1.8516888345616596	0.0	0.7295340051514474	0.0	2.1422751328062524	0.0	mel2_rep1	mel2
9x23	9.0	23.0	5819	3133	3.7648483571934106	0.437176008595852	-0.3242237007381395	-0.10234579669792161	-0.1926466920668882	0.10244156665628262	0.13499702554071077	0.016345242869120646	1.8173500532037352	0.0	0.0	0.0	1.0000833235419095	0.0	mel2_rep1	mel2
9x24	9.0	24.0	6539	3338	3.8155113373627643	-0.2857802007467594	0.7727074743627043	1.0971820877806786	0.10016628470304785	0.2528945389489821	-0.18721591522525705	0.3260266531810445	2.1571464169363335	0.0	0.0	0.0	2.7907268667196155	0.0	mel2_rep1	mel2
9x25	9.0	25.0	4568	2510	3.6597260952377915	-0.6698014871756566	1.0056105590068525	2.834170591439053	0.011340228323187516	0.022760403460869532	0.002914587843271431	-0.007564252586072495	2.023852926275923	0.0	0.0	0.0	3.0302436800943666	0.0	mel2_rep1	mel2
9x26	9.0	26.0	4184	2351	3.621591675859218	-0.7149468298451079	0.5297789202015298	3.4429044229600443	0.06510753138134197	0.13470719688264401	-0.2240219693660098	0.2815393111239529	2.100489971579102	0.0	0.0	0.0	3.3904966099615206	0.0	mel2_rep1	mel2
10x8	10.0	8.0	2800	1833	3.4471580313422194	0.14078081367025158	-0.21402744945961916	-0.39165524810209956	-0.7232351514295352	-0.29389054061353376	-0.36351557679178204	-0.37100681195329627	0.0	0.0	0.0	0.0	3.6031659358399066	0.0	mel2_rep1	mel2
10x9	10.0	9.0	1750	1250	3.2430380486862944	-0.06360794597280095	-0.307832267906107	-0.39165524810209956	-0.6848369134827827	-0.7615892603157931	0.03388146328853831	-0.37100681195329627	0.0	0.0	0.0	0.0	2.5199979695992702	0.0	mel2_rep1	mel2
10x10	10.0	10.0	2149	1449	3.3322364154914434	0.5522908495330621	-0.4453283581275239	-0.39165524810209956	-0.37383512942070646	-1.0439476548639721	-0.19045355207030149	0.2732898735358675	2.7053787283404427	0.0	0.0	0.0	2.3327897310847647	0.0	mel2_rep1	mel2
10x11	10.0	11.0	2511	1671	3.3998467127129226	-0.11563280204508894	-0.06808821046689512	-0.39165524810209956	-0.01648572393936614	-0.4983645888151547	-0.069555278251896	0.22630708349658182	2.56089741343352	0.0	0.0	0.0	3.2146614610807247	0.0	mel2_rep1	mel2
10x12	10.0	12.0	3195	1951	3.504470862494419	0.43919287623643777	0.36544993182217933	-0.39165524810209956	0.9785037607102022	-0.5320401376627895	0.18921005942471833	0.17830981048522226	0.0	0.0	0.0	0.0	2.8123773191388315	0.0	mel2_rep1	mel2
10x13	10.0	13.0	3675	2157	3.5652573434202135	0.6465089618949202	-0.11782490104141244	-0.39165524810209956	0.12344666513052419	-0.6471594535950751	0.49580527945427394	-0.37100681195329627	2.47522272335532	0.0	0.0	0.0	2.9981103959589586	0.0	mel2_rep1	mel2
10x15	10.0	15.0	2578	1727	3.4112829130173843	0.19362304928870674	-0.4453283581275239	-0.39165524810209956	0.36338901728803247	-0.1822773103896921	-0.08830819182902379	1.329062511116493	1.584935351604316	0.0	1.584935351604316	0.0	3.3376479410877646	0.0	mel2_rep1	mel2
10x16	10.0	16.0	5324	2928	3.7262380468026377	0.07817269191273911	-0.01924929330409447	-0.39165524810209956	0.45859551737595583	0.17522705513343353	0.6008788115292646	1.7439529561360516	1.0571953263055374	0.0	0.0	0.0	3.235447002505286	0.0	mel2_rep1	mel2
10x17	10.0	17.0	6922	3340	3.8402315949581087	0.18181575995725632	0.20785783096617252	-0.39165524810209956	0.35638854613324406	-0.21006676923331422	0.43001225296939727	1.171325244057014	1.674102834135225	0.0	0.0	0.0	3.7918888984311345	0.8939098052891566	mel2_rep1	mel2
10x18	10.0	18.0	7237	3479	3.8595585726260535	-0.2513476948396362	0.3613355421803763	-0.39165524810209956	0.745624623965008	0.6047874591969075	0.2428949213030895	-0.37100681195329627	0.8678514802882638	0.0	0.0	0.0	3.5311406348745584	0.0	mel2_rep1	mel2
10x19	10.0	19.0	5244	2880	3.7196626830180466	0.5560041681405484	-0.14536079085297796	-0.39165524810209956	-0.003318440957352659	0.3295723868738427	0.351928678392142	-0.036599013054929054	1.90521073610303	0.0	1.0671014171101605	0.0	2.788433166553626	0.0	mel2_rep1	mel2
10x20	10.0	20.0	8262	3935	3.9170851906405675	0.11042425326641324	-0.12873906258282033	-0.10381812553644326	0.2499095199077794	0.9719549218421156	0.28337076788039794	0.30941249936509474	2.248395483320658	0.0	0.0	0.0	2.5728875262675843	0.0	mel2_rep1	mel2
10x21	10.0	21.0	5536	3021	3.7431960814487013	0.8039904199622894	-0.05216338947681843	-0.39165524810209956	0.15833337181882556	0.5788167178355913	0.11887755742793264	-0.047634275218168834	2.6133371454885626	0.0	0.0	0.0	2.8482309214892685	0.0	mel2_rep1	mel2
10x22	10.0	22.0	5866	3089	3.7683420586445333	0.3225725558210884	-0.2981673797546906	-0.39165524810209956	-0.16551041537999292	-0.25943893879557894	0.2652338577981672	1.0583061981731405	2.4184494045816862	0.0	0.0	0.0	2.253782995579188	0.0	mel2_rep1	mel2
10x23	10.0	23.0	5341	2966	3.727622577969137	0.21460235260831673	-0.23884511069517111	-0.08642562620735318	-0.11180695960420305	0.1263581450859682	0.2276849958134153	0.5093719504251111	2.5042068092589362	0.0	0.0	0.0	2.338101142949919	0.0	mel2_rep1	mel2
10x24	10.0	24.0	6577	3323	3.8180278418592564	-0.4347554815241518	0.6531633331144394	1.9631689926567986	0.34984042389177017	0.3730195180076035	0.04651705470959586	-0.37100681195329627	2.314780458236348	0.0	0.0	0.0	2.785289014283119	0.924437478123515	mel2_rep1	mel2
10x25	10.0	25.0	2950	1827	3.469822015978163	-0.8078161049986763	1.164801024753592	2.1782266258612166	0.3135000785178856	0.8287217058579525	-0.1530212485081381	-0.37100681195329627	0.0	0.0	1.4792906177938183	0.0	2.8875429016956873	1.4792906177938183	mel2_rep1	mel2
10x26	10.0	26.0	4132	2277	3.6161603128475828	-0.7136415064034147	0.852585313518478	3.930906492536523	0.053346381961560004	-0.6889511571662214	0.38059347860029386	1.998811873666968	2.111473809416946	1.2296801782395066	0.0	0.0	2.572663956956867	0.0	mel2_rep1	mel2
11x8	11.0	8.0	1702	1224	3.230959555748569	0.08897755767703629	-0.16018434935790776	-0.39165524810209956	-0.6580727653455617	-0.7578847224667754	-0.5859600516200562	-0.37100681195329627	0.0	0.0	0.0	0.0	2.5456003920468335	0.0	mel2_rep1	mel2
11x9	11.0	9.0	1377	978	3.1389339402569236	-0.0933445010631012	-0.2928533374743084	-0.39165524810209956	-0.965891845514424	-1.0439476548639721	-0.2761716980101222	0.2907526432403949	0.0	0.0	0.0	0.0	3.126167920693723	0.0	mel2_rep1	mel2
11x10	11.0	10.0	3027	1896	3.481012420956573	-0.07074954208000982	-0.4453283581275239	0.13798160270356494	-0.21606543595535793	-0.6109934836996144	0.41022817810540724	0.4149019800056215	1.4594520966758453	0.0	0.0	1.4594520966758453	2.389753378716794	0.0	mel2_rep1	mel2
11x11	11.0	11.0	2391	1555	3.378579576115775	-0.0068821587746610785	-0.4453283581275239	-0.39165524810209956	0.15850268966267297	-0.7999903645069016	0.30136403264035994	-0.37100681195329627	0.0	0.0	0.0	0.0	3.0870231323739143	0.0	mel2_rep1	mel2
11x12	11.0	12.0	1730	1160	3.2380461031287955	0.09736931605400892	-0.4453283581275239	-0.39165524810209956	-0.40738999448800467	-1.0439476548639721	0.705124374248348	-0.37100681195329627	0.0	0.0	0.0	0.0	1.9140282541556966	0.0	mel2_rep1	mel2
11x13	11.0	13.0	2133	1448	3.3289908554494287	-0.5847240707186321	-0.3198066463910637	1.134161334650437	0.1716181880740322	-0.7861795325139328	-0.41172322600204936	-0.37100681195329627	2.3395402679706945	0.0	0.0	0.0	2.3395402679706945	0.0	mel2_rep1	mel2
11x14	11.0	14.0	1925	1325	3.2844307338445193	-0.22805307062172073	-0.4453283581275239	-0.39165524810209956	0.1623829725115152	-0.35682022700818483	0.3412755887376631	-0.37100681195329627	0.0	0.0	1.8237110690346574	0.0	3.2948744020224283	0.0	mel2_rep1	mel2
11x15	11.0	15.0	3258	2009	3.5129510799724906	0.09682715411212546	-0.3283747830790179	-0.39165524810209956	-0.0267582934229247	0.1278629563659052	-0.2313527443275821	0.1510110463828935	2.3231818294858693	0.0	0.0	1.4034876336393465	2.9661080916430143	0.0	mel2_rep1	mel2
11x16	11.0	16.0	4315	2507	3.6349808000512285	0.949232426893774	0.2735324430516668	-0.39165524810209956	0.15373211966917757	0.10235893932769118	0.26278702344435867	0.07503157229572337	2.32922589565497	0.0	0.0	0.0	3.438090463002628	0.0	mel2_rep1	mel2
11x17	11.0	17.0	9523	4272	3.9787737843301225	0.020004949986236347	0.19319719767021082	-0.39165524810209956	0.4379185482364651	1.146894101387092	0.47200831371429436	0.3278824860991745	2.2407856502945873	0.0	0.0	0.0	3.1822933171321397	0.0	mel2_rep1	mel2
11x18	11.0	18.0	6932	3547	3.8408585540418794	0.4407309063439279	0.0356209578228515	-0.39165524810209956	0.52169297121178	1.1710709345561774	0.4759771989451336	-0.025108188483863536	1.9125513737080178	0.0	0.0	0.8930569508053176	2.6378613298851077	0.0	mel2_rep1	mel2
11x19	11.0	19.0	8778	4107	3.9433955765089546	0.8113483002241939	-0.1273840056440924	-0.39165524810209956	0.3265649202754907	0.017260603805042875	0.18986367859564546	0.0010883912156741005	2.4206263166278976	0.0	0.0	0.0	2.6050076133284232	0.0	mel2_rep1	mel2
11x20	11.0	20.0	6459	3340	3.8101652845431495	0.11254553252398464	-0.15905623381538783	-0.39165524810209956	-0.08254019012769287	0.7346844583090575	0.532785247966358	0.07089659025418849	2.1680402039638857	0.0	0.0	0.0	2.1680402039638857	0.0	mel2_rep1	mel2
11x21	11.0	21.0	9082	4170	3.9581814975649476	0.6213936880737017	0.18268775466668533	-0.1222189050308217	0.2041401080550815	0.7339076302132121	0.3853882599345279	0.0863291911012201	1.6871979361329519	0.0	0.0	0.0	2.389653357450189	0.0	mel2_rep1	mel2
11x22	11.0	22.0	4503	2669	3.653501946962933	-0.1317572133644237	-0.4453283581275239	-0.39165524810209956	-0.4779200616918789	-0.7061785190342634	0.5240279695130128	0.06402244754680994	1.1696116832586785	0.0	0.0	0.0	1.1696116832586785	1.1696116832586785	mel2_rep1	mel2
11x23	11.0	23.0	4665	2652	3.668851648082519	0.4421360403371444	-0.11385692534588963	-0.39165524810209956	-0.021337045996600777	-0.16942849978646946	0.07021428690277282	0.1508633957374669	1.1453758681301072	0.0	0.0	0.0	2.0056426980951465	0.0	mel2_rep1	mel2
11x24	11.0	24.0	6204	3274	3.7926717891415676	-0.25963972510364985	0.06925578364824013	0.2954249591601455	0.4821964113875228	0.24083210850620707	-0.04837750492521717	-0.37100681195329627	1.763975364650632	0.0	0.0	1.4407178255553375	2.7412766915345226	0.0	mel2_rep1	mel2
11x25	11.0	25.0	3687	2130	3.5666731376061165	-0.4448200997534148	1.193698573855877	1.643738256233459	0.09700050156538362	0.2652411723991198	-0.30105874424879536	-0.37100681195329627	1.8601132551884374	0.0	0.0	0.0	2.4722374557552116	0.0	mel2_rep1	mel2
11x26	11.0	26.0	3503	1910	3.5444401373176926	-0.9645698522732798	0.23853047380144166	2.8726275468132063	-0.492258894089658	-0.8438759875692147	-0.7619361468077362	0.15160072504148975	2.2580152428449147	1.3492921387635557	0.0	0.0	3.5626457030556242	0.0	mel2_rep1	mel2
12x8	12.0	8.0	1391	1018	3.143327129992046	-0.37137972342269276	-0.27010055522196463	0.21665416988482405	-0.23031614384050833	-0.7486910606762661	0.018164938571901112	-0.37100681195329627	2.102800656976469	0.0	0.0	0.0	2.102800656976469	0.0	mel2_rep1	mel2
12x9	12.0	9.0	1450	1073	3.161368002234975	-0.34713720670909787	-0.4453283581275239	-0.39165524810209956	-0.6608987539486565	-0.7375400815818182	-0.13480235951843023	-0.37100681195329627	0.0	0.0	0.0	0.0	2.0664261735677654	0.0	mel2_rep1	mel2
12x10	12.0	10.0	1675	1208	3.224014811372864	-0.22857201463361798	-0.4453283581275239	0.17003178079164896	-0.39933403522897165	-0.38431371546089493	-0.44836813054772845	-0.37100681195329627	0.0	0.0	0.0	0.0	2.939714560930173	0.0	mel2_rep1	mel2
12x11	12.0	11.0	2480	1657	3.3944516808262164	0.42643354890894436	-0.19400257920058994	0.6621925734397687	-0.10007612934204399	-0.39657229924524157	-0.1881450919700358	0.737475192762415	0.0	1.6158688027643908	0.0	0.0	3.052173584458943	0.0	mel2_rep1	mel2
12x12	12.0	12.0	2773	1777	3.4429498695778618	0.48262457631231126	-0.12942683272889652	0.16264135480728256	-0.5017744223655078	0.16188311557427623	-0.08905317726808906	0.1971008379644563	0.0	0.0	0.0	0.0	2.735977295768632	0.0	mel2_rep1	mel2
12x13	12.0	13.0	2647	1704	3.422753941301348	0.25200101208600456	0.337646806436782	-0.39165524810209956	-0.08041310358155082	0.24728292400021692	0.3063409322292378	0.7008334980939732	2.990182333654615	0.0	0.0	0.0	3.1640888718747684	0.0	mel2_rep1	mel2
12x14	12.0	14.0	2347	1596	3.3705130895985924	0.39802288099671895	0.17285441997899367	-0.39165524810209956	0.6738506306534171	0.7040622209329945	-0.08536938264755861	-0.37100681195329627	1.66027520171672	0.0	1.66027520171672	0.0	3.5578041092186834	0.0	mel2_rep1	mel2
12x15	12.0	15.0	3225	1929	3.5085297189712867	0.1858288070700445	0.03181729553696543	-0.39165524810209956	0.3960685903545495	-0.35566793247567946	0.6084582760909796	-0.37100681195329627	2.5954860813216185	0.0	0.0	0.0	3.465978121524418	0.0	mel2_rep1	mel2
12x16	12.0	16.0	3605	2246	3.5569052690554477	-0.2392644160889185	-0.0747471004508221	-0.39165524810209956	-0.232847211755314	0.3437532457214925	-0.27131533988230566	0.6373823672657944	2.699320576571291	0.0	0.0	1.3281156014982973	3.016391187473064	0.0	mel2_rep1	mel2
12x17	12.0	17.0	3762	2368	3.5754187912143602	0.3443052002381366	-0.23015244919476777	-0.39165524810209956	0.10342922656584973	0.2387439494379023	-0.05556387085510179	1.0565234642855734	1.2969604399014494	0.0	0.0	0.0	2.8302066707397744	0.0	mel2_rep1	mel2
12x18	12.0	18.0	3816	2406	3.5816083660320577	0.08468932638940169	-0.24801137624138703	0.07526230000842074	0.5392286316320093	-0.26559077321651803	0.2135697171601646	0.1075446162353989	1.8311548701274352	0.0	0.0	0.0	2.8168011890227884	0.0	mel2_rep1	mel2
12x19	12.0	19.0	3360	2150	3.526339277389844	0.40827550743349417	-0.4453283581275239	-0.39165524810209956	0.3214782734371412	-0.21895537262016132	0.07659568574456657	-0.37100681195329627	2.295416603515433	0.0	0.0	0.0	1.9390841839849136	0.0	mel2_rep1	mel2
12x20	12.0	20.0	3798	2378	3.5795549604009986	0.03729514112001797	-0.3378276977708397	-0.39165524810209956	-0.3048930634099535	-0.15875995682907093	0.1870150631258375	-0.37100681195329627	2.445113541849304	0.0	0.0	0.0	2.966857018578111	0.0	mel2_rep1	mel2
12x21	12.0	21.0	4677	2724	3.669967369908504	0.8345567615359247	-0.12896678460325461	-0.39165524810209956	-0.11049574145141786	0.3077756792417361	-0.10488877147492354	0.33622884553538535	0.0	1.1436247638853125	0.0	0.0	2.2568019490669036	0.0	mel2_rep1	mel2
12x22	12.0	22.0	6066	3195	3.7829024059746446	0.27373284159119204	-0.4453283581275239	-0.39165524810209956	-0.2597745630469977	-0.1723541154747997	0.3377590215502924	-0.37100681195329627	1.7826511840186907	0.0	1.7826511840186907	0.0	1.7826511840186907	0.0	mel2_rep1	mel2
12x23	12.0	23.0	5429	3037	3.73471984165568	0.22740789076955847	0.10509175173466377	-0.08949846751573422	-0.42967928552101153	1.3870736696637194	0.42965104710275226	0.03354633786808074	1.5441353001040161	0.0	0.0	0.0	1.8757757388873828	0.0	mel2_rep1	mel2
12x24	12.0	24.0	4069	2317	3.6094876898532853	-0.4380597326705384	0.66895935048858	0.2353849276735906	-0.32307916071884274	0.010615872643528845	0.6844743527210876	-0.37100681195329627	1.2405765263755233	0.0	0.0	0.0	3.1406312865261734	0.0	mel2_rep1	mel2
12x25	12.0	25.0	3110	1845	3.4927603890268375	-0.5171096412763737	1.142116133453505	2.2837263523517355	0.4949481391056571	0.611902632029521	-0.43294649713926053	-0.37100681195329627	0.0	0.0	0.0	0.0	3.3991588637092955	1.4387525715844656	mel2_rep1	mel2
12x26	12.0	26.0	3551	2138	3.5503506723016156	-0.5438231324424333	1.0979858355667491	2.5457787826862095	-0.34314818103653544	0.419950901296046	0.12174625202121105	-0.37100681195329627	0.0	0.0	0.0	0.0	2.884613479191936	0.0	mel2_rep1	mel2
13x8	13.0	8.0	1530	1127	3.184691430817599	0.0005669338620588111	-0.4453283581275239	-0.39165524810209956	0.35169856098549107	-1.0439476548639721	-0.1337532435451343	1.1624651935295396	2.0196845988766237	0.0	0.0	0.0	0.0	0.0	mel2_rep1	mel2
13x9	13.0	9.0	2391	1618	3.378579576115775	0.32103385870638945	-0.3082278351955552	-0.39165524810209956	-0.7230607450980686	-0.06625310611588558	-0.19440715645913065	-0.37100681195329627	0.0	0.0	0.0	0.0	2.8752243870795575	0.0	mel2_rep1	mel2
13x10	13.0	10.0	1499	1140	3.1758016328482794	-0.13575612661016545	-0.22340141484040035	-0.39165524810209956	-0.965891845514424	0.9546712136738845	0.36446434601637717	0.3868135271719395	0.0	0.0	0.0	0.0	0.0	0.0	mel2_rep1	mel2
13x11	13.0	11.0	1749	1279	3.2427898094786767	0.1760249890843927	-0.4453283581275239	-0.39165524810209956	0.0025910919423097916	-1.0439476548639721	-0.13990410545548454	-0.37100681195329627	2.5205235834297586	0.0	0.0	0.0	2.898817032743232	0.0	mel2_rep1	mel2
13x12	13.0	12.0	1969	1358	3.2942457161381182	-0.3777330501397064	-0.22677758842274753	-0.39165524810209956	-0.22880524861964618	-0.31557351805805006	-0.13631483774427158	-0.37100681195329627	1.8047941742342448	0.0	0.0	0.0	3.273121587307925	1.8047941742342448	mel2_rep1	mel2
13x13	13.0	13.0	2318	1559	3.3651134316275773	0.02524329812102287	-0.02646576568863846	-0.39165524810209956	0.3476275247185455	-0.3078814955919568	0.7551269098452924	-0.37100681195329627	0.0	0.0	0.0	0.0	3.6845343938294035	0.0	mel2_rep1	mel2
13x14	13.0	14.0	2642	1736	3.4219328132785085	0.2193669622487237	-0.030068389719970372	-0.39165524810209956	-0.3690873524706467	-0.12404752142982112	0.5364210503213398	0.8049327470106704	2.148270382555784	0.0	0.0	0.0	2.7813034769726794	0.0	mel2_rep1	mel2
13x15	13.0	15.0	2783	1846	3.444513206334043	-0.2782143458257241	-0.11831621460738925	-0.39165524810209956	0.988782945444372	1.1105608592140281	-0.26353632594368775	0.6748558826106981	1.5245866806421309	0.0	0.0	0.0	3.263952928906151	0.0	mel2_rep1	mel2
13x16	13.0	16.0	3290	2152	3.5171958979499744	0.2136379466176085	-0.3445207442775308	-0.39165524810209956	0.278345014050308	0.03922287057284298	0.3478274177850414	-0.37100681195329627	1.9571365191189691	0.0	0.0	0.0	2.5770340966766088	0.0	mel2_rep1	mel2
13x17	13.0	17.0	2790	1870	3.4456042032735974	0.3038794620042016	-0.4453283581275239	-0.39165524810209956	-0.08315305464229887	-0.2927499416292657	-0.171695865780133	0.21873481675630568	1.5226220197574771	0.0	0.0	0.0	2.4640819950232826	0.0	mel2_rep1	mel2
13x18	13.0	18.0	3264	2126	3.5137501500818233	0.15891199413594895	-0.010644954432191616	0.11716851914023066	0.1441167712163363	-0.21911453836843628	-0.23696146968827236	0.17205431681292296	1.9639536642492483	0.0	0.0	0.0	2.964363009886346	0.0	mel2_rep1	mel2
13x19	13.0	19.0	2626	1810	3.4192947217534604	-0.028430066068750315	-0.14393807440118656	-0.39165524810209956	-0.7341247680952246	-0.5121945203719135	-0.25887290564255877	-0.37100681195329627	0.0	0.0	0.0	0.0	1.5702964040648293	0.0	mel2_rep1	mel2
13x20	13.0	20.0	2484	1695	3.3951515915045425	0.2839800486277528	-0.13543907997110832	-0.39165524810209956	-0.5305792780266942	-0.7172988722495406	-0.230675805073166	-0.37100681195329627	0.0	0.0	0.0	0.0	1.6145776603373008	0.0	mel2_rep1	mel2
13x21	13.0	21.0	3715	2325	3.569958818096594	-0.08559908798622248	-0.3364892067264661	-0.39165524810209956	0.12714295552320806	0.3655456181665488	0.3468203450892734	-0.37100681195329627	1.8537290811598226	0.0	0.0	0.0	2.465312614463132	0.0	mel2_rep1	mel2
13x22	13.0	22.0	2182	1542	3.338854746252323	0.10640983010496166	-0.2370799036101066	-0.39165524810209956	-0.030107255435852846	-0.1338850722779817	-0.07475246022602865	0.2686306588082714	2.9617517023525437	0.0	0.0	0.0	1.7197175650034138	0.0	mel2_rep1	mel2
13x23	13.0	23.0	2384	1567	3.377306251068199	-0.4539130510851732	-0.24580985284051182	0.20626997256228635	0.5118412850561226	1.5846694872984315	-0.31050735372251287	0.14532540413232162	2.239566668720022	0.0	0.0	0.0	2.239566668720022	0.0	mel2_rep1	mel2
13x24	13.0	24.0	2707	1757	3.4324882557705063	-0.9645698522732798	1.0496845855622274	1.3670894313356348	0.6016441995778103	0.6224590604174006	-0.1468828074027617	0.2041336207256384	0.0	0.0	0.0	0.0	2.968907263418863	0.0	mel2_rep1	mel2
13x25	13.0	25.0	2717	1721	3.4340896384178907	-0.3279963736209333	1.5939339204014178	0.05483104021039112	0.17796765985686874	-0.43088962049188967	-0.1240273228753323	-0.37100681195329627	1.543411350594399	0.0	0.0	0.0	2.7550686370227564	1.543411350594399	mel2_rep1	mel2
13x26	13.0	26.0	1571	1103	3.1961761850399735	-0.7272706201887058	0.1597447038818131	0.18598672696220506	0.025382750268600294	1.205623364689531	-0.530724044436202	0.3716857562293169	0.0	0.0	0.0	0.0	2.6196374607390958	0.0	mel2_rep1	mel2
13x27	13.0	27.0	1705	1200	3.2317243833285163	0.3342244249259098	0.31955365250198436	0.28791916676922397	-0.00827417722910105	2.2380474430266086	-0.4540594794670371	-0.37100681195329627	2.543977538016077	0.0	0.0	0.0	2.9229092864165147	0.0	mel2_rep1	mel2
14x8	14.0	8.0	1418	1037	3.151676230847048	-0.10276793259819933	-0.06847063646403827	-0.39165524810209956	-0.658018085246472	-0.3318679565003385	-0.2993899761975718	-0.37100681195329627	2.0859436294321316	0.0	0.0	0.0	3.0981335489678123	0.0	mel2_rep1	mel2
14x9	14.0	9.0	1422	1061	3.1528995963937474	-0.42145601656661896	-0.4453283581275239	-0.39165524810209956	-0.965891845514424	0.08042658929786005	-0.24255987612491303	-0.37100681195329627	2.083476988861622	0.0	0.0	0.0	2.712354099961389	0.0	mel2_rep1	mel2
14x10	14.0	10.0	1704	1233	3.2314695904306814	1.0381175534355438	0.13655204815357333	-0.39165524810209956	-0.31246953696369084	0.0012277571153288351	0.21009841217097522	-0.37100681195329627	1.9269522353106991	0.0	0.0	0.0	2.9234644274810098	0.0	mel2_rep1	mel2
14x11	14.0	11.0	1701	1259	3.230704313612569	-0.03312257865745928	-0.28462864733592086	-0.39165524810209956	-0.1966539568545093	-0.022704085390883533	-0.18465935866588518	0.23333255352444268	0.0	0.0	0.0	0.0	2.9251319127132787	0.0	mel2_rep1	mel2
14x12	14.0	12.0	1831	1359	3.2626883443016963	0.1107643912679022	-0.31060325662753396	-0.39165524810209956	-0.42144492512529486	-0.2284425311667735	-0.050249794668759916	0.351678040343996	0.0	0.0	0.0	0.0	1.8658609395791521	0.0	mel2_rep1	mel2
14x13	14.0	13.0	1847	1322	3.2664668954402414	-0.058164577234709074	0.00870694202116323	-0.39165524810209956	0.051716984389698566	-0.13679460956131861	-0.13447336068877205	0.32025431133014226	1.8585119697555192	0.0	0.0	0.0	2.8473804848420063	0.0	mel2_rep1	mel2
14x14	14.0	14.0	2225	1514	3.3473300153169503	-0.5815622320011227	0.1499030595186654	-0.39165524810209956	0.2938950398970669	1.061685445603214	-0.3595158721874425	0.262682747471828	1.7037261197427322	0.0	0.0	0.0	2.6729856332070474	1.7037261197427322	mel2_rep1	mel2
14x15	14.0	15.0	2386	1674	3.377670439334323	0.11972538738693099	-0.4453283581275239	-0.39165524810209956	0.12907158742088837	0.5141389227705343	-0.46820372975518726	-0.37100681195329627	1.646948478840145	0.0	0.0	0.0	3.0890210563810014	0.0	mel2_rep1	mel2
14x16	14.0	16.0	2998	1917	3.4768316285122607	0.3200046369216446	-0.4453283581275239	-0.39165524810209956	-0.26049989174028426	-0.8264446125608077	0.5767021603706246	0.08867406309756225	2.037461855946067	0.0	0.0	1.466850099791751	3.0451575801754647	0.0	mel2_rep1	mel2
14x17	14.0	17.0	1970	1427	3.294466226161593	-0.019784083702132162	-0.4453283581275239	-0.39165524810209956	-0.3248858118145877	-1.0439476548639721	-0.022247779914916065	0.19444590197968345	2.4116443436466217	0.0	1.8043699768199846	0.0	3.0589215345956022	1.8043699768199846	mel2_rep1	mel2
14x18	14.0	18.0	2743	1796	3.4382258076045296	0.4629134057573235	-0.25933559268878503	-0.39165524810209956	-0.4939691816028491	-0.06836658677057135	1.1912753832479324	0.22388921787614358	1.5359298892746758	0.0	1.5359298892746758	0.0	1.5359298892746758	0.0	mel2_rep1	mel2
14x19	14.0	19.0	2157	1526	3.333850145102545	-0.10513221850327954	0.03664971604381844	-0.39165524810209956	-0.6898083908257014	-0.6430479897357623	0.1179851956564722	-0.37100681195329627	1.7291867681666375	0.0	0.0	0.0	1.7291867681666375	0.0	mel2_rep1	mel2
14x20	14.0	20.0	1685	1155	3.2265999052073573	0.19687990412471296	0.0877291284560562	-0.39165524810209956	-0.27961960944165487	-1.0439476548639721	0.3888135836926814	-0.37100681195329627	0.0	0.0	0.0	0.0	2.934077818971155	0.0	mel2_rep1	mel2
14x21	14.0	21.0	1850	1323	3.2671717284030137	-0.30439146785041316	-0.2905714384442725	-0.39165524810209956	0.23764660286939124	1.1237174582933662	-0.30049643645226154	-0.37100681195329627	0.0	0.0	0.0	0.0	0.0	0.0	mel2_rep1	mel2
14x22	14.0	22.0	2154	1465	3.3332456989619628	-0.05056689358510234	-0.4453283581275239	-0.39165524810209956	-0.3091362935875492	-0.2647061037766734	-0.31485286975733057	-0.37100681195329627	0.0	0.0	0.0	0.0	2.7032102810065712	0.0	mel2_rep1	mel2
14x23	14.0	23.0	2347	1558	3.3705130895985924	0.1052901133620221	-0.12041717414397538	0.42616216080422814	0.12685183946536163	1.1506163596816152	0.0438953978762488	-0.37100681195329627	0.0	0.0	0.0	0.0	2.892759663467373	0.0	mel2_rep1	mel2
14x24	14.0	24.0	1333	868	3.1248301494138593	-0.7102173617814502	0.4333465571046545	1.3631977548116814	0.24391385676161845	-0.6327962589065327	0.22093147767905627	-0.37100681195329627	0.0	0.0	0.0	0.0	0.0	0.0	mel2_rep1	mel2
14x25	14.0	25.0	1567	1095	3.1950689964685903	-0.6740353730760809	1.432671171262707	-0.39165524810209956	-0.5516589410897681	-0.5986733828630898	-0.6560592184006256	-0.37100681195329627	1.9989932529393808	0.0	1.9989932529393808	0.0	1.9989932529393808	0.0	mel2_rep1	mel2
14x26	14.0	26.0	2125	1444	3.3273589343863303	-0.5455637372953972	0.8022222139662747	2.9534905736470227	0.12580676563253462	0.3974513931998171	-0.25395757059833224	0.30350967211566315	0.0	0.0	1.7414976344471669	0.0	2.715862740839004	0.0	mel2_rep1	mel2
14x27	14.0	27.0	2443	1610	3.3879234669734366	-0.34439977445643005	0.17143589785860736	1.6290013703467006	0.8430400770788605	1.1323474116581125	0.4549754245690539	-0.37100681195329627	1.6279314235178908	0.0	0.0	0.0	2.5862579111174444	0.0	mel2_rep1	mel2
15x8	15.0	8.0	1793	1275	3.253580289562183	0.09944880120130961	-0.2172327007399923	-0.39165524810209956	0.4004585876086445	-0.48997974634619723	-0.8912680536606071	-0.37100681195329627	3.363364810375731	0.0	0.0	0.0	3.1488386667692017	0.0	mel2_rep1	mel2
15x9	15.0	9.0	2859	1857	3.456214155357989	-0.299993391469245	-0.09879223199559664	-0.39165524810209956	0.8070103267642342	0.05694528652337507	-0.19543940059999312	0.6594255561137057	0.0	0.0	0.0	0.0	3.582887205007169	0.0	mel2_rep1	mel2
15x10	15.0	10.0	2511	1675	3.3998467127129226	-0.22787688135980805	-0.31150535881162145	-0.39165524810209956	0.16378224050561904	-0.24621034595094718	-0.29497439461732455	-0.37100681195329627	2.193322998456578	0.0	0.0	0.0	1.605927177159815	0.0	mel2_rep1	mel2
15x11	15.0	11.0	1706	1244	3.231979026831504	0.18496102879002008	-0.4453283581275239	-0.39165524810209956	0.4447974434564847	-0.40124285930989645	-0.0481652595212991	0.37495175380734114	0.0	0.0	0.0	0.0	3.4114223798697405	0.0	mel2_rep1	mel2
15x12	15.0	12.0	2970	1999	3.4727564493172123	-0.05017281907473641	-0.22098990404236737	-0.39165524810209956	0.67740166562285	0.07024973867784957	0.15667125177117477	0.270050947724068	1.4740770455137442	1.4740770455137442	0.0	0.0	3.054096469686043	0.0	mel2_rep1	mel2
15x13	15.0	13.0	2826	1832	3.45117215751254	-0.0092445119270202	0.11017572965585029	-0.39165524810209956	-0.6575613801953025	0.9098592191176715	0.377584280891619	0.10301493234105008	2.0890379528690723	0.0	0.0	1.5126120764643354	2.452358600047408	0.0	mel2_rep1	mel2
15x14	15.0	14.0	2928	1920	3.4665710723863543	-0.23923688760052134	-0.4453283581275239	-0.39165524810209956	0.2570712274446926	0.34671617361718493	-0.3956832662137933	1.2219490061628773	0.0	0.0	0.0	0.0	2.685204697584203	0.0	mel2_rep1	mel2
15x15	15.0	15.0	2043	1468	3.3102683666324477	0.3677050907870576	-0.11902313553458654	-0.39165524810209956	-0.6148271965453871	-0.4186042389769981	0.07707304962419116	-0.37100681195329627	2.752659434940183	0.0	0.0	0.0	1.774064262442858	1.774064262442858	mel2_rep1	mel2
15x16	15.0	16.0	2513	1732	3.400192488592576	0.5156741944835758	-0.2509363577245453	-0.39165524810209956	0.01243385703060927	-0.4932147784126381	0.24286259387109627	-0.37100681195329627	2.5601627507955635	0.0	0.0	1.6052908453214627	2.1926156615773817	0.0	mel2_rep1	mel2
15x17	15.0	17.0	2291	1580	3.3600250891893975	-0.023435374122846995	-0.4453283581275239	-0.39165524810209956	0.38770163847492506	0.8097852482011713	0.2932920122717512	-0.37100681195329627	2.275194606087437	0.0	0.0	0.0	2.9155858939855395	0.0	mel2_rep1	mel2
15x18	15.0	18.0	3071	2012	3.4872798164430687	-0.009750504466464416	-0.32463280562460756	-0.39165524810209956	-0.7521170676881822	-0.6521086051486713	0.30037720978736265	-0.37100681195329627	2.376653523965039	0.0	0.0	0.0	1.4483927943447295	0.0	mel2_rep1	mel2
15x19	15.0	19.0	2731	1819	3.4363217001397333	-0.134499472703984	-0.4453283581275239	0.151373312767093	-0.5167123846268027	-0.7464078169079554	0.007091451573748015	0.20155237477073057	2.4836547985642587	0.0	0.0	0.0	1.5393721215879401	0.0	mel2_rep1	mel2
15x20	15.0	20.0	2529	1713	3.4029488293444046	0.10506466313131323	-0.3119807759569565	-0.39165524810209956	-0.965891845514424	-0.560735045068431	-0.4801233952636634	-0.37100681195329627	1.6002219895755876	0.0	0.0	0.0	2.1869794005071777	0.0	mel2_rep1	mel2
15x21	15.0	21.0	3118	1980	3.4938761108528227	-0.22471715646236326	0.4721598902434501	-0.39165524810209956	0.022712812028792877	0.36003883647450846	-0.08310591272301089	0.07925495784160796	2.3628851705847076	0.0	0.0	0.0	3.007814219721959	0.0	mel2_rep1	mel2
15x23	15.0	23.0	2214	1489	3.345177616542704	-0.9645698522732798	0.5181705383117036	-0.39165524810209956	-0.0826670809244637	-0.0030760676183973954	0.0044289133026046475	0.16417720208062692	0.0	0.0	1.707782000514498	0.0	2.947951085291981	0.0	mel2_rep1	mel2
15x24	15.0	24.0	2469	1592	3.3925210899319325	-0.6264735890386816	0.8466439037946348	1.5903147975754728	0.9427236526487466	0.30350139496052736	-0.69504957359341	-0.37100681195329627	1.6194323536514068	0.0	0.0	0.0	3.379345673849641	0.0	mel2_rep1	mel2
15x25	15.0	25.0	2720	1621	3.4345689040341987	-0.7123176359847784	2.664864360750992	0.5987273933791253	-0.20585978990445883	-0.2724124243872918	-0.6721218812666833	0.2264508689298559	0.0	0.0	0.0	0.0	1.54254367760407	1.54254367760407	mel2_rep1	mel2
15x26	15.0	26.0	1717	1089	3.2347702951609163	-0.4648268635211719	0.45370847330560216	1.2893264617319737	-0.4055126090042407	-1.0439476548639721	-0.25373362961309537	-0.37100681195329627	0.0	0.0	0.0	0.0	3.190330137673918	0.0	mel2_rep1	mel2
15x27	15.0	27.0	2073	1357	3.3165993020938607	-0.6834697765129785	0.08544485931403017	-0.39165524810209956	0.7846839846922113	2.682354745842639	-0.5225890807342002	0.8377034914677056	0.0	0.0	1.761974720896608	0.0	2.7390177212458298	1.761974720896608	mel2_rep1	mel2
16x9	16.0	9.0	1808	1279	3.2571984261393445	-0.19420292802276984	-0.4453283581275239	-0.39165524810209956	-0.6889225421572329	-0.7655112242499508	-0.3789385299830508	-0.37100681195329627	0.0	0.0	0.0	0.0	3.35532331552524	1.8765560058881319	mel2_rep1	mel2
16x10	16.0	10.0	2323	1568	3.3660492098002353	-0.2769644297603845	0.10010367249487863	0.1969625253142871	0.5374834174619283	0.11028924910416371	-0.18501190026183797	-0.37100681195329627	1.668607981167714	0.0	0.0	0.0	3.2894710852548745	1.668607981167714	mel2_rep1	mel2
16x11	16.0	11.0	2794	1802	3.446226401778163	-0.3358766792808412	0.3203064968191681	-0.39165524810209956	0.6450826564830466	0.10854596667761345	-0.016388340850080133	0.10580086861595142	0.0	0.0	0.0	0.0	2.0990230825987735	0.0	mel2_rep1	mel2
16x12	16.0	12.0	3020	1978	3.4800069429571505	-0.08707530793662252	-0.21805451113973862	-0.39165524810209956	0.10103928809041632	-0.4573896361721175	-0.21767469860837174	0.6304074513173721	2.0311065719069585	0.0	0.0	0.0	2.0311065719069585	1.461229805393645	mel2_rep1	mel2
16x13	16.0	13.0	3101	1988	3.4915017662373264	-0.16969867186854054	-0.2673810470819037	-0.39165524810209956	-0.049349970083455416	0.17973255293781532	0.029241838605300594	0.18710702054502776	2.3678388532887102	0.0	0.0	0.0	2.6318215585783795	0.0	mel2_rep1	mel2
16x14	16.0	14.0	1884	1358	3.2750808984568587	0.7241564212249243	-0.3123408892684788	-0.39165524810209956	0.47834489514798256	-0.785339047426595	-0.049389580438597806	-0.37100681195329627	2.452358600047408	0.0	0.0	0.0	2.452358600047408	0.0	mel2_rep1	mel2
16x15	16.0	15.0	2592	1787	3.413634997198556	0.39900146546372095	-0.4453283581275239	-0.39165524810209956	-0.3287454642678468	-0.29666460259233657	-0.3230110843234375	-0.37100681195329627	0.0	0.0	0.0	0.0	0.0	0.0	mel2_rep1	mel2
16x16	16.0	16.0	1147	892	3.0595634179012676	-0.22235798834954298	-0.4453283581275239	-0.39165524810209956	-0.3023464186313557	-0.6085820875136	-0.24517553355277713	-0.37100681195329627	2.274020565260253	0.0	2.274020565260253	0.0	2.274020565260253	0.0	mel2_rep1	mel2
16x17	16.0	17.0	1625	1195	3.210853365314893	0.2609660534286927	-0.4453283581275239	-0.39165524810209956	-0.37130153386162684	0.12440469902602065	0.4021284646324961	-0.37100681195329627	2.9684401312659836	0.0	0.0	0.0	0.0	0.0	mel2_rep1	mel2
16x18	16.0	18.0	2220	1547	3.346352974450639	0.9204182495703377	-0.4453283581275239	-0.39165524810209956	-0.719950031047819	-0.5289245083164885	0.016166788439895056	0.7990077682489656	2.67508018186464	0.0	0.0	0.0	2.303485588327296	0.0	mel2_rep1	mel2
16x19	16.0	19.0	2397	1631	3.379668034033654	0.8602600754098503	-0.4453283581275239	-0.39165524810209956	-0.7035312765983093	-0.791403556488263	-0.44340194594978416	-0.37100681195329627	2.603847870466485	0.0	0.0	0.0	2.234709065868086	0.0	mel2_rep1	mel2
16x20	16.0	20.0	2353	1638	3.3716219271760215	0.3442492144819556	-0.14365330099182205	-0.39165524810209956	-0.376509100007289	-0.5652394625638619	0.45282080868096364	0.2712498866292427	0.0	0.0	0.0	0.0	1.6582078388094512	0.0	mel2_rep1	mel2
16x21	16.0	21.0	3175	2060	3.5017437296279943	0.18155519408335566	0.28036097212828454	0.12475798014172026	0.8559018119886187	1.5869216935004598	-0.19489959068856547	-0.37100681195329627	2.346488947873616	0.0	0.0	0.0	1.423013462082771	0.0	mel2_rep1	mel2
16x22	16.0	22.0	3310	2058	3.519827993775719	-0.2952809194495391	-0.2734811101416039	-0.39165524810209956	-0.08983068199355805	0.7183914777651624	-0.4092560825698253	-0.37100681195329627	1.9519342636586943	0.0	0.0	0.0	2.779175741445698	0.0	mel2_rep1	mel2
16x23	16.0	23.0	1517	1100	3.1809855807867304	-0.6040328184534641	0.40815154607875137	0.3234203862082328	-0.37439940651771997	0.4189149439434539	-0.29511599767562047	-0.37100681195329627	2.027089504320375	0.0	0.0	0.0	2.027089504320375	2.027089504320375	mel2_rep1	mel2
16x24	16.0	24.0	1706	1164	3.231979026831504	-0.6623068053067768	0.941752974548948	1.3381633673283317	0.04403799987490071	-0.03251604880491288	0.08221547037134154	-0.37100681195329627	0.0	0.0	0.0	0.0	2.922354488351549	0.0	mel2_rep1	mel2
16x25	16.0	25.0	1368	947	3.1360860973840974	-0.6379317660436552	1.0317799939148986	0.3552968413482311	-0.6533675393886166	-0.3438416519120771	-0.35840525044401955	-0.37100681195329627	0.0	0.0	0.0	0.0	2.117452571594441	0.0	mel2_rep1	mel2
16x26	16.0	26.0	1117	827	3.048053173115609	-0.9645698522732798	0.7963462132183731	1.3099863219969725	-0.20070222669287524	1.2347989031589266	-0.31863086780213395	-0.37100681195329627	0.0	0.0	0.0	0.0	2.2978289481644145	0.0	mel2_rep1	mel2
16x27	16.0	27.0	1123	843	3.050379756261458	-0.7215897920785523	0.0692106075551848	0.440481222009016	0.681250825228984	1.2595622276964626	-0.6763287013296793	-0.37100681195329627	2.293011360853586	0.0	0.0	0.0	2.293011360853586	0.0	mel2_rep1	mel2
17x10	17.0	10.0	2231	1494	3.348499570283838	-0.04187202831190308	-0.012671216716242613	-0.39165524810209956	0.05406652099837783	-0.06335029149186339	-0.3833029287889744	-0.37100681195329627	0.0	0.0	0.0	0.0	3.328403352421513	0.0	mel2_rep1	mel2
17x11	17.0	11.0	2282	1631	3.358315640082196	-0.2908588033360704	-0.06568298847111033	-0.39165524810209956	-0.7174781595750305	-0.14080062956650344	-0.10627980066824909	0.2550044999862524	1.6830825244673235	0.0	0.0	0.0	2.9193092121330566	1.6830825244673235	mel2_rep1	mel2
17x12	17.0	12.0	2021	1452	3.305566313515304	0.321108662146837	-0.4453283581275239	-0.39165524810209956	-0.4456049551952865	-0.3354149650377658	0.02027097063270792	-0.37100681195329627	1.7830626819006332	0.0	0.0	0.0	2.388404105102571	0.0	mel2_rep1	mel2
17x13	17.0	13.0	2272	1606	3.3564083270389813	-0.03735154457133184	0.24703579790919575	-0.39165524810209956	-0.26452935984077497	-0.15929561449498322	0.2465289946442457	-0.37100681195329627	1.6866597437659954	0.0	0.0	0.0	3.1358003539998096	0.0	mel2_rep1	mel2
17x14	17.0	14.0	2519	1602	3.401228167498113	-0.1669945254007939	-0.4453283581275239	-0.39165524810209956	-0.20173266455439506	-0.2598508853448561	-0.17164256457684665	0.13146146788525317	2.190497399941729	0.0	0.0	0.0	1.603385492907052	0.0	mel2_rep1	mel2
17x15	17.0	15.0	1831	1347	3.2626883443016963	0.5192325107802923	0.061018440571663494	0.26654543423617955	-0.6679868744314413	-0.11277510888879909	-0.020942360630144787	0.21371591435031823	2.8555783920104205	0.0	0.0	0.0	2.4784687123406854	0.0	mel2_rep1	mel2
17x16	17.0	16.0	1910	1405	3.2810333672477277	-0.06641365890175749	-0.4453283581275239	-0.39165524810209956	0.021021000288708982	-0.28356662210261796	0.1623619929356782	0.20256405166804373	2.439839911548837	0.0	0.0	0.0	1.8302751413086704	0.0	mel2_rep1	mel2
17x17	17.0	17.0	2845	1941	3.45408227073109	0.5696754756031921	-0.4453283581275239	-0.39165524810209956	-0.6048408533215426	-0.8202864771437843	-0.21047557340293402	-0.37100681195329627	1.5073915629835528	0.0	0.0	0.0	2.083169207436941	2.083169207436941	mel2_rep1	mel2
17x18	17.0	18.0	3251	2066	3.5120169694961265	0.18915478287839468	-0.2795054275307039	-0.39165524810209956	-0.965891845514424	-0.6271142409164006	-0.15461909710312943	0.24553163909817313	1.9673855005393495	0.0	0.0	0.0	1.4051103799607307	0.0	mel2_rep1	mel2
17x19	17.0	19.0	1786	1317	3.2518814545525276	0.37617312780085377	-0.22264342585471208	-0.39165524810209956	-0.6873908217126259	-0.7639713901668038	0.18954511689862208	-0.37100681195329627	0.0	0.0	0.0	0.0	0.0	0.0	mel2_rep1	mel2
17x20	17.0	20.0	2647	1819	3.422753941301348	0.07831669561338399	-0.4453283581275239	-0.39165524810209956	0.08684556301057052	-0.26568739286645965	-0.6149458160502009	-0.37100681195329627	1.5639931096528752	0.0	1.5639931096528752	0.0	0.0	0.0	mel2_rep1	mel2
17x21	17.0	21.0	2787	1784	3.445136968713304	-0.3679271453832804	0.11585998415561735	-0.39165524810209956	0.36410649292566916	1.7512432825453372	-0.43254547237171737	-0.37100681195329627	0.0	0.0	0.0	0.0	2.941299199776012	0.0	mel2_rep1	mel2
17x22	17.0	22.0	5172	2828	3.7136585162083566	-0.11748969611331714	0.29582126335428593	-0.01201794452101132	1.2294480152783576	1.5746934333151212	0.003355113595784155	-0.03375015890959734	1.9169908506071447	0.0	0.0	0.0	2.9124263199795717	1.0761921629170415	mel2_rep1	mel2
17x23	17.0	23.0	2629	1622	3.419790586106363	-0.7780626885329829	0.938871288605834	-0.39165524810209956	0.41748715058456504	0.09390740472925069	-0.5255680653071036	0.42964907503370026	1.569392210916289	0.0	0.0	0.0	2.7859312270953143	0.0	mel2_rep1	mel2
17x24	17.0	24.0	1764	1199	3.246498580795801	-0.464897535469489	0.7866347637586565	-0.39165524810209956	-0.28887635335003553	-0.2952541793864491	-0.4090384728619821	-0.37100681195329627	0.0	0.0	0.0	0.0	2.8907496154483647	0.0	mel2_rep1	mel2
17x25	17.0	25.0	2233	1484	3.348888723071438	-0.6914471282175039	1.306974332400156	0.10035873765373418	-0.11476374987940963	-0.3253981511139315	-0.7173369065613104	-0.37100681195329627	1.7007912452067584	0.0	0.0	0.0	0.0	0.0	mel2_rep1	mel2
17x26	17.0	26.0	1815	1241	3.258876629372131	-0.6242285491546817	-0.2657889186507093	0.8110778879271479	0.7503704430440622	0.726656409902139	-0.10952522319317125	-0.37100681195329627	0.0	0.0	1.873284442922057	0.0	3.137169659116675	0.0	mel2_rep1	mel2
17x27	17.0	27.0	1458	1082	3.163757523981956	0.17641604172453118	-0.2964682258487787	2.0459406920532706	-0.2225111711389697	1.7472407065036133	-0.7287356353408826	-0.37100681195329627	2.0616225423999195	0.0	0.0	0.0	3.563700307373891	0.0	mel2_rep1	mel2
18x11	18.0	11.0	1725	1221	3.2367890994092927	0.6125852334741277	0.5992561686579048	0.2844075397542705	-0.10068039346667404	-0.7748502690703282	-0.12012471048871885	-0.37100681195329627	3.185873419064576	0.0	0.0	0.0	2.5332366206681325	0.0	mel2_rep1	mel2
18x12	18.0	12.0	1402	1054	3.14674801363064	-0.006940151744210575	-0.4453283581275239	-0.39165524810209956	-0.261384540646188	-0.4110604709009567	0.2910485153269287	-0.37100681195329627	2.725584586992411	0.0	2.095888989996992	0.0	2.725584586992411	0.0	mel2_rep1	mel2
18x13	18.0	13.0	2272	1603	3.3564083270389813	-0.13072184258864508	-0.4453283581275239	0.22043552014140438	-0.45621203785619174	0.18390671824264418	-0.032204340846957044	-0.37100681195329627	0.0	0.0	2.282669783293104	0.0	2.282669783293104	0.0	mel2_rep1	mel2
18x14	18.0	14.0	2273	1529	3.356599435724971	-0.18931396062218508	-0.4453283581275239	0.09616697490461965	-0.7170031033880016	-1.0439476548639721	0.3802559002772796	0.2821309944770511	2.2822746376989413	0.0	0.0	0.0	0.0	0.0	mel2_rep1	mel2
18x15	18.0	15.0	1910	1400	3.2810333672477277	1.1197989591895163	-0.22932996251479304	-0.39165524810209956	-0.6140682349232297	-0.7725563166876942	-0.12422003717236266	-0.37100681195329627	0.0	0.0	0.0	0.0	0.0	1.8302751413086704	mel2_rep1	mel2
18x16	18.0	16.0	1752	1247	3.243534101832062	0.10677005402315073	-0.4453283581275239	-0.39165524810209956	0.23352950004357378	-0.761733388421893	0.15732639512611063	-0.37100681195329627	2.51894771481597	0.0	0.0	0.0	0.0	0.0	mel2_rep1	mel2
18x17	18.0	17.0	3104	2027	3.491921712586151	0.29255174634269143	-0.10365397438782412	-0.39165524810209956	-0.2339211074139854	-1.0439476548639721	-0.21800463309949505	0.8269376951643975	2.0073141603894435	0.0	0.0	0.0	1.4402259247897413	0.0	mel2_rep1	mel2
18x18	18.0	18.0	4052	2453	3.607669436688243	0.29270638214405537	-0.2947407065832544	-0.39165524810209956	-0.6030302775040177	-0.6129348835886522	-0.6378382924861349	-0.37100681195329627	2.1286781816353737	0.0	0.0	0.0	1.7810075667908853	0.0	mel2_rep1	mel2
18x19	18.0	19.0	2012	1441	3.30362797638389	-0.17695818079311332	-0.3163135458127865	-0.39165524810209956	-0.08552279124935115	-0.5138908529718079	-0.40566288885873864	0.3210472265574551	1.786776897883591	0.0	0.0	0.0	1.786776897883591	0.0	mel2_rep1	mel2
18x20	18.0	20.0	3292	2119	3.5174598265402324	-0.08740614443928924	0.028963643205650695	-0.39165524810209956	-0.25535954129574917	0.16546093581310822	-0.34974463187022226	0.0663667540578134	1.95661467116005	0.0	0.0	0.0	2.784290943283142	1.3956670676775245	mel2_rep1	mel2
18x21	18.0	21.0	4219	2365	3.625209525381881	-0.5518582811011297	0.5471961570994529	0.049262746877788505	1.8476343651398488	1.2849516728158228	0.44493986074229586	0.5514834117556355	2.349556427829675	0.0	0.0	0.0	1.7475393159387864	0.0	mel2_rep1	mel2
18x22	18.0	22.0	2462	1653	3.3912880485952974	-0.10785221216751675	0.6278600336787407	0.1968651781948771	0.17430371710300838	0.3899877922523743	0.3761336240901669	-0.37100681195329627	1.6217099863597684	0.0	0.0	0.0	3.0591150702349235	0.0	mel2_rep1	mel2
18x23	18.0	23.0	1527	1080	3.1838390370564214	-0.44396246355842417	0.8842895721387818	0.3737946294346474	-0.35506314478265194	-0.27035119590437146	-0.7396774410433727	-0.37100681195329627	0.0	0.0	0.0	0.0	2.6460029349758143	0.0	mel2_rep1	mel2
18x24	18.0	24.0	2965	1787	3.4720246977002813	-0.5937990840793962	0.5372756581496229	0.7359549268076047	0.020723111290151173	0.2851917960510259	-0.46375923536760305	-0.37100681195329627	2.408569360115574	0.0	0.0	0.0	2.6735087983154977	0.0	mel2_rep1	mel2
18x25	18.0	25.0	2642	1645	3.4219328132785085	-0.9645698522732798	0.4180237436704938	1.4559853916993373	-0.1812877988409341	-0.079759565154898	-0.7114075667833025	0.11958529200727593	0.0	0.0	0.0	0.0	2.148270382555784	0.0	mel2_rep1	mel2
18x26	18.0	26.0	2492	1647	3.396548037987132	-0.7729988254401643	-0.09623211476659536	-0.39165524810209956	-0.006412392749632837	1.7633643083956019	-0.0824392460204911	-0.37100681195329627	1.6120028384956253	0.0	0.0	0.0	3.3703906100193977	0.0	mel2_rep1	mel2
18x27	18.0	27.0	1701	1254	3.230704313612569	-0.6169460697595004	-0.022321308717045723	1.1543821853575655	0.5125908384514298	1.1000404193767646	0.04911303842372184	-0.37100681195329627	1.9284579948230962	0.0	0.0	0.0	2.5461420290202113	0.0	mel2_rep1	mel2
19x13	19.0	13.0	2688	1806	3.429429264381788	0.17832006001833195	-0.4453283581275239	-0.39165524810209956	-0.7368459913642418	-0.41604011414338693	-0.35936827617925615	0.8072626592976053	2.1330387276888136	0.0	0.0	0.0	3.426277066059179	1.5518592422315889	mel2_rep1	mel2
19x14	19.0	14.0	1588	1184	3.2008504980910772	0.550796336342243	-0.4453283581275239	-0.39165524810209956	-0.06352007437866465	0.2292381181447634	-1.0089952829904218	0.3682285833564484	1.98749471708216	0.0	0.0	0.0	0.0	0.0	mel2_rep1	mel2
19x15	19.0	15.0	2596	1724	3.4143046881283317	1.0609023510926623	-0.020476847995152293	1.3013539106728984	0.36171548452241903	-0.44700315732835216	-0.010308865751265585	-0.37100681195329627	0.0	0.0	0.0	0.0	0.0	0.0	mel2_rep1	mel2
19x16	19.0	16.0	2056	1455	3.313023110323238	0.20704490315376983	-0.4453283581275239	-0.39165524810209956	-0.26834564374476405	-0.781499644470633	-0.550326919080709	-0.37100681195329627	0.0	0.0	0.0	0.0	2.3728223261285772	0.0	mel2_rep1	mel2
19x17	19.0	17.0	2583	1724	3.412124406173317	0.4050568704121361	-0.2497919463270404	0.18296069163872622	-0.7375671068864488	-0.33087785513216467	0.3335801694743885	-0.37100681195329627	1.5833951824961274	0.0	0.0	0.0	1.5833951824961274	0.0	mel2_rep1	mel2
19x18	19.0	18.0	2913	1953	3.4643404846276673	0.16839014613988126	-0.4453283581275239	-0.39165524810209956	0.31429838544498095	-0.5943048789541249	0.01580633794823909	0.09563139639246239	2.424684238526166	0.0	0.0	0.0	2.424684238526166	0.0	mel2_rep1	mel2
19x19	19.0	19.0	2569	1775	3.4097641042663462	0.8355309585483174	-0.4453283581275239	-0.39165524810209956	-0.7369439396225416	-0.5729430979300852	-0.4135690323611779	0.30998600541364335	0.0	0.0	0.0	0.0	1.5877167468149538	0.0	mel2_rep1	mel2
19x20	19.0	20.0	2963	1929	3.471731651480051	0.030312848822750205	0.3422824100163834	-0.39165524810209956	-0.12521312628159104	0.706736686861082	-0.027354549597418953	0.09150913839001351	2.047681956345305	0.0	0.0	0.0	2.6741370115732472	0.0	mel2_rep1	mel2
19x22	19.0	22.0	2549	1719	3.4063698354692673	-0.564003386551947	0.07885797945107233	0.1867873657305337	0.3677412775994486	-0.8075998726879522	-0.5847614912447323	0.22184847929672546	1.5939398557341926	0.0	0.0	0.0	3.0260449422522	0.0	mel2_rep1	mel2
19x23	19.0	23.0	2088	1383	3.3197304943302246	-0.1506778076531112	0.6094582343592536	1.018200480838256	-0.27820264764451924	-0.6388086262018451	-0.40105306847506567	-0.37100681195329627	2.358827804607461	0.0	0.0	0.0	3.541680924912344	0.0	mel2_rep1	mel2
19x24	19.0	24.0	3301	1891	3.5186455243303114	-0.7989522652112666	0.8450233068891401	2.9112395555266506	0.00455631312072153	0.08749001546813324	-0.5283730554065407	-0.37100681195329627	2.5739502765589317	0.0	0.0	0.0	3.3416053730384156	0.0	mel2_rep1	mel2
19x25	19.0	25.0	2622	1579	3.4186326873540653	-0.9645698522732798	0.6835042880504314	1.7739894017047135	0.27577725981334744	-0.4315748161869366	-0.51170114594258	-0.37100681195329627	0.0	0.0	0.0	0.0	2.788433166553626	0.0	mel2_rep1	mel2
19x26	19.0	26.0	2872	1836	3.4581844355702627	-0.32579418437533625	-0.04746347573517247	0.042286009849293676	-0.7495860492567106	1.5747386760371411	-0.36142847518515936	0.7557745490526473	2.0749048038340328	0.0	0.0	0.0	3.2336958262565307	0.0	mel2_rep1	mel2
19x27	19.0	27.0	1273	973	3.1048284036536553	-0.7053749272680776	-0.24199365241659462	0.2392859778403768	-0.6213244796813794	0.16824223706301425	-0.43125123803006543	-0.37100681195329627	0.0	0.0	0.0	2.8160623434147	3.4788322135753913	0.0	mel2_rep1	mel2
20x14	20.0	14.0	2361	1645	3.373095987078727	0.5269565374867972	-0.4453283581275239	-0.39165524810209956	-0.33755380386697886	-0.6557727387617426	-0.007021029184368214	-0.37100681195329627	0.0	0.0	0.0	0.0	1.6554610968023102	0.0	mel2_rep1	mel2
20x15	20.0	15.0	2100	1475	3.322219294733919	0.42472920510198997	-0.2993940006204959	-0.39165524810209956	-0.4548824193122857	-0.46276652544060654	-0.0214766338896382	-0.37100681195329627	2.7269186854065928	0.0	0.0	0.0	2.35364026379433	0.0	mel2_rep1	mel2
20x16	20.0	16.0	2922	1762	3.465680211598278	0.008665309342783874	-0.17486217984461774	0.5779262745598615	-0.14879685052579078	-1.0439476548639721	0.1026147571194025	-0.37100681195329627	1.486662971807466	0.0	0.0	0.0	0.0	0.0	mel2_rep1	mel2
20x17	20.0	17.0	2955	1903	3.4705574852172743	-0.2211338114340052	-0.10007442454312655	-0.39165524810209956	-0.7477496926617894	-0.8246499866006606	-0.20565999321733142	-0.37100681195329627	1.4779831631560119	0.0	0.0	0.0	2.4116443436466217	0.0	mel2_rep1	mel2
20x18	20.0	18.0	2679	1867	3.427972713608209	-0.16636802679157006	-0.4453283581275239	-0.39165524810209956	-0.42647208976551193	0.029832245902778064	-0.4005777833017476	-0.37100681195329627	1.5545034909833393	1.5545034909833393	0.0	0.0	2.5012890792059466	0.0	mel2_rep1	mel2
20x19	20.0	19.0	2216	1541	3.345569756056392	-0.17396924056618226	-0.1941462931406638	-0.39165524810209956	-0.7197371867000945	-0.21276919796067836	0.4620094308509616	-0.37100681195329627	0.0	0.0	0.0	1.707042799031294	2.305108981119461	0.0	mel2_rep1	mel2
20x20	20.0	20.0	3870	2408	3.5877109650189114	0.05395165857614085	0.1348121390902801	0.2685954753367787	0.4887148687144407	0.5848336631738652	-0.360589961053618	-0.37100681195329627	1.8193679333090482	0.0	0.0	0.0	2.949052284498956	0.0	mel2_rep1	mel2
20x21	20.0	21.0	4363	2412	3.63978521298682	-0.11445020473923807	0.03660809453187302	-0.39165524810209956	2.000831546507504	2.0639888657834065	0.1304166665246897	-0.37100681195329627	2.522523881256658	1.1914955613082132	0.0	0.0	1.719905693826911	1.1914955613082132	mel2_rep1	mel2
20x22	20.0	22.0	2247	1551	3.351603072419129	-0.9645698522732798	0.7701964645491834	0.09888158031770525	0.22723625923285778	0.5356637097911565	-0.0609010043267729	-0.37100681195329627	0.0	0.0	0.0	0.0	1.695685015835958	0.0	mel2_rep1	mel2
20x23	20.0	23.0	4072	2318	3.6098077693287025	-0.6024109729495544	1.3838841174029213	0.6729022311915376	0.04315855664569056	0.6485842279177	-0.28184485021043126	0.10929014035486125	1.7769150600795225	0.0	0.0	0.0	2.7558731717731595	0.0	mel2_rep1	mel2
20x24	20.0	24.0	3794	2191	3.5790973265526436	-0.4548819789159769	1.6078285112567643	1.689417050688465	0.36284932161118	0.3413255300925105	-0.23598315303988376	-0.37100681195329627	1.2908128434962771	0.0	0.0	0.0	3.094940534366535	0.0	mel2_rep1	mel2
20x25	20.0	25.0	2530	1548	3.403120521175818	-0.7697642068126526	0.4292335931029619	1.5928667834754673	0.10351010170199297	-0.806715149755531	-0.6136064998130405	0.24866861168963023	0.0	0.0	1.599906466168548	0.0	2.5539434377458314	0.0	mel2_rep1	mel2
20x26	20.0	26.0	1728	1174	3.2375437381428744	-0.7369888080160094	0.08260465912742711	-0.39165524810209956	0.22983118034400274	1.3440085948479075	-0.5117294097329231	0.341270040964934	2.9102349013955764	0.0	0.0	0.0	0.0	0.0	mel2_rep1	mel2
20x27	20.0	27.0	1214	911	3.0842186867392387	-0.3907266628470087	0.035784680564802156	-0.39165524810209956	-0.6377535589427795	0.1778308302780981	-0.2039986606891625	-0.37100681195329627	0.0	0.0	0.0	0.0	3.920455228889748	0.0	mel2_rep1	mel2
21x15	21.0	15.0	2146	1529	3.3316297176299323	0.20460135997275655	-0.4453283581275239	-0.39165524810209956	-0.008074603312481523	0.06439981738323695	-0.03519051042433014	0.8180973613167195	3.190441832474871	0.0	0.0	0.0	0.0	0.0	mel2_rep1	mel2
21x16	21.0	16.0	2310	1656	3.3636119798921444	0.2224058077563167	-0.14093227527288338	-0.39165524810209956	-0.5367201746724677	-0.7956897151777969	-0.4259346542518196	-0.37100681195329627	2.267787483910739	0.0	0.0	0.0	1.67316441566266	1.67316441566266	mel2_rep1	mel2
21x17	21.0	17.0	2282	1583	3.358315640082196	-0.06310464698668472	-0.0909042744961469	-0.39165524810209956	-0.37931400633952117	-0.12502239795710912	-0.19214941028987423	0.2550044999862524	1.6830825244673235	0.0	0.0	0.0	1.6830825244673235	0.0	mel2_rep1	mel2
21x18	21.0	18.0	1874	1389	3.2727695865517594	0.018549517411106997	-0.4453283581275239	-0.39165524810209956	-0.39861369585200634	-0.41653101985589985	0.07540657563788225	-0.37100681195329627	0.0	0.0	0.0	0.0	3.106589925446839	1.8462759520322534	mel2_rep1	mel2
21x19	21.0	19.0	2961	1994	3.471438407389299	0.1494982209994365	-0.3387231263813233	-0.39165524810209956	-0.04215257069691474	-0.3138613680445182	-0.15865137446718663	0.6635182049270887	2.4097979952673994	0.0	0.0	0.0	2.4097979952673994	0.0	mel2_rep1	mel2
21x20	21.0	20.0	2008	1429	3.3027637084729817	0.11340847642766999	-0.4453283581275239	-0.39165524810209956	-0.020119661634317918	0.020572637657970867	-0.5360060495351026	-0.37100681195329627	0.0	0.0	0.0	0.0	0.0	0.0	mel2_rep1	mel2
21x21	21.0	21.0	5092	2914	3.706888394981618	-0.2565915437736621	0.1394874505951347	-0.39165524810209956	0.46109693440650507	1.6277661788059945	0.041075109615917905	0.4539280913607505	2.181034166487125	0.0	0.0	0.0	2.6910433477669558	0.0	mel2_rep1	mel2
21x22	21.0	22.0	2501	1655	3.3981136917305026	-0.6597941708882165	0.11070985091368184	1.3954496656284328	0.15606532692663683	0.5904741796322125	0.18874360468881005	0.7565011439367954	2.196869100771712	0.0	1.6091179892129441	0.0	3.218491904718875	1.6091179892129441	mel2_rep1	mel2
21x23	21.0	23.0	3047	1831	3.4838724542226736	-0.9645698522732798	0.6717175386908951	1.187185234485389	0.14283762804312689	0.4966673492907927	-0.44053773884742503	0.1699478299045105	2.0233781091247813	0.0	0.0	0.0	2.8570208130332566	0.0	mel2_rep1	mel2
21x24	21.0	24.0	1820	1266	3.2600713879850747	-0.742224673101234	0.1652381391696241	0.32692679996068014	-0.6961009170996592	-0.4177442406850025	-0.5939951355498135	-0.37100681195329627	0.0	0.0	0.0	0.0	1.870956510889248	0.0	mel2_rep1	mel2
21x25	21.0	25.0	2228	1442	3.3479151865016914	-0.2593282974639209	0.16426062707365444	-0.39165524810209956	0.1241450615151505	0.015680784167951267	-0.7603513318895242	0.28845317624345207	1.7026240819635505	0.0	1.7026240819635505	0.0	1.7026240819635505	0.0	mel2_rep1	mel2
21x26	21.0	26.0	1969	1286	3.2942457161381182	0.5981589788735916	-0.3150126024607901	0.2633066413432819	0.023073903730100192	1.3192446050955413	-0.400270022630119	-0.37100681195329627	2.7872408836011866	0.0	0.0	1.8047941742342448	1.8047941742342448	0.0	mel2_rep1	mel2
21x27	21.0	27.0	920	704	2.963787827345555	-0.9645698522732798	-0.0766418048757384	0.32403021469098187	-0.1139462347954181	-0.13385486812587827	-0.3249756720792246	-0.37100681195329627	0.0	0.0	0.0	0.0	3.5147848326582722	0.0	mel2_rep1	mel2
22x16	22.0	16.0	2609	1780	3.4164740791002206	-0.29293633544020115	-0.200290116657398	-0.39165524810209956	-0.1292667061649238	-1.0439476548639721	0.32098623313616703	0.21496900914403652	2.159381050939588	0.0	0.0	0.0	1.575443838536498	0.0	mel2_rep1	mel2
22x17	22.0	17.0	1815	1311	3.258876629372131	-0.053716988559376046	-0.16827021550014307	-0.39165524810209956	-0.6894054067841131	-0.7661789411470211	-0.5231293637844833	0.914061685650324	2.4865123388587587	0.0	0.0	0.0	2.4865123388587587	0.0	mel2_rep1	mel2
22x18	22.0	18.0	2159	1551	3.334252642334231	-0.3601897499716757	-0.4453283581275239	-0.39165524810209956	0.34520374369367535	-0.1250652475192766	0.41035124477792856	-0.37100681195329627	1.7284244847816108	0.0	0.0	0.0	2.7010471977672874	0.0	mel2_rep1	mel2
22x19	22.0	19.0	2335	1578	3.368286884902131	-0.36534643679590534	-0.12872154133273225	-0.39165524810209956	-0.4802215861767894	-0.16474457205403734	-0.2891232303355897	-0.37100681195329627	2.2581430636832214	0.0	0.0	0.0	2.2581430636832214	0.0	mel2_rep1	mel2
22x20	22.0	20.0	2912	1900	3.4641913706409997	-0.2764542784674253	-0.3377917367209132	-0.39165524810209956	0.21927466520415037	0.598716830324157	-0.1981467737813036	-0.37100681195329627	1.4893169811931535	0.0	0.0	0.0	2.8997900259049976	0.0	mel2_rep1	mel2
22x21	22.0	21.0	2499	1669	3.39776625612645	-0.07631238049977282	0.11687078128831753	-0.39165524810209956	-0.05852803150863485	0.9264532205413826	-0.4201834341162336	0.22773192848832008	2.1975802119254313	0.0	0.0	0.0	3.0449034699443067	0.0	mel2_rep1	mel2
22x22	22.0	22.0	2081	1389	3.318272080211627	-0.7781993024903672	-0.17766039321863	-0.39165524810209956	-0.08581807199250988	1.0909399220305536	-0.20455731947034758	-0.37100681195329627	2.3618689628269154	0.0	0.0	0.0	3.006747784994147	0.0	mel2_rep1	mel2
22x23	22.0	23.0	1912	1258	3.2814878879400813	-0.6747318821951853	0.3523632971953836	2.4370999866908036	-0.965891845514424	-0.5158189958353337	-0.8734302763217747	-0.37100681195329627	1.8293964807524983	0.0	0.0	0.0	1.8293964807524983	0.0	mel2_rep1	mel2
22x24	22.0	24.0	1795	1231	3.254064452914338	-0.6909417407817575	0.7254559663018382	0.1529737962415141	-0.29019566536802516	-0.7546056417003149	-0.500858196495915	-0.37100681195329627	1.8826706909193962	0.0	0.0	0.0	3.5388174331014564	0.0	mel2_rep1	mel2
22x25	22.0	25.0	1552	1124	3.1908917169221698	-0.40567684757567996	0.21975130205900523	0.5364289759201082	0.03024401648934429	0.04189320168503813	-0.41014261676100444	-0.37100681195329627	3.012092556659198	0.0	0.0	0.0	2.6309241979069813	0.0	mel2_rep1	mel2
22x26	22.0	26.0	1826	1211	3.2615007731982804	-0.5150855830839277	-0.26618880629609465	-0.39165524810209956	-0.1928170216314918	1.6465853201247267	0.016626590813942712	-0.37100681195329627	1.8681727152258614	0.0	0.0	0.0	0.0	0.0	mel2_rep1	mel2
22x27	22.0	27.0	629	522	2.798650645445269	-0.9645698522732798	0.5718375061837137	0.6180437271100556	-0.5144970302883972	0.7480201441594342	-0.6117018610397396	-0.37100681195329627	0.0	0.0	0.0	0.0	3.4903218750925675	0.0	mel2_rep1	mel2
23x16	23.0	16.0	1567	1180	3.1950689964685903	-0.04214186488845067	-0.3009903942486094	-0.39165524810209956	-0.6708514806411621	-0.7475389665327369	-0.3015986485203922	-0.37100681195329627	1.9989932529393808	0.0	0.0	0.0	0.0	0.0	mel2_rep1	mel2
23x17	23.0	17.0	2041	1361	3.3098430047160705	-0.16908243506670098	-0.2974266048947843	-0.39165524810209956	-0.16461481600586217	-1.0439476548639721	-0.14291735338276543	1.4163628068985972	2.3794644714785425	0.0	0.0	0.0	2.7535764488716654	0.0	mel2_rep1	mel2
23x18	23.0	18.0	2515	1710	3.400537989391946	-0.03913766523550474	-0.4453283581275239	-0.39165524810209956	-0.3861775648162226	0.6524098113111049	-0.6099056889751391	-0.37100681195329627	2.1919089502018325	0.0	0.0	0.0	2.559428717769413	0.0	mel2_rep1	mel2
23x19	23.0	19.0	2236	1520	3.3494717992143856	-0.14495126624610033	-0.18096476293059222	0.41864243249575434	-0.44942230497015034	-0.12777596341842504	-0.17831042006840436	0.16164254741127415	1.6996938709958043	0.0	0.0	0.0	1.6996938709958043	0.0	mel2_rep1	mel2
23x20	23.0	20.0	2359	1636	3.3727279408855955	-0.40592047544087545	-0.06362754145220108	-0.39165524810209956	-0.07615562337833774	-0.4099233226185985	-0.3682430687704217	-0.37100681195329627	0.0	0.0	0.0	0.0	1.6561467421820604	0.0	mel2_rep1	mel2
23x21	23.0	21.0	2731	1830	3.4363217001397333	-0.20618104121448672	-0.4453283581275239	-0.39165524810209956	-0.3773414762213193	0.9578051395006734	-0.31914014524862644	-0.37100681195329627	1.5393721215879401	0.0	0.0	1.5393721215879401	2.4836547985642587	0.0	mel2_rep1	mel2
23x22	23.0	22.0	2167	1490	3.335858911319818	-0.3666096650561306	-0.4453283581275239	1.5043498533451738	-0.27603289197858516	0.44270319243066414	-0.5566319532402758	-0.37100681195329627	1.72538364625109	0.0	0.0	0.0	2.325260973920398	0.0	mel2_rep1	mel2
23x23	23.0	23.0	2061	1417	3.3140779917792127	-0.5267296257060963	0.16857335511033672	3.27418469158739	-0.022175278827921092	-0.0941437252999699	-0.3620373994925233	-0.37100681195329627	0.0	0.0	0.0	0.0	2.7444490363025476	0.0	mel2_rep1	mel2
23x24	23.0	24.0	1629	1152	3.2119210843085093	-0.45309784244806195	0.44875447210015174	2.4434335278658548	-0.6757896382616106	-1.0439476548639721	0.48204494763910427	-0.37100681195329627	1.965535648690998	0.0	0.0	0.0	2.9661080916430143	0.0	mel2_rep1	mel2
24x17	24.0	17.0	1724	1208	3.236537261488694	-0.15142534953541414	-0.4453283581275239	-0.39165524810209956	-0.5807309408458013	-0.7596981994263786	0.017184643783658415	-0.37100681195329627	0.0	0.0	0.0	0.0	2.5337704679310975	1.9169908506071447	mel2_rep1	mel2
24x18	24.0	18.0	2787	1821	3.445136968713304	0.20583669207996788	-0.4453283581275239	-0.39165524810209956	-0.08465875323575091	-0.752277708714014	-0.292458071526312	-0.37100681195329627	0.0	0.0	0.0	0.0	3.2625716193284817	0.0	mel2_rep1	mel2
24x19	24.0	19.0	1566	1112	3.1947917577219247	-0.4972358720520712	-0.4453283581275239	-0.39165524810209956	-0.3515209122245153	-0.36013076423483703	-0.29032907093399224	-0.37100681195329627	0.0	0.0	0.0	0.0	1.9995451621674152	0.0	mel2_rep1	mel2
24x20	24.0	20.0	1436	1064	3.1571544399062814	-0.10681115587328398	-0.2724251355572941	-0.39165524810209956	-0.666691682314171	-1.0439476548639721	-0.7849348839647768	-0.37100681195329627	0.0	0.0	0.0	0.0	2.0749048038340328	0.0	mel2_rep1	mel2
24x21	24.0	21.0	1392	1055	3.1436392352745433	-0.45878564650446196	-0.4453283581275239	0.21647167011022	-0.965891845514424	-0.2551667704855864	-0.78898055201224	1.8529644942520274	0.0	0.0	0.0	0.0	2.102169792757392	0.0	mel2_rep1	mel2
24x22	24.0	22.0	1857	1301	3.2688119037397803	0.12053749001269301	-0.2908369383472437	-0.39165524810209956	0.2012474432558491	-0.31252657169433795	-0.7370737803104411	-0.37100681195329627	0.0	0.0	0.0	0.0	1.8539561281053647	0.0	mel2_rep1	mel2
24x23	24.0	23.0	1676	1204	3.2242740142942576	-0.4240100790841437	-0.09874217422293102	1.9625598997107303	-0.6793924486477187	0.5691409003058735	-0.6179860350190459	-0.37100681195329627	0.0	0.0	0.0	0.0	2.9391492942882746	0.0	mel2_rep1	mel2
24x24	24.0	24.0	1118	868	3.0484418035504044	-0.9645698522732798	-0.04173433925888633	1.25223510915433	-0.965891845514424	0.05895007981116551	-0.5331741032819757	-0.37100681195329627	2.2970240417983705	0.0	0.0	0.0	0.0	0.0	mel2_rep1	mel2
25x17	25.0	17.0	1410	1047	3.1492191126553797	0.12061043599260397	-0.4453283581275239	-0.39165524810209956	-0.1739920055744842	-0.3359011546214923	-0.9765398786552129	-0.37100681195329627	0.0	0.0	0.0	0.0	0.0	0.0	mel2_rep1	mel2
25x18	25.0	18.0	2168	1512	3.336059277866349	0.6159471766699943	-0.4453283581275239	-0.39165524810209956	-0.246205541889498	-1.0439476548639721	-0.5598915998191197	-0.37100681195329627	0.0	0.0	0.0	0.0	0.0	0.0	mel2_rep1	mel2
25x19	25.0	19.0	1103	854	3.0425755124401905	-0.36913301480898986	-0.16016323346167416	-0.39165524810209956	0.3592630774371748	-0.022418583538621677	-0.7225221700063557	-0.37100681195329627	0.0	0.0	0.0	0.0	2.9513814701988106	0.0	mel2_rep1	mel2
25x20	25.0	20.0	1266	945	3.1024337056813365	-0.05660224155758279	-0.4453283581275239	-0.39165524810209956	-0.5494913345234845	-0.4126794399487943	-0.46591067387990925	-0.37100681195329627	0.0	0.0	0.0	0.0	2.185927016750538	0.0	mel2_rep1	mel2
25x21	25.0	21.0	3006	1962	3.4779889762508893	0.18970357699647497	0.02552275108927205	-0.39165524810209956	0.20762713322101148	0.3511053797046875	-0.18904645121764288	-0.37100681195329627	0.0	0.0	0.0	0.0	2.660729349512414	0.0	mel2_rep1	mel2
25x22	25.0	22.0	1508	1123	3.178401341533755	-0.47560645309444854	-0.2759789079292749	-0.39165524810209956	-0.6414197477589328	-0.2158057153912835	-0.6506732444582792	-0.37100681195329627	2.032258176103537	0.0	2.032258176103537	0.0	3.0394572122553134	0.0	mel2_rep1	mel2
25x23	25.0	23.0	1639	1149	3.214578953570499	-0.4327168838595552	-0.20794967746013698	0.1754236517466284	0.45725203381492463	-0.0895020652697368	-0.5759721469268193	-0.37100681195329627	0.0	0.0	0.0	0.0	2.5804109424279527	0.0	mel2_rep1	mel2
26x19	26.0	19.0	1594	1150	3.2024883170600935	0.23903320758783092	-0.4453283581275239	0.1823566395989192	-0.18256290370098624	-0.47092378241991123	-0.7010793754296484	-0.37100681195329627	2.6061689179569254	0.0	0.0	0.0	2.6061689179569254	0.0	mel2_rep1	mel2
26x20	26.0	20.0	1284	985	3.1085650237328344	-0.07948458343485493	-0.26421699851197744	-0.39165524810209956	-0.2380462579865888	-0.38765309504582346	-0.3155776797102278	-0.37100681195329627	2.1734055878719807	0.0	0.0	0.0	2.1734055878719807	0.0	mel2_rep1	mel2
26x21	26.0	21.0	1809	1292	3.257438566859814	0.0790476122945035	-0.288992695621881	-0.39165524810209956	-0.30736248797235494	0.2944525003066249	0.039449394155596416	0.21692078676357066	0.0	0.0	0.0	0.0	2.866975062198613	0.0	mel2_rep1	mel2
26x22	26.0	22.0	1385	998	3.1414497734004674	-0.9645698522732798	-0.4453283581275239	-0.39165524810209956	-0.16071107942381	0.8031350987740398	-0.776459524321341	0.4449197083090561	0.0	0.0	0.0	0.0	2.73698960203957	0.0	mel2_rep1	mel2
2x17	2.0	17.0	4068	2262	3.6093809442507068	0.1921084252433593	-0.18587183684422948	0.28897588682815495	0.927019172152187	1.2380695809701179	0.5828884544518197	-0.28206154788497495	0.0	0.0	1.2407512364254225	0.0	3.3336432836060723	1.7777316791717919	mel2_rep2	mel2
2x18	2.0	18.0	10491	4221	4.020816887028907	0.3138592012597436	-0.05085176086370195	-0.05237429491258396	0.24402871541716	0.5755585655646276	0.20126697216853973	0.20498491997456889	2.4410573145953336	0.0	0.0	0.669468018605347	2.520786512117928	0.669468018605347	mel2_rep2	mel2
2x19	2.0	19.0	11174	4439	4.048208667024146	0.19103394591429104	-0.09132194194555089	-0.4523913489625078	0.27654819879754816	0.38629313529132486	0.4311998398293662	0.3042804623024838	2.0991801176788014	0.0	0.0	0.0	3.1891710302269516	0.0	mel2_rep2	mel2
2x20	2.0	20.0	9191	3784	3.963362766103736	0.42943911340122704	-0.012128360329363772	-0.4523913489625078	0.7004035338281954	-0.4049894244629137	0.11350827547581423	-0.28206154788497495	2.272555393258574	0.0	1.155635698210888	0.7362166747601377	3.1717187514608085	0.0	mel2_rep2	mel2
2x21	2.0	21.0	5575	2842	3.746244871720198	-0.21373210028684006	-0.18373441355021305	-0.4523913489625078	0.727011569184644	0.14043080564393828	-0.0555186372977233	0.14311934648973038	1.8533508266297336	0.0	0.0	0.0	2.7311008670700665	0.0	mel2_rep2	mel2
2x22	2.0	22.0	5074	2697	3.705350462885712	0.47844541177279065	-0.1648836766091003	0.11837984465651968	-0.13211462663565887	-0.03293251438800771	0.12469932446035968	0.1685576569288394	2.551395622701103	0.0	1.088841944244188	0.0	1.5977019915167432	0.0	mel2_rep2	mel2
2x23	2.0	23.0	3340	1948	3.5237464668115646	0.26670869164547806	-0.48430390742232865	-0.4523913489625078	0.015113451085831921	-0.04089305767956617	-0.275061170195275	0.15229483998612267	1.3847962334988686	0.0	0.0	0.0	2.563105189119604	0.0	mel2_rep2	mel2
3x17	3.0	17.0	11462	4392	4.059260404121731	-0.16426845964095532	0.8077707293938243	0.37964600548028454	0.3456432384808137	1.307419727554495	0.22683480568050654	-0.022474362896894872	2.3605642405306777	0.0	0.0	0.62724671337539	3.235872420957539	0.62724671337539	mel2_rep2	mel2
3x18	3.0	18.0	11643	4499	4.066064897459677	0.2766692137502247	-0.17686460985011385	-0.2693574873031909	0.19718393937134793	0.5468865988040834	0.5016067265509027	-0.28206154788497495	1.4896495177365299	0.0	0.0	0.0	2.6306850587455988	0.6199769354775133	mel2_rep2	mel2
3x19	3.0	19.0	9907	4151	3.9959421629925505	0.24436116832048382	0.07680121070588493	-0.4523913489625078	0.5294048941818068	1.0856880734977727	0.1831712010429799	0.06448697166344948	2.0876218804557363	0.0	0.0	0.0	3.004610680411117	0.0	mel2_rep2	mel2
3x20	3.0	20.0	8739	3736	3.94146173934733	0.48131348914327	-0.3838866930641786	-0.4523913489625078	0.588036168619065	0.32441656855026924	-0.13215240978415532	-0.28206154788497495	1.7186837643120416	0.0	0.0	0.0	2.764798703559089	0.0	mel2_rep2	mel2
3x21	3.0	21.0	4384	2454	3.641870545476313	0.49408162266754885	0.08123498022589522	0.06632432965680843	0.33340286617598913	-0.27340171311351485	-0.08621277396634847	-0.28206154788497495	1.7159656298585213	0.0	0.0	0.0	2.9574162605251617	0.0	mel2_rep2	mel2
3x22	3.0	22.0	3496	2075	3.5435714239623652	0.26126131674609376	0.010552475432361652	-0.4523913489625078	0.3385851420290352	0.7017621572974057	0.28707765703891197	-0.28206154788497495	1.90521073610303	0.0	0.0	0.0	2.259806570923553	0.0	mel2_rep2	mel2
3x23	3.0	23.0	3742	2110	3.573103783163991	0.08880082377086024	-0.1303197187964235	-0.059164158077651165	0.7022201707554789	-0.2825862090314439	-0.18902331364927516	-0.28206154788497495	2.835223458116006	0.0	0.0	0.0	2.1991231243318854	0.0	mel2_rep2	mel2
3x24	3.0	24.0	1810	1247	3.2576785748691846	-0.05562940129707076	-0.3725448322719001	-0.4523913489625078	-0.43637648073033747	-0.3874054078374854	0.414727572619427	-0.28206154788497495	1.8756197849315366	0.0	0.0	0.0	2.8664538604833183	0.0	mel2_rep2	mel2
4x16	4.0	16.0	6596	3072	3.8192806469724814	-0.5319155705756692	0.9014079004046297	0.2545432917500749	0.03086594530698109	0.0005073734651706389	0.0770216675085968	0.09979880882112638	1.955051295840178	0.0	0.0	0.922698297773269	2.452081451364568	0.0	mel2_rep2	mel2
4x17	4.0	17.0	10792	4170	4.033101936663848	-0.26027996215160737	0.9818440170177447	-0.04979511374498271	1.1340782966093657	1.2794444082416412	0.2220708192123224	-0.07637430048130871	1.8809408810595942	0.0	0.0	0.0	2.9720667463774713	0.6557631784337344	mel2_rep2	mel2
4x18	4.0	18.0	12009	4698	4.079506844824768	0.13803267684959986	0.07964302434684613	-0.2692668115306607	0.4412141646682109	0.25914608001962974	0.31984261133688324	0.5913708362322249	2.7718858772506367	0.0	0.6057950919339886	0.6057950919339886	2.6618904323473664	0.6057950919339886	mel2_rep2	mel2
4x19	4.0	19.0	10968	4350	4.040127441781456	0.030015666857797847	0.11132923737067256	-0.4523913489625078	0.5371890651645914	1.0787173135010815	0.35024206660398166	0.3072829499985938	2.622085951566781	0.0	0.0	0.0	2.85712393248333	0.0	mel2_rep2	mel2
4x20	4.0	20.0	7182	3366	3.8562454007900544	0.31445303025763116	-0.05883804565421377	-0.4523913489625078	0.3779788188994205	0.6914663730054413	-0.12647009427337516	-0.28206154788497495	2.7029504282865116	0.0	0.0	0.0	3.020092020405061	0.0	mel2_rep2	mel2
4x21	4.0	21.0	3536	2107	3.5485122563410356	0.4126979768378759	-0.32050975554742667	-0.034049265111952866	0.23022924343827286	-0.22132724066599643	0.15190380325962305	0.13898320594775732	0.0	0.0	0.0	0.0	3.0347789374508936	0.0	mel2_rep2	mel2
4x22	4.0	22.0	4576	2244	3.6604860157849677	-0.02920412912948119	-0.38709427569848553	-0.4523913489625078	-0.021171744116116744	-0.5442226482636726	0.7233140808447285	0.6438003240468602	2.2763703435198983	0.0	0.0	0.0	1.6809451028877649	0.0	mel2_rep2	mel2
4x23	4.0	23.0	2493	1603	3.3967222785037734	-0.40590920860356844	-0.48430390742232865	-0.4523913489625078	0.014089207654158458	-0.14901533158504895	-0.061417438903756616	-0.28206154788497495	2.1997173451527408	0.0	0.0	0.0	2.567537876980289	0.0	mel2_rep2	mel2
4x24	4.0	24.0	1423	1026	3.153204900084284	0.3656350622862983	-0.48430390742232865	-0.4523913489625078	0.14169749790344355	0.7056336910020312	-0.11005556882775633	-0.28206154788497495	0.0	0.0	0.0	0.0	2.7116977921273673	0.0	mel2_rep2	mel2
5x14	5.0	14.0	7771	3356	3.8904769089601707	-0.5994852778883709	1.0851135114223014	1.0253086268970457	0.30742855296056487	0.3397056553739231	0.1488843787296828	-0.02261098330055744	1.5811427561859608	0.0	0.8271690589762442	0.0	3.18482427902781	0.0	mel2_rep2	mel2
5x15	5.0	15.0	4265	2187	3.629919035503542	0.5375339297180051	0.6794100812568211	1.1689124798351846	0.0921150512648854	-0.040689796314468646	-0.23151320386002874	-0.28206154788497495	2.33975211611937	0.0	0.0	0.0	2.543437270954336	1.2073668037218208	mel2_rep2	mel2
5x16	5.0	16.0	5780	2835	3.761927838420529	-0.006268345182047993	0.3033176636246173	0.4715639817325267	0.15303802931888016	0.7345057648105162	-0.13859137667221189	-0.28206154788497495	2.2670116995150567	0.0	1.004339632733442	1.004339632733442	2.6973821964044484	0.0	mel2_rep2	mel2
5x17	5.0	17.0	9750	4014	3.989004615698537	0.1350813377744243	0.6525864789984589	0.8580183896891326	0.7491601993088881	1.2051261851248931	-0.06634142813089569	-0.28206154788497495	1.629743178594846	0.0	0.705886206337375	0.705886206337375	3.243193132518907	0.0	mel2_rep2	mel2
5x18	5.0	18.0	6790	3120	3.8318697742805017	0.7673774352710288	0.20925435746775958	-0.4523913489625078	0.5267270636170325	0.5409139317975945	0.36449475230375794	-0.28206154788497495	2.4256234817718476	0.0	0.0	0.0	3.259511645947327	0.0	mel2_rep2	mel2
5x19	5.0	19.0	4015	2247	3.6036855496146996	0.15330374390924753	-0.2572811740785511	-0.4523913489625078	0.5485446573337356	0.4860118865972372	0.016193718368209018	-0.28206154788497495	1.7886412877180626	0.0	0.0	1.2500908372180266	2.3944931375141443	0.0	mel2_rep2	mel2
5x20	5.0	20.0	5005	2623	3.6994040818153375	0.14308279603990745	0.09663905197987846	-0.4523913489625078	0.4097143441243727	0.2413170138938486	-0.054973322029617154	0.17232541420914269	2.7071173652136697	0.0	0.0	0.0	3.0435705553042074	0.0	mel2_rep2	mel2
5x21	5.0	21.0	3387	2027	3.5298151966446305	0.522614453187884	-0.249688813519107	-0.4523913489625078	0.24272508217163682	-0.15866118676073246	-0.037824184394719976	-0.28206154788497495	2.5502152832293996	0.0	0.0	0.0	2.757622696799918	1.374339512968126	mel2_rep2	mel2
5x22	5.0	22.0	1953	1330	3.2907022432878543	-0.189378324372785	-0.3763585284105869	-0.4523913489625078	0.11289352298624442	-0.3861298330445484	-0.36247113875361303	-0.28206154788497495	2.7948994212345966	0.0	0.0	0.0	1.811615641001302	0.0	mel2_rep2	mel2
5x23	5.0	23.0	2046	1390	3.3109056293761414	0.2337104134463593	-0.48430390742232865	-0.4523913489625078	-0.12985347806979441	-0.016093220990254304	-0.3287652804226516	-0.28206154788497495	1.7728459870920945	0.0	0.0	0.0	3.022877589513499	0.0	mel2_rep2	mel2
5x24	5.0	24.0	2064	1339	3.314709692955174	0.15279267766701446	-0.3791015708792438	-0.4523913489625078	0.470446030118289	0.2230351068845088	0.12872571905796779	1.128910475118172	2.3693014734316296	0.0	0.0	0.0	2.3693014734316296	0.0	mel2_rep2	mel2
5x25	5.0	25.0	1971	1354	3.2946866242794433	-0.10511808089462751	0.21260175764942937	-0.4523913489625078	-0.2842654923139096	-0.7613934945022865	-0.18886425381841887	-0.28206154788497495	2.41118237380365	0.0	0.0	0.0	1.8039460300986496	0.0	mel2_rep2	mel2
6x14	6.0	14.0	7323	3035	3.864689034136851	-0.5947558446817995	0.8623019027215626	2.469125354284374	0.2536601146845688	-0.1064980587838626	0.11605739618438066	0.8413748187281543	0.8610150182178711	0.0	0.8610150182178711	0.8610150182178711	2.356971373301573	0.0	mel2_rep2	mel2
6x15	6.0	15.0	2828	1580	3.4514794051248616	-0.33921696990969646	0.7055775318095798	1.3739534075818776	0.6688895223876029	-0.8099660933900611	-0.2538009972413009	0.19221267081571	0.0	0.0	0.0	0.0	3.1008310859464596	0.0	mel2_rep2	mel2
6x16	6.0	16.0	2861	1691	3.4565178578052627	-0.5408235087877463	0.9216232825943875	0.45975799442777227	0.2120117932619336	0.21553176675435023	-0.8461102254441907	0.5780305975596979	2.078261187873861	0.0	0.0	0.0	2.7067911074831574	0.0	mel2_rep2	mel2
6x17	6.0	17.0	4198	2244	3.623042434246382	-0.34339482432227897	0.6333247591078801	0.4444865542115907	0.07346051179300521	0.3172385739794628	-0.35499965907150427	-0.28206154788497495	2.09755894142796	0.0	0.0	0.0	2.7273638361642454	0.0	mel2_rep2	mel2
6x18	6.0	18.0	6584	3172	3.8184898222042136	0.04373621137438001	0.27855115592896723	0.10823672139392965	0.8489933976388934	0.44980351258998014	0.411106152181959	0.007697079164271892	2.3138218450690253	0.0	0.0	0.0	2.784290943283142	0.0	mel2_rep2	mel2
6x19	6.0	19.0	3776	2070	3.5770319856260313	0.6799514719372939	-0.26606988287825895	-0.06115137145352282	0.5377182422604602	0.2078243612303253	-0.03193581432323505	-0.28206154788497495	1.2942626994021207	0.0	1.2942626994021207	1.2942626994021207	1.8400114202520943	0.0	mel2_rep2	mel2
6x20	6.0	20.0	3232	1914	3.5094713521025485	0.13249120666394656	0.13216793629068513	-0.4523913489625078	0.6537076969382104	-0.16030304007696525	-0.09223847861516009	-0.28206154788497495	1.9724294979835366	0.0	0.0	0.0	2.801558578617272	1.4095369976224867	mel2_rep2	mel2
6x21	6.0	21.0	2217	1460	3.345765693114488	0.6841649453882023	0.016089765836145773	-0.4523913489625078	-0.03576013598127813	-0.70006314575396	-0.20067845915852497	-0.28206154788497495	1.7066734937877484	0.0	0.0	0.0	0.0	0.0	mel2_rep2	mel2
6x22	6.0	22.0	3314	2071	3.520352504083318	0.5040285746094229	0.048380340317675415	-0.4523913489625078	0.16816476269132746	0.3340754240934929	0.1296401147936463	-0.28206154788497495	1.3906601941741408	0.0	0.0	0.0	3.2244606832736027	0.0	mel2_rep2	mel2
6x23	6.0	23.0	2109	1388	3.3240765797394864	0.5121850083046113	-0.07982272521794818	-0.4523913489625078	0.12933229527028178	-0.09145148692061024	0.29836263208798275	-0.28206154788497495	1.7477350762755917	0.0	0.0	0.0	2.722922463173711	0.0	mel2_rep2	mel2
6x24	6.0	24.0	2227	1479	3.347720217034038	0.5189850277902602	-0.3828309294201977	0.050377454020715105	0.41967774304243394	0.5013356121272667	0.3066171626361798	0.2521001595193742	0.0	0.0	0.0	0.0	0.0	0.0	mel2_rep2	mel2
6x25	6.0	25.0	2305	1530	3.362670929725667	-0.14296971952441936	-0.3845032595103338	-0.4523913489625078	-0.1761384670857202	-0.2012055531465732	-0.16896422445554407	-0.28206154788497495	0.0	1.6749250073944073	0.0	0.0	3.445812606618144	0.0	mel2_rep2	mel2
6x26	6.0	26.0	1425	1059	3.153814864344529	0.6091342643118587	0.05577602701628003	-0.4523913489625078	0.000965294834239762	-0.6438135010351895	-0.010132090616551409	-0.28206154788497495	2.7103866507632297	0.0	0.0	0.0	2.0816321230596544	0.0	mel2_rep2	mel2
7x14	7.0	14.0	4495	2194	3.6527296960692475	-0.5859903154112005	0.7071624741557253	1.1165212231651895	-0.040651752571846576	0.5930344494272362	-0.1649834376892896	-0.28206154788497495	1.6955033471669547	0.0	1.6955033471669547	0.0	2.292411155385242	0.0	mel2_rep2	mel2
7x15	7.0	15.0	3408	1958	3.5324995860946626	-0.34309501998583436	0.6197807943472744	1.0774284884478718	0.35583390989397773	-0.20838202014641238	-0.08204802465909418	0.28480200361841235	1.9269522353106991	0.0	0.0	0.0	1.9269522353106991	0.0	mel2_rep2	mel2
7x16	7.0	16.0	3978	2136	3.5996647787884166	-0.16771633016633286	0.41574629054000933	0.21607197309047585	-0.13217243063620346	-0.3510040920737281	-0.2187272669998549	0.1121177845786395	1.7963575628536814	0.0	0.0	1.256705484623157	2.7777600938323173	0.0	mel2_rep2	mel2
7x17	7.0	17.0	4506	2329	3.653791187387812	-0.28892031191906725	0.8147511663726388	0.4119412383430991	0.49065635588299983	-0.5240804825341471	-0.17821148867115233	0.2017943316293454	1.6935081435172021	0.0	0.0	1.169152514931168	2.9314126957494344	0.0	mel2_rep2	mel2
7x18	7.0	18.0	4591	2469	3.661907292766021	-0.353594097943325	0.1419379486827665	1.3540823380830094	1.2562864907429656	0.6317307506094519	0.6772820330252244	-0.28206154788497495	2.019495667353725	0.0	0.0	0.0	1.6782826570719183	1.6782826570719183	mel2_rep2	mel2
7x19	7.0	19.0	3488	2052	3.5425764762605296	-0.0892672903026151	-0.13401997473121383	-0.4523913489625078	0.295072266433338	-0.1452658293963526	0.05748426697699069	-0.28206154788497495	1.3524718952127666	0.0	0.0	0.0	2.9015224056156743	0.0	mel2_rep2	mel2
7x20	7.0	20.0	4331	2335	3.636588183729842	-0.08300899695402804	0.11319704450651297	-0.4523913489625078	0.7629631839714325	1.239502219715236	-0.18182038243518583	-0.28206154788497495	1.7259527952390536	0.0	0.0	0.0	2.325885744357117	0.0	mel2_rep2	mel2
7x21	7.0	21.0	2513	1651	3.400192488592576	-0.04095817789939929	-0.23489527852179407	-0.4523913489625078	0.8022106926267002	-0.4202534358242606	-0.4020051445421198	-0.28206154788497495	3.0395834994312056	0.0	0.0	1.6052908453214627	3.362288597569823	0.0	mel2_rep2	mel2
7x22	7.0	22.0	2709	1748	3.4328090050331683	-0.19603891056710243	-0.48430390742232865	-0.4523913489625078	-0.10147445064071141	-0.3679749794669241	-0.2827776831260786	-0.28206154788497495	2.7578301077558716	0.0	0.0	0.0	2.7578301077558716	0.0	mel2_rep2	mel2
7x23	7.0	23.0	2251	1516	3.35237549500052	0.417852100761307	-0.48430390742232865	-0.4523913489625078	-0.9690917698624376	-1.0196191869266893	-0.33235094230720547	0.43653938559385547	2.932253460237543	0.0	1.6942330043874383	0.0	3.3198000375482213	0.0	mel2_rep2	mel2
7x24	7.0	24.0	2143	1452	3.3310221710418286	-0.12962959158823856	0.03318249579460746	-0.4523913489625078	0.15599303122195657	-0.5308261401014908	0.044950144947866234	0.5775945421642502	1.734546155580242	0.0	0.0	0.0	2.335314702964585	0.0	mel2_rep2	mel2
7x25	7.0	25.0	2235	1467	3.3492775274679554	0.3369039026919982	-0.20397229380568743	-0.4523913489625078	0.09234260637528971	-0.34231176125062057	0.13738431914924745	-0.28206154788497495	0.0	0.0	1.7000594688291029	0.0	2.2974263958971277	0.0	mel2_rep2	mel2
7x26	7.0	26.0	1409	1044	3.1489109931093564	0.41910147632995787	-0.48430390742232865	-0.4523913489625078	-0.9690917698624376	-0.11181770710058729	-0.21025723446280556	0.571388080546187	0.0	0.0	0.0	0.0	2.0915222846976893	0.0	mel2_rep2	mel2
7x27	7.0	27.0	1273	980	3.1048284036536553	-0.32892421763972357	-0.48430390742232865	-0.4523913489625078	-0.3620681347350368	-0.6857714161859204	0.12248536835590428	-0.28206154788497495	2.8160623434147	0.0	0.0	0.0	0.0	0.0	mel2_rep2	mel2
8x14	8.0	14.0	2423	1401	3.384353414137506	-0.593183838524868	0.7355016374138104	2.2388141820779093	-0.43346772862593447	-0.3398049678618827	-0.22930149681274498	0.3943970869150704	1.6345431513971511	0.0	0.0	0.0	2.225080775957005	0.0	mel2_rep2	mel2
8x15	8.0	15.0	4129	2215	3.6158448828747023	-0.5777447138034482	0.8285165341117089	0.6314374460554559	0.017505004165395213	-0.009573647576479938	-0.12031226429516419	-0.28206154788497495	1.2301941758797177	0.0	0.0	1.2301941758797177	1.7653791896860884	0.0	mel2_rep2	mel2
8x16	8.0	16.0	3713	1814	3.569724949226159	-0.4531394180497767	1.0374684280922577	0.6001840461090058	-0.16028339117886894	-0.7542022927781149	0.167044108328608	-0.28206154788497495	1.306504112822774	0.0	0.0	0.0	2.206043344454953	0.0	mel2_rep2	mel2
8x17	8.0	17.0	4390	2138	3.6424645202421213	-0.27810870478171335	0.618544809026158	1.2828805197472704	-0.011419181197817343	-0.30701407387129837	0.08039229712112238	-0.28206154788497495	0.0	0.0	0.0	0.0	2.058436597357095	0.0	mel2_rep2	mel2
8x18	8.0	18.0	3504	1940	3.544564097496043	0.05428390614071702	0.6170438260996214	0.9377522381482802	0.08039338981746659	0.4751320598431314	0.0906475644904392	0.9448740682692675	1.9032654463573764	0.0	0.0	0.0	2.2577596616139815	0.0	mel2_rep2	mel2
8x19	8.0	19.0	3222	1944	3.5081255360831993	0.7541533626200895	0.35468063080009304	0.41441166846624405	0.8323023133647238	0.29917754441624694	0.03437384448519941	-0.28206154788497495	2.3332100223141023	0.0	0.0	1.4118798241566037	2.804469559945852	0.0	mel2_rep2	mel2
8x20	8.0	20.0	3358	1928	3.5260806918020298	-0.1071484929824849	0.09683153134831317	-0.4523913489625078	0.509551222656415	1.263394362420346	-0.13408835807456387	-0.28206154788497495	1.380769897648095	0.0	0.0	0.0	2.5581456719509754	0.0	mel2_rep2	mel2
8x21	8.0	21.0	3134	1882	3.496098992132571	0.0641839205562478	-0.3640751892831495	-0.4523913489625078	-0.21045017314751407	0.5773799789942055	0.01540363287366185	-0.28206154788497495	1.9989932529393808	0.0	0.0	0.0	2.3582498015825166	0.0	mel2_rep2	mel2
8x22	8.0	22.0	2650	1691	3.423245873936808	-0.37002184512131947	-0.48430390742232865	-0.4523913489625078	-0.05205619893614861	-0.22804654102611424	-0.19064410286077973	-0.28206154788497495	2.145600211930912	0.0	0.0	1.5630975751753982	2.5112852157243095	0.0	mel2_rep2	mel2
8x23	8.0	23.0	1713	1201	3.2337573629655103	-0.183677085605265	-0.48430390742232865	-0.4523913489625078	-0.7003910537913416	-0.36642541772351517	0.09780055409250908	0.3209367643875878	1.9224531167457548	0.0	0.0	0.0	2.539664940169652	0.0	mel2_rep2	mel2
8x24	8.0	24.0	1791	1209	3.2530955858490316	0.025085581945269036	0.12175709874888896	-0.4523913489625078	-0.2035640035896733	-1.0196191869266893	-0.3757804904542057	-0.28206154788497495	0.0	0.0	0.0	0.0	2.4987229174362096	0.0	mel2_rep2	mel2
8x25	8.0	25.0	2146	1449	3.3316297176299323	0.4603379298247763	-0.3388613637447259	-0.4523913489625078	0.09775177826348054	-0.39620054769524	0.06247935197271708	1.1031891043386588	2.33405124906741	0.0	0.0	0.0	0.0	0.0	mel2_rep2	mel2
8x26	8.0	26.0	2038	1396	3.3092041796704077	-0.4037335123164601	-0.48430390742232865	-0.4523913489625078	0.10093603277881967	-0.06915801487595317	-0.014520485524424497	-0.28206154788497495	2.380799301265052	0.0	0.0	0.0	0.0	0.0	mel2_rep2	mel2
8x27	8.0	27.0	1400	979	3.146128035678238	-0.06617146544538703	-0.48430390742232865	0.18154907481960078	0.011237975556931084	0.1229758422334886	0.24315624483748896	-0.28206154788497495	3.1103356562929947	0.0	0.0	0.0	2.097141118779237	0.0	mel2_rep2	mel2
8x28	8.0	28.0	1147	847	3.0595634179012676	-0.1336746414006636	-0.2934994584267833	-0.4523913489625078	-0.46871604010211493	-0.6715381215330355	-0.7235353889609476	1.5352333146426025	2.274020565260253	0.0	0.0	0.0	0.0	0.0	mel2_rep2	mel2
8x29	8.0	29.0	1149	826	3.060320028688285	-0.1599049129683094	-0.13123979570165295	0.23454519217571698	-0.22165628868451434	-0.6157618791289883	0.10684883236461991	-0.28206154788497495	2.9127006241839943	0.0	0.0	0.0	0.0	0.0	mel2_rep2	mel2
9x14	9.0	14.0	5370	2657	3.7299742856995555	-0.5107386261821537	0.28765414029098496	0.7497301135281496	-0.13861469226554027	1.0411348312269548	-0.24204440656928394	0.5583215585229464	2.6415814093346053	0.0	1.0515896490297312	0.0	1.8850360946966158	1.0515896490297312	mel2_rep2	mel2
9x15	9.0	15.0	3293	1834	3.517591730711908	-0.46013699178826134	0.4942919121510687	1.0938222295426991	0.7760044622232897	0.5424705006371098	0.3473983585890951	0.29544322723838384	0.0	0.0	0.0	0.0	2.5761919557278232	0.0	mel2_rep2	mel2
9x16	9.0	16.0	2861	1650	3.4565178578052627	-0.38422657173205393	0.32657953316424665	0.28552832324246386	0.02851394613238775	-0.06605804494554594	-0.4280747403564	0.36980765913675556	0.0	0.0	0.0	0.0	0.0	1.5030282622159763	mel2_rep2	mel2
9x17	9.0	17.0	2652	1419	3.4235735197327357	-0.601685044889725	0.3599887014788218	1.4295914943258687	0.43282033986071916	-0.780449364889047	-0.4417734227662573	-0.28206154788497495	0.0	0.0	1.5625012331197865	0.0	2.9883901522395453	0.0	mel2_rep2	mel2
9x18	9.0	18.0	3691	1928	3.5671440451956573	-0.786065829656642	0.431503528703911	2.768009912987724	-0.04584029769733506	-0.4893312105117107	-0.14555491434830156	-0.28206154788497495	1.859197805135692	0.0	0.0	0.0	2.9939832510012985	0.0	mel2_rep2	mel2
9x19	9.0	19.0	3013	1877	3.478999131673357	-0.34598247588043907	0.5931168776063074	-0.4523913489625078	0.2029421989641874	0.9387994676015717	-0.3112121642063084	-0.28206154788497495	1.463012597646456	0.0	0.0	0.0	2.033123013497105	1.463012597646456	mel2_rep2	mel2
9x20	9.0	20.0	2838	1725	3.4530123911214554	-0.025047281016760865	-0.26773097852595273	-0.0068024702308733045	0.39641713540932416	1.281129764359968	-0.4927448601226115	-0.28206154788497495	1.5093099441517355	0.0	0.0	0.0	2.7143259804110995	0.0	mel2_rep2	mel2
9x21	9.0	21.0	3636	2058	3.56062387454993	-0.4274581959551121	-0.20107225372255963	-0.4523913489625078	0.9614480409912967	0.37556552149448025	-0.1995815255125734	0.2649798443215724	1.8718867971681956	0.0	1.3218291779604243	0.0	2.484998321420278	0.0	mel2_rep2	mel2
9x22	9.0	22.0	2371	1539	3.3749315539781883	-0.10606989251194926	-0.3858666743001804	0.062463773751577904	-0.2999503067508394	0.21555746695149922	-0.38929821334767817	-0.28206154788497495	0.0	0.0	0.0	0.0	2.244453670146499	0.0	mel2_rep2	mel2
9x23	9.0	23.0	1337	990	3.1261314072619846	0.17900210853304221	-0.24675610910070322	-0.4523913489625078	-0.6703139680584612	-0.7136264123297275	-0.3636631522072182	-0.28206154788497495	3.1543712099122283	0.0	0.0	0.0	3.43132968456007	0.0	mel2_rep2	mel2
9x24	9.0	24.0	2016	1388	3.3044905277734875	-0.13267620848247874	-0.03645952745551447	0.07462517996875656	0.10728748909719732	0.32203943494707893	-0.3919910788802776	0.2778619144576788	2.7651204276322554	0.0	0.0	0.0	0.0	0.0	mel2_rep2	mel2
9x25	9.0	25.0	2244	1476	3.3510228525841237	0.29127394995894423	0.1596308625007827	-0.4523913489625078	-0.40165378038181476	-0.670409603643595	0.2047329587793537	-0.28206154788497495	3.471789290900967	0.0	0.0	0.0	2.2938123216648676	0.0	mel2_rep2	mel2
9x26	9.0	26.0	1735	1242	3.2392994791268923	0.8000318948670481	-0.3239114448888427	-0.4523913489625078	-0.9690917698624376	-0.4533868628534403	0.45723983339734803	-0.28206154788497495	0.0	0.0	0.0	0.0	1.9115684159041644	0.0	mel2_rep2	mel2
9x27	9.0	27.0	1771	1212	3.248218561190075	0.2746862714708722	-0.12451792250499907	0.12017054128848817	-0.7066659842318848	-1.0196191869266893	-0.2144255017279108	-0.28206154788497495	2.8870095652208043	0.0	0.0	0.0	1.8940945206296471	0.0	mel2_rep2	mel2
9x28	9.0	28.0	2278	1567	3.3575537197430814	-0.050145110867098844	-0.3429629573660628	0.04492164490967262	-0.7336481297495036	-0.03063054348823561	-0.12966492830808016	-0.28206154788497495	1.6845111779803141	0.0	0.0	0.0	1.6845111779803141	0.0	mel2_rep2	mel2
9x29	9.0	29.0	1747	1167	3.2422929049829308	0.04608538333758797	-0.07596524711341104	-0.4523913489625078	-0.7050583480707591	0.004953849992079817	-0.2648263642770541	0.31568129529738953	1.9056978576898294	0.0	0.0	0.0	2.521575785834931	0.0	mel2_rep2	mel2
9x30	9.0	30.0	1108	829	3.044539760392411	0.2408205378283437	-0.20698635207077914	-0.4523913489625078	0.10845464815838232	-0.6667794623199268	-0.32974553898581754	-0.28206154788497495	0.0	0.0	0.0	0.0	2.305108981119461	0.0	mel2_rep2	mel2
9x31	9.0	31.0	1562	1100	3.1936810295412816	0.04101858895918845	-0.31634407871016806	-0.4523913489625078	-0.6778932634587288	-0.31177608169131554	-0.0918224058131477	-0.28206154788497495	2.0017568072427903	0.0	0.0	0.0	2.0017568072427903	0.0	mel2_rep2	mel2
10x15	10.0	15.0	2398	1428	3.37984917876283	-0.4023380661455576	0.30389664504574426	0.22302161507285032	-0.6595256238614536	1.0057405744102643	0.0006492661292571725	-0.28206154788497495	2.6034616358926237	0.0	0.0	0.0	2.6034616358926237	0.0	mel2_rep2	mel2
10x16	10.0	16.0	1515	988	3.180412632838324	-0.472962732020284	0.24842819798996096	0.7595091523299407	0.42941729283170077	-0.13760590994689217	-0.6255368632880743	-0.28206154788497495	0.0	0.0	0.0	0.0	0.0	0.0	mel2_rep2	mel2
10x17	10.0	17.0	2583	1475	3.412124406173317	-0.5992194834544882	0.8202517583312934	0.8684442037793716	0.07256177993662827	-0.5734203048210009	-0.30111202531433107	-0.28206154788497495	2.5348391658523055	0.0	0.0	0.0	2.802503598482714	0.0	mel2_rep2	mel2
10x18	10.0	18.0	3099	1663	3.491221576239283	-0.47543073161943705	1.4544325582313615	1.7008900854945603	0.11408415580170635	0.011349557632435411	-0.38337387526971994	-0.28206154788497495	0.0	0.0	0.0	0.0	2.0087098477418057	0.0	mel2_rep2	mel2
10x19	10.0	19.0	1945	1265	3.2889196056617265	-0.04202345019050581	0.14457089833909287	-0.4523913489625078	-0.46392832321092087	0.7655206291824181	0.172151833198232	-0.28206154788497495	0.0	0.0	0.0	0.0	2.4232773460697876	0.0	mel2_rep2	mel2
10x20	10.0	20.0	3093	1866	3.490379920003179	-0.2777977919938953	0.14677535286031446	-0.4523913489625078	0.6745007239700891	0.9546513949880827	-0.41919577355938453	-0.28206154788497495	2.010388047598825	0.0	0.0	0.0	3.2908189687500218	0.0	mel2_rep2	mel2
10x21	10.0	21.0	3182	1867	3.502700175310563	0.18036770773085886	0.6372380152009031	-0.4523913489625078	0.09936055580896681	1.7366778026029837	0.16773814666407635	0.1637579211689481	1.9858661855509583	0.0	0.0	1.421342332714933	2.6079138118381273	0.0	mel2_rep2	mel2
10x22	10.0	22.0	1942	1324	3.288249225571986	-0.05648789645759053	0.5795172417797118	-0.4523913489625078	0.11502289977252587	-0.39663317269482284	-0.3227794741778586	-0.28206154788497495	1.8163432282556675	0.0	0.0	0.0	0.0	0.0	mel2_rep2	mel2
10x23	10.0	23.0	1973	1391	3.295127085252191	-0.3854330720226147	-0.28206819082673384	-0.4523913489625078	0.009873479014097361	-0.6854273432906067	-0.4951341036759271	-0.28206154788497495	0.0	0.0	0.0	0.0	1.8030988876942282	0.0	mel2_rep2	mel2
10x24	10.0	24.0	2652	1753	3.4235735197327357	0.6877424335631561	-0.391202046300062	-0.4523913489625078	-0.005704505144859627	-0.7817442747799749	0.242746012350522	-0.28206154788497495	2.9883901522395453	0.0	0.0	0.0	1.5625012331197865	0.0	mel2_rep2	mel2
10x25	10.0	25.0	1689	1214	3.227629649571009	0.16914134654159835	-0.3690357555332823	-0.4523913489625078	-0.6123060205325531	0.07194604176478903	-0.6231154731036286	-0.28206154788497495	2.9318329796834717	0.0	0.0	0.0	0.0	0.0	mel2_rep2	mel2
10x26	10.0	26.0	1965	1346	3.2933625547114453	-0.2366019698496747	-0.48430390742232865	0.08093409922877265	-0.9690917698624376	-0.6720253538693809	-0.2974283483666939	-0.28206154788497495	1.806493476039112	0.0	0.0	0.0	1.806493476039112	0.0	mel2_rep2	mel2
10x27	10.0	27.0	1461	1048	3.1646502159342966	-0.3283899295990078	-0.3114714749267735	-0.4523913489625078	-0.20182741020224665	-1.0196191869266893	-0.2968409616615114	0.36402615126512206	3.345632093581579	0.0	0.0	0.0	2.059828834746	0.0	mel2_rep2	mel2
10x28	10.0	28.0	1949	1347	3.2898118391176214	0.19803182910471914	-0.03290291269559983	0.0829527710334626	-0.11109266464809421	-1.0196191869266893	0.5892482458350566	-0.28206154788497495	0.0	0.0	0.0	0.0	0.0	0.0	mel2_rep2	mel2
10x29	10.0	29.0	1938	1357	3.2873537727147464	-0.3595833071832153	-0.11952211200415859	-0.4523913489625078	-0.9690917698624376	-1.0196191869266893	0.21195322471611042	-0.28206154788497495	2.802140009950101	0.0	0.0	0.0	2.426563779520568	0.0	mel2_rep2	mel2
10x30	10.0	30.0	1557	1163	3.1922886125681202	0.1533070985362224	-0.48430390742232865	-0.4523913489625078	-0.4111925119500461	-1.0196191869266893	0.1988777337564878	-0.28206154788497495	2.004530421141443	0.0	0.0	0.0	0.0	0.0	mel2_rep2	mel2
10x31	10.0	31.0	1960	1336	3.292256071356476	0.43899642443104925	-0.48430390742232865	-0.4523913489625078	-0.46571722763560974	-0.4092483048473518	-0.3256530099641716	0.2852327975692673	2.416278143398904	0.0	0.0	0.0	2.791540647655648	0.0	mel2_rep2	mel2
10x32	10.0	32.0	1017	766	3.0073209529227447	-0.15335485951596106	0.020000417864247125	-0.4523913489625078	0.1582552990654485	-0.6892648371990866	-0.3021004299767471	-0.28206154788497495	2.382582417291505	0.0	0.0	0.0	0.0	0.0	mel2_rep2	mel2
11x15	11.0	15.0	2302	1456	3.362105319293773	-0.6114490938349268	-0.09235644383390475	0.04240405702533619	-0.40448915637073035	1.8526376369901927	-0.4123602608400068	-0.28206154788497495	1.6759835404864856	0.0	0.0	0.0	2.270898050243479	0.0	mel2_rep2	mel2
11x16	11.0	16.0	2140	1252	3.330413773349191	-0.3806630560289325	0.4055426403670906	0.08853518677379307	0.02459885743633583	0.19343739743818786	-0.36122834147581284	-0.28206154788497495	1.7356999565975921	0.0	1.7356999565975921	0.0	2.709295531275606	0.0	mel2_rep2	mel2
11x17	11.0	17.0	2847	1647	3.454387467146955	-0.36618040851710876	0.47341294753497437	1.1473685020283575	-0.06093902190390236	-0.3824209444350841	-0.22500063177670235	-0.28206154788497495	0.0	0.0	0.0	0.0	2.7113698226283454	0.0	mel2_rep2	mel2
11x18	11.0	18.0	3197	1841	3.504742636271688	-0.18161826767450479	0.9018588366393454	0.5745388161319519	-0.21126996009486887	0.3257308036672137	-0.3302989797349097	0.162639509472231	2.340246640316114	0.0	0.0	1.417776660956988	1.9818100898884288	0.0	mel2_rep2	mel2
11x19	11.0	19.0	3014	1823	3.479143247978613	-0.20276145446073512	0.42754146561218886	-0.4523913489625078	0.06909327088588313	0.5285092228462859	-0.41456999164588715	-0.28206154788497495	2.8672879294094966	0.0	0.0	0.0	2.8672879294094966	0.0	mel2_rep2	mel2
11x20	11.0	20.0	2495	1616	3.397070549959409	-0.30615498539975466	-0.07410517864677385	-0.4523913489625078	-0.38712251550315874	1.100079710431786	-0.06123971475949925	-0.28206154788497495	1.6110398350834336	0.0	1.6110398350834336	0.0	3.0464291977634224	0.0	mel2_rep2	mel2
11x21	11.0	21.0	3472	2020	3.540579716504454	1.017176792011335	0.14040690069116704	-0.4523913489625078	0.27372843878134095	1.2346432795296642	-0.27809880696979056	0.5088412952359287	1.3558826607018672	0.0	0.0	0.0	1.3558826607018672	0.0	mel2_rep2	mel2
11x22	11.0	22.0	2335	1622	3.368286884902131	0.02202873753864977	-0.09910241912719518	-0.4523913489625078	-0.49432811598434545	-0.7888396305318394	-0.1059915276915327	-0.28206154788497495	2.2581430636832214	0.0	0.0	0.0	1.6644288588604592	0.0	mel2_rep2	mel2
11x23	11.0	23.0	2254	1493	3.3529539117100877	-0.014819989086968058	-0.2635747322601444	-0.4523913489625078	-0.40274050215055696	-0.0023684101469913974	-0.5113319974597982	-0.28206154788497495	1.6931459986858783	0.0	0.0	0.0	2.289815352117924	0.0	mel2_rep2	mel2
11x24	11.0	24.0	3311	2013	3.5199591807520685	0.4589116494663319	-0.48430390742232865	-0.4523913489625078	-0.581855025704637	-0.25782203050682706	0.4457060337236523	0.2937472315030231	1.951675093605276	0.0	0.0	0.0	1.3913405024997727	0.0	mel2_rep2	mel2
11x25	11.0	25.0	2302	1520	3.362105319293773	0.2979840755057646	-0.48430390742232865	0.05423822707971684	-0.19346946917687485	-0.5473290154903286	0.4779667147726761	0.24362890329266987	3.123256300957803	0.0	0.0	0.0	2.641350837516631	0.0	mel2_rep2	mel2
11x26	11.0	26.0	2132	1436	3.3287872003545345	0.227809954570458	-0.33840895569848245	-0.4523913489625078	-0.23221048888196227	-0.513817224487506	0.3245185932133757	0.4375382126130689	2.3399640187322652	0.0	0.0	0.0	2.3399640187322652	0.0	mel2_rep2	mel2
11x27	11.0	27.0	2329	1531	3.367169488534681	-0.29131442384102263	-0.18165642842649854	-0.4523913489625078	-0.9690917698624376	-0.6960476624989202	0.6718541880592954	0.5438778215634599	3.4357861643414984	0.0	1.6665152199842117	0.0	2.900033439444185	0.0	mel2_rep2	mel2
11x28	11.0	28.0	2561	1672	3.40840957846843	0.04773189071900058	-0.29026807515201636	-0.4523913489625078	-0.09153635064036478	-0.7762097122741372	0.05410918530923572	-0.28206154788497495	1.5901989684877278	0.0	0.0	0.0	0.0	0.0	mel2_rep2	mel2
11x29	11.0	29.0	2920	1878	3.4653828514484184	0.6666905175944734	-0.16374364499480581	-0.4523913489625078	-0.39563562372568256	-0.8134140903425936	-0.1349995820070244	0.36421354507109566	1.4871928820742655	0.0	1.4871928820742655	0.0	0.0	1.4871928820742655	mel2_rep2	mel2
11x30	11.0	30.0	2356	1534	3.372175286115064	0.7088832856068474	-0.48430390742232865	-0.4523913489625078	-0.1017656813949014	-0.38883093334473334	-0.35075138966045727	-0.28206154788497495	2.2501294756181114	0.0	0.0	0.0	0.0	0.0	mel2_rep2	mel2
11x31	11.0	31.0	2158	1422	3.334051440346892	-0.34304220968385085	0.13047515107748164	-0.4523913489625078	0.525780219866767	0.18292563310574925	0.06982402464864843	-0.28206154788497495	2.97224259794176	0.0	0.0	0.0	3.3604976636736468	0.0	mel2_rep2	mel2
11x32	11.0	32.0	1583	1047	3.199480914862356	-0.20284913984024305	-0.32863270218988194	-0.4523913489625078	-0.03511982450911517	-0.6197146737082627	0.39485226933053386	-0.28206154788497495	0.0	0.0	0.0	0.0	2.612584186877958	0.0	mel2_rep2	mel2
11x33	11.0	33.0	1547	1084	3.1894903136993675	0.3070139822639915	-0.3156433541026964	-0.4523913489625078	-0.24177469515965136	0.07579172249414752	0.26163898277496583	-0.28206154788497495	0.0	0.0	0.0	0.0	2.633919024131167	0.0	mel2_rep2	mel2
12x15	12.0	15.0	2059	1192	3.3136563466180315	-0.46210373312253356	0.11095572821943481	1.3329258983895038	-0.39346601392367	1.351642542061547	-0.14392228733336287	0.44945911354091433	1.767590841075803	0.0	0.0	0.0	1.767590841075803	0.0	mel2_rep2	mel2
12x16	12.0	16.0	3070	1521	3.4871383754771865	-0.786065829656642	-0.07709283948313085	1.6297425779224317	-0.30707984722362613	-0.5035362834056095	0.13253134935904456	-0.28206154788497495	0.0	0.0	0.0	0.0	2.0168555105865567	0.0	mel2_rep2	mel2
12x17	12.0	17.0	3385	1735	3.529558673021163	-0.6428306934903508	0.9260717798084032	1.9830747728546256	-0.1038816319022851	-0.6711798657079314	-0.3216702631126299	0.14915338120766433	1.9327408848136112	0.0	0.0	0.0	1.9327408848136112	0.0	mel2_rep2	mel2
12x18	12.0	18.0	2773	1593	3.4429498695778618	-0.3354986716233362	1.0639010695972855	1.293069992997252	0.12002900731286552	-0.2125330059969501	0.13276523138150698	0.19702525345052027	1.5274038014269988	0.0	0.0	0.0	0.0	0.0	mel2_rep2	mel2
12x19	12.0	19.0	2622	1634	3.4186326873540653	-0.5317697631948178	0.39482948479802293	0.8352443958086297	0.3796595661118173	0.15675918839382638	-0.3607008568868953	-0.28206154788497495	0.0	0.0	0.0	0.0	2.788433166553626	0.0	mel2_rep2	mel2
12x20	12.0	20.0	1401	1030	3.1464381352857744	-0.4643583271394243	0.0002619280511882	-0.4523913489625078	0.7359762956176163	0.5068150645190868	-0.2310302758155172	-0.28206154788497495	2.0965148034967127	0.0	2.0965148034967127	0.0	3.1096534721859865	0.0	mel2_rep2	mel2
12x21	12.0	21.0	2981	1748	3.4743619760326307	-0.545054199552205	0.07929754930957993	-0.4523913489625078	1.0838898595935456	1.0904040363720908	-0.11310054437615204	-0.28206154788497495	1.4712279352149231	0.0	0.0	0.0	3.050574278907415	0.0	mel2_rep2	mel2
12x22	12.0	22.0	2792	1845	3.4459154139511234	0.11322651458679231	-0.30119132648615543	-0.4523913489625078	-0.9690917698624376	-0.5106189268372576	0.08468482992227586	-0.28206154788497495	1.5220617906315272	0.0	0.0	0.0	0.0	1.5220617906315272	mel2_rep2	mel2
12x23	12.0	23.0	2526	1644	3.402433346219312	0.5737823255523228	0.049978728229852686	-0.4523913489625078	-0.2092214723503967	-0.7758574307131424	0.47290093203697325	-0.28206154788497495	2.8234786296562104	0.0	0.0	0.0	1.6011694601749218	0.0	mel2_rep2	mel2
12x24	12.0	24.0	2389	1595	3.378216149749878	-0.0027059662974431545	-0.34619981264747923	-0.4523913489625078	-0.13724021277706172	-0.6581562295268676	-0.2148677839041512	0.3991112572706777	1.6459341137899293	0.0	0.0	0.0	1.6459341137899293	0.0	mel2_rep2	mel2
12x25	12.0	25.0	2094	1399	3.3209766773428235	0.47547411965825226	-0.48430390742232865	-0.4523913489625078	-0.46888332172551966	-0.054426682611606846	0.3674338461314686	-0.28206154788497495	2.729592984328823	0.0	0.0	1.753633349402676	2.356229966001738	0.0	mel2_rep2	mel2
12x26	12.0	26.0	2867	1824	3.4574276929464847	0.4351240776119991	-0.48430390742232865	-0.4523913489625078	-0.6788699399574162	-0.2733243278620195	0.8309593974990793	-0.28206154788497495	2.076428636315725	0.0	0.0	0.0	0.0	0.0	mel2_rep2	mel2
12x27	12.0	27.0	1861	1312	3.269746373130767	0.516683619623742	-0.3739437755945633	-0.4523913489625078	-0.7102184560653818	0.06778656041803505	0.028735691803591232	0.29888283363549467	2.463590249696141	0.0	0.0	0.0	0.0	0.0	mel2_rep2	mel2
12x28	12.0	28.0	2977	1862	3.473778834646725	0.37092149831818394	-0.48430390742232865	-0.4523913489625078	0.06627718599026015	-0.37938026383951257	0.043101516626236104	-0.28206154788497495	1.4722624777214541	0.0	0.0	0.0	2.404894266739578	0.0	mel2_rep2	mel2
12x29	12.0	29.0	1863	1278	3.2702128548962426	0.4292518230205915	-0.48430390742232865	-0.4523913489625078	-0.9690917698624376	-1.0196191869266893	-0.6121434909276503	-0.28206154788497495	1.8512362210595148	0.0	0.0	0.0	0.0	1.8512362210595148	mel2_rep2	mel2
12x30	12.0	30.0	1619	1136	3.2092468487533736	-0.2748919367673661	0.09262002438758833	0.12945154984263324	0.04324388477723692	-0.4179073344187794	-0.1714472388829313	-0.28206154788497495	1.9708330145052269	0.0	0.0	0.0	0.0	0.0	mel2_rep2	mel2
12x31	12.0	31.0	3187	1908	3.5033820634737327	-0.16356000921661867	0.21125174912375724	-0.4523913489625078	0.5853669358122875	0.030250803798397938	-0.0909566686430371	0.16338439112257513	1.984511741357644	0.0	0.0	0.0	2.9870185483567155	0.0	mel2_rep2	mel2
12x32	12.0	32.0	1151	858	3.0610753236297916	-0.29939850156673775	-0.48430390742232865	0.2553283295794428	-0.11862607801505606	-0.7047503105170807	-0.32182295082085566	-0.28206154788497495	2.9110560559586918	0.0	0.0	0.0	0.0	0.0	mel2_rep2	mel2
12x33	12.0	33.0	1850	1224	3.2671717284030137	0.36054302370770547	-0.3736458201349174	-0.4523913489625078	0.5604787424076586	-0.7368881816114694	-0.30197910780311416	-0.28206154788497495	0.0	0.0	0.0	0.0	2.4690152824513656	0.0	mel2_rep2	mel2
13x15	13.0	15.0	1489	1047	3.1728946977521764	-0.5499362137187493	-0.15380082616921595	0.37953181319224677	-0.03533500794201973	1.778404500942404	-0.061575414902247244	-0.28206154788497495	0.0	0.0	0.0	0.0	3.0515335247937734	0.0	mel2_rep2	mel2
13x16	13.0	16.0	1921	1206	3.2835273648616936	-0.786065829656642	0.308512327627975	2.7662007624954	0.12639939986304713	0.00984542184812435	-0.16134048117826674	-0.28206154788497495	3.0829410109036743	0.0	0.0	0.0	1.825455666949445	0.0	mel2_rep2	mel2
13x17	13.0	17.0	2560	1395	3.4082399653118496	-0.41457470670962226	0.41630025089956846	1.7041889490411053	0.28634968034347025	-0.46778886746002984	-0.30864004486823254	0.21681916787108632	1.5905099025485816	0.0	0.0	1.5905099025485816	2.5430772826428685	1.5905099025485816	mel2_rep2	mel2
13x18	13.0	18.0	2324	1420	3.366236123718293	-0.786065829656642	0.2786663301627824	1.0643266018079724	0.6426639414154413	-0.3596343003408011	-0.40694408545559335	-0.28206154788497495	0.0	0.0	0.0	0.0	0.0	1.6682587417447567	mel2_rep2	mel2
13x19	13.0	19.0	1094	816	3.039017321997412	-0.786065829656642	-0.029287026788269947	0.24787787551845816	-0.1642642736021907	-0.27771747285763765	-1.0274624137555626	-0.28206154788497495	2.316563717633253	0.0	0.0	0.0	2.316563717633253	2.316563717633253	mel2_rep2	mel2
13x20	13.0	20.0	1483	1041	3.1711411510283822	-0.23561167240585254	0.34361373692792674	-0.4523913489625078	-0.4733028053072262	0.3210155155216237	-0.7132102781590354	0.7323505566350335	0.0	0.0	0.0	0.0	0.0	0.0	mel2_rep2	mel2
13x21	13.0	21.0	3536	1984	3.5485122563410356	-0.2631617679497046	-0.11669931615978069	-0.4523913489625078	1.6201012018333625	1.301322476572891	-0.2281660499239786	0.13898320594775732	0.0	1.3423566580884705	0.0	0.0	2.7173581800290165	0.0	mel2_rep2	mel2
13x22	13.0	22.0	1764	1251	3.246498580795801	-0.008494356499863508	-0.48430390742232865	-0.4523913489625078	-0.4409922459235181	-1.0196191869266893	-0.8327680546371744	-0.28206154788497495	1.897460063107149	0.0	0.0	0.0	1.897460063107149	0.0	mel2_rep2	mel2
13x23	13.0	23.0	1943	1357	3.2884728005997825	0.21196825497601196	-0.48430390742232865	-0.4523913489625078	-0.6302599388706044	-0.48322645627574384	-0.21750324484581773	0.6179202394464186	2.799719894092241	0.0	0.0	0.0	2.4242150116584296	0.0	mel2_rep2	mel2
13x24	13.0	24.0	2316	1546	3.3647385550553985	0.15596532994080864	-0.28923113919572746	-0.4523913489625078	0.19298124925165366	-0.17337416513132134	0.07506879707616529	0.24208385059307785	2.265462350272533	0.0	0.0	0.0	1.671057670351505	1.671057670351505	mel2_rep2	mel2
13x25	13.0	25.0	2244	1520	3.3510228525841237	0.020442575851609752	-0.2957479452014871	-0.4523913489625078	-0.40165378038181476	-0.5246314954738046	0.44307324792864816	-0.28206154788497495	2.9352023442237782	0.0	0.0	0.0	2.6650719917609047	0.0	mel2_rep2	mel2
13x26	13.0	26.0	1911	1337	3.281260687055013	0.2787492233538239	-0.18665331765029142	-0.4523913489625078	-0.24139670919154463	-0.7395288650101968	0.29489975844363814	-0.28206154788497495	2.4393621285674074	0.0	0.0	0.0	0.0	0.0	mel2_rep2	mel2
13x27	13.0	27.0	2273	1487	3.356599435724971	0.6768727482007691	-0.34281276484888146	0.057357125682773256	-0.41646277439181506	-0.7628969922840388	0.5011427161108526	-0.28206154788497495	2.6531304224751575	0.0	0.0	1.6863011827449652	0.0	0.0	mel2_rep2	mel2
13x28	13.0	28.0	2403	1627	3.3807537708039	-0.11315348821792798	-0.34659532065800697	-0.4523913489625078	0.20142202321069874	-0.44883222316535853	-0.13956266400920517	-0.28206154788497495	1.6412204220788607	0.0	0.0	1.6412204220788607	2.2324769217104605	0.0	mel2_rep2	mel2
13x29	13.0	29.0	2039	1343	3.30941722577814	0.103135224879405	-0.07729005322412881	0.08437885602447107	-0.3746302140582395	-0.0579561455688233	0.44281365009438267	1.1549517815800479	3.2395339458796553	1.7756918883605712	0.0	0.0	3.0261382672638724	0.0	mel2_rep2	mel2
13x30	13.0	30.0	2262	1436	3.3544926005894364	1.0860503242033133	0.319973502599734	-0.4523913489625078	1.1166443148330214	-0.4352471914114284	0.33373701121898147	0.4174538140237896	1.6902556716465675	0.0	0.0	0.0	2.9276389594508068	0.0	mel2_rep2	mel2
13x31	13.0	31.0	2370	1462	3.374748346010104	-0.05767865073188064	0.41541112381649253	0.03543690638871951	-0.05229105203323133	-0.12895550682741175	-0.4912603542589867	-0.28206154788497495	2.614342112791113	0.0	1.6523842312573567	0.0	3.0954439531443563	0.0	mel2_rep2	mel2
13x32	13.0	32.0	1238	869	3.0927206446840994	-0.00605753143885167	-0.48430390742232865	-0.4523913489625078	0.4711004208124803	-0.398026318521348	0.2571144479835717	0.4098127599098055	0.0	0.0	0.0	0.0	2.8422948557192496	0.0	mel2_rep2	mel2
13x33	13.0	33.0	1086	786	3.035829825252828	0.5288158115675263	-0.1309996074109082	-0.4523913489625078	-0.3064246404634445	-0.6870675326435656	1.0513423034426161	-0.28206154788497495	2.3231818294858693	0.0	0.0	0.0	2.3231818294858693	0.0	mel2_rep2	mel2
14x16	14.0	16.0	2004	1260	3.301897717195208	-0.5748281891509862	-0.3030089760447453	0.6339712875343662	-0.47087407312121293	1.727435753557691	0.1969969480929759	-0.28206154788497495	0.0	0.0	1.7900947443555022	0.0	2.770715711765259	0.0	mel2_rep2	mel2
14x17	14.0	17.0	1948	1122	3.2895889525425965	-0.5720355215458581	0.7113597643733012	1.5673771563368917	0.011243356812740166	-0.508503576924641	-0.7110098209222758	-0.28206154788497495	0.0	0.0	1.8137606951335201	0.0	2.797306375834799	0.0	mel2_rep2	mel2
14x18	14.0	18.0	2720	1544	3.4345689040341987	-0.3748757965564671	1.0871935741140573	0.0030090214925278178	-0.6214349324783063	-0.35780838371900564	-0.3344951811147739	-0.28206154788497495	2.1226137135450447	0.0	0.0	0.0	2.7540353143440335	0.0	mel2_rep2	mel2
14x19	14.0	19.0	1369	931	3.13640344813399	-0.5362746326229657	2.000279460051357	0.17254782405034236	-0.4990327257191846	0.18701916005970462	-0.5623260011438238	-0.28206154788497495	2.7478607273580145	0.0	0.0	0.0	3.624954331368632	0.0	mel2_rep2	mel2
14x20	14.0	20.0	1818	1077	3.2595938788859486	-0.23392099887608797	0.04923534147142767	0.32205214180727165	0.2199987243276503	-0.40711340500999976	-0.3392641569255184	-0.28206154788497495	0.0	0.0	0.0	0.0	0.0	0.0	mel2_rep2	mel2
14x21	14.0	21.0	2537	1556	3.404320467221731	-0.31853117031357236	-0.35415945844161495	0.019293238888901575	1.7810415452468162	2.04178749506285	-0.17970121740457556	-0.28206154788497495	2.551395622701103	0.0	0.0	0.0	0.0	0.0	mel2_rep2	mel2
14x22	14.0	22.0	2604	1700	3.4156409798961542	0.9207061935844754	-0.48430390742232865	-0.4523913489625078	-0.7396882796596118	-0.4916194279016571	0.07599287986600313	-0.28206154788497495	3.5712836129171435	0.0	0.0	0.0	0.0	0.0	mel2_rep2	mel2
14x23	14.0	23.0	2424	1617	3.3845326154942486	1.8969700767003792	-0.48430390742232865	-0.4523913489625078	-0.5049416250630372	-0.7930294521364704	-0.19056876934653078	-0.28206154788497495	2.2247127456554194	0.0	0.0	0.0	1.634211017639318	0.0	mel2_rep2	mel2
14x24	14.0	24.0	2005	1181	3.302114376956201	-0.06827468931362644	-0.11310189392069049	-0.4523913489625078	-0.2835448388229579	-0.7714731862775496	0.1785029652467794	-0.28206154788497495	2.395625639504522	0.0	0.0	0.0	2.395625639504522	0.0	mel2_rep2	mel2
14x25	14.0	25.0	1947	1337	3.2893659515200318	0.4592631136887677	-0.48430390742232865	-0.4523913489625078	-0.24288979486207207	-0.38914283429260105	0.6499754584900589	0.2869790100887388	2.422340729530659	0.0	0.0	0.0	2.422340729530659	0.0	mel2_rep2	mel2
14x26	14.0	26.0	2484	1591	3.3951515915045425	0.10077688057306057	-0.3880990648804134	-0.4523913489625078	-0.4549481081351608	-0.5486106077038725	0.4561475066160575	-0.28206154788497495	2.570877496348932	0.0	2.2029337810685963	1.6145776603373008	0.0	0.0	mel2_rep2	mel2
14x27	14.0	27.0	2319	1552	3.3653007486379876	0.8328416109312378	-0.38479631591423513	-0.4523913489625078	-0.504296871132196	-0.45003930658602026	-0.02859071270918233	-0.28206154788497495	0.0	0.0	0.0	0.0	2.9041000995078656	0.0	mel2_rep2	mel2
14x28	14.0	28.0	2697	1768	3.4308809464528913	-0.08676800016997603	-0.35431424912657455	0.015920863595431843	-0.03417419096781151	0.7508004604310785	-0.1364167500542708	0.35908830597633756	2.4951432864176915	0.0	1.5492257009300614	0.0	1.5492257009300614	0.0	mel2_rep2	mel2
14x29	14.0	29.0	2112	1379	3.3246939138617746	0.39308553723746226	-0.15031573664470688	-0.4523913489625078	0.08001616552409059	-0.7774516427841477	0.012077758548481289	0.5835493670395374	2.3484850817412446	0.0	0.0	0.0	2.992697369858837	0.0	mel2_rep2	mel2
14x30	14.0	30.0	1598	1123	3.2035767749779724	-0.2497458993205975	-0.48430390742232865	-0.4523913489625078	-0.33129531272094637	-1.0196191869266893	0.14086323151064153	-0.28206154788497495	1.982079822110166	0.0	0.0	0.0	2.9843409801065746	0.0	mel2_rep2	mel2
14x31	14.0	31.0	1879	1234	3.2739267801005254	-0.3553601349260849	-0.02168076665762395	-0.4523913489625078	-0.1136433910562904	-0.6792533134719666	-0.09555533113080808	-0.28206154788497495	2.831207765370104	0.0	0.0	0.0	2.4547875522388773	0.0	mel2_rep2	mel2
14x32	14.0	32.0	1259	904	3.1000257301078626	-0.17878001446447833	-0.14391891760746456	0.19440649577850272	-0.18260142210973648	-1.0196191869266893	-0.1715816275788473	-0.28206154788497495	2.1908500537587834	0.0	0.0	0.0	2.1908500537587834	0.0	mel2_rep2	mel2
14x33	14.0	33.0	1627	1081	3.2113875529368587	0.4495762889099888	-0.068049291903897	-0.4523913489625078	0.00297543970095416	-0.7469435108801622	0.1546748167683166	-0.28206154788497495	0.0	0.0	0.0	0.0	2.5872047058536505	0.0	mel2_rep2	mel2
15x16	15.0	16.0	2135	1375	3.329397879361043	-0.2723516497519977	0.8769622395133065	0.602130074578345	-0.5934177822533897	1.4971159653222468	-0.23195852308589265	-0.28206154788497495	2.3386934195035165	0.0	1.7376271924979767	0.0	2.3386934195035165	0.0	mel2_rep2	mel2
15x17	15.0	17.0	2167	1325	3.335858911319818	-0.5824643322776046	0.638738255977105	2.881313891474589	0.5109476094522154	-0.42352998529166364	-0.03321432456525224	-0.28206154788497495	1.72538364625109	0.0	0.0	0.0	2.325260973920398	0.0	mel2_rep2	mel2
15x18	15.0	18.0	2205	1323	3.3434085938038574	-0.5135258764411107	0.08442376511436661	1.2799777637232341	0.2982211202589119	-0.7823659718873993	-0.12288580567958905	-0.28206154788497495	1.711118194946114	0.0	0.0	0.0	2.951811188536874	1.711118194946114	mel2_rep2	mel2
15x19	15.0	19.0	3272	1711	3.514813294999285	-0.5545605078115435	1.4414736395306456	-0.016005350344280668	-0.09137171220985363	-0.31051204027352014	-0.13520344937500953	-0.28206154788497495	2.5821043558286254	0.0	0.0	0.0	2.31931478370011	0.0	mel2_rep2	mel2
15x20	15.0	20.0	2228	1458	3.3479151865016914	0.09460735058843822	-0.48430390742232865	-0.4523913489625078	0.3042470714703024	1.767984307047896	0.09410850531864975	-0.28206154788497495	2.300248433352637	0.0	0.0	0.0	2.300248433352637	0.0	mel2_rep2	mel2
15x21	15.0	21.0	3534	2127	3.5482665451707454	0.8891112301926292	0.3014239468409556	-0.4523913489625078	0.4713959957315815	0.5300522440984169	0.2181798266068541	-0.28206154788497495	0.0	0.0	0.0	0.0	0.0	1.342774663912529	mel2_rep2	mel2
15x23	15.0	23.0	2755	1806	3.4401216031878037	-0.045429096133233794	-0.305405132536119	-0.4523913489625078	-0.4107446612255502	-0.27419099958551035	0.457263334683901	-0.28206154788497495	2.475638179578962	0.0	1.5325059089888968	1.5325059089888968	2.1113674588637275	0.0	mel2_rep2	mel2
15x24	15.0	24.0	2792	1779	3.4459154139511234	-0.12948891417310396	-0.3936116363078001	-0.4523913489625078	-0.37669649864847077	-0.801743788638272	0.02522353811595437	1.8186412015373037	2.099651412295481	0.0	0.0	0.0	0.0	0.0	mel2_rep2	mel2
15x25	15.0	25.0	3324	1994	3.5216610151120733	0.16600633504485918	-0.48430390742232865	-0.4523913489625078	-0.5826739685180501	-0.8070990903635664	1.2598850937651618	-0.28206154788497495	2.305108981119461	0.0	0.0	0.0	1.9483139963667078	0.0	mel2_rep2	mel2
15x26	15.0	26.0	1591	1153	3.2016701796465816	0.5157547644641362	-0.48430390742232865	-0.4523913489625078	-0.4163871266466413	-0.2383219874266215	-0.08221627248959153	-0.28206154788497495	1.9858661855509583	0.0	0.0	0.0	0.0	0.0	mel2_rep2	mel2
15x27	15.0	27.0	2676	1734	3.4274861090957853	-0.1532125765748457	-0.061051280975379166	-0.4523913489625078	-0.038174585620057995	-0.7828272987699992	-0.16460626563826897	-0.28206154788497495	1.5553872995626923	0.0	0.0	0.0	0.0	1.5553872995626923	mel2_rep2	mel2
15x28	15.0	28.0	1945	1337	3.2889196056617265	1.3002128917884388	-0.3320098720072751	-0.4523913489625078	0.34917380669978604	0.08423806853569453	-0.3446762550325403	0.28724886171147557	3.071097259227848	0.0	0.0	0.0	2.4232773460697876	0.0	mel2_rep2	mel2
15x29	15.0	29.0	2532	1617	3.4034637013453173	0.3375902807780117	-0.1784805661190482	-0.4523913489625078	-0.07672165275555962	0.012020450634661284	-0.04978757249648325	-0.28206154788497495	2.185927016750538	0.0	0.0	1.5992758688080155	2.82124722950691	0.0	mel2_rep2	mel2
15x30	15.0	30.0	2101	1368	3.3224260524059526	0.28673418318413685	-0.2538170327205323	-0.4523913489625078	-0.34543056899850516	-0.7516153128656674	0.18844759658032365	1.2778444841266865	1.7508746719530521	0.0	0.0	0.0	3.665536774789306	0.0	mel2_rep2	mel2
15x31	15.0	31.0	2190	1352	3.3404441148401185	-0.0597276541216624	0.25112641105985156	-0.4523913489625078	0.26290103303704854	-0.5188150260735452	0.5554746023595721	-0.28206154788497495	1.7167143996647707	0.0	0.0	0.0	2.6877543014823075	0.0	mel2_rep2	mel2
15x32	15.0	32.0	1306	902	3.115943176939055	-0.41118715653818594	-0.22464053393398656	-0.4523913489625078	-0.6551113081104406	-0.7203535225999399	-0.40390583006262587	-0.28206154788497495	3.176840741611792	0.0	0.0	0.0	2.15836452739886	0.0	mel2_rep2	mel2
15x33	15.0	33.0	1864	1243	3.2704459080179626	0.20355561899664684	-0.3290116442547605	-0.4523913489625078	-0.4539831204248846	-0.13154378781167206	0.2903216663696854	-0.28206154788497495	2.462116732362367	0.0	0.0	0.0	3.1117015528065073	0.0	mel2_rep2	mel2
16x16	16.0	16.0	1691	1135	3.2281436075977417	-0.5579059404977139	0.13255074879132597	0.34280133149447306	0.08796102041964275	1.767634958051884	-0.8844409015801049	-0.28206154788497495	0.0	0.0	0.0	0.0	0.0	0.0	mel2_rep2	mel2
16x17	16.0	17.0	3464	1797	3.539577883345309	-0.786065829656642	0.4425419251030862	0.5489897609034783	-0.47952982711919556	0.11836256755353546	0.15299580693558995	-0.28206154788497495	0.0	0.0	0.0	0.0	2.2680462434397084	1.357595466188316	mel2_rep2	mel2
16x18	16.0	18.0	1494	992	3.1743505974793798	-0.4714308313065948	0.3769846219500858	-0.4523913489625078	-0.6863998615130508	-0.3578556616066521	0.212701397331196	-0.28206154788497495	2.666316739708336	0.0	0.0	0.0	2.0403680733749243	0.0	mel2_rep2	mel2
16x19	16.0	19.0	3694	1915	3.5674968911042226	-0.4153376104944899	1.2528233692538486	0.3520162308706785	0.33093848395315373	-0.3738937826551118	-0.23177957728799886	-0.28206154788497495	1.310247898921823	0.0	0.0	0.0	3.426800747138484	1.8585119697555192	mel2_rep2	mel2
16x20	16.0	20.0	2469	1585	3.3925210899319325	-0.256673698008783	-0.28670102201418957	0.03714348651763213	-0.38313283203791737	1.609193209767186	-0.24544716877839995	-0.28206154788497495	1.6194323536514068	1.6194323536514068	1.6194323536514068	0.0	2.844961187652432	0.0	mel2_rep2	mel2
16x21	16.0	21.0	2821	1780	3.450403086155366	0.31978301646898594	-0.16384774075546582	-0.4523913489625078	0.22041126921326987	-0.12068646904677773	-0.49601842874963303	-0.28206154788497495	2.4539771224039897	0.0	0.0	0.0	2.0905897326634144	0.0	mel2_rep2	mel2
16x22	16.0	22.0	3073	1902	3.4875625602563782	0.44017891302078926	-0.3980308900255556	0.6335510033111832	-0.40799785353451723	-0.7991919453386993	-0.09688307374021755	-0.28206154788497495	2.016008819594679	0.0	0.0	0.0	0.0	0.0	mel2_rep2	mel2
16x23	16.0	23.0	2264	1515	3.354876422516234	0.2609242846604216	-0.26404548723665855	0.07414798805099981	-0.7350075993154366	-0.19551468234507427	-0.483740127975514	-0.28206154788497495	2.6568188972301305	0.0	0.0	0.0	2.926802499521078	0.0	mel2_rep2	mel2
16x24	16.0	24.0	2414	1572	3.3827372657613304	-0.07083573848481647	-0.48430390742232865	-0.4523913489625078	-0.1925332836720985	-0.5581624313163608	-0.09992994252164346	0.5295173254876673	2.2284006409544963	0.0	0.0	1.6375397453161211	0.0	0.0	mel2_rep2	mel2
16x25	16.0	25.0	2105	1443	3.323252100171687	0.08891356094809326	-0.48430390742232865	-0.4523913489625078	-0.3987947201517022	-0.42581283020458055	0.21491566235864729	1.1159027570386102	2.724696314111667	0.0	0.0	0.0	1.749303123255677	0.0	mel2_rep2	mel2
16x26	16.0	26.0	1522	1099	3.182414652434554	0.1925233233320016	-0.48430390742232865	0.15950982888823298	-0.6886353684499233	-0.6523180104002516	-0.3553555638721831	-0.28206154788497495	2.6490504083387063	0.0	0.0	0.0	2.024232991870697	0.0	mel2_rep2	mel2
16x27	16.0	27.0	1238	952	3.0927206446840994	-0.22397780446203727	-0.48430390742232865	-0.4523913489625078	-0.5718250399929684	-1.0196191869266893	0.4312821556552857	0.811153869819021	0.0	0.0	0.0	0.0	0.0	0.0	mel2_rep2	mel2
16x28	16.0	28.0	2150	1400	3.3324384599156054	-0.19104766605351556	-0.26153622491970085	1.6642021863069458	0.29603648837555546	0.8117905510564406	-0.14614132545272923	-0.28206154788497495	2.3323696543515733	0.0	0.0	0.0	3.3640829758171487	0.0	mel2_rep2	mel2
16x29	16.0	29.0	2842	1709	3.4536240735914507	-0.14418523663274885	-0.15445521412130742	-0.4523913489625078	0.46511551665837975	-0.5741160855994134	0.8406685110921857	0.9232343998140667	2.0840929169535065	0.0	0.0	0.0	2.7130109001557154	0.0	mel2_rep2	mel2
16x30	16.0	30.0	2690	1616	3.429752280002408	0.0208178654263745	0.13006921119443654	-0.4523913489625078	-0.6230605937445555	0.09236620975947579	0.7792111494497551	-0.28206154788497495	1.5512730881125487	0.0	0.0	0.0	2.1323831051780027	0.0	mel2_rep2	mel2
16x31	16.0	31.0	3169	1865	3.5009222391903005	0.2657233936322599	-0.36478374717977347	0.56951575791303	-0.3181355117654715	-0.19122134892632825	0.7135461505716333	0.1647325185883378	1.4244495020192993	0.0	0.0	0.0	2.3481996240718788	1.4244495020192993	mel2_rep2	mel2
16x32	16.0	32.0	1407	959	3.1482940974347455	-0.1332674958338128	-0.48430390742232865	-0.4523913489625078	-0.15785958590864393	0.29634099014760845	0.32821531070130494	-0.28206154788497495	2.7222581932128334	0.0	0.0	0.0	2.7222581932128334	0.0	mel2_rep2	mel2
16x33	16.0	33.0	1215	880	3.084576277934331	-0.033331403607984735	-0.48430390742232865	-0.4523913489625078	-0.6584524568035705	-1.0196191869266893	-0.1637064166620135	-0.28206154788497495	2.2225080911796598	0.0	0.0	0.0	2.8599644018617765	2.2225080911796598	mel2_rep2	mel2
17x16	17.0	16.0	1962	1292	3.29269900304393	-0.5727423746880665	-0.06927470299067345	0.6574630323407947	0.25618483787270907	1.331369099636006	-0.2630355737922963	-0.28206154788497495	1.807770597479194	0.0	0.0	0.0	2.4153493260323504	0.0	mel2_rep2	mel2
17x17	17.0	17.0	4780	2239	3.6794278966121188	-0.1370881403795239	1.6222918092191305	0.7264643254676935	-0.30919555799250703	0.10645967890431134	-0.5602229064428849	-0.28206154788497495	0.0	0.0	0.0	0.0	2.750109923045603	1.128834369016691	mel2_rep2	mel2
17x18	17.0	18.0	3514	1811	3.545801757159276	-0.786065829656642	0.48795398409974544	2.1276977722854844	-0.11453019453864692	0.05544605111256079	-0.24243365363340488	0.5046049318836204	2.72318831214722	0.0	0.0	1.3469711953650774	1.900840998680644	1.3469711953650774	mel2_rep2	mel2
17x19	17.0	19.0	2633	1538	3.4204508591060683	-0.28465636783296827	0.09724443306192398	1.445366700878611	-0.040468513849640377	0.9296792639275192	0.30690889037065894	0.3669361183413823	0.0	0.0	0.0	0.0	2.995219418937031	1.5681885573337282	mel2_rep2	mel2
17x20	17.0	20.0	2635	1726	3.4207806195485655	0.25370042281974536	-0.3908989768487077	-0.4523913489625078	-0.7499905101764306	0.9670254639986905	-0.09430899258601175	1.763297515774476	1.5675875588468318	0.0	0.0	0.0	2.1506141988945964	0.0	mel2_rep2	mel2
17x21	17.0	21.0	2827	1768	3.4513258084895195	0.14642658038576106	-0.48430390742232865	-0.4523913489625078	-0.00027371699006744396	-0.8099278648717368	-0.3869878267026961	-0.28206154788497495	1.5123362456062603	0.0	1.5123362456062603	0.0	2.717952666101177	0.0	mel2_rep2	mel2
17x22	17.0	22.0	5710	3053	3.756636108245848	0.6729671612220909	-0.20872733828759876	-0.4523913489625078	0.01670422546550037	0.11755239915639377	-0.1254757320777076	0.035387849979192997	2.2779406403648053	0.0	0.0	1.012078428599611	2.2779406403648053	0.0	mel2_rep2	mel2
17x23	17.0	23.0	2989	1835	3.4755259150392805	-0.16842145488187732	-0.48430390742232865	-0.4523913489625078	-0.30473979817857977	0.06162440133065169	-0.42408259984726365	0.1787576949331115	0.0	0.0	0.0	0.0	1.469163962123346	0.0	mel2_rep2	mel2
17x24	17.0	24.0	2669	1724	3.4263485737875077	0.03369645473540198	-0.3048038135770312	-0.4523913489625078	-0.45682856282562323	-0.5000560180992083	0.2573796854396855	0.20645088571479664	2.982323176752554	0.0	0.0	0.0	3.156163037088836	0.0	mel2_rep2	mel2
17x25	17.0	25.0	2967	1949	3.472317546316842	0.4340569759715317	-0.48430390742232865	-0.4523913489625078	0.09795252955936186	0.5841262225877719	0.15538507757622094	-0.28206154788497495	1.4748563272580626	0.0	0.0	0.0	1.4748563272580626	0.0	mel2_rep2	mel2
17x26	17.0	26.0	2374	1595	3.3754807146185724	0.9743878313106021	-0.05594607604926497	-0.4523913489625078	-0.2930931147087114	-0.7682680104944248	-0.07521311304973359	-0.28206154788497495	1.6510212009213208	0.0	1.6510212009213208	1.6510212009213208	1.6510212009213208	0.0	mel2_rep2	mel2
17x27	17.0	27.0	2378	1585	3.376211850282673	-0.4211719002370608	0.06232443978085887	-0.4523913489625078	0.6966393221009072	0.12799426958590113	0.22164940042429085	-0.28206154788497495	1.6496609050485798	0.0	0.0	1.6496609050485798	0.0	0.0	mel2_rep2	mel2
17x28	17.0	28.0	2817	1629	3.4497868469857735	-0.13118593790413602	0.4966147178758539	-0.4523913489625078	0.2452854074249802	-0.25109753936455587	1.1547295612184942	0.19316600916485477	1.5150999258534514	0.0	0.0	0.0	3.3809608654326033	0.0	mel2_rep2	mel2
17x29	17.0	29.0	2398	1507	3.37984917876283	-0.07994219668147091	0.11757299788576685	-0.4523913489625078	-0.36938845341502174	-0.2902334886294073	0.32444978693818255	0.23325192662618818	2.872466134708738	0.0	0.0	0.0	3.2588981669743546	0.0	mel2_rep2	mel2
17x30	17.0	30.0	3437	1997	3.536179532137225	0.17036726269643	-0.11779955259261565	-0.04987514216796455	-0.31353561802776514	-0.20275858283685688	0.4536456176410285	-0.28206154788497495	2.5367126145996974	0.0	0.0	0.0	0.0	0.0	mel2_rep2	mel2
17x31	17.0	31.0	938	684	2.9722028383790646	-0.786065829656642	0.11199213874037356	-0.4523913489625078	-0.9690917698624376	-0.2697059771994778	-0.09465234953602931	0.4883674230199292	3.4959905317903854	0.0	0.0	0.0	2.4562482949004933	0.0	mel2_rep2	mel2
17x32	17.0	32.0	1589	1050	3.2011238972073794	-0.29542683940295206	-0.48430390742232865	-0.4523913489625078	0.5405322562879221	-0.4129862302217821	0.7690886761729921	0.34116737846127615	0.0	0.0	0.0	0.0	1.986951484797675	0.0	mel2_rep2	mel2
17x33	17.0	33.0	1443	1019	3.159266331093494	-0.09439963636530296	-0.48430390742232865	-0.4523913489625078	-0.237177031515072	-0.7026671637539929	0.14175581711495588	0.5748823116858934	0.0	0.0	0.0	0.0	2.6986739719953596	0.0	mel2_rep2	mel2
18x16	18.0	16.0	1347	983	3.1293675957229854	-0.246717809788092	-0.24748619820132436	2.0070368816090896	-0.6712322439513377	-0.3979371684860726	-0.04332356815660007	-0.28206154788497495	3.1472386712918565	0.0	0.0	0.0	2.131073494380625	0.0	mel2_rep2	mel2
18x17	18.0	17.0	3021	1821	3.4801507252732806	-0.4726363884562328	1.1221031048397039	0.8758725265134447	0.968479419481944	1.7144938395939109	0.004683528107759612	-0.28206154788497495	2.0308189404322246	0.0	2.0308189404322246	0.0	2.3915558203048293	0.0	mel2_rep2	mel2
18x18	18.0	18.0	3668	1905	3.5644293269979834	-0.5660507708193188	1.8221628719708909	0.9095067348751126	-0.3030215020582891	-0.12476278823069353	-0.35136440158937493	1.302469708951185	2.2169012769551113	0.0	0.0	1.315410779858827	1.315410779858827	1.315410779858827	mel2_rep2	mel2
18x19	18.0	19.0	2044	1364	3.3104808914626753	-0.0858906221525982	0.20100023333163236	-0.4523913489625078	0.09056536969137866	0.16178166107013528	-0.6480512423259017	1.0082970801925208	1.7736579382780293	0.0	0.0	0.0	1.7736579382780293	0.0	mel2_rep2	mel2
18x20	18.0	20.0	2443	1612	3.3879234669734366	-0.09143308764953839	-0.18866343837791735	-0.4523913489625078	0.37567945416121734	1.750264246436382	-0.26374452996770126	-0.28206154788497495	1.6279314235178908	0.0	0.0	1.6279314235178908	2.2177519692827743	0.0	mel2_rep2	mel2
18x21	18.0	21.0	3010	1923	3.4785664955938436	0.10678647408013635	-0.31342813616986365	-0.4523913489625078	-0.6848017400695463	-0.7379684160733855	-0.01457700288184713	-0.28206154788497495	2.03398882528649	0.0	0.0	0.0	2.394870467104317	0.0	mel2_rep2	mel2
18x22	18.0	22.0	3002	1917	3.4774106879072515	0.15950450949204031	-0.3131892655155909	-0.4523913489625078	-0.3721262621451615	0.8305606261415582	-0.329866123059584	-0.28206154788497495	2.397289432479343	0.0	0.0	1.4658244585710067	2.397289432479343	0.0	mel2_rep2	mel2
18x23	18.0	23.0	2402	1592	3.3805730030668872	0.07307721704282723	-0.3864915550589031	-0.4523913489625078	-0.1391861030648984	-0.06716392478809646	0.04789191655636049	-0.28206154788497495	1.6415560262698943	0.0	0.0	1.6415560262698943	0.0	0.0	mel2_rep2	mel2
18x24	18.0	24.0	2860	1809	3.456366033129043	-0.10894508031859737	-0.48430390742232865	-0.4523913489625078	-0.3289095808221451	-0.3529017295543198	0.16747680058960482	0.1894648636626876	2.441434487777361	0.0	0.0	0.0	2.0785670335349034	1.5033000939777121	mel2_rep2	mel2
18x25	18.0	25.0	2075	1407	3.3170181010481117	-0.1685944837639581	-0.48430390742232865	-0.4523913489625078	-0.9690917698624376	-0.16335315126832745	0.3172972000428261	-0.28206154788497495	1.7611760458559746	0.0	0.0	0.0	2.7381157568190386	0.0	mel2_rep2	mel2
18x26	18.0	26.0	2490	1641	3.3961993470957363	-0.4263507119785214	-0.11108670010949571	-0.4523913489625078	0.17874933178055766	-0.45372959001983526	-0.002198836565974562	-0.28206154788497495	2.5686496392043927	0.0	0.0	1.61264561366087	1.61264561366087	0.0	mel2_rep2	mel2
18x27	18.0	27.0	2009	1314	3.3029799367482493	0.3523026508446063	-0.2661300709795343	-0.4523913489625078	-0.03632244223553611	0.805059860286475	0.03278100548154464	0.2787701314289364	2.393814374779738	0.0	0.0	0.0	3.2537796946956243	0.0	mel2_rep2	mel2
18x28	18.0	28.0	3629	1725	3.5597869682005565	-0.16384819850403257	-0.48430390742232865	-0.0617345098515513	0.07574887180327473	0.1137550988080615	0.2602173934355267	-0.28206154788497495	3.0100818416368473	0.0	0.0	0.0	3.137433221659467	0.0	mel2_rep2	mel2
18x29	18.0	29.0	1371	968	3.1370374547895126	-0.17252604646942937	-0.09559473298040234	-0.4523913489625078	0.3242603711245194	1.1855692107372202	0.46900779522162245	-0.28206154788497495	2.7464944622278766	0.0	0.0	2.1155258540624087	2.7464944622278766	0.0	mel2_rep2	mel2
18x30	18.0	30.0	3052	1852	3.484584529282843	0.29332787388969134	0.13805128571653408	-0.023384088841265395	-0.3559796442401817	-0.20899902977741605	0.23195206594099949	-0.28206154788497495	0.0	0.0	0.0	0.0	2.855475451209896	0.0	mel2_rep2	mel2
18x31	18.0	31.0	1472	979	3.16790781000148	-0.3456811081346876	-0.48430390742232865	-0.4523913489625078	-0.6703970522022783	-1.0196191869266893	-0.1139884486324564	0.5676950938815686	2.680127740482587	0.0	0.0	0.0	0.0	0.0	mel2_rep2	mel2
18x32	18.0	32.0	1742	1091	3.241048150671644	-0.10811175014429618	-0.48430390742232865	-0.4523913489625078	-0.1761846194606947	-0.4544029155644566	0.650392503107057	-0.28206154788497495	3.848534067231298	0.0	0.0	0.0	0.0	0.0	mel2_rep2	mel2
18x33	18.0	33.0	2299	1358	3.361538971269279	0.42201614158242057	-0.48430390742232865	-0.4523913489625078	-0.362287323703307	-0.39651497515911194	0.34507442931840326	-0.28206154788497495	3.1245030046481435	0.0	0.0	0.0	0.0	0.0	mel2_rep2	mel2
19x16	19.0	16.0	1444	1049	3.1595671932336202	-0.786065829656642	-0.3007345230969738	1.1001754884331176	-0.29075681078031873	0.7865979496979808	-0.5434569313781817	-0.28206154788497495	0.0	0.0	0.0	2.0700485347172295	0.0	2.0700485347172295	mel2_rep2	mel2
19x17	19.0	17.0	2111	1392	3.3244882333076564	-0.5841815456628123	-0.13379133515358566	0.0920419705775603	-0.08661966332218962	0.5093353354896826	-0.08253139853606278	-0.28206154788497495	1.7469523616727298	0.0	0.0	0.0	2.993147220354115	0.0	mel2_rep2	mel2
19x18	19.0	18.0	3653	1933	3.5626496722119168	-0.349775822150896	1.110605689892205	2.1487897075936897	-0.06470159825044035	0.07418653187484887	-0.20865352008672405	0.26356503064414605	0.0	0.0	0.0	0.0	2.686988637687162	0.0	mel2_rep2	mel2
19x19	19.0	19.0	2945	1650	3.4690852991231202	-0.501118893500186	-0.11038587532273446	0.7080698115370596	0.18934476057250776	0.3225989003413733	0.021239046053706953	-0.28206154788497495	2.0529912307432467	0.0	0.0	0.0	1.480600796099951	0.0	mel2_rep2	mel2
19x20	19.0	20.0	2811	1800	3.4488608456074408	-0.2646572454021254	-0.2666614024612523	-0.004601866481287888	-0.14450117813571398	1.429158646894871	-0.25535041438975103	0.9300678663762219	2.7232547869879062	0.0	0.0	0.0	2.7232547869879062	0.0	mel2_rep2	mel2
19x22	19.0	22.0	3059	1967	3.485579476984679	1.0209747981997388	-0.31487434802058356	-0.4523913489625078	-0.7579560070043952	-0.5764978012254107	0.7580679650679015	0.17318253735520442	2.6444832030885865	0.0	0.0	0.0	2.01996808359742	0.0	mel2_rep2	mel2
19x23	19.0	23.0	2255	1531	3.3531465462139796	0.46759047085845357	-0.28065248066884674	-0.4523913489625078	-0.6518943030335365	-1.0196191869266893	0.04715133665101012	-0.28206154788497495	2.930572717041804	0.0	0.0	0.0	0.0	1.6927840440254343	mel2_rep2	mel2
19x24	19.0	24.0	2917	1868	3.4649364291217326	0.3207724780149297	-0.48430390742232865	-0.4523913489625078	0.1916050841414648	0.2528997918422972	-0.17791388244745535	0.18466224164771666	2.061323302341748	0.0	0.0	0.0	2.061323302341748	0.0	mel2_rep2	mel2
19x25	19.0	25.0	1662	1172	3.220631019448092	-0.15665234270931333	-0.48430390742232865	-0.4523913489625078	-0.5955882592429649	-0.3481261841068286	-0.06967690324806389	1.453749018039224	2.567537876980289	0.0	0.0	0.0	0.0	0.0	mel2_rep2	mel2
19x26	19.0	26.0	3450	2080	3.537819095073274	-0.25629751308151366	0.2349159396346548	-0.4523913489625078	0.2841658134160245	1.0127855534406358	-0.41570493086721094	0.281027236562939	2.740372406427786	0.0	0.0	0.0	3.058230671576618	0.0	mel2_rep2	mel2
19x27	19.0	27.0	2582	1632	3.4119562379304016	-0.15988143387567327	-0.24345790580631257	0.04116569447318954	0.3723402643577292	-0.1674107735557535	0.11987913083406411	-0.28206154788497495	1.5837029287233872	0.0	0.0	0.0	2.8028673363464502	0.0	mel2_rep2	mel2
19x28	19.0	28.0	2832	1784	3.4520932490177314	0.24951643005746643	-0.08312740281219254	-0.4523913489625078	-0.019163238288387445	0.46094256027865926	0.4723918057571583	1.5380250762737657	2.087179884903007	0.0	0.0	1.5109588752926852	2.7163023109465234	0.0	mel2_rep2	mel2
19x29	19.0	29.0	2287	1471	3.3592661646067485	0.4203622864373168	-0.16198805638918198	-0.4523913489625078	-0.011912195540534163	-0.11424617504133892	1.0344115988168248	0.2452967439411165	1.6813008778447902	0.0	0.0	1.6813008778447902	3.12950685916701	0.0	mel2_rep2	mel2
19x30	19.0	30.0	3257	1938	3.512817758564873	-0.16247637699899	0.0358810821080605	-0.4523913489625078	-0.04066889196293455	-0.818683929786069	0.06674924806464722	0.1582302304740034	1.9657996356940224	0.0	0.0	0.0	2.323458744966001	0.0	mel2_rep2	mel2
19x31	19.0	31.0	2067	1309	3.3153404766272883	0.10295659168499778	-0.18048465029406627	0.0809582520992305	-0.6246175098230289	-0.42268050873252294	0.42583017331373507	-0.28206154788497495	2.3679849992013122	0.0	1.7643761733918326	0.0	2.7417291832602873	0.0	mel2_rep2	mel2
19x32	19.0	32.0	1665	1086	3.2214142378423385	0.17825982219320133	0.08119430332676512	0.13609303184578916	0.005030529206498967	-0.45331665327932286	-0.11268528929155912	0.32856332339637934	3.434955446233911	0.0	0.0	0.0	2.9453868465359867	0.0	mel2_rep2	mel2
19x33	19.0	33.0	2216	1329	3.345569756056392	0.11337330023262106	-0.48430390742232865	-0.4523913489625078	-0.5982281750505337	-0.5385765533160547	0.19566823945040354	-0.28206154788497495	2.305108981119461	0.0	0.0	0.0	1.707042799031294	0.0	mel2_rep2	mel2
20x16	20.0	16.0	2729	1512	3.4360035356698964	-0.28221271062373926	-0.2835466385807383	0.027529460182434594	0.043002540474692666	0.7070654153021357	0.020598911202880644	-0.28206154788497495	0.0	0.0	0.0	0.0	2.7509426048943575	1.539947613162096	mel2_rep2	mel2
20x17	20.0	17.0	3202	1815	3.505421327583281	-0.6189027761939392	-0.008346922508938105	0.8355213420412296	-0.445925382575354	1.6107945467600429	-0.27982875849885347	-0.28206154788497495	1.4165927186920562	0.0	0.0	0.0	2.338834500497361	0.0	mel2_rep2	mel2
20x18	20.0	18.0	3352	1732	3.525304009958239	-0.6229719790142785	0.5327903922780686	1.9530450634531358	-0.3230109908223193	0.4717176544794572	-0.3601969573976515	-0.28206154788497495	0.0	0.0	0.0	0.0	1.941125450931977	1.3821090037396973	mel2_rep2	mel2
20x19	20.0	19.0	3643	1830	3.561459171241916	-0.31202226300043434	0.4222651635338118	1.195580321878282	-0.1483857649588738	0.9536345891051675	-0.15171902360146391	-0.28206154788497495	1.3204190515543104	0.0	1.3204190515543104	0.0	2.483235384846975	0.0	mel2_rep2	mel2
20x20	20.0	20.0	3240	1847	3.510545010206612	-0.6233903618207628	0.276558202503291	-0.036809544768319914	0.4014156149167493	0.651798804271292	0.050070275699796586	-0.28206154788497495	0.0	0.0	0.0	0.0	1.9703016021794724	0.0	mel2_rep2	mel2
20x21	20.0	21.0	3542	2081	3.549248556854056	0.701262319241699	-0.33527231408113684	-0.4523913489625078	-0.48384017895982917	-0.7484891969235453	0.6912345963975597	0.13859043027871695	0.0	0.0	0.0	0.0	2.248106845548794	0.0	mel2_rep2	mel2
20x22	20.0	22.0	2588	1728	3.4129642719966626	0.823736423980705	0.006478887922273695	-0.4523913489625078	-0.4471103553674422	-0.46647173037404305	-0.3332969234498519	-0.28206154788497495	1.5818586025635064	0.0	0.0	0.0	2.533058745809741	0.0	mel2_rep2	mel2
20x23	20.0	23.0	4249	2443	3.6282867310895144	-0.11869492487654042	0.006350693660609611	-0.4523913489625078	0.6952279634991484	0.4972195433973467	-0.39296215254149885	0.09746906396752034	1.7416917182871425	0.0	0.0	0.0	2.3431491111958493	0.0	mel2_rep2	mel2
20x24	20.0	24.0	4074	2366	3.610021024664145	-0.04897313872640156	0.05213879982634326	0.4774047329673261	-0.36868804929040827	0.40305182715625515	0.25241244645390754	-0.28206154788497495	2.1239093123187365	0.0	0.0	0.0	1.2397038057397431	0.0	mel2_rep2	mel2
20x25	20.0	25.0	1778	1255	3.249931756634195	-0.41354250781102775	-0.09495040122039011	-0.4523913489625078	0.1758509354607203	1.4652919967796036	-0.35112747611046147	0.5004263731464971	3.156880748096752	0.0	0.0	0.0	1.8907442474306662	0.0	mel2_rep2	mel2
20x26	20.0	26.0	3551	2120	3.5503506723016156	0.42535752499255836	-0.16214570170324777	-0.4523913489625078	0.33405304438831884	0.20556944832881072	0.43412762462777404	-0.28206154788497495	1.8919390284449655	0.0	1.339231091379626	0.0	2.2458374152718568	0.0	mel2_rep2	mel2
20x27	20.0	27.0	2346	1499	3.3703280077795106	0.1699556749761495	0.370473514239312	-0.4523913489625078	0.1307871433100269	0.3714508282574352	0.6085502016290648	0.5409562847354682	2.2539355838938624	0.0	0.0	0.0	3.1051637753789514	0.0	mel2_rep2	mel2
20x28	20.0	28.0	986	749	2.993876914941211	-0.3462274998828165	-0.3406607695679123	0.2763403814355356	0.876467007533029	-1.0196191869266893	-0.2885541906760748	-0.28206154788497495	3.057954473115221	0.0	0.0	0.0	0.0	0.0	mel2_rep2	mel2
20x29	20.0	29.0	2115	1354	3.325310371711061	1.0179694562882402	-0.48430390742232865	0.06289457483389621	-0.3349762593652059	-1.0196191869266893	0.8415223569272247	-0.28206154788497495	2.3472012988220485	0.0	0.0	0.0	1.7453895417702476	0.0	mel2_rep2	mel2
20x30	20.0	30.0	1072	781	3.030194785356751	0.0914409210427154	-0.48430390742232865	-0.4523913489625078	0.19951974629451621	-0.32992734036883453	-0.11938452040164874	-0.28206154788497495	2.978419082352315	0.0	0.0	0.0	2.978419082352315	0.0	mel2_rep2	mel2
20x31	20.0	31.0	1546	1032	3.189209489582306	-0.281155985882544	-0.48430390742232865	-0.4523913489625078	-0.39801992987978	-0.4530153022415493	0.5497214269001517	-0.28206154788497495	2.0106681064735117	0.0	2.0106681064735117	0.0	2.0106681064735117	0.0	mel2_rep2	mel2
20x32	20.0	32.0	1900	1242	3.278753600952829	-0.1385188827716159	-0.2604359866958186	-0.4523913489625078	-0.6274061573974361	-0.7652330195643714	-0.1856615959964255	-0.28206154788497495	2.820752123618404	0.0	0.0	0.0	3.307464903999448	0.0	mel2_rep2	mel2
21x17	21.0	17.0	2707	1601	3.4324882557705063	-0.6035954314000985	0.3781232037354539	0.9534572328806256	0.609724985963677	0.6234846444911625	-0.7802771482881133	-0.28206154788497495	0.0	0.0	0.0	0.0	1.5463120120902332	0.0	mel2_rep2	mel2
21x18	21.0	18.0	3818	1924	3.581835924057648	-0.35268607745228325	0.7042115982047152	2.3391131666610923	-0.3058571773155725	-0.8227354543149171	0.4662715262814675	-0.28206154788497495	1.8307148720422481	0.0	0.0	0.0	2.9618758790025312	0.0	mel2_rep2	mel2
21x19	21.0	19.0	4809	2297	3.6820547770738075	-0.5924552633707729	1.299880256393418	0.9657650631965445	-0.6154371573313983	-0.6288084384325767	-0.79037019098702	0.2325672725756983	1.1247459417598407	0.0	0.0	0.0	1.9793868117379925	1.6407173282677685	mel2_rep2	mel2
21x20	21.0	20.0	2169	1410	3.336259552014193	-0.786065829656642	0.37454452484563566	-0.4523913489625078	0.7439744841752759	0.4401576762501609	-0.2612060320416779	-0.28206154788497495	0.0	0.0	0.0	0.0	2.696737024061381	0.0	mel2_rep2	mel2
21x21	21.0	21.0	7137	3513	3.853515696756929	0.7277757023632351	-0.31674334865968035	-0.18760304813396916	-0.6851619831174698	-0.1763452683257721	0.7550754809220876	0.4268159461373222	2.241442787812197	0.0	0.0	0.8759473486897817	0.8759473486897817	0.0	mel2_rep2	mel2
21x22	21.0	22.0	2239	1519	3.3500540935790304	-0.020440227947745346	-0.3417809656400478	-0.4523913489625078	-0.41247749434114145	-0.43239020571053555	0.12243353667973272	-0.28206154788497495	1.6985982367835835	0.0	0.0	0.0	1.6985982367835835	0.0	mel2_rep2	mel2
21x23	21.0	23.0	2598	1776	3.414639146737009	0.26983190430488035	-0.051938499134842046	-0.4523913489625078	0.23221954126532612	0.8182620884864938	-0.07080657845085433	-0.28206154788497495	2.1631194885386464	0.0	1.5787961529513295	0.0	2.7970653855680006	0.0	mel2_rep2	mel2
21x24	21.0	24.0	2812	1802	3.4490153163477864	-0.11344907102999609	-0.0716638448598529	0.006024125475443919	0.7718075705061805	0.2566606539047373	0.07201892126870352	-0.28206154788497495	2.456898328192085	1.5164862577984932	0.0	0.0	2.722922463173711	0.0	mel2_rep2	mel2
21x25	21.0	25.0	4471	2556	3.6504046698680317	0.33468449664480443	0.025511832848362732	-0.4523913489625078	0.7093402254544864	1.04526047149805	0.03357083939803437	0.20402169635598527	2.042506293590099	0.0	0.0	1.174534549504012	2.500056352704796	0.0	mel2_rep2	mel2
21x26	21.0	26.0	3897	2216	3.5907304057926903	0.23128365569528464	-0.02048984124209188	-0.06804254940643015	1.0634649218459309	-0.6613215884095226	0.3240722740781044	0.2867768328391451	0.0	0.0	0.0	1.2714659631478729	3.375087504855923	0.0	mel2_rep2	mel2
21x27	21.0	27.0	2457	1588	3.390405156480081	-0.21666139049804503	-0.34809546316412365	-0.4523913489625078	-0.2896199645989125	0.014807065134128328	0.857403073327507	-0.28206154788497495	1.6233416203649136	0.0	0.0	0.0	2.580975042834504	0.0	mel2_rep2	mel2
21x28	21.0	28.0	2938	1738	3.4680517914542377	0.5200737574251738	-0.48430390742232865	-0.4523913489625078	-0.13818921185314673	-0.5224725987756615	0.7033321293096292	-0.28206154788497495	3.064421037084814	0.0	0.0	0.0	2.055065846190645	0.0	mel2_rep2	mel2
21x29	21.0	29.0	2381	1466	3.37675939540488	0.17523601942659128	-0.3459725645780361	-0.4523913489625078	-0.27622292720838015	-0.45004268896235416	0.588138499397017	1.0521345608095327	2.8791795810929113	0.0	1.6486424719338286	0.0	2.8791795810929113	0.0	mel2_rep2	mel2
21x30	21.0	30.0	2322	1495	3.365862215402555	0.1558362886496664	-0.48430390742232865	-0.4523913489625078	-0.30776901580267396	-1.0196191869266893	0.8437853886181895	-0.28206154788497495	0.0	0.0	0.0	0.0	1.668957399316679	0.0	mel2_rep2	mel2
22x17	22.0	17.0	2580	1651	3.41161970596323	-0.13866322758737826	0.8953674149247253	0.3379183906773437	-0.5171787888779138	0.9383053517035096	0.02006066272986007	-0.28206154788497495	0.0	0.0	1.5843188523387683	0.0	1.5843188523387683	1.5843188523387683	mel2_rep2	mel2
22x18	22.0	18.0	4180	2054	3.621176281775035	-0.45167677816108603	0.43466763299042493	2.0453403373782706	-0.4805818865820359	-0.3183698563566298	0.42180717610731266	0.32333497006193945	0.0	0.0	1.2215212745673165	0.0	2.562000590120284	0.0	mel2_rep2	mel2
22x19	22.0	19.0	4443	2222	3.6476763132408707	-0.6469537297223282	0.8355476647168805	3.009811340463372	-0.4893644356988044	-0.3064330554831139	-0.5212122117043795	-0.28206154788497495	1.1788800441652583	0.0	0.0	0.0	2.674451288206178	1.1788800441652583	mel2_rep2	mel2
22x20	22.0	20.0	4565	2354	3.659440781870318	-0.3963122565895837	0.4352453570414727	0.756736835031355	0.14899507120389416	-0.21702401654379286	-0.3514729198867915	-0.28206154788497495	1.160202876364466	0.0	0.0	0.0	2.793252714167814	1.160202876364466	mel2_rep2	mel2
22x21	22.0	21.0	3531	2144	3.5478977175630972	0.23500604234995695	-0.19443972571723006	-0.0462970843227544	0.21364146108428025	0.27384610997639997	0.04738465192185088	-0.28206154788497495	1.896737583827494	0.0	0.0	0.0	2.2508892671253347	0.0	mel2_rep2	mel2
22x22	22.0	22.0	5639	3008	3.7512020945883533	1.0332192368889495	-0.48430390742232865	-0.15124189910748176	-0.2729873803938833	-0.4865004831026971	0.1764212960191952	0.037891685815981235	1.8437337990225284	0.0	0.0	0.0	1.5144078849067812	0.0	mel2_rep2	mel2
22x23	22.0	23.0	2308	1551	3.363235804483694	0.8421770362097306	-0.16925816528083443	-0.4523913489625078	-0.6520152343679813	0.16278924509348147	-0.14519473068232092	-0.28206154788497495	1.6738681088139422	0.0	0.0	0.0	2.9085948448199535	0.0	mel2_rep2	mel2
22x24	22.0	24.0	4216	2437	3.62490060220449	-0.08712549721966295	0.13185884626265493	-0.0849660428649347	0.1013196668738934	0.953120571891959	-0.04651736653865739	0.3203414962766545	2.868092949111909	0.0	1.215481279613289	0.0	2.7233655895902147	0.0	mel2_rep2	mel2
22x25	22.0	25.0	5026	2603	3.701222484256557	-0.28935308841832913	0.90859832885438	-0.4523913489625078	1.0948888949648654	0.9412850458219949	-0.05962141938787357	0.17117140032649947	2.3931813616834616	0.0	1.0951575948255685	0.0	3.362288597569823	0.0	mel2_rep2	mel2
22x26	22.0	26.0	4933	2624	3.693111115462141	-0.028389671668427763	0.0680151423125793	-0.4523913489625078	0.41974368670852746	0.1819223101277896	0.09965000368811974	0.06535744898192183	1.6202449049873977	0.0	0.0	0.0	2.7206470586913545	0.0	mel2_rep2	mel2
22x27	22.0	27.0	2086	1387	3.319314304090512	-0.4063717714075627	-0.3796247619482503	-0.4523913489625078	0.42575662259078106	0.009459973756612153	0.08472641953897378	-0.28206154788497495	1.756799401360786	0.0	0.0	0.0	3.0044667872378508	0.0	mel2_rep2	mel2
22x28	22.0	28.0	2897	1733	3.461948495203762	1.7426199503250446	-0.3020893530256978	-0.011523424735210543	-0.38696271006354316	-0.3702234659952624	0.12842448733986492	0.18633418738685456	2.4297057494161365	0.0	0.0	0.0	3.570052769108839	0.0	mel2_rep2	mel2
22x29	22.0	29.0	3131	1715	3.4956830676169153	-0.09147692271497108	0.08323533893536704	-0.4523913489625078	0.8715832697295812	0.5765579955853114	0.05463874411571634	0.9951959464329626	1.4336234045325995	0.0	0.0	0.0	1.9998212668598951	0.0	mel2_rep2	mel2
23x18	23.0	18.0	4361	2417	3.6395860866734266	-0.26610370211657286	-0.14553682051520692	1.4143974122501635	-0.05227467443548449	1.468372421072693	0.2267721846848329	-0.28206154788497495	1.1918148102178523	0.0	0.0	0.0	2.0642208114407707	0.0	mel2_rep2	mel2
23x19	23.0	19.0	5259	2403	3.7209031708134575	-0.5615309315873264	0.73868612183103	2.3056806652542985	0.09087182638867335	-0.3370429963868871	0.1398872674228757	0.052058978314446724	2.152460650789359	0.0	0.0	1.0652285983023915	2.152460650789359	0.0	mel2_rep2	mel2
23x20	23.0	20.0	4367	2213	3.64018319192134	-0.786065829656642	1.2464352201585798	0.7949335903885024	0.02712648034570824	-0.1715849507012666	-0.0026929145247323798	0.681663244102902	0.0	0.0	0.0	0.0	2.9611000553792466	0.0	mel2_rep2	mel2
23x21	23.0	21.0	4472	2473	3.650501794878367	-0.13156192094885344	0.6494655297422495	0.42739815724759206	0.06346046608569256	0.590648407747368	-0.014487322768239087	0.20395774083029763	2.9385843826514155	0.0	0.0	0.0	2.4998510723278673	0.0	mel2_rep2	mel2
23x22	23.0	22.0	4735	2652	3.675319983339292	0.6203678747815566	-0.09451060529608714	-0.4523913489625078	0.17767138260111048	-0.16992077445948048	0.12294114964597203	0.6366567343647479	2.447521631918479	0.0	1.1352438895516164	0.0	1.1352438895516164	0.0	mel2_rep2	mel2
23x23	23.0	23.0	2908	1867	3.463594402187	0.034296916072083544	-0.48430390742232865	-0.4523913489625078	-0.3626035607093014	0.2331013073280422	-0.11979139615543373	-0.28206154788497495	2.064020634860338	0.0	0.0	0.0	2.4262502296354107	0.0	mel2_rep2	mel2
23x24	23.0	24.0	3870	2347	3.5877109650189114	0.0014315136292948833	-0.33529333288144864	-0.4523913489625078	0.5848862032067281	0.5174982741225586	0.22633649388578442	-0.28206154788497495	2.8035952605318073	0.0	1.2764737272850497	1.2764737272850497	3.07601347395463	0.0	mel2_rep2	mel2
23x25	23.0	25.0	3490	2010	3.5428254269591797	-0.007485686569989985	-0.07198541242054948	0.1239728825162014	0.6261981249009361	1.257008784005661	0.09865337110522664	-0.28206154788497495	1.3520469340053287	0.0	0.0	0.0	2.729592984328823	0.0	mel2_rep2	mel2
23x26	23.0	26.0	3966	2283	3.598352709869284	0.345565995747864	-0.2556872385073352	-0.4523913489625078	0.8978584151421372	-0.1452281101214846	0.20967970567582309	0.282176126584462	2.405658577840321	0.0	1.2588677743262393	0.0	3.1651749846147474	0.0	mel2_rep2	mel2
23x27	23.0	27.0	2882	1768	3.4596939764779706	0.7738997742472097	0.052092743461436816	-0.4523913489625078	0.6532500246421244	-0.7904225078572861	0.2732843014673249	0.3376180010780035	2.0718660777014217	0.0	0.0	0.0	3.575098202847439	0.0	mel2_rep2	mel2
23x28	23.0	28.0	3309	1950	3.519696767159853	0.4411346489986703	0.23901098101962928	-0.4523913489625078	0.8915034874002752	0.24592214799540066	0.36514982140252195	-0.28206154788497495	1.3917944691649438	0.0	0.0	1.3917944691649438	3.2259105576143607	0.0	mel2_rep2	mel2
23x29	23.0	29.0	2253	1433	3.3527611917238307	0.06693545505433615	-0.38339598066674146	0.05953570285396161	0.2666168090616848	0.3520029193317282	-0.06883976051530422	-0.28206154788497495	2.9314126957494344	0.0	0.0	0.0	3.5975372016943417	0.0	mel2_rep2	mel2
24x18	24.0	18.0	3496	2010	3.5435714239623652	-0.25753674762004186	0.773770970845576	1.8274414119131543	0.556836444671193	-0.34892376308514755	-0.3798561129509414	0.38739368390027445	1.350773887450378	0.0	0.0	0.0	2.8993574539952855	0.0	mel2_rep2	mel2
24x19	24.0	19.0	2086	1199	3.319314304090512	-0.15535737907783465	0.18052794302025352	0.24425423131897303	0.11460872442174695	1.3544147379060114	-0.467837839772101	-0.28206154788497495	1.756799401360786	0.0	0.0	0.0	3.0044667872378508	0.0	mel2_rep2	mel2
24x20	24.0	20.0	3677	1962	3.5654936298688624	-0.786065829656642	0.5081090625467849	0.5068271224750515	-0.5267825676832704	-0.1194747304180566	-0.49423604544997773	0.3689790965228237	2.214717909453495	0.0	0.0	0.0	1.8624069104817276	0.0	mel2_rep2	mel2
24x21	24.0	21.0	2486	1573	3.395501124305626	-0.5261961693536609	0.40084011085501625	1.290264074483532	0.020138693229807103	-0.07595388640340615	-0.05211520464667781	0.5178176298259701	2.570134234208685	0.0	0.0	0.0	3.3727184466769624	0.0	mel2_rep2	mel2
24x22	24.0	22.0	3714	2206	3.5698418994037615	0.8336635861299189	-0.48430390742232865	-0.4523913489625078	-0.4797989806631956	0.477454140723416	0.3471752287079169	-0.28206154788497495	2.2058037184276023	0.0	0.0	1.3063077459316585	1.3063077459316585	0.0	mel2_rep2	mel2
24x23	24.0	23.0	3678	2244	3.5656117249020585	1.3562226271572801	-0.21308255573948232	-0.4523913489625078	-0.6232350566009515	0.04397416200815398	0.1904292944450466	1.1844106664009648	2.851470007825611	0.0	0.0	0.0	2.214475679005988	0.0	mel2_rep2	mel2
24x24	24.0	24.0	2659	1765	3.424718337331567	-0.14718868702387836	-0.05968223971147216	-0.4523913489625078	0.20376502101967509	1.008349874766605	-0.4535669573194517	-0.28206154788497495	2.5081703563191105	0.0	1.5604183123938085	2.1426070117385376	2.5081703563191105	0.0	mel2_rep2	mel2
24x25	24.0	25.0	2959	1816	3.471144965160633	-0.012720681450319175	0.023091395389598944	-0.4523913489625078	0.3867273291919278	0.35312171233194295	0.2391498826293753	0.32917238801167126	2.410412991357112	0.0	0.0	0.0	3.447307162312694	0.0	mel2_rep2	mel2
24x26	24.0	26.0	3592	2115	3.5553363279952666	-0.30829960030794634	0.438557816148145	-0.059511602915923924	0.7098583486349536	-0.18485113779307935	-0.4831516473835912	-0.28206154788497495	1.8821985210730219	0.0	0.0	0.0	2.8737785258308586	0.0	mel2_rep2	mel2
24x27	24.0	27.0	3788	2127	3.578409970331236	0.4070236626913579	-0.2616829236109996	-0.4523913489625078	1.064359099594361	-0.383238999002047	0.13700968231954777	0.12317589491938738	2.447521631918479	0.0	0.0	0.0	3.4867322496954785	0.0	mel2_rep2	mel2
24x28	24.0	28.0	2890	1724	3.4608978427565478	-0.3645092698091001	-0.1764042329551946	-0.4523913489625078	0.12419973570240532	-0.37064665177391465	-0.23143962026115422	0.18692271160353013	2.0694436318401346	0.0	0.0	0.0	3.4701594952750887	0.0	mel2_rep2	mel2
24x29	24.0	29.0	2492	1546	3.396548037987132	0.3869324084789687	-0.06001866405622007	-0.4523913489625078	0.7754384301591674	-0.15422989332935705	0.3038697743753907	1.0061785505253504	2.2000740895047484	0.0	0.0	0.0	3.3703906100193977	0.0	mel2_rep2	mel2
25x19	25.0	19.0	2190	1439	3.3404441148401185	-0.5834873346631656	0.21097601446693076	0.9529720428735665	0.2028604800860714	0.03708273589743146	-0.7986164307926564	-0.28206154788497495	1.7167143996647707	0.0	0.0	0.0	2.9582816823078377	0.0	mel2_rep2	mel2
25x20	25.0	20.0	2679	1425	3.427972713608209	-0.6026288073266589	0.8694085095314664	1.5974198959523669	-0.15480788947737797	-0.2311104135805023	-0.15523908989905347	0.3612725289203142	0.0	0.0	1.5545034909833393	0.0	2.5012890792059466	0.0	mel2_rep2	mel2
25x21	25.0	21.0	2580	1507	3.41161970596323	-0.48681939114862044	0.09609039027844128	0.7819168914290167	-0.21591308297472128	0.2857253197321557	-0.2368661717335848	-0.28206154788497495	2.535909204240373	0.0	0.0	0.0	1.5843188523387683	0.0	mel2_rep2	mel2
25x22	25.0	22.0	3498	2154	3.543819805142658	0.07058436620025546	-0.48430390742232865	-0.4523913489625078	-0.20505956598675285	-0.28153595889697963	-0.26434261831450023	0.27678329998832063	1.9047239345489706	0.0	0.0	0.0	2.727452893429212	0.0	mel2_rep2	mel2
25x23	25.0	23.0	2938	1863	3.4680517914542377	0.316405853759566	-0.48430390742232865	-0.4523913489625078	-0.5462389357915878	-0.6018694568457597	-0.24252668640870673	1.0386877743649632	1.482439639870108	0.0	0.0	0.0	1.482439639870108	0.0	mel2_rep2	mel2
25x24	25.0	24.0	3490	2166	3.5428254269591797	0.9255270335557169	-0.031662891580009636	-0.4523913489625078	-0.04778789832624227	0.4552065435787204	0.49713501469479043	0.31598717887046174	1.3520469340053287	0.0	0.0	1.3520469340053287	2.522629290395211	1.3520469340053287	mel2_rep2	mel2
25x25	25.0	25.0	4037	2346	3.6060587494103142	-0.11018121470901016	0.03019240651902155	-0.07568169897603697	0.650118710559025	1.382619423821309	-0.031024651034393644	-0.28206154788497495	1.2461948586813851	0.0	1.2461948586813851	0.0	2.5941671552464585	0.0	mel2_rep2	mel2
25x26	25.0	26.0	3246	2024	3.511348515490213	0.048504394364990364	0.28270774688785083	-0.4523913489625078	0.09198172862774137	0.07659914487994868	0.10088608803895961	0.15903099488999484	1.4062721509703884	0.0	0.0	1.4062721509703884	3.714773574741256	0.0	mel2_rep2	mel2
25x27	25.0	27.0	4094	2354	3.6121478383264867	0.18428601038465983	-0.057412491376835253	-0.4523913489625078	0.6317993372317402	-0.3362967200418748	0.3044173786664184	0.330623100092999	2.1195989284896353	0.0	0.0	0.0	3.4115168556962905	0.0	mel2_rep2	mel2
25x28	25.0	28.0	3046	1813	3.4837298990000236	0.5639904733940809	-0.08192585156099448	-0.4523913489625078	-0.3193050253469071	-0.25937631318217924	0.28039560517678896	-0.28206154788497495	2.384071275755829	0.0	1.4546523189009342	0.0	2.6484400568690174	0.0	mel2_rep2	mel2
25x29	25.0	29.0	1909	1272	3.280805928393667	-0.13257024352810037	-0.2216121499416106	-0.4523913489625078	-0.273012590351716	-0.4773367720848274	-0.19776840549657157	-0.28206154788497495	1.8307148720422481	0.0	0.0	0.0	0.0	0.0	mel2_rep2	mel2
26x20	26.0	20.0	2712	1626	3.433289685195026	-0.3823465031679304	0.9478039598468774	0.945055465722481	0.6016169737023883	0.28465876818971997	-0.19192576115049276	-0.28206154788497495	2.125207049092521	0.0	0.0	0.0	1.5448600591562656	0.0	mel2_rep2	mel2
26x21	26.0	21.0	2093	1325	3.3207692283386865	-0.39633611968492344	0.04646028417828756	1.3809920140599101	0.018947858182789577	0.6953462053053584	-0.63666535200513	0.4438462435680973	0.0	0.0	0.0	0.0	2.356662372805028	0.0	mel2_rep2	mel2
26x22	26.0	22.0	2963	1861	3.471731651480051	0.042141722124124315	-0.291896695909946	-0.4523913489625078	-0.5499061556506412	-0.8149803255229587	0.17224737848102564	-0.28206154788497495	1.4758968770264775	0.0	0.0	0.0	0.0	1.4758968770264775	mel2_rep2	mel2
26x23	26.0	23.0	2948	1790	3.469527479187014	0.4775152462986887	-0.39612895544608084	-0.4523913489625078	-0.4278273449902588	-0.3248331113534564	0.775597762525742	0.45134726001376035	2.0521038124125344	0.0	0.0	0.0	2.413803586751912	0.0	mel2_rep2	mel2
26x24	26.0	24.0	4248	2400	3.6281845080734128	0.12466283765091417	0.15553018360733148	-0.4523913489625078	0.1682836411571043	1.2302629349896401	-0.10872402299972315	0.5983511994990398	2.343361888752739	0.0	1.7418858558158643	0.0	2.5471178414419033	1.2101682620477228	mel2_rep2	mel2
26x25	26.0	25.0	3395	2088	3.5308397786165204	0.4858823208859959	0.16346224779668928	-0.4523913489625078	0.7312358805111059	1.1910377574038795	-0.007110933226433066	-0.28206154788497495	2.28610242716694	0.0	0.0	0.0	1.9302185633075202	0.0	mel2_rep2	mel2
26x26	26.0	26.0	4031	2262	3.605412798153051	0.21395327974483136	0.06809638255538783	-0.4523913489625078	1.143494854662711	0.8116373504213495	0.29796962807144806	0.23411705503305016	1.7853301793958396	0.0	0.0	0.0	2.76535285695294	0.0	mel2_rep2	mel2
26x27	26.0	27.0	3071	1795	3.4872798164430687	0.04772588030639074	0.04625303427724053	-0.4523913489625078	1.1524103282617315	-0.5905857234684396	0.3542359424149322	-0.28206154788497495	0.0	0.0	0.0	0.0	3.411359401282049	0.0	mel2_rep2	mel2
26x28	26.0	28.0	3158	1858	3.499412125672275	0.11661198359708869	-0.14617760997258072	-0.4523913489625078	0.8487818784591713	-0.802359101311697	-0.20952073749593322	0.16556106029737894	2.9957006074414787	0.0	1.427091022830356	0.0	3.3843580605108485	0.0	mel2_rep2	mel2
26x29	26.0	29.0	2764	1691	3.441538038702161	1.2134377708238664	-0.2516325610954539	-0.4523913489625078	0.25741847618574515	0.1646055828998234	-0.048568746094008165	1.2428153980037522	2.108501434835454	0.0	0.0	0.0	2.94915023408125	0.0	mel2_rep2	mel2
27x20	27.0	20.0	3244	1994	3.5110808455391185	-0.2135085044755232	0.44189691300428835	0.27283329275006035	0.7281009710906599	1.0104189703703919	-0.2259296204030343	-0.28206154788497495	1.4067374834318334	0.0	0.0	1.4067374834318334	2.5900513591773584	0.0	mel2_rep2	mel2
27x21	27.0	21.0	2882	1823	3.4596939764779706	-0.45336857287515225	-0.09571283784292464	0.6405530114494876	0.07851305968669367	0.7550455090580024	0.018271568132337986	-0.28206154788497495	2.6999676598885665	0.0	0.0	1.4973464905473686	2.0718660777014217	0.0	mel2_rep2	mel2
27x22	27.0	22.0	2537	1663	3.404320467221731	0.18951779239562405	-0.38910460403876646	-0.4523913489625078	-0.43405527483384476	-0.09257705415316282	-0.11714969437389698	1.010909982464306	2.551395622701103	1.5977019915167432	0.0	0.0	1.5977019915167432	1.5977019915167432	mel2_rep2	mel2
27x23	27.0	23.0	4099	2313	3.6126779183165016	0.07206974100040663	-0.25995621663727314	-0.4523913489625078	-0.5236088085145705	0.12862761025465505	0.7949574043745629	0.33019397421297775	2.37569406493654	0.0	1.2353608313610236	0.0	2.118525016824073	0.0	mel2_rep2	mel2
27x24	27.0	24.0	3202	2023	3.505421327583281	0.26476118611374583	-0.48430390742232865	-0.4523913489625078	0.058466764976711626	-0.8232030784991106	0.08037225075052987	0.9818862869803413	2.6021111759001974	0.0	1.4165927186920562	0.0	0.0	1.4165927186920562	mel2_rep2	mel2
27x25	27.0	25.0	3937	2272	3.5951654147902294	0.0499698141876445	0.18840781356290323	-0.07026067798930308	0.04041447888082645	0.5948798643825733	-0.5341462438320878	-0.28206154788497495	2.154086852659013	0.0	0.0	1.264128162175772	1.805006367032653	0.0	mel2_rep2	mel2
27x26	27.0	26.0	3498	2022	3.543819805142658	-0.04309440310654015	0.24917897712376708	-0.04419681283654351	0.9314434272936657	0.40923857702091887	-0.13148670004261886	-0.28206154788497495	3.045066818367804	0.0	1.3503501497248045	0.0	3.3873609122508115	0.0	mel2_rep2	mel2
27x27	27.0	27.0	2741	1713	3.4379090355394983	0.5182236059517389	0.4143158252114624	-0.4523913489625078	-0.05525798727415273	0.4611995633620459	0.10825702107631306	-0.28206154788497495	1.536502322678595	0.0	0.0	0.0	3.7167703352597368	0.0	mel2_rep2	mel2
6x8	6.0	8.0	1146	822	3.059184617631371	-0.05708608272101637	-0.14804638410564752	-0.16832545257717507	-0.3637254555060642	-0.5878666466762444	-1.1710666427235952	0.000851280291035117	3.302408207780599	0.0	0.0	0.0	0.0	0.0	mel3_rep1	mel3
6x9	6.0	9.0	1573	1033	3.196728722623287	0.40747068341033243	-0.14804638410564752	-0.16832545257717507	0.6279303938890521	-0.29573921826157135	0.5513074159484584	-0.07949472542157325	3.6672388386883754	0.0	0.0	0.0	0.0	0.0	mel3_rep1	mel3
6x10	6.0	10.0	2138	1340	3.330007700872759	0.3673868014671351	-0.14804638410564752	-0.16832545257717507	-0.3637254555060642	-0.310586796754947	0.11746475123098209	-0.2671442897859323	2.337424776360579	0.0	0.0	0.0	1.73647021481081	1.73647021481081	mel3_rep1	mel3
7x7	7.0	7.0	1489	983	3.1728946977521764	0.4044332296385266	-0.14804638410564752	-0.16832545257717507	0.7511001320353051	-0.5757329201738134	-0.06731789558278402	0.6173006087476828	3.3273235781591426	0.0	0.0	0.0	2.0432853021693558	0.0	mel3_rep1	mel3
7x8	7.0	8.0	2095	1290	3.3211840273023143	0.0293250981081233	-0.14804638410564752	-0.16832545257717507	-0.0067866885100675445	-0.11055932795405254	0.07872810717658013	-0.6539781564806606	2.7291467013896407	0.0	0.0	0.0	1.7532385906878896	1.7532385906878896	mel3_rep1	mel3
7x9	7.0	9.0	1479	1027	3.1699681739968923	-0.07567403702348349	0.5074167051364067	-0.16832545257717507	-0.3637254555060642	-0.8579282155945878	-0.2890807073806401	-0.6539781564806606	2.049153095354697	0.0	0.0	0.0	0.0	0.0	mel3_rep1	mel3
7x10	7.0	10.0	671	506	2.826722520168992	0.05398353114767371	-0.14804638410564752	-0.16832545257717507	-0.3637254555060642	-0.8345685610156348	-0.44775881486452634	-0.6539781564806606	3.427717893827554	0.0	0.0	0.0	0.0	0.0	mel3_rep1	mel3
7x11	7.0	11.0	1274	882	3.1051694279993316	-0.03778430066172785	-0.14804638410564752	-0.16832545257717507	-0.3637254555060642	0.020128103283318582	0.06879366415592841	-0.026807760341518615	3.200625524271347	0.0	2.1803376325094117	0.0	0.0	2.1803376325094117	mel3_rep1	mel3
7x12	7.0	12.0	2537	1440	3.404320467221731	0.18623338057174962	-0.14804638410564752	-0.16832545257717507	-0.03845211170219405	-0.21787235979905517	0.4737730923785774	-0.015850130917236083	4.1599233875423804	0.0	1.5977019915167432	0.0	0.0	2.184176122419384	mel3_rep1	mel3
8x7	8.0	7.0	2549	1552	3.4063698354692673	0.5906370723099277	-0.14804638410564752	-0.16832545257717507	0.0871260467622849	-0.15561744111944287	-0.04936872854444799	-0.017352741724237307	3.0260449422522	0.0	2.179989593673396	0.0	1.5939398557341926	0.0	mel3_rep1	mel3
8x8	8.0	8.0	2129	1312	3.3281756614383227	0.025177916579995956	-0.14804638410564752	-0.16832545257717507	-0.009492721825170794	0.3212094412121698	0.2820795775999602	-0.165900619540252	3.1980690298724794	0.0	0.0	0.0	2.3412365796023864	0.0	mel3_rep1	mel3
8x9	8.0	9.0	1198	833	3.0784568180532927	0.35364063661705125	-0.14804638410564752	-0.16832545257717507	0.23050241950514244	-0.3880968762730497	-0.18263567682844828	0.07218606692672065	2.235081691233444	0.0	0.0	0.0	0.0	0.0	mel3_rep1	mel3
8x10	8.0	10.0	1620	1068	3.2095150145426308	0.15379408725320987	-0.14804638410564752	-0.16832545257717507	-0.3637254555060642	-0.5941311185648742	-0.06332304031270065	-0.08680313154949841	3.638560343924229	0.0	0.0	0.0	0.0	0.0	mel3_rep1	mel3
8x11	8.0	11.0	2081	1277	3.318272080211627	0.2589751539865102	-0.14804638410564752	-0.16832545257717507	-0.005657418631065765	-0.4129895407396791	0.5341059532342451	-0.6539781564806606	3.219951651533354	0.0	0.0	0.0	1.7587854231259294	0.0	mel3_rep1	mel3
8x12	8.0	12.0	1923	1243	3.28397928423848	0.19866378242901625	-0.14804638410564752	-0.16832545257717507	-0.3637254555060642	-0.2984170441145866	0.09302265475219042	0.45303997295877296	2.8094402865210615	0.0	1.8245828412173524	0.0	0.0	0.0	mel3_rep1	mel3
8x13	8.0	13.0	2520	1494	3.401400540781544	0.3506325089484612	-0.14804638410564752	-0.16832545257717507	-0.032189090654635544	0.37333811846941695	0.3147506926595832	-0.6539781564806606	3.6031659358399066	0.0	0.0	0.0	2.1901449017481576	0.0	mel3_rep1	mel3
8x14	8.0	14.0	5491	2673	3.7396514437093766	-0.21425042170686406	-0.14804638410564752	-0.16832545257717507	0.7524302982866706	-0.267583518816913	0.83881835219555	-0.4229322763593471	3.519895975053526	0.0	0.0	0.0	0.0	0.0	mel3_rep1	mel3
9x6	9.0	6.0	5390	2736	3.7315887651867388	0.591910196651867	0.18755269377925204	-0.16832545257717507	0.47812881718045597	-0.2006373517466741	-0.0807498461724991	0.01448794510321623	2.638129255302705	0.0	0.0	0.0	0.0	0.0	mel3_rep1	mel3
9x7	9.0	7.0	7857	3514	3.8952567531448947	0.553322677265589	0.3953218609969026	-0.16832545257717507	0.3295471673837231	0.5135861871607996	-0.033700307569819656	0.12028559667384146	2.8648120618200212	0.8209907340213031	0.0	0.0	0.0	1.5724110491451988	mel3_rep1	mel3
9x8	9.0	8.0	2439	1506	3.3872118003137306	-0.03588491278826727	-0.14804638410564752	-0.16832545257717507	-0.026774686777721695	-0.8258350176344491	0.13665539807318675	-0.18497934818256162	3.6349608482861036	0.0	0.0	0.0	1.6292485789940443	0.0	mel3_rep1	mel3
9x9	9.0	9.0	1933	1258	3.286231854028553	1.0076414522016661	-0.14804638410564752	4.041421175090769	0.2588242616480244	0.6383146473433147	-0.44675712387235916	-0.24848410725097966	1.8202344711613248	0.0	0.0	0.0	0.0	1.8202344711613248	mel3_rep1	mel3
9x10	9.0	10.0	1380	921	3.1398790864012365	0.60272419434745	-0.14804638410564752	-0.16832545257717507	0.07260449227683659	-0.6873982956292698	-0.394934446201945	-0.04665434384399534	2.1097739295290716	0.0	0.0	2.1097739295290716	0.0	0.0	mel3_rep1	mel3
9x11	9.0	11.0	1677	990	3.2245330626060857	0.3334952339028453	1.1363388258407636	-0.16832545257717507	0.031360866795367606	-0.9248166385743696	-0.568428348299467	-0.6539781564806606	2.9385843826514155	0.0	0.0	0.0	0.0	0.0	mel3_rep1	mel3
9x12	9.0	12.0	2258	1190	3.353723937588949	0.5201081742757023	-0.14804638410564752	-0.16832545257717507	-0.3637254555060642	-0.25002294265784347	-0.2869206263813769	-0.14423041205281187	3.14171352344515	1.6916993193360697	0.0	0.0	0.0	0.0	mel3_rep1	mel3
9x13	9.0	13.0	2488	1514	3.3958503760187813	-0.07990399684526846	-0.14804638410564752	-0.16832545257717507	0.41812471862628586	-0.5118730451194305	0.310162062486582	-0.2014297893197919	3.0491053971656434	0.0	0.0	0.0	0.0	0.0	mel3_rep1	mel3
9x14	9.0	14.0	7924	3470	3.8989444668665096	-0.1938278669165411	-0.14804638410564752	-0.16832545257717507	0.0816211721758493	-0.06154574847943595	0.6447607683255424	0.4165650046360282	3.5208072293679957	0.0	0.0	0.0	0.0	0.8162444680875921	mel3_rep1	mel3
9x15	9.0	15.0	7285	3220	3.862429556106009	-0.3028144824371805	-0.14804638410564752	-0.16832545257717507	-0.09062402664580718	-0.07407894176211811	0.37464763556290603	0.48445451154168334	2.860611227080304	0.0	0.0	0.0	1.320519660991027	0.0	mel3_rep1	mel3
9x16	9.0	16.0	9472	3880	3.9764416893788446	0.042926021999374994	-0.14804638410564752	-0.16832545257717507	-0.21701214043713363	0.5867213935818848	0.2116334600420477	0.4804087854757153	3.1428845835944013	0.0	0.7206374581035214	0.0	1.1351005819312465	0.0	mel3_rep1	mel3
9x17	9.0	17.0	4351	2235	3.638589083292717	-0.321691642725509	-0.14804638410564752	-0.16832545257717507	-0.3637254555060642	-0.39170523117946265	0.4064742039403734	-0.3104395984902571	2.9645809605477123	0.0	0.0	1.1934139224502518	1.7221672127086054	1.1934139224502518	mel3_rep1	mel3
10x6	10.0	6.0	7235	3158	3.859438535455056	0.14848975583514687	-0.14804638410564752	-0.16832545257717507	-0.18700844875511605	-0.46807736073219286	0.26298634182255193	0.3326983455408274	2.8671054102064706	0.0	0.8680118398853817	0.0	0.8680118398853817	0.8680118398853817	mel3_rep1	mel3
10x7	10.0	7.0	6028	1926	3.780173243642594	-0.4982328540770092	1.2549566542984714	-0.16832545257717507	-0.06120728582309103	0.9189431297605087	-0.4215502435037173	-0.3724715667223887	2.6582575438944867	0.0	0.0	0.0	0.0	0.0	mel3_rep1	mel3
10x8	10.0	8.0	9647	3884	3.9843922785242656	0.37592617674867357	0.07947017339418168	1.7287546711417194	0.36538075232888295	0.303318465635427	-0.24746886282892816	0.18358750003115612	3.253400933862446	0.0	0.0	0.0	1.8217968677127157	0.0	mel3_rep1	mel3
10x9	10.0	9.0	7353	3268	3.8664645659717403	-0.3051767701779252	-0.14804638410564752	-0.16832545257717507	-0.011331032664321092	-0.5108656829019651	0.321152999023751	0.5861063137407658	3.28988561019803	0.0	0.0	0.8586570088942815	1.313717818852377	0.8586570088942815	mel3_rep1	mel3
10x10	10.0	10.0	2639	1550	3.4214393902200495	0.3825580284239283	-0.14804638410564752	-0.16832545257717507	0.1720043818136568	-0.3763942391099422	0.2857612195151258	-0.21458634730103893	2.515107834850487	0.0	0.0	0.0	0.0	1.5663872141438022	mel3_rep1	mel3
10x11	10.0	11.0	1255	902	3.098643725817057	0.07017023870945802	-0.14804638410564752	-0.16832545257717507	-0.3637254555060642	-0.4180064988116938	-0.4058841894144312	-0.6539781564806606	2.8294565892270063	2.1936769017749485	0.0	0.0	0.0	0.0	mel3_rep1	mel3
10x12	10.0	12.0	2569	1551	3.4097641042663462	0.17379456974720042	0.35981695029716165	-0.16832545257717507	-0.3637254555060642	0.38586805591390466	0.29439064415653254	-0.6539781564806606	3.0186098742666454	0.0	0.0	0.0	0.0	0.0	mel3_rep1	mel3
10x13	10.0	13.0	2150	1365	3.3324384599156054	1.0837714058096306	-0.14804638410564752	-0.16832545257717507	-0.011138847966342878	-0.42607732192607917	-0.1610194348905318	0.3641414873202663	2.704944608544057	1.731861327646986	0.0	0.0	0.0	0.0	mel3_rep1	mel3
10x15	10.0	15.0	6170	2989	3.7902851640332416	0.7039310260564302	-0.14804638410564752	-0.16832545257717507	0.11501598548233963	0.1091554896495031	0.21940235337527636	0.2988517797727574	2.5132688464674002	0.0	0.0	0.0	0.9634588356717191	0.0	mel3_rep1	mel3
10x16	10.0	16.0	9107	3761	3.9593753365758433	0.07224372116896693	0.37847758625222405	-0.16832545257717507	-0.1234214200991363	-0.29322614022785837	0.2787169253345367	1.0727803647100802	3.2251457947500755	0.0	0.7410114114716568	0.0	0.7410114114716568	0.0	mel3_rep1	mel3
10x17	10.0	17.0	4875	2597	3.687974620034556	0.8203102626626546	-0.14804638410564752	-0.16832545257717507	-0.3637254555060642	-0.41527182531539747	0.4351954744844358	2.3138110435240047	3.1597244762260406	0.0	0.0	0.0	1.629743178594846	1.629743178594846	mel3_rep1	mel3
10x18	10.0	18.0	6736	3164	3.8284020784915933	0.6412469766682413	-0.14804638410564752	2.2590313302338108	-0.1755052618123208	0.17549461302566086	0.26857184770708004	0.7849218477853044	2.762892219027134	0.0	0.0	0.0	0.9100958109424868	0.0	mel3_rep1	mel3
10x19	10.0	19.0	5547	2709	3.7440581658788354	-0.3912717915973358	-0.14804638410564752	-0.16832545257717507	-0.3637254555060642	0.0192136436137403	0.05344432081440906	0.4347613816857823	2.9458991102687486	0.0	1.5272626518529746	0.0	1.5272626518529746	0.0	mel3_rep1	mel3
11x6	11.0	6.0	6577	3115	3.8180278418592564	0.027940163679803644	-0.14804638410564752	-0.16832545257717507	-0.17253920995025493	-0.6323662080051355	0.11604826908669953	-0.2622510275124761	2.8749732845651246	0.924437478123515	0.924437478123515	0.924437478123515	1.7158409132519046	0.0	mel3_rep1	mel3
11x7	11.0	7.0	13403	4602	4.127202017590354	-0.13901188533069078	0.030244698839344178	-0.16832545257717507	0.2782070986455124	0.3344073274484982	0.1982521251681345	0.6132590403403884	2.7197106702718674	0.0	0.0	0.0	0.9131671538119696	0.5573856567779261	mel3_rep1	mel3
11x8	11.0	8.0	4089	2188	3.611617110554336	0.16988340516237077	0.24766313977777227	-0.16832545257717507	-0.11186767806045841	0.9728139692846401	-0.7369152278857416	-0.6539781564806606	2.89696663185685	0.0	1.2370939096886344	0.0	1.2370939096886344	0.0	mel3_rep1	mel3
11x9	11.0	9.0	3079	1669	3.488409688903198	-0.30112623777545366	1.3128042401505435	-0.16832545257717507	0.3549903226424311	-0.1378235733820426	-0.09443799759002172	0.3342573900815955	2.3742937710101293	0.0	0.0	0.0	0.0	0.0	mel3_rep1	mel3
11x10	11.0	10.0	5850	2742	3.7671558660821804	-0.018310959088682646	0.5127241130903669	-0.16832545257717507	0.18751881718322802	0.5780491115046709	0.20285449386966406	-0.6539781564806606	3.510907398868075	0.0	0.0	0.0	2.0589335374587088	0.0	mel3_rep1	mel3
11x11	11.0	11.0	2263	1422	3.3546845539547285	0.43881716695224354	-0.14804638410564752	-0.16832545257717507	0.8769294179104784	-0.4348375589368758	-0.1156569954263495	0.8838872112814287	2.9272206321319048	0.0	0.0	0.0	1.6898952321284888	1.6898952321284888	mel3_rep1	mel3
11x12	11.0	12.0	1863	1213	3.2702128548962426	-0.0029643426040840506	-0.14804638410564752	-0.16832545257717507	0.013164477029617039	-0.042467357966589764	-0.3067786180926975	-0.6539781564806606	3.326417534870382	0.0	0.0	0.0	0.0	0.0	mel3_rep1	mel3
11x13	11.0	13.0	5233	2600	3.718750734739665	-0.2622088192108367	0.32710969820909463	-0.16832545257717507	0.4035726384020529	-0.1215944944658755	0.15338014412680964	-0.4159527563504353	3.2520144892756595	0.0	0.0	0.0	1.0684793997644932	0.0	mel3_rep1	mel3
11x14	11.0	14.0	6269	2987	3.797198269838959	0.5265635777024582	-0.14804638410564752	-0.16832545257717507	-0.06740857442271532	0.4168464740447691	0.1805061367056293	0.2072286234760476	3.0027976995898986	0.0	0.0	0.0	0.0	0.9536446042352018	mel3_rep1	mel3
11x15	11.0	15.0	3554	2051	3.550717423469283	-0.06315784660573183	-0.14804638410564752	-0.16832545257717507	-0.3637254555060642	0.48042348957577713	-0.6177782339280724	0.5642031897185215	3.4642047649710066	0.0	1.3386079769814616	0.0	1.3386079769814616	0.0	mel3_rep1	mel3
11x16	11.0	16.0	7634	3433	3.8827521556130797	0.22394838611134738	-0.14804638410564752	-0.16832545257717507	0.09576415053386958	0.4082638485866184	-0.3286812729337259	0.3278503345173404	2.8165548387743593	0.0	0.0	0.0	1.28643494431144	0.0	mel3_rep1	mel3
11x17	11.0	17.0	12945	4635	4.112102054770891	0.08936211648303626	0.10649740638716658	-0.16832545257717507	0.23299338401557426	-0.38187218602260686	0.4575391717755171	0.35555434251399876	3.185317843046446	0.0	0.0	0.0	0.9341298911622823	0.9341298911622823	mel3_rep1	mel3
11x18	11.0	18.0	7529	3306	3.8767372971406644	-0.10101778335116593	0.18211297774914736	-0.16832545257717507	0.10638308830167	-0.26625079844581623	0.5144328299620119	-0.4169182753851645	2.8295815588478352	0.0	0.8450944213724245	0.0	0.8450944213724245	0.8450944213724245	mel3_rep1	mel3
11x19	11.0	19.0	14659	4926	4.166104344841616	0.16340920010613014	-0.14804638410564752	-0.16832545257717507	-0.3637254555060642	-0.16489896162564097	0.5301252195072295	0.589489318102814	3.1280576216467364	0.0	0.5200874641056643	0.0	1.4840728253578923	0.5200874641056643	mel3_rep1	mel3
11x20	11.0	20.0	7773	3370	3.890588667705487	-0.19908973547884934	-0.14804638410564752	-0.16832545257717507	-0.08086974199656163	0.6131620365971334	-0.11817414522387773	0.31320010486944944	3.0719556849980036	0.8270242615297722	0.0	0.0	0.0	0.0	mel3_rep1	mel3
12x6	12.0	6.0	9603	3918	3.982406928863795	0.4888460510390694	0.13074382867736634	-0.16832545257717507	0.382513807731011	0.8566591709876655	-0.0035808453900065124	0.14486883437880987	2.522102375158147	0.0	0.7136070660924515	0.0	1.4168293233108966	0.0	mel3_rep1	mel3
12x7	12.0	7.0	9862	3693	3.993964998195119	-0.1470026832711907	-0.14804638410564752	-0.16832545257717507	-0.12427327333066958	-0.5138389395574899	0.8446003008534775	-0.015369478598886382	2.903500902382424	0.0	0.0	0.0	1.3967345013386117	0.7001193706792325	mel3_rep1	mel3
12x8	12.0	8.0	4020	2175	3.60422605308447	0.08762831937340619	-0.14804638410564752	-0.16832545257717507	0.3218743968951891	0.5359505436128446	0.3757565938132466	-0.3756929232978269	3.2533012857139965	0.0	0.0	0.0	0.0	0.0	mel3_rep1	mel3
12x9	12.0	9.0	2696	1539	3.4307198878632823	-0.28277794273076706	-0.14804638410564752	-0.16832545257717507	-0.048261848669711276	0.40576645111686566	-0.4426824156273272	-0.6539781564806606	3.5375561286447006	0.0	0.0	0.0	0.0	0.0	mel3_rep1	mel3
12x10	12.0	10.0	2964	1730	3.4718781993072905	0.3581794883097748	-0.14804638410564752	-0.16832545257717507	-0.3637254555060642	0.21284868062353646	0.08589790615018728	0.22689869609120872	2.4088763494672967	0.0	0.0	0.0	1.4756365778454603	0.0	mel3_rep1	mel3
12x11	12.0	11.0	7589	3355	3.8801845528264334	0.24565712060246442	-0.14804638410564752	-0.16832545257717507	0.5838686278771437	0.5066126490870267	0.023446797847923816	1.1405985805382746	3.1527720612811856	0.0	0.0	0.0	1.8359018116726522	0.840573876228412	mel3_rep1	mel3
12x12	12.0	12.0	4742	2386	3.675961549642169	0.585803431587612	-0.14804638410564752	-0.16832545257717507	0.8106552820059248	0.8384488905783568	-0.07489329995802983	0.0888092526557421	2.613951153179689	0.0	0.0	0.0	1.1342415751238832	0.0	mel3_rep1	mel3
12x13	12.0	13.0	8235	3637	3.9156636035057732	0.32107563904272035	-0.14804638410564752	-0.16832545257717507	-0.3637254555060642	-0.4567924535789978	0.24478550493760665	0.2478089511118481	3.589488402705629	0.0	1.2321689794951964	0.0	1.7676915349929134	0.0	mel3_rep1	mel3
12x14	12.0	14.0	3203	1884	3.5055569386638217	-0.42894586936174944	-0.14804638410564752	-0.16832545257717507	-0.3637254555060642	0.5203488047980214	-0.2703964650924719	-0.6539781564806606	3.129148533106997	0.0	0.0	0.0	0.0	0.0	mel3_rep1	mel3
12x15	12.0	15.0	7736	3156	3.8885164610749454	0.11595961308371575	0.7252434787105496	-0.16832545257717507	-0.09965624071547749	0.5072458100441445	-0.17153574510880046	-0.42123332308843403	2.6337990319967473	0.0	0.0	1.2768464502317292	1.8198010720687876	0.0	mel3_rep1	mel3
12x16	12.0	16.0	10284	4075	4.012162067970823	-0.21291121385919112	0.15401511980273475	-0.16832545257717507	0.14030564753083336	0.13011748647262145	0.2772174923452925	0.3471599811961082	3.192006983698855	0.0	0.6792431085291296	0.0	0.0	0.0	mel3_rep1	mel3
12x17	12.0	17.0	8503	3549	3.92957217907655	-0.004493164988852821	-0.14804638410564752	-0.16832545257717507	0.2096797010200253	-0.22377966990552853	0.7296044637959824	0.34847429760212467	2.860186117655243	0.0	0.0	0.0	1.2095903024890666	0.7775138386959237	mel3_rep1	mel3
12x18	12.0	18.0	7543	3402	3.877544107715944	0.9569419321423711	-0.14804638410564752	-0.16832545257717507	-0.3637254555060642	0.2477844928035888	0.4465536324865727	0.5527132073009711	2.97349967784683	0.0	0.0	0.8440350290755538	0.8440350290755538	1.2951284389581788	mel3_rep1	mel3
12x19	12.0	19.0	4834	2376	3.6843066460716316	-0.5679160064525627	-0.14804638410564752	-0.16832545257717507	-0.3637254555060642	-0.29462280869632385	0.7612480485110957	0.1696645014036906	1.974919639028302	0.0	0.0	0.0	0.0	0.0	mel3_rep1	mel3
12x20	12.0	20.0	6320	3133	3.800717078282385	-0.06618112587617009	-0.14804638410564752	-0.16832545257717507	1.0612349314865812	-0.6003241263691466	-0.13520352100598745	0.7015315216228887	3.0712858549222397	0.0	0.0	0.0	0.9486721413771949	0.0	mel3_rep1	mel3
12x21	12.0	21.0	5174	2661	3.7138264243805246	-0.3248594772545005	-0.14804638410564752	-0.16832545257717507	-0.036512080661406585	-0.0639596902450354	-0.13450059647354456	-0.17126278010224488	2.366845744064288	0.0	1.0759373531520458	0.0	1.0759373531520458	0.0	mel3_rep1	mel3
12x22	12.0	22.0	4109	2235	3.6137361412618714	-0.3941816763913863	-0.14804638410564752	3.1219522123848185	-0.3637254555060642	0.8162666162349362	-0.08432280945394786	-0.6539781564806606	2.373484153362357	0.0	0.0	0.0	0.0	0.0	mel3_rep1	mel3
12x23	12.0	23.0	4393	2398	3.6427612032653203	-0.2037751446543609	-0.14804638410564752	-0.16832545257717507	-0.11829362865761027	0.8492518094540578	-0.2624843208769853	-0.05671717258669495	2.829349486397531	0.0	1.7142838409001677	0.0	1.1867296122868913	1.1867296122868913	mel3_rep1	mel3
12x24	12.0	24.0	4281	2381	3.631545227834309	-0.2656249389002348	-0.14804638410564752	-0.16832545257717507	-0.3637254555060642	-0.38023468658165643	-0.42633010891832623	0.7958930212286195	3.445747992046705	0.0	0.0	0.0	2.0804046376698775	0.0	mel3_rep1	mel3
13x6	13.0	6.0	5107	2552	3.70816585785554	-0.1821397584387982	-0.14804638410564752	2.339958074398272	0.5103049996904955	1.5640342968912593	-0.3129743183537134	-0.3417785212999359	2.3786646021665296	0.0	1.084546064896081	0.0	1.9277883931221849	1.084546064896081	mel3_rep1	mel3
13x7	13.0	7.0	6547	3080	3.816042340921997	0.20228002949225163	-0.14804638410564752	-0.16832545257717507	-0.3637254555060642	-0.31661724781221273	0.19717354777376953	-0.2509972703257382	3.037661948245048	0.0	0.0	0.0	0.0	0.9271978870507529	mel3_rep1	mel3
13x8	13.0	8.0	6562	3082	3.817036226050029	0.11086398168285821	-0.14804638410564752	-0.16832545257717507	-0.3637254555060642	0.17052893882509237	0.5990043346414953	0.07847627478073446	2.5795654856527803	0.0	0.0	0.0	1.3981861884391489	1.7177140151459835	mel3_rep1	mel3
13x9	13.0	9.0	4352	2335	3.6386888866901237	-0.17238050350680645	-0.14804638410564752	-0.16832545257717507	0.3064890086328059	0.9120086681312246	-0.5579869972804476	-0.3881567356315988	3.2686459009239814	0.0	0.0	0.0	1.1932537957627989	1.1932537957627989	mel3_rep1	mel3
13x10	13.0	10.0	2538	1530	3.404491617758686	-0.011978908361376174	-0.14804638410564752	-0.16832545257717507	0.291845392834737	0.9538888152804139	-0.5178409303798118	-0.6539781564806606	3.030160348005411	0.0	1.597387663559581	0.0	0.0	0.0	mel3_rep1	mel3
13x11	13.0	11.0	5054	2525	3.703635237583896	0.013296456710689223	0.33733089965984964	-0.16832545257717507	-0.03781050437973016	0.31859655946168736	-0.1919346210669836	-0.3478085085072507	3.1252215744033918	0.0	0.0	1.0914637276463377	0.0	0.0	mel3_rep1	mel3
13x12	13.0	12.0	4319	2228	3.6353832040474985	-0.17049599785287173	-0.14804638410564752	3.028416080616976	1.7785135115804065	1.8853679201165574	-0.5278850022894682	-0.04195300011044586	2.700831183507605	0.0	0.0	0.0	0.0	0.0	mel3_rep1	mel3
13x13	13.0	13.0	6596	3144	3.8192806469724814	0.24951558413372643	-0.14804638410564752	-0.16832545257717507	0.11096366882831428	-0.28444707511702205	-0.01366157597106296	-0.3433702006474565	2.6840739277962955	0.922698297773269	0.0	0.0	1.394297423842856	0.0	mel3_rep1	mel3
13x14	13.0	14.0	5908	3042	3.771440486639912	-0.5962501067216487	-0.14804638410564752	-0.16832545257717507	0.9498515005085899	0.4753580917506807	-0.5041108441198645	0.5464738985421921	2.8862634280500625	0.0	0.0	0.0	0.9905147626763108	1.8046527472253087	mel3_rep1	mel3
13x15	13.0	15.0	6882	3179	3.8377146682849115	0.3763597946437089	-0.14804638410564752	-0.16832545257717507	-0.3637254555060642	-0.21281101934402646	0.11863545924438074	1.03019489903284	3.0607202359619214	0.8973386581862396	0.0	0.0	0.8973386581862396	0.8973386581862396	mel3_rep1	mel3
13x16	13.0	16.0	7853	3488	3.8950355974523228	-0.22639090971092976	-0.14804638410564752	-0.16832545257717507	-0.3637254555060642	-0.05339464799970164	0.14683120094023042	0.6252527047977461	3.226628706326013	0.0	0.8212759369380871	0.0	1.2660450561073673	1.807238187465683	mel3_rep1	mel3
13x17	13.0	17.0	7060	3346	3.8488047010518036	-0.14645302617130898	-0.14804638410564752	-0.16832545257717507	-0.18125557348862603	-0.0497836624238076	-0.171367761175787	0.17737097505195157	2.7189443734600847	0.0	0.8822914905583823	0.8822914905583823	1.3436115712374912	0.0	mel3_rep1	mel3
13x18	13.0	18.0	7602	3481	3.880927865267085	-0.1934692056222848	-0.14804638410564752	-0.16832545257717507	-0.3637254555060642	-0.5569693145156904	0.34419616377065176	0.1313753137903456	3.03166149713153	0.839601161384563	0.0	0.0	1.5986458699035364	1.2894768632987912	mel3_rep1	mel3
13x19	13.0	19.0	4662	2442	3.668572269184558	-0.3202476549059074	-0.14804638410564752	-0.16832545257717507	-0.1304510781480446	-0.1729411928774671	0.6876648791887302	-0.3987247823115705	3.010868111889806	0.0	0.0	0.0	1.6658190568347733	0.0	mel3_rep1	mel3
13x20	13.0	20.0	5598	2675	3.7480328941301435	-0.5006283805554689	0.17973530405774513	-0.16832545257717507	0.414936141382581	-0.41597292998216634	0.0794737830806699	-0.13824717739972847	3.2584400083112444	0.0	1.5201048323403383	0.0	1.8498800654112995	0.0	mel3_rep1	mel3
13x21	13.0	21.0	7037	3325	3.8473875510273956	0.01911472436211749	0.4371602138623293	-0.16832545257717507	-0.3637254555060642	-0.6818831263207659	0.09677646811726794	0.03334530428887483	2.969069019373268	0.0	0.0	0.0	1.346024355289744	0.0	mel3_rep1	mel3
13x22	13.0	22.0	3963	2216	3.59802407233419	-0.015042551240282136	-0.14804638410564752	-0.16832545257717507	-0.10732445367877427	0.36384083705680276	-0.05256949655619732	-0.6539781564806606	2.7813034769726794	0.0	0.0	0.0	0.0	0.0	mel3_rep1	mel3
13x23	13.0	23.0	2720	1713	3.4345689040341987	-0.17470817855220247	-0.14804638410564752	-0.16832545257717507	-0.3637254555060642	-0.10278120825254654	-0.3495597035774095	-0.6539781564806606	2.964363009886346	0.0	0.0	0.0	1.54254367760407	0.0	mel3_rep1	mel3
13x24	13.0	24.0	2639	1581	3.4214393902200495	0.1494068085024776	-0.14804638410564752	-0.16832545257717507	-0.3637254555060642	1.5757602508795447	-0.4289571850001627	0.1343580904556705	2.149274025226982	0.0	0.0	0.0	1.5663872141438022	0.0	mel3_rep1	mel3
13x25	13.0	25.0	2483	1492	3.394976719554564	-0.038097038644416936	-0.14804638410564752	-0.16832545257717507	-0.3637254555060642	-0.39602647213532055	0.025506286736895298	-0.008981098626085782	3.051021801110115	1.6149002121428844	0.0	0.0	0.0	0.0	mel3_rep1	mel3
13x26	13.0	26.0	1375	958	3.1383026981662816	0.12884097542945216	-0.14804638410564752	-0.16832545257717507	-0.3637254555060642	-0.0025081223926434006	-0.2675938182267267	-0.04573597639397455	2.1129642337184795	0.0	0.0	0.0	2.1129642337184795	2.1129642337184795	mel3_rep1	mel3
13x27	13.0	27.0	912	672	2.959994838328416	0.3622409973288563	-0.14804638410564752	-0.16832545257717507	-0.3637254555060642	0.28264861163417515	-0.24847844018311183	-0.6539781564806606	0.0	0.0	0.0	0.0	2.481978390008912	0.0	mel3_rep1	mel3
14x6	14.0	6.0	9513	3925	3.978317496746751	0.28785719174094127	-0.14804638410564752	1.4932039079224284	0.38754853023553804	0.591343064313163	0.02435688492610668	-0.19495772943382628	2.819466139381446	0.0	0.0	0.0	0.7184216258885416	1.1321715600175375	mel3_rep1	mel3
14x7	14.0	7.0	4273	2280	3.6307328928171967	0.5050123354185825	-0.14804638410564752	3.0483931275840725	0.41139152884696817	0.2740753029668751	-0.03421000202573638	-0.3156646044350095	2.338058853767629	0.0	0.0	0.0	0.0	0.0	mel3_rep1	mel3
14x8	14.0	8.0	4538	2455	3.6568644915489172	-0.28936954879826265	-0.14804638410564752	-0.16832545257717507	-0.12293661215708156	0.2534228115797089	-0.16356426472373597	0.13763476668756808	2.0295737808048284	0.0	0.0	0.0	1.1642795247047937	0.0	mel3_rep1	mel3
14x9	14.0	9.0	5706	2869	3.7563317673210577	0.18808131919934587	-0.14804638410564752	-0.16832545257717507	-0.15758735934434642	0.40468480691599423	-0.2345587849894864	1.590723381096963	3.3064513609516375	1.5052061748966319	0.0	0.0	1.5052061748966319	0.0	mel3_rep1	mel3
14x10	14.0	10.0	5254	2538	3.7204900684500513	-0.5050078295318826	-0.14804638410564752	-0.16832545257717507	0.16589505153217646	0.33188680507874624	0.06864378413507018	0.06907011700863826	3.507246658927252	0.0	0.0	0.0	1.0658520724786986	1.0658520724786986	mel3_rep1	mel3
14x11	14.0	11.0	8532	3609	3.9310508467773912	0.2843462776885912	-0.14804638410564752	-0.16832545257717507	1.4081960797572233	0.8630537873962595	-0.012619081717543527	-0.04030650648410387	2.7872775452624654	0.0	0.0	0.7756751669452978	0.7756751669452978	1.2072024638066876	mel3_rep1	mel3
14x12	14.0	12.0	8190	3615	3.9132839017604186	0.41281974570373065	0.2473303140181456	-0.16832545257717507	-0.3637254555060642	0.46124540383197504	0.12503926287904651	0.7169264801848338	2.8955813363371092	0.0	0.0	0.0	1.9607996208036005	0.0	mel3_rep1	mel3
14x13	14.0	13.0	2883	1791	3.459844642388208	0.16719154943522035	-0.14804638410564752	-0.16832545257717507	0.2506777908640817	-0.7124545972887137	-0.3602531087839772	0.6584055146643427	2.434124388245431	0.0	0.0	0.0	2.071562858141122	0.0	mel3_rep1	mel3
14x14	14.0	14.0	9306	3914	3.9687630481972485	-0.2495362669936273	-0.14804638410564752	-0.16832545257717507	-0.3637254555060642	-0.3209646905329046	0.18823622327070968	0.3495769641590364	3.365188926132048	0.0	0.0	0.0	1.1471329197933766	0.7297565750039665	mel3_rep1	mel3
14x15	14.0	15.0	9761	3954	3.989494312772709	-0.2882056473033179	-0.14804638410564752	-0.16832545257717507	-0.3637254555060642	-0.009651392709968176	0.5171706429783833	0.6124498954131401	3.2421096064099686	0.0	0.7053154441338376	1.1148039573580613	1.404491678184699	1.1148039573580613	mel3_rep1	mel3
14x16	14.0	16.0	10740	4193	4.031004281363537	-0.33166089721419667	0.7748687349438493	-0.16832545257717507	1.1473469192513772	0.7091792082969693	-0.194251944437132	-0.07856149087753168	2.499235529103865	0.0	0.0	0.0	1.3332353217179411	1.0515896490297312	mel3_rep1	mel3
14x17	14.0	17.0	4419	2381	3.6453240015622934	-0.261650320589301	-0.14804638410564752	-0.16832545257717507	1.8586907510661386	1.3922573038874102	-0.19366794461292966	-0.05008741163153203	2.307753879682461	0.0	0.0	0.0	1.7094480916545298	1.182633355175907	mel3_rep1	mel3
14x18	14.0	18.0	8137	3690	3.910464315995614	0.01769061537621566	-0.14804638410564752	-0.16832545257717507	0.3906751445234886	-0.037400446239302686	-0.6219844642279667	0.08066825873345969	2.3824708603603564	0.0	0.0	0.0	0.8015324889207659	0.0	mel3_rep1	mel3
14x19	14.0	19.0	5661	2817	3.752893154884594	0.12726210496097862	-0.14804638410564752	-0.16832545257717507	-0.15327751908729384	0.25495736738680735	0.0996423060461631	-0.14185084529236713	3.0999872498704693	0.0	1.017572990429774	1.017572990429774	1.017572990429774	1.017572990429774	mel3_rep1	mel3
14x20	14.0	20.0	2691	1451	3.4299136977637543	-0.5417670402802949	-0.14804638410564752	-0.16832545257717507	-0.3637254555060642	-0.5187844375258653	-0.3097733338780281	-0.21890821086482717	2.974531791229712	0.0	0.0	0.0	0.0	0.0	mel3_rep1	mel3
14x21	14.0	21.0	7152	3159	3.854427505787861	-0.168129540803634	-0.14804638410564752	-0.16832545257717507	-0.058039849970868654	-0.6467746961094359	0.13442439411493445	0.35014416265270093	3.089821451985621	0.0	0.0	0.0	0.8747227470171784	0.0	mel3_rep1	mel3
14x22	14.0	22.0	4796	2592	3.6808791744268112	-0.3675639718586849	0.2920809599670713	-0.16832545257717507	0.1960680146829976	-0.719681202178908	-0.1318165744919729	0.4457106374401478	2.746982170449446	0.0	0.0	1.1265746368049399	1.6429001126744052	0.0	mel3_rep1	mel3
14x23	14.0	23.0	1745	1187	3.241795431295199	0.2220312980872578	-0.14804638410564752	-0.16832545257717507	-0.3637254555060642	0.1788907408625915	-0.4013963767103699	-0.09201145280916875	3.566258444915395	0.0	0.0	0.0	1.9066730624564856	0.0	mel3_rep1	mel3
14x24	14.0	24.0	1527	856	3.1838390370564214	-0.39274965102893	-0.14804638410564752	-0.16832545257717507	-0.3637254555060642	-0.6565896510797541	0.013383481182680542	0.6023480598143988	2.02138708338238	0.0	0.0	0.0	2.6460029349758143	0.0	mel3_rep1	mel3
14x25	14.0	25.0	1046	744	3.0195316845312554	-0.8965622305250659	-0.14804638410564752	-0.16832545257717507	-0.3637254555060642	0.09888505936427903	0.11604389364676825	0.007217382956094287	3.3904966099615206	0.0	0.0	0.0	0.0	0.0	mel3_rep1	mel3
14x26	14.0	26.0	1097	765	3.0402066275747113	-0.17441899297409227	-0.14804638410564752	-0.16832545257717507	0.4449716126188062	-0.8843090184872654	-0.36875246108840104	-0.6539781564806606	2.956551668985593	0.0	0.0	0.0	0.0	0.0	mel3_rep1	mel3
14x27	14.0	27.0	1658	1059	3.2195845262142546	0.09394729094940829	1.6425310283256944	-0.16832545257717507	-0.3637254555060642	-0.8321499064948319	-0.18553663985129595	-0.6539781564806606	3.223881370286088	0.0	0.0	0.0	0.0	0.0	mel3_rep1	mel3
15x6	15.0	6.0	6934	3223	3.840983837320378	-0.06128469034121485	0.4429057402837948	1.8966976870762695	-0.3637254555060642	-0.12158592285386453	0.14486105537202737	-0.09844743454863167	2.2672702119963932	0.0	0.0	0.0	1.3569525817650183	0.8928865879572537	mel3_rep1	mel3
15x7	15.0	7.0	4311	2265	3.634578022853888	-0.015427093654351354	-0.14804638410564752	-0.16832545257717507	0.8356239731490146	1.6479255161477775	-0.3507919565176661	-0.2686393426170227	1.199858576563741	0.0	0.0	0.0	1.7297590270522527	1.199858576563741	mel3_rep1	mel3
15x8	15.0	8.0	4010	2232	3.603144372620182	1.0652619952473525	-0.14804638410564752	-0.16832545257717507	-0.3637254555060642	-0.2920104013661293	-0.1613216934033188	-0.02438097698154188	2.9154089778908974	0.0	0.0	0.0	0.0	0.0	mel3_rep1	mel3
15x9	15.0	9.0	6860	3179	3.8363241157067516	0.5398954964104709	-0.14804638410564752	-0.16832545257717507	0.12690200139726437	-0.24250326193809646	0.14416002514640322	0.09809193908168559	2.835269195388497	0.0	0.0	0.0	0.0	0.8992365108359155	mel3_rep1	mel3
15x10	15.0	10.0	6760	3071	3.829946695941636	0.2058632084618701	0.4638140696251828	-0.16832545257717507	-0.3637254555060642	0.3765716101551839	0.3353316456904471	-0.19033825593208098	2.2900812087387616	0.0	0.0	0.0	1.375885345205155	1.6933874074326136	mel3_rep1	mel3
15x11	15.0	11.0	5297	2588	3.7240299729355977	0.3678692513461828	-0.14804638410564752	-0.16832545257717507	-0.14439629818358155	-0.357317192114799	0.43897081053239545	-0.12194131544085725	3.554819320635642	0.0	1.0605161081787386	0.0	0.0	1.0605161081787386	mel3_rep1	mel3
15x12	15.0	12.0	6964	3212	3.8428587624452937	-0.02593974644898911	-0.14804638410564752	-0.16832545257717507	-0.18246281393790592	-0.24905878290921737	0.6579526818130247	-0.0758930959488362	2.8211121732371307	0.8903394297064018	0.8903394297064018	0.0	1.3537486210852498	0.0	mel3_rep1	mel3
15x13	15.0	13.0	4812	2493	3.6823256186678073	-0.06196659754444954	0.29120202475602924	-0.16832545257717507	0.2580868568821523	-0.4219375182030398	-0.1724861031287652	-0.20491868859188495	2.980783185416164	0.0	0.0	0.0	1.124324864938934	1.6402146089984386	mel3_rep1	mel3
15x14	15.0	14.0	3424	2022	3.5345337560051155	0.2915098107609058	-0.14804638410564752	-0.16832545257717507	-0.3637254555060642	-0.3910709436577022	-0.17231752798180083	-0.2606910605735267	2.278464746534714	0.0	0.0	0.0	0.0	0.0	mel3_rep1	mel3
15x15	15.0	15.0	4977	2555	3.696967640744023	0.056527622885095705	-0.14804638410564752	-0.16832545257717507	-0.3637254555060642	-0.6920019956708107	0.7941118458168822	-0.3368438964178747	3.615404193148674	0.0	0.0	1.1016883911338415	1.6131281015320418	1.1016883911338415	mel3_rep1	mel3
15x16	15.0	16.0	7381	3371	3.868115205327217	-0.19509951959878716	-0.14804638410564752	-0.16832545257717507	-0.18659611407741664	-0.733909075843712	0.39639992146372216	0.17061557470151528	3.234234846469739	0.0	0.8564685247934277	0.0	0.0	1.3109402114149347	mel3_rep1	mel3
15x17	15.0	17.0	4728	2542	3.674677467873199	-0.25821472632962833	-0.14804638410564752	-0.16832545257717507	-0.3637254555060642	0.9464481325768426	-0.44568952569723824	0.7024501410282828	2.885943845437571	0.0	0.0	1.1362481638269797	1.1362481638269797	0.0	mel3_rep1	mel3
15x18	15.0	18.0	7102	3267	3.851380667965597	-0.12805273771327488	-0.14804638410564752	-0.16832545257717507	0.11859661220233475	0.6228462436590015	-0.348261313864168	0.07669035048480663	3.158227969889735	0.0	0.0	0.0	1.6532944419952853	1.339231091379626	mel3_rep1	mel3
15x19	15.0	19.0	5803	2982	3.7636525705645303	0.6769919929764442	-0.14804638410564752	-0.16832545257717507	0.04742528108936121	0.5309710809525896	-0.6882643431514579	0.9768700964532636	2.9032038492012453	0.0	0.0	0.0	1.8196566635699347	0.0	mel3_rep1	mel3
15x20	15.0	20.0	4588	2438	3.66162340922923	-0.28391032368187763	-0.14804638410564752	-0.16832545257717507	0.11100896386751187	-0.30365519241892497	0.5849855727312311	-0.1473940753371806	3.126584623029194	0.0	0.0	0.0	0.0	0.0	mel3_rep1	mel3
15x21	15.0	21.0	3537	1937	3.5486350598147514	0.24686516353782897	-0.14804638410564752	-0.16832545257717507	0.3031860223834325	-0.41540514590599864	0.5908489706930682	-0.35498759162766497	3.8931119229117885	0.0	1.3421477669803055	0.0	1.8952947408364753	0.0	mel3_rep1	mel3
15x23	15.0	23.0	2955	1738	3.4705574852172743	0.022566826356004304	-0.14804638410564752	-0.16832545257717507	-0.05805843242941807	-0.23726754085603122	0.15950291104235867	-0.11673559476650311	3.448616854224119	0.0	0.0	0.0	2.0500371268431237	0.0	mel3_rep1	mel3
15x24	15.0	24.0	1153	823	3.061829307294699	-0.12305684997910715	-0.14804638410564752	-0.16832545257717507	0.10560519067785656	-0.0008541126016208869	-1.0085602100912707	-0.0007209622954240658	2.909414498118091	0.0	0.0	0.0	2.2693412787254776	0.0	mel3_rep1	mel3
15x25	15.0	25.0	565	437	2.7520484478194387	1.1623687859900464	-0.14804638410564752	-0.16832545257717507	-0.3637254555060642	-0.7425310098126464	0.031231292600832693	-0.6539781564806606	3.990785111316385	0.0	0.0	0.0	0.0	0.0	mel3_rep1	mel3
15x26	15.0	26.0	992	697	2.9965116721541785	-0.2571088041763478	-0.14804638410564752	-0.16832545257717507	0.13370260312026624	0.1386039315808906	-0.3161767997864332	-0.11817122335192298	0.0	0.0	0.0	0.0	0.0	2.405199907177258	mel3_rep1	mel3
15x27	15.0	27.0	1155	806	3.062581984228163	-0.5411923618710547	0.7379271232029544	-0.16832545257717507	-0.3637254555060642	-0.16645633679015098	-0.9571492084140939	-0.6539781564806606	3.7907598953571466	0.0	0.0	0.0	0.0	0.0	mel3_rep1	mel3
16x6	16.0	6.0	4541	2395	3.657151501900967	0.04027667583336755	-0.14804638410564752	5.627399493787671	-0.014789971438995258	-0.7655016418128026	0.23827825753556126	-0.3189571277580547	1.6871979361329519	0.0	0.0	0.0	0.0	0.0	mel3_rep1	mel3
16x7	16.0	7.0	3592	2027	3.5553363279952666	0.0052443774360188605	-0.14804638410564752	-0.16832545257717507	0.6474851910511182	0.8979484185495737	-0.09733952887415712	-0.2346803616877317	2.8737785258308586	0.0	0.0	0.0	0.0	0.0	mel3_rep1	mel3
16x8	16.0	8.0	2965	1729	3.4720246977002813	0.41597838139857396	0.42834994979149155	-0.16832545257717507	0.140877202387166	0.640969050599908	0.06453544816093092	-0.22927331033245033	2.047094285328068	0.0	0.0	0.0	2.047094285328068	0.0	mel3_rep1	mel3
16x9	16.0	9.0	7114	3301	3.8521138608497614	0.11443998911018019	-0.14804638410564752	-0.16832545257717507	-0.3637254555060642	-1.0130882688485612	0.36553492490267253	0.284937198518771	2.5051529322033423	0.0	0.8778321684695997	0.0	1.3379855261309341	0.8778321684695997	mel3_rep1	mel3
16x10	16.0	10.0	7808	3237	3.8925398046586355	-0.2420594811164425	-0.14804638410564752	-0.16832545257717507	-0.3637254555060642	-0.11047469458868042	0.8965542690928139	-0.30258666413075125	3.1802713152651325	0.0	0.0	0.0	0.8244989454223977	0.8244989454223977	mel3_rep1	mel3
16x11	16.0	11.0	2664	1559	3.4255342204982635	0.03481942557678002	-0.14804638410564752	-0.16832545257717507	-0.04634470301565708	-0.4965657853048677	0.5136117887206773	-0.6539781564806606	3.1579583673867946	0.0	0.0	0.0	1.5589345699005683	0.0	mel3_rep1	mel3
16x12	16.0	12.0	4947	2564	3.694341910364181	0.2186760080455363	0.20564350389348762	-0.16832545257717507	-0.13504559951648207	-0.23573292367265367	0.6474481657819021	-0.29354211022275184	3.145689820319442	0.0	0.0	0.0	1.955051295840178	0.0	mel3_rep1	mel3
16x13	16.0	13.0	7236	3372	3.8594985581877763	-0.19078417181831966	-0.14804638410564752	-0.16832545257717507	-0.3637254555060642	-0.15011928754521645	0.42173110163370015	-0.04556828562559447	3.2533012857139965	0.0	0.8679316522205428	0.0	1.3254710600876716	0.0	mel3_rep1	mel3
16x14	16.0	14.0	3207	1903	3.5060989599284405	-0.46378550343127994	-0.14804638410564752	-0.16832545257717507	-0.3637254555060642	-0.5882209961957064	0.10377902609065642	0.308383262664503	2.600666598449501	1.4154110713506494	0.0	0.0	0.0	1.4154110713506494	mel3_rep1	mel3
16x15	16.0	15.0	5430	2786	3.734799829588847	-0.07001336353790476	-0.14804638410564752	-0.16832545257717507	-0.3637254555060642	-0.9174523688728375	0.6364618989103626	0.056814613346736875	2.489041734935803	0.0	0.0	0.0	1.543990445488184	0.0	mel3_rep1	mel3
16x16	16.0	16.0	3713	2002	3.569724949226159	0.0277275313349938	-0.14804638410564752	-0.16832545257717507	-0.3637254555060642	-0.7233667954773367	0.4529722082149613	-0.36292793661215395	3.1155541068470405	1.306504112822774	0.0	0.0	1.306504112822774	1.306504112822774	mel3_rep1	mel3
16x17	16.0	17.0	4560	2463	3.658964842664435	-0.13314847982137915	-0.14804638410564752	-0.16832545257717507	-0.015493438888294677	0.7799899823672453	-0.6496759977666484	0.26450609834540123	3.223776079686041	0.0	0.0	0.0	1.683796479752647	0.0	mel3_rep1	mel3
16x18	16.0	18.0	3151	1823	3.4984484031739997	-0.16700040282394424	0.41014498540931765	-0.16832545257717507	0.4204304905605928	1.5874233192269946	-0.4739972071033296	0.20158746769984445	1.994318113368438	0.0	0.0	0.0	1.4287779385846904	0.0	mel3_rep1	mel3
16x19	16.0	19.0	6119	3012	3.7866804531966487	-0.4641129306198279	1.2054082852395642	-0.16832545257717507	-0.025232963568513716	1.119900823808525	-0.44944382528161203	-0.15937973971564923	2.2160757516357243	0.9686000159343907	0.0	0.0	0.9686000159343907	0.9686000159343907	mel3_rep1	mel3
16x20	16.0	20.0	1513	994	3.179838928023187	-0.190812417061267	-0.14804638410564752	-0.16832545257717507	-0.3637254555060642	0.24881364975738327	-0.44154149778162316	1.3532897224086111	3.0363057243015	0.0	0.0	0.0	2.0293823968853086	0.0	mel3_rep1	mel3
16x21	16.0	21.0	2380	1481	3.376576957056512	-0.4581591498546933	-0.14804638410564752	-0.16832545257717507	-0.3637254555060642	-0.6245552037792911	0.044017438165605396	-0.6539781564806606	3.0914243513961823	0.0	0.0	0.0	1.6489817795730668	0.0	mel3_rep1	mel3
16x22	16.0	22.0	4251	2305	3.628491104967123	0.10169821516600946	-0.14804638410564752	-0.16832545257717507	-0.11745028747455451	-0.4946226597146392	-0.05362989745980502	0.437977519574384	2.5464671760537505	0.0	0.0	0.0	0.0	1.209672830314422	mel3_rep1	mel3
16x23	16.0	23.0	2194	1455	3.3412366232386925	-0.21026483061533727	-0.14804638410564752	-0.16832545257717507	-0.3637254555060642	-0.33912590182703356	-0.22150440905535518	-0.13846654618181597	3.16924118390042	0.0	0.0	0.0	0.0	0.0	mel3_rep1	mel3
16x24	16.0	24.0	1488	998	3.17260293120986	-0.35317300157049664	-0.14804638410564752	-0.16832545257717507	0.05238246538092002	1.055040230751381	-0.16300935114349835	-0.06562556113714227	2.043870075894968	0.0	0.0	0.0	2.670061703369982	0.0	mel3_rep1	mel3
16x25	16.0	25.0	1345	890	3.128722284338427	-0.07854833715522724	-0.14804638410564752	-0.16832545257717507	-0.3637254555060642	0.7581735945022879	-0.15664845016896548	-0.17894668469674085	2.1323831051780027	0.0	0.0	0.0	0.0	0.0	mel3_rep1	mel3
16x26	16.0	26.0	978	684	2.9903388547876015	-0.2536688115633587	0.6254442757615567	-0.16832545257717507	-0.3637254555060642	0.5130314080314603	-1.539386448031926	-0.11528880562452763	2.418138879075017	0.0	0.0	0.0	0.0	0.0	mel3_rep1	mel3
17x6	17.0	6.0	1998	1319	3.3005954838899636	0.47068969330818944	0.42535085870119493	-0.16832545257717507	0.0012254654359239367	-0.33412195872873546	-0.6026538362669454	-0.11959584949381985	0.0	1.7925932890045395	0.0	0.0	0.0	0.0	mel3_rep1	mel3
17x7	17.0	7.0	3924	2177	3.593728998707911	0.41368471847310195	-0.14804638410564752	2.7607775892087223	0.5892138567259989	0.670464884883656	-0.5678933247041162	-0.37183912102932687	2.6204641061257012	0.0	0.0	0.0	0.0	0.0	mel3_rep1	mel3
17x8	17.0	8.0	2513	1465	3.400192488592576	-0.20783745328915648	-0.14804638410564752	3.5443103806551637	-0.3637254555060642	0.6514174010890681	-0.5642189859735603	-0.6539781564806606	2.5601627507955635	0.0	0.0	0.0	1.6052908453214627	0.0	mel3_rep1	mel3
17x9	17.0	9.0	4410	2387	3.6444385894678386	-0.24873286213410417	0.8813038425841189	-0.16832545257717507	1.4105593670437675	0.963027448281966	-0.08871364389797848	-0.39020757511058307	2.951811188536874	0.0	0.0	0.0	0.0	0.0	mel3_rep1	mel3
17x10	17.0	10.0	4114	2122	3.614264287358705	0.013352252778185488	0.24628050440149368	-0.16832545257717507	-0.1127476858739418	0.006874367245883713	0.7834458942907792	-0.3793533851466414	3.952112792231709	0.0	0.0	0.0	0.0	0.0	mel3_rep1	mel3
17x11	17.0	11.0	1372	958	3.137354111370733	-0.020609215476881868	-0.14804638410564752	-0.16832545257717507	0.07366146178682396	-0.3379414163443073	-0.8751529800911343	-0.6539781564806606	2.11488466448506	0.0	0.0	0.0	2.11488466448506	0.0	mel3_rep1	mel3
17x12	17.0	12.0	2161	1415	3.3346547668832414	-0.21837340924287096	-0.14804638410564752	-0.16832545257717507	-0.006421239070826169	-0.3887381131134077	0.6132413015101605	1.0180171332347885	3.638109659394414	0.0	0.0	0.0	1.7276630324741136	0.0	mel3_rep1	mel3
17x13	17.0	13.0	5899	2925	3.7707783961691477	-0.06483434377517727	-0.14804638410564752	-0.16832545257717507	-0.16187313274070855	0.3759284919232939	0.02814040353513103	0.3248848718393596	3.0606971531860636	0.0	0.0	0.0	1.4794215129005568	1.4794215129005568	mel3_rep1	mel3
17x14	17.0	14.0	5790	2543	3.762678563727436	0.10997335867309731	-0.14804638410564752	-0.16832545257717507	-0.1562408382314872	0.5427178048063676	0.19182204992605437	0.5555107086017795	2.4303355595130025	0.0	0.0	0.0	1.003244536682647	0.0	mel3_rep1	mel3
17x15	17.0	15.0	5030	2533	3.7015679850559273	-0.3617838584619294	-0.14804638410564752	-0.16832545257717507	0.23350859047795372	-0.24645094485127483	0.3600548181237967	-0.20385170594216748	3.2900769918613033	0.0	0.0	0.0	0.0	0.0	mel3_rep1	mel3
17x16	17.0	16.0	5686	2816	3.754806855354423	0.18624492027009001	0.17654564496352798	-0.16832545257717507	-0.3637254555060642	-0.5719506902236274	0.520361356971818	0.035975041916884276	3.0957797198718335	1.0147615815616666	0.0	0.0	1.507939083162056	1.0147615815616666	mel3_rep1	mel3
17x17	17.0	17.0	6394	2991	3.8057726319356693	-0.05104044850520358	-0.14804638410564752	-0.16832545257717507	-0.3637254555060642	-0.21099603925893776	0.22650412045850354	0.3661496971914809	2.81178913370242	0.0	0.0	0.0	0.9415553635931893	0.0	mel3_rep1	mel3
17x18	17.0	18.0	6392	3048	3.805636766305935	-0.016145247263449174	-0.14804638410564752	2.0096977432195917	0.7195840122586468	1.345595224663305	-0.23828523940606414	0.4058507603304678	2.9843409801065746	0.0	0.0	0.0	0.0	0.0	mel3_rep1	mel3
17x19	17.0	19.0	3541	2098	3.5491259267581112	-0.2905936350180292	-0.14804638410564752	-0.16832545257717507	-0.3637254555060642	-0.44468161680969304	-0.2875218310342635	0.02108201060664342	2.5092938497992	0.0	0.0	0.0	1.8943344086836793	0.0	mel3_rep1	mel3
17x20	17.0	20.0	4136	2264	3.616580530085886	-0.17411474905284566	-0.14804638410564752	-0.16832545257717507	-0.3637254555060642	0.056073184572912695	0.46431867304779106	0.04455212568764892	2.8861721070782624	0.0	0.0	0.0	0.0	1.2289955978112672	mel3_rep1	mel3
17x21	17.0	21.0	3946	2074	3.5961570809161723	-0.3244070229103355	-0.14804638410564752	-0.16832545257717507	0.4351564519194044	-0.4842644586617866	-0.1372634914028916	-0.6539781564806606	2.6152811386302672	0.0	0.0	0.0	0.0	0.0	mel3_rep1	mel3
17x22	17.0	22.0	6997	3304	3.8449118739121406	-0.21035474430117856	-0.14804638410564752	-0.16832545257717507	-0.06016712022934622	-0.8271791989724265	0.5000594234784566	-0.40500743124328664	2.9744775420143856	0.0	0.8875553721314546	0.0	0.8875553721314546	0.8875553721314546	mel3_rep1	mel3
17x23	17.0	23.0	3394	1931	3.530711837981657	0.5219184933597928	-0.14804638410564752	-0.16832545257717507	-0.3637254555060642	-0.009517077077609107	-0.39222288613950695	-0.22392682141863335	2.286367076314731	0.0	0.0	0.0	1.3727976786758238	1.3727976786758238	mel3_rep1	mel3
17x24	17.0	24.0	1706	1069	3.231979026831504	0.048356695269136045	-0.14804638410564752	-0.16832545257717507	1.3311843562818733	1.0807818377048137	-0.16745422865048012	-0.6539781564806606	2.543437270954336	0.0	0.0	0.0	0.0	0.0	mel3_rep1	mel3
17x25	17.0	25.0	1983	1200	3.2973227142053028	-0.4962367730275419	0.5547347965042032	-0.16832545257717507	0.002504985011150651	1.2961368659541324	-0.5075566398260724	-0.6539781564806606	1.7988781291627207	0.0	0.0	0.0	2.7805936620987888	0.0	mel3_rep1	mel3
17x26	17.0	26.0	1636	1054	3.2137832993353044	-0.8965622305250659	-0.14804638410564752	-0.16832545257717507	0.16196063760169005	1.4766804068308528	-0.10530572332129796	-0.21693649435835657	1.9618495024523999	0.0	0.0	0.0	0.0	1.9618495024523999	mel3_rep1	mel3
18x8	18.0	8.0	4418	2345	3.6452257115354163	0.6159685141090963	-0.14804638410564752	-0.16832545257717507	0.2904214085337123	-0.04761067256820232	0.04332065309477349	-0.32219022159153166	3.415267242694922	0.0	0.0	0.0	0.0	0.0	mel3_rep1	mel3
18x9	18.0	9.0	5894	2945	3.7704101315139065	-0.0996859002186129	-0.14804638410564752	-0.16832545257717507	-0.15856495603605758	-0.6726843308257467	-0.04856441524033633	0.17454419557824946	2.9787410959239766	0.0	0.0	0.9920067952024847	1.4800763973209525	0.0	mel3_rep1	mel3
18x10	18.0	10.0	4934	2527	3.6931991451537174	-0.49551723837087025	-0.14804638410564752	-0.16832545257717507	0.015054252591039406	-0.33019556665954064	0.613627853705525	-0.6539781564806606	3.148208032461478	0.0	0.0	0.0	0.0	0.0	mel3_rep1	mel3
18x11	18.0	11.0	3565	1919	3.5520595341878844	0.19291795836074854	-0.14804638410564752	-0.16832545257717507	0.9470986357899527	-0.4639067311283118	-0.21616513642120339	-0.35628386368267206	3.1544607182746294	0.0	0.0	0.0	1.3363288922446357	1.3363288922446357	mel3_rep1	mel3
18x12	18.0	12.0	3349	1925	3.524915147539867	-0.13999895265533155	-0.14804638410564752	-0.16832545257717507	-0.3637254555060642	-0.15547559498512456	0.3342123427162092	0.17666741957185178	2.9399973275108384	0.0	0.0	0.0	1.3827796818615279	0.0	mel3_rep1	mel3
18x13	18.0	13.0	3797	2233	3.579440597139797	-0.1812953953059762	-0.14804638410564752	-0.16832545257717507	1.3542352301501979	0.03805926046914979	-0.05668551291247051	0.510704344917436	2.4453540406362873	0.0	1.2902398959762313	0.0	0.0	1.2902398959762313	mel3_rep1	mel3
18x14	18.0	14.0	6451	3058	3.80962704189405	-0.019352660264453998	-0.14804638410564752	-0.16832545257717507	-0.036572744176775356	-0.11423829535384494	0.04099318969829579	0.6995684665340647	3.0517304182692166	0.0	0.0	0.0	0.0	0.0	mel3_rep1	mel3
18x15	18.0	15.0	3880	2112	3.5888317255942073	-0.19752465997613733	-0.14804638410564752	-0.16832545257717507	0.31254967488007646	0.01984425289492046	0.3920623158625958	-0.6539781564806606	3.2874012331593656	0.0	1.2746138014434765	0.0	2.1669897161486715	0.0	mel3_rep1	mel3
18x16	18.0	16.0	4514	2353	3.6545615547417434	0.17907056181706527	0.22553967067766162	-0.16832545257717507	-0.3637254555060642	0.23472550231933317	-0.19815215629060798	0.08084672515515734	3.041564293279648	0.0	1.167930022460601	0.0	0.0	0.0	mel3_rep1	mel3
18x17	18.0	17.0	5781	2754	3.7620029693751156	-0.15390674751694766	-0.14804638410564752	-0.16832545257717507	0.7212655394091124	0.8158874332057114	0.4267736965928659	0.370144302786228	2.906794241075718	0.0	0.0	1.0042300066656566	0.0	0.0	mel3_rep1	mel3
18x18	18.0	18.0	5141	2704	3.711047603867034	-0.09839236769161719	-0.14804638410564752	-0.16832545257717507	-0.1403339465232639	-0.49909361280180525	-0.10991192598381305	0.07721159895916982	2.682118735474715	0.0	0.0	0.0	1.0801586829528673	0.0	mel3_rep1	mel3
18x19	18.0	19.0	2748	1648	3.4390167283875126	-0.6412060343469226	-0.14804638410564752	-0.16832545257717507	-0.3637254555060642	0.327710113259671	-0.0805882068176835	0.7267366110257989	2.1136038550844507	1.5345010221949873	0.0	0.0	0.0	1.5345010221949873	mel3_rep1	mel3
18x20	18.0	20.0	4466	2406	3.649918718735419	0.053938764375488536	-0.14804638410564752	-0.16832545257717507	-0.3637254555060642	-0.17773165921698372	0.5828107447981403	0.27586100583008216	1.7007912452067584	0.0	0.0	0.0	1.7007912452067584	1.1753079150091228	mel3_rep1	mel3
18x21	18.0	21.0	1136	814	3.055378331375	0.4794775237197503	-0.14804638410564752	-0.16832545257717507	-0.3637254555060642	0.4543053314058216	0.3599144284781041	-0.6539781564806606	2.9234644274810098	0.0	0.0	0.0	2.282669783293104	0.0	mel3_rep1	mel3
18x22	18.0	22.0	3673	2096	3.5650209283452936	0.1745102919719603	-0.14804638410564752	-0.16832545257717507	-0.3637254555060642	-0.22611424817569	0.07893664980483574	-0.6539781564806606	2.681901314938265	0.0	0.0	0.0	0.0	1.3144143184894144	mel3_rep1	mel3
18x23	18.0	23.0	2151	1343	3.3326404103874627	-0.3363019392378433	-0.14804638410564752	-0.16832545257717507	0.11103210906222118	0.7194550564640013	-0.8041275797398857	-0.26825626836020033	2.331949791913331	0.0	0.0	0.0	0.0	0.0	mel3_rep1	mel3
18x24	18.0	24.0	2071	1295	3.3161800988934527	-0.2652990981088222	0.5406298431111825	-0.16832545257717507	0.6168694199901382	1.4032843678843605	-0.14444462942348985	-0.6539781564806606	3.2245765894934073	0.0	0.0	0.0	2.36623294720479	0.0	mel3_rep1	mel3
18x25	18.0	25.0	1608	1079	3.2062860444124324	-0.3710301435864667	-0.14804638410564752	-0.16832545257717507	0.685059133788691	1.0454332979658525	-0.659646389953815	-0.21362750049753396	2.978419082352315	0.0	0.0	0.0	2.5980724457335396	0.0	mel3_rep1	mel3
19x8	19.0	8.0	4459	2260	3.6492374723496073	-0.17298006029450846	-0.14804638410564752	-0.16832545257717507	-0.3637254555060642	-0.8902918743539404	0.6021147356996981	0.014653862268613071	2.941341683866141	0.0	0.0	0.0	1.1763925324006497	0.0	mel3_rep1	mel3
19x9	19.0	9.0	5995	2932	3.7777891874348675	0.5162993179607197	0.23534511469945668	-0.16832545257717507	0.03902255553671275	-0.12988241961764158	-0.009293126164820526	0.04002172213504309	2.663363366548978	0.0	0.9813503849220038	0.9813503849220038	0.9813503849220038	0.9813503849220038	mel3_rep1	mel3
19x10	19.0	10.0	3721	2110	3.5706596700215343	0.19815780008998235	-0.14804638410564752	-0.16832545257717507	0.09230460008966943	-0.0012310969894864267	0.5228604831217375	-0.36327747563124224	2.9862952481850704	0.0	1.3049350565745526	0.0	0.0	0.0	mel3_rep1	mel3
19x11	19.0	11.0	4938	2516	3.6935510855959133	-0.15404874355870232	-0.14804638410564752	-0.16832545257717507	-0.3637254555060642	-0.6206024164330597	0.35873893428591647	-0.40738311730630106	2.844961187652432	0.0	1.6194323536514068	0.0	1.1069479110118872	0.0	mel3_rep1	mel3
19x12	19.0	12.0	4795	2343	3.6807886115066824	-0.17040746271331772	-0.14804638410564752	-0.16832545257717507	-0.3637254555060642	-0.34460145633449635	0.6107790244983357	0.02810679325449883	3.0844323524897215	0.0	0.0	0.0	1.1267155775167714	0.0	mel3_rep1	mel3
19x13	19.0	13.0	7440	3548	3.8715729355458786	-0.07809020435291564	-0.14804638410564752	-0.16832545257717507	-0.3637254555060642	-0.43421065893481914	-0.5717878549145042	0.24292091567636195	2.3426325941233213	0.0	0.0	0.0	1.3051309540126839	0.851895569635833	mel3_rep1	mel3
19x14	19.0	14.0	4136	2299	3.616580530085886	-0.1748943654226699	-0.14804638410564752	-0.16832545257717507	-0.11351639915957724	-0.8671264315831723	0.16619411073988513	0.6518203553700191	2.8861721070782624	0.0	0.0	0.0	1.2289955978112672	0.0	mel3_rep1	mel3
19x15	19.0	15.0	5986	2880	3.7771367125041726	-0.186644946057241	-0.14804638410564752	-0.16832545257717507	-0.16057453598487573	-0.7311282015595073	0.6386070610907567	0.04418702190591865	2.9640460847371024	0.0	0.0	0.0	1.4681345220300375	0.0	mel3_rep1	mel3
19x16	19.0	16.0	3906	2158	3.5917322389518356	0.26555775317612673	-0.14804638410564752	-0.16832545257717507	-0.10520776513067338	-0.30329108872548804	0.16451685025266383	0.43511686455444626	2.4195371525472438	0.0	0.0	0.0	1.269806569222339	0.0	mel3_rep1	mel3
19x17	19.0	17.0	4235	2281	3.6268534146667255	-0.4440662093587839	-0.14804638410564752	-0.16832545257717507	-0.11691127491114581	-0.32808648007566626	0.34689418073185635	0.42367798327056744	3.2032646373303826	1.7444145411933216	0.0	0.0	1.7444145411933216	1.2123203926259831	mel3_rep1	mel3
19x18	19.0	18.0	4964	2619	3.695831772826692	0.12997826963234532	-0.14804638410564752	-0.16832545257717507	0.013667368135952223	0.40088007806819337	0.06900929455514875	-0.026813114541170878	2.8400157700222777	0.0	0.0	0.0	0.0	0.0	mel3_rep1	mel3
19x19	19.0	19.0	2811	1650	3.4488608456074408	-0.5481493458136053	-0.14804638410564752	-0.16832545257717507	0.8152945997230966	1.6111635954003214	-0.8231970892086956	-0.18756355327904886	2.4572235330968035	0.0	0.0	0.0	1.5167638849499017	0.0	mel3_rep1	mel3
19x20	19.0	20.0	3792	2156	3.5788683286660286	0.37445999765882976	-0.14804638410564752	-0.16832545257717507	-0.3637254555060642	-0.6212838076968622	0.3561231197434855	0.20498001488483258	3.4014786360586093	0.0	1.836455805325024	0.0	0.0	0.0	mel3_rep1	mel3
19x22	19.0	22.0	1825	1179	3.2612628687924934	-0.03706186751833402	-0.14804638410564752	-0.16832545257717507	-0.3637254555060642	-0.8839662284139052	0.03970142785260645	-0.6539781564806606	1.8686359473435419	0.0	0.0	0.0	1.8686359473435419	0.0	mel3_rep1	mel3
19x23	19.0	23.0	1427	957	3.154423973114647	-0.11258143928810929	-0.14804638410564752	-0.16832545257717507	-0.3637254555060642	1.8682359987338526	-0.28263830153182057	-0.6539781564806606	0.0	0.0	0.0	0.0	0.0	0.0	mel3_rep1	mel3
19x24	19.0	24.0	1617	1033	3.208710019906401	-0.2932950749043241	2.443128133292828	-0.16832545257717507	1.1346550719683222	0.5368722064075544	-0.6570211310186157	0.6373695313174015	2.592907461580946	0.0	1.971896961936368	1.971896961936368	1.971896961936368	0.0	mel3_rep1	mel3
19x25	19.0	25.0	1259	868	3.1000257301078626	0.25660649263070806	-0.14804638410564752	-0.16832545257717507	-0.3637254555060642	0.6494346810100408	-1.915603405339075	-0.6539781564806606	2.1908500537587834	0.0	0.0	0.0	0.0	0.0	mel3_rep1	mel3
20x9	20.0	9.0	4556	2339	3.6585837154070626	0.3423604980439303	-0.14804638410564752	-0.16832545257717507	0.2786789189617436	-0.6156724399353891	0.5038915326953763	-0.2787192162980259	3.308310368387279	0.0	0.0	0.0	0.0	0.0	mel3_rep1	mel3
20x10	20.0	10.0	3434	1907	3.5358002908248976	0.06779194110278094	-0.14804638410564752	-0.16832545257717507	-0.3637254555060642	-0.4318139068971134	0.5721592056593319	-0.10916638190113925	3.190330137673918	0.0	0.0	0.0	0.0	0.0	mel3_rep1	mel3
20x11	20.0	11.0	2523	1525	3.4019172505175748	-0.33768198040154485	-0.14804638410564752	-0.16832545257717507	-0.03755300648368785	-0.8046661807483583	0.5002835667484257	-0.1927891300790502	2.5564988616883437	1.6021182839229746	0.0	0.0	1.6021182839229746	0.0	mel3_rep1	mel3
20x12	20.0	12.0	5060	2723	3.7041505168397992	-0.11607391057826622	-0.14804638410564752	-0.16832545257717507	-0.14167669638983046	-0.37939445541286926	-0.1166106454698508	0.28193195508918295	2.821990406526113	1.0906757390723734	0.0	0.0	0.0	1.0906757390723734	mel3_rep1	mel3
20x13	20.0	13.0	6162	3009	3.7897216939809217	0.20664770423291953	-0.14804638410564752	-0.16832545257717507	0.1307980491514069	-0.9015033738847156	0.21083179946174144	0.07220087661375958	2.514461250468034	0.9642614076367797	0.0	0.0	0.9642614076367797	0.0	mel3_rep1	mel3
20x14	20.0	14.0	4307	2377	3.6341748717626	-0.2052383609571112	-0.14804638410564752	-0.16832545257717507	-0.3637254555060642	-0.38531915966851504	0.06679689819153592	1.2872093862814131	3.187096867776663	0.0	1.2005073219122233	0.0	0.0	2.0751078089107504	mel3_rep1	mel3
20x15	20.0	15.0	2563	1455	3.408748606184244	-0.47354850256067177	-0.14804638410564752	-0.16832545257717507	-0.3637254555060642	-0.7850415075346483	-0.09836556100846984	-0.208081162284211	3.3432767026639776	0.0	0.0	0.0	0.0	1.5895775386403468	mel3_rep1	mel3
20x16	20.0	16.0	4840	2192	3.6848453616444123	-0.1864798922956384	-0.14804638410564752	-0.16832545257717507	-0.3637254555060642	-0.8827737083103596	0.1897715227807451	0.23645056592388367	3.5869565492665734	0.0	0.0	0.0	1.120411517010694	1.120411517010694	mel3_rep1	mel3
20x17	20.0	17.0	4347	2381	3.638189640190837	0.09088774031888383	-0.14804638410564752	-0.16832545257717507	-0.3637254555060642	0.009513724456434688	0.07014481561418792	0.6048894631036803	3.269751732875309	0.0	0.0	0.0	0.0	0.0	mel3_rep1	mel3
20x18	20.0	18.0	3352	2024	3.525304009958239	-0.24321175659486075	-0.14804638410564752	-0.16832545257717507	0.6044238547783234	-0.34847161437615876	0.14302104507154229	0.5936333742900758	3.3268201118839698	1.3821090037396973	0.0	0.0	0.0	0.0	mel3_rep1	mel3
20x19	20.0	19.0	2740	1679	3.437750562820388	-0.16506672439243392	-0.14804638410564752	-0.16832545257717507	-0.3637254555060642	0.7555086506292463	-0.014183838899583846	0.13075574825757794	2.7471773294910227	0.0	0.0	0.0	0.0	0.0	mel3_rep1	mel3
20x20	20.0	20.0	3302	1901	3.518777068926775	-0.5713954366972387	-0.14804638410564752	-0.16832545257717507	0.6123232814911969	0.15382138500655565	-0.11750483775653313	1.607005900206311	2.311089109744989	0.0	0.0	0.0	0.0	0.0	mel3_rep1	mel3
20x21	20.0	21.0	3652	2131	3.562530768862261	-0.2635828585616373	-0.14804638410564752	-0.16832545257717507	-0.3637254555060642	-0.5996769996128083	-0.03196988483484384	0.019347195560199437	3.4378661852992427	0.0	0.0	0.0	1.3186110683117387	0.0	mel3_rep1	mel3
20x22	20.0	22.0	2105	1396	3.323252100171687	-0.17216656236490419	-0.14804638410564752	-0.16832545257717507	-0.3637254555060642	-0.4765847041247415	-0.7868818260600804	-0.16327607643909653	3.663683448809456	0.0	0.0	0.0	0.0	0.0	mel3_rep1	mel3
20x23	20.0	23.0	2707	1538	3.4324882557705063	0.0962564313575092	1.848043543728266	-0.16832545257717507	0.17665756914262093	1.6222204057051144	-0.5384831718968403	0.3973849793017571	2.7585218305928647	0.0	0.0	0.0	0.0	0.0	mel3_rep1	mel3
20x24	20.0	24.0	1979	1215	3.296445794206396	-0.8965622305250659	-0.14804638410564752	-0.16832545257717507	0.8275527743927075	0.7865085387048678	-1.2209182544388686	-0.2528662251030197	0.0	0.0	0.0	0.0	0.0	1.8005634501287653	mel3_rep1	mel3
21x10	21.0	10.0	2799	1638	3.4470028984661623	0.10440744766016667	-0.14804638410564752	-0.16832545257717507	-0.3637254555060642	-0.7145197527622335	0.347807214382504	-0.6539781564806606	3.3871537734902804	0.0	0.0	0.0	1.5201048323403383	0.0	mel3_rep1	mel3
21x11	21.0	11.0	2371	1461	3.3749315539781883	0.07219808946326484	0.3803930735894281	-0.16832545257717507	-0.3637254555060642	-0.8006703386041681	-0.19372415334260296	-0.6539781564806606	3.2697886166755965	0.0	0.0	0.0	0.0	0.0	mel3_rep1	mel3
21x12	21.0	12.0	2632	1608	3.4202858849419178	0.9476559396081102	-0.14804638410564752	-0.16832545257717507	-0.3637254555060642	-0.6529828926610118	0.05176970198867299	-0.3045654447105292	3.169532316142542	0.0	0.0	1.56848926349027	0.0	0.0	mel3_rep1	mel3
21x13	21.0	13.0	3115	1802	3.4934580509951885	0.7341886178302636	-0.14804638410564752	-0.16832545257717507	0.4205959482172659	-0.43734768086857007	0.3697602701029064	-0.6539781564806606	2.6276418121648715	0.0	0.0	0.0	1.4375274610794206	0.0	mel3_rep1	mel3
21x14	21.0	14.0	3256	1920	3.5126843962171637	0.06696547140854386	0.8916804041601737	-0.16832545257717507	-0.3637254555060642	-1.0079808392231708	0.4665684319246725	0.5781937777259025	2.7946110261581083	0.0	0.0	0.0	1.403950831983968	1.966063715116281	mel3_rep1	mel3
21x15	21.0	15.0	4064	2220	3.6089536992758626	0.25246102382091773	-0.14804638410564752	-0.16832545257717507	-0.3637254555060642	-0.44984057780117953	0.579675960168076	0.11842001188585598	2.7577148734165746	0.0	0.0	0.0	0.0	0.0	mel3_rep1	mel3
21x16	21.0	16.0	3418	1985	3.533772058384718	0.049734835117669546	-0.14804638410564752	-0.16832545257717507	-0.3637254555060642	-0.6322004846373829	-0.4723531174291953	0.04433265482732794	2.5418185169731644	0.0	0.0	0.0	0.0	0.0	mel3_rep1	mel3
21x17	21.0	17.0	2793	1698	3.446070935701005	-0.04377131221592312	-0.14804638410564752	-0.16832545257717507	0.15674862688933947	-0.19578780564419995	0.43501433493250447	0.5235124945530707	3.2605035097703694	0.0	0.0	1.5217818593718582	1.5217818593718582	1.5217818593718582	mel3_rep1	mel3
21x18	21.0	18.0	2238	1462	3.3498600821923312	-0.5144484503671575	0.39540139744578373	-0.16832545257717507	-0.017836508795718242	0.24292419866923773	-0.1167005397393834	0.20108137423714365	2.9377376799024493	0.0	0.0	0.0	0.0	1.6989632551506153	mel3_rep1	mel3
21x19	21.0	19.0	2288	1453	3.3594560201209864	0.37197457209714846	-0.14804638410564752	-0.16832545257717507	-0.016083142411098705	-0.6864636976343572	0.13712394391382152	0.5012777473355641	3.129088825719986	0.0	0.0	0.0	1.6809451028877649	1.6809451028877649	mel3_rep1	mel3
21x20	21.0	20.0	1878	1280	3.273695587930092	-0.19649467749676652	0.441948055264584	-0.16832545257717507	0.011789105646702745	0.3167446393492204	-0.301716530758985	0.2878731279280107	3.644762856590825	0.0	0.0	0.0	0.0	0.0	mel3_rep1	mel3
21x21	21.0	21.0	4935	2567	3.6932871570056554	-0.1074304863679561	0.28457219420184354	-0.16832545257717507	0.023257068097854876	-0.4368167893945032	0.21171051880647918	0.8722701497366872	2.9568397740099335	0.0	0.0	0.0	1.1073547787826281	1.1073547787826281	mel3_rep1	mel3
21x22	21.0	22.0	1226	850	3.0884904701823963	-0.13846214030237242	1.491932476245184	-0.16832545257717507	-0.3637254555060642	0.05597067417779674	-0.201146562266727	-0.6539781564806606	3.515312287762974	0.0	0.0	0.0	2.214475679005988	0.0	mel3_rep1	mel3
21x23	21.0	23.0	1408	966	3.1486026548060932	0.16207966912136096	-0.14804638410564752	-0.16832545257717507	0.06895850834694188	1.0394415142737368	-0.36918339981249415	-0.6539781564806606	3.1048923797982546	0.0	0.0	0.0	0.0	0.0	mel3_rep1	mel3
22x16	22.0	16.0	3425	1969	3.534660575828444	-0.2501609137813998	-0.14804638410564752	-0.16832545257717507	-0.3637254555060642	-0.24413207375001159	-0.22643920769856177	0.12243175091417982	2.53993384041298	0.0	0.0	0.0	0.0	1.3660171686807399	mel3_rep1	mel3
22x17	22.0	17.0	3114	1816	3.4933186082321015	-0.3958290256649479	-0.14804638410564752	3.6664205977789037	-0.06637458830948777	0.37175871822961587	-0.3661479181268485	-0.6539781564806606	3.0090345415733855	0.0	0.0	0.0	2.004530421141443	1.437772288429621	mel3_rep1	mel3
22x18	22.0	18.0	3405	1946	3.532117116248804	-0.1928578583483107	-0.14804638410564752	-0.16832545257717507	-0.3637254555060642	-0.2542363101006137	0.2849602855729917	0.24345245768045515	2.5453297022422956	0.0	0.0	0.0	0.0	0.0	mel3_rep1	mel3
22x19	22.0	19.0	3044	1807	3.4834446480985353	0.0121126766525921	-0.14804638410564752	-0.16832545257717507	0.133961439901426	-0.6137201585758579	0.21496351613007283	-0.2457881880589851	2.857949317815913	0.0	0.0	0.0	1.4551558179276332	0.0	mel3_rep1	mel3
22x20	22.0	20.0	2620	1572	3.4183012913197452	-0.4205609461084741	1.4247697379408606	-0.16832545257717507	-0.3637254555060642	-0.48850744575414834	-0.3808336317550685	-0.21298144181777784	3.322066048213184	0.0	0.0	0.0	0.0	0.0	mel3_rep1	mel3
22x21	22.0	21.0	2074	1333	3.316808752053022	-0.3309601796357924	0.415429117747143	-0.16832545257717507	0.0005922730733537519	-0.282515117222725	0.30037391473049335	-0.2615516307763605	3.009950862904502	0.0	0.0	0.0	2.364921335543357	0.0	mel3_rep1	mel3
22x22	22.0	22.0	2680	1598	3.428134794028789	-0.4803799213680523	-0.14804638410564752	-0.16832545257717507	0.27412485293763117	0.3551746627414092	0.19475035648345485	-0.6539781564806606	2.978419082352315	0.0	1.5542091544863146	0.0	0.0	0.0	mel3_rep1	mel3
7x17	7.0	17.0	4982	2515	3.6974037232004875	0.21840318970964126	-0.13819714593686758	-0.13114541478189126	0.012624618408792239	-0.4396094951353458	0.1826071851353217	0.5578752063691681	2.2004309929089914	0.0	0.0	0.0	2.2004309929089914	1.1010180636857025	mel3_rep2	mel3
7x18	7.0	18.0	3033	1851	3.4818724103106633	0.0825507157431786	-0.13819714593686758	-0.13114541478189126	-0.3544919113756353	0.2965679867345892	-0.5043505392814057	-0.3033169241943985	2.8613621325943117	0.0	0.0	0.0	0.0	0.0	mel3_rep2	mel3
7x19	7.0	19.0	5410	2751	3.7331972651065692	-0.04779216628363598	1.3884260925855565	-0.13114541478189126	0.010616072366630582	-0.5820346050222291	-0.08767360829208072	1.1668150744275347	3.2200581201363425	1.0467675564736343	0.0	0.0	1.5468937044736826	1.5468937044736826	mel3_rep2	mel3
7x20	7.0	20.0	6523	3034	3.8144473785224875	0.0754486886114132	-0.13819714593686758	-0.13114541478189126	0.8127381724391716	0.8574769812596174	-0.40228849019281987	0.19490023447638277	3.239799045204484	0.9294189568548947	0.9294189568548947	0.0	0.0	0.0	mel3_rep2	mel3
7x21	7.0	21.0	3588	2029	3.5548524343720547	-0.21652675742931674	-0.13819714593686758	-0.13114541478189126	-0.3544919113756353	1.0091512163232477	-0.6531229070055433	-0.12075272418408786	2.8748298291020755	0.0	0.0	1.3315921061017877	1.883143163941708	1.3315921061017877	mel3_rep2	mel3
7x22	7.0	22.0	4724	2471	3.6743098889414774	-0.12113782124357841	-0.13819714593686758	-0.13114541478189126	-0.11132880908066621	0.994354649751867	-0.0008515622568525873	0.06124648959154026	1.1368229171816588	0.0	0.0	0.0	2.2478543719500057	0.0	mel3_rep2	mel3
7x23	7.0	23.0	3056	1927	3.485153349903652	0.8186095011742096	-0.13819714593686758	-0.13114541478189126	0.45606607237354935	0.34439130822964503	-0.6657307126324074	0.4014577692759584	2.645394722680276	0.0	0.0	0.0	2.0208191679528924	1.4521409269174772	mel3_rep2	mel3
7x24	7.0	24.0	2275	1439	3.3569814009931314	0.012134786067901943	-0.13819714593686758	-0.13114541478189126	-0.3544919113756353	-0.31669306125923696	0.3702218652899047	-0.6451510584474243	3.1345381929117835	0.0	0.0	0.0	0.0	1.6855846212776706	mel3_rep2	mel3
7x25	7.0	25.0	1035	767	3.0149403497929366	-0.3093350870951698	0.42914200156227494	-0.13114541478189126	-0.3544919113756353	0.008469274767968974	0.1344744199803114	-0.6451510584474243	3.6800239343643426	0.0	0.0	0.0	2.3666706129913675	0.0	mel3_rep2	mel3
8x15	8.0	15.0	5340	2695	3.727541257028556	0.06591794033185447	-0.13819714593686758	-0.13114541478189126	-0.10542769343203487	0.39499271424765864	0.6714578362933158	0.015433140598902707	3.303850172216386	0.0	1.0552381429670068	1.0552381429670068	0.0	0.0	mel3_rep2	mel3
8x16	8.0	16.0	4063	2231	3.6088468223264116	-0.7992609071999689	0.15944580264067276	-0.13114541478189126	-0.06143530082974584	-0.21309228073519526	0.25540185279173505	-0.29747432417995756	1.7787537740473074	0.0	0.0	0.0	1.241625617882521	1.241625617882521	mel3_rep2	mel3
8x17	8.0	17.0	3050	1738	3.484299839346786	-0.20368345470871907	-0.13819714593686758	-0.13114541478189126	0.8895184950573768	1.3010667616358154	0.11259632594839998	-0.6451510584474243	2.856093274440672	0.0	0.0	0.0	2.382879975678375	2.0225241788233372	mel3_rep2	mel3
8x18	8.0	18.0	2903	1750	3.4628470358316736	-0.3805749362901065	-0.13819714593686758	-0.13114541478189126	-0.03541839522970107	1.0848816327229862	-1.4670864688452843	-0.6451510584474243	2.0655232213041907	0.0	0.0	0.0	0.0	0.0	mel3_rep2	mel3
8x19	8.0	19.0	3971	2209	3.598899887063883	0.05398515688842068	-0.13819714593686758	-0.13114541478189126	1.2000892997581063	0.7810213418551428	-0.5257419690365414	-0.6451510584474243	2.6094289131220836	0.0	1.2579658005192353	0.0	1.2579658005192353	1.2579658005192353	mel3_rep2	mel3
8x20	8.0	20.0	6265	3074	3.796921075330169	-0.027924063156300482	-0.13819714593686758	-0.13114541478189126	-0.3544919113756353	0.03444313170678418	-0.04159037486936417	-0.4214627666749755	2.830957385962623	0.0	0.0	0.0	1.4332586660578932	0.9540369715772832	mel3_rep2	mel3
8x21	8.0	21.0	5377	2772	3.730540036477119	-0.07538812327344564	0.11368718094979187	-0.13114541478189126	-0.3544919113756353	-0.3311476630235688	0.09971260167390236	-0.6451510584474243	2.7649461458505207	0.0	0.0	0.0	1.0507422887060147	0.0	mel3_rep2	mel3
8x22	8.0	22.0	4772	2597	3.678700434998304	0.7008973742746827	-0.13819714593686758	-0.13114541478189126	0.15390738914662563	-0.5746148079492309	0.3665895199413112	0.2588051789570821	2.4404136102343177	1.129967992754647	0.0	0.0	0.0	0.0	mel3_rep2	mel3
8x23	8.0	23.0	2340	1506	3.369215857410143	0.20012910967559036	-0.13819714593686758	-0.13114541478189126	-0.3544919113756353	-0.5484575624362139	0.18790574942631963	0.2102762669083898	3.10760996773239	0.0	0.0	0.0	1.6626950891076318	0.0	mel3_rep2	mel3
8x24	8.0	24.0	2594	1613	3.4139699717480614	-0.18924890184502405	-0.13819714593686758	-0.13114541478189126	0.01843462169176873	0.39235529498415495	-0.6228061699404451	-0.6451510584474243	3.677578365600259	0.0	0.0	0.0	0.0	1.5800194241722987	mel3_rep2	mel3
8x25	8.0	25.0	2176	1401	3.3376588910261424	-0.19837819035504226	0.9039574951345707	-0.13114541478189126	-0.3544919113756353	0.9986510107020136	-0.7013543756311829	1.3580942577511983	3.1771342900532673	0.0	0.0	0.0	0.0	0.0	mel3_rep2	mel3
8x26	8.0	26.0	880	660	2.9444826721501687	-0.15737922546377733	-0.13819714593686758	-0.13114541478189126	-0.3544919113756353	-0.6269668795880087	-0.6225905339668611	-0.05552791092267819	3.5579420966664603	0.0	0.0	0.0	0.0	0.0	mel3_rep2	mel3
8x27	8.0	27.0	522	396	2.717670503002262	-0.7992609071999689	-0.13819714593686758	-0.13114541478189126	0.2879599450028202	-0.5273129395352315	-0.7557362269175804	-0.6451510584474243	0.0	0.0	0.0	0.0	0.0	0.0	mel3_rep2	mel3
9x14	9.0	14.0	12154	4496	4.084719232011298	-0.17648433362672156	-0.13819714593686758	-0.13114541478189126	0.3889845762766292	0.4162806046350844	0.3858218201776541	-0.07181536020718579	2.8596540923414455	0.0	0.6003597333815777	0.0	0.6003597333815777	0.6003597333815777	mel3_rep2	mel3
9x15	9.0	15.0	6904	3170	3.839100782707153	0.1328337374599831	-0.13819714593686758	-0.13114541478189126	0.38838331257165404	-0.19688466547545977	0.7482087386407786	-0.43519951968292503	2.6416198439333742	0.0	0.0	0.0	1.3601740206568418	0.0	mel3_rep2	mel3
9x16	9.0	16.0	3392	1949	3.5304558435846762	-0.008116182966801286	-0.13819714593686758	-0.13114541478189126	-0.3544919113756353	0.816991126695599	-0.2133511874102398	-0.6451510584474243	3.3153859705317785	0.0	0.0	0.0	0.0	0.0	mel3_rep2	mel3
9x17	9.0	17.0	2707	1607	3.4324882557705063	-0.7992609071999689	0.6672846761240272	-0.13114541478189126	-0.023740287448130566	1.261612238100269	-0.2801429965543604	-0.21215684281667402	2.7585218305928647	0.0	0.0	0.0	2.4917481116402005	0.0	mel3_rep2	mel3
9x18	9.0	18.0	5312	2728	3.7252580663599613	0.27730816204376757	-0.13819714593686758	-0.13114541478189126	0.15421174616931532	0.16219776300542058	-0.15893035936664354	-0.18674206656236564	3.496598831488905	0.0	0.0	0.0	0.0	0.0	mel3_rep2	mel3
9x19	9.0	19.0	6353	3149	3.8029788553352617	0.5875135951579421	-0.13819714593686758	-0.13114541478189126	0.36851874991036243	0.16036253157458796	-0.1218100742640566	0.2849830931636347	2.9077015314030903	0.0	0.0	0.0	1.422654978214739	0.9454842244658573	mel3_rep2	mel3
9x20	9.0	20.0	5223	2701	3.7179200258369938	-0.037129701767987626	-0.13819714593686758	-0.13114541478189126	-0.3544919113756353	-0.044003429811722616	-0.6122223827364738	0.21928904623143408	2.903149559802045	1.0697354926229552	0.0	0.0	1.9086273288620228	1.9086273288620228	mel3_rep2	mel3
9x21	9.0	21.0	4761	2443	3.6776981814745104	0.5210410461522083	-0.13819714593686758	-0.13114541478189126	0.44563330594873113	-0.8525515619241735	0.5408769848446814	-0.3798466649766688	3.343045108898022	0.0	0.0	0.0	0.0	0.0	mel3_rep2	mel3
9x22	9.0	22.0	4062	2117	3.608739919068788	-0.017509473748866477	-0.13819714593686758	-0.13114541478189126	-0.08887437630992372	0.18748614503646657	0.03595987972961245	0.1605999563180447	2.7581759012660276	0.0	0.0	0.0	1.2418006606187766	0.0	mel3_rep2	mel3
9x23	9.0	23.0	2401	1544	3.3803921600570273	0.6954284132810145	0.25539775799365655	-0.13114541478189126	-0.3544919113756353	0.9337577632058558	-0.717070086476107	-0.6451510584474243	2.602303969280409	0.0	0.0	0.0	1.6418917972815192	0.0	mel3_rep2	mel3
9x24	9.0	24.0	2351	1441	3.3712526291249394	-0.11959003791981238	-0.13819714593686758	-0.13114541478189126	0.3918847157462571	0.7845872421828933	-0.2102571115899962	-0.6451510584474243	3.1031302697729215	0.0	0.0	0.0	0.0	0.0	mel3_rep2	mel3
9x25	9.0	25.0	2048	1380	3.3113299523037933	0.2233718148081378	-0.13819714593686758	-0.13114541478189126	0.4427884911793932	-0.21460532468166793	-0.17222959940294122	-0.6451510584474243	3.41104457188298	0.0	0.0	1.7720349638802764	0.0	0.0	mel3_rep2	mel3
9x27	9.0	27.0	998	734	2.999130541287371	-0.3128334592499798	-0.13819714593686758	-0.13114541478189126	0.775992232303026	-1.0924939328231924	0.028742866626430573	-0.08250174434873943	3.0464291977634224	0.0	2.399715440756296	0.0	0.0	0.0	mel3_rep2	mel3
9x28	9.0	28.0	833	616	2.9206450014067875	-0.7992609071999689	-0.13819714593686758	-0.13114541478189126	-0.3544919113756353	-0.2540644758242108	-1.26099127693191	0.6746601932000755	4.1112673867961025	0.0	0.0	0.0	0.0	0.0	mel3_rep2	mel3
10x13	10.0	13.0	2593	1560	3.4138025167693513	-0.3604463311321435	-0.13819714593686758	-0.13114541478189126	0.018506886718155004	-0.12255058092319826	0.4321177721955555	-0.6451510584474243	3.461109424616568	0.0	0.0	0.0	1.580325597467182	0.0	mel3_rep2	mel3
10x15	10.0	15.0	3921	2184	3.5933968423002067	-0.09959992415500363	0.22678711822834166	-0.13114541478189126	-0.3544919113756353	-0.4648848993689057	0.372498927328949	-0.6451510584474243	2.7913012225811444	0.0	1.2670517680962357	0.0	0.0	1.2670517680962357	mel3_rep2	mel3
10x16	10.0	16.0	8988	3857	3.9536630637470913	0.16915258915362028	0.09099425321102178	-0.13114541478189126	-0.17796367870274452	-0.4459162570524868	0.08227833635102604	0.25930833181409546	1.695685015835958	0.0	0.7479168463659888	0.0	1.1709915969239522	0.0	mel3_rep2	mel3
10x17	10.0	17.0	5984	3032	3.776991584856405	-0.055657450360177864	-0.13819714593686758	-0.13114541478189126	-0.1225960668003064	0.2522967004034714	-0.5281213015036577	0.11031060898153877	2.775092270238561	0.0	0.9824989812340215	0.0	0.9824989812340215	0.0	mel3_rep2	mel3
10x18	10.0	18.0	6589	3155	3.8188195075475364	-0.06385207516814935	-0.13819714593686758	-0.13114541478189126	-0.3544919113756353	-0.26535668442691246	0.45521081533513824	1.013367978757239	2.7835787249822257	0.0	0.0	0.0	0.0	0.0	mel3_rep2	mel3
10x19	10.0	19.0	6610	3072	3.82020145948564	0.31126493937905964	-0.13819714593686758	-0.13114541478189126	-0.3544919113756353	-0.12226415460962368	0.31650008703032434	-0.04807663233364425	2.6820986016658233	0.0	0.9214212697616085	0.0	1.3927034311260027	0.9214212697616085	mel3_rep2	mel3
10x20	10.0	20.0	10527	4144	4.022304622935069	0.2827735394686401	0.061319456885636475	-0.13114541478189126	-0.13182564907819486	0.7915006979509234	0.15466164482315403	-0.32908635029864747	2.8958505315379615	0.0	1.064668152646755	0.667797707465854	1.064668152646755	0.0	mel3_rep2	mel3
10x21	10.0	21.0	4487	2389	3.651956069533074	-0.31905001906612035	-0.13819714593686758	-0.13114541478189126	-0.3544919113756353	-0.2961486542182422	-0.043182615602291724	0.38304712601853286	3.323016965788329	0.0	1.1720673685656684	0.0	0.0	1.6969580374874422	mel3_rep2	mel3
10x22	10.0	22.0	2539	1566	3.4046627008737222	-0.4755306990040266	-0.13819714593686758	-0.13114541478189126	0.7545315888393994	0.651521504706888	0.27289571023672554	0.43516966230594833	3.2040200594127666	0.0	1.5970734844858594	0.0	0.0	2.183476839332592	mel3_rep2	mel3
10x23	10.0	23.0	1675	1101	3.224014811372864	-0.20337448363133934	-0.13819714593686758	-0.13114541478189126	0.5784892170770216	0.18699935107356877	-0.5767358851321759	-0.6451510584474243	3.214088263359828	0.0	1.9416366382779313	0.0	2.5603463573895757	0.0	mel3_rep2	mel3
10x24	10.0	24.0	2620	1614	3.4183012913197452	-0.7992609071999689	0.680722218877089	-0.13114541478189126	0.352836868616725	0.9523144859285448	0.03438649883720748	-0.2765466079674136	2.1556601529149693	0.0	0.0	0.0	2.1556601529149693	0.0	mel3_rep2	mel3
10x25	10.0	25.0	510	431	2.7075701760979363	-0.185950780120841	-0.13819714593686758	-0.13114541478189126	0.35964694935411706	-0.21985292537159204	-1.5904190256238622	-0.6451510584474243	3.0256717381526252	0.0	0.0	0.0	0.0	0.0	mel3_rep2	mel3
10x27	10.0	27.0	513	427	2.7101173651118162	-0.7992609071999689	0.7317642017632052	-0.13114541478189126	-0.3544919113756353	-0.6349403398815793	-0.9177686171172503	0.06295485900263867	0.0	0.0	0.0	0.0	0.0	0.0	mel3_rep2	mel3
10x28	10.0	28.0	528	435	2.722633922533812	-0.19263475503907357	-0.13819714593686758	-0.13114541478189126	-0.3544919113756353	-1.2178570349323412	-0.33446693389247434	-0.6451510584474243	4.057303290541752	0.0	0.0	0.0	0.0	0.0	mel3_rep2	mel3
10x29	10.0	29.0	574	474	2.7589118923979736	0.3944468988525019	-0.13819714593686758	-0.13114541478189126	-0.3544919113756353	-0.44731067108020756	-0.4517853730442722	-0.6451510584474243	0.0	0.0	0.0	0.0	0.0	0.0	mel3_rep2	mel3
11x13	11.0	13.0	3282	1872	3.5161385767170743	0.17128025483775133	0.1969215571682305	2.2190799310638796	0.4258214711103806	0.2854473128745749	-0.08237510547933037	-0.2347035064770536	3.4490101185164543	0.0	0.0	0.0	1.3979567424506227	0.0	mel3_rep2	mel3
11x14	11.0	14.0	5796	2784	3.763128376799137	-0.1727233102523854	-0.13819714593686758	-0.13114541478189126	0.3544560820645148	0.6390090394641156	0.6775806518751286	0.06729465818485596	2.570877496348932	0.0	0.0	0.0	0.0	1.002588718965967	mel3_rep2	mel3
11x15	11.0	15.0	4278	2244	3.631240780235509	-0.12793785448959283	-0.13819714593686758	-0.13114541478189126	-0.3544919113756353	-0.038570593178470135	0.35859038258584186	0.6332919608871951	3.193574799088062	0.0	0.0	0.0	1.2052342804200549	0.0	mel3_rep2	mel3
11x16	11.0	16.0	3961	2208	3.597804842404293	1.4878640280285038	-0.13819714593686758	-0.13114541478189126	-0.057152459480368824	-0.4569312839843889	0.07511253846663168	0.2287364179713324	2.611765044774164	0.0	0.0	0.0	1.2597712093667313	0.0	mel3_rep2	mel3
11x17	11.0	17.0	11872	4353	4.0745238879349515	-0.021953430184625464	-0.13819714593686758	-0.13114541478189126	0.08233116632752693	-0.19247350015079098	0.556147255846092	0.3290667554684113	2.9720028088475874	0.0	0.6110245935565691	0.0	0.6110245935565691	0.0	mel3_rep2	mel3
11x18	11.0	18.0	10402	4161	4.017116849438813	0.01204345117036674	0.212702681531004	-0.13114541478189126	0.18124173520120415	0.3655927941045067	0.2805422997015776	0.052940406217082826	2.9071395311528963	0.6736348399094465	0.0	0.0	0.6736348399094465	0.6736348399094465	mel3_rep2	mel3
11x19	11.0	19.0	12739	4619	4.105135337612571	0.49747180113187456	0.034913039223391944	-0.13114541478189126	0.061489224335572565	0.15528547441290527	0.19738560570340583	-0.15953172018110795	2.905249499903023	0.0	0.5794133578540044	0.5794133578540044	0.9438988736714127	0.0	mel3_rep2	mel3
11x20	11.0	20.0	8563	3646	3.9326259440217823	-0.07631761608531902	-0.13819714593686758	-0.13114541478189126	0.32093180294025325	0.5685746328305505	-0.04006906357933027	0.06977532577707461	2.9187013946411793	0.0	0.0	0.0	1.204661577927609	0.0	mel3_rep2	mel3
11x21	11.0	21.0	9175	3843	3.962606072924127	-0.24806317393342722	-0.13819714593686758	-0.13114541478189126	0.1673182677156412	0.7910240162890902	-0.06541660301296702	0.25468980695074794	3.0777014413257957	0.0	0.0	0.0	1.6789029703344887	1.4515563943014507	mel3_rep2	mel3
11x22	11.0	22.0	3096	1866	3.490800952010855	-0.2231833312129734	-0.13819714593686758	-0.13114541478189126	-0.3544919113756353	0.6972908057859896	-0.5256533908390707	0.7932270755622237	2.841990640116143	0.0	0.0	0.0	0.0	0.0	mel3_rep2	mel3
11x23	11.0	23.0	2567	1632	3.4094258686714434	0.49198789810162014	-0.13819714593686758	-0.13114541478189126	-0.3544919113756353	-0.6137947818421061	0.5379527293833818	0.5759188105285797	2.808341403304283	0.0	0.0	0.0	0.0	0.0	mel3_rep2	mel3
11x24	11.0	24.0	2038	1303	3.3092041796704077	2.330157224779764	-0.13819714593686758	-0.13114541478189126	0.23771948081556532	-0.2361043360897355	0.09139743044336889	-0.6451510584474243	3.2400052861298407	0.0	0.0	0.0	1.7760993783250458	2.380799301265052	mel3_rep2	mel3
11x25	11.0	25.0	544	443	2.73559889969818	-0.06317344275983623	-0.13819714593686758	-0.13114541478189126	-0.3544919113756353	-0.2512716483994167	-0.8134689061279996	-0.6451510584474243	2.964363009886346	0.0	0.0	0.0	0.0	0.0	mel3_rep2	mel3
11x27	11.0	27.0	739	568	2.8686444383948255	-0.7992609071999689	-0.13819714593686758	-0.13114541478189126	0.21796925662917424	-0.7644256173388144	-0.3135267114591879	-0.6451510584474243	3.3344733436651732	0.0	0.0	0.0	2.6763393329100147	0.0	mel3_rep2	mel3
12x12	12.0	12.0	2012	1278	3.30362797638389	-0.1400035831965455	-0.13819714593686758	-0.13114541478189126	-0.3544919113756353	-0.8393953355807761	0.36767341119971886	-0.6451510584474243	3.0388260395230358	0.0	0.0	0.0	0.0	0.0	mel3_rep2	mel3
12x13	12.0	13.0	6535	3100	3.8152455919165633	-0.06126875890568218	0.3688070484002044	-0.13114541478189126	-0.3544919113756353	0.39848107254172754	-0.00810563204442843	1.5038454381652397	2.460575805467485	0.0	0.9283069993575708	0.0	0.9283069993575708	0.0	mel3_rep2	mel3
12x14	12.0	14.0	5749	2931	3.759592308645975	-0.17021239249381895	-0.13819714593686758	-0.13114541478189126	-0.3544919113756353	-0.2694848846812268	0.054843198678666265	-0.3492700088937644	3.002398126979015	1.0077509445512898	1.499369864763039	0.0	0.0	0.0	mel3_rep2	mel3
12x15	12.0	15.0	3860	1953	3.586587304671755	-0.3066266957438633	-0.13819714593686758	-0.13114541478189126	-0.05276977667379743	-0.4828298619813633	0.15028121138704537	-0.6451510584474243	2.6357209039067135	0.0	0.0	0.0	0.0	0.0	mel3_rep2	mel3
12x16	12.0	16.0	3480	1909	3.5415792439465807	-0.24542283299477474	-0.13819714593686758	-0.13114541478189126	-0.06483787354318099	-0.014915731581253108	0.5857991680709598	0.44914096425364675	2.903692601871825	0.0	0.0	0.0	0.0	1.3541748116977779	mel3_rep2	mel3
12x17	12.0	17.0	8355	3490	3.9219464542294102	0.42613409503821864	-0.13819714593686758	-0.13114541478189126	-0.3544919113756353	0.11425343183710744	0.7921885996560498	0.24177651042535678	2.8767478881996977	0.0	0.0	0.0	1.2219432194186344	1.2219432194186344	mel3_rep2	mel3
12x18	12.0	18.0	12511	4586	4.097292024091896	0.2557487179439775	-0.13819714593686758	-0.13114541478189126	0.23067592224864988	0.04346546939021423	0.4697528692095217	-0.08270953049868443	2.500628467258418	0.0	0.5873958212967635	0.0	0.0	0.0	mel3_rep2	mel3
12x19	12.0	19.0	9787	3973	3.9906495883188544	0.015020881659311989	-0.13819714593686758	-0.13114541478189126	-0.1883362582695549	0.022306419730644133	-0.1286902609970809	0.6620435442716593	3.111603921099744	0.0	0.0	0.0	1.809733271575641	0.7039701819666205	mel3_rep2	mel3
12x20	12.0	20.0	6258	2980	3.7964355588101744	-0.15647120854207686	0.14704399338049662	-0.13114541478189126	-0.3544919113756353	0.7774912988814525	0.048386633295983424	-0.04156299836843906	2.832009453841023	0.0	0.0	0.0	0.9547244500776901	0.0	mel3_rep2	mel3
12x21	12.0	21.0	3129	1695	3.495405563146193	-0.21168780030235423	-0.13819714593686758	-0.13114541478189126	-0.3544919113756353	0.6974425190661617	-0.29887744233879443	-0.6451510584474243	3.672519121587451	0.0	0.0	0.0	1.4341100592652283	0.0	mel3_rep2	mel3
12x22	12.0	22.0	3742	2035	3.573103783163991	-0.35349395044803256	-0.13819714593686758	-0.13114541478189126	0.23078521702653282	0.9842596149850511	-0.09786159951300565	-0.10267839036604672	3.3222868198521667	0.0	1.3008366087569863	0.0	1.3008366087569863	0.0	mel3_rep2	mel3
12x23	12.0	23.0	1192	827	3.076276255404218	-0.34529595757410525	-0.13819714593686758	-0.13114541478189126	-0.3544919113756353	0.27667493146130834	-0.5056013321113196	-0.6451510584474243	2.239566668720022	0.0	0.0	0.0	0.0	0.0	mel3_rep2	mel3
12x28	12.0	28.0	616	498	2.7895807121644256	-0.08765969283174306	-0.13819714593686758	-0.13114541478189126	0.5416322994083687	-0.35012589241950726	0.38439798139311726	-0.6451510584474243	2.846870612478524	0.0	0.0	0.0	0.0	0.0	mel3_rep2	mel3
13x12	13.0	12.0	3223	1822	3.5082603055123345	-0.32637105047453835	-0.13819714593686758	-0.13114541478189126	0.4334620764058462	-0.05463493582553188	0.5611425811307733	0.1646006299070994	3.1231969764313523	0.0	0.0	0.0	1.4116451347413848	0.0	mel3_rep2	mel3
13x13	13.0	13.0	6477	3210	3.811373897053893	0.3744616570212475	-0.13819714593686758	2.689176298625755	0.13913362272001784	0.2701372061676401	-0.3052629574860071	0.16896900432942327	2.799671559184139	0.0	0.0	0.0	1.7284244847816108	0.0	mel3_rep2	mel3
13x14	13.0	14.0	8451	3794	3.9269081017054357	0.18269722307944866	-0.13819714593686758	-0.13114541478189126	-0.10870481359181224	-0.6537198312460027	0.46401367326530063	1.080250609120244	3.1045532485840535	0.0	0.0	0.0	1.746268200396313	0.0	mel3_rep2	mel3
13x15	13.0	15.0	5433	2535	3.7350397050337207	-0.15265033486736948	-0.13819714593686758	1.9600640944879428	0.940689225499882	-0.49514980230104183	0.7425396221239224	0.009101617763349302	3.2159855855176165	0.0	1.0440166063493084	0.0	1.543556075807134	0.0	mel3_rep2	mel3
13x16	13.0	16.0	3062	1746	3.486005186362242	-0.016670821698066583	-0.13819714593686758	-0.13114541478189126	0.5610834386358853	-0.6699772877466444	0.3431203385134335	0.26036111111517085	2.643572640440498	0.0	0.0	0.0	0.0	0.0	mel3_rep2	mel3
13x17	13.0	17.0	6711	3142	3.826787238816292	-0.21711207730444357	0.13437466471926762	-0.13114541478189126	-0.3544919113756353	-0.31961135428890336	1.0054907843974656	-0.3772892737086966	3.427573711318663	0.0	0.0	0.0	1.381327494406302	0.0	mel3_rep2	mel3
13x18	13.0	18.0	9118	3849	3.9598995878659435	0.1346221920593836	-0.13819714593686758	-0.13114541478189126	0.06861457763778647	0.2494707428473262	-0.14224189622126973	-0.29770378401742753	2.920346214338329	0.0	0.0	0.0	1.1611060578598844	0.0	mel3_rep2	mel3
13x19	13.0	19.0	8467	3693	3.9277295597716546	0.04889646301835057	-0.13819714593686758	-0.13114541478189126	-0.3544919113756353	0.24315187500716073	-0.19998982941710766	0.7961582148803019	2.2265018995772636	0.7798091008035954	0.0	0.0	1.5136244762194693	1.2125692669995911	mel3_rep2	mel3
13x20	13.0	20.0	6635	3074	3.821840927200454	-0.02790275908468799	-0.13819714593686758	-0.13114541478189126	0.05905550142230531	-0.08930425144981223	-0.08688812356330236	0.14465353677589793	3.223447123917625	0.0	1.3898674725847917	0.0	0.0	0.0	mel3_rep2	mel3
13x21	13.0	21.0	4760	2438	3.677606952720493	0.41408755525912283	-0.13819714593686758	-0.13114541478189126	0.9042691968618671	1.0905931006713576	-0.09800030286567568	-0.37981329741963166	2.991099711047256	0.0	0.0	0.0	1.131673150928998	0.0	mel3_rep2	mel3
13x22	13.0	22.0	1592	1103	3.20194306340165	-0.19360459016269238	-0.13819714593686758	-0.13114541478189126	-0.3544919113756353	-0.811980571169901	-0.24950475025562124	-0.6451510584474243	3.2629167536592236	0.0	0.0	0.0	1.98532411759619	0.0	mel3_rep2	mel3
13x23	13.0	23.0	538	440	2.7307822756663893	-0.18342838881849488	-0.13819714593686758	-0.13114541478189126	-0.3544919113756353	-1.3934605686683001	-0.631750700715939	-0.6451510584474243	3.642173547596456	0.0	0.0	0.0	0.0	0.0	mel3_rep2	mel3
13x24	13.0	24.0	500	403	2.6989700043360187	-0.18212970303454898	-0.13819714593686758	-0.13114541478189126	-0.3544919113756353	-0.7625231707597401	-1.7326121029595314	-0.6451510584474243	0.0	0.0	0.0	0.0	0.0	0.0	mel3_rep2	mel3
13x25	13.0	25.0	1360	911	3.1335389083702174	0.8805798247104337	-0.13819714593686758	-0.13114541478189126	0.6654510062079309	-0.56020780342737	0.39327237154470684	-0.6451510584474243	3.631374959633745	0.0	0.0	0.0	0.0	0.0	mel3_rep2	mel3
13x27	13.0	27.0	665	524	2.8228216453031045	-0.7992609071999689	0.527011431672229	-0.13114541478189126	-0.3544919113756353	-0.6979418928310067	0.11438058850715294	0.005474253206152291	3.4364096862899784	0.0	0.0	0.0	0.0	0.0	mel3_rep2	mel3
14x12	14.0	12.0	4814	2627	3.682506085939011	0.20006702389007025	-0.13819714593686758	-0.13114541478189126	-0.3544919113756353	-0.8369059409874103	0.1646030223274096	-0.3816019866259256	2.599993290044758	0.0	0.0	0.0	1.1240443402302172	0.0	mel3_rep2	mel3
14x13	14.0	13.0	6214	3074	3.7933712489189557	-0.05484822991641251	-0.13819714593686758	-0.13114541478189126	-0.3544919113756353	-0.4530517563050291	0.19731495241517355	-0.4202826376680345	3.2244220510994976	0.0	0.0	0.0	0.9590702555946597	1.4394888082264983	mel3_rep2	mel3
14x14	14.0	14.0	9134	3802	3.9606610072709816	0.5895698994710692	-0.13819714593686758	-0.13114541478189126	0.05023902912124267	-0.33033440091447347	0.1791969087511565	0.5176690477047432	3.2223032704946952	0.7394631424931685	0.0	0.0	0.7394631424931685	0.7394631424931685	mel3_rep2	mel3
14x15	14.0	15.0	9451	3967	3.9754777631658746	-0.021799179727813395	-0.13819714593686758	-0.13114541478189126	0.8644186893345104	0.23503274877656868	0.23601772153451855	0.23071319259275475	2.998009859875342	0.0	0.7217779266116361	0.0	0.0	0.0	mel3_rep2	mel3
14x16	14.0	16.0	10650	4174	4.027349607774757	-0.047793944201628365	0.05963372396392437	-0.13114541478189126	-0.12838713263215004	-0.25555910094440276	0.33995231809816684	0.6387034930260942	3.1584976515540784	0.0	0.6621554272516077	0.0	1.0570727702267864	0.0	mel3_rep2	mel3
14x17	14.0	17.0	5822	2896	3.765072201102792	-0.024562568235877037	-0.13819714593686758	-0.13114541478189126	0.11648477920830622	0.19565442127106325	0.3253759277752174	0.4872781565650454	2.690631538559404	0.0	0.0	0.0	0.0	0.0	mel3_rep2	mel3
14x18	14.0	18.0	8143	3563	3.9107844347928373	0.14172534536312387	-0.13819714593686758	-0.13114541478189126	-0.10231728328492029	-0.38032636121238056	0.16826394406993403	0.3233281503854579	2.9010193610089092	0.8011261489030318	0.0	0.0	0.8011261489030318	1.2401399933269293	mel3_rep2	mel3
14x19	14.0	19.0	4891	2547	3.6893976628212823	0.6096229836800319	-0.13819714593686758	-0.13114541478189126	0.14643516067362064	-0.26210267200917653	0.006026719167445147	1.238389617104731	2.8539712990737973	0.0	0.0	0.0	0.0	1.1133602220508478	mel3_rep2	mel3
14x20	14.0	20.0	4654	2115	3.667826378950711	0.4072769875591593	0.13675882365584136	-0.13114541478189126	-0.3544919113756353	0.32704578672532286	-0.46315010696819137	-0.2542481516466406	2.4632953401106277	0.0	0.0	0.0	1.6672120942492277	0.0	mel3_rep2	mel3
14x21	14.0	21.0	2952	1733	3.470116353151004	-0.31022800510838416	1.1850366057954373	2.830888178461382	0.5496735989546712	1.0388016355973246	-0.15654641798388266	-0.6451510584474243	2.8869029360783958	0.0	0.0	0.0	2.6776003063820424	0.0	mel3_rep2	mel3
14x22	14.0	22.0	2357	1495	3.3723595825243238	0.7120645731773889	-0.13819714593686758	-0.13114541478189126	-0.3544919113756353	0.4802629319975164	-0.19484268603506222	-0.6451510584474243	2.8887440727415035	0.0	0.0	0.0	0.0	0.0	mel3_rep2	mel3
14x23	14.0	23.0	1235	915	3.0916669575956846	-0.3517021018222604	-0.13819714593686758	-0.13114541478189126	-0.3544919113756353	-0.30792648884646157	0.1260084338704249	-0.6451510584474243	3.5082164402053784	0.0	0.0	0.0	0.0	2.207962935557352	mel3_rep2	mel3
14x24	14.0	24.0	770	485	2.886490725172482	-0.2645064695593679	-0.13819714593686758	-0.13114541478189126	-0.3544919113756353	-1.0064806897145642	-0.8223563077054776	-0.6451510584474243	0.0	0.0	0.0	0.0	0.0	0.0	mel3_rep2	mel3
14x26	14.0	26.0	522	429	2.717670503002262	-0.055022746676005846	-0.13819714593686758	-0.13114541478189126	-0.3544919113756353	-0.8020867627855194	-1.533842035327507	-0.6451510584474243	3.6715851725395154	0.0	0.0	0.0	0.0	0.0	mel3_rep2	mel3
14x27	14.0	27.0	1165	825	3.0663259253620376	-0.341141348313903	-0.13819714593686758	-0.13114541478189126	-0.3544919113756353	-0.6809465108726497	-0.19752197069422295	-0.6451510584474243	3.5648672937327253	2.260062798274457	0.0	0.0	0.0	0.0	mel3_rep2	mel3
15x11	15.0	11.0	4995	2547	3.698535492562001	0.2168293260613016	0.12532251509787062	-0.13114541478189126	-0.11935925775174162	-0.16972689479331635	0.6147658994388496	-0.33733373705047776	3.296800328614988	0.0	0.0	0.0	1.610238392765017	1.0992794001004556	mel3_rep2	mel3
15x12	15.0	12.0	9372	3824	3.971832279924925	0.07222669072831242	0.035864340733050525	-0.13114541478189126	-0.3544919113756353	0.04805282633565125	0.4775664275705646	0.6320945396664147	3.0574459057584087	0.0	0.7261022038954335	0.0	0.7261022038954335	0.0	mel3_rep2	mel3
15x13	15.0	13.0	10012	4035	4.000520840936185	0.27285268637385124	-0.13819714593686758	-0.13114541478189126	-0.09537891379170972	-0.28972539582138057	0.10274464384094967	0.1182624766344823	3.176904548522505	0.0	0.0	0.0	1.0978129281139546	0.6925477200564308	mel3_rep2	mel3
15x14	15.0	14.0	9202	3795	3.963882228928777	0.8007396569752	-0.13819714593686758	-0.13114541478189126	-0.1808722947273516	-0.16410689419487548	0.3861599032958699	0.169885861752026	2.969092809459559	0.0	0.0	0.0	0.0	0.0	mel3_rep2	mel3
15x15	15.0	15.0	6893	3058	3.8384082784941866	0.11601077958033323	0.13649321710134035	-0.13114541478189126	0.04881644961729575	-0.6844038690561453	0.5022650143040552	0.7096002307321594	3.2450386261005515	0.0	0.0	0.0	1.3613596257920593	0.0	mel3_rep2	mel3
15x16	15.0	16.0	9427	3993	3.974373507081423	-0.03262742240200908	-0.13819714593686758	-0.13114541478189126	-0.3544919113756353	-0.24596012762184252	0.24473896905752665	-0.37825139538697744	2.539127393634072	0.0	0.0	0.0	0.7230859386426304	0.7230859386426304	mel3_rep2	mel3
15x17	15.0	17.0	4930	2516	3.69284691927723	0.058808113483345144	-0.13819714593686758	-0.13114541478189126	-0.09296655832554356	0.9248608941013248	0.11940466392636516	-0.06003136085666071	2.577970778465797	0.0	0.0	1.6207329094808678	1.958007070764142	0.0	mel3_rep2	mel3
15x18	15.0	18.0	7618	3356	3.8818409683249273	0.6480598279407491	0.11229212972756715	-0.13114541478189126	-0.3544919113756353	-0.6994674367733374	0.16113070821685885	0.8731390889977515	3.4813733680115027	0.0	1.287953866006747	0.0	1.8326969729602982	1.5969687911922004	mel3_rep2	mel3
15x19	15.0	19.0	3951	2248	3.596707029681446	-0.1020979259475225	-0.13819714593686758	-0.13114541478189126	-0.05672495179216104	-0.7027451135468338	0.10487639461757503	-0.22263540476099758	3.056264583875644	0.0	0.0	0.0	1.2615824788567174	0.0	mel3_rep2	mel3
15x20	15.0	20.0	4675	2426	3.6697816152085365	-0.1176786623334178	1.6626461043788978	-0.13114541478189126	-0.3544919113756353	-0.31194982416988587	-0.007743917650796365	0.1449839469465281	3.4322606847192523	0.0	0.0	0.0	1.1439162029735097	0.0	mel3_rep2	mel3
15x21	15.0	21.0	3986	2127	3.600537294364469	-0.17329712194074645	0.2368369780147482	-0.13114541478189126	-0.3544919113756353	-0.1720155183593631	0.027906618901095904	-0.14265491303585573	3.0478618964956117	0.0	0.0	0.0	1.255268607491072	1.255268607491072	mel3_rep2	mel3
15x23	15.0	23.0	2020	1347	3.305351369446624	0.05416287282027792	-0.13819714593686758	-0.13114541478189126	-0.3544919113756353	-0.7423924977187085	-0.04286708820078757	-0.22698870436772692	3.248530748607392	0.0	0.0	0.0	0.0	0.0	mel3_rep2	mel3
15x24	15.0	24.0	1281	894	3.1075491297446862	-0.7992609071999689	-0.13819714593686758	-0.13114541478189126	-0.3544919113756353	-0.01699849166229528	-0.32601080682032335	-0.6451510584474243	4.018988789330244	0.0	2.175478871708186	0.0	0.0	0.0	mel3_rep2	mel3
15x25	15.0	25.0	1232	853	3.090610707828407	-0.1439645580534863	-0.13819714593686758	-0.13114541478189126	-0.3544919113756353	-1.0137816270532833	0.4380936855221721	-0.6451510584474243	3.2328043451193538	0.0	0.0	0.0	0.0	0.0	mel3_rep2	mel3
15x26	15.0	26.0	507	397	2.705007959333336	-0.7992609071999689	-0.13819714593686758	-0.13114541478189126	-0.3544919113756353	-1.2558788393159017	0.7022376170403983	-0.6451510584474243	4.097200440868064	0.0	0.0	0.0	0.0	0.0	mel3_rep2	mel3
15x27	15.0	27.0	2033	1285	3.3081373786380386	-0.24035961165317984	-0.13819714593686758	-0.13114541478189126	0.06519641805922179	-0.02281484658485076	0.5584900459084323	-0.2282393587783435	3.4181539668643173	0.0	0.0	0.0	1.778140340809816	0.0	mel3_rep2	mel3
16x11	16.0	11.0	7421	3368	3.87046243158892	-0.17531464706411282	-0.13819714593686758	1.5781759516173037	-0.3544919113756353	-0.35696062912236326	0.08965771310596606	0.3507273435294913	2.9187353875495976	0.0	1.3069953242112913	0.0	0.0	0.0	mel3_rep2	mel3
16x12	16.0	12.0	9586	3965	3.981637424655769	-0.17688099571726215	-0.13819714593686758	-0.13114541478189126	-0.1858482687535961	-0.24407378761785678	0.33009365767997884	0.6439148113699049	3.1759739862391276	0.0	0.0	0.0	0.7145113245611632	1.1269975757326045	mel3_rep2	mel3
16x13	16.0	13.0	9464	3930	3.976074731619874	0.37249750425033196	-0.13819714593686758	-0.13114541478189126	0.06779240043673784	0.22267819408599862	0.21615190725701175	0.27592415096738243	3.3853783561923243	0.7210714788051359	0.0	0.0	1.1356740524666786	0.7210714788051359	mel3_rep2	mel3
16x14	16.0	14.0	4749	2376	3.676602169582018	0.12662157893355763	-0.13819714593686758	-0.13114541478189126	-0.3544919113756353	-0.5289429565094868	0.5795851999012092	0.08282131026991864	2.993297220250146	0.0	0.0	0.0	1.1332412143103805	0.0	mel3_rep2	mel3
16x15	16.0	15.0	7369	3012	3.867408556522791	0.17783433408305763	-0.13819714593686758	-0.13114541478189126	-0.3544919113756353	-0.05613273841781685	0.4470284816797298	0.04770738165647959	3.061311354356428	0.0	0.0	0.0	0.0	0.0	mel3_rep2	mel3
16x16	16.0	16.0	3394	1819	3.530711837981657	0.5354233942095513	-0.13819714593686758	-0.13114541478189126	0.3947877739660304	-0.14606212863895648	0.15892676635469635	-0.3232780316773053	3.4165377664993546	0.0	0.0	0.0	0.0	1.3727976786758238	mel3_rep2	mel3
16x17	16.0	17.0	5554	2741	3.744605875414239	0.864705595517584	0.1694740033234743	-0.13114541478189126	-0.3544919113756353	-0.7749063381946332	0.0970934567774956	1.5157695557005444	3.394779036701381	0.0	1.0297994513881439	0.0	0.0	0.0	mel3_rep2	mel3
16x18	16.0	18.0	5631	2806	3.7505855273410087	0.1270563965826125	-0.13819714593686758	-0.13114541478189126	-0.13610960747598086	0.4009918298172368	0.32791572449515455	-0.1660281622578876	3.1816509166750353	0.0	1.5155155101195779	0.0	1.0209690756408527	0.0	mel3_rep2	mel3
16x19	16.0	19.0	4832	2570	3.6841269256130755	0.5987991860348901	-0.13819714593686758	-0.13114541478189126	-0.3544919113756353	-0.4888050034881246	0.2178683255014578	-0.06814541157957021	3.328769098397484	0.0	0.0	0.0	0.0	0.0	mel3_rep2	mel3
16x20	16.0	20.0	3416	1942	3.5335178620169674	0.9125969170946352	-0.13819714593686758	-0.13114541478189126	1.024573269559096	0.45638760087164737	-0.2925202795615574	-0.0799756900199953	2.749640050629244	0.0	0.0	0.0	0.0	1.3679777485945843	mel3_rep2	mel3
16x21	16.0	21.0	3443	2001	3.5369370227046737	0.03857585061716023	-0.13819714593686758	-0.13114541478189126	0.09968325007036961	-0.22804407023649306	-0.41588037533635996	0.6948501425146588	3.4949573237759157	0.0	0.0	0.0	0.0	1.918228758510994	mel3_rep2	mel3
16x22	16.0	22.0	3913	2187	3.59250984790068	-0.23306956033148593	0.5225810401364356	-0.13114541478189126	-0.05508767508683831	0.2763694576937286	-0.1863806316288389	-0.3477276604526024	2.7932184403430167	0.0	2.1594940784741086	0.0	1.2685193116314644	0.0	mel3_rep2	mel3
16x23	16.0	23.0	1741	1162	3.240798771117331	-0.4123780689692158	-0.13819714593686758	-0.13114541478189126	-0.3544919113756353	-0.05324278349821071	-0.07037976716771009	-0.0847678999657984	3.1770241984102303	0.0	0.0	0.0	1.9086273288620228	0.0	mel3_rep2	mel3
16x24	16.0	24.0	1648	1101	3.216957207361097	-0.14459565663421656	-0.13819714593686758	-0.13114541478189126	-0.3544919113756353	-0.41634758954814965	0.36016473911729663	0.2725646407187142	3.4448890411602036	0.0	0.0	0.0	0.0	0.0	mel3_rep2	mel3
16x25	16.0	25.0	1895	1189	3.2776092143040914	-0.22698606809082078	-0.13819714593686758	-0.13114541478189126	-0.3544919113756353	-0.444406162555438	0.37086751466871976	0.21687359648482993	2.823230419159529	0.0	0.0	0.0	0.0	0.0	mel3_rep2	mel3
16x26	16.0	26.0	1477	965	3.1693804953119495	-0.2566334504050526	-0.13819714593686758	-0.13114541478189126	-0.3544919113756353	-0.6054945195485415	0.8417170517011356	-0.04316264454591721	2.676969591532915	0.0	0.0	0.0	0.0	0.0	mel3_rep2	mel3
17x11	17.0	11.0	7085	3292	3.850339854583479	-0.16137538708475965	-0.13819714593686758	-0.13114541478189126	0.923765814716654	0.3838701585543837	0.041090589329568314	0.4017288851445958	3.160522791822619	0.0	0.8802210124246115	0.0	1.6552327020458777	1.3410001959672184	mel3_rep2	mel3
17x12	17.0	12.0	7709	3513	3.8869980456710995	0.6640203021313474	-0.13819714593686758	-0.13114541478189126	0.2970142456674712	-0.25374830250621877	-0.03566235955455676	0.645140167595404	3.0798418571749715	0.8316845074495368	0.0	0.8316845074495368	0.0	0.8316845074495368	mel3_rep2	mel3
17x13	17.0	13.0	7216	3188	3.8582965245338854	0.07006044179325563	-0.13819714593686758	-0.13114541478189126	-0.08078280421659502	-0.5557968482529302	0.7719684386710028	0.9027147053786134	3.4045914674113837	0.0	0.0	0.0	0.0	0.8695384012190513	mel3_rep2	mel3
17x14	17.0	14.0	7729	3069	3.8881233072979087	-0.3916714720474221	0.0608240312949178	-0.13114541478189126	-0.3544919113756353	-0.3273797039974627	0.2818488890721052	0.33413863873289473	2.950400026080071	0.0	0.0	0.0	0.8302222287915094	0.8302222287915094	mel3_rep2	mel3
17x15	17.0	15.0	5058	2475	3.703978825008386	-0.18098719886937664	-0.13819714593686758	1.5420492965349057	-0.3544919113756353	-0.026069178382234548	0.8231739046730031	0.06271183813525338	3.356162514194128	0.0	1.0909382631801572	0.0	0.0	1.0909382631801572	mel3_rep2	mel3
17x16	17.0	16.0	4799	2440	3.681150749932421	-0.16454589554798216	-0.13819714593686758	-0.13114541478189126	-0.1136112768287885	0.06063915611394979	0.303433523360604	0.055275417291425086	3.0836366669805755	0.0	0.0	0.0	1.1261520480436025	1.1261520480436025	mel3_rep2	mel3
17x17	17.0	17.0	6603	3013	3.8197412972730103	-0.01394603533018691	-0.13819714593686758	-0.13114541478189126	-0.06425052545274214	-0.34263928513262654	0.24515362261623774	1.0815899301240166	3.698236569282065	0.922059310713215	0.0	0.0	1.3934999001706996	0.0	mel3_rep2	mel3
17x18	17.0	18.0	5883	2829	3.7695988483874463	0.14378840044938027	-0.13819714593686758	-0.13114541478189126	-0.3544919113756353	-0.0754874315945618	0.25581572767783956	0.09404200136241808	2.980514225534255	0.0	0.0	0.0	0.9931825189706991	0.9931825189706991	mel3_rep2	mel3
17x19	17.0	19.0	3085	1780	3.4892551683692603	-0.3912962217799126	-0.13819714593686758	-0.13114541478189126	-0.3544919113756353	-0.8101917353253585	0.008379485054699503	0.11786563968979027	2.845342745108185	0.0	0.0	0.0	0.0	0.0	mel3_rep2	mel3
17x20	17.0	20.0	3126	1824	3.494988973683168	0.2928111669660686	-0.13819714593686758	-0.13114541478189126	0.4308406069432065	-0.3993266506917689	0.560258803806749	0.0930492316391075	2.3605642405306777	0.0	0.0	0.0	0.0	1.434840764052246	mel3_rep2	mel3
17x21	17.0	21.0	3849	2073	3.585347911094591	1.056970407823551	-0.13819714593686758	-0.13114541478189126	-0.05228359897302624	1.0822478987107715	-0.21256915275663565	-0.28661692086594653	3.1938737333731284	1.2803996535589717	0.0	0.0	1.8239289134325338	0.0	mel3_rep2	mel3
17x22	17.0	22.0	5057	2585	3.7038929536325447	0.02126994815440574	0.5143660660800013	-0.13114541478189126	0.5887876669210782	0.8430407069937077	-0.36510379675058435	0.23652885781982222	2.822548197883942	0.0	0.0	0.0	0.0	0.0	mel3_rep2	mel3
17x23	17.0	23.0	2521	1493	3.401572845676446	-0.7992609071999689	-0.13819714593686758	-0.13114541478189126	-0.3544919113756353	0.8449750994479394	-0.7857576172855211	-0.6451510584474243	3.0365574414131222	0.0	0.0	0.0	1.602751586481028	0.0	mel3_rep2	mel3
17x24	17.0	24.0	2495	1561	3.397070549959409	0.2306365824429486	-0.13819714593686758	-0.13114541478189126	-0.3544919113756353	-0.333987367093229	-0.048882749782959596	-0.17214117455246467	2.56679750214283	0.0	1.6110398350834336	2.1990043330896536	0.0	0.0	mel3_rep2	mel3
17x25	17.0	25.0	3205	1811	3.5058280338548364	0.08446397369203074	-0.13819714593686758	-0.13114541478189126	0.11761135183238057	-0.24266960543520122	0.5814663612190621	-0.2486791036337455	3.3700892779485754	0.0	1.415883455376462	1.415883455376462	1.415883455376462	0.0	mel3_rep2	mel3
17x26	17.0	26.0	3526	1982	3.5472823079633033	-0.2898310364303565	-0.13819714593686758	-0.13114541478189126	-0.06691805184613088	-0.345789339710412	0.42508474724039796	-0.3299246467108004	3.4718678016020004	0.0	0.0	0.0	0.0	0.0	mel3_rep2	mel3
18x11	18.0	11.0	3153	1892	3.4987239707479048	-0.22666382287555023	-0.13819714593686758	-0.13114541478189126	0.12174994213686904	-0.09492569555862114	0.26659317174144864	-0.6451510584474243	2.6163975594628623	0.0	0.0	0.0	0.0	1.4282954889237178	mel3_rep2	mel3
18x12	18.0	12.0	3594	1981	3.555578072772955	0.27160157463740614	0.26947878364468614	-0.13114541478189126	-0.3544919113756353	-0.10692197755933171	0.05062261748974755	-0.6451510584474243	3.2597004905034193	0.0	0.0	0.0	2.235081691233444	1.3303627305630792	mel3_rep2	mel3
18x13	18.0	13.0	4708	2370	3.672836454171397	0.04496831714996851	0.5183319932997011	-0.13114541478189126	0.004077428128146995	-0.22884467773155537	0.3531159840071649	0.4276680932364522	3.001535284522723	0.0	1.1391283740409952	0.0	0.0	1.1391283740409952	mel3_rep2	mel3
18x14	18.0	14.0	5760	2750	3.760422483423212	0.35382747213289867	-0.13819714593686758	-0.13114541478189126	-0.3544919113756353	-0.12792275376907178	0.46798201718493054	0.6421779232226577	2.810907586541918	0.0	0.0	0.0	0.0	1.0065376097219332	mel3_rep2	mel3
18x15	18.0	15.0	4299	2249	3.633367445117007	-0.28518327987504416	-0.13819714593686758	-0.13114541478189126	0.18622953127002154	-0.45665055639772595	0.5934651722726841	0.34247623236612934	3.5805098409525695	0.0	0.0	0.0	0.0	0.0	mel3_rep2	mel3
18x16	18.0	16.0	3429	1876	3.535167485114944	-0.5166608748505798	-0.13819714593686758	-0.13114541478189126	-0.03228076888543946	-0.2545503357809537	0.24390918315551618	-0.26288594742704435	3.4989084170414326	0.0	1.365147874118255	0.0	0.0	0.0	mel3_rep2	mel3
18x17	18.0	17.0	5218	2573	3.717504074764202	-0.13997294208149433	-0.13819714593686758	-0.13114541478189126	-0.10185741232070662	-0.2515253589520537	0.8194701850635233	0.3938978451465424	3.2547741041271783	0.0	0.0	0.0	0.0	0.0	mel3_rep2	mel3
18x18	18.0	18.0	5702	2769	3.756027212973441	0.15578058153059882	-0.13819714593686758	-0.13114541478189126	-0.3544919113756353	-0.6754325141999321	0.024791220924236943	0.08236286818342713	3.0102009296444496	0.0	0.0	0.0	1.0129711022855836	0.0	mel3_rep2	mel3
18x19	18.0	19.0	3718	2051	3.5703093854358796	0.046929908457179724	-0.13819714593686758	-0.13114541478189126	-0.3544919113756353	-0.3649203310759755	0.5075293826919592	-0.3390516019213986	3.1142681188388726	0.0	0.0	0.0	1.3055229497778773	1.3055229497778773	mel3_rep2	mel3
18x20	18.0	20.0	4508	2294	3.653983907374069	-0.5623331984784783	-0.13819714593686758	-0.13114541478189126	1.609699258631242	1.2099094330765887	-0.6669490722137502	-0.24816755838322285	3.3957700806494286	0.0	1.1688466252431262	0.0	1.6931459986858783	1.6931459986858783	mel3_rep2	mel3
18x21	18.0	21.0	4485	2442	3.651762447380111	-0.016224968987785304	-0.13819714593686758	-0.13114541478189126	-0.3544919113756353	0.4746263516467703	0.1390786773778438	0.33145022608860425	2.49718693891809	0.0	0.0	0.0	1.1723751357105543	1.1723751357105543	mel3_rep2	mel3
18x22	18.0	22.0	4698	2539	3.671913012441587	-0.26765562004274374	-0.13819714593686758	-0.13114541478189126	0.004532646497032032	0.003973624321502112	0.200397097902995	-0.6451510584474243	2.6225934028912694	1.6595853824589095	0.0	0.0	0.0	0.0	mel3_rep2	mel3
18x23	18.0	23.0	2538	1546	3.404491617758686	-0.47546701423439347	-0.13819714593686758	-0.13114541478189126	0.525351977366475	1.0017635087569132	-0.4175745934800506	-0.6451510584474243	2.5510322677947825	0.0	0.0	0.0	0.0	0.0	mel3_rep2	mel3
18x24	18.0	24.0	3370	1958	3.5276299008713385	0.14010565600201863	-0.13819714593686758	-0.13114541478189126	-0.029223570652866255	0.7948006346452234	-0.3714301901457604	-0.6451510584474243	2.5548552134830045	0.0	1.9365404041864962	0.0	2.5548552134830045	0.0	mel3_rep2	mel3
18x25	18.0	25.0	4020	2303	3.60422605308447	0.05593182264399927	-0.13819714593686758	-0.13114541478189126	-0.3544919113756353	0.37458605868836464	-0.3738285407662696	0.3643145163209256	2.9130534243270803	1.2492029789755144	0.0	0.0	1.2492029789755144	0.0	mel3_rep2	mel3
19x11	19.0	11.0	3755	2083	3.5746099413401873	-0.08535411483244615	-0.13819714593686758	-0.13114541478189126	-0.076786314694447	-0.13030058922647417	0.6349434498349636	0.04045012081333986	3.7752831231842445	0.0	0.0	0.0	1.2983141091604398	0.0	mel3_rep2	mel3
19x12	19.0	12.0	3208	1748	3.506234359612126	0.8514914765743974	-0.13819714593686758	-0.13114541478189126	-0.3544919113756353	-0.6402450013390946	0.7143590366414968	-0.6451510584474243	2.600377973286322	1.4151750166135588	1.4151750166135588	0.0	0.0	0.0	mel3_rep2	mel3
19x13	19.0	13.0	4574	2376	3.66029616027073	-0.039734488178533194	-0.13819714593686758	-0.13114541478189126	-0.08097230270571824	-0.6187152300277653	0.07175375430467731	0.17298625262989628	2.79140382539084	0.0	1.1588510236475011	0.0	0.0	0.0	mel3_rep2	mel3
19x14	19.0	14.0	3094	1837	3.490520309363349	-0.10923344456067274	-0.13819714593686758	-0.13114541478189126	-0.3544919113756353	-0.20342281284032673	-0.2428560362788441	-0.2215697721247881	3.015160925711989	1.4426893578680253	0.0	0.0	0.0	0.0	mel3_rep2	mel3
19x15	19.0	15.0	5339	2598	3.7274599208579087	0.11842684550305453	-0.13819714593686758	-0.13114541478189126	-0.3544919113756353	-0.5725989977300486	0.8094089622884929	0.5969312300078972	2.771593190338606	0.0	0.0	0.0	0.0	1.0553602352479228	mel3_rep2	mel3
19x16	19.0	16.0	2788	1638	3.4452927694259716	0.06150843639392083	-0.13819714593686758	-0.13114541478189126	-0.3544919113756353	-0.9270125012109638	0.4365095421690274	0.13849962073443045	3.262226613552719	0.0	0.0	0.0	1.5231827382993175	0.0	mel3_rep2	mel3
19x17	19.0	17.0	3742	2132	3.573103783163991	-0.2245550534656345	-0.13819714593686758	-0.13114541478189126	-0.3544919113756353	-0.659710190633681	-0.1674729238008527	0.19890584278479956	2.835223458116006	0.0	0.0	1.3008366087569863	0.0	0.0	mel3_rep2	mel3
19x18	19.0	18.0	5310	2729	3.725094521081469	0.3838914376957086	-0.13819714593686758	-0.13114541478189126	-0.3544919113756353	0.9640705243181289	-0.12009392932325759	0.33596246217049414	2.987316546138658	0.0	0.0	1.058914374415745	1.5616077393031853	1.058914374415745	mel3_rep2	mel3
19x19	19.0	19.0	2291	1450	3.3600250891893975	-0.4587458676185902	0.34570522783716917	-0.13114541478189126	0.20563632503148424	0.9154482692143944	-0.1804644502037603	0.24194316289389622	2.6458001501596384	0.0	0.0	0.0	0.0	0.0	mel3_rep2	mel3
19x20	19.0	20.0	4899	2591	3.6901074394563307	-0.07918829376969157	-0.13819714593686758	-0.13114541478189126	-0.3544919113756353	-0.33202722347411234	-0.22156502929183342	0.5694598350995274	3.0639668798119106	0.0	0.0	0.0	1.1122629939487645	0.0	mel3_rep2	mel3
19x22	19.0	22.0	3826	2139	3.582744965691277	0.2759880672143176	-0.13819714593686758	-0.13114541478189126	-0.3544919113756353	-0.11933577607176822	0.12317798682441375	0.22559129775757106	3.3008965500439933	0.0	1.2847310065050122	0.0	1.2847310065050122	1.2847310065050122	mel3_rep2	mel3
19x23	19.0	23.0	4144	2352	3.6174197467371765	-0.3717772279677088	-0.13819714593686758	-0.13114541478189126	-0.3544919113756353	0.8710974195354616	-0.8041580767093343	0.5287369503853083	2.739469050942969	1.2276290009381057	0.0	0.0	1.2276290009381057	0.0	mel3_rep2	mel3
19x24	19.0	24.0	4570	2438	3.6599162000698504	0.05491021206771123	-0.13819714593686758	-0.13114541478189126	-0.3544919113756353	0.08548675375791077	0.029852648600459764	-0.6451510584474243	2.6482367017322623	0.0	0.0	1.1594514153010003	0.0	0.0	mel3_rep2	mel3
19x25	19.0	25.0	2433	1519	3.3861421089308186	0.11790589544816799	-0.13819714593686758	-0.13114541478189126	0.5383300236761485	0.4548070617781918	-0.7603794067075035	0.3324638978256618	3.070411100295445	0.0	0.0	0.0	0.0	0.0	mel3_rep2	mel3
20x11	20.0	11.0	2053	1309	3.312388949370592	-0.2422174663504564	-0.13819714593686758	-0.13114541478189126	-0.3544919113756353	-0.6733588072461196	-0.1295350276511674	-0.6451510584474243	3.232960292250848	0.0	0.0	0.0	0.0	0.0	mel3_rep2	mel3
20x12	20.0	12.0	4132	2211	3.6161603128475828	-0.27777642543114184	-0.13819714593686758	-0.13114541478189126	-0.0642547417327391	-0.26951547557140404	0.2249910894032241	0.9108458134289169	3.1259365012873217	0.0	0.0	1.2296801782395066	0.0	0.0	mel3_rep2	mel3
20x13	20.0	13.0	5146	2604	3.7114697818743276	-0.061248160819499096	0.49529126825961034	-0.13114541478189126	-0.0996972959711768	0.5016725117359065	0.1797539207813962	-0.3281991838307669	3.1079811745046126	0.0	0.0	0.0	0.0	0.0	mel3_rep2	mel3
20x14	20.0	14.0	2948	1710	3.469527479187014	-0.49292370049402723	-0.13819714593686758	-0.13114541478189126	-0.3544919113756353	0.42659831087365613	-0.734310930444911	0.5506687405465761	2.8881833255244342	0.0	0.0	0.0	2.0521038124125344	0.0	mel3_rep2	mel3
20x15	20.0	15.0	4215	2271	3.624797578960761	1.1009171000275826	-0.13819714593686758	-0.13114541478189126	-0.3544919113756353	-0.12492628489633291	0.5042436076828166	0.02736885513814773	3.2078064814398153	0.0	0.0	0.0	1.2156481536491444	0.0	mel3_rep2	mel3
20x16	20.0	16.0	4200	2160	3.6232492903979003	1.629031587315339	0.8990608829784386	-0.13114541478189126	0.30761672027062437	-0.2554833385070875	0.10477917841657212	-0.6451510584474243	2.7269186854065928	0.0	0.0	0.0	2.097141118779237	0.0	mel3_rep2	mel3
20x17	20.0	17.0	3579	1954	3.553761698390004	-0.06941144310979237	2.0531913022821042	-0.13114541478189126	0.27368005346538643	1.4064483193923414	-0.3569784768078683	0.3247887076441901	3.0232762271507525	0.0	0.0	0.0	1.885273053605022	0.0	mel3_rep2	mel3
20x18	20.0	18.0	2711	1639	3.4331295175804857	-0.16619324842694772	-0.13819714593686758	-0.13114541478189126	0.14719002982112311	0.7603874001455967	-0.6092630856215074	-0.2828673977671478	2.75713892778319	1.5451501897960034	0.0	0.0	0.0	1.5451501897960034	mel3_rep2	mel3
20x19	20.0	19.0	4256	2326	3.6290016192869916	0.6951015912531688	-0.13819714593686758	-0.13114541478189126	0.4735545380070187	-0.130229927513852	0.07210911067228411	0.33115703970956745	2.859188830459477	0.0	0.0	0.0	0.0	1.2088481186891102	mel3_rep2	mel3
20x20	20.0	20.0	5467	2757	3.7377490738915573	-0.2195225350781392	0.17251523797763657	-0.13114541478189126	-0.3544919113756353	-0.5857272683113927	-0.042719406396172915	0.05044442550675723	2.8600506181195344	0.0	0.0	0.0	1.5386534765110782	0.0	mel3_rep2	mel3
20x21	20.0	21.0	5388	2772	3.731427587050948	0.0207084601469191	-0.13819714593686758	-0.13114541478189126	-0.3544919113756353	-0.09633805757441832	-0.13030631930804154	0.8400992558789551	2.7630313171507352	0.0	0.0	0.0	1.550102362896106	0.0	mel3_rep2	mel3
20x22	20.0	22.0	4254	2296	3.62879748556671	-0.2196074037490994	-0.13819714593686758	-0.13114541478189126	-0.3544919113756353	-0.551370578170915	0.3122620445645579	0.048460801449307714	2.7149842618687474	1.2091778523016334	0.0	0.0	0.0	0.0	mel3_rep2	mel3
20x23	20.0	23.0	5616	2717	3.749427099121749	-0.06051441967577142	-0.13819714593686758	-0.13114541478189126	-0.3544919113756353	-0.28550726812176785	0.6806022836387813	0.3883089898598352	2.8347205033467873	0.0	1.0226763629472266	0.0	1.0226763629472266	0.0	mel3_rep2	mel3
20x24	20.0	24.0	4419	2403	3.6453240015622934	-0.04549879689130987	-0.13819714593686758	-0.13114541478189126	-0.10153009016691593	-0.17461622378667727	0.2599717592260115	0.6620367846135844	3.061828897936965	0.0	0.0	0.0	1.182633355175907	0.0	mel3_rep2	mel3
21x11	21.0	11.0	3066	1820	3.4865721505183562	-0.31720851266296685	-0.13819714593686758	-0.13114541478189126	-0.3544919113756353	-0.3492721762347862	-0.0485190256770665	-0.30526127640555095	2.642360042234794	0.0	0.0	0.0	2.0179858913541247	0.0	mel3_rep2	mel3
21x12	21.0	12.0	3498	2015	3.543819805142658	0.7237540709182936	-0.13819714593686758	-0.13114541478189126	-0.03577342471669754	-0.0974470082455019	0.4606892848371933	0.12944043533459165	3.4795938390244188	0.0	1.9047239345489706	0.0	1.3503501497248045	0.0	mel3_rep2	mel3
21x13	21.0	13.0	3318	1984	3.5208763816883417	0.11588602189333326	-0.13819714593686758	-0.13114541478189126	-0.05722752234298538	0.3361607074926607	-0.5548215452476182	-0.255995717543162	3.0954439531443563	0.0	0.0	0.0	0.0	0.0	mel3_rep2	mel3
21x14	21.0	14.0	4160	2314	3.6190933306267428	-0.11889490432121914	-0.13819714593686758	-0.13114541478189126	0.22255018403157178	-0.05461042607436458	-0.17821917454874764	-0.05556321250724696	1.7591832987934424	0.0	0.0	0.0	0.0	1.7591832987934424	mel3_rep2	mel3
21x15	21.0	15.0	5613	2829	3.7491950422196725	-0.139289692098562	-0.13819714593686758	-0.13114541478189126	-0.029793000057510614	-0.8706384454156263	0.017125457180175066	0.9349415369594419	3.4985785250425825	0.0	1.5180146991323207	0.0	1.0230185645993208	0.0	mel3_rep2	mel3
21x16	21.0	16.0	4681	2490	3.670338641127442	0.09548562899443742	0.13581339231861417	-0.13114541478189126	-0.10999848447937954	-0.6468898850822237	-0.046839295884705416	0.6923970528991642	3.0070015841647644	0.0	1.1430423784393897	0.0	1.1430423784393897	2.0026802242421224	mel3_rep2	mel3
21x17	21.0	17.0	3980	2212	3.5998830720736876	0.12221616937570197	-0.13819714593686758	-0.13114541478189126	0.02965405307200632	-0.6384690138949279	0.048900672224541156	0.37008663716430884	2.9225129671079615	0.0	0.0	0.0	0.0	1.256345917509318	mel3_rep2	mel3
21x18	21.0	18.0	4045	2241	3.606918525948291	-0.23937644061500274	0.16020314931694837	-0.13114541478189126	-0.06068962400112203	0.40490802384945707	-0.09948670002115949	0.4384624411314414	2.907191465979012	1.244784910045752	0.0	0.0	2.387730288051304	1.244784910045752	mel3_rep2	mel3
21x19	21.0	19.0	5768	2894	3.7610252517113727	-0.029500059163543254	-0.13819714593686758	-0.13114541478189126	0.28222686862561114	0.12699354395326423	0.2636636194545344	1.1132242081897765	3.082113539906565	0.0	0.0	0.0	0.0	0.0	mel3_rep2	mel3
21x20	21.0	20.0	4017	2221	3.6039018317316716	-0.05527531174276346	-0.13819714593686758	-0.13114541478189126	-0.3544919113756353	0.11204347292212476	0.11100829285017971	0.5155316995218437	2.7686133177104524	0.0	0.0	0.0	1.2497355233037755	1.2497355233037755	mel3_rep2	mel3
21x21	21.0	21.0	12694	4615	4.1035984939779375	-0.08637525817324676	-0.13819714593686758	-0.13114541478189126	-0.1607765558059438	-0.15836674297734954	0.034691059159849796	0.5434876568818368	3.204095635675571	0.5809711314845193	0.5809711314845193	0.5809711314845193	0.0	0.5809711314845193	mel3_rep2	mel3
21x22	21.0	22.0	3531	1867	3.5478977175630972	0.23147797514282276	0.18384372999144227	-0.13114541478189126	0.2910299674253333	-0.4916240885498478	0.7913480835461164	0.046005718289280836	2.2508892671253347	0.0	0.0	0.0	0.0	0.0	mel3_rep2	mel3
21x23	21.0	23.0	3270	1905	3.514547752660286	0.014214715481901277	-0.13819714593686758	-0.13114541478189126	0.5323002459410354	-0.4602955789003849	0.4331177172761308	-0.0956519832502796	2.7905833360197456	0.0	0.0	0.0	0.0	1.9623749924050384	mel3_rep2	mel3
21x24	21.0	24.0	4281	2289	3.631545227834309	-0.25012511472015797	0.2217416481571882	-0.13114541478189126	-0.07014049400849927	0.00037651053356145087	0.0049212433851898545	0.5400331145952434	3.092093057552307	0.0	1.204743355307987	0.0	1.7355075243418114	0.0	mel3_rep2	mel3
22x11	22.0	11.0	2575	1528	3.41077723337721	-0.28486458836342987	-0.13819714593686758	-0.13114541478189126	-0.3544919113756353	0.050100872313006285	-0.1378399655269665	0.3079396478780255	3.338770975794994	0.0	0.0	0.0	2.5376955888952093	0.0	mel3_rep2	mel3
22x12	22.0	12.0	3184	1852	3.5029730590656314	-0.5051266951764076	0.20241330211848013	-0.13114541478189126	2.341747327016701	1.2811486737012903	-1.0150148153249368	-0.24728398716886124	2.34392956406498	0.0	0.0	0.0	0.0	0.0	mel3_rep2	mel3
22x13	22.0	13.0	4295	2358	3.632963168167261	0.1372720452602784	-0.13819714593686758	-0.13114541478189126	0.5071166756268473	-1.085589653285622	-0.11884468800005354	0.17867046262433586	3.365206217009925	0.0	0.0	0.0	1.2024582703380564	0.0	mel3_rep2	mel3
22x14	22.0	14.0	4921	2653	3.6920533650340808	0.05945390605037362	-0.13819714593686758	-0.13114541478189126	-0.3544919113756353	-0.30775369621256504	-0.009312378123305593	0.3714933480744622	2.959533204815753	0.0	0.0	0.0	1.622199059641203	0.0	mel3_rep2	mel3
22x15	22.0	15.0	7143	3299	3.8538806501245424	-0.040569225348010204	-0.13819714593686758	-0.13114541478189126	-0.3544919113756353	-0.7249263435667285	0.10951671733291453	0.8097545123552589	2.9548913208998573	0.0	0.8754570708525087	0.0	0.0	0.0	mel3_rep2	mel3
22x16	22.0	16.0	6480	3091	3.8115750058705933	1.0005753346683477	0.42008084404681106	-0.13114541478189126	-0.04325588579890519	-0.13131390982689586	0.14317767548988203	-0.1649193073994108	3.461483045046175	0.0	0.9334270141171424	0.0	0.0	0.0	mel3_rep2	mel3
22x17	22.0	17.0	5537	2718	3.7432745235119333	0.030163743288579414	-0.13819714593686758	-0.13114541478189126	-0.11096645877355339	-0.2499827946874985	0.4960171230414016	0.9285899673575841	2.7374961930312525	0.0	1.8591215693925682	0.0	1.528675543060822	0.0	mel3_rep2	mel3
22x18	22.0	18.0	5660	2756	3.7528164311882715	-0.06301787973562305	0.4483393642829737	-0.13114541478189126	0.0022644528772056533	-0.18729822707222107	0.49213743552463785	0.18023028912443045	2.827376346037059	1.0176857983475656	0.0	0.0	0.0	0.0	mel3_rep2	mel3
22x19	22.0	19.0	5996	2868	3.777861624176242	-0.386263035014363	-0.13819714593686758	-0.13114541478189126	-0.12289177749917239	0.1557044702248361	0.29696035425260825	-0.004339675179382188	2.66320820330355	0.0	0.0	0.0	0.0	0.9812461107442206	mel3_rep2	mel3
22x20	22.0	20.0	6705	3078	3.8263987821876175	-0.11628227955584193	-0.13819714593686758	-0.13114541478189126	0.16534247625226373	-0.46464448597394914	0.3874544244531278	-0.4311186015934657	3.3266763143874085	0.0	0.0	0.0	1.3819972970580918	0.0	mel3_rep2	mel3
22x21	22.0	21.0	4700	2451	3.6720978579357175	-0.06571777035673919	-0.13819714593686758	-0.13114541478189126	-0.0853543807321472	-0.6169939846910509	0.3368634553122718	0.6229960158206731	3.4271001249214255	1.1402849850686776	0.0	0.0	1.6592407349179186	1.1402849850686776	mel3_rep2	mel3
22x22	22.0	22.0	6980	3224	3.843855422623161	-0.027196169110146468	-0.13819714593686758	-0.13114541478189126	-0.3544919113756353	-0.304772111925594	0.4764727859610502	-0.39621918692413266	3.174825127991573	0.0	0.0	0.0	0.88898726410892	0.0	mel3_rep2	mel3
22x23	22.0	23.0	4823	2511	3.6833172619218826	-0.1149437865186157	-0.13819714593686758	-0.13114541478189126	0.032207969283701655	-0.16741354493906513	0.042122406026100644	0.6260407722239419	2.7417291832602873	1.1227838874448879	0.0	0.0	1.1227838874448879	1.1227838874448879	mel3_rep2	mel3
23x11	23.0	11.0	2282	1382	3.358315640082196	-0.10968061893880858	-0.13819714593686758	-0.13114541478189126	0.17530069398956805	-0.35131785438949253	0.23453897265021295	-0.17385872428360896	3.131599892131467	0.0	0.0	0.0	1.6830825244673235	0.0	mel3_rep2	mel3
23x12	23.0	12.0	3008	1748	3.4782778319196046	-0.7992609071999689	-0.13819714593686758	4.5764077714494835	1.1418543985487122	0.41568210081723017	-0.4161492106729863	-0.6451510584474243	2.8691674394699467	0.0	0.0	0.0	0.0	0.0	mel3_rep2	mel3
23x13	23.0	13.0	2330	1392	3.367355921026019	-0.46152528570511236	-0.13819714593686758	-0.13114541478189126	-0.3544919113756353	1.3491213464181229	0.05996394460136779	1.3158064542526522	2.260062798274457	0.0	0.0	0.0	1.6661670495986436	0.0	mel3_rep2	mel3
23x14	23.0	14.0	4155	2091	3.61857102812013	-0.11850494654091913	-0.13819714593686758	-0.13114541478189126	-0.3544919113756353	0.40555915218643795	-0.13910391768630734	-0.35775428042438817	3.221567745928467	0.0	0.0	0.0	0.0	0.0	mel3_rep2	mel3
23x15	23.0	15.0	5553	2859	3.7445276734725668	1.0358326642258324	-0.13819714593686758	-0.13114541478189126	0.22038755917987812	-0.7175103936506546	0.011807733282693295	0.13668365815252687	2.1045381609681613	0.0	0.0	0.0	0.0	0.0	mel3_rep2	mel3
23x16	23.0	16.0	5808	2841	3.7640266076920375	0.16280465252364643	-0.13819714593686758	-0.13114541478189126	0.9391129729367461	-0.21340606695358258	0.49944056801096615	0.541294475047475	2.4275051339655733	0.0	0.0	0.0	2.2626809507640195	0.0	mel3_rep2	mel3
23x17	23.0	17.0	4342	2227	3.637689819118401	-0.2024810741602677	-0.13819714593686758	-0.13114541478189126	-0.3544919113756353	-0.36924969992224216	0.5430756111571889	0.1301403802457795	2.8403409964678494	0.0	0.0	0.0	1.194857224004283	1.194857224004283	mel3_rep2	mel3
23x18	23.0	18.0	6926	3146	3.840482487213442	-0.3112430513788909	-0.13819714593686758	-0.13114541478189126	-0.07321873961701693	-0.32989888996259403	0.28058478643259177	0.12611146299117804	2.82625881008606	0.8935684552676841	0.8935684552676841	0.0	0.8935684552676841	0.0	mel3_rep2	mel3
23x19	23.0	19.0	5688	2779	3.75495958772171	-0.03944097557285451	0.10500813088369841	-0.13114541478189126	-0.03200671394920763	-0.34584807619772073	0.04956717513074221	0.4350903462658656	3.171999440068598	0.0	0.0	0.0	1.0145373963931055	1.0145373963931055	mel3_rep2	mel3
23x20	23.0	20.0	6486	3053	3.811976944336954	-0.3605431832831629	-0.13819714593686758	-0.13114541478189126	-0.13431087951295345	-0.14852208420825067	0.3614728298422817	0.9295817814361451	3.2452652139160234	0.0	0.0	0.0	0.9328655280059095	0.0	mel3_rep2	mel3
23x21	23.0	21.0	5904	2877	3.7711463488149852	0.2695711065058765	-0.13819714593686758	-0.13114541478189126	-0.3544919113756353	-0.10871769432858269	-0.4398708683601907	0.5586299850205078	3.2073187838931383	0.0	0.9909405626160468	0.0	0.0	0.0	mel3_rep2	mel3
23x22	23.0	22.0	5348	2726	3.7281913985899466	0.8509786118549356	-0.13819714593686758	-0.13114541478189126	0.8110080884295605	0.0073894720074295555	0.09603233938109215	-0.2803288491825766	3.43132968456007	0.0	0.0	0.0	0.0	0.0	mel3_rep2	mel3
23x23	23.0	23.0	4461	2371	3.6494322232416168	-0.228674146539238	-0.13819714593686758	-0.13114541478189126	0.3152402772371869	0.6803592636437146	-0.14205398845932474	-0.04007737968761834	2.6706874336175734	0.0	0.0	0.0	0.0	1.1760824144865274	mel3_rep2	mel3
24x12	24.0	12.0	2339	1333	3.3690302218091532	-0.46215884325124956	-0.13819714593686758	-0.13114541478189126	0.001227807076757324	0.5286277306701285	-0.16793331269767978	-0.6451510584474243	1.6630414903143547	0.0	0.0	0.0	1.6630414903143547	0.0	mel3_rep2	mel3
24x13	24.0	13.0	3383	1886	3.5293019977879805	-0.5205003970358059	0.2726753223731842	-0.13114541478189126	-0.3544919113756353	0.8035533504184545	-0.12592567711278335	-0.32270952990565627	3.317946426021911	0.0	0.0	1.3752223550156661	1.3752223550156661	0.0	mel3_rep2	mel3
24x14	24.0	14.0	2185	1313	3.3394514413064407	0.840615949566408	-0.13819714593686758	2.504691606675272	0.18647752147661498	0.9096544867037247	-0.2984674460529892	0.5643022413703369	2.6898846769570257	0.0	0.0	0.0	0.0	0.0	mel3_rep2	mel3
24x15	24.0	15.0	4360	2296	3.639486489268586	-0.45051788347746297	-0.13819714593686758	-0.13114541478189126	-0.09953204522774899	1.0903593177958724	-0.6210930400281233	0.03859257170769337	3.0746451971785316	0.0	0.0	0.0	2.0644210397551115	1.1919745062591351	mel3_rep2	mel3
24x16	24.0	16.0	7495	3397	3.874771637184298	0.5054452717155632	-0.13819714593686758	-0.13114541478189126	-0.1544171631484443	-0.0830334542799083	-0.23236009048205278	0.15172002412618862	2.565564963082989	0.0	1.6099714591987917	0.8476789942650903	0.0	0.8476789942650903	mel3_rep2	mel3
24x17	24.0	17.0	4848	2513	3.68556261115823	1.3537005232933677	-0.13819714593686758	-0.13114541478189126	-0.3544919113756353	-0.014279409796696563	0.3455962801043577	0.09709844667708824	3.397118667966071	0.0	1.1192989272768314	0.0	1.634211017639318	0.0	mel3_rep2	mel3
24x18	24.0	18.0	5958	2983	3.775100498879025	0.42772281877756835	0.1561567069377643	-0.13114541478189126	-0.12195255566921112	-0.2103240529119055	0.005879960007560808	-0.1661406572259522	2.404283321533691	0.0	0.0	0.0	0.9852254165949986	1.4717449929744766	mel3_rep2	mel3
24x19	24.0	19.0	3746	2032	3.5735677730392186	0.009778584214436734	-0.13819714593686758	-0.13114541478189126	-0.3544919113756353	-0.34935597769510846	-0.004447552383296719	0.5584868943732546	2.4577115760304515	0.0	0.0	0.0	1.3000592686775168	0.0	mel3_rep2	mel3
24x20	24.0	20.0	4510	2408	3.6541765418779604	0.03667275945580933	-0.13819714593686758	-0.13114541478189126	0.9155409997505555	-0.6467319219268078	-0.38859110336700714	-0.04395734911899242	2.2894167295131758	0.0	0.0	0.0	0.0	0.0	mel3_rep2	mel3
24x21	24.0	21.0	3452	1967	3.538070787043172	-0.24389145417754896	-0.13819714593686758	-0.13114541478189126	0.25748252075382355	-0.49011639160945414	-0.9508550505478452	0.4539888512839704	3.4924260667606966	1.3601740206568418	0.0	0.0	1.3601740206568418	0.0	mel3_rep2	mel3
24x22	24.0	22.0	2664	1594	3.4255342204982635	0.9503712662195852	-0.13819714593686758	-0.13114541478189126	0.15082889639591077	0.9022418166737777	0.24853989829567558	-0.6451510584474243	2.7735267206201586	0.0	0.0	0.0	1.5589345699005683	0.0	mel3_rep2	mel3
25x13	25.0	13.0	2788	1587	3.4452927694259716	-0.37340204399550786	-0.13819714593686758	2.429608125868001	-0.3544919113756353	1.477050795467333	-0.7589255906758333	-0.6451510584474243	2.730933196545607	0.0	0.0	0.0	1.5231827382993175	0.0	mel3_rep2	mel3
25x14	25.0	14.0	1635	1013	3.2135177569963047	-0.7992609071999689	0.46315241898796394	2.878589938473589	1.1127903283017802	0.5931787531712408	-0.33634338497240013	-0.6451510584474243	1.9623749924050384	0.0	0.0	0.0	0.0	0.0	mel3_rep2	mel3
25x15	25.0	15.0	4277	2290	3.631139250256811	-0.32550273101192895	-0.13819714593686758	-0.13114541478189126	-0.3544919113756353	0.37410377890959307	-0.12844754817480017	0.9842925791514237	2.081222746069418	0.0	0.0	0.0	1.2053980215623117	0.0	mel3_rep2	mel3
25x16	25.0	16.0	4389	2362	3.6423655808449733	-0.33023040268193227	0.9099865005187575	-0.13114541478189126	-0.07424281015601121	0.32572455744532064	-0.37922624281180717	-0.3667560664362366	2.6858414003615403	0.0	0.0	0.0	1.1873626150751835	0.0	mel3_rep2	mel3
25x17	25.0	17.0	2737	1658	3.4372747974101237	-0.16926669852671308	-0.13819714593686758	-0.13114541478189126	0.15821199273285286	0.7659519183374877	-0.3800620108712375	-0.6451510584474243	2.9584548664273216	0.0	0.0	0.0	1.5376487135490804	1.5376487135490804	mel3_rep2	mel3
25x18	25.0	18.0	4280	2347	3.6314437690131722	-0.03492789857057347	0.2217905242190083	-0.13114541478189126	1.4065360497529225	0.07180666406670376	-0.07618599110592986	0.09920472482558063	2.709295531275606	0.0	0.0	0.0	0.0	1.7356999565975921	mel3_rep2	mel3
25x19	25.0	19.0	2057	1336	3.313234291694724	0.047702691378386036	-0.13819714593686758	-0.13114541478189126	0.06289668219792066	0.8200069176529059	-0.31403684780227936	-0.23052387974183103	2.7462669575844925	0.0	0.0	0.0	0.0	0.0	mel3_rep2	mel3
25x20	25.0	20.0	3496	1986	3.5435714239623652	0.42158046871579646	-0.13819714593686758	-0.13114541478189126	0.37184560159338637	0.4888715978415379	-0.12443237640903329	-0.3284418401924284	2.5210495220503306	0.0	0.0	0.0	0.0	0.0	mel3_rep2	mel3
25x21	25.0	21.0	4836	2515	3.6844862921887342	-0.07499525369964916	-0.13819714593686758	-0.13114541478189126	0.4556527881699073	-0.054058417677906534	0.04323837996880012	0.2645330500254098	3.076309291598227	0.0	0.0	0.0	0.0	1.120968726874798	mel3_rep2	mel3
25x22	25.0	22.0	2640	1554	3.4216039268698313	-0.4818116300400348	-0.13819714593686758	-0.13114541478189126	-0.3544919113756353	0.4472573758480358	-0.6040336208928477	0.37101571407834427	3.5579420966664603	0.0	0.0	0.0	0.0	0.0	mel3_rep2	mel3
26x14	26.0	14.0	2346	1413	3.3703280077795106	-0.7992609071999689	0.3579431250500119	-0.13114541478189126	0.0007099373116094146	0.8990483060797319	-0.2796395596112846	0.01661644452008626	2.623778615466303	0.0	0.0	0.0	0.0	0.0	mel3_rep2	mel3
26x15	26.0	15.0	3646	1914	3.5618166643189575	0.5784774190961336	1.8749177874748617	-0.13114541478189126	1.1504932279828866	0.5697800843499004	-0.34734626739496677	-0.6451510584474243	1.8695632911844504	0.0	0.0	0.0	1.3198157621367606	0.0	mel3_rep2	mel3
26x16	26.0	16.0	3853	2086	3.5857990090130007	0.18521723361674436	1.3260484839725717	-0.13114541478189126	1.473368544225704	0.9752873984394094	-0.41954338135893027	-0.2694390701356197	3.0802132001604865	0.0	0.0	0.0	2.6374060467130223	0.0	mel3_rep2	mel3
26x17	26.0	17.0	3510	1894	3.545307116465824	-0.1323613800786908	0.1849013480010024	1.936025134022697	1.7605295738422981	0.7437716407942467	-0.36919017824913847	0.27958084813708173	2.8955813363371092	0.0	0.0	0.0	0.0	0.0	mel3_rep2	mel3
26x18	26.0	18.0	2586	1566	3.4126285205443754	0.09618014023164989	-0.13819714593686758	-0.13114541478189126	-0.3544919113756353	0.3537990598231513	-0.21426719584703788	-0.6451510584474243	2.801413280414541	0.0	0.0	0.0	0.0	1.5824728047550762	mel3_rep2	mel3
26x19	26.0	19.0	2367	1426	3.374198257929083	-0.2145166418875394	-0.13819714593686758	-0.13114541478189126	-0.3544919113756353	-0.41568679677995585	0.1583211347840395	-0.6451510584474243	3.0966532914137344	0.0	0.0	0.0	1.6534083042280732	0.0	mel3_rep2	mel3
26x20	26.0	20.0	2221	1410	3.346548558548474	-0.45361358029767773	-0.13819714593686758	-0.13114541478189126	-0.3544919113756353	0.5647111417100102	-0.34409933902158407	-0.14449576534623682	2.3030802427869714	1.705198238543573	1.705198238543573	0.0	1.705198238543573	0.0	mel3_rep2	mel3
26x21	26.0	21.0	3931	2134	3.5945030438200893	1.062957455564109	-0.13819714593686758	-0.13114541478189126	0.04376880061031031	-0.835500663662374	-0.34778246762024867	-0.34850059438173064	3.2748333709751853	1.2652227262843645	0.0	0.0	0.0	0.0	mel3_rep2	mel3
27x15	27.0	15.0	2853	1508	3.4553017716570764	-0.30392337223120786	0.2226314304559112	-0.13114541478189126	-0.3544919113756353	1.3740988166784414	-0.8994006219136921	-0.6451510584474243	3.092427594362622	0.0	1.5052061748966319	0.0	0.0	0.0	mel3_rep2	mel3
27x17	27.0	17.0	3321	1790	3.5212688755983854	-0.27864650275803077	0.276814287282968	2.651232273352097	0.062412384330161795	0.7424739468534926	-0.16400148644026763	0.006717870586804375	2.7760643074287037	0.0	1.949088299814946	0.0	1.949088299814946	0.0	mel3_rep2	mel3
27x18	27.0	18.0	2241	1361	3.350441856535061	0.27106005863694516	-0.13819714593686758	-0.13114541478189126	-0.3544919113756353	-0.3628363138994253	0.13622379277234564	-0.6451510584474243	3.324091751760322	0.0	0.0	0.0	0.0	0.0	mel3_rep2	mel3
27x19	27.0	19.0	2272	1386	3.3564083270389813	-0.2613827840105664	-0.13819714593686758	-0.13114541478189126	0.006279682521288014	-0.16224675997726823	0.290835014633357	-0.6451510584474243	2.282669783293104	0.0	0.0	0.0	1.6866597437659954	0.0	mel3_rep2	mel3
27x20	27.0	20.0	2669	1574	3.4263485737875077	0.09022380885703869	-0.13819714593686758	-0.13114541478189126	-0.02135700723219114	1.3195452767418978	-0.2044598803576253	-0.1435613480637646	3.156163037088836	0.0	1.5574541941975293	0.0	0.0	0.0	mel3_rep2	mel3
27x21	27.0	21.0	6115	2905	3.7863964613723042	0.014801284369496653	0.1409326087643802	-0.13114541478189126	-0.3544919113756353	-0.32328091382106894	0.004552765087343581	-0.08930736966061896	3.3019355504466272	0.0	0.0	0.0	0.0	0.0	mel3_rep2	mel3
28x16	28.0	16.0	3943	2055	3.5958267770732233	-0.26899493879172315	2.1163684237833507	1.8059987700565452	-0.3544919113756353	1.1110981677434806	-0.16791052864033915	0.004658571694228198	3.271900817073748	0.0	0.0	0.0	1.2630357353173938	0.0	mel3_rep2	mel3
28x17	28.0	17.0	2242	1376	3.3506356082589543	-0.3341377319543162	1.3972543244303461	-0.13114541478189126	0.99551277229029	0.9336660530935136	-0.02248994932397436	-0.24714568034732923	2.6659016258038384	0.0	0.0	0.0	2.6659016258038384	0.0	mel3_rep2	mel3
28x18	28.0	18.0	1873	1206	3.2725377773752373	-0.1694451370939534	-0.13819714593686758	-0.13114541478189126	-0.3544919113756353	-0.3884047748810882	0.051342767795101836	-0.12803585187539343	3.107099804348647	0.0	0.0	0.0	2.4577115760304515	0.0	mel3_rep2	mel3
28x19	28.0	19.0	1670	1134	3.2227164711475833	-0.7992609071999689	-0.13819714593686758	-0.13114541478189126	-0.3544919113756353	0.3985606337356806	-0.025626576142531023	0.26722690915820774	3.4320537158704294	0.0	0.0	0.0	0.0	0.0	mel3_rep2	mel3
28x20	28.0	20.0	1265	887	3.1020905255118367	0.35979958771200987	-0.13819714593686758	3.5449837908579998	0.11322152916719071	-0.29144586981235937	0.016927201003488143	-0.6451510584474243	3.207427138839778	0.0	0.0	0.0	0.0	0.0	mel3_rep2	mel3
29x18	29.0	18.0	1696	1097	3.229425847920695	-0.20576568135154813	0.4535300209661889	-0.13114541478189126	0.7451212382848177	0.031557757128932794	-0.9316270581288566	-0.6451510584474243	2.548855374388274	0.0	1.9309743656377114	0.0	0.0	0.0	mel3_rep2	mel3
29x19	29.0	19.0	1782	1164	3.250907699700856	-0.2918269967606167	0.970221138206046	-0.13114541478189126	-0.3544919113756353	-0.2901907066679898	0.6965325068093194	-0.09057855933694484	3.545875730854051	0.0	0.0	0.0	0.0	0.0	mel3_rep2	mel3
29x20	29.0	20.0	1828	1171	3.2619761913978125	-0.12128143373689326	-0.13819714593686758	-0.13114541478189126	1.16534723479621	-0.3765626043456883	0.1116968992895345	-0.20734693445928962	3.5211338632581137	0.0	0.0	0.0	1.8672471289582726	0.0	mel3_rep2	mel3
8x10	8.0	10.0	3276	1791	3.5153438930883807	0.25653361668644475	-0.03693697271979922	1.7385080565123208	0.5881582266285384	-0.15716288232141826	0.16655199274034477	-0.1330471112328961	1.9607996208036005	1.9607996208036005	0.0	0.0	1.9607996208036005	0.0	mel4_rep1	mel4
8x11	8.0	11.0	4051	2044	3.607562243183588	0.13321875064564517	-0.21294472058868794	-0.16663620878676436	0.30476583027861137	-0.8653977289718003	0.5078569409139521	-0.4377002747652098	2.905790280790997	1.2437298034036497	0.0	0.0	1.7812128115083707	0.0	mel4_rep1	mel4
8x12	8.0	12.0	4034	2085	3.6057358938767465	0.6695801487498323	-0.21294472058868794	-0.16663620878676436	-0.5464102879959326	-1.0063899559054206	-0.020383350943786956	0.11206847891983034	1.784711054957088	0.0	0.0	0.0	1.784711054957088	0.0	mel4_rep1	mel4
8x13	8.0	13.0	1480	1005	3.1702617153949575	0.1763187718889584	-0.21294472058868794	-0.16663620878676436	-0.44298186532447115	-0.800912754300256	0.17159604681263024	0.008298515384758787	3.549151294951902	0.0	0.0	0.0	2.67508018186464	0.0	mel4_rep1	mel4
9x3	9.0	3.0	4051	2189	3.607562243183588	0.2815269897938045	-0.05650889626795189	-0.16663620878676436	-0.22787489194102267	-0.1735505127185529	0.1061721450612792	0.847596491439735	2.128895636519344	0.0	0.0	0.0	2.128895636519344	0.0	mel4_rep1	mel4
9x4	9.0	4.0	3257	1800	3.512817758564873	0.15098302490945395	-0.03638549705764092	-0.16663620878676436	-0.06660515442914208	-0.1768433109485247	0.3764473138178616	-0.4377002747652098	1.4037191885226161	0.0	0.0	0.0	1.4037191885226161	0.0	mel4_rep1	mel4
9x5	9.0	5.0	4480	2275	3.651278013998144	0.779994758670832	-0.21294472058868794	-0.16663620878676436	0.3607194989947402	-0.4624703635955585	0.4989212706536971	-0.06797302449374294	1.6982334112172315	0.0	1.1731453405306764	0.0	2.498210615414363	0.0	mel4_rep1	mel4
9x6	9.0	6.0	5068	2445	3.7048366062114035	0.5146529816940623	0.12476465681617432	-0.16663620878676436	-0.49519260754248734	-0.1858408590935288	0.2671891269411586	-0.20047445999186997	1.9343427712674466	0.0	1.0896270273709021	0.0	2.185226197843027	0.0	mel4_rep1	mel4
9x7	9.0	7.0	4702	2303	3.6722826247889206	0.8407239213696804	-0.06955654321028198	-0.16663620878676436	0.030898098237230647	-0.08447449622930704	0.8519874445041261	-0.4377002747652098	2.252030293230026	0.0	1.139995588834018	0.0	2.252030293230026	0.0	mel4_rep1	mel4
9x8	9.0	8.0	2839	1603	3.4531653925258574	-0.49304306584099356	0.25475242585038477	-0.16663620878676436	1.1395029901202722	-0.3894742255231171	0.3279558434446643	-0.4377002747652098	2.713997025145868	0.0	0.0	0.0	2.0850177235013514	0.0	mel4_rep1	mel4
9x9	9.0	9.0	4469	2174	3.6502103546603593	-0.17402425350541434	0.0034046122187739217	-0.16663620878676436	0.8249299395385398	0.19767571628256655	0.678180853061672	-0.1819216815861685	2.6690198181604865	0.0	0.0	0.0	2.6690198181604865	0.0	mel4_rep1	mel4
9x10	9.0	10.0	3266	1721	3.5140161804006493	-0.04136043828068211	-0.21294472058868794	-0.16663620878676436	-0.5238645445151983	-0.6981054102088365	0.3273153098577988	-0.4377002747652098	1.9634270728463012	0.0	0.0	0.0	2.9637820654961278	0.0	mel4_rep1	mel4
9x11	9.0	11.0	3624	1641	3.5591881890047756	0.3589547464573519	-0.21294472058868794	-0.16663620878676436	-0.5034897844178713	0.1484281388374938	0.06297992131075993	-0.029557297786933966	3.138752172049673	0.0	0.0	0.0	1.8746847562608886	0.0	mel4_rep1	mel4
9x12	9.0	12.0	3537	1589	3.5486350598147514	0.05528709968851556	0.09527919557161067	-0.16663620878676436	-0.5412161419713908	-1.0548570569851903	0.3986759663492092	-0.14549744795358835	1.3421477669803055	0.0	0.0	0.0	0.0	1.3421477669803055	mel4_rep1	mel4
9x13	9.0	13.0	2507	1423	3.3991543339582164	0.31657131333942223	-0.21294472058868794	-0.16663620878676436	-0.4555507037788478	-0.6682137760692646	0.7871695112263738	-0.08779180543421501	1.6072016683906132	0.0	0.0	0.0	1.6072016683906132	0.0	mel4_rep1	mel4
10x3	10.0	3.0	5150	2489	3.711807229041191	-0.1680900409478548	-0.21294472058868794	-0.16663620878676436	0.3648632320025074	-0.19249497967192755	0.697875400831166	0.05937573578572861	2.3710600310238665	0.0	1.0790038172797334	0.0	3.4053956762187445	0.0	mel4_rep1	mel4
10x4	10.0	4.0	6021	2598	3.779668627207148	0.24814586081986884	-0.028847355526589704	-0.16663620878676436	0.20659919361830448	-0.115960058454237	0.19418048758308587	-0.4377002747652098	2.958517850722048	0.0	0.0	0.0	2.535756259425317	0.0	mel4_rep1	mel4
10x5	10.0	5.0	4568	2232	3.6597260952377915	0.1944452672401941	-0.21294472058868794	-0.16663620878676436	-0.1286236912789649	-0.2964174170094603	0.12785810092645022	-0.18520738003914206	2.648643459668362	0.0	0.0	0.0	1.682369310784812	0.0	mel4_rep1	mel4
10x6	10.0	6.0	4033	2127	3.605628222007619	0.3831163849859063	-0.21294472058868794	-0.16663620878676436	0.7499579706166638	-0.5360923219250061	0.12371360787464793	-0.4377002747652098	2.595084455131799	0.0	0.0	0.0	3.036699062946777	1.2469011828777676	mel4_rep1	mel4
10x7	10.0	7.0	4735	1618	3.675319983339292	0.3550977017432807	-0.21294472058868794	-0.16663620878676436	-0.7278551973988466	-0.9252760078213096	0.3485402040110069	0.5883359619824114	2.7589667965997364	0.0	0.0	0.0	3.1876433948038976	0.0	mel4_rep1	mel4
10x8	10.0	8.0	5205	2370	3.716420733846555	0.14954572618051706	0.9797766254259167	1.292859801502423	0.48124263063699474	-0.021032128105997066	0.6433442463456994	0.7622629615947794	3.0062911256243434	0.0	0.0	0.0	2.1615879981223975	0.0	mel4_rep1	mel4
10x9	10.0	9.0	2545	1468	3.4056877866727775	-0.01720731441672747	-0.21294472058868794	-0.16663620878676436	0.4181718783889652	-0.03328030234756951	0.7044505026994069	0.26573215723383364	2.5484930970218644	0.0	0.0	0.0	2.5484930970218644	0.0	mel4_rep1	mel4
10x10	10.0	10.0	4362	2158	3.6396856612426816	0.629267854392921	-0.06305882330690958	-0.16663620878676436	0.14837067351720398	-0.4189026993176377	0.28049832033113964	-0.1782616231793232	2.3194525793491603	0.0	0.0	0.0	2.3194525793491603	0.0	mel4_rep1	mel4
10x11	10.0	11.0	2550	1484	3.406540180433955	0.5147919000365111	-0.21294472058868794	-0.16663620878676436	0.5303548872601248	-0.35630173883402355	0.14446994960935963	-0.4377002747652098	2.5466840094842436	0.0	0.0	1.5936273064074582	1.5936273064074582	0.0	mel4_rep1	mel4
10x12	10.0	12.0	4332	2286	3.636688447953283	0.3240655916637355	-0.21294472058868794	-0.16663620878676436	-0.7278551973988466	-0.47043831740738984	0.1820000417771449	-0.4377002747652098	2.5290840428215002	0.0	0.0	0.0	1.1964654703039632	0.0	mel4_rep1	mel4
10x13	10.0	13.0	3325	1776	3.5217916496391233	-0.014757371601178626	-0.21294472058868794	-0.16663620878676436	-0.5258243614134578	-0.7541133258952567	-0.07150817311430874	0.4766657374255477	1.94805607262559	0.0	0.0	0.0	1.3881722959440908	0.0	mel4_rep1	mel4
11x2	11.0	2.0	6958	3095	3.84248442441157	0.23542151569891495	-0.04889372480527673	-0.16663620878676436	0.45259511273004094	0.2106092272878569	0.17020177793076818	-0.02200772294709874	2.102422077397966	0.0	0.0	0.0	2.634385818315807	0.0	mel4_rep1	mel4
11x3	11.0	3.0	5351	2592	3.728434950974255	0.19200866448650147	-0.018867895198334147	-0.16663620878676436	0.2782750447725563	-0.12766277471700702	0.5287112161728794	1.1369292722407596	1.8880432211564409	0.0	1.5555347176617387	0.0	3.3684036135667377	0.0	mel4_rep1	mel4
11x4	11.0	4.0	7298	3226	3.8632038590286295	0.2130875196951819	-0.003603308075918299	-0.16663620878676436	-0.06387468945549295	-0.16284971477975244	0.5224177296829305	0.31502619413586685	2.060665381083317	0.0	0.8629905498700642	0.0	2.590178095981863	0.0	mel4_rep1	mel4
11x5	11.0	5.0	4423	2171	3.6457169393696036	0.017994576098794547	-0.21294472058868794	-0.16663620878676436	-0.19161345278570435	-0.3791480051916573	0.767110076771126	0.45553701111357137	2.6786525133209316	1.1820059557151834	0.0	0.0	2.0519067467278154	0.0	mel4_rep1	mel4
11x6	11.0	6.0	4740	2314	3.6757783416740852	0.3536127445879559	1.1075553500956026	-0.16663620878676436	0.5346497081932159	-0.5052810869395757	0.7766042902658661	0.3319558086461244	2.7579782883503525	0.0	0.0	0.0	3.0954439531443563	0.0	mel4_rep1	mel4
11x7	11.0	7.0	6526	2795	3.814647069451856	-0.3515411207679457	0.6748973142937205	-0.16663620878676436	0.48893126496888784	0.2429637540280677	0.6324922637627353	-0.13239474378906063	2.7925948886385155	0.0	0.9291407001078638	0.0	2.5846507486368595	0.0	mel4_rep1	mel4
11x8	11.0	8.0	2582	1502	3.4119562379304016	0.013249797552313725	-0.013747216069612803	-0.16663620878676436	-0.05970036307223762	0.09811752598107143	0.6457006386753644	0.6054585144301836	3.336152664781315	0.0	0.0	0.0	2.8028673363464502	0.0	mel4_rep1	mel4
11x9	11.0	9.0	2709	1421	3.4328090050331683	0.1271175975034274	0.5607241120967217	-0.16663620878676436	0.3536682875194542	-0.7580981866683111	0.4380409045832838	-0.4377002747652098	2.4910707062893964	0.0	0.0	0.0	2.9682066558520726	0.0	mel4_rep1	mel4
11x10	11.0	10.0	4363	2175	3.63978521298682	0.23527698110065032	-0.21294472058868794	-0.16663620878676436	1.3608301845037096	0.2549747161189843	0.6766721916938562	-0.178296370282263	2.835798612169076	0.0	0.0	0.0	2.522523881256658	0.0	mel4_rep1	mel4
11x11	11.0	11.0	2723	1639	3.4350476413399647	0.322069410582844	0.498875949784618	-0.16663620878676436	0.4304094689252554	-0.2890591867719639	-0.014768807963845776	-0.4377002747652098	2.753003203213778	0.0	0.0	0.0	2.121643413698038	0.0	mel4_rep1	mel4
11x12	11.0	12.0	1960	1252	3.292256071356476	0.36295038153165277	-0.21294472058868794	-0.16663620878676436	0.18174140864939417	-0.10827034739891493	-0.02594078919064556	-0.4377002747652098	0.0	0.0	0.0	0.0	1.80862327528006	0.0	mel4_rep1	mel4
11x13	11.0	13.0	3205	1838	3.5058280338548364	0.6477521762698979	-0.21294472058868794	-0.16663620878676436	-0.32489861478843346	-0.2924067651072378	0.20109058221286807	-0.006703777420346846	1.9796556823205058	0.0	0.0	0.0	1.9796556823205058	0.0	mel4_rep1	mel4
12x2	12.0	2.0	7177	3123	3.855942946232316	-0.09875400960840283	0.32613671176123576	-0.16663620878676436	0.4239873964995489	0.8067400858084781	0.18444807190501347	0.34916137408774883	2.792804143702475	0.0	0.0	0.0	2.9503905943069837	0.0	mel4_rep1	mel4
12x3	12.0	3.0	4370	2237	3.640481436970422	-0.18910492520782987	0.06042569293745865	-0.16663620878676436	0.5138387186692704	0.5376704489306299	-0.12633199755612556	1.3764071625946976	2.3178005562833195	0.0	0.0	0.0	2.6898846769570257	1.7185898585296162	mel4_rep1	mel4
12x4	12.0	4.0	3493	1903	3.5431985856376467	0.3436509809557091	-0.21294472058868794	-0.16663620878676436	-0.17290650340900604	0.4920885028548931	0.14787364330812386	0.7837074877635578	1.9059415386122152	0.0	0.0	0.0	3.388743011743283	0.0	mel4_rep1	mel4
12x5	12.0	5.0	6880	2993	3.837588438235511	0.13595885111641332	-0.21294472058868794	0.7009981183949386	-0.4724260528250415	0.34856205300812104	0.13965494772858844	0.3236264797837648	2.1123251335497333	0.0	0.0	0.0	2.7430880578430834	0.0	mel4_rep1	mel4
12x6	12.0	6.0	6260	2851	3.7965743332104296	0.29340921569028744	-0.21294472058868794	-0.16663620878676436	0.3952365589587633	0.07270487832942595	0.1143983245324919	0.4612730764611889	2.000097471691286	0.0	0.0	0.0	2.4999683693174104	0.0	mel4_rep1	mel4
12x7	12.0	7.0	4519	2256	3.655042341331202	-0.05745676619610065	0.1610509711488937	-0.16663620878676436	0.1580033892447914	-0.2685030384899312	0.4208681645024513	0.6171885152145462	1.1671674060724082	0.0	1.1671674060724082	0.0	2.2876253339110164	0.0	mel4_rep1	mel4
12x8	12.0	8.0	2599	1512	3.4148062795010126	0.18961108350775582	-0.21294472058868794	-0.16663620878676436	0.5136937033043273	-0.2797392997109535	0.7638340353587108	0.6331373147877875	2.162778901852314	0.0	0.0	0.0	3.32982439197185	0.0	mel4_rep1	mel4
12x9	12.0	9.0	2358	1407	3.3725438007590705	0.36644772240238055	-0.21294472058868794	-0.16663620878676436	-0.7278551973988466	-0.5923974639632553	-0.36355290239883575	-0.4377002747652098	2.249370396732955	0.0	0.0	0.0	0.0	0.0	mel4_rep1	mel4
12x10	12.0	10.0	2675	1666	3.427323786357247	0.025594772582532954	-0.21294472058868794	-0.16663620878676436	-0.3505606174700193	-0.6808370505478325	-0.43089460110945815	0.10716117896830983	1.555682169129277	0.0	0.0	0.0	0.0	0.0	mel4_rep1	mel4
12x11	12.0	11.0	3871	2136	3.5878231713189552	0.4172836831113381	0.022085629400273945	-0.16663620878676436	0.3078384920210389	-0.4922087784391164	-0.20007290813046075	-0.15983608403967686	1.276287458185642	0.0	0.0	0.0	2.803352552658301	0.0	mel4_rep1	mel4
12x12	12.0	12.0	2439	1466	3.3872118003137306	0.3597361435694352	-0.21294472058868794	-0.16663620878676436	-0.7278551973988466	-1.0120107527094453	-0.0031829377767708766	-0.4377002747652098	2.856479631557675	0.0	0.0	0.0	3.0680624700672303	0.0	mel4_rep1	mel4
12x13	12.0	13.0	2416	1487	3.3830969299490943	-0.6415409209348362	-0.21294472058868794	-0.16663620878676436	-0.3308697438636446	-0.9285413802636917	-0.14150496099547574	0.04729032367454704	2.2276617095220828	0.0	0.0	0.0	2.5965388479937044	0.0	mel4_rep1	mel4
13x2	13.0	2.0	3743	2033	3.5732198271144218	0.5153346914794428	-0.21294472058868794	1.0907099438225698	-0.5385632581847953	0.5395449138050953	0.18266856868359094	-0.4377002747652098	1.8474003212728136	0.0	0.0	0.0	2.664325997046345	0.0	mel4_rep1	mel4
13x3	13.0	3.0	4102	2109	3.6129956560323473	0.021039099813307437	-0.21294472058868794	-0.16663620878676436	-0.21040803470988406	0.365222306435413	0.02686089009980129	-0.052169954851881736	2.749000905037737	0.0	0.0	0.0	1.7708201649550113	0.0	mel4_rep1	mel4
13x4	13.0	4.0	4554	2311	3.658393026279124	0.20897937348985512	0.008965521121805617	-0.16663620878676436	0.15804249604128787	0.41049566466473114	0.21517146318016353	-0.18474843432061736	1.6848688061171004	0.0	0.0	0.0	1.161859902283347	0.0	mel4_rep1	mel4
13x5	13.0	5.0	7339	3132	3.8656368876996288	0.3777721649808655	0.25998967077313534	-0.16663620878676436	0.02004866405800489	0.8239982085211084	0.1726848566169403	-0.08351721051710874	2.055778426907645	0.85975570599961	0.85975570599961	0.0	2.2165369700448903	0.0	mel4_rep1	mel4
13x6	13.0	6.0	4312	2201	3.634678752178682	0.3608999288345237	-0.21294472058868794	-0.16663620878676436	-0.3127408762839938	-0.4828714485336895	-0.05328477083825063	0.013856509232479119	0.0	0.0	0.0	0.0	2.53334336339265	0.0	mel4_rep1	mel4
13x7	13.0	7.0	3529	1938	3.5476516583599693	0.6014409643986683	-0.21294472058868794	-0.16663620878676436	-0.5409834642998395	-0.12551343541823154	0.48610131671718193	-0.024651268726109076	1.8972191582055062	0.0	0.0	0.0	2.512412837944666	0.0	mel4_rep1	mel4
13x8	13.0	8.0	3325	1858	3.5217916496391233	0.0227668694050293	-0.21294472058868794	-0.16663620878676436	-0.254927702893819	1.135465143271801	0.1254669165222882	-0.13547731619406597	1.94805607262559	0.0	0.0	0.0	2.304838191956955	0.0	mel4_rep1	mel4
13x9	13.0	9.0	3907	2127	3.5918434112247843	-0.12197297919674892	-0.21294472058868794	1.9222846200191395	0.14870132396653085	0.15145981274234596	0.36215480493709884	-0.16128713235179	2.7946590854766966	0.0	0.0	0.0	2.624490523539493	0.0	mel4_rep1	mel4
13x10	13.0	10.0	2685	1579	3.428944290035574	-0.029791329470715312	-0.017641787819837797	-0.16663620878676436	0.18967325162145734	0.10557387965203842	0.13479525341486912	-0.4377002747652098	2.1340231851550993	0.0	0.0	0.0	0.0	0.0	mel4_rep1	mel4
13x11	13.0	11.0	3343	1880	3.5241363765925686	0.22631152082144418	-0.21294472058868794	-0.16663620878676436	-0.7278551973988466	-0.49590331561341267	-0.10060118382353078	-0.4377002747652098	0.0	0.0	0.0	0.0	2.769874152703959	0.0	mel4_rep1	mel4
13x12	13.0	12.0	2679	1607	3.427972713608209	-0.04395629038888828	-0.21294472058868794	-0.16663620878676436	-0.7278551973988466	-0.7027882847332475	0.5119239945995863	-0.4377002747652098	0.0	0.0	0.0	0.0	3.3006088939275307	0.0	mel4_rep1	mel4
13x13	13.0	13.0	2924	1738	3.465977368285823	0.32074828145928763	-0.21294472058868794	-0.16663620878676436	0.5405066819535346	-0.31329964608563377	-0.5735532582682942	0.010620978555103822	1.4861335060747198	0.0	0.0	0.0	3.0689751070727262	0.0	mel4_rep1	mel4
14x2	14.0	2.0	3104	1776	3.491921712586151	0.36178118161423406	-0.21294472058868794	-0.16663620878676436	-0.18309608042225634	0.10561714301399672	0.08282328480644269	-0.0006821710995806197	2.839560652656646	0.0	0.0	1.4402259247897413	3.1591914824999434	0.0	mel4_rep1	mel4
14x3	14.0	3.0	3159	1617	3.499549625905149	0.2938725171993135	-0.21294472058868794	-0.16663620878676436	-0.11098809790564236	-0.5730955518961857	-0.09429252123381059	0.21962187716943332	2.6146354487000836	0.0	0.0	0.0	2.6146354487000836	0.0	mel4_rep1	mel4
14x4	14.0	4.0	4693	2427	3.6714505542124947	0.03868749011926846	-0.0027726800577993808	-0.16663620878676436	0.4761629469126655	0.19928809370393222	0.0643652325940013	-0.0021731252954932502	2.623580967187648	0.0	0.0	0.0	2.2537448529916797	0.0	mel4_rep1	mel4
14x5	14.0	5.0	4873	2508	3.6877964113812944	0.43330452910989903	-0.21294472058868794	-0.16663620878676436	0.12101740525301918	0.1706407789161055	-0.24071886244430998	-0.08281239764659454	2.2201265137087547	0.0	0.0	0.0	2.7320835810321853	0.0	mel4_rep1	mel4
14x6	14.0	6.0	6420	2958	3.807535028068853	0.6684007563103591	0.7639347268229496	2.7898120324058446	-0.5687486896204849	0.08384956895799377	0.07569755963477513	0.8014950933085784	2.709295531275606	0.0	0.0	0.9390819863224125	1.9783122831444213	0.9390819863224125	mel4_rep1	mel4
14x7	14.0	7.0	2946	1674	3.469232742506612	0.5582242057426134	-0.21294472058868794	-0.16663620878676436	0.28283477023837095	-0.7167913660049314	-0.46631039566135474	0.00919788899285856	2.414421539484352	0.0	1.4803385420828798	0.0	3.209271123348258	0.0	mel4_rep1	mel4
14x8	14.0	8.0	2870	1691	3.4578818967339924	0.06149358987953015	0.15106274220060864	-0.16663620878676436	-0.363922673155478	-0.2432865286291778	-0.050006320523980304	1.0437029595515543	2.07551397826316	1.5005869918365056	1.5005869918365056	0.0	2.438248357904598	0.0	mel4_rep1	mel4
14x9	14.0	9.0	2048	1296	3.3113299523037933	-0.10884019340126842	-0.21294472058868794	-0.16663620878676436	-0.4276233764603202	-0.7809874553120465	-0.23626993051769274	-0.4377002747652098	1.7720349638802764	0.0	0.0	1.7720349638802764	3.2353026625537344	0.0	mel4_rep1	mel4
14x10	14.0	10.0	4022	2184	3.6044420662607233	1.4435826589206315	0.1741122712003975	-0.16663620878676436	-0.17652882701027053	0.6589807534163399	0.1610739418265141	-0.4377002747652098	1.2488482334343156	0.0	0.0	0.0	1.787190785781838	0.0	mel4_rep1	mel4
14x11	14.0	11.0	2932	1654	3.4671639659690903	-0.031990065987880276	-0.21294472058868794	-0.16663620878676436	-0.27005326125130324	-0.5377814841030113	0.20073508390989706	-0.4377002747652098	2.0568485310217315	0.0	0.0	0.0	0.0	0.0	mel4_rep1	mel4
14x12	14.0	12.0	2398	1433	3.37984917876283	-0.009080818986245997	-0.21294472058868794	1.4215747350478127	-0.7278551973988466	-0.013899056960308076	-0.1371740062668399	-0.08001979508697114	2.6034616358926237	0.0	0.0	0.0	2.6034616358926237	0.0	mel4_rep1	mel4
14x13	14.0	13.0	2174	1391	3.3372595397502756	0.26034439942020265	-0.21294472058868794	-0.16663620878676436	-0.4771331948299494	-0.7174887990064865	-0.504251334907074	-0.4377002747652098	0.0	0.0	0.0	0.0	2.3223516426511424	0.0	mel4_rep1	mel4
15x2	15.0	2.0	8660	3498	3.937517892017347	0.4420267316460561	-0.21294472058868794	0.5754770044221132	0.38818802708416167	0.14131994851030363	0.05951611774065216	0.8591319710685793	2.7733101709400008	0.0	0.0	0.7676674728448539	2.9691701315721515	0.0	mel4_rep1	mel4
15x4	15.0	4.0	8424	3531	3.9255183581774302	0.5869470408059387	-0.21294472058868794	-0.16663620878676436	-0.04704684358489667	0.1176502311842909	0.16852887767162186	-0.10729978734284296	2.0946388654468064	0.0	0.0	0.0	2.4581999019261938	0.0	mel4_rep1	mel4
15x5	15.0	5.0	5791	2664	3.762753564933374	0.6304180247826368	-0.021350219877321667	-0.16663620878676436	-0.22520631251436773	-0.1679555712290645	0.3504211542840554	-0.11249809199065822	2.265307577812349	1.0031351692408534	0.0	0.0	2.6956091176434924	0.0	mel4_rep1	mel4
15x6	15.0	6.0	6457	2826	3.8100307864058394	0.34220683135259594	0.11766284686206528	-0.16663620878676436	0.14656602598290164	-0.2153370594051339	0.28130516150864876	-0.4377002747652098	2.168314472806496	0.0	0.0	0.0	2.168314472806496	0.0	mel4_rep1	mel4
15x7	15.0	7.0	6453	2861	3.809761665107125	0.6424195730587555	0.39213930170212574	1.107643576132683	0.29874638044357066	-0.05458199290122991	0.39030390790444636	-0.23392916158914753	2.331949791913331	0.0	0.0	0.0	3.1221594189173305	0.0	mel4_rep1	mel4
15x8	15.0	8.0	4089	2185	3.611617110554336	-0.0032225779891076447	0.8230951448472049	-0.16663620878676436	0.03474755350771446	-0.15483871714030992	-0.2526939854952351	-0.16836902351576072	2.377909876850108	0.0	0.0	0.0	2.582330396624255	0.0	mel4_rep1	mel4
15x9	15.0	9.0	6846	3069	3.8354368948018585	0.333568806753444	-0.0996866526193118	-0.16663620878676436	-0.5968063325633516	0.6672383717920501	0.2139303566760191	0.3435475836302191	1.9232010860627244	0.0	0.0	0.0	2.418138879075017	0.0	mel4_rep1	mel4
15x10	15.0	10.0	6254	2775	3.7961578769069146	-0.03636198155014608	-0.03705827502460769	-0.16663620878676436	-0.5283601387115021	-0.1204609607867253	0.15909956652787183	-0.2297588541846382	2.5008486140923387	0.0	1.757328461005078	0.0	2.000926687669531	0.0	mel4_rep1	mel4
15x11	15.0	11.0	3387	1849	3.5298151966446305	0.3885841067224051	-0.21294472058868794	-0.16663620878676436	-0.4950040048565386	0.6721002711210843	-0.10362722046934919	1.126552832950058	2.288222028823763	0.0	0.0	0.0	2.288222028823763	0.0	mel4_rep1	mel4
15x12	15.0	12.0	4152	2113	3.6182573448404014	-0.14220457101442693	0.1113051518415838	-0.16663620878676436	0.12357434970815795	0.12142644103518684	0.04489370310829221	0.0769833903044896	2.3640480802736126	0.0	0.0	0.0	3.1213203517117734	0.0	mel4_rep1	mel4
15x13	15.0	13.0	3740	2051	3.5728716022004803	0.054028715833599715	0.035583784072918505	-0.16663620878676436	0.4981872058955808	0.13013934909580555	0.2953109109472234	0.1617490109369669	1.8480757777550814	0.0	0.0	0.0	2.6650719917609047	0.0	mel4_rep1	mel4
16x2	16.0	2.0	11812	4166	4.072323438293041	0.4602402013818838	-0.21294472058868794	-0.16663620878676436	-0.474706835243546	-0.3490222628996346	0.22578507521858257	1.9110870228878998	1.9353079682342438	0.6133443131821389	0.0	0.0	3.4492723863017183	0.0	mel4_rep1	mel4
16x3	16.0	3.0	17376	5245	4.2399498079087525	0.39416028866646535	0.03710885643805184	0.8916985724338401	-0.08503728342784937	-0.18617611947045323	0.3838267429362237	1.2287829375713475	2.3231818294858693	0.0	0.45457677339831276	0.0	2.872981810134562	0.765938843454237	mel4_rep1	mel4
16x4	16.0	4.0	5989	2735	3.7773543130842087	0.5301022032858953	0.3063475173868758	-0.16663620878676436	-0.28201331315536987	-0.16795547402152244	0.1950059823578629	1.6745590111966748	2.664294927813643	0.0	0.0	0.0	2.540664139686513	0.0	mel4_rep1	mel4
16x5	16.0	5.0	5877	2775	3.7691556907143986	0.31686887196740443	-0.21294472058868794	-0.16663620878676436	-0.07504092199563013	0.11376031817018299	0.580581887064162	-0.04384682948715766	1.48230811565393	0.0	0.0	0.0	1.8090499940242668	0.0	mel4_rep1	mel4
16x6	16.0	6.0	4264	2197	3.6298171960185157	0.26832938254020894	-0.21294472058868794	-0.16663620878676436	-0.10228846290392023	-0.19383126936735717	-0.13009377630567964	0.653669406357574	2.857418625234088	0.0	0.0	0.0	2.0838875534495265	0.0	mel4_rep1	mel4
16x7	16.0	7.0	6027	2747	3.7801011914679115	0.39522364805070104	0.4675556434455587	-0.16663620878676436	-0.287229058883194	0.5307109795098454	-0.3356718093113931	0.004905352326704149	2.032978806318324	0.0	0.0	0.0	2.6584118259678893	0.0	mel4_rep1	mel4
16x8	16.0	8.0	4537	2353	3.6567687792660166	-0.08933993321091255	0.0094566131690203	-0.16663620878676436	-0.7278551973988466	0.03981752769045114	-0.1801849533013421	0.46621148574619176	1.164431122762361	0.0	0.0	0.0	2.284054303692583	0.0	mel4_rep1	mel4
16x9	16.0	9.0	4821	2478	3.683137131483007	-0.6671346105643549	0.6723969969429646	-0.16663620878676436	0.06542832324006444	0.24787006590258784	0.00011710583659475426	-0.4377002747652098	1.97723927763111	0.0	1.1230637185512928	0.0	2.867561778225709	1.1230637185512928	mel4_rep1	mel4
16x10	16.0	10.0	3637	2016	3.560743301054712	-0.4109995844693214	-0.21294472058868794	-0.16663620878676436	-0.03150012950744162	0.49546943432441476	-0.16203017802490713	0.04659490004849944	1.8716541149268089	0.0	0.0	0.0	2.224467485575006	0.0	mel4_rep1	mel4
16x11	16.0	11.0	4496	2355	3.652826302561005	-0.261167745373467	-0.21294472058868794	-0.16663620878676436	0.05096841407915325	0.4817495454439087	-0.08636315230672614	1.056548543475952	1.695321726323938	0.0	0.0	0.0	3.045369392970122	0.0	mel4_rep1	mel4
16x12	16.0	12.0	4497	2326	3.652922887567942	-0.7354681861510788	0.002610451884492294	-0.16663620878676436	0.36057743880689547	0.6780837533580257	-0.1407019966908745	-0.06864646652008563	2.037461855946067	0.0	0.0	0.0	2.66320820330355	0.0	mel4_rep1	mel4
16x13	16.0	13.0	3165	1849	3.500373714353374	0.13704810516034793	0.5843605094099132	1.2113232536511938	-0.45105775198840453	-0.20179945175251046	-0.19616118211876746	-0.4377002747652098	2.3493420473813797	0.0	0.0	0.0	2.3493420473813797	1.4254087373521331	mel4_rep1	mel4
17x3	17.0	3.0	9790	3415	3.9907826918031377	0.4094369073214853	-0.21294472058868794	-0.16663620878676436	-0.0719238667868948	-0.5085332715655698	0.43433089420983867	0.5087715352267551	2.5845563031572487	0.0	0.0	0.0	2.8532009227855015	0.0	mel4_rep1	mel4
17x4	17.0	4.0	4957	2474	3.6952189189051508	0.09036815528212225	-0.07403642104402813	2.0339715356716295	0.19542583825511728	0.8768795007874578	0.2892291216270881	-0.4377002747652098	2.204905758342074	0.0	0.0	0.0	2.84134452709729	0.0	mel4_rep1	mel4
17x5	17.0	5.0	5763	2717	3.760648619581356	-0.06275376560305748	-0.21294472058868794	-0.16663620878676436	0.16888127976760692	0.15721401838400104	-0.060716473052739944	0.22507171151295008	2.700129505599413	0.0	0.0	0.0	2.909742569358488	0.0	mel4_rep1	mel4
17x6	17.0	6.0	4094	2183	3.6121478383264867	0.5680357809944014	-0.057452635086642855	1.5164422839525822	0.4641676762568112	-0.2232749332424592	-0.10256883977480724	-0.4377002747652098	1.7724403596055631	0.0	0.0	0.0	1.7724403596055631	0.0	mel4_rep1	mel4
17x7	17.0	7.0	4042	2124	3.606596309179285	-0.12396122618887362	-0.21294472058868794	1.0372227894773658	0.3708195226663569	0.16350396612261983	-0.04220233595002305	-0.1665795740575036	2.388404105102571	0.0	1.2453132196136278	0.0	2.5930219030482315	0.0	mel4_rep1	mel4
17x8	17.0	8.0	2657	1507	3.4243915544102776	-0.1986905892498458	-0.21294472058868794	-0.16663620878676436	0.14659276864544862	0.27691924794226425	-0.3953752292703046	-0.4377002747652098	2.7759937203046707	0.0	0.0	0.0	2.5088615610649594	0.0	mel4_rep1	mel4
17x9	17.0	9.0	3918	2102	3.5930644316587177	-0.4144260840445093	0.029161739323952413	-0.16663620878676436	0.04129058886039895	0.48968304617110586	-0.16596920543378715	-0.4377002747652098	1.8090499940242668	0.0	0.0	0.0	2.7920196923347667	1.2676016469003093	mel4_rep1	mel4
17x10	17.0	10.0	3436	1851	3.5360531551592045	-0.06864466108911096	-0.041427940545450036	-0.16663620878676436	0.542501380880719	0.7129417536835346	0.15789251969550147	-0.4377002747652098	2.275325159714901	0.0	0.0	0.0	2.536980586232645	0.0	mel4_rep1	mel4
17x11	17.0	11.0	4184	2313	3.621591675859218	-0.4281628054581004	0.2209800817662285	-0.16663620878676436	0.6806246143627687	0.3984588948415648	-0.26677021606769535	0.019603401092921226	2.100489971579102	0.0	1.220846842009285	0.0	2.3570950058362645	0.0	mel4_rep1	mel4
17x12	17.0	12.0	2636	1609	3.420945405921972	-0.3588095370186852	-0.015811971353285978	4.686770384066915	1.072379797655912	1.2111467450522448	-0.21854493566644662	-0.09648168400677855	2.150278942640017	0.0	0.0	0.0	2.150278942640017	0.0	mel4_rep1	mel4
17x13	17.0	13.0	2383	1457	3.377124042346456	-1.078753253235545	0.18681306149299526	-0.16663620878676436	0.33269030631521684	1.9151007098038673	-0.3296491020562496	-0.4377002747652098	2.239941544040882	0.0	0.0	0.0	0.0	0.0	mel4_rep1	mel4
18x3	18.0	3.0	6602	2874	3.8196755199942927	0.45240817004080897	-0.21294472058868794	-0.16663620878676436	0.31567879057046005	-0.5169556448454508	0.3960486451408307	-0.0648168762202654	1.3936137675001032	0.9221505366018427	0.0	0.0	2.31136197369448	0.0	mel4_rep1	mel4
18x4	18.0	4.0	4045	2125	3.606918525948291	0.16500832151057127	0.0890111135543319	-0.16663620878676436	-0.1260147051878112	0.04545618050523894	0.047209825735992327	-0.16669459384367236	2.592335482357711	0.0	0.0	0.0	2.7621044107726442	0.0	mel4_rep1	mel4
18x5	18.0	5.0	5007	2425	3.699577591398909	-0.0901961304361011	0.32953644707249446	-0.16663620878676436	0.8554662824076197	1.1805950503549065	-0.012350790832473247	-0.4377002747652098	2.7067445091665516	0.0	0.0	1.0976798255660447	3.043190081254259	0.0	mel4_rep1	mel4
18x6	18.0	6.0	2777	1564	3.4435758797502576	-0.38446179019366056	-0.020970418101523045	1.9113333459436295	0.22494609409659524	0.4422833077819961	-0.23302130436523402	0.020450320435087342	1.526275471284524	0.0	0.0	0.0	2.7346293666434294	0.0	mel4_rep1	mel4
18x7	18.0	7.0	3525	1911	3.5471591213274176	-0.42644042921050557	1.5876595951688397	-0.16663620878676436	1.2207225609862058	1.3941204330964114	-0.1540482985951748	-0.4377002747652098	3.1652655519785884	0.0	0.0	0.0	3.037745048175827	0.0	mel4_rep1	mel4
18x8	18.0	8.0	5101	2412	3.707655323531187	-0.6035030224770043	0.18734561435256167	-0.16663620878676436	0.6359458869337268	1.622720467677401	-0.10639907473328797	-0.20141120429447962	2.689397275319876	0.0	0.0	0.0	2.814402187450814	0.0	mel4_rep1	mel4
18x9	18.0	9.0	3564	1926	3.5519376953648374	-0.6384126715133449	-0.044835806832702975	-0.16663620878676436	0.55613525377954	1.1596206228078356	-0.26861383235412434	-0.14671926390713894	1.3365357146548293	0.0	0.0	0.0	2.881163762741827	0.0	mel4_rep1	mel4
18x10	18.0	10.0	3539	1995	3.548880562637515	-0.516081941751954	-0.21294472058868794	1.130430231112515	0.3294883287623889	1.4998846512905342	-0.8001169254591189	1.0159659509736785	1.8948144186828637	0.0	0.0	0.0	2.716566158930245	0.0	mel4_rep1	mel4
18x11	18.0	11.0	2707	1653	3.4324882557705063	-0.6543297351180766	0.08239421975035123	-0.16663620878676436	0.3019144818362064	0.0627680185828466	-0.3347363736695153	-0.4377002747652098	2.4917481116402005	0.0	0.0	1.5463120120902332	2.968907263418863	0.0	mel4_rep1	mel4
18x12	18.0	12.0	2192	1377	3.3408405498123317	-0.6238085417971619	0.1030530587266481	-0.16663620878676436	0.07619994402221879	1.236026947673397	-0.5343340285216588	0.3189899744473454	1.7159656298585213	0.0	0.0	0.0	2.686903605391505	0.0	mel4_rep1	mel4
18x13	18.0	13.0	1183	825	3.0729847446279304	-0.9904396575858616	1.4294484273056896	-0.16663620878676436	0.09324933740666594	1.5295678789747482	-0.3669631254696544	-0.4377002747652098	0.0	0.0	0.0	0.0	0.0	0.0	mel4_rep1	mel4
19x3	19.0	3.0	8717	3397	3.9403670459856652	0.45308022095490835	0.1695309891627419	-0.16663620878676436	-0.5983858188519381	-0.319737303915238	0.2187402149869808	0.5018572447019197	2.6114673675285722	0.0	0.76415705976732	0.76415705976732	2.7671607444713633	0.0	mel4_rep1	mel4
19x4	19.0	4.0	5932	2726	3.7732011423563443	-0.2785658060270707	-0.21294472058868794	-0.16663620878676436	0.3042251938121883	0.17967193661309355	0.17401263790410468	-0.4377002747652098	2.2437752429029185	0.9879682410437122	0.0	0.0	2.54947677865261	0.0	mel4_rep1	mel4
19x5	19.0	5.0	3128	1781	3.4952667443878105	-0.5015622989875886	0.23160614479926986	-0.16663620878676436	0.34673172148624254	1.0102627500541177	-0.11280604272163139	0.5070845492367678	1.4343535311047253	0.0	1.4343535311047253	0.0	2.623778615466303	0.0	mel4_rep1	mel4
19x6	19.0	6.0	4498	2311	3.6530194510996132	-0.33794180182596395	-0.06573507419600494	-0.16663620878676436	0.413075146835749	0.8073002824982057	-0.39702078327773355	-0.1828939664121701	1.6949586280283697	0.0	0.0	0.0	2.4945311502110075	0.0	mel4_rep1	mel4
19x7	19.0	7.0	4852	2446	3.685920792194535	0.5256087147287338	-0.21294472058868794	-0.16663620878676436	-0.14855815655529994	0.1664832218571587	0.07837123172200233	0.6855022941262408	1.6335472411196437	0.0	1.1187435452330299	0.0	2.425247658055804	0.0	mel4_rep1	mel4
19x8	19.0	8.0	2327	1354	3.36679638328673	-0.046386728385125905	-0.21294472058868794	-0.16663620878676436	-0.25337116735077064	-0.02297027845461952	-0.16985613937218225	-0.0747267640837318	0.0	0.0	0.0	0.0	2.9008452959789754	0.0	mel4_rep1	mel4
19x9	19.0	9.0	3794	2110	3.5790973265526436	0.17327136589380426	-0.05058681080512891	-0.16663620878676436	0.019888007761574795	-0.10460209321560761	-0.5218299450653939	0.038407789468372845	2.822238270528371	0.0	1.2908128434962771	0.0	2.446075950184728	0.0	mel4_rep1	mel4
19x10	19.0	10.0	2992	1715	3.4759615891924236	0.28126945387720026	0.2575723410108765	1.804686644082439	0.018208525510679134	-0.6072385379427252	-0.21802246691996724	0.1425201665362	3.1944077859897466	0.0	0.0	0.0	2.4003230477223187	0.0	mel4_rep1	mel4
19x11	19.0	11.0	2062	1292	3.3142886609474975	-0.4050155431460273	0.8242677261661902	-0.16663620878676436	-0.13727228805249253	0.7556786294434712	-0.30907829395906095	-0.05313584568177039	0.0	0.0	0.0	0.0	2.7439951426727136	0.0	mel4_rep1	mel4
19x12	19.0	12.0	1507	990	3.1781132523146316	-0.7650627951621773	-0.21294472058868794	-0.16663620878676436	-0.43200195198358254	0.19382091932812706	-0.5226165780014799	0.14103657361244334	0.0	0.0	0.0	0.0	2.6582575438944867	0.0	mel4_rep1	mel4
19x13	19.0	13.0	2204	1479	3.3432115901797474	-0.9104251199389417	0.0023257736679460996	-0.16663620878676436	0.5358923069808836	-0.4494893952463524	-0.29518043401153005	-0.4377002747652098	1.711489875563755	0.0	0.0	0.0	3.340145415068423	0.0	mel4_rep1	mel4
19x14	19.0	14.0	764	579	2.8830933585756897	-0.2852860749884252	-0.21294472058868794	-0.16663620878676436	-0.7278551973988466	-0.42614565316045555	-0.7613548765176311	-0.4377002747652098	0.0	0.0	0.0	0.0	3.302408207780599	0.0	mel4_rep1	mel4
20x4	20.0	4.0	5770	2774	3.7611758131557314	-0.061641742139155555	-0.21294472058868794	-0.16663620878676436	0.07728623370209331	0.418467985528882	-0.25661153532695735	-0.04049677750923923	2.0709567741455426	0.0	0.0	0.0	2.4334917267932514	0.0	mel4_rep1	mel4
20x5	20.0	5.0	6154	2687	3.7891574919114395	0.5003628658974693	-0.09155918805035394	-0.16663620878676436	0.0033852909314051765	0.014176478838308573	0.032100767687923235	-0.12269156913783726	2.210995639503324	0.0	0.0	0.0	2.8477885930641755	0.9650654201202545	mel4_rep1	mel4
20x6	20.0	6.0	4747	2302	3.67641923171836	-0.019048010477885364	-0.21294472058868794	-0.16663620878676436	-0.5702269670641775	-0.5208288604257546	0.2021776459677456	-0.4377002747652098	1.9905803977796386	0.0	0.0	0.0	2.993697341622965	0.0	mel4_rep1	mel4
20x7	20.0	7.0	5507	2682	3.7409150764812824	0.08008951261716396	-0.21294472058868794	-0.16663620878676436	0.26238818245723544	0.424509646632923	0.08239592832031889	-0.2123083518722491	1.8637098498615852	0.0	0.0	0.0	2.4761369968796534	0.0	mel4_rep1	mel4
20x8	20.0	8.0	3517	1944	3.5461723683169426	-0.031209791469130964	-0.21294472058868794	-0.16663620878676436	0.9543536653162521	0.3372972323913849	-0.06020317456674464	0.7762283635216203	2.254444419310097	0.0	0.0	0.0	2.254444419310097	0.0	mel4_rep1	mel4
20x9	20.0	9.0	5106	2540	3.7080808104682315	-0.10896659841996467	0.13461813588488145	-0.16663620878676436	0.30562494839355064	-0.11091373063133654	-0.015942687286800282	0.7807934642215624	1.927955737214862	1.084675697071964	0.0	0.0	0.0	0.0	mel4_rep1	mel4
20x10	20.0	10.0	3347	1818	3.5246557123577773	0.722969228319482	-0.21294472058868794	-0.16663620878676436	-0.5265440546250842	-0.7727229244841666	0.3813995802293857	0.5113175565782938	1.383227218262825	0.0	0.0	0.0	1.9424040739741109	0.0	mel4_rep1	mel4
20x11	20.0	11.0	1677	1104	3.2245330626060857	-0.21390707292776662	-0.21294472058868794	-0.16663620878676436	-0.7278551973988466	0.3591320118981567	-0.15673368258413548	-0.4377002747652098	2.5592453077717146	0.0	0.0	0.0	2.5592453077717146	0.0	mel4_rep1	mel4
20x12	20.0	12.0	2164	1350	3.3352572564345317	-0.30844157902479524	-0.21294472058868794	-0.16663620878676436	0.33632153265456527	-0.6529905689005043	-0.16455320209273722	-0.0618141459605885	1.726522408830883	0.0	0.0	0.0	0.0	0.0	mel4_rep1	mel4
20x13	20.0	13.0	2039	1262	3.30941722577814	0.18442213704368282	-0.21294472058868794	-0.16663620878676436	-0.7278551973988466	-0.6513329853512808	-0.5257800266665038	-0.4377002747652098	3.0261382672638724	0.0	0.0	0.0	2.380354119612236	0.0	mel4_rep1	mel4
20x14	20.0	14.0	1560	1064	3.1931245983544616	-0.9835685916058065	0.16959388385615895	-0.16663620878676436	-0.7278551973988466	0.4606626939206037	-0.3359454629153772	-0.4377002747652098	2.626153924779351	0.0	0.0	0.0	2.0028650419827856	0.0	mel4_rep1	mel4
21x4	21.0	4.0	2939	1637	3.4681995860726125	0.19146252403241631	0.4484170048664136	-0.16663620878676436	0.18337498980578276	0.2098173871210168	0.2504914347905893	0.009649386272685944	1.4821766188970353	0.0	0.0	0.0	3.0640966159258203	0.0	mel4_rep1	mel4
21x5	21.0	5.0	3887	2056	3.5896145406312665	0.4573070378524725	-0.052787619635244844	1.5669373760287735	-0.028250181522780044	0.7836980893780005	0.12192136400614127	0.0337338008755748	1.8156967260277366	0.0	0.0	0.0	2.9448992472130118	0.0	mel4_rep1	mel4
21x6	21.0	6.0	4244	2151	3.627775375229303	0.5691043521775676	0.08077433256928358	-0.16663620878676436	-0.5516343450889641	-0.3621576843694256	0.3498269273562928	-0.4377002747652098	2.717182113448914	0.0	0.0	0.0	2.717182113448914	0.0	mel4_rep1	mel4
21x7	21.0	7.0	3443	1908	3.5369370227046737	0.3507290590289056	-0.21294472058868794	-0.16663620878676436	-0.03136054175009979	-0.49190701446276114	-0.26616392920874116	-0.020077208588708473	2.7422724810208914	0.0	0.0	0.0	2.9137986806289238	0.0	mel4_rep1	mel4
21x8	21.0	8.0	2797	1562	3.4466924663715273	0.4191620897021046	-0.021676307881059256	-0.16663620878676436	0.12443104849617943	-0.9420431364229934	-0.004164835509105064	-0.4377002747652098	2.461789633572608	0.0	0.0	0.0	2.7279205924533234	0.0	mel4_rep1	mel4
21x9	21.0	9.0	2552	1444	3.4068806700491248	0.14227445113711662	-0.21294472058868794	-0.16663620878676436	-0.2744909734756427	-0.8203782015177694	0.5161542508836582	-0.4377002747652098	2.178946388329268	0.0	0.0	0.0	2.178946388329268	0.0	mel4_rep1	mel4
21x10	21.0	10.0	3627	1933	3.5595475555804343	-0.02299041987077105	-0.21294472058868794	-0.16663620878676436	-0.11734251360185198	-0.8812291011126461	0.03128176443111003	-0.1495252465448172	2.2269234554063027	0.0	0.0	0.0	2.693646812289232	0.0	mel4_rep1	mel4
21x11	21.0	11.0	1887	1265	3.2757719001649312	-0.39560563580053515	1.1760371047508564	-0.16663620878676436	0.07676112235106788	-0.0420916368406502	-0.08882899308485882	0.4101624093277284	0.0	0.0	0.0	0.0	1.8404570996120742	0.0	mel4_rep1	mel4
21x12	21.0	12.0	2022	1274	3.3057811512549824	0.062101115334463886	0.11533330878548144	-0.16663620878676436	-0.1779292383054702	-0.9891172796973824	-0.42084066156801997	-0.4377002747652098	0.0	0.0	0.0	1.7826511840186907	2.3879548330931195	0.0	mel4_rep1	mel4
21x13	21.0	13.0	1653	1121	3.2182728535714475	-0.28160993919775884	-0.21294472058868794	-0.16663620878676436	-0.353452919009814	-0.4503824089797332	-0.5410936698115015	0.8486898061622206	1.9529718387522392	0.0	0.0	0.0	2.5725521941392655	0.0	mel4_rep1	mel4
21x14	21.0	14.0	1708	1161	3.232487866352986	-0.1761371023183565	-0.21294472058868794	-0.16663620878676436	0.006679969835061694	-0.9678810205748988	-0.5084967700473153	-0.4377002747652098	2.5423577608347805	0.0	0.0	0.0	2.5423577608347805	0.0	mel4_rep1	mel4
22x4	22.0	4.0	7809	3326	3.892595422828898	0.2923512157169141	0.2163795660569523	-0.16663620878676436	0.12297626538301624	0.38213329232224863	0.1288806103572153	0.7679919215308202	2.161418014819023	0.0	0.0	0.0	2.940643985078436	0.0	mel4_rep1	mel4
22x5	22.0	5.0	4377	2257	3.641176546613114	0.26040955589907994	-0.21294472058868794	-0.16663620878676436	-0.2681666211128236	-0.022362903045888283	-0.07771732674527683	-0.4377002747652098	1.7172765065911815	0.0	0.0	0.0	2.0610241779036627	0.0	mel4_rep1	mel4
22x6	22.0	6.0	3428	1911	3.5350408132511606	-0.11303439212354675	1.0267086919354709	-0.16663620878676436	0.37684717902322523	0.022688025582368102	-0.3179056765842124	-0.14044274072274518	1.365365078382255	0.0	0.0	0.0	3.661585005773579	0.0	mel4_rep1	mel4
22x7	22.0	7.0	4076	2176	3.610234175334389	0.03812843065541645	0.010452330413434888	-0.16663620878676436	0.7146850699258236	1.1858020449704318	0.10779998248642998	-0.4377002747652098	2.7549537634787584	0.0	0.0	0.0	3.026605036337255	0.0	mel4_rep1	mel4
22x8	22.0	8.0	4087	2197	3.6114046377115936	-0.1037729333957389	-0.21294472058868794	-0.16663620878676436	0.5241469565141914	-0.5407563906225296	-0.10992037991116711	1.3431627114157958	1.7738610712885163	0.0	0.0	0.0	2.1211048753485087	0.0	mel4_rep1	mel4
22x9	22.0	9.0	4977	2501	3.696967640744023	-0.020874117424751537	0.04005775697576209	-0.16663620878676436	0.03084514754535415	-0.17653362827921618	-0.011400853270798393	0.04155625435473866	1.6131281015320418	0.0	0.0	0.0	1.6131281015320418	0.0	mel4_rep1	mel4
22x10	22.0	10.0	3615	1941	3.5581083016305497	0.4518842735385741	0.023117186650681198	-0.16663620878676436	1.0914904255253854	0.12040780335246604	-0.15998652515989026	-0.4377002747652098	0.0	0.0	0.0	0.0	2.8677574359839357	0.0	mel4_rep1	mel4
22x11	22.0	11.0	1545	1018	3.1889284837608534	-0.3330538874168473	-0.21294472058868794	-0.16663620878676436	0.4314264946502166	0.3591437744935398	-0.19439086609024636	-0.4377002747652098	3.016391187473064	0.0	0.0	2.01122853245675	0.0	0.0	mel4_rep1	mel4
22x12	22.0	12.0	2050	1313	3.311753861055754	0.005693150434484507	-0.21294472058868794	-0.16663620878676436	0.3336935316772024	-0.23095247897694293	-0.3247515391701007	-0.4377002747652098	1.7712248667863473	0.0	0.0	0.0	2.375472808742538	0.0	mel4_rep1	mel4
22x13	22.0	13.0	1535	1005	3.1861083798132053	-0.03349525706631505	1.2164350795492191	-0.16663620878676436	-0.0188658191881054	-0.22620703950894192	-0.4325854249126558	1.207465621833265	2.6411491374669134	0.0	0.0	0.0	2.0168555105865567	0.0	mel4_rep1	mel4
22x14	22.0	14.0	2085	1276	3.3191060593097763	0.02940189581440885	-0.21294472058868794	-0.16663620878676436	-0.227761947153113	-0.3200646453160347	0.5997832629258846	-0.4377002747652098	0.0	0.0	0.0	0.0	2.360129789797725	0.0	mel4_rep1	mel4
23x5	23.0	5.0	2567	1546	3.4094258686714434	-0.18893639804782741	-0.21294472058868794	-0.16663620878676436	-0.15646523848373928	-0.44226699664856545	-0.23937030723129257	0.6398165984454561	1.5883364287440043	0.0	0.0	0.0	2.808341403304283	0.0	mel4_rep1	mel4
23x6	23.0	6.0	2784	1575	3.4446692309385245	0.23840691624419036	-0.21294472058868794	-0.16663620878676436	-0.1295833886989331	-0.050009921250102625	-0.16256268632104934	-0.4377002747652098	2.7322754584473596	0.0	0.0	0.0	2.7322754584473596	0.0	mel4_rep1	mel4
23x7	23.0	7.0	3700	1972	3.568201724066995	0.16273800383540754	0.03708068187077524	-0.16663620878676436	0.578605757247081	0.39957321151290737	0.2283712626364071	-0.4377002747652098	2.2091650177081372	0.0	0.0	0.0	2.4690152824513656	0.0	mel4_rep1	mel4
23x8	23.0	8.0	4794	2484	3.680698029697635	0.05652498483903318	0.14813415754741174	-0.16663620878676436	-0.21088020969611904	-0.01874211445080398	0.12600733216435145	-0.4377002747652098	1.982079822110166	0.0	1.1268565571534832	0.0	2.4362155628963187	0.0	mel4_rep1	mel4
23x9	23.0	9.0	1593	1010	3.2022157758011316	-0.7865212473388027	0.03670039987254121	-0.16663620878676436	0.5034788025645172	-0.037090567481154246	0.5334445446218394	-0.4377002747652098	2.6067501571647833	0.0	0.0	0.0	2.6067501571647833	0.0	mel4_rep1	mel4
23x10	23.0	10.0	710	537	2.8512583487190755	-0.31849638145065473	0.4102485360027428	-0.16663620878676436	-0.33291527869948784	0.1292893666166712	0.373195238234378	-0.4377002747652098	3.3731069843542687	0.0	0.0	0.0	0.0	0.0	mel4_rep1	mel4
23x11	23.0	11.0	1794	1145	3.2538224387080734	-0.624633687967981	-0.21294472058868794	-0.16663620878676436	0.09501126809810943	-0.11390751511330362	-0.5140361843594798	-0.4377002747652098	1.883143163941708	0.0	0.0	0.0	1.883143163941708	0.0	mel4_rep1	mel4
23x12	23.0	12.0	2467	1498	3.392169149489736	0.4011642522380557	-0.21294472058868794	-0.16663620878676436	-0.45336836521888607	-0.4846994435669932	0.39185314825142203	0.1818505331292497	2.5772213513209072	0.0	0.0	0.0	0.0	0.0	mel4_rep1	mel4
23x13	23.0	13.0	2320	1441	3.3654879848909	-0.4794200374350813	-0.21294472058868794	-0.16663620878676436	-0.05968880622930311	-0.7364956639834986	0.06277888191172515	-0.4377002747652098	2.2639159518348917	0.0	0.0	0.0	2.634119047974676	0.0	mel4_rep1	mel4
23x14	23.0	14.0	1916	1054	3.2823955047425257	0.18662563553220685	-0.21294472058868794	-0.16663620878676436	0.10536047152635195	-0.7688917677565082	0.5527387453113703	-0.4377002747652098	0.0	0.0	0.0	0.0	2.4369772841275004	0.0	mel4_rep1	mel4
24x3	24.0	3.0	4689	2431	3.6710802327388494	0.32140923810529054	-0.21294472058868794	-0.16663620878676436	-0.12594300357129054	-0.5807068395965252	0.02278718340434047	0.8404784616650647	2.456443252205656	0.0	0.0	0.0	2.8937663829868336	0.0	mel4_rep1	mel4
24x4	24.0	4.0	4581	2312	3.6609602917760835	-0.1710661843805082	0.1580500110127846	-0.16663620878676436	-0.16692855596213801	0.48925871101885754	0.22274775677076952	-0.18563189260337012	2.6460029349758143	0.0	0.0	0.0	2.02138708338238	0.0	mel4_rep1	mel4
24x5	24.0	5.0	1876	1115	3.2732328340430454	-0.18121358420105033	-0.21294472058868794	-0.16663620878676436	0.21306270532659807	0.5864693220478584	0.19680502493920402	-0.035937819402851456	2.4562482949004933	0.0	0.0	0.0	1.8453777063174803	0.0	mel4_rep1	mel4
24x6	24.0	6.0	2186	1364	3.339650157613684	-0.7698738713717722	1.041643043601779	-0.16663620878676436	0.023596860701981654	-0.09653691947538769	-0.1605870733777323	-0.4377002747652098	1.7182143620719559	0.0	0.0	0.0	2.689458185641956	0.0	mel4_rep1	mel4
24x7	24.0	7.0	3543	1901	3.549371152333177	0.03581963606864956	-0.21294472058868794	-0.16663620878676436	-0.04186339893053353	0.07931349414991375	-0.05311384294314093	-0.02538375225764842	0.0	0.0	0.0	0.0	1.893854710479478	0.0	mel4_rep1	mel4
24x8	24.0	8.0	1375	962	3.1383026981662816	-0.16739459513724694	0.2722970142231473	-0.16663620878676436	-0.36986051196772	1.0189972183009985	-0.6295956541552963	0.15965336120461315	2.1129642337184795	0.0	0.0	0.0	2.1129642337184795	0.0	mel4_rep1	mel4
24x9	24.0	9.0	1807	1148	3.256958152560932	-0.32444121733028897	0.023146658893653388	-0.16663620878676436	-0.4546781263669387	0.5975816696477544	0.22287066112446388	0.4270083269967307	0.0	0.0	0.0	0.0	0.0	0.0	mel4_rep1	mel4
24x10	24.0	10.0	1675	1053	3.224014811372864	-0.3577646544684202	-0.21294472058868794	-0.16663620878676436	-0.7278551973988466	0.17127140436478216	0.17615768865900602	-0.4377002747652098	2.5603463573895757	0.0	0.0	0.0	0.0	0.0	mel4_rep1	mel4
24x11	24.0	11.0	1119	786	3.04883008652835	-0.6308701194292861	0.6484759287392444	-0.16663620878676436	-0.40854287662045446	-0.3079071790022469	-0.3410360425140327	-0.4377002747652098	2.296219927391324	0.0	0.0	0.0	2.296219927391324	0.0	mel4_rep1	mel4
24x12	24.0	12.0	1532	945	3.185258765296585	-0.5137238037632244	-0.21294472058868794	-0.16663620878676436	0.023597318656951378	0.21171615979334277	-0.6501663949226572	0.45242151365735983	2.6429661293803113	0.0	2.018551708457756	0.0	2.018551708457756	0.0	mel4_rep1	mel4
24x13	24.0	13.0	2272	1441	3.3564083270389813	-0.7996235752314401	0.5183444122377804	-0.16663620878676436	0.5677839452816931	-0.48231556443949297	0.33979879055663365	-0.07049276071730175	0.0	0.0	0.0	0.0	1.6866597437659954	0.0	mel4_rep1	mel4
25x3	25.0	3.0	2223	1337	3.3469394626989906	0.21933548200952951	-0.21294472058868794	-0.16663620878676436	-0.16949304108649135	-0.4521848611619652	-0.10029171450514113	0.31391711928474225	1.7044617878130661	0.0	0.0	0.0	2.67382284830196	0.0	mel4_rep1	mel4
25x4	25.0	4.0	2509	1506	3.3995006613146104	-0.08166278440382721	-0.21294472058868794	-0.16663620878676436	-0.5044464067904321	0.010733325024282092	-0.24511333311146954	-0.08793060838518421	2.829831550832988	0.0	0.0	0.0	2.829831550832988	0.0	mel4_rep1	mel4
25x5	25.0	5.0	1116	753	3.04766419460156	0.08941563087077672	-0.21294472058868794	-0.16663620878676436	0.5970887465842687	-0.4294925923069761	-0.02132432793752081	0.06274204496600397	3.3279712923854086	0.0	0.0	0.0	0.0	0.0	mel4_rep1	mel4
25x6	25.0	6.0	1112	745	3.0461047872460387	-0.7604683515927095	0.31567812443858606	-0.16663620878676436	0.5563406822332011	0.8229532858627789	-0.8261554290948908	-0.4377002747652098	0.0	0.0	0.0	0.0	2.301865409623652	0.0	mel4_rep1	mel4
25x7	25.0	7.0	1500	995	3.1760912590556813	0.0166274227890848	0.04325345240924253	-0.16663620878676436	0.030421166162005027	-0.3710533916360513	-0.3730462660472523	0.005755111944019076	3.044522437723423	0.0	0.0	0.0	2.662587827025453	0.0	mel4_rep1	mel4
25x8	25.0	8.0	1701	1131	3.230704313612569	-0.21623949928939265	-0.21294472058868794	-0.16663620878676436	-0.7278551973988466	-0.36712874938165596	-0.2669910314277002	1.1551077930015992	2.5461420290202113	0.0	0.0	0.0	2.5461420290202113	0.0	mel4_rep1	mel4
25x9	25.0	9.0	612	465	2.7867514221455614	-0.27432367054823487	-0.21294472058868794	-0.16663620878676436	-0.31263607767935014	-0.22539953598362814	-0.39465529625620377	-0.4377002747652098	0.0	0.0	0.0	0.0	3.5168964269357885	0.0	mel4_rep1	mel4
25x10	25.0	10.0	1494	997	3.1743505974793798	-0.5990741798216122	-0.21294472058868794	-0.16663620878676436	0.08409544485051659	0.8654353753918631	-0.4676068801756841	-0.4377002747652098	0.0	0.0	2.0403680733749243	0.0	0.0	0.0	mel4_rep1	mel4
25x11	25.0	11.0	815	614	2.9111576087399764	0.7074630092103364	0.11225856257712165	-0.16663620878676436	0.007971423121256347	-0.6086117890333521	-0.904282018041346	-0.4377002747652098	3.240241046388213	0.0	0.0	0.0	2.5855012251462965	0.0	mel4_rep1	mel4
25x12	25.0	12.0	1204	818	3.0806264869218056	-0.8821897851833294	-0.21294472058868794	-0.16663620878676436	-0.0930263789959258	-0.47717402806309167	-0.3096768722956513	0.04793471040833812	2.2306215105112326	0.0	0.0	0.0	3.2548969448394374	0.0	mel4_rep1	mel4
25x13	25.0	13.0	1865	1189	3.2706788361447066	-0.1099300916234637	-0.21294472058868794	-0.16663620878676436	-0.4585629136314192	-0.8859486103960256	-0.4261958838838357	-0.03485924149612063	2.4616261317691053	0.0	0.0	1.8503318367919481	1.8503318367919481	0.0	mel4_rep1	mel4
26x6	26.0	6.0	2005	1274	3.302114376956201	-0.11453963296383443	-0.21294472058868794	1.5634677823780256	0.006028340495778717	0.4281637609400559	0.038736598796030856	-0.4377002747652098	1.7896791689146838	0.0	0.0	0.0	3.255695807046564	0.0	mel4_rep1	mel4
26x7	26.0	7.0	1455	935	3.162862993321926	-0.2499983342163886	-0.21294472058868794	-0.16663620878676436	-0.7278551973988466	0.33289607211581645	-0.2068581001447635	-0.4377002747652098	0.0	0.0	0.0	0.0	3.743299299043488	0.0	mel4_rep1	mel4
26x8	26.0	8.0	2109	1285	3.3240765797394864	-0.4879314643845685	0.3287328531603709	-0.16663620878676436	0.012180035390708586	1.7533544752402719	-0.3434801903944468	-0.4377002747652098	0.0	0.0	0.0	0.0	3.2071237770657213	0.0	mel4_rep1	mel4
26x9	26.0	9.0	2100	1248	3.322219294733919	-0.11993069833304788	0.12153995209370873	-0.16663620878676436	0.3515470337045417	-0.21130109624825888	-0.009763480666775707	0.07471747482856154	0.0	0.0	0.0	0.0	2.7269186854065928	0.0	mel4_rep1	mel4
26x10	26.0	10.0	1803	1154	3.255995726722402	-0.6019725891296253	-0.21294472058868794	-0.16663620878676436	-0.04426036983705744	0.005506667165328559	0.16232635763255565	-0.4377002747652098	2.87010868073789	0.0	0.0	0.0	1.8789017922257518	0.0	mel4_rep1	mel4
26x11	26.0	11.0	1078	721	3.03261876085072	-0.8592648566214169	-0.21294472058868794	-0.16663620878676436	0.8380180872867978	0.1882542327426062	-0.9448512624286398	-0.4377002747652098	2.9731223700249396	0.0	0.0	0.0	2.9731223700249396	0.0	mel4_rep1	mel4
26x12	26.0	12.0	2186	1359	3.339650157613684	-0.8402699349908037	0.20385407472839603	-0.16663620878676436	-0.1866778132761693	1.0551731229444379	-0.7251637603946052	1.3379389011830736	1.7182143620719559	0.0	0.0	0.0	2.317388069562121	0.0	mel4_rep1	mel4
27x6	27.0	6.0	1574	1005	3.1970047280230456	-0.6279213081306573	0.03800330239229172	-0.16663620878676436	-0.7278551973988466	-0.13888451991710749	-0.383865054119631	-0.4377002747652098	0.0	0.0	0.0	0.0	2.6178687359580257	0.0	mel4_rep1	mel4
27x7	27.0	7.0	1700	1128	3.230448921378274	-0.38023859539666305	-0.21294472058868794	-0.16663620878676436	-0.45961395640435093	0.3175801476354298	-0.20562215771244077	-0.017740750717390074	1.92896059074154	0.0	0.0	0.0	3.1998728777425853	0.0	mel4_rep1	mel4
27x8	27.0	8.0	1003	708	3.0013009330204183	-0.2812501427352501	-0.21294472058868794	-0.16663620878676436	0.3196609389609689	-0.7772333332707455	-0.3232458644028784	-0.4377002747652098	0.0	0.0	0.0	0.0	0.0	0.0	mel4_rep1	mel4
27x9	27.0	9.0	1372	893	3.137354111370733	-0.9532970905745397	-0.21294472058868794	-0.16663620878676436	-0.7278551973988466	1.2244581741247387	-0.3505524018559675	-0.4377002747652098	0.0	0.0	0.0	0.0	2.11488466448506	0.0	mel4_rep1	mel4
27x10	27.0	10.0	1464	974	3.165541076722373	-0.698348158072563	-0.21294472058868794	-0.16663620878676436	-0.4283337356673536	0.7118636724793975	-0.7684971703284613	-0.4377002747652098	2.685204697584203	0.0	0.0	0.0	2.685204697584203	0.0	mel4_rep1	mel4
27x11	27.0	11.0	1474	944	3.1684974835230326	-0.03042921281233697	-0.21294472058868794	-0.16663620878676436	0.7669695397856878	0.8743305083549501	-0.4380935475473511	-0.4377002747652098	2.0521038124125344	0.0	0.0	0.0	2.6788631072447986	0.0	mel4_rep1	mel4
28x9	28.0	9.0	2310	1395	3.3636119798921444	-0.7472179340337336	0.0951711475726308	-0.16663620878676436	-0.11432713881062825	-0.8026512112332029	-0.20162881466736463	-0.07343086717440009	1.67316441566266	0.0	0.0	0.0	3.1199400328488176	0.0	mel4_rep1	mel4
28x10	28.0	10.0	1469	995	3.1670217957902564	0.12246225560832891	-0.21294472058868794	-0.16663620878676436	-0.42876648044058924	-0.5384032378005684	-0.4993898707969326	0.1462117373835586	0.0	0.0	0.0	0.0	0.0	0.0	mel4_rep1	mel4
28x11	28.0	11.0	1777	1097	3.2496874278053016	0.2518224114215506	-0.21294472058868794	-0.16663620878676436	-0.4074298024591395	-0.4447066640040424	0.09524710480611899	0.9791214836373496	0.0	0.0	0.0	0.0	2.883816208487113	0.0	mel4_rep1	mel4
6x7	6.0	7.0	11892	3979	4.0752549005329	0.3428967085393849	-0.25252849791785964	-0.24699293484481008	-0.4277807368306346	-1.0639685714744436	0.597177410433107	-0.21521044592773028	2.2416682152223926	0.6102553681458204	0.0	0.0	2.4061175007389126	0.0	mel4_rep2	mel4
6x8	6.0	8.0	8200	3220	3.9138138523837167	0.10624245152264393	-0.34907993478000393	0.7174987008624246	-0.4631136141759664	-0.43834076576496167	0.10667907534625141	-0.6491085219003528	2.118310410579209	0.0	0.0	0.0	2.959725901063346	0.0	mel4_rep2	mel4
7x6	7.0	6.0	9288	3548	3.9679222067305173	0.14135552846734978	-0.13819611082627284	1.9011498725837974	-0.45109773966292444	-0.4460988634556271	0.7122639269563503	-0.0733692104423235	2.552817492893016	0.0	0.0	0.0	2.4652633551895957	0.0	mel4_rep2	mel4
7x7	7.0	7.0	7454	3105	3.8723893884178207	-0.2288062871131803	-0.10967812154476778	-0.24699293484481008	0.12014838976937334	-0.4854480374841283	0.09802923089982932	-0.19986582296612224	2.4623621397845823	0.0	0.0	0.0	3.0503825510577096	0.0	mel4_rep2	mel4
7x8	7.0	8.0	11436	4001	4.058274146685951	0.5446913475925546	-0.249672703355424	-0.24699293484481008	0.6009919350862392	-0.3226026101048534	0.91717615266259	0.0273086669553932	2.4417537666695446	0.0	1.0111874585438632	0.0	2.86870543860943	0.0	mel4_rep2	mel4
7x9	7.0	9.0	11615	4040	4.065019214136254	0.7010037059387249	0.17144148215199032	-0.24699293484481008	-0.310421199767999	0.1338803526338452	0.4226246881100943	-0.30407434103139663	2.7495916956526436	0.0	0.6210901518972226	0.0	2.6329195973391255	0.0	mel4_rep2	mel4
7x10	7.0	10.0	6697	2802	3.8258802989361795	0.5046307971978252	-0.34907993478000393	-0.24699293484481008	-0.5527519713043597	-0.4070870610651633	0.5465637451281246	0.4400386882111998	2.669922713265186	0.9135693976389069	0.0	0.0	2.560759616183793	0.0	mel4_rep2	mel4
7x11	7.0	11.0	5485	2576	3.73917663191073	0.2402580297269506	0.25273447255961784	-0.24699293484481008	-0.1419205952785636	-1.2938167084342775	0.32736959520256803	-0.1198170967531829	2.956551668985593	0.0	0.0	0.0	2.621916867292506	0.0	mel4_rep2	mel4
7x12	7.0	12.0	10016	3703	4.000694315866355	-0.05447032350706668	0.3760560308111153	-0.24699293484481008	0.23944521277809555	-0.25014650568325597	0.391030021959353	-0.04479608580761596	2.7065581407166954	0.6923481393668126	0.6923481393668126	0.0	2.1958036179497036	0.0	mel4_rep2	mel4
7x13	7.0	13.0	6872	2853	3.8370831508231857	-0.27198968744318486	0.7123903160951747	1.306790273106278	0.6597130776878171	-0.4544887657808904	0.77874412055303	-0.6491085219003528	2.9157235195143456	0.0	0.0	0.0	2.8336241341482586	0.0	mel4_rep2	mel4
7x14	7.0	14.0	6605	2909	3.819872821950546	0.08163509861937425	-0.34907993478000393	-0.24699293484481008	-0.637015981970729	-0.8498441308082997	0.4169102418929983	1.0167386874869284	2.148270382555784	0.0	0.0	0.0	2.3109527118291378	0.9218769168544213	mel4_rep2	mel4
7x15	7.0	15.0	5116	2354	3.7089305358066165	-0.08466537888357845	-0.34907993478000393	-0.24699293484481008	-0.8029215719642363	-1.6987022553537052	0.5156669458054117	-0.27580319063257874	2.6866607016293638	0.0	0.0	0.0	2.176864067061074	0.0	mel4_rep2	mel4
8x5	8.0	5.0	6430	2403	3.808210972924222	-1.1330364460516475	0.2981066365409423	-0.24699293484481008	0.08276142316351406	-0.042302639199210824	0.4856552371700981	-0.32585141991646493	1.41352519036667	0.0	0.0	1.41352519036667	3.0548371243252546	0.0	mel4_rep2	mel4
8x6	8.0	6.0	8891	3430	3.9489506102455483	0.5331842946143609	-0.34907993478000393	-0.24699293484481008	0.3459150825512521	-0.7004271209461238	0.21803247225112987	0.3507396921955756	2.6739275568013943	0.0	0.0	0.0	3.001737152675889	0.0	mel4_rep2	mel4
8x7	8.0	7.0	11816	4036	4.072470482303893	0.10076553946512923	-0.1600917192274231	-0.24699293484481008	-0.7748423139346041	-0.4061419802531563	0.43586975373360376	0.35950023673814585	2.676969591532915	0.0	0.9905147626763108	0.0	2.6170053420217156	0.0	mel4_rep2	mel4
8x8	8.0	8.0	15042	4716	4.17730558434186	0.008817977979984452	0.33345382019074277	-0.24699293484481008	0.002208084363951463	0.5861558912223519	0.17428763557534113	-0.27119685186307146	2.705440763046821	0.0	0.0	0.5097081268425445	2.869042015589746	0.0	mel4_rep2	mel4
8x9	8.0	9.0	7689	3154	3.8858698609039064	-0.2318369239752374	0.5070260561806956	-0.24699293484481008	-0.3289679464055088	-0.48533251613581146	0.32890387884175937	-0.10138078489842166	1.8249100272836891	0.0	0.0	0.8331522414113268	2.175132949130442	0.0	mel4_rep2	mel4
8x10	8.0	10.0	9304	3555	3.968669701720392	0.1973503505153006	-0.23360402189437451	-0.24699293484481008	-0.257191117112671	-0.883807391557168	0.30947473766497974	0.24924989154264215	2.7062141801607185	0.0	0.7298679131063672	0.0	3.012909773256387	0.0	mel4_rep2	mel4
8x11	8.0	11.0	7931	3190	3.8993279498776543	-0.515707572745459	-0.19928830945773038	-0.24699293484481008	0.6504149556118899	-0.2584347043656925	0.6681303527763682	0.5540492100371452	2.285044688700701	0.0	1.2589580520101646	0.8157519274090442	1.7989833456123616	0.0	mel4_rep2	mel4
8x12	8.0	12.0	9093	3411	3.9587071910872846	-0.49760613811288984	1.022032030561198	1.0362650185822957	1.3820346996832271	-1.4466360044507092	1.0085190626107505	0.13691211222638067	2.388553916375853	0.0	0.7418168889875516	0.0	2.7970653855680006	0.0	mel4_rep2	mel4
8x13	8.0	13.0	5162	2412	3.71281800020785	-0.5469100141801134	0.6588019374234142	-0.24699293484481008	1.3720843381344474	0.039583150592076934	-0.14648316620070065	-0.2778405575980948	2.803231223657405	0.0	0.0	0.0	2.914256601151608	0.0	mel4_rep2	mel4
8x14	8.0	14.0	6870	2924	3.8369567370595505	-0.6013178837907882	0.2289761726101289	-0.24699293484481008	0.20841601361822076	0.02857114396550246	0.6179596901608965	-0.6491085219003528	3.062383735531513	0.0	0.0	0.0	2.2755863298316292	0.0	mel4_rep2	mel4
8x15	8.0	15.0	9176	3475	3.9626534048932114	0.04934782187124117	0.7334140418204524	-0.24699293484481008	-0.1937320406234871	-0.047674275811068166	0.547787302942917	0.1855756178412639	2.6445844357522503	0.0	0.0	0.0	2.6445844357522503	0.0	mel4_rep2	mel4
8x16	8.0	16.0	10672	3668	4.028245816572474	0.5649561882931531	-0.09116795908394788	-0.24699293484481008	-0.7837268937526439	-0.7864834812829402	0.3776408927614682	0.09961055442820069	2.6474817995944395	0.0	0.0	0.0	2.6474817995944395	0.0	mel4_rep2	mel4
8x17	8.0	17.0	10576	3823	4.024321442141565	0.7836666617276526	-0.34907993478000393	-0.24699293484481008	-0.49694464951615835	-0.6205103514032243	-0.02232981781577479	-0.4197811381520545	2.2523263775058266	0.0	0.0	0.0	1.7453114919175818	0.0	mel4_rep2	mel4
8x18	8.0	18.0	7163	3074	3.855094951158622	0.17692825118150537	0.4672019943011619	-0.24699293484481008	-1.02636757450595	-0.7214755369376366	-0.08161987042435	-0.08180647202652236	1.8846807992451724	0.0	0.0	0.8738270163221872	2.705422152172943	0.0	mel4_rep2	mel4
9x5	9.0	5.0	8417	3266	3.9251573271758984	0.27381437511271717	-0.22519446686214922	-0.24699293484481008	0.6011971111492678	-0.6732317373758915	-0.1024194388682957	-0.3792996354882011	2.6439588229947706	0.0	0.0	0.0	2.5557314330483716	0.0	mel4_rep2	mel4
9x6	9.0	6.0	8158	3307	3.9115837009810757	-0.40218886312173363	-0.07790751211355404	-0.24699293484481008	0.041794263724482014	0.2094856948572377	-0.07685778011581629	-0.22223856043954057	2.3801316182264975	0.0	0.8001121940541988	0.0	2.964595492464684	0.0	mel4_rep2	mel4
9x7	9.0	7.0	7061	3068	3.848866211494779	0.4909771048828968	-0.20950148930620957	-0.24699293484481008	0.10427641414154912	0.1642944112885757	-0.09115430613076744	-0.3451220610719147	1.8968579480080032	0.0	0.0	0.0	1.8968579480080032	0.0	mel4_rep2	mel4
9x8	9.0	8.0	8138	3219	3.9105176855172665	-0.37198924559225655	-0.06826077954984568	-0.24699293484481008	-0.2720372645284986	-0.20118191534279392	0.4467126470927784	0.20011428353506638	2.261932044634123	0.0	0.0	0.0	2.489830201824267	0.0	mel4_rep2	mel4
9x9	9.0	9.0	17178	4892	4.234972598405243	-0.4429131590925804	0.9617014883548003	-0.24699293484481008	0.3801968491910887	0.15663091032537044	0.6801868110590342	-0.4910252520947919	2.883797888781704	0.0	0.4587783271542727	0.0	2.9158336351387253	0.0	mel4_rep2	mel4
9x10	9.0	10.0	7940	3130	3.8998205024270964	-0.6547834306120198	0.3774603917969902	-0.24699293484481008	0.22900526807722313	-0.9297385047944507	0.8227979664948084	-0.11016221175322069	2.6096622419314524	0.0	0.0	0.0	2.7796481287629473	0.0	mel4_rep2	mel4
9x11	9.0	11.0	9954	3422	3.9979976364080043	0.060058681416128704	0.40176892844100354	-0.24699293484481008	1.0075397149136232	-0.8188545057826185	0.8298306120282686	-0.4094724783730938	2.402087616075471	0.0	0.0	0.0	2.3067355997192722	0.0	mel4_rep2	mel4
9x12	9.0	12.0	6718	2543	3.8272399995056454	-0.21037939686262497	0.3155552768692145	-0.24699293484481008	1.214592976749396	-0.5018418641897812	0.5636642286560607	-0.6491085219003528	2.133301129481201	0.9116954920868634	0.0	0.0	1.9393390381943947	0.0	mel4_rep2	mel4
9x13	9.0	13.0	8781	3360	3.943543977153454	-0.630104075966814	-0.19211144238823907	-0.24699293484481008	0.1263841833254722	0.41177223494736886	0.6621475896353869	-0.38714396032672377	3.0679973166762204	0.0	0.0	0.0	2.8298851296962613	0.0	mel4_rep2	mel4
9x14	9.0	14.0	16190	4712	4.209246848753374	-0.288099203138507	-0.025968198292328125	-0.24699293484481008	0.6461050611581111	-0.10888208540359079	1.1911622438863623	-0.4833737831696562	2.4946898097431935	0.0	0.4809838908300767	0.0	2.7998165718258123	0.0	mel4_rep2	mel4
9x15	9.0	15.0	10245	3764	4.010511962737214	0.03166565655603241	-0.017806766096241718	-0.24699293484481008	0.23550078471980013	-0.16260504047273008	0.568645064218425	0.01426590143412727	2.4627415463889535	0.0	0.0	0.0	3.112354177682166	0.0	mel4_rep2	mel4
9x16	9.0	16.0	9014	3427	3.954917553734959	0.5431854047518146	-0.34907993478000393	-0.24699293484481008	-1.2806595306195414	-1.0278770672639277	0.5647705895347412	0.16466695560784453	2.580462208982024	0.0	0.0	0.0	2.3964823300095106	0.0	mel4_rep2	mel4
9x17	9.0	17.0	6971	2810	3.8432950827365073	0.612824868109965	-0.34907993478000393	-0.24699293484481008	-0.5085690368438288	-0.6507552758848698	0.07354300443451812	0.008260780615372587	2.262501003365346	0.0	0.0	0.0	2.4016700410324026	0.0	mel4_rep2	mel4
9x18	9.0	18.0	5917	2699	3.772101569277012	0.3631263930128421	-0.34907993478000393	-0.24699293484481008	-0.30311633442868163	-1.0634163123773768	-0.16538877735494195	0.13052858538824763	1.803381157320584	0.0	0.0	0.0	2.0490058551721373	0.0	mel4_rep2	mel4
10x4	10.0	4.0	11842	4194	4.0734250567459815	-0.5140767091360797	-0.0801730073711635	-0.24699293484481008	0.7147981877064064	0.7835179075711024	0.22605136505171972	0.10645364940678945	2.331072589313051	0.0	0.6121821876659523	0.0	2.614968016557878	0.0	mel4_rep2	mel4
10x5	10.0	5.0	8738	3463	3.9414120403735495	0.2000665275402886	-0.08830061043311978	-0.24699293484481008	0.464013866015093	0.526781729593939	-0.29913708403041084	0.41663494475659385	2.424788546880615	0.0	0.0	0.0	2.6092380546477663	0.0	mel4_rep2	mel4
10x6	10.0	6.0	9731	3750	3.988157472556753	-0.10123659437954495	-0.21928084721152186	-0.24699293484481008	-0.2650522867783988	-0.164052497597868	-0.36139107698783035	-0.40553771669024863	2.5099308939796376	0.0	0.0	0.0	2.798174484507119	0.7068743371474717	mel4_rep2	mel4
10x7	10.0	7.0	9960	3084	3.998259338423699	0.434777208714152	-0.20555297500917252	-0.24699293484481008	0.3189112441459806	0.06106493269841786	0.3846413761279969	0.5672743443236897	2.200788055494608	0.0	0.0	0.6951531992868111	2.5686496392043927	0.0	mel4_rep2	mel4
10x8	10.0	8.0	16457	5014	4.216350669139196	0.17571999298906954	-0.12521380412036023	0.327343911730117	0.017674450340853902	0.3622398426735795	0.07286794642978511	-0.485514980891398	2.7462100906186646	0.0	0.7953825652991006	0.0	2.706436617462021	0.4747698549609076	mel4_rep2	mel4
10x9	10.0	9.0	10172	3686	4.007406351503671	0.4995801114775593	-0.24075711222445	0.5812474032068057	-0.7743095142578648	0.32631182365122685	0.16422957935043755	-0.4131933607604325	2.2872498609221825	0.0	0.0	0.0	2.8742731026333095	0.0	mel4_rep2	mel4
10x10	10.0	10.0	12263	4188	4.088596728262746	0.03672855327195629	0.401024084388655	0.474408707313386	0.3483475481707659	-0.36981584596885336	0.5039458382797741	0.012556444264256571	2.2995878633897546	0.0	0.0	1.237325400003416	2.752277627605802	0.0	mel4_rep2	mel4
10x11	10.0	11.0	8220	3283	3.9148718175400505	0.7937071180183861	-0.34907993478000393	-0.24699293484481008	-0.38987321977547734	-0.6628215470838831	0.566462840202935	0.194270597214598	2.3732634856087054	0.0	0.0	1.2334607373565794	2.3732634856087054	0.7959496827637238	mel4_rep2	mel4
10x12	10.0	12.0	11725	3958	4.069112851387121	-0.3305796083191455	2.415672116128569	-0.24699293484481008	0.33000517550280417	0.06259939170026879	0.8663748620689766	-0.13768501665028382	2.6841710457676022	0.0	0.0	0.6167403568191127	2.8451820694022274	0.0	mel4_rep2	mel4
10x13	10.0	13.0	8471	3269	3.9279346817411795	-0.5880390756494466	-0.08259834537542043	-0.24699293484481008	-0.20407593466228094	-0.6923557183375538	0.6508138550819257	0.42971245074168	2.9901150627059976	0.7795533691477688	0.0	0.0	2.8637410875272225	0.0	mel4_rep2	mel4
10x15	10.0	15.0	7702	3207	3.8866035142867124	0.25177986600701024	0.0683615094709457	-0.24699293484481008	-0.646813894536131	-0.09420560673800833	0.2901893500552924	-0.3623545304726462	2.540441994275564	0.0	0.0	0.0	2.3114009616753557	0.0	mel4_rep2	mel4
10x16	10.0	16.0	11668	4107	4.066996420449695	0.20029251613183785	-0.1583049396586929	-0.24699293484481008	0.39889582008296115	0.004728140402035545	0.5731251326947453	0.5775248268494695	2.061323302341748	0.0	0.0	0.0	2.164862550601928	0.9984566553037124	mel4_rep2	mel4
10x17	10.0	17.0	8797	3378	3.944334591970782	0.6782978796891851	-0.20965671143540496	-0.24699293484481008	0.19004579217503365	-0.9622593312435082	-0.11109633794697617	-0.24049135740637578	2.515073006241736	0.0	0.7592865283639209	1.185860460778972	2.515073006241736	0.0	mel4_rep2	mel4
11x4	11.0	4.0	13808	4462	4.140130778371135	-0.17209430083564847	0.08964701958423722	0.41202849370661526	-0.08036454706890037	0.08261237234615744	-0.10636731636902756	0.8712418737091252	2.8292521313912244	0.0	1.1545683147649661	0.0	2.739830281697633	0.0	mel4_rep2	mel4
11x5	11.0	5.0	11878	4056	4.0747433209410024	-0.21187779514077099	-0.23692357275549886	0.4918940768634479	-0.36967979628911485	-0.10074733102291644	-0.10115349063982997	0.9960155928951199	2.672096973220293	0.6107936161039306	0.6107936161039306	0.0	2.672096973220293	0.0	mel4_rep2	mel4
11x6	11.0	6.0	8040	3310	3.905256048748451	-0.5434453319254557	0.19472314812251604	-0.24699293484481008	-0.2545532774975546	-0.008021994143009711	-0.20888758180575653	0.8682923813135325	1.7876049140209078	0.0	0.0	0.0	2.500946475469037	0.8081624314436026	mel4_rep2	mel4
11x7	11.0	7.0	21602	5749	4.334493961741386	0.241278447091305	-0.15019209624335683	-0.24699293484481008	-0.27821162318878423	-0.018745946672296943	0.07720163125417641	0.41199294546549836	2.0123506192517513	0.0	0.0	0.0	2.3722344782438554	0.0	mel4_rep2	mel4
11x8	11.0	8.0	12909	4360	4.1108926008022175	0.4977422375973235	-0.06135194172838357	0.885085535984259	-0.2500718707114046	-0.1693747385269626	0.023281517641606877	0.9421005389916919	2.471918230679453	0.0	0.0	0.5736051039266388	2.075920360047569	0.0	mel4_rep2	mel4
11x9	11.0	9.0	6759	2885	3.8298824464434933	-0.35208534334351643	-0.182338245041816	0.8515026532246067	-0.5228233661269587	-0.7222379838674771	-0.34698671137497333	-0.3362141218515379	2.4297956933178706	0.0	0.0	0.0	2.4297956933178706	0.0	mel4_rep2	mel4
11x10	11.0	10.0	16570	4936	4.219322508419337	0.09311842064015668	0.0804826258384819	2.372519351852267	-0.5174290135221066	-0.12171533959779114	-0.21476435918112236	0.21592276731948773	1.9508981194932695	0.0	0.0	0.0	2.9499505547278284	0.47218892833325055	mel4_rep2	mel4
11x11	11.0	11.0	8047	3228	3.9056340013269546	-0.02326238744493073	-0.34907993478000393	-0.24699293484481008	0.11849057128860682	-0.5978894521687348	0.3979175716677428	-0.11380429529363915	2.5001476043759028	0.0	0.0	0.0	2.8422948557192496	0.8076801148151653	mel4_rep2	mel4
11x12	11.0	12.0	6860	2766	3.8363241157067516	-0.18605103755045516	-0.34907993478000393	-0.24699293484481008	-0.181423590664193	-0.37034141594611913	0.8788702205958455	-0.6491085219003528	3.1914476957361346	0.0	0.0	0.0	2.2768934392541587	0.0	mel4_rep2	mel4
11x13	11.0	13.0	10245	3813	4.010511962737214	0.11354924732895438	-0.12556973148894068	0.5769667144758057	0.3119851937460029	-0.15197282861230366	-0.33884260175284164	-0.2740829335689855	2.5426275104898552	0.0	0.0	0.0	2.058294673082256	0.0	mel4_rep2	mel4
11x14	11.0	14.0	10366	3724	4.015611204503513	0.5471947845049168	-0.34907993478000393	0.5699715977695151	-0.5418457837002476	-0.6046937962314428	0.06605945203936811	-0.27876258862441394	2.605722077255294	0.0	0.0	0.0	2.6745411023621584	0.0	mel4_rep2	mel4
11x15	11.0	15.0	14806	4750	4.170437745046183	0.2583010063935485	0.2654947685173864	1.2316389165772361	0.20964593381562407	0.0588773189437957	0.03157725294099149	-0.2675579891458197	2.627030685590301	0.0	0.5160530553722311	0.0	2.9912850088687066	0.0	mel4_rep2	mel4
11x16	11.0	16.0	10598	3943	4.0252239151783105	0.6471614060949373	-0.09183429231208828	-0.24699293484481008	0.0784401071743631	-0.5706764281892017	-0.10251841186229688	-0.11045370223194037	2.511458598718819	0.0	0.0	0.0	3.163184757513581	0.0	mel4_rep2	mel4
11x17	11.0	17.0	16715	4890	4.223106380928587	0.7713463223771996	-0.34907993478000393	-0.24699293484481008	0.06690423830441738	-0.13625299360985757	0.12246046567424994	0.3344985994164014	2.769874152703959	0.0	0.46891868553767274	0.0	2.7316600002674494	0.0	mel4_rep2	mel4
12x5	12.0	5.0	17264	5022	4.237141427338836	0.0016058207773125709	0.058379298584903934	0.6837680168937444	-0.19742308626857188	-0.13901636202425793	0.14006827300789634	-0.23594701202283025	2.4853699344847278	0.0	0.0	0.0	2.911110826340671	0.0	mel4_rep2	mel4
12x6	12.0	6.0	12307	4291	4.090152200597387	0.049432484353426155	-0.0191659341607726	-0.24699293484481008	0.15859917250328556	-0.35442339784463	-0.014640337334664551	-0.15052244978408147	1.621905572841908	0.0	0.0	0.5947323243644451	2.447818489543936	0.0	mel4_rep2	mel4
12x7	12.0	7.0	13856	4488	4.141637874673272	0.24273783936360166	0.0845842419762607	0.4102670038536851	0.4340065998227958	0.28026294093499127	0.22334377629014812	0.04721311885054884	2.4072987482125536	0.0	0.5433174062023033	0.5433174062023033	2.529509018549033	0.0	mel4_rep2	mel4
12x8	12.0	8.0	7452	3134	3.872272846224205	0.32568691687280593	-0.34907993478000393	-0.24699293484481008	-0.061490175852382825	-0.6336359290083415	0.2575033387694669	0.05467345783744193	1.303956572307046	0.0	0.0	0.0	2.2029337810685963	0.0	mel4_rep2	mel4
12x9	12.0	9.0	9592	3584	3.9819091700907925	0.3407130068510215	-0.2016220902626247	-0.24699293484481008	-0.3096051876341615	-0.7226915183296158	0.09690399087086093	0.5008771315739493	2.340152422354272	0.0	0.0	0.0	2.929758193720954	0.0	mel4_rep2	mel4
12x10	12.0	10.0	9318	3559	3.969322706112202	0.0295717612405025	-0.34907993478000393	-0.24699293484481008	-0.44823228207435617	0.15398772850631012	0.039657489176547316	0.10534679426283695	2.6303264738311265	0.7290892903624991	1.1462536484732344	0.0	2.3663788101114784	0.0	mel4_rep2	mel4
12x11	12.0	11.0	9209	3569	3.964212472969819	0.3013539140633256	0.40835353990877876	-0.24699293484481008	-0.23831070029995124	-0.4482728358119732	0.14025393409881579	-0.12343184935361787	2.6412499816258896	0.0	0.7351976524655449	0.0	2.2708006646179744	0.0	mel4_rep2	mel4
12x12	12.0	12.0	10956	3918	4.039652023581924	-0.7454839942678411	-0.0320174574216035	0.5375537721777501	1.088207072520243	0.4824530844170743	-0.23713579972370977	-0.42563901153525086	2.687243784307122	0.0	0.0	0.0	2.957762329523976	0.6485377501451416	mel4_rep2	mel4
12x13	12.0	13.0	10452	3921	4.019199401055288	0.16859545154510133	-0.08921795189548053	0.5650743098975667	-0.2451286496428307	-0.6205434862072071	-0.08432455219734351	-0.280635011430573	2.4444579856648287	0.0	0.0	0.0	2.666850748782305	0.0	mel4_rep2	mel4
12x14	12.0	14.0	7455	3143	3.8724476477890133	0.3767726562141963	-0.08687687253528806	1.2246915436101768	-0.48516986311754323	-1.2209549513799303	0.28165461228632654	0.47036874222341984	2.0421170844928955	0.0	0.0	0.0	2.462239427142325	0.0	mel4_rep2	mel4
12x15	12.0	15.0	10570	3703	4.024074987307427	0.6402031806487372	-0.2268205278956707	-0.24699293484481008	-0.40647473275572954	0.14777715066110422	0.33053418445778227	-0.6491085219003528	2.148103232504711	0.0	0.0	0.0	2.943143513115809	0.0	mel4_rep2	mel4
12x16	12.0	16.0	8586	3381	3.93379088414342	-0.028341772765930806	-0.06744420818544777	-0.24699293484481008	0.24818330048847353	-1.3825273966768403	0.0434415598128491	-0.38300210180380634	2.5374095159435837	0.7722756393327788	0.7722756393327788	0.0	3.548925028738058	0.7722756393327788	mel4_rep2	mel4
12x17	12.0	17.0	9744	3767	3.9887372752888	0.12450339314047613	-0.23734896269533656	-0.24699293484481008	-0.5047516362539419	-0.4880956557603377	-0.17697651956468025	-0.26457185048144116	2.22030946179844	0.0	0.0	0.0	2.663160466335609	0.0	mel4_rep2	mel4
13x5	13.0	5.0	21935	5588	4.341137638740964	0.5021238289876077	-0.1032548884069649	-0.24699293484481008	-0.7055033210248967	-0.3344057776480651	0.26856023822477576	-0.0846226863426623	2.2198623288218156	0.3756190523953752	0.0	0.0	2.5535930132976454	0.0	mel4_rep2	mel4
13x6	13.0	6.0	13302	4318	4.1239169434981315	0.7618038546069038	-0.15656218386761644	-0.24699293484481008	-0.3925572079864332	-0.534781638387821	-0.06385934912125445	-0.014235553096784615	2.444495432244853	0.0	0.56062479393552	0.0	2.507686847436619	0.0	mel4_rep2	mel4
13x7	13.0	7.0	10073	3821	4.003158833950862	-0.16027297448451538	-0.08010478623770184	-0.24699293484481008	0.19922263724960967	0.21063243095469333	-0.29197652837820826	0.39890530426278625	2.0730801416383056	0.0	0.0	0.0	2.988823722991197	0.0	mel4_rep2	mel4
13x8	13.0	8.0	10643	4037	4.027064062151045	0.0685987360589904	-0.0906541136305812	-0.24699293484481008	-0.22173116896178027	0.46778692361858737	0.1960618181213346	0.7707001885275563	2.427933372265556	0.6624738798295453	0.0	0.0	2.2466772026699227	0.0	mel4_rep2	mel4
13x9	13.0	9.0	12348	4179	4.091596620810058	-0.07352593898257259	-0.02380085485145883	-0.24699293484481008	-0.3711663253023505	0.10037484125260476	0.028675519070732344	-0.44469226202322465	2.371940710472097	0.0	0.5932427249569894	0.0	2.012069943030165	0.0	mel4_rep2	mel4
13x10	13.0	10.0	9292	3666	3.9681092011281978	0.28046847797779395	-0.19824741349320074	-0.24699293484481008	0.19513648394189678	0.15550759567004022	-0.37991411942248876	1.0022465812680579	2.1439834259198016	0.0	0.7305366872985627	0.7305366872985627	2.009175644508532	0.0	mel4_rep2	mel4
13x11	13.0	11.0	10330	3827	4.014100321519621	-0.6091501180406956	0.004704686532583649	0.9242176914829144	-0.3333909956247566	0.1394572658766455	-0.41951966497097976	-0.6491085219003528	2.608944508631497	0.0	0.0	0.0	2.859736222587633	0.0	mel4_rep2	mel4
13x12	13.0	12.0	7445	3155	3.871864702088195	0.7058865423196842	-0.34907993478000393	-0.24699293484481008	-0.1893661349546773	-0.3641392985595135	0.04384826457745168	-0.6491085219003528	2.5717454501380153	0.0	0.0	0.0	2.203769784785671	0.0	mel4_rep2	mel4
13x13	13.0	13.0	10662	3890	4.027838678188945	0.2902607235355852	-0.34907993478000393	-0.24699293484481008	-0.619264044683896	-0.6684977425595221	0.06067463008999455	-0.18785847266278669	1.8912219276868971	0.0	0.0	0.0	2.245082351615749	0.6616102460266844	mel4_rep2	mel4
13x14	13.0	14.0	9838	3844	3.9929068182233127	0.17065400128538763	0.31930509343973884	0.6014378050086244	0.04450798013403185	-0.7166788075536421	-0.08199916408078092	0.2385279673835151	2.412754114617808	0.0	0.7013468519506538	0.0	2.5800350811409225	0.0	mel4_rep2	mel4
13x15	13.0	15.0	10186	3939	4.008003671840159	-0.10360922231301124	0.8249617672858994	1.7636211209075172	-0.18518378756908913	-0.2573873138996536	0.21573029003248936	-0.17617861634722606	2.0633347075810367	0.0	0.0	0.0	3.1178734492948132	0.0	mel4_rep2	mel4
13x16	13.0	16.0	8480	3481	3.9283958522567137	-0.28208523659880824	-0.20604077161931492	-0.24699293484481008	0.21957863821809837	-0.9725203224507721	0.2128699982237733	0.17628825071453091	2.225133365453296	0.0	0.0	0.0	2.989106598581854	0.0	mel4_rep2	mel4
13x17	13.0	17.0	8108	3353	3.9089137400209713	-0.5753956653447944	0.01063746230142003	-0.24699293484481008	-0.9516488681231456	-0.4231844783223288	-0.034209406663196745	-0.03556027954800185	2.265241255788497	0.0	0.0	0.0	2.493217684095937	0.0	mel4_rep2	mel4
14x5	14.0	5.0	11600	4017	4.064457989226918	-0.03472987065334612	-0.10656427829951576	-0.24699293484481008	-0.2978894415983847	-0.007594361556494104	0.06052070270775783	0.05491500327812735	2.7508013680548737	0.0	0.0	0.0	2.3497318714197477	0.0	mel4_rep2	mel4
14x6	14.0	6.0	15670	4749	4.19506899646859	0.31126802663550757	-0.25844773426122	-0.24699293484481008	-0.8036683929318347	0.1967310802257918	-0.19522621103411877	1.3068931136904818	2.4722228480514503	0.0	0.0	0.0	2.2959903256798286	0.4935749385151196	mel4_rep2	mel4
14x7	14.0	7.0	8942	3439	3.951434665532013	0.8764183082870134	-0.34907993478000393	-0.24699293484481008	-0.5112101101396824	-0.19032114772443173	-0.38605895599162127	-0.14213134532460797	2.297225194087866	0.0	0.0	0.0	2.9963024531760145	0.0	mel4_rep2	mel4
14x8	14.0	8.0	11873	4157	4.074560467802895	0.2659206006507698	0.11822133446950539	-0.24699293484481008	-0.5923836584110426	-0.695931114218896	-0.3106332088030786	-0.028656213383099295	2.407572423554895	0.0	0.6109860848087477	0.0	2.4806653765363498	0.0	mel4_rep2	mel4
14x9	14.0	9.0	10842	3980	4.035109402944576	0.007110097455499105	-0.22907381518541292	-0.24699293484481008	0.666697517367261	0.32644920452883935	-0.07032760296167734	-0.2888732373375741	2.0090691516188497	0.0	0.0	0.0	2.4905630075605165	0.0	mel4_rep2	mel4
14x10	14.0	10.0	13012	4396	4.114344054609816	-0.3903149138045275	-0.20178208580296889	0.4427193430767417	0.11275603048812337	0.08095500263152995	-0.21924029019980387	0.27547792195347487	1.9668565084762695	0.0	0.0	0.5701438103899419	2.527951809117767	0.0	mel4_rep2	mel4
14x11	14.0	11.0	10417	3973	4.017742664161498	-0.15297264454870568	-0.22551406222233572	1.7311495014247784	0.7215282572488003	0.4121326640420187	-0.26709190749427364	0.5717946368563964	2.905777317083507	0.0	0.0	0.0	2.2658924286310085	0.0	mel4_rep2	mel4
14x12	14.0	12.0	10213	3926	4.009153331907709	0.08923472688157423	-0.24107229408023906	-0.24699293484481008	0.004306705944168119	-0.040885842859918496	0.3402296365292936	0.07423496769018846	2.378753438497377	0.0	0.0	0.0	2.8133891753550073	0.0	mel4_rep2	mel4
14x13	14.0	13.0	8664	3482	3.937718443617264	-0.3206836614847209	0.21765837556743747	-0.24699293484481008	0.38648327183112585	0.27502067220223536	-0.41437683928920355	-0.04448602013108545	2.617119460322622	0.0	0.0	0.0	2.8425122162726604	0.0	mel4_rep2	mel4
14x14	14.0	14.0	8818	3578	3.9453700944903036	-0.6662705457700218	0.5074837228300304	1.0642924133399856	0.5797795724854452	0.10401812403706767	-0.24844824915769312	-0.24106175065011787	2.054670251691916	0.0	0.758018771648828	0.0	2.6816054685229638	0.0	mel4_rep2	mel4
14x15	14.0	15.0	7816	3201	3.892984550710717	0.0995328683505735	0.6288747876946328	2.1750152455006564	-0.4166459284200057	-0.7172859979622728	-0.32100058379864227	-0.025019699549428998	2.1606252405656226	0.0	0.8239240152145849	0.0	2.6242531557263766	0.0	mel4_rep2	mel4
14x16	14.0	16.0	11568	4114	4.063258279950456	-0.4344072052769162	0.21393538861290945	-0.24699293484481008	-0.5586273440951484	0.5230243922841836	-0.4768640176021698	-0.2036775814160518	2.266391605062246	0.0	0.0	0.0	2.7533875737699773	0.0	mel4_rep2	mel4
14x17	14.0	17.0	4547	2248	3.6577249542051082	-0.029258282700867094	-0.34907993478000393	-0.24699293484481008	-0.08216141023344695	-1.273240994045253	-0.7594908466218193	-0.24839704821334077	2.2820771367391606	0.0	0.0	0.0	2.9228399179088806	0.0	mel4_rep2	mel4
15x6	15.0	6.0	9639	3733	3.9840319802711806	-0.1290893889905203	0.20372056248486953	-0.24699293484481008	0.28595035040429967	0.06613726353494369	-0.445341945057741	0.985233209248354	2.335736285411718	0.0	0.0	0.0	3.2133162554791306	0.0	mel4_rep2	mel4
15x7	15.0	7.0	14489	4692	4.161038412422962	-0.07697027621262101	0.09031993796065069	-0.24699293484481008	0.17124684868650789	0.9740918091195648	-0.3158120461255377	-0.19268212546216085	1.6372617226387343	0.0	0.8672506917785542	0.0	2.2280926704721664	0.5248342962987435	mel4_rep2	mel4
15x8	15.0	8.0	9846	3724	3.993259831436737	-0.2047376635049646	0.4086797734812602	0.6009422352847374	0.4587798205955337	0.8215399158793697	-0.194827621800264	0.4619904767258996	2.4991423039352765	0.0	0.7009371941560408	0.0	2.2110318122603934	0.0	mel4_rep2	mel4
15x9	15.0	9.0	12288	4298	4.089481202687437	-0.6969816165941372	-0.04421102764455188	-0.24699293484481008	0.7299757522678327	0.2604989675151709	-0.32476268663144986	-0.018202792785056054	2.517150288533384	0.5954252406321335	0.5954252406321335	0.0	2.0162909458171128	0.0	mel4_rep2	mel4
15x10	15.0	10.0	12032	4070	4.080337823247567	-0.1276035552958058	0.38982469589850655	0.9375197247851704	0.2380638062664214	-0.05913733712075534	-0.2337851091194719	0.2585057952849175	2.2312147775647713	0.0	0.0	0.0	2.536521257797027	0.0	mel4_rep2	mel4
15x11	15.0	11.0	9622	3673	3.9832653525665456	0.3014200537995298	0.11728283544417943	-0.24699293484481008	-0.44263492132394483	-0.018780076314357446	0.1003940492229985	-0.08387481936314893	2.337330880456251	0.0	0.0	0.0	2.2315486822789485	0.0	mel4_rep2	mel4
15x12	15.0	12.0	12097	4251	4.082677680648112	-0.45794991120879164	0.31272635303867946	-0.24699293484481008	-0.06187459023245924	0.4880419043921152	-0.4361628611375057	-0.4415078294847593	2.31185832281253	0.0	0.6024843647252567	0.0	2.815790292185123	0.0	mel4_rep2	mel4
15x13	15.0	13.0	13626	4553	4.134368384603379	-0.6370523239302632	0.19947063047503796	0.8457678328205205	0.7805358306462786	1.229270247397965	-0.13936859307260585	-0.45946577143887835	2.4225413448707376	0.0	0.0	0.0	3.1980408727460143	0.0	mel4_rep2	mel4
15x14	15.0	14.0	6818	2970	3.833656996892872	-0.5003013180588022	0.27180530532664404	-0.24699293484481008	-0.24596709524117236	0.331809470669753	-0.5157713568905501	-0.17721141530046947	2.282406331606617	0.0	0.0	0.0	2.282406331606617	0.0	mel4_rep2	mel4
15x15	15.0	15.0	10201	3750	4.008642747565285	-0.27640415764123527	0.3657898426646939	-0.24699293484481008	0.44797118658417306	0.6790344788696127	-0.7789997133402632	-0.41367931515640144	2.871587139848025	0.0	0.0	0.0	2.466679586833673	0.0	mel4_rep2	mel4
15x16	15.0	16.0	11271	4035	4.051962449783047	0.02460092424580624	0.5693535302048789	-0.24699293484481008	0.21552613957214514	0.30480737370973476	0.45615225453701647	-0.12711542910086182	2.1955670366281717	0.0	0.0	0.0	2.831458215340263	0.0	mel4_rep2	mel4
16x5	16.0	5.0	9860	3676	3.993876914941211	-0.07690625708673667	0.12697423272006886	-0.24699293484481008	0.07717477759167146	-0.18523713621719798	-0.042134159425023854	0.4610337632239257	2.7212153563216206	0.0	1.1080336234965003	0.0	2.2097667350274697	0.0	mel4_rep2	mel4
16x6	16.0	6.0	11875	4161	4.074633618296904	0.3133315669225737	0.23543161226785733	0.8098095596114269	0.3284320573791525	0.9405443378414639	0.34561534432559465	0.221951223255111	2.149311221640322	0.0	0.0	0.0	2.728884288005052	0.0	mel4_rep2	mel4
16x7	16.0	7.0	14657	4607	4.166045087851225	-0.07883688209604482	0.7508207891487323	-0.24699293484481008	-0.32312302980363683	0.26127638530699976	-0.2990051080807041	-0.35257409735757106	2.2894473858780597	0.0	0.8605816883894357	0.0	2.6841233683212513	0.0	mel4_rep2	mel4
16x8	16.0	8.0	9752	3777	3.9890936926103255	-0.16235747455961713	0.1258327909533907	0.606803511363478	0.8161907467984754	0.42692018142592403	0.07156940068962997	-0.40591398411467094	1.9674737019465436	0.0	0.0	0.0	2.662397031023958	0.705782359863908	mel4_rep2	mel4
16x9	16.0	9.0	8824	3462	3.9456654994321343	-0.3809387763511608	-0.22920731834705213	-0.24699293484481008	-0.2176333783944627	0.637114085118263	-0.49253384023144925	0.30051129200872156	2.512256616379928	0.0	0.0	0.0	2.8252891177644854	0.75765736947386	mel4_rep2	mel4
16x10	16.0	10.0	11184	4119	4.0485971584016065	-0.8302881917307047	0.3013044792172347	-0.24699293484481008	1.4737030774977085	1.2818006656891405	-0.3418600975595067	-0.42900748681662043	2.535579818699528	0.6387619942631433	0.6387619942631433	0.0	2.462116732362367	0.0	mel4_rep2	mel4
16x11	16.0	11.0	11055	3987	4.043558746914733	-0.4268935212673994	0.09688722080891903	-0.24699293484481008	0.6680331522736083	1.6274198778399003	-0.06166375505643355	-0.19701662641613996	2.6788631072447986	0.0	0.0	0.0	2.614761194597404	0.0	mel4_rep2	mel4
16x12	16.0	12.0	12138	4200	4.084147133154448	-0.9283099822722131	0.005604485134338102	0.7925893828475834	0.547458256042978	0.862532445077528	-0.17507980901937872	0.01729025288154363	2.129983812646825	0.0	0.0	0.0	2.5921067970507017	0.0	mel4_rep2	mel4
16x13	16.0	13.0	9752	3685	3.9890936926103255	-0.24002931157411472	0.21548284875435864	-0.24699293484481008	0.6156718749089343	0.29801609851126204	-0.4234947083141105	-0.08759755607050415	2.420750882844893	0.0	0.0	0.705782359863908	2.662397031023958	0.0	mel4_rep2	mel4
16x14	16.0	14.0	8004	3265	3.903307079964174	0.31610344227930387	-0.1191081565083249	-0.24699293484481008	-0.0893746460332799	-0.4296092718110603	-0.5046043797003447	-0.031857596964460375	1.791342924047708	0.0	1.2524059403934642	0.0	2.847341253522892	0.0	mel4_rep2	mel4
16x15	16.0	15.0	10184	3847	4.007918390645599	-0.03389486399702971	0.023961632949886832	-0.24699293484481008	0.3769020541794924	0.8985418671384474	-0.33135518101550043	0.12556118317157844	2.3813338343599253	0.0	0.0	0.0	2.8731606897439717	0.0	mel4_rep2	mel4
16x16	16.0	16.0	7245	3126	3.8600383898071935	-0.5689765043006676	0.15828372858541007	-0.24699293484481008	1.1631916301520093	1.2074802825501505	-0.3572383339505293	-0.3502899197409355	2.2280310905028666	0.0	0.8672106706161585	0.0	2.941456074080915	0.0	mel4_rep2	mel4
17x6	17.0	6.0	8423	3470	3.925466800691538	0.03620325738163502	-0.18749101655925837	-0.24699293484481008	-0.5133105135615604	0.6323762566742798	-0.05015536176473283	-0.1261513290832481	2.4583084572494798	0.0	0.7826338246821452	0.0	2.3511660574646407	0.7826338246821452	mel4_rep2	mel4
17x7	17.0	7.0	14102	4682	4.149280710341023	0.5152645966719862	-0.16586179155633887	-0.24699293484481008	-0.2899542729399007	-0.02839037365376999	-0.36485042756397407	0.5049010242512627	2.25228407312267	0.0	0.0	0.0	2.5133247030620876	0.5359781933083513	mel4_rep2	mel4
17x8	17.0	8.0	8482	3418	3.9284982681236906	-0.24625072994877792	-0.157430216387284	-0.24699293484481008	0.1878822835241669	-0.07322253258447009	0.08759867334855408	-0.38073639583770713	2.6368147792508285	0.0	0.0	0.0	3.1527521448624016	0.0	mel4_rep2	mel4
17x9	17.0	9.0	11224	3983	4.050147658020303	0.1812396064127466	0.28872000957586424	-0.24699293484481008	0.023798622602507313	-0.14311803405470133	0.29384648260481694	-0.12599156711607334	1.8477754974712102	0.0	0.0	0.0	2.600707838507704	0.0	mel4_rep2	mel4
17x10	17.0	10.0	11657	4178	4.066586796470695	-0.7198255145355736	0.2303377000308428	-0.24699293484481008	0.32331159133032106	0.9461013110158863	-0.31739898218649504	0.036194860453599716	2.34529875176541	0.0	0.0	0.0	3.1111276278190467	0.9990524352345591	mel4_rep2	mel4
17x11	17.0	11.0	13571	4584	4.132611850495454	-0.16149492262393014	0.09531739513060146	-0.24699293484481008	0.9402688586012992	0.8240701665878533	-0.41572241673639554	0.4019253535484951	2.124493028907759	0.5520819797625607	0.5520819797625607	0.0	2.9277086996126958	0.0	mel4_rep2	mel4
17x12	17.0	12.0	8977	3646	3.953131225183445	-0.3318063998941112	-0.2116259978745476	-0.24699293484481008	0.03953258363123762	0.6610366857200012	-0.38173739837491144	-0.24532359986117697	2.0391073649214704	0.0	0.0	0.0	2.874093786894218	0.7485619687972903	mel4_rep2	mel4
17x13	17.0	13.0	11448	4132	4.05872962075172	-0.3648034437873103	0.5975833202435255	-0.24699293484481008	0.8038875912132034	1.3603338234167193	-0.3178516721805369	-0.43277907270188665	2.361671145376264	0.0	0.0	0.0	2.8168011890227884	0.6278163586795084	mel4_rep2	mel4
17x14	17.0	14.0	10154	3645	4.006637159068586	-0.9254413424600205	0.29862693963673725	0.5823100261101186	0.13585913233016417	1.4151811022950922	-0.3008532860908177	-0.1753689018086211	2.1836516026334043	0.0	0.0	0.0	2.6248741015274026	0.6855350633330081	mel4_rep2	mel4
17x15	17.0	15.0	8806	3557	3.944778681123507	-0.5371543316486789	0.2491375790772555	1.8031810210252874	0.5006512383863374	1.1389080968170124	-0.9138357226776005	-0.6491085219003528	2.3110209079495445	0.0	0.0	0.7587426605213231	2.5141331726265608	0.0	mel4_rep2	mel4
17x16	17.0	16.0	10133	3896	4.005738042651425	-1.4338545309829231	0.2543671561794136	-0.24699293484481008	0.8379960523181946	2.055791442749993	-0.15303423312707923	0.8834378014335534	2.290701877855342	0.0	0.0	0.0	2.290701877855342	0.0	mel4_rep2	mel4
18x6	18.0	6.0	7023	2975	3.846522668416287	0.14648529661979526	-0.00634253258217026	-0.24699293484481008	-0.3349313943310959	-0.6758715977609434	-0.3568045424396634	-0.34403099336715554	1.3474978780594264	0.0	0.0	0.0	2.516981974354779	0.0	mel4_rep2	mel4
18x7	18.0	7.0	10738	3763	4.030923399627219	0.6541683553372332	0.39333704263881203	-0.24699293484481008	-0.3243540302686517	-1.4168006965504227	-0.13083383426828057	1.0099707526256108	2.0174204922481564	0.0	0.6581789141357086	0.6581789141357086	2.33337819890988	0.0	mel4_rep2	mel4
18x8	18.0	8.0	12301	4153	4.089940418498634	0.2324699441311343	-0.2262415407704394	-0.24699293484481008	-0.564227705895458	-0.368673410719435	-0.19492868121684806	-0.15039394684999774	2.579772076044368	0.0	0.9654176296150417	0.0	2.579772076044368	0.5949509606233331	mel4_rep2	mel4
18x9	18.0	9.0	12899	4492	4.110556042755381	0.2389059989877867	0.13175769507839805	0.4473158321874773	0.43772976355371424	0.3322098137262506	-0.2343340817861703	0.5360808534901287	2.4049882980277073	0.0	0.0	0.0	3.1226780507103435	0.0	mel4_rep2	mel4
18x10	18.0	10.0	14421	4603	4.158995376848309	0.610185286128917	-0.006663969811398705	-0.24699293484481008	-0.1864795090204992	-0.4707759551200568	-0.03293785575659659	0.18514790389957675	2.232291188303356	0.0	0.5267579403051452	0.5267579403051452	2.492786439489938	0.0	mel4_rep2	mel4
18x11	18.0	11.0	9342	3454	3.970439862951764	0.3951229067540163	-0.34907993478000393	-0.24699293484481008	-0.4406643901475909	-0.974277687991381	0.618374190148521	-0.2547432602018952	2.2579513399825606	0.0	0.7277585352148552	0.0	2.4599602227872355	0.7277585352148552	mel4_rep2	mel4
18x12	18.0	12.0	7774	3134	3.8906445362952478	0.10350980531238564	-0.19723172892374796	-0.24699293484481008	-0.3111105382093595	-0.3691063168335038	0.15749461935477524	-0.21035658956643916	2.3030223526689526	0.0	0.0	0.0	2.717982701353735	0.0	mel4_rep2	mel4
18x13	18.0	13.0	6553	2881	3.816440167956139	0.3509562789503714	-0.34907993478000393	-0.24699293484481008	-0.18092282700362924	0.5105593412806337	-0.6974835682346902	-0.6491085219003528	2.3180756626557923	0.9266443942206686	0.0	0.0	1.3992197755974896	0.0	mel4_rep2	mel4
18x14	18.0	14.0	9693	3773	3.9864582127373063	-0.6498423677751928	-0.34907993478000393	-0.24699293484481008	0.9023394700273106	0.9420896676785743	-0.06723622799573853	-0.2588085485573227	2.224988752605039	0.0	0.7088592671395884	0.7088592671395884	3.1208271417430065	0.0	mel4_rep2	mel4
18x15	18.0	15.0	8485	3475	3.9286518466536946	-0.8179762525468965	0.3390098261705277	-0.24699293484481008	0.11302444056455228	1.3094193255364865	-0.4323537683009937	0.23267551044371207	2.088314844500595	0.0	0.7786596937024055	0.7786596937024055	3.152413631835115	0.0	mel4_rep2	mel4
18x16	18.0	16.0	8070	3338	3.90687353472207	-0.8009935444930825	-0.34907993478000393	-0.24699293484481008	0.7442958534179901	1.342586939359485	-0.4138212211391833	0.776842318006829	0.8060996223222797	0.0	1.2465479080919337	0.0	3.1486607516721294	0.0	mel4_rep2	mel4
19x5	19.0	5.0	7453	3112	3.8723311212302507	0.23965926517662478	-0.34907993478000393	-0.24699293484481008	0.107637760453153	0.29903416898666385	0.3434451947326191	-0.1998321442879579	2.0423505863529754	0.0	1.303858815701794	0.0	2.984892845034713	0.8508949177431429	mel4_rep2	mel4
19x6	19.0	6.0	8923	3498	3.9505108929859967	0.3074723942012086	-0.34907993478000393	-0.24699293484481008	-0.24468359435534023	-0.272833472032769	-0.34883655042461736	-0.14156657383444365	2.299138613800494	0.0	0.0	1.1760049134323385	2.94081077687636	0.7517459005038989	mel4_rep2	mel4
19x7	19.0	7.0	10195	3843	4.008387230114159	0.30837354082286395	-0.09717624181165532	-0.24699293484481008	-0.4965568268111418	-0.5107571016127767	-0.574964222383779	1.224935624217837	2.8721421938150296	0.0	0.0	0.0	2.467218019871725	0.0	mel4_rep2	mel4
19x8	19.0	8.0	10217	3774	4.009323393381013	-0.21384960562564828	0.34927252171368806	0.5786031790842977	0.16421854319674958	0.10757372160175487	-0.5322854474508043	-0.4139465389519453	2.283284835329375	0.0	0.6824708350229031	0.6824708350229031	2.545149289998251	0.0	mel4_rep2	mel4
19x9	19.0	9.0	10381	3761	4.016239191042639	0.4245347908961826	-0.34907993478000393	-0.24699293484481008	-0.6064742891129101	-0.7989969061605056	-0.05659276028595121	-0.41664970895193426	1.579636907662851	0.0	0.674625882093134	0.674625882093134	2.046800617638257	0.0	mel4_rep2	mel4
19x10	19.0	10.0	13529	4363	4.131265696780032	0.3593901522845664	-0.34907993478000393	-0.24699293484481008	-0.5737618307499333	-0.5694009980056199	0.06918468331730852	0.7021692984543476	2.492154815018462	0.0	0.5533981732774158	0.0	2.551509202772255	0.0	mel4_rep2	mel4
19x11	19.0	11.0	11548	3959	4.062506775208683	0.7271718488758642	-0.13052163100879693	0.5075927192084055	-0.17802594569605526	-0.5946887387835823	0.11322211404474372	-0.20793711739649218	2.432859542225305	0.0	0.0	0.0	2.070351163095404	0.0	mel4_rep2	mel4
19x12	19.0	12.0	9732	3641	3.988202100258781	0.48151914422648034	-0.34907993478000393	-0.24699293484481008	-0.38836658316545586	-0.021292005259687507	-0.06338593936807031	-0.25993013146385635	1.9692398979596928	0.0	0.0	0.0	2.3270671634376137	0.0	mel4_rep2	mel4
19x13	19.0	13.0	9159	3587	3.9618480590183243	0.6265025670023494	-0.09048524182519706	-0.24699293484481008	-0.16816059625512786	0.09827509144473695	-0.5898789577061658	0.37922714566071236	2.275684290242085	0.0	0.0	0.0	3.2623916002818905	0.0	mel4_rep2	mel4
19x14	19.0	14.0	7752	3320	3.889413764042709	-0.42313473011533564	-0.09371714745314676	-0.24699293484481008	0.5950411938142636	0.6706244330005567	-0.14872258851051753	-0.056685529178100325	2.426563779520568	0.0	0.0	0.0	3.2390628457881796	0.0	mel4_rep2	mel4
19x15	19.0	15.0	19607	5529	4.292411148837825	-0.37683947271401874	0.6513406175312902	0.25156040909758887	0.8443342687528617	1.354355816948911	-0.1960306926325224	0.44083915372196847	2.3204637880694166	0.4121241745246951	0.4121241745246951	0.0	2.9892518934194787	0.4121241745246951	mel4_rep2	mel4
19x16	19.0	16.0	7278	3136	3.8620120512502165	-0.3432570639128653	-0.05353365592722375	-0.24699293484481008	-0.16736988680252265	1.1468926991662252	-0.35565839704169555	0.5319554323237208	2.3625532104622193	0.0	0.0	0.0	3.007465858066334	0.8645779167467244	mel4_rep2	mel4
20x4	20.0	4.0	8101	3249	3.9085386321719593	0.6393305811927287	-0.20144997752775928	-0.24699293484481008	-0.4363365129088968	-0.6767432051523764	-0.06722112062497744	0.18284271856322895	2.679552679719622	0.0	0.8039796745160617	0.0	2.591078464447823	0.0	mel4_rep2	mel4
20x5	20.0	5.0	9024	3352	3.955399086639267	0.36892778803277715	-0.34907993478000393	-0.24699293484481008	-0.047142771343831616	0.06607688756970982	0.16259229157098362	-0.24656450943931613	2.660110738813091	0.0	1.168235379177023	0.745813645192723	2.3954745502413024	0.0	mel4_rep2	mel4
20x6	20.0	6.0	5891	2585	3.7701890227359933	-0.32450312861167585	-0.34907993478000393	-0.24699293484481008	-0.4672054083889555	-0.35425072391032936	-0.6239119290139346	-0.6491085219003528	2.7897863671877845	0.0	0.0	0.0	2.5558723377561177	0.0	mel4_rep2	mel4
20x7	20.0	7.0	10458	3904	4.019448637493637	-0.1961727170454389	-0.1197037853253427	-0.24699293484481008	0.411011613599539	-0.19405554572174033	-0.0890508583363099	-0.04843848553326191	2.2623724939365224	0.0	0.0	0.0	2.9020644620522504	0.0	mel4_rep2	mel4
20x8	20.0	8.0	11352	3955	4.055072382449418	0.27167682103152635	-0.21864340908318905	-0.24699293484481008	0.21442216726499622	-0.4658749968414822	-0.05291283000841219	0.5465174958475048	2.3693014734316296	0.0	0.0	0.6317514722444816	2.771045954208483	0.0	mel4_rep2	mel4
20x9	20.0	9.0	13563	4412	4.132355761753956	0.2662094732062269	0.11371892155232571	-0.24699293484481008	-0.6288011841018274	-0.5719651703648787	0.3147684802938754	0.18726646324657384	2.359428466266331	0.0	0.5523321881616585	0.0	2.359428466266331	0.0	mel4_rep2	mel4
20x10	20.0	10.0	14317	4523	4.155852024959267	0.48117317730747167	-0.17030974509326657	-0.24699293484481008	-0.17725842464840666	-0.6033088713591231	-0.12009740637975233	0.03087910187982131	2.3775612859059048	0.0	0.0	0.0	2.555209458955213	0.0	mel4_rep2	mel4
20x11	20.0	11.0	8894	3503	3.9490971251129157	0.43935542261598487	-0.22987021470102487	-0.24699293484481008	-0.8099430158729438	-0.3764493421260928	0.20922956979943239	0.7104899995685567	2.592855447761362	0.0	0.7534675192584379	0.0	2.504998039913814	0.0	mel4_rep2	mel4
20x12	20.0	12.0	11743	4169	4.0697790608815145	-0.1587627379326118	-0.2218884525028614	-0.24699293484481008	0.857148759198945	0.6837113822833171	-0.3417991346321126	-0.30645859437643475	2.2529442733277496	0.0	0.0	0.0	2.6827418549748097	0.0	mel4_rep2	mel4
20x13	20.0	13.0	11615	4155	4.065019214136254	0.3484437836164731	-0.250814274669866	-0.24699293484481008	-0.6776369749503223	-0.28511189858344793	-0.02388805609696131	-0.20937530570320878	2.4275836279363348	0.0	0.0	0.6210901518972226	2.6329195973391255	0.0	mel4_rep2	mel4
20x14	20.0	14.0	9447	3660	3.975293915356206	0.1599194033042409	-0.34907993478000393	-0.24699293484481008	-0.08777859305149963	0.0585175434485333	-0.022084988998070706	0.8097452553285216	2.129392901885585	0.0	0.721995585735748	0.721995585735748	2.998412071239485	0.0	mel4_rep2	mel4
20x15	20.0	15.0	11138	4028	4.04680721355374	-0.4016308742058002	0.3540454755204886	0.5280840320270181	0.0572444819684995	0.5570463168015709	-0.47465051525315405	-0.29486320287038487	2.300409987201164	0.0	0.0	0.6407096834196787	2.465887518674775	0.0	mel4_rep2	mel4
21x3	21.0	3.0	12913	4309	4.111027151026175	0.6178399791160865	-0.12708405704673542	-0.24699293484481008	-0.2032551198752009	0.3272071692747129	0.31189969414152996	1.419627768899198	2.4040014976417288	0.0	0.935633160638949	0.0	1.731032393726445	0.0	mel4_rep2	mel4
21x4	21.0	4.0	9380	3504	3.9722028383790646	0.3302676520262542	-0.12542700811040694	-0.24699293484481008	-0.594577426959278	-0.489558820259217	0.031217935961364938	0.7376700296896006	2.0010188785234706	0.0	0.0	0.0	2.6241740475977062	0.0	mel4_rep2	mel4
21x5	21.0	5.0	9747	3644	3.988870966064645	0.644310507955286	-0.23737362854795455	-0.24699293484481008	-0.7429753223611494	-0.28307531748817155	0.8291177619893078	0.2239653854732738	2.6628740995445304	0.0	0.7060420357200996	0.0	2.7966317683835142	0.0	mel4_rep2	mel4
21x6	21.0	6.0	8979	3481	3.953227971559854	0.2779770881607135	-0.11840524257578704	-0.24699293484481008	0.12379903894505251	-0.24970718880576226	0.12735517947181005	-0.6491085219003528	2.174293476806401	0.0	0.0	0.0	2.4000191888829105	0.0	mel4_rep2	mel4
21x7	21.0	7.0	7836	3302	3.894094427322699	0.46416696746162805	-0.1980509666665094	-0.24699293484481008	0.06835837584184778	-0.03681862899511416	0.17032445261390794	-0.21232543670999404	2.621883054405647	0.0	0.0	0.0	2.9373750511679955	0.0	mel4_rep2	mel4
21x8	21.0	8.0	7036	3035	3.8473258307854237	0.12011083199817013	0.7010419848829446	-0.24699293484481008	-0.32837009118755894	0.7381002227672653	-0.2688592295816053	-0.1852667537206925	2.7221253995985877	0.0	0.0	0.0	2.9692038381564734	0.0	mel4_rep2	mel4
21x9	21.0	9.0	6001	2702	3.7782236267660965	0.3995912985475167	-0.34907993478000393	-0.24699293484481008	-0.22577514410714855	-0.7910544924906544	0.40476867745638	-0.1438904683313415	2.2334434257111937	0.0	0.0	0.0	2.5388203760871275	0.0	mel4_rep2	mel4
21x10	21.0	10.0	9456	3569	3.97570746353718	-0.15580790798717847	-0.06977778904887341	-0.24699293484481008	0.514349023809784	0.04279011486923775	0.41888120179201427	-0.2575864851849339	2.7603525744667503	0.0	0.0	0.0	2.7603525744667503	0.0	mel4_rep2	mel4
21x11	21.0	11.0	10230	3852	4.00987563371216	-0.18905250641298096	-0.34907993478000393	-0.24699293484481008	0.12404814144842177	0.22640522706853852	-0.260903387322496	-0.2757586278386016	2.8689092330411787	0.0	0.0	0.0	2.9229092864165147	0.0	mel4_rep2	mel4
21x12	21.0	12.0	9153	3579	3.9615634623620695	-0.14316823721453453	-0.2134960800405004	-0.24699293484481008	-0.7709409869342254	-0.3529610224727715	-0.23031347636927205	0.7383666702830055	2.382582417291505	0.0	0.0	0.0	2.855784309289174	0.0	mel4_rep2	mel4
21x13	21.0	13.0	9138	3654	3.960851153719686	-0.5629530581303928	0.09882324197733618	-0.24699293484481008	0.91191089769739	0.4422018965384323	0.18102790582343195	0.2591520166749667	2.4801715933620554	0.0	0.0	0.0	2.8573302071787525	0.0	mel4_rep2	mel4
21x14	21.0	14.0	8988	3529	3.9536630637470913	0.12690233066973347	-0.2117444578306564	-0.24699293484481008	-0.10004698923668746	-0.1018894188379747	0.26493092464364637	-0.3913955184339951	2.292611174857804	0.0	0.0	0.0	2.9339373521617915	0.0	mel4_rep2	mel4
21x15	21.0	15.0	9110	3626	3.9595183769729982	0.30715707261046415	0.1040935765318932	-0.24699293484481008	0.7731740435722033	-0.08359267618790002	-0.2238154371622362	-0.3938343469568144	2.026326726831436	0.0	0.7408390469803147	0.0	3.180201175547722	0.0	mel4_rep2	mel4
22x3	22.0	3.0	9998	3761	3.9999131324165713	-0.28138201504175225	-0.20594650397541286	-0.24699293484481008	-0.6855424483320267	0.40399164790514047	0.3171064000242192	0.22517261007881464	2.197402374869747	0.0	0.0	0.0	2.833401599283796	0.0	mel4_rep2	mel4
22x4	22.0	4.0	19556	5463	4.291280028591798	0.15308995880157716	0.09353433535813559	-0.24699293484481008	-0.2064527396391511	0.46798381881476026	0.094292636304698	0.2700375546364691	2.546401194188084	0.0	0.41300462421000206	0.0	2.7618568680362814	0.0	mel4_rep2	mel4
22x5	22.0	5.0	9888	3677	3.9951084577447404	0.021693265490827753	-0.23852027482261115	-0.24699293484481008	-0.2167120941942591	0.9045832165399831	0.08793849126619137	-0.09142911302206938	2.312727657604053	0.0	0.0	0.0	2.6495202017232002	0.0	mel4_rep2	mel4
22x6	22.0	6.0	6955	2985	3.8422971343280654	0.3461853728985678	-0.16509580884978392	-0.24699293484481008	-0.4082709121079242	0.10104970665573824	-0.20373761129515167	-0.1823108224618922	2.634786127959175	0.0	0.0	0.0	2.4037600100565113	0.0	mel4_rep2	mel4
22x7	22.0	7.0	8057	3305	3.9061733636440485	-0.17626731799002707	0.05138045157723661	-0.24699293484481008	0.22473676325279895	0.2508089036128421	0.6896380109327014	-0.6491085219003528	2.133804310552163	0.0	0.0	0.0	3.037761928778103	0.0	mel4_rep2	mel4
22x8	22.0	8.0	8214	3337	3.914554698517634	0.11205830504471101	-0.34907993478000393	-0.24699293484481008	-0.20210815448260525	0.5606888236163553	-0.10212110591236533	0.06376639172518542	2.8229631931286576	0.0	0.79635051361126	0.0	2.5782707325263323	0.0	mel4_rep2	mel4
22x9	22.0	9.0	12264	4280	4.088632141846319	-0.1371799874738838	0.03854331938352176	-0.24699293484481008	0.17278735363833878	0.520069822150343	-0.02315697400183272	-0.443637810000879	2.51894771481597	0.0	0.0	0.0	2.51894771481597	0.0	mel4_rep2	mel4
22x10	22.0	10.0	9678	3647	3.985785617772605	-0.27428156107627316	0.66460547394625	-0.24699293484481008	-0.47123736515254927	1.1548131632311394	-0.3013929086302833	-0.16293415414889795	2.5951991863587094	0.0	0.0	0.0	2.5149495344854595	0.0	mel4_rep2	mel4
22x11	22.0	11.0	7597	3179	3.8806421264042847	0.10477597087282027	-0.06194388734767875	-0.24699293484481008	0.21342363967224146	-0.06266790813224399	-0.4363676495309854	0.7034119942098941	2.553093322720631	0.0	0.0	0.0	2.4449933182594914	0.0	mel4_rep2	mel4
22x12	22.0	12.0	11613	4207	4.064944426038617	-0.5264761982808857	0.051372134069424355	-0.24699293484481008	0.15065757272999855	0.27646417388589456	-0.3486027992211746	0.5497297971138903	2.26291237035465	0.6211698252381606	0.6211698252381606	0.0	2.26291237035465	0.6211698252381606	mel4_rep2	mel4
22x13	22.0	13.0	10796	4021	4.033262875884479	0.3116011367920774	-0.34907993478000393	-0.24699293484481008	-0.5044718966271535	-1.2890481653620462	-0.16565321527501775	0.18082999263187055	1.7283483021784565	0.0	0.0	0.0	2.9231137721446787	0.0	mel4_rep2	mel4
22x14	22.0	14.0	7815	3233	3.8929289823552056	-0.006171821866933596	-0.048582736715419975	-0.24699293484481008	0.3769662667450654	-0.048143222148758914	0.048065245135096364	0.48734636267574744	2.2982892507835335	0.8239958351843595	0.0	0.0	2.5270329756398353	0.0	mel4_rep2	mel4
22x15	22.0	15.0	15068	4969	4.17805561153123	-0.4071456776348315	0.7757581812767526	4.836474944679721	0.2013944174548096	0.17238061858281964	0.23316230122332193	-0.052692383976727084	2.452601180047964	0.0	0.0	0.5090188425326344	3.0402151987144848	0.8447157438965446	mel4_rep2	mel4
23x5	23.0	5.0	7926	3284	3.8990540679981707	0.13053393248561102	-0.2199602467469288	-0.24699293484481008	0.05453952104612236	0.7650099543634529	0.2580828223473341	0.42783040674835854	2.148270382555784	0.0	0.8161036781669266	0.0	2.6999088143322076	0.0	mel4_rep2	mel4
23x6	23.0	6.0	6882	2903	3.8377146682849115	0.34359319018923196	-0.34907993478000393	-0.24699293484481008	0.2547368798772444	-0.5910499308156404	0.1111242415223805	0.527371209618084	2.5356415688032015	0.0	0.0	0.8973386581862396	2.742816114812819	0.0	mel4_rep2	mel4
23x7	23.0	7.0	8274	3457	3.9177155165594932	-0.1336031375017987	0.6051763258806665	-0.24699293484481008	0.3557882836559963	0.9397719410029112	0.31019753782693466	-0.3760811259588845	2.741050533007106	0.792361216537209	0.0	0.0	2.4746414276890776	0.0	mel4_rep2	mel4
23x8	23.0	8.0	7400	3148	3.8692317197309762	-0.19397874351969038	-0.015555017360177389	-0.24699293484481008	0.3214804900889293	0.7269960239844441	0.18404772214931786	-0.19803891102912394	2.67508018186464	0.0	0.0	0.0	3.057310335773179	0.0	mel4_rep2	mel4
23x9	23.0	9.0	5696	2648	3.7555699806288	-0.195072052927305	-0.34907993478000393	-0.24699293484481008	0.3339043369236999	0.07506311071262127	-0.11335794527984744	-0.2998335248003234	2.2801441569594085	0.0	1.0136417287133326	0.0	2.2801441569594085	0.0	mel4_rep2	mel4
23x10	23.0	10.0	4691	2269	3.6712654329471586	0.30587702810182343	0.050912882900839736	-0.24699293484481008	-0.38323934159715317	1.4452808968012631	-0.3587592541986955	-0.6491085219003528	2.4560533827235997	0.0	0.0	0.0	2.7677138236062095	0.0	mel4_rep2	mel4
23x11	23.0	11.0	5374	2527	3.7302976620971497	-0.2592008747690567	-0.15607179088243478	-0.24699293484481008	0.43587102623539487	0.5574475386690292	-0.6444520693721927	0.4385661460587797	2.3325376593181955	0.0	0.0	0.0	2.6408898777677012	0.0	mel4_rep2	mel4
23x12	23.0	12.0	8470	3500	3.9278834103307068	-0.5177348652215584	0.03849339490693002	-0.24699293484481008	0.1600058986188318	0.3591343525075632	0.4095012665745585	-0.23137394209350895	2.638129255302705	0.0	0.0	0.0	2.929034792290754	0.0	mel4_rep2	mel4
23x13	23.0	13.0	9962	3842	3.9983465373963645	-0.7446850832785293	0.31558768273240023	3.094991295299488	0.2216984754949593	0.6681520009141998	-0.15749054366123155	-0.266410533229979	2.4883971713148116	0.0	0.0	0.0	3.139136223230903	0.0	mel4_rep2	mel4
23x14	23.0	14.0	6147	2631	3.7886632131208575	0.00556382980867429	0.32012858537432387	-0.24699293484481008	-0.5309662075628452	-0.6449206285521943	-0.6871261651508704	-0.3163288573491466	2.6400909814595632	0.0	0.0	0.0	2.5167015247111713	0.0	mel4_rep2	mel4
23x15	23.0	15.0	11063	3909	4.043872912391425	-0.0766363558398079	0.19409126084444595	-0.24699293484481008	0.532046539185471	0.5094908436990278	0.14026516318817217	-0.29336604769543656	2.1079453676219613	0.0	0.0	0.0	3.081452103064416	0.0	mel4_rep2	mel4
24x6	24.0	6.0	6726	3021	3.827756862978617	-0.2933675933089247	0.10379998987903834	-0.24699293484481008	-0.08793344972418146	1.43312833931157	0.04014290421117464	-0.17371428454418741	2.1322520461038548	0.0	1.3796562610407912	0.0	2.1322520461038548	0.0	mel4_rep2	mel4
24x7	24.0	7.0	8267	3346	3.917347937627772	0.010985423239190563	-0.2236433627049173	-0.24699293484481008	-0.49042351227760694	0.5189084826385385	0.10325929330531336	0.1712994059586798	2.1111548010272836	0.0	0.7928244670240081	0.0	3.226549224097711	0.7928244670240081	mel4_rep2	mel4
24x8	24.0	8.0	6278	2791	3.797821311364024	-0.5350031087339472	-0.17412978120365002	-0.24699293484481008	-0.19055364988243412	-0.43408376009815225	-0.5948046190744262	0.47992423456785804	2.193252236592286	0.0	0.0	0.0	2.8290068440787532	0.0	mel4_rep2	mel4
24x9	24.0	9.0	9271	3606	3.9671265810764127	-0.2709933962747037	-0.09895302207029662	-0.24699293484481008	-0.22566578079584465	0.1412159036335441	-0.30388607984354526	-0.15168260244088227	2.4669397865586524	0.0	0.0	0.0	3.067774458723912	0.0	mel4_rep2	mel4
24x10	24.0	10.0	5341	2447	3.727622577969137	0.08472645131615618	0.035702867009519995	-0.24699293484481008	-0.11394815418868978	0.10830918983791941	0.21152496296622436	-0.6491085219003528	1.8896308616813984	0.0	1.0551160815050031	0.0	2.7712420941681115	0.0	mel4_rep2	mel4
24x11	24.0	11.0	3998	2126	3.601842789782098	-0.3614183444984349	-0.34907993478000393	1.2689270663271064	-0.20721137512112328	0.8806186816450617	0.44937873050532423	0.24689008282178398	2.14050746327837	0.0	0.0	0.0	3.0449987529578446	1.2531202261891394	mel4_rep2	mel4
24x12	24.0	12.0	5784	2584	3.7622282842864743	-0.27034930803883067	0.22763741335237908	-0.24699293484481008	0.2551960297908675	-0.24088918591258254	-0.5425110444469711	0.24956113271904296	2.266391605062246	0.0	0.0	0.0	3.0794706653115114	0.0	mel4_rep2	mel4
24x13	24.0	13.0	9730	3771	3.988112840268352	-0.29261950361114925	0.2283394558307742	-0.24699293484481008	-0.10265896726038838	0.6365425804907973	0.01605325853651616	0.0999425770890109	2.1034320303164904	0.0	0.0	0.0	2.9162418285660294	0.0	mel4_rep2	mel4
24x14	24.0	14.0	6107	2829	3.7858279199958655	0.41706253505910573	0.05885135850171644	-0.24699293484481008	-0.379717927042829	-0.16341287108286504	0.10401169633208922	-0.31493395471929014	2.021529128052287	0.0	0.0	0.0	3.174903575756669	0.0	mel4_rep2	mel4
24x15	24.0	15.0	6274	2857	3.7975445143617264	0.5369023291868754	-0.0014807308031516248	-0.24699293484481008	-0.36407582732649907	-0.22424283194136252	0.4401967111928423	-0.15562085948680032	2.7307841829660515	0.0	0.0	0.0	2.497918010292716	0.0	mel4_rep2	mel4
25x6	25.0	6.0	3781	1962	3.5776066773625357	-0.28575306825630015	0.15542706670786355	-0.24699293484481008	-0.18829611697471874	0.3720785352728236	0.2554986340880495	-0.20346964701429116	2.4492114084051866	0.0	0.0	0.0	2.971112720976502	0.0	mel4_rep2	mel4
25x7	25.0	7.0	4964	2421	3.695831772826692	-0.13386521351364802	-0.17450010531756657	-0.24699293484481008	-0.5044169984005473	0.43676546589201104	-0.039654971538708644	-0.04155375560049972	2.404466558127167	0.0	0.0	0.0	3.302796208867524	1.103435449143539	mel4_rep2	mel4
25x8	25.0	8.0	7080	3006	3.850033257689769	0.34068596593609546	-0.20975054976267413	0.8183247352897022	0.26193913745537506	0.6886315588449322	-0.35243417057142806	-0.6491085219003528	2.24861202924938	0.0	0.0	0.0	2.9632907893007796	0.0	mel4_rep2	mel4
25x9	25.0	9.0	3840	2060	3.584331224367531	-0.2670786320147871	-0.34907993478000393	-0.24699293484481008	0.29513580377768606	1.0025463105239607	-1.2180117235413879	0.2676042962443151	1.8258924755975134	0.0	0.0	0.0	3.0834378539730967	0.0	mel4_rep2	mel4
25x10	25.0	10.0	5487	2545	3.7393349601960795	-0.671417053103019	0.3699148524885816	-0.24699293484481008	0.22082139436156054	0.03612805523115644	-0.08055015220142735	-0.6491085219003528	2.621578797922064	0.0	0.0	0.0	2.3137671010041934	0.0	mel4_rep2	mel4
25x11	25.0	11.0	3313	1760	3.52022143588196	-0.07000343522925595	-0.34907993478000393	-0.24699293484481008	0.013172726564526505	0.12122354312047466	-0.46253487743283367	0.7890366096502902	1.3908868781320214	0.0	0.0	0.0	2.950236555994609	0.0	mel4_rep2	mel4
25x12	25.0	12.0	9214	3709	3.9644482079166607	-0.4875290434753208	0.053879093421611964	-0.24699293484481008	0.5027969153023022	1.0633851031114567	-0.6641771585535111	0.5089879763795244	1.675454069352583	0.0	1.1539239799148935	0.0	3.2975878985968294	0.0	mel4_rep2	mel4
25x13	25.0	13.0	7118	3039	3.8523579836678272	0.0790019009676602	0.34373162331614665	-0.24699293484481008	-0.3522310186035092	-0.06239301941885252	-0.35340732724668805	0.5254010899104273	2.382709929268049	0.0	0.0	0.0	2.2438254772491684	0.0	mel4_rep2	mel4
25x14	25.0	14.0	5995	2674	3.7777891874348675	0.8052614503984236	-0.1938157705050947	-0.24699293484481008	-0.5461601310056341	-0.11761483904013821	0.13077149009129777	-0.6491085219003528	2.037606906449643	0.0	0.0	0.0	2.037606906449643	0.0	mel4_rep2	mel4
25x15	25.0	15.0	10729	3972	4.030559245291156	-0.3912966034816076	-0.22814823465086898	-0.24699293484481008	0.29554680872311145	0.2048326352753562	0.1302554682889968	-0.42217756169356735	2.2394833867216644	0.0	0.0	0.0	2.8779032167062972	0.0	mel4_rep2	mel4
26x8	26.0	8.0	8434	3480	3.9260335966788444	0.0629887410530149	-0.34907993478000393	1.5877491394322911	0.6527163783313006	0.15537073184074082	0.09218640950264424	-0.3796769619115342	2.553870537638847	0.0	0.0	0.0	2.7981225224284443	0.0	mel4_rep2	mel4
26x9	26.0	9.0	11556	4107	4.062807533172159	-0.16543105404207661	-0.0363493673058357	0.8315028980234339	-0.0688777857134618	0.8366544366538081	-0.12089167868977085	1.0181909455277898	2.1734055878719807	1.0045589626288545	0.0	0.0	2.6977049613147326	0.0	mel4_rep2	mel4
26x10	26.0	10.0	8069	3281	3.9068197154665456	0.04558903685752464	0.31992504580145326	1.1475853967696046	0.14536598281316823	0.5186886746996591	0.12489773705354906	-0.6491085219003528	2.2695634921662453	0.0	0.0	0.0	2.9750020876917955	0.0	mel4_rep2	mel4
26x11	26.0	11.0	5605	2580	3.748575616930992	-0.7376529564700774	0.35255675322818775	-0.24699293484481008	-0.30315141942502033	0.38470186414936564	-0.3648832189364248	-0.29628765069106733	2.096358303107998	0.0	0.0	0.0	3.3859463782079446	0.0	mel4_rep2	mel4
26x12	26.0	12.0	6177	2792	3.7907776013376937	0.05753910796036373	0.002021366990716196	-0.24699293484481008	-0.04753083620917531	-0.5524698674367458	-0.37942323072311696	-0.6491085219003528	2.51222686314646	0.0	0.0	0.0	2.745357527133381	0.0	mel4_rep2	mel4
26x13	26.0	13.0	6505	2928	3.813247300897605	0.07054374534917351	0.11796839440273327	-0.24699293484481008	-0.4097104401110315	-0.5168519658528247	-0.006101896780233187	-0.6491085219003528	2.587631103771017	0.0	0.0	0.9310922533406878	2.4647849862093083	0.0	mel4_rep2	mel4
26x14	26.0	14.0	7205	3064	3.857633985150008	-0.022261573362754423	-0.05153496101416756	-0.24699293484481008	-0.7310216170854239	-1.115394579339805	-0.16473710624109117	0.03666772701635153	2.3716889923213422	0.0	0.8704248097979583	0.0	2.789149308897466	0.0	mel4_rep2	mel4
27x9	27.0	9.0	7697	3174	3.8863214865594795	0.32461776135790305	-0.34907993478000393	-0.24699293484481008	0.5635347947306572	0.11610341220334586	-0.12086833052319722	0.09618432284892532	2.1742112232379593	0.0	0.8325644911368676	0.0	1.8240378602825014	0.0	mel4_rep2	mel4
27x10	27.0	10.0	10247	3733	4.010596736206526	-0.015086819598510524	-0.34907993478000393	-0.24699293484481008	0.13508432738020684	-0.6792764156324562	0.004628077973758678	-0.038706056457366154	2.6852956266762686	0.0	0.0	0.0	2.6852956266762686	0.0	mel4_rep2	mel4
27x11	27.0	11.0	8945	3515	3.951580344903392	-0.07580694343992964	-0.10662387581621774	0.6608330326745531	0.39860713299755046	0.2774358519609707	-0.276343851257944	0.3467749060003202	2.2969234842165505	0.0	0.0	0.0	2.2969234842165505	0.0	mel4_rep2	mel4
27x12	27.0	12.0	5708	2613	3.756483964442609	0.2051557087121117	0.30063159401544837	-0.24699293484481008	1.1805751766341	-0.7296069903113573	-0.49458722958263357	-0.6491085219003528	2.2782550635762555	0.0	0.0	0.0	2.8194331899168406	0.0	mel4_rep2	mel4
27x13	27.0	13.0	7636	3186	3.8828659197216293	0.10355076159479103	0.2698084880711933	-0.24699293484481008	-0.2760658553159682	0.2708352675539891	-0.2834567124090924	1.4262047181883681	2.4403179665624717	0.0	0.83706836163219	0.0	2.6458812583979943	0.0	mel4_rep2	mel4
27x14	27.0	14.0	10131	3789	4.005652315355074	0.37127390700119645	-0.22299252190345994	-0.24699293484481008	-0.3599916118202583	-0.45767046282276436	0.01046707064434243	0.2032925377947401	1.7809254854752767	0.0	0.686660885445151	0.686660885445151	2.4729827839424217	0.0	mel4_rep2	mel4
28x11	28.0	11.0	6677	2929	3.824581376233483	0.09567175814370343	-0.036173774732172106	-0.24699293484481008	0.10327210121980669	-0.972291269831175	-0.9067070690889665	-0.14510768676892302	2.4409330089056898	0.0	0.0	0.0	2.6727067402753732	0.0	mel4_rep2	mel4
28x12	28.0	12.0	11606	4141	4.0646825662285115	0.37379455095936476	-0.19057641953428428	-0.24699293484481008	-0.1481636041649646	0.05891152495154223	0.061711835660680815	-0.13496362665833367	2.3492641046516316	0.0	0.6214488481263766	0.0	2.854793091890682	0.0	mel4_rep2	mel4
28x13	28.0	13.0	6993	2944	3.8446635282402393	0.483144572186319	-0.34907993478000393	-0.24699293484481008	-0.2902586505297048	-0.2914627450590472	0.034764843721798284	-0.0142533512776577	3.1112915696453323	0.0	0.8878918458302387	0.0	3.1112915696453323	0.8878918458302387	mel4_rep2	mel4
