cell	sample	patient	response	therapy	nFeature	TPI1	Glyco
A10_P5_M15	Post_P1	P1	Responder	anti-PD1	2648	8.82	1.54436750272628
A11_P1_M15	Post_P1	P1	Responder	anti-PD1	3665	9.81	1.66769810977826
A12_P1_M15	Post_P1	P1	Responder	anti-PD1	1915	9.81	-0.746991094147585
A2_P2_M15	Post_P1	P1	Responder	anti-PD1	3189	7.91	2.90281079607415
A7_P1_M15	Post_P1	P1	Responder	anti-PD1	3159	8.27	0.776440385314425
B12_P2_M15	Post_P1	P1	Responder	anti-PD1	1887	0	1.46051435841512
B1_P4_M15	Post_P1	P1	Responder	anti-PD1	2871	8.39	1.29366503089786
B3_P3_M15	Post_P1	P1	Responder	anti-PD1	5369	10.63	1.97226735732461
B3_P6_M15	Post_P1	P1	Responder	anti-PD1	2091	0	1.17751817520901
B6_P1_M15	Post_P1	P1	Responder	anti-PD1	2756	0	2.03769538349691
B7_P1_M15	Post_P1	P1	Responder	anti-PD1	4736	10.15	1.06564249363868
B9_P2_M15	Post_P1	P1	Responder	anti-PD1	2450	8.58	2.23232824427481
C10_P2_M15	Post_P1	P1	Responder	anti-PD1	6106	9.76	2.3627308251545
C11_P5_M15	Post_P1	P1	Responder	anti-PD1	2061	9.32	1.53650763358779
C11_P6_M15	Post_P1	P1	Responder	anti-PD1	2247	8.82	1.3065258087968
C12_P1_M15	Post_P1	P1	Responder	anti-PD1	2350	0	-0.18723191566703
C12_P6_M15	Post_P1	P1	Responder	anti-PD1	2193	9.76	2.91931752090149
C2_P3_M15	Post_P1	P1	Responder	anti-PD1	4958	9.67	1.17361868411486
C5_P1_M15	Post_P1	P1	Responder	anti-PD1	3780	9.58	1.75729734641948
C5_P2_M15	Post_P1	P1	Responder	anti-PD1	2450	8.73	1.53453017084697
C5_P6_M15	Post_P1	P1	Responder	anti-PD1	2613	10.08	-0.214708287895315
C8_P6_M15	Post_P1	P1	Responder	anti-PD1	2127	9.47	0.994994547437295
C9_P5_M15	Post_P1	P1	Responder	anti-PD1	2695	9.64	3.28479825517994
D10_P1_M15	Post_P1	P1	Responder	anti-PD1	2798	10.53	2.98645310796074
D12_P5_M15	Post_P1	P1	Responder	anti-PD1	2388	8.91	-0.516653035259907
D3_P2_M15	Post_P1	P1	Responder	anti-PD1	2800	8.53	1.45704561977463
D3_P5_M15	Post_P1	P1	Responder	anti-PD1	2372	8.95	0.902829880043617
D6_P1_M15	Post_P1	P1	Responder	anti-PD1	1555	6.75	1.31450563431479
D6_P2_M15	Post_P1	P1	Responder	anti-PD1	2420	10.94	0.756626681206832
D6_P5_M15	Post_P1	P1	Responder	anti-PD1	2210	7.93	2.85346055979644
D8_P1_M15	Post_P1	P1	Responder	anti-PD1	3424	9.64	-0.100202653580513
E10_P1_M15	Post_P1	P1	Responder	anti-PD1	2084	10.78	1.75285986913849
E10_P5_M15	Post_P1	P1	Responder	anti-PD1	2135	6.55	0.446735732460922
E10_P6_M15	Post_P1	P1	Responder	anti-PD1	2640	0	-1.1273836786623
E11_P1_M15	Post_P1	P1	Responder	anti-PD1	1959	10.25	3.07575790621592
E11_P5_M15	Post_P1	P1	Responder	anti-PD1	2814	8.73	0.591725736095968
E11_P6_M15	Post_P1	P1	Responder	anti-PD1	2264	0	1.19866775717921
E12_P1_M15	Post_P1	P1	Responder	anti-PD1	2560	0	3.55247091966557
E12_P2_M15	Post_P1	P1	Responder	anti-PD1	2783	9.79	0.990534351145035
E12_P4_M15	Post_P1	P1	Responder	anti-PD1	2055	0	0.0412268266085074
E12_P6_M14	Post_P1	P1	Responder	anti-PD1	2366	8.87	2.33356961105052
E1_P5_M15	Post_P1	P1	Responder	anti-PD1	6211	11.19	2.02507633587787
E3_P1_M15	Post_P1	P1	Responder	anti-PD1	2546	10.86	2.497260087241
E8_P6_M15	Post_P1	P1	Responder	anti-PD1	2694	8.92	2.73438658669574
F10_P1_M15	Post_P1	P1	Responder	anti-PD1	2484	11.17	-0.424303889494727
F11_P5_M15	Post_P1	P1	Responder	anti-PD1	2398	9.29	1.55445837877135
F1_P1_M15	Post_P1	P1	Responder	anti-PD1	3949	10.1	3.03126045074518
F1_P2_M15	Post_P1	P1	Responder	anti-PD1	1674	0	-0.788642311886587
F4_P5_M15	Post_P1	P1	Responder	anti-PD1	1665	0	-0.583524173027988
F5_P1_M15	Post_P1	P1	Responder	anti-PD1	1525	9.4	1.21889040348964
F5_P5_M15	Post_P1	P1	Responder	anti-PD1	4168	9.12	1.43569883678662
F6_P3_M15	Post_P1	P1	Responder	anti-PD1	3906	10.25	2.49845874227553
F6_P6_M15	Post_P1	P1	Responder	anti-PD1	2221	9.21	3.01142857142857
F7_P6_M15	Post_P1	P1	Responder	anti-PD1	2038	9.55	0.848346055979641
G10_P1_M15	Post_P1	P1	Responder	anti-PD1	2028	10.07	0.327161032351872
G1_P2_M15	Post_P1	P1	Responder	anti-PD1	2186	8.02	2.87930752453653
G2_P1_M15	Post_P1	P1	Responder	anti-PD1	2738	10.52	3.09941021446746
G2_P2_M15	Post_P1	P1	Responder	anti-PD1	4517	10.46	3.77007088331516
G3_P3_M15	Post_P1	P1	Responder	anti-PD1	4605	9.54	1.65160941475827
G3_P5_M15	Post_P1	P1	Responder	anti-PD1	2064	9.2	1.75124136677572
G3_P6_M15	Post_P1	P1	Responder	anti-PD1	3179	4.12	1.35547619047619
G4_P1_M15	Post_P1	P1	Responder	anti-PD1	3429	9.95	0.924574700109044
G5_P1_M15	Post_P1	P1	Responder	anti-PD1	5833	10.24	2.75032079243911
G5_P6_M15	Post_P1	P1	Responder	anti-PD1	1648	9.91	-0.313426935659764
G6_P5_M15	Post_P1	P1	Responder	anti-PD1	3964	10.42	2.18187568157034
G8_P2_M15	Post_P1	P1	Responder	anti-PD1	2606	0	3.22561886586696
H10_P1_M15	Post_P1	P1	Responder	anti-PD1	1715	10.72	1.59169574700109
H10_P4_M15	Post_P1	P1	Responder	anti-PD1	4426	9.93	2.78597055616139
H11_P3_M15	Post_P1	P1	Responder	anti-PD1	2408	0	0.538447837150128
H12_P6_M14	Post_P1	P1	Responder	anti-PD1	2356	10.25	4.32270810614322
H2_P2_M15	Post_P1	P1	Responder	anti-PD1	3415	8.75	3.30758905852418
H4_P6_M15	Post_P1	P1	Responder	anti-PD1	6395	10.87	2.56695110868775
H7_P6_M15	Post_P1	P1	Responder	anti-PD1	1927	0	0.72096510359869
H8_P5_M15	Post_P1	P1	Responder	anti-PD1	3438	10.11	2.27672391857507
H9_P6_M15	Post_P1	P1	Responder	anti-PD1	1653	0	0.903366957470014
A10_P3_M55_L001	Post_P1_2	P1_2	Non-responder	anti-PD1	2040	9.33	-0.157932569974554
A11_P3_M55_L001	Post_P1_2	P1_2	Non-responder	anti-PD1	2603	10.43	2.45938113413304
A3_P1_M55_L001	Post_P1_2	P1_2	Non-responder	anti-PD1	3351	2.81	1.93062159214831
A3_P4_M55_L001	Post_P1_2	P1_2	Non-responder	anti-PD1	1805	9.68	2.9556143220647
A4_P1_M55_L001	Post_P1_2	P1_2	Non-responder	anti-PD1	3831	0	1.69401762995274
A4_P3_M55_L001	Post_P1_2	P1_2	Non-responder	anti-PD1	1878	10.34	2.8379225736096
A6_P3_M55_L001	Post_P1_2	P1_2	Non-responder	anti-PD1	2111	0	2.02659123954926
A6_P4_M55_L001	Post_P1_2	P1_2	Non-responder	anti-PD1	1984	9.43	2.75555252635406
B10_P1_M55_L001	Post_P1_2	P1_2	Non-responder	anti-PD1	3424	8.57	3.5040830607052
B10_P3_M55_L001	Post_P1_2	P1_2	Non-responder	anti-PD1	2992	10.53	3.84777626317703
B11_P2_M55_L001	Post_P1_2	P1_2	Non-responder	anti-PD1	2647	2.96	1.36207106506725
B12_P2_M55_L001	Post_P1_2	P1_2	Non-responder	anti-PD1	2895	8.59	2.22446201381316
B1_P1_M55_L001	Post_P1_2	P1_2	Non-responder	anti-PD1	2704	8.98	1.86697201017812
B2_P1_M55_L001	Post_P1_2	P1_2	Non-responder	anti-PD1	2846	9.94	0.327968920392581
B2_P2_M55_L001	Post_P1_2	P1_2	Non-responder	anti-PD1	2350	10.35	1.57572155579789
B3_P2_M55_L001	Post_P1_2	P1_2	Non-responder	anti-PD1	3093	8.77	2.97300617957106
B3_P3_M55_L001	Post_P1_2	P1_2	Non-responder	anti-PD1	2015	0	2.02448927662668
B3_P4_M55_L001	Post_P1_2	P1_2	Non-responder	anti-PD1	3883	10.07	2.01071155943294
B4_P4_M55_L001	Post_P1_2	P1_2	Non-responder	anti-PD1	1892	0	0.857730825154488
B6_P1_M55_L001	Post_P1_2	P1_2	Non-responder	anti-PD1	2424	0	-0.232601781170486
B6_P3_M55_L001	Post_P1_2	P1_2	Non-responder	anti-PD1	2182	0	2.35481643038895
B7_P1_M55_L001	Post_P1_2	P1_2	Non-responder	anti-PD1	2902	8.23	2.68603780443475
B7_P2_M55_L001	Post_P1_2	P1_2	Non-responder	anti-PD1	6170	11.67	2.60763813158851
B7_P4_M55_L001	Post_P1_2	P1_2	Non-responder	anti-PD1	2943	9.9	1.78280170846965
B8_P4_M55_L001	Post_P1_2	P1_2	Non-responder	anti-PD1	1981	8.99	-0.157202835332609
B9_P2_M55_L001	Post_P1_2	P1_2	Non-responder	anti-PD1	1919	0	0.565567066521267
C2_P2_M55_L001	Post_P1_2	P1_2	Non-responder	anti-PD1	2092	8.95	3.64380134496547
C2_P4_M55_L001	Post_P1_2	P1_2	Non-responder	anti-PD1	1824	0	0.810539803707746
C3_P4_M55_L001	Post_P1_2	P1_2	Non-responder	anti-PD1	3807	10.07	2.03168665939659
C4_P1_M55_L001	Post_P1_2	P1_2	Non-responder	anti-PD1	3032	8.32	3.16597509996366
C4_P3_M55_L001	Post_P1_2	P1_2	Non-responder	anti-PD1	2122	0	2.54605597964377
C5_P1_M55_L001	Post_P1_2	P1_2	Non-responder	anti-PD1	2662	9.99	0.328077971646673
C5_P2_M55_L001	Post_P1_2	P1_2	Non-responder	anti-PD1	2923	10.84	3.80865230825154
C6_P4_M55_L001	Post_P1_2	P1_2	Non-responder	anti-PD1	1992	0	3.12083878589604
D1_P1_M55_L001	Post_P1_2	P1_2	Non-responder	anti-PD1	2782	9.42	3.45007542711741
D1_P2_M55_L001	Post_P1_2	P1_2	Non-responder	anti-PD1	2895	8.48	2.40742548164304
D1_P3_M55_L001	Post_P1_2	P1_2	Non-responder	anti-PD1	1931	0	-1.37095965103598
D1_P4_M55_L001	Post_P1_2	P1_2	Non-responder	anti-PD1	2935	8.48	1.57337877135587
D3_P2_M55_L001	Post_P1_2	P1_2	Non-responder	anti-PD1	3041	9.36	0.769273900399853
D3_P3_M55_L001	Post_P1_2	P1_2	Non-responder	anti-PD1	1234	0	-0.972942566339512
D4_P2_M55_L001	Post_P1_2	P1_2	Non-responder	anti-PD1	3526	11.29	3.09751363140676
D4_P3_M55_L001	Post_P1_2	P1_2	Non-responder	anti-PD1	3758	9.43	2.2119429298437
D5_P4_M55_L001	Post_P1_2	P1_2	Non-responder	anti-PD1	2893	0	1.98441203198837
D7_P1_M55_L001	Post_P1_2	P1_2	Non-responder	anti-PD1	2135	9.2	1.7381697564522
D8_P1_M55_L001	Post_P1_2	P1_2	Non-responder	anti-PD1	3190	8.1	3.60214830970556
D8_P4_M55_L001	Post_P1_2	P1_2	Non-responder	anti-PD1	3202	9.82	2.18036986550346
D9_P1_M55_L001	Post_P1_2	P1_2	Non-responder	anti-PD1	3109	1.02	0.872798982188289
D9_P2_M55_L001	Post_P1_2	P1_2	Non-responder	anti-PD1	2098	0	4.08307797164668
D9_P3_M55_L001	Post_P1_2	P1_2	Non-responder	anti-PD1	2906	9.71	2.84472828062523
E10_P3_M55_L001	Post_P1_2	P1_2	Non-responder	anti-PD1	1682	0	1.33255089058524
E10_P4_M55_L001	Post_P1_2	P1_2	Non-responder	anti-PD1	2724	9.67	2.72849691021447
E11_P1_M55_L001	Post_P1_2	P1_2	Non-responder	anti-PD1	2579	9.18	-0.498344238458738
E1_P4_M55_L001	Post_P1_2	P1_2	Non-responder	anti-PD1	2878	8.56	1.30674663758633
E2_P2_M55_L001	Post_P1_2	P1_2	Non-responder	anti-PD1	2286	9.4	0.518686841148677
E2_P3_M55_L001	Post_P1_2	P1_2	Non-responder	anti-PD1	2344	0	0.506922028353327
E3_P2_M55_L001	Post_P1_2	P1_2	Non-responder	anti-PD1	2940	11	1.97066339512904
E3_P4_M55_L001	Post_P1_2	P1_2	Non-responder	anti-PD1	2955	10.55	3.07903762268267
E4_P2_M55_L001	Post_P1_2	P1_2	Non-responder	anti-PD1	2901	10.12	2.42893584151218
E5_P2_M55_L001	Post_P1_2	P1_2	Non-responder	anti-PD1	2900	10.8	3.79792893493276
E5_P3_M55_L001	Post_P1_2	P1_2	Non-responder	anti-PD1	3073	9.52	2.72746546710287
E6_P4_M55_L001	Post_P1_2	P1_2	Non-responder	anti-PD1	2390	12.14	3.19800708833152
E7_P3_M55_L001	Post_P1_2	P1_2	Non-responder	anti-PD1	2148	11.31	5.66046346782988
E9_P1_M55_L001	Post_P1_2	P1_2	Non-responder	anti-PD1	3122	0	0.744919120319881
E9_P3_M55_L001	Post_P1_2	P1_2	Non-responder	anti-PD1	2755	10.2	2.16755452562704
E9_P4_M55_L001	Post_P1_2	P1_2	Non-responder	anti-PD1	1850	0	1.05032806252272
F10_P1_M55_L001	Post_P1_2	P1_2	Non-responder	anti-PD1	3393	8.78	3.50393220647037
F10_P4_M55_L001	Post_P1_2	P1_2	Non-responder	anti-PD1	3208	11.24	3.75342148309705
F11_P1_M55_L001	Post_P1_2	P1_2	Non-responder	anti-PD1	2063	9.95	0.772083787713558
F12_P1_M55_L001	Post_P1_2	P1_2	Non-responder	anti-PD1	2050	0	1.42962740821519
F12_P4_M55_L001	Post_P1_2	P1_2	Non-responder	anti-PD1	2967	11.3	1.5315294438386
F2_P4_M55_L001	Post_P1_2	P1_2	Non-responder	anti-PD1	2282	0	3.25660759723737
F4_P3_M55_L001	Post_P1_2	P1_2	Non-responder	anti-PD1	2700	0	1.89659669211196
F4_P4_M55_L001	Post_P1_2	P1_2	Non-responder	anti-PD1	2764	9.29	3.26900308978553
F6_P3_M55_L001	Post_P1_2	P1_2	Non-responder	anti-PD1	2155	9.64	1.13322973464195
F7_P1_M55_L001	Post_P1_2	P1_2	Non-responder	anti-PD1	3193	0	-0.159554707379135
F9_P3_M55_L001	Post_P1_2	P1_2	Non-responder	anti-PD1	2836	9.61	2.91601962922574
G10_P3_M55_L001	Post_P1_2	P1_2	Non-responder	anti-PD1	2948	10.35	3.95506361323155
G11_P3_M55_L001	Post_P1_2	P1_2	Non-responder	anti-PD1	2708	7.9	2.47917121046892
G12_P3_M55_L001	Post_P1_2	P1_2	Non-responder	anti-PD1	2544	0	-0.245202653580514
G12_P4_M55_L001	Post_P1_2	P1_2	Non-responder	anti-PD1	1761	0	4.92522809887314
G1_P3_M55_L001	Post_P1_2	P1_2	Non-responder	anti-PD1	2298	11.49	4.2992657215558
G1_P4_M55_L001	Post_P1_2	P1_2	Non-responder	anti-PD1	2068	9.81	2.44882679025809
G4_P2_M55_L001	Post_P1_2	P1_2	Non-responder	anti-PD1	2855	10.39	2.79232188295165
G4_P3_M55_L001	Post_P1_2	P1_2	Non-responder	anti-PD1	2257	9.37	-0.0204252998909471
G6_P1_M55_L001	Post_P1_2	P1_2	Non-responder	anti-PD1	2902	7.93	2.78595601599419
G6_P2_M55_L001	Post_P1_2	P1_2	Non-responder	anti-PD1	2096	0	0.557238276990189
G6_P3_M55_L001	Post_P1_2	P1_2	Non-responder	anti-PD1	2862	9.68	3.01514540167211
G6_P4_M55_L001	Post_P1_2	P1_2	Non-responder	anti-PD1	2236	11.13	3.58808705925118
G7_P1_M55_L001	Post_P1_2	P1_2	Non-responder	anti-PD1	2573	0	-0.999038531443111
G7_P2_M55_L001	Post_P1_2	P1_2	Non-responder	anti-PD1	2655	12.23	4.05312522719011
G8_P3_M55_L001	Post_P1_2	P1_2	Non-responder	anti-PD1	4066	10.43	3.79159396583061
G8_P4_M55_L001	Post_P1_2	P1_2	Non-responder	anti-PD1	1765	0	1.25928117048346
G9_P1_M55_L001	Post_P1_2	P1_2	Non-responder	anti-PD1	2430	10.34	4.792979825518
H11_P1_M55_L001	Post_P1_2	P1_2	Non-responder	anti-PD1	2039	10.12	-0.0289149400218096
H1_P4_M55_L001	Post_P1_2	P1_2	Non-responder	anti-PD1	2182	0	0.650475281715742
H2_P1_M55_L001	Post_P1_2	P1_2	Non-responder	anti-PD1	2598	7.9	3.83521628498728
H2_P4_M55_L001	Post_P1_2	P1_2	Non-responder	anti-PD1	3176	9.79	2.20275899672846
H3_P1_M55_L001	Post_P1_2	P1_2	Non-responder	anti-PD1	4802	10.75	3.48844692838968
H3_P2_M55_L001	Post_P1_2	P1_2	Non-responder	anti-PD1	3140	9.59	2.45575517993457
H5_P1_M55_L001	Post_P1_2	P1_2	Non-responder	anti-PD1	2441	0	1.85491185023627
H7_P4_M55_L001	Post_P1_2	P1_2	Non-responder	anti-PD1	2427	8.79	1.05094601962923
H9_P3_M55_L001	Post_P1_2	P1_2	Non-responder	anti-PD1	2816	0	1.51738731370411
H9_P4_M55_L001	Post_P1_2	P1_2	Non-responder	anti-PD1	2097	9.08	1.98582878953108
A11_P1_M39	Post_P2	P2	Non-responder	anti-PD1	2861	8.94	1.76288985823337
A2_P1_M39	Post_P2	P2	Non-responder	anti-PD1	3328	9.26	2.65642039258451
A2_P3_M39	Post_P2	P2	Non-responder	anti-PD1	2847	9.47	3.55833424209378
A3_P1_M39	Post_P2	P2	Non-responder	anti-PD1	3502	11.14	1.91511359505634
A3_P2_M39	Post_P2	P2	Non-responder	anti-PD1	2374	11.14	-0.0672564521992007
A3_P4_M39	Post_P2	P2	Non-responder	anti-PD1	3696	9.11	2.10372955288986
A4_P2_M39	Post_P2	P2	Non-responder	anti-PD1	2834	9.45	2.14969193020719
A5_P3_M39	Post_P2	P2	Non-responder	anti-PD1	3165	9.55	2.68271264994548
A7_P3_M39	Post_P2	P2	Non-responder	anti-PD1	2955	9.45	2.99933842239186
A7_P4_M39	Post_P2	P2	Non-responder	anti-PD1	5493	11.01	2.80439476553981
A8_P4_M39	Post_P2	P2	Non-responder	anti-PD1	2169	0	2.88375318066158
A9_P2_M39	Post_P2	P2	Non-responder	anti-PD1	3420	10.7	2.75435932388222
B10_P4_M39	Post_P2	P2	Non-responder	anti-PD1	5258	10.86	1.97051981097782
B11_P1_M39	Post_P2	P2	Non-responder	anti-PD1	3082	4.46	2.15083151581243
B12_P1_M39	Post_P2	P2	Non-responder	anti-PD1	2453	9.92	2.06681115957833
B1_P2_M39	Post_P2	P2	Non-responder	anti-PD1	1909	0	0.571230461650312
B1_P4_M39	Post_P2	P2	Non-responder	anti-PD1	2765	9.79	0.641498545983283
B2_P1_M39	Post_P2	P2	Non-responder	anti-PD1	3468	9.86	2.60231279534714
B2_P2_M39	Post_P2	P2	Non-responder	anti-PD1	2503	9.56	1.30544529262087
B2_P3_M39	Post_P2	P2	Non-responder	anti-PD1	2910	8.68	2.83420574336605
B3_P4_M39	Post_P2	P2	Non-responder	anti-PD1	2854	11.05	4.17145310796074
B7_P1_M39	Post_P2	P2	Non-responder	anti-PD1	2840	9.87	2.25187386404944
C10_P4_M39	Post_P2	P2	Non-responder	anti-PD1	1667	8.62	0.415952380952381
C11_P4_M39	Post_P2	P2	Non-responder	anti-PD1	2785	8.64	0.813384223918576
C1_P1_M39	Post_P2	P2	Non-responder	anti-PD1	2868	0	2.35430843329698
C1_P3_M39	Post_P2	P2	Non-responder	anti-PD1	2478	0	0.616551254089419
C2_P4_M39	Post_P2	P2	Non-responder	anti-PD1	4331	9.19	2.86763813158851
C3_P1_M39	Post_P2	P2	Non-responder	anti-PD1	2381	8.89	1.43070974191203
C3_P2_M39	Post_P2	P2	Non-responder	anti-PD1	3236	6.83	0.808787713558709
C4_P2_M39	Post_P2	P2	Non-responder	anti-PD1	2729	8.94	1.98399854598328
C7_P1_M39	Post_P2	P2	Non-responder	anti-PD1	4890	11.23	1.78271537622682
C8_P1_M39	Post_P2	P2	Non-responder	anti-PD1	2648	8.62	0.776166848418761
C8_P2_M39	Post_P2	P2	Non-responder	anti-PD1	2534	8.76	0.75997273718648
C9_P1_M39	Post_P2	P2	Non-responder	anti-PD1	2676	9.79	0.423112504543799
C9_P2_M39	Post_P2	P2	Non-responder	anti-PD1	3326	10.66	2.67722555434387
D11_P3_M39	Post_P2	P2	Non-responder	anti-PD1	3383	0	1.70823155216285
D11_P4_M39	Post_P2	P2	Non-responder	anti-PD1	3867	9.46	0.519338422391853
D12_P2_M39	Post_P2	P2	Non-responder	anti-PD1	2132	10.28	1.03065430752453
D1_P2_M39	Post_P2	P2	Non-responder	anti-PD1	2439	9.26	0.362063794983642
D2_P1_M39	Post_P2	P2	Non-responder	anti-PD1	2731	0	1.32773173391494
D4_P2_M39	Post_P2	P2	Non-responder	anti-PD1	3038	7.76	1.90466103235187
D5_P1_M39	Post_P2	P2	Non-responder	anti-PD1	1664	8.34	1.08880679752817
D5_P3_M39	Post_P2	P2	Non-responder	anti-PD1	2071	10.32	2.7324981824791
D6_P1_M39	Post_P2	P2	Non-responder	anti-PD1	3361	9.57	1.76958651399491
D7_P1_M39	Post_P2	P2	Non-responder	anti-PD1	2297	9.94	3.29581970192658
D7_P4_M39	Post_P2	P2	Non-responder	anti-PD1	2651	9.21	-0.0584296619411089
D8_P1_M39	Post_P2	P2	Non-responder	anti-PD1	2609	9.74	1.26291348600509
D9_P2_M39	Post_P2	P2	Non-responder	anti-PD1	2778	0	-0.71194929116685
D9_P4_M39	Post_P2	P2	Non-responder	anti-PD1	2891	9.47	-0.501696655761541
E10_P1_M39	Post_P2	P2	Non-responder	anti-PD1	2816	10.44	3.76930388949473
E10_P4_M39	Post_P2	P2	Non-responder	anti-PD1	2936	10.63	-0.768621410396218
E11_P1_M39	Post_P2	P2	Non-responder	anti-PD1	2939	9.75	1.03008633224282
E11_P4_M39	Post_P2	P2	Non-responder	anti-PD1	5171	10.79	1.70022173754998
E12_P4_M39	Post_P2	P2	Non-responder	anti-PD1	2229	10.35	0.925080879680119
E1_P3_M39	Post_P2	P2	Non-responder	anti-PD1	2439	0	3.02885314431116
E1_P4_M39	Post_P2	P2	Non-responder	anti-PD1	1787	9.47	0.750628862231916
E2_P4_M39	Post_P2	P2	Non-responder	anti-PD1	2619	0	1.6045056343148
E3_P1_M39	Post_P2	P2	Non-responder	anti-PD1	4786	9.71	1.40234914576518
E3_P2_M39	Post_P2	P2	Non-responder	anti-PD1	1198	7.93	0.390852417302799
E4_P2_M39	Post_P2	P2	Non-responder	anti-PD1	2341	10.6	-1.28519265721556
E5_P2_M39	Post_P2	P2	Non-responder	anti-PD1	1733	0	0.313630498000725
E6_P1_M39	Post_P2	P2	Non-responder	anti-PD1	2886	8.51	4.02360687022901
E7_P3_M39	Post_P2	P2	Non-responder	anti-PD1	2301	11.75	1.67071519447474
E8_P1_M39	Post_P2	P2	Non-responder	anti-PD1	3794	10.5	1.03619774627408
E9_P3_M39	Post_P2	P2	Non-responder	anti-PD1	2923	7.33	1.45742184660124
F11_P4_M39	Post_P2	P2	Non-responder	anti-PD1	2627	9.77	0.543141584878227
F12_P2_M39	Post_P2	P2	Non-responder	anti-PD1	2608	0	0.830478916757542
F12_P3_M39	Post_P2	P2	Non-responder	anti-PD1	3265	9.35	2.88347146492185
F1_P2_M39	Post_P2	P2	Non-responder	anti-PD1	5219	11.54	1.71427480916031
F1_P3_M39	Post_P2	P2	Non-responder	anti-PD1	4030	11.03	3.93850418029807
F3_P1_M39	Post_P2	P2	Non-responder	anti-PD1	3587	11.22	1.97795438022537
F3_P4_M39	Post_P2	P2	Non-responder	anti-PD1	4011	9.22	1.87601054162122
F4_P4_M39	Post_P2	P2	Non-responder	anti-PD1	3546	9.97	2.92565067248273
F5_P3_M39	Post_P2	P2	Non-responder	anti-PD1	3635	9.67	3.46312795347146
F8_P1_M39	Post_P2	P2	Non-responder	anti-PD1	3152	10.14	2.00244910941476
F9_P1_M39	Post_P2	P2	Non-responder	anti-PD1	2068	9.37	-0.104409305707017
F9_P3_M39	Post_P2	P2	Non-responder	anti-PD1	1765	0	0.181844783715012
G11_P3_M39	Post_P2	P2	Non-responder	anti-PD1	1940	10.21	0.679181206833876
G1_P1_M39	Post_P2	P2	Non-responder	anti-PD1	1394	0	-0.470686114140314
G2_P1_M39	Post_P2	P2	Non-responder	anti-PD1	3505	9.88	2.52890857869866
G2_P2_M39	Post_P2	P2	Non-responder	anti-PD1	1674	0	1.05696110505271
G2_P3_M39	Post_P2	P2	Non-responder	anti-PD1	1574	0	1.55968193384224
G2_P4_M39	Post_P2	P2	Non-responder	anti-PD1	2411	9.2	3.80106870229008
G3_P3_M39	Post_P2	P2	Non-responder	anti-PD1	2292	9.43	-0.32853416939295
G4_P1_M39	Post_P2	P2	Non-responder	anti-PD1	3842	9.04	4.01663667757179
G8_P1_M39	Post_P2	P2	Non-responder	anti-PD1	2650	8.65	0.474063067975283
G8_P2_M39	Post_P2	P2	Non-responder	anti-PD1	2762	9.42	1.73056434023991
G8_P3_M39	Post_P2	P2	Non-responder	anti-PD1	2141	0	0.400161759360232
G9_P3_M39	Post_P2	P2	Non-responder	anti-PD1	2696	8.65	1.45053798618685
H10_P2_M39	Post_P2	P2	Non-responder	anti-PD1	3051	9.71	2.08748091603053
H10_P3_M39	Post_P2	P2	Non-responder	anti-PD1	2493	8.6	1.06550799709197
H11_P3_M39	Post_P2	P2	Non-responder	anti-PD1	1984	10.21	0.693215194474741
H12_P4_M39	Post_P2	P2	Non-responder	anti-PD1	2527	8.99	3.85328880407125
H1_P2_M39	Post_P2	P2	Non-responder	anti-PD1	2277	9.26	-0.0841884769174865
H2_P2_M39	Post_P2	P2	Non-responder	anti-PD1	2980	9.78	2.45796528535078
H5_P1_M39	Post_P2	P2	Non-responder	anti-PD1	2681	0	1.45770719738277
H5_P4_M39	Post_P2	P2	Non-responder	anti-PD1	2828	0	0.226759360232641
H6_P1_M39	Post_P2	P2	Non-responder	anti-PD1	2706	10.82	2.39043711377681
H6_P3_M39	Post_P2	P2	Non-responder	anti-PD1	3036	9.03	4.09135223555071
H7_P1_M39	Post_P2	P2	Non-responder	anti-PD1	2906	7.34	0.487280079970916
H7_P3_M39	Post_P2	P2	Non-responder	anti-PD1	3400	9.23	0.621265903307884
H7_P4_M39	Post_P2	P2	Non-responder	anti-PD1	2289	10.2	-0.030771537622682
H8_P1_M39	Post_P2	P2	Non-responder	anti-PD1	2979	8.48	0.77794256633951
H8_P3_M39	Post_P2	P2	Non-responder	anti-PD1	2036	0	0.390849691021448
H8_P4_M39	Post_P2	P2	Non-responder	anti-PD1	1639	0	-0.60468466012359
H9_P3_M39	Post_P2	P2	Non-responder	anti-PD1	3094	9.66	3.52985005452563
H9_P4_M39	Post_P2	P2	Non-responder	anti-PD1	2359	8.8	2.68000817884406
A10_P1_M23	Post_P3	P3	Non-responder	anti-PD1	2068	0	-0.173840421664851
A12_P2_M23	Post_P3	P3	Non-responder	anti-PD1	2074	0	0.439984551072341
A2_P3_M23	Post_P3	P3	Non-responder	anti-PD1	3090	9.26	4.39760178117048
A2_P4_M23	Post_P3	P3	Non-responder	anti-PD1	3063	7.95	1.34904580152672
A3_P3_M23	Post_P3	P3	Non-responder	anti-PD1	2454	0	1.85211377680843
A5_P3_M23	Post_P3	P3	Non-responder	anti-PD1	2369	0	2.15800617957107
A7_P1_M23	Post_P3	P3	Non-responder	anti-PD1	1465	0	0.38418302435478
A7_P2_M23	Post_P3	P3	Non-responder	anti-PD1	3343	9.14	3.34954834605598
A8_P3_M23	Post_P3	P3	Non-responder	anti-PD1	2450	8.95	2.12813340603417
A8_P4_M23	Post_P3	P3	Non-responder	anti-PD1	2154	0	1.4077417302799
A9_P2_M23	Post_P3	P3	Non-responder	anti-PD1	2021	0	1.88234732824427
B10_P3_M23	Post_P3	P3	Non-responder	anti-PD1	2159	1.71	0.496195928753183
B10_P4_M23	Post_P3	P3	Non-responder	anti-PD1	2098	9.25	4.15444383860414
B12_P2_M23	Post_P3	P3	Non-responder	anti-PD1	2613	6.82	2.02495456197746
B1_P2_M23	Post_P3	P3	Non-responder	anti-PD1	1693	0	1.22005089058524
B4_P1_M23	Post_P3	P3	Non-responder	anti-PD1	2554	0	1.04354507451836
B4_P4_M23	Post_P3	P3	Non-responder	anti-PD1	2856	0	2.80357597237368
B5_P3_M23	Post_P3	P3	Non-responder	anti-PD1	2142	0	2.78092693565976
B8_P3_M23	Post_P3	P3	Non-responder	anti-PD1	3225	8.1	1.79345510723373
B8_P4_M23	Post_P3	P3	Non-responder	anti-PD1	2409	8.95	1.03361686659396
B9_P3_M23	Post_P3	P3	Non-responder	anti-PD1	1638	0	-0.468642311886584
C1_P3_M23	Post_P3	P3	Non-responder	anti-PD1	2732	7.7	0.447372773536896
C2_P2_M23	Post_P3	P3	Non-responder	anti-PD1	2102	10.37	-0.143151581243183
C3_P3_M23	Post_P3	P3	Non-responder	anti-PD1	2326	10.03	4.5808524173028
C7_P4_M23	Post_P3	P3	Non-responder	anti-PD1	2258	9.33	1.42437386404944
C9_P1_M23	Post_P3	P3	Non-responder	anti-PD1	2285	0	0.757157397310068
C9_P2_M23	Post_P3	P3	Non-responder	anti-PD1	3188	9.44	2.72389040348964
D10_P3_M23	Post_P3	P3	Non-responder	anti-PD1	2393	8.9	4.49864503816794
D12_P2_M23	Post_P3	P3	Non-responder	anti-PD1	2129	7.61	2.74425845147219
D1_P1_M23	Post_P3	P3	Non-responder	anti-PD1	2518	0	2.2497546346783
D1_P3_M23	Post_P3	P3	Non-responder	anti-PD1	2397	9.11	3.18187295528898
D2_P2_M23	Post_P3	P3	Non-responder	anti-PD1	2465	9.75	2.52511177753544
D4_P1_M23	Post_P3	P3	Non-responder	anti-PD1	2355	10.71	2.9076735732461
D4_P2_M23	Post_P3	P3	Non-responder	anti-PD1	1821	9.99	1.87301799345693
D7_P2_M23	Post_P3	P3	Non-responder	anti-PD1	2484	0	2.27673300617957
D7_P4_M23	Post_P3	P3	Non-responder	anti-PD1	2331	10.18	4.19327426390403
D8_P1_M23	Post_P3	P3	Non-responder	anti-PD1	2781	10.76	2.42324427480916
D9_P1_M23	Post_P3	P3	Non-responder	anti-PD1	3959	7.76	0.697486368593237
D9_P2_M23	Post_P3	P3	Non-responder	anti-PD1	2619	9.9	2.70579334787351
D9_P3_M23	Post_P3	P3	Non-responder	anti-PD1	1839	0	0.751357688113415
E10_P2_M23	Post_P3	P3	Non-responder	anti-PD1	3785	7.82	2.25399672846238
E10_P3_M23	Post_P3	P3	Non-responder	anti-PD1	2168	0	-1.04147219193021
E11_P1_M23	Post_P3	P3	Non-responder	anti-PD1	2193	9.26	3.06419211195929
E11_P3_M23	Post_P3	P3	Non-responder	anti-PD1	2411	8.68	1.70660850599782
E12_P2_M23	Post_P3	P3	Non-responder	anti-PD1	2100	5.47	0.556448564158487
E12_P3_M23	Post_P3	P3	Non-responder	anti-PD1	1678	0	0.727094692838969
E12_P4_M23	Post_P3	P3	Non-responder	anti-PD1	1796	9.11	1.0506015994184
E1_P3_M23	Post_P3	P3	Non-responder	anti-PD1	1985	0	0.739462013813157
E5_P2_M23	Post_P3	P3	Non-responder	anti-PD1	2750	6.71	2.00549890948746
E8_P1_M23	Post_P3	P3	Non-responder	anti-PD1	2088	0	1.18734187568157
E8_P4_M23	Post_P3	P3	Non-responder	anti-PD1	2448	0	1.33946928389677
F10_P1_M23	Post_P3	P3	Non-responder	anti-PD1	2059	0	1.38343784078517
F10_P2_M23	Post_P3	P3	Non-responder	anti-PD1	3831	7.93	2.37966648491457
F10_P4_M23	Post_P3	P3	Non-responder	anti-PD1	2236	5.55	2.43296982915303
F11_P2_M23	Post_P3	P3	Non-responder	anti-PD1	2130	0	0.296125954198471
F11_P3_M23	Post_P3	P3	Non-responder	anti-PD1	1903	0	-0.11161032351872
F12_P2_M23	Post_P3	P3	Non-responder	anti-PD1	3240	8.35	1.47030170846964
F2_P4_M23	Post_P3	P3	Non-responder	anti-PD1	3020	7.5	1.28379043984006
F5_P2_M23	Post_P3	P3	Non-responder	anti-PD1	2660	8.81	3.44214921846601
F6_P3_M23	Post_P3	P3	Non-responder	anti-PD1	2093	0	0.203997637222827
F9_P1_M23	Post_P3	P3	Non-responder	anti-PD1	2704	0	2.68527171937477
G1_P2_M23	Post_P3	P3	Non-responder	anti-PD1	2125	10.55	-0.172421846601237
G2_P2_M23	Post_P3	P3	Non-responder	anti-PD1	2160	0	3.53477644492912
G3_P4_M23	Post_P3	P3	Non-responder	anti-PD1	2283	7.63	2.62180752453653
G4_P1_M23	Post_P3	P3	Non-responder	anti-PD1	2147	2.03	1.31579062159215
G6_P1_M23	Post_P3	P3	Non-responder	anti-PD1	2477	0	2.86580334423846
G6_P3_M23	Post_P3	P3	Non-responder	anti-PD1	2701	0	0.685548891312251
G6_P4_M23	Post_P3	P3	Non-responder	anti-PD1	2206	0	1.2204189385678
G9_P3_M23	Post_P3	P3	Non-responder	anti-PD1	2889	10.23	1.2507324609233
G9_P4_M23	Post_P3	P3	Non-responder	anti-PD1	2279	0	2.05068520537986
H10_P3_M23	Post_P3	P3	Non-responder	anti-PD1	1960	10.77	-1.30235641584878
H11_P1_M23	Post_P3	P3	Non-responder	anti-PD1	2559	10.66	1.78573518720465
H11_P2_M23	Post_P3	P3	Non-responder	anti-PD1	2104	0	2.68168575063614
H11_P3_M23	Post_P3	P3	Non-responder	anti-PD1	2091	0	0.6398782260996
H1_P1_M23	Post_P3	P3	Non-responder	anti-PD1	2464	7.97	1.81943293347873
H2_P1_M23	Post_P3	P3	Non-responder	anti-PD1	1876	0	2.43974100327154
H6_P2_M23	Post_P3	P3	Non-responder	anti-PD1	2357	0	0.802477280988733
H8_P2_M23	Post_P3	P3	Non-responder	anti-PD1	2178	10.34	4.28244365685205
H8_P4_M23	Post_P3	P3	Non-responder	anti-PD1	1955	3.8	1.5715294438386
H9_P1_M23	Post_P3	P3	Non-responder	anti-PD1	1589	0	1.68338422391857
H9_P3_M23	Post_P3	P3	Non-responder	anti-PD1	2859	10.27	1.2942048346056
A10_P8_M36_L001	Post_P3_2	P3_2	Non-responder	anti-PD1	3965	8.95	2.39279171210469
A10_P9_M36_L001	Post_P3_2	P3_2	Non-responder	anti-PD1	3977	9.02	2.38726644856416
A11_P6_M36_L001	Post_P3_2	P3_2	Non-responder	anti-PD1	1379	0	2.69704380225373
A11_P8_M36_L001	Post_P3_2	P3_2	Non-responder	anti-PD1	1424	0	0.409312977099239
A11_P9_M36_L001	Post_P3_2	P3_2	Non-responder	anti-PD1	1600	0	0.344727371864776
A3_P6_M36_L001	Post_P3_2	P3_2	Non-responder	anti-PD1	1949	0	-0.325587059251184
A3_P7_M36_L001	Post_P3_2	P3_2	Non-responder	anti-PD1	1390	0	2.44521446746638
A4_P7_M36_L001	Post_P3_2	P3_2	Non-responder	anti-PD1	1901	0	2.87009269356598
A5_P6_M36_L001	Post_P3_2	P3_2	Non-responder	anti-PD1	1623	0	1.48238458742276
A6_P6_M36_L001	Post_P3_2	P3_2	Non-responder	anti-PD1	2071	9.69	2.88663031624864
A6_P8_M36_L001	Post_P3_2	P3_2	Non-responder	anti-PD1	1767	0	0.446759360232643
A6_P9_M36_L001	Post_P3_2	P3_2	Non-responder	anti-PD1	1746	0	0.387604507451838
B11_P7_M36_L001	Post_P3_2	P3_2	Non-responder	anti-PD1	2163	0	0.429925481643038
B12_P6_M36_L001	Post_P3_2	P3_2	Non-responder	anti-PD1	2018	0	2.15085514358415
B1_P8_M36_L001	Post_P3_2	P3_2	Non-responder	anti-PD1	1917	0	2.26136041439476
B2_P6_M36_L001	Post_P3_2	P3_2	Non-responder	anti-PD1	2299	8.69	3.80094783715013
B2_P9_M36_L001	Post_P3_2	P3_2	Non-responder	anti-PD1	1937	9.98	2.48919665576154
B3_P7_M36_L001	Post_P3_2	P3_2	Non-responder	anti-PD1	2059	9.1	2.43710468920393
B4_P7_M36_L001	Post_P3_2	P3_2	Non-responder	anti-PD1	2004	9.06	2.38263177026536
B4_P8_M36_L001	Post_P3_2	P3_2	Non-responder	anti-PD1	1848	9.48	-0.845736095965103
B4_P9_M36_L001	Post_P3_2	P3_2	Non-responder	anti-PD1	1948	0	1.44488549618321
B5_P6_M36_L001	Post_P3_2	P3_2	Non-responder	anti-PD1	2937	9.18	4.35261723009814
B5_P7_M36_L001	Post_P3_2	P3_2	Non-responder	anti-PD1	2864	8.81	1.85064976372228
B5_P9_M36_L001	Post_P3_2	P3_2	Non-responder	anti-PD1	2974	8.45	2.32897764449291
B7_P7_M36_L001	Post_P3_2	P3_2	Non-responder	anti-PD1	1799	10.54	2.7973191566703
B7_P9_M36_L001	Post_P3_2	P3_2	Non-responder	anti-PD1	2215	9.14	1.55900945110869
B8_P8_M36_L001	Post_P3_2	P3_2	Non-responder	anti-PD1	1717	0	2.28992639040349
B9_P9_M36_L001	Post_P3_2	P3_2	Non-responder	anti-PD1	1716	0	1.17064794620138
C11_P6_M36_L001	Post_P3_2	P3_2	Non-responder	anti-PD1	3483	9.34	4.07734096692112
C12_P8_M36_L001	Post_P3_2	P3_2	Non-responder	anti-PD1	1896	0	3.22506543075245
C3_P8_M36_L001	Post_P3_2	P3_2	Non-responder	anti-PD1	1963	10.18	2.55870501635769
C6_P6_M36_L001	Post_P3_2	P3_2	Non-responder	anti-PD1	1504	0	3.02841421301345
C6_P7_M36_L001	Post_P3_2	P3_2	Non-responder	anti-PD1	5044	11.15	3.1621383133406
C7_P6_M36_L001	Post_P3_2	P3_2	Non-responder	anti-PD1	5321	10.59	2.02292529989095
C9_P6_M36_L001	Post_P3_2	P3_2	Non-responder	anti-PD1	1683	0	-0.397135587059251
C9_P7_M36_L001	Post_P3_2	P3_2	Non-responder	anti-PD1	1441	0	1.54132315521629
D10_P8_M36_L001	Post_P3_2	P3_2	Non-responder	anti-PD1	2106	8.39	1.66295892402763
D1_P7_M36_L001	Post_P3_2	P3_2	Non-responder	anti-PD1	1707	10.07	1.04882951653944
D1_P8_M36_L001	Post_P3_2	P3_2	Non-responder	anti-PD1	1697	10.13	1.24795619774627
D2_P9_M36_L001	Post_P3_2	P3_2	Non-responder	anti-PD1	1985	10.59	1.21616775717921
D4_P9_M36_L001	Post_P3_2	P3_2	Non-responder	anti-PD1	2779	9.73	2.25727826245001
D8_P7_M36_L001	Post_P3_2	P3_2	Non-responder	anti-PD1	1857	10.6	2.86082606324973
D8_P8_M36_L001	Post_P3_2	P3_2	Non-responder	anti-PD1	1711	10.62	2.92734096692112
D9_P6_M36_L001	Post_P3_2	P3_2	Non-responder	anti-PD1	1404	0	2.08854870956016
D9_P7_M36_L001	Post_P3_2	P3_2	Non-responder	anti-PD1	1772	0	0.719134860050891
D9_P8_M36_L001	Post_P3_2	P3_2	Non-responder	anti-PD1	1662	0	0.750054525627044
E11_P7_M36_L001	Post_P3_2	P3_2	Non-responder	anti-PD1	1787	0	2.15545619774628
E11_P8_M36_L001	Post_P3_2	P3_2	Non-responder	anti-PD1	2356	9.23	2.30428571428572
E12_P7_M36_L001	Post_P3_2	P3_2	Non-responder	anti-PD1	2908	10.02	4.08278535078153
E1_P7_M36_L001	Post_P3_2	P3_2	Non-responder	anti-PD1	1584	0	-0.320298982188295
E1_P9_M36_L001	Post_P3_2	P3_2	Non-responder	anti-PD1	2023	0	2.23125954198474
E4_P9_M36_L001	Post_P3_2	P3_2	Non-responder	anti-PD1	1947	9.33	-0.886349509269356
E8_P6_M36_L001	Post_P3_2	P3_2	Non-responder	anti-PD1	1381	0	0.993151581243187
E8_P7_M36_L001	Post_P3_2	P3_2	Non-responder	anti-PD1	1921	9.19	2.39394038531443
E8_P9_M36_L001	Post_P3_2	P3_2	Non-responder	anti-PD1	1774	0	2.22044347509996
E9_P6_M36_L001	Post_P3_2	P3_2	Non-responder	anti-PD1	1680	9.8	2.19027081061432
F1_P9_M36_L001	Post_P3_2	P3_2	Non-responder	anti-PD1	1954	0	2.37121864776445
F3_P6_M36_L001	Post_P3_2	P3_2	Non-responder	anti-PD1	2106	10.24	2.38942202835332
F4_P6_M36_L001	Post_P3_2	P3_2	Non-responder	anti-PD1	1773	0	1.79819247546347
F6_P7_M36_L001	Post_P3_2	P3_2	Non-responder	anti-PD1	2053	8.85	0.988422391857504
F7_P7_M36_L001	Post_P3_2	P3_2	Non-responder	anti-PD1	1903	8.08	1.41713376953835
G10_P6_M36_L001	Post_P3_2	P3_2	Non-responder	anti-PD1	1888	10.18	3.49802344601963
G11_P9_M36_L001	Post_P3_2	P3_2	Non-responder	anti-PD1	1683	8.88	2.75953380588877
G1_P9_M36_L001	Post_P3_2	P3_2	Non-responder	anti-PD1	1896	9.84	1.16412849872773
G3_P6_M36_L001	Post_P3_2	P3_2	Non-responder	anti-PD1	1909	10.14	1.7210959651036
G4_P6_M36_L001	Post_P3_2	P3_2	Non-responder	anti-PD1	1702	0	1.56787350054526
G6_P8_M36_L001	Post_P3_2	P3_2	Non-responder	anti-PD1	1243	0	3.1737804434751
G7_P8_M36_L001	Post_P3_2	P3_2	Non-responder	anti-PD1	5353	10.57	2.01264631043257
G7_P9_M36_L001	Post_P3_2	P3_2	Non-responder	anti-PD1	1733	0	2.29964740094511
G9_P8_M36_L001	Post_P3_2	P3_2	Non-responder	anti-PD1	1661	0	-0.342346419483822
H12_P6_M36_L001	Post_P3_2	P3_2	Non-responder	anti-PD1	2308	9.08	2.78246728462377
H4_P7_M36_L001	Post_P3_2	P3_2	Non-responder	anti-PD1	2015	0	3.18596419483824
H5_P9_M36_L001	Post_P3_2	P3_2	Non-responder	anti-PD1	1339	8.27	1.47846510359869
H6_P7_M36_L001	Post_P3_2	P3_2	Non-responder	anti-PD1	1831	0	2.3506715739731
A11_P3_M47	Post_P4	P4	Responder	anti-CTLA4+PD1	1823	0	0.139243911304981
A4_P1_M47	Post_P4	P4	Responder	anti-CTLA4+PD1	2651	0	0.664625590694294
A8_P2_M47	Post_P4	P4	Responder	anti-CTLA4+PD1	2399	9.14	2.77684205743366
B12_P4_M47	Post_P4	P4	Responder	anti-CTLA4+PD1	2471	8.68	-0.748069792802618
B1_P1_M47	Post_P4	P4	Responder	anti-CTLA4+PD1	2797	8.99	1.6960977826245
B1_P4_M47	Post_P4	P4	Responder	anti-CTLA4+PD1	4693	9.24	3.02180570701563
B2_P1_M47	Post_P4	P4	Responder	anti-CTLA4+PD1	2669	9.58	0.778784078516898
B3_P1_M47	Post_P4	P4	Responder	anti-CTLA4+PD1	2974	0	1.07466103235188
C11_P1_M47	Post_P4	P4	Responder	anti-CTLA4+PD1	3206	8.24	2.30267084696474
C11_P2_M47	Post_P4	P4	Responder	anti-CTLA4+PD1	2716	8.32	0.0810423482370046
C11_P3_M47	Post_P4	P4	Responder	anti-CTLA4+PD1	1834	0	-0.365846055979644
C12_P4_M47	Post_P4	P4	Responder	anti-CTLA4+PD1	2528	8.59	-0.940268084332971
C3_P1_M47	Post_P4	P4	Responder	anti-CTLA4+PD1	1992	9.52	1.36251544892766
C5_P2_M47	Post_P4	P4	Responder	anti-CTLA4+PD1	2883	0	-0.64986732097419
C6_P2_M47	Post_P4	P4	Responder	anti-CTLA4+PD1	3165	10.25	1.74600236277717
D10_P4_M47	Post_P4	P4	Responder	anti-CTLA4+PD1	3506	8.84	-0.351781170483467
D11_P1_M47	Post_P4	P4	Responder	anti-CTLA4+PD1	2102	0	0.669297528171574
D1_P2_M47	Post_P4	P4	Responder	anti-CTLA4+PD1	2350	0	0.469968193384226
D3_P1_M47	Post_P4	P4	Responder	anti-CTLA4+PD1	2293	9.19	1.01227280988732
D3_P3_M47	Post_P4	P4	Responder	anti-CTLA4+PD1	2809	0	1.0792711741185
D8_P2_M47	Post_P4	P4	Responder	anti-CTLA4+PD1	1900	0	-1.8705461650309
D9_P1_M47	Post_P4	P4	Responder	anti-CTLA4+PD1	2084	0	-0.760029989094874
D9_P3_M47	Post_P4	P4	Responder	anti-CTLA4+PD1	2762	8.33	2.83953925845147
E10_P1_M47	Post_P4	P4	Responder	anti-CTLA4+PD1	2523	0	0.982749909123952
E11_P1_M47	Post_P4	P4	Responder	anti-CTLA4+PD1	2243	0	2.22171846601236
E12_P4_M47	Post_P4	P4	Responder	anti-CTLA4+PD1	4027	8.98	0.746982006543074
E1_P2_M47	Post_P4	P4	Responder	anti-CTLA4+PD1	2618	8.38	0.264931842966194
E2_P2_M47	Post_P4	P4	Responder	anti-CTLA4+PD1	2824	0	1.53185023627772
E2_P4_M47	Post_P4	P4	Responder	anti-CTLA4+PD1	3812	0	0.388310614322063
E4_P1_M47	Post_P4	P4	Responder	anti-CTLA4+PD1	2768	0	2.15310614322065
E4_P3_M47	Post_P4	P4	Responder	anti-CTLA4+PD1	2568	6.77	1.50347055616139
E7_P2_M47	Post_P4	P4	Responder	anti-CTLA4+PD1	2003	0	-0.5045110868775
F1_P2_M47	Post_P4	P4	Responder	anti-CTLA4+PD1	2209	6.51	0.987366412213739
F1_P3_M47	Post_P4	P4	Responder	anti-CTLA4+PD1	2634	1.59	0.89886404943657
F4_P3_M47	Post_P4	P4	Responder	anti-CTLA4+PD1	2199	0	0.678216103235187
F5_P2_M47	Post_P4	P4	Responder	anti-CTLA4+PD1	2961	9.14	-0.242629043984005
F6_P3_M47	Post_P4	P4	Responder	anti-CTLA4+PD1	2100	0	1.62377135587059
F6_P4_M47	Post_P4	P4	Responder	anti-CTLA4+PD1	2517	0	1.38675845147219
F8_P1_M47	Post_P4	P4	Responder	anti-CTLA4+PD1	2157	9.66	0.933005270810617
F9_P2_M47	Post_P4	P4	Responder	anti-CTLA4+PD1	1832	0	1.44509541984733
G10_P1_M47	Post_P4	P4	Responder	anti-CTLA4+PD1	3130	0	-0.0126844783714981
G2_P1_M47	Post_P4	P4	Responder	anti-CTLA4+PD1	2287	8.91	2.7051772082879
G3_P1_M47	Post_P4	P4	Responder	anti-CTLA4+PD1	2527	0	1.52696655761541
G6_P1_M47	Post_P4	P4	Responder	anti-CTLA4+PD1	2368	8.99	-2.96042802617231
G7_P1_M47	Post_P4	P4	Responder	anti-CTLA4+PD1	3251	8.54	-0.256532170119955
G8_P2_M47	Post_P4	P4	Responder	anti-CTLA4+PD1	2446	9.97	0.735388949472918
H11_P3_M47	Post_P4	P4	Responder	anti-CTLA4+PD1	2602	0	0.661053253362414
H12_P2_M47	Post_P4	P4	Responder	anti-CTLA4+PD1	2419	0	-0.339750090876043
H1_P3_M47	Post_P4	P4	Responder	anti-CTLA4+PD1	2496	0	1.4057324609233
H1_P4_M47	Post_P4	P4	Responder	anti-CTLA4+PD1	3113	6.81	-0.235667030170843
H3_P2_M47	Post_P4	P4	Responder	anti-CTLA4+PD1	2345	0	2.54170119956379
H4_P3_M47	Post_P4	P4	Responder	anti-CTLA4+PD1	4026	10.65	2.53642130134497
A8_P5_M47_L001	Post_P4	P4	Responder	anti-CTLA4+PD1	1659	0	1.5705479825518
B1_P5_M47_L001	Post_P4	P4	Responder	anti-CTLA4+PD1	1513	10.53	-1.22569611050527
B2_P5_M47_L001	Post_P4	P4	Responder	anti-CTLA4+PD1	2091	10.55	0.784770992366414
B4_P5_M47_L001	Post_P4	P4	Responder	anti-CTLA4+PD1	1590	0	1.35328880407125
C1_P5_M47_L001	Post_P4	P4	Responder	anti-CTLA4+PD1	1642	0	1.8743229734642
C3_P5_M47_L001	Post_P4	P4	Responder	anti-CTLA4+PD1	1741	0	0.779051254089421
C8_P5_M47_L001	Post_P4	P4	Responder	anti-CTLA4+PD1	1552	0	1.14928571428572
D10_P5_M47_L001	Post_P4	P4	Responder	anti-CTLA4+PD1	1934	0	1.49022719011269
D11_P5_M47_L001	Post_P4	P4	Responder	anti-CTLA4+PD1	1847	0	1.63885041802981
E10_P5_M47_L001	Post_P4	P4	Responder	anti-CTLA4+PD1	1898	9.46	0.438635950563432
E12_P5_M47_L001	Post_P4	P4	Responder	anti-CTLA4+PD1	1649	9.8	2.51484551072337
E3_P5_M47_L001	Post_P4	P4	Responder	anti-CTLA4+PD1	3332	10.56	1.75839694656489
E4_P5_M47_L001	Post_P4	P4	Responder	anti-CTLA4+PD1	1723	0	1.82478825881498
F1_P5_M47_L001	Post_P4	P4	Responder	anti-CTLA4+PD1	1450	0	-1.87258178844057
F3_P5_M47_L001	Post_P4	P4	Responder	anti-CTLA4+PD1	2143	9.25	2.05786350418029
F8_P5_M47_L001	Post_P4	P4	Responder	anti-CTLA4+PD1	2072	6.69	3.8955461650309
F9_P5_M47_L001	Post_P4	P4	Responder	anti-CTLA4+PD1	1687	0	1.80608142493639
G11_P5_M47_L001	Post_P4	P4	Responder	anti-CTLA4+PD1	1274	11.21	0.0857560886950197
G5_P5_M47_L001	Post_P4	P4	Responder	anti-CTLA4+PD1	1263	0	-1.66349145765176
H12_P5_M47_L001	Post_P4	P4	Responder	anti-CTLA4+PD1	2034	9.2	0.495684296619411
H5_P5_M47_L001	Post_P4	P4	Responder	anti-CTLA4+PD1	1535	0	-0.922589967284626
H9_P5_M47_L001	Post_P4	P4	Responder	anti-CTLA4+PD1	1932	10.84	2.94332424572883
A10_P1_MMD1-84A_L001	Post_P5	P5	Non-responder	anti-PD1	2594	10.49	2.29667211922937
A10_P3_MMD1-84A_L001	Post_P5	P5	Non-responder	anti-PD1	1358	11.12	1.93339512904398
A1_P4_MMD1-84A_L001	Post_P5	P5	Non-responder	anti-PD1	2411	10.69	1.73318974918212
A2_P2_MMD1-84A_L001	Post_P5	P5	Non-responder	anti-PD1	1882	8.96	1.39570701563068
A3_P2_MMD1-84A_L001	Post_P5	P5	Non-responder	anti-PD1	2279	10.26	1.32991730279898
A3_P4_MMD1-84A_L001	Post_P5	P5	Non-responder	anti-PD1	1527	9.8	2.18100054525627
A4_P1_MMD1-84A_L001	Post_P5	P5	Non-responder	anti-PD1	1756	9.66	-0.2310332606325
A5_P1_MMD1-84A_L001	Post_P5	P5	Non-responder	anti-PD1	1929	10.19	3.89641675754271
A6_P2_MMD1-84A_L001	Post_P5	P5	Non-responder	anti-PD1	1885	0	0.509545619774627
A6_P4_MMD1-84A_L001	Post_P5	P5	Non-responder	anti-PD1	3108	10.69	3.17813794983643
A7_P2_MMD1-84A_L001	Post_P5	P5	Non-responder	anti-PD1	2620	10.96	4.66506361323156
A7_P4_MMD1-84A_L001	Post_P5	P5	Non-responder	anti-PD1	1483	0	1.9692657215558
A8_P1_MMD1-84A_L001	Post_P5	P5	Non-responder	anti-PD1	1647	10.6	0.821085059978188
A9_P4_MMD1-84A_L001	Post_P5	P5	Non-responder	anti-PD1	3398	9.16	1.96474918211559
B10_P1_MMD1-84A_L001	Post_P5	P5	Non-responder	anti-PD1	2026	10.55	2.12691203198837
B10_P4_MMD1-84A_L001	Post_P5	P5	Non-responder	anti-PD1	1877	0	3.31588785896038
B2_P3_MMD1-84A_L001	Post_P5	P5	Non-responder	anti-PD1	1347	0	2.48591239549255
B3_P4_MMD1-84A_L001	Post_P5	P5	Non-responder	anti-PD1	2775	11.14	2.55913213376954
B8_P3_MMD1-84A_L001	Post_P5	P5	Non-responder	anti-PD1	1624	0	2.4231143220647
C10_P1_MMD1-84A_L001	Post_P5	P5	Non-responder	anti-PD1	1663	10.94	3.18695110868775
C10_P2_MMD1-84A_L001	Post_P5	P5	Non-responder	anti-PD1	2199	9.35	1.61843057070156
C11_P2_MMD1-84A_L001	Post_P5	P5	Non-responder	anti-PD1	3770	11.15	3.90003998545983
C11_P3_MMD1-84A_L001	Post_P5	P5	Non-responder	anti-PD1	2249	9.47	1.35222373682297
C11_P4_MMD1-84A_L001	Post_P5	P5	Non-responder	anti-PD1	1920	10.52	3.43626045074518
C1_P3_MMD1-84A_L001	Post_P5	P5	Non-responder	anti-PD1	1911	2.73	1.66654398400582
C2_P2_MMD1-84A_L001	Post_P5	P5	Non-responder	anti-PD1	2958	10.81	0.699154852780806
C3_P4_MMD1-84A_L001	Post_P5	P5	Non-responder	anti-PD1	1744	10.18	3.65109323882225
C5_P3_MMD1-84A_L001	Post_P5	P5	Non-responder	anti-PD1	1838	9.36	1.56198836786623
C5_P4_MMD1-84A_L001	Post_P5	P5	Non-responder	anti-PD1	2050	10.18	0.452715376226828
C9_P3_MMD1-84A_L001	Post_P5	P5	Non-responder	anti-PD1	2002	10	3.70788713195202
D11_P2_MMD1-84A_L001	Post_P5	P5	Non-responder	anti-PD1	2092	9.3	3.09238458742275
D11_P4_MMD1-84A_L001	Post_P5	P5	Non-responder	anti-PD1	1599	9.98	1.31135041802981
D1_P2_MMD1-84A_L001	Post_P5	P5	Non-responder	anti-PD1	3184	9.96	2.43612231915668
D1_P4_MMD1-84A_L001	Post_P5	P5	Non-responder	anti-PD1	1798	0	0.536121410396219
D3_P1_MMD1-84A_L001	Post_P5	P5	Non-responder	anti-PD1	1905	10.52	1.40031170483461
D4_P1_MMD1-84A_L001	Post_P5	P5	Non-responder	anti-PD1	2759	8.5	2.51666030534351
D5_P2_MMD1-84A_L001	Post_P5	P5	Non-responder	anti-PD1	2377	8.41	2.64814612868048
D9_P2_MMD1-84A_L001	Post_P5	P5	Non-responder	anti-PD1	1913	0	0.69886677571792
D9_P4_MMD1-84A_L001	Post_P5	P5	Non-responder	anti-PD1	1183	10.62	-0.906263177026535
E10_P4_MMD1-84A_L001	Post_P5	P5	Non-responder	anti-PD1	1352	10.45	0.00531715739731276
E12_P4_MMD1-84A_L001	Post_P5	P5	Non-responder	anti-PD1	1796	0	2.60240639767358
E1_P2_MMD1-84A_L001	Post_P5	P5	Non-responder	anti-PD1	3219	9.81	2.33970828789531
E2_P1_MMD1-84A_L001	Post_P5	P5	Non-responder	anti-PD1	1859	10.98	5.58793166121411
E2_P3_MMD1-84A_L001	Post_P5	P5	Non-responder	anti-PD1	1732	0	1.46802162849873
E3_P1_MMD1-84A_L001	Post_P5	P5	Non-responder	anti-PD1	1774	11.35	0.899737368229734
E3_P2_MMD1-84A_L001	Post_P5	P5	Non-responder	anti-PD1	3124	11.17	2.61515448927663
E3_P4_MMD1-84A_L001	Post_P5	P5	Non-responder	anti-PD1	1305	9.86	-0.771045983278808
E4_P2_MMD1-84A_L001	Post_P5	P5	Non-responder	anti-PD1	3960	11.6	4.12616503089786
E6_P4_MMD1-84A_L001	Post_P5	P5	Non-responder	anti-PD1	1137	0	0.626962922573611
E9_P3_MMD1-84A_L001	Post_P5	P5	Non-responder	anti-PD1	3662	10.78	2.97862141039622
F10_P1_MMD1-84A_L001	Post_P5	P5	Non-responder	anti-PD1	1584	0	2.83806615776082
F11_P2_MMD1-84A_L001	Post_P5	P5	Non-responder	anti-PD1	3783	11.02	3.99616503089785
F11_P3_MMD1-84A_L001	Post_P5	P5	Non-responder	anti-PD1	2278	9.02	-0.737702653580521
F2_P4_MMD1-84A_L001	Post_P5	P5	Non-responder	anti-PD1	1214	5.31	1.40392857142857
F3_P4_MMD1-84A_L001	Post_P5	P5	Non-responder	anti-PD1	1456	0	1.80890948745911
F5_P2_MMD1-84A_L001	Post_P5	P5	Non-responder	anti-PD1	1784	0	2.28538258814976
F8_P3_MMD1-84A_L001	Post_P5	P5	Non-responder	anti-PD1	1535	10.06	0.803330607051979
F8_P4_MMD1-84A_L001	Post_P5	P5	Non-responder	anti-PD1	2528	8.82	3.02654489276627
G11_P3_MMD1-84A_L001	Post_P5	P5	Non-responder	anti-PD1	1911	9.92	1.13476735732461
G2_P2_MMD1-84A_L001	Post_P5	P5	Non-responder	anti-PD1	1640	10.7	0.0992975281715736
G3_P1_MMD1-84A_L001	Post_P5	P5	Non-responder	anti-PD1	2298	7.24	2.22325154489277
G8_P1_MMD1-84A_L001	Post_P5	P5	Non-responder	anti-PD1	2180	10.45	2.74675027262813
G9_P2_MMD1-84A_L001	Post_P5	P5	Non-responder	anti-PD1	3599	11.38	3.39806343147947
H10_P2_MMD1-84A_L001	Post_P5	P5	Non-responder	anti-PD1	1301	10.12	0.758258814976371
H11_P1_MMD1-84A_L001	Post_P5	P5	Non-responder	anti-PD1	2323	3.4	1.66605416212287
H11_P2_MMD1-84A_L001	Post_P5	P5	Non-responder	anti-PD1	1424	10.27	1.62114140312614
H12_P2_MMD1-84A_L001	Post_P5	P5	Non-responder	anti-PD1	1749	10.81	0.3995110868775
H2_P2_MMD1-84A_L001	Post_P5	P5	Non-responder	anti-PD1	1725	10.45	0.057797164667396
H2_P3_MMD1-84A_L001	Post_P5	P5	Non-responder	anti-PD1	1348	8.9	4.98583696837514
H2_P4_MMD1-84A_L001	Post_P5	P5	Non-responder	anti-PD1	1719	0	1.1500590694293
H5_P1_MMD1-84A_L001	Post_P5	P5	Non-responder	anti-PD1	2015	9.61	1.89979643765903
H5_P3_MMD1-84A_L001	Post_P5	P5	Non-responder	anti-PD1	3054	8.72	1.40446383133406
H6_P3_MMD1-84A_L001	Post_P5	P5	Non-responder	anti-PD1	1722	9.78	1.26464921846601
H7_P1_MMD1-84A_L001	Post_P5	P5	Non-responder	anti-PD1	1822	9.62	-0.974168484187567
H7_P2_MMD1-84A_L001	Post_P5	P5	Non-responder	anti-PD1	2347	7.65	0.385271719374771
H9_P3_MMD1-84A_L001	Post_P5	P5	Non-responder	anti-PD1	3636	10.72	2.82575245365322
A10_P2_MMD1-84B_L001	Post_P5_2	P5_2	Responder	anti-PD1	1800	10.01	-0.516274082151943
A10_P4_MMD1-84B_L001	Post_P5_2	P5_2	Responder	anti-PD1	1492	9.94	-0.259832788077065
A11_P1_MMD1-84B_L001	Post_P5_2	P5_2	Responder	anti-PD1	1513	11.08	1.07072791712105
A11_P3_MMD1-84B_L001	Post_P5_2	P5_2	Responder	anti-PD1	1677	0	-0.133032533624136
A12_P2_MMD1-84B_L001	Post_P5_2	P5_2	Responder	anti-PD1	1807	0	0.094384769174845
A12_P4_MMD1-84B_L001	Post_P5_2	P5_2	Responder	anti-PD1	1935	0	1.14193656852054
A2_P1_MMD1-84B_L001	Post_P5_2	P5_2	Responder	anti-PD1	2090	0	0.602313704107597
A3_P2_MMD1-84B_L001	Post_P5_2	P5_2	Responder	anti-PD1	1883	9.47	1.28022537259178
A3_P3_MMD1-84B_L001	Post_P5_2	P5_2	Responder	anti-PD1	1453	0	2.71591784805525
A4_P2_MMD1-84B_L001	Post_P5_2	P5_2	Responder	anti-PD1	1879	0	-1.10679752817157
A5_P2_MMD1-84B_L001	Post_P5_2	P5_2	Responder	anti-PD1	1872	0	1.5454280261723
A6_P2_MMD1-84B_L001	Post_P5_2	P5_2	Responder	anti-PD1	1674	0	2.84417848055252
A7_P2_MMD1-84B_L001	Post_P5_2	P5_2	Responder	anti-PD1	1765	0	0.453089785532535
A7_P4_MMD1-84B_L001	Post_P5_2	P5_2	Responder	anti-PD1	1559	0	0.119241185023627
A8_P1_MMD1-84B_L001	Post_P5_2	P5_2	Responder	anti-PD1	1401	0	-0.795846964740093
A8_P2_MMD1-84B_L001	Post_P5_2	P5_2	Responder	anti-PD1	1965	0	1.18326335877863
A8_P4_MMD1-84B_L001	Post_P5_2	P5_2	Responder	anti-PD1	1842	0	0.980672482733552
A9_P2_MMD1-84B_L001	Post_P5_2	P5_2	Responder	anti-PD1	2038	9.39	2.15380134496547
B12_P4_MMD1-84B_L001	Post_P5_2	P5_2	Responder	anti-PD1	1647	0	0.439236641221376
B1_P2_MMD1-84B_L001	Post_P5_2	P5_2	Responder	anti-PD1	1912	0	2.37546165030898
B2_P1_MMD1-84B_L001	Post_P5_2	P5_2	Responder	anti-PD1	1305	0	-0.617532715376227
B3_P1_MMD1-84B_L001	Post_P5_2	P5_2	Responder	anti-PD1	2169	0	0.583317884405674
B3_P3_MMD1-84B_L001	Post_P5_2	P5_2	Responder	anti-PD1	1726	10.71	2.27113140676118
B4_P1_MMD1-84B_L001	Post_P5_2	P5_2	Responder	anti-PD1	1880	8.25	3.2485405307161
B4_P3_MMD1-84B_L001	Post_P5_2	P5_2	Responder	anti-PD1	4453	9.06	3.65703380588877
B7_P2_MMD1-84B_L001	Post_P5_2	P5_2	Responder	anti-PD1	1906	9.51	0.948167030170846
B8_P2_MMD1-84B_L001	Post_P5_2	P5_2	Responder	anti-PD1	2527	7.2	3.44766085059978
B9_P3_MMD1-84B_L001	Post_P5_2	P5_2	Responder	anti-PD1	1788	1.68	0.808400581606692
C12_P2_MMD1-84B_L001	Post_P5_2	P5_2	Responder	anti-PD1	1908	0	0.116861141403124
C3_P1_MMD1-84B_L001	Post_P5_2	P5_2	Responder	anti-PD1	1564	0	-0.245103598691382
C4_P2_MMD1-84B_L001	Post_P5_2	P5_2	Responder	anti-PD1	1843	0	-1.14136404943657
C4_P4_MMD1-84B_L001	Post_P5_2	P5_2	Responder	anti-PD1	1634	10.06	1.13372955288986
C5_P3_MMD1-84B_L001	Post_P5_2	P5_2	Responder	anti-PD1	1912	0	0.189945474372954
C6_P1_MMD1-84B_L001	Post_P5_2	P5_2	Responder	anti-PD1	1786	0	-1.15511723009815
C6_P2_MMD1-84B_L001	Post_P5_2	P5_2	Responder	anti-PD1	1819	10.61	2.32406306797528
C7_P1_MMD1-84B_L001	Post_P5_2	P5_2	Responder	anti-PD1	2092	0	1.62273900399855
C7_P4_MMD1-84B_L001	Post_P5_2	P5_2	Responder	anti-PD1	1841	9.63	-0.14056343147946
C9_P2_MMD1-84B_L001	Post_P5_2	P5_2	Responder	anti-PD1	1583	0	0.302814431115963
D10_P3_MMD1-84B_L001	Post_P5_2	P5_2	Responder	anti-PD1	1649	0	-1.19763994910941
D10_P4_MMD1-84B_L001	Post_P5_2	P5_2	Responder	anti-PD1	1393	0	0.272220101781173
D12_P1_MMD1-84B_L001	Post_P5_2	P5_2	Responder	anti-PD1	1463	11.2	1.03886677571792
D12_P4_MMD1-84B_L001	Post_P5_2	P5_2	Responder	anti-PD1	1245	0	-1.55608142493639
D1_P4_MMD1-84B_L001	Post_P5_2	P5_2	Responder	anti-PD1	2086	10.98	1.97070156306798
D2_P1_MMD1-84B_L001	Post_P5_2	P5_2	Responder	anti-PD1	1880	8.94	2.63655761541258
D2_P2_MMD1-84B_L001	Post_P5_2	P5_2	Responder	anti-PD1	2115	9.89	3.03351599418393
D2_P3_MMD1-84B_L001	Post_P5_2	P5_2	Responder	anti-PD1	1438	0	-0.204688295165396
D3_P1_MMD1-84B_L001	Post_P5_2	P5_2	Responder	anti-PD1	1719	9.87	0.676802980734281
D4_P1_MMD1-84B_L001	Post_P5_2	P5_2	Responder	anti-PD1	1850	8.29	3.23714194838241
D4_P3_MMD1-84B_L001	Post_P5_2	P5_2	Responder	anti-PD1	1266	9.94	-0.468015267175574
D5_P2_MMD1-84B_L001	Post_P5_2	P5_2	Responder	anti-PD1	1568	10	-0.634397491821155
D5_P3_MMD1-84B_L001	Post_P5_2	P5_2	Responder	anti-PD1	1349	0	1.95840421664849
D5_P4_MMD1-84B_L001	Post_P5_2	P5_2	Responder	anti-PD1	1824	0	2.76319338422392
D6_P2_MMD1-84B_L001	Post_P5_2	P5_2	Responder	anti-PD1	1518	11.69	2.97529352962559
D6_P3_MMD1-84B_L001	Post_P5_2	P5_2	Responder	anti-PD1	1739	0	2.12617320974191
D7_P3_MMD1-84B_L001	Post_P5_2	P5_2	Responder	anti-PD1	1785	0	1.83143402399128
D7_P4_MMD1-84B_L001	Post_P5_2	P5_2	Responder	anti-PD1	1581	0	0.316405852417303
D9_P2_MMD1-84B_L001	Post_P5_2	P5_2	Responder	anti-PD1	2046	9.55	2.1838449654671
D9_P4_MMD1-84B_L001	Post_P5_2	P5_2	Responder	anti-PD1	1369	7.2	0.60193565976009
E11_P1_MMD1-84B_L001	Post_P5_2	P5_2	Responder	anti-PD1	1825	9.5	1.12581152308251
E11_P2_MMD1-84B_L001	Post_P5_2	P5_2	Responder	anti-PD1	1885	1.82	2.36235187204653
E2_P4_MMD1-84B_L001	Post_P5_2	P5_2	Responder	anti-PD1	3531	7.4	0.615903307888036
E3_P4_MMD1-84B_L001	Post_P5_2	P5_2	Responder	anti-PD1	1766	0	-0.368501454016721
E5_P1_MMD1-84B_L001	Post_P5_2	P5_2	Responder	anti-PD1	1910	0	1.67051890221737
E5_P3_MMD1-84B_L001	Post_P5_2	P5_2	Responder	anti-PD1	1686	9.78	0.507403671392217
E6_P3_MMD1-84B_L001	Post_P5_2	P5_2	Responder	anti-PD1	1438	10.74	0.654890039985462
E8_P1_MMD1-84B_L001	Post_P5_2	P5_2	Responder	anti-PD1	1657	7.81	2.40703017084697
E8_P3_MMD1-84B_L001	Post_P5_2	P5_2	Responder	anti-PD1	1639	0	1.58253544165758
F10_P4_MMD1-84B_L001	Post_P5_2	P5_2	Responder	anti-PD1	1735	7.21	1.92013722282806
F11_P1_MMD1-84B_L001	Post_P5_2	P5_2	Responder	anti-PD1	1937	0	1.12334423845874
F12_P4_MMD1-84B_L001	Post_P5_2	P5_2	Responder	anti-PD1	1612	9.9	1.25357324609233
F1_P4_MMD1-84B_L001	Post_P5_2	P5_2	Responder	anti-PD1	2122	9.26	0.413433296982916
F2_P4_MMD1-84B_L001	Post_P5_2	P5_2	Responder	anti-PD1	1314	0	1.08876317702654
F3_P1_MMD1-84B_L001	Post_P5_2	P5_2	Responder	anti-PD1	1642	10.17	2.48605688840422
F3_P3_MMD1-84B_L001	Post_P5_2	P5_2	Responder	anti-PD1	1335	0	2.3637195565249
F4_P2_MMD1-84B_L001	Post_P5_2	P5_2	Responder	anti-PD1	1717	9.9	1.86323882224645
F5_P2_MMD1-84B_L001	Post_P5_2	P5_2	Responder	anti-PD1	1999	9.54	0.322709923664122
F6_P1_MMD1-84B_L001	Post_P5_2	P5_2	Responder	anti-PD1	1616	0	0.958900399854597
F7_P2_MMD1-84B_L001	Post_P5_2	P5_2	Responder	anti-PD1	1642	0	3.27487459105779
F8_P2_MMD1-84B_L001	Post_P5_2	P5_2	Responder	anti-PD1	2463	7.6	3.46034714649219
F8_P4_MMD1-84B_L001	Post_P5_2	P5_2	Responder	anti-PD1	1576	10	1.35508542348237
F9_P3_MMD1-84B_L001	Post_P5_2	P5_2	Responder	anti-PD1	1766	0	0.775816066884771
G10_P1_MMD1-84B_L001	Post_P5_2	P5_2	Responder	anti-PD1	1949	9.23	-0.0740985096328597
G11_P2_MMD1-84B_L001	Post_P5_2	P5_2	Responder	anti-PD1	1638	0	2.63947291893857
G11_P3_MMD1-84B_L001	Post_P5_2	P5_2	Responder	anti-PD1	1686	0	-0.179651944747366
G1_P1_MMD1-84B_L001	Post_P5_2	P5_2	Responder	anti-PD1	1996	0	2.0676826608506
G3_P3_MMD1-84B_L001	Post_P5_2	P5_2	Responder	anti-PD1	1715	10.86	2.10570428934933
G4_P1_MMD1-84B_L001	Post_P5_2	P5_2	Responder	anti-PD1	2104	0	3.37284260268993
G5_P3_MMD1-84B_L001	Post_P5_2	P5_2	Responder	anti-PD1	1573	9.78	2.66662395492548
G6_P2_MMD1-84B_L001	Post_P5_2	P5_2	Responder	anti-PD1	1772	10.59	1.37169120319884
G7_P4_MMD1-84B_L001	Post_P5_2	P5_2	Responder	anti-PD1	1759	0	2.3640848782261
G8_P4_MMD1-84B_L001	Post_P5_2	P5_2	Responder	anti-PD1	1434	0	1.23702290076336
G9_P2_MMD1-84B_L001	Post_P5_2	P5_2	Responder	anti-PD1	1997	0	1.92005361686659
H11_P3_MMD1-84B_L001	Post_P5_2	P5_2	Responder	anti-PD1	1421	8.46	0.568206106870228
H12_P1_MMD1-84B_L001	Post_P5_2	P5_2	Responder	anti-PD1	1468	0	0.923261541257722
H1_P1_MMD1-84B_L001	Post_P5_2	P5_2	Responder	anti-PD1	1841	11.32	1.67278262450018
H2_P3_MMD1-84B_L001	Post_P5_2	P5_2	Responder	anti-PD1	2009	8.6	1.79246455834242
H4_P1_MMD1-84B_L001	Post_P5_2	P5_2	Responder	anti-PD1	2114	0	3.24518720465285
H5_P2_MMD1-84B_L001	Post_P5_2	P5_2	Responder	anti-PD1	1638	0	-0.677597237368232
H9_P3_MMD1-84B_L001	Post_P5_2	P5_2	Responder	anti-PD1	1582	7.94	0.695951472191932
A11_P2_M67_L001	Post_P6	P6	Non-responder	anti-PD1	2855	11.62	3.17610868774991
A3_P4_M67_L001	Post_P6	P6	Non-responder	anti-PD1	2804	8.47	3.47546528535078
A4_P1_M67_L001	Post_P6	P6	Non-responder	anti-PD1	3393	10.83	3.24935750636132
A5_P3_M67_L001	Post_P6	P6	Non-responder	anti-PD1	2432	9.28	0.867848964013088
A6_P2_M67_L001	Post_P6	P6	Non-responder	anti-PD1	3218	0	1.27436568520538
A7_P1_M67_L001	Post_P6	P6	Non-responder	anti-PD1	2020	10.84	0.686653944020355
B12_P3_M67_L001	Post_P6	P6	Non-responder	anti-PD1	3884	7.94	2.32655761541258
B1_P3_M67_L001	Post_P6	P6	Non-responder	anti-PD1	5356	9.77	2.51229552889859
B5_P3_M67_L001	Post_P6	P6	Non-responder	anti-PD1	3855	10	2.06168393311523
C10_P1_M67_L001	Post_P6	P6	Non-responder	anti-PD1	2528	8.18	1.39461650308979
C3_P2_M67_L001	Post_P6	P6	Non-responder	anti-PD1	2570	6.86	1.6181125045438
C3_P4_M67_L001	Post_P6	P6	Non-responder	anti-PD1	5150	10.09	2.36395492548164
C4_P1_M67_L001	Post_P6	P6	Non-responder	anti-PD1	2341	9.05	-0.314938204289348
C5_P4_M67_L001	Post_P6	P6	Non-responder	anti-PD1	4647	9.99	2.37433751363141
C6_P3_M67_L001	Post_P6	P6	Non-responder	anti-PD1	3592	9.77	0.862558160668847
C6_P4_M67_L001	Post_P6	P6	Non-responder	anti-PD1	4083	9.91	2.98571155943293
C7_P4_M67_L001	Post_P6	P6	Non-responder	anti-PD1	4236	10.41	2.29812522719011
C9_P3_M67_L001	Post_P6	P6	Non-responder	anti-PD1	4038	10.64	2.95941657579062
D12_P3_M67_L001	Post_P6	P6	Non-responder	anti-PD1	5950	11.13	2.68338331515812
D1_P1_M67_L001	Post_P6	P6	Non-responder	anti-PD1	3225	9.3	-0.498483278807711
D5_P4_M67_L001	Post_P6	P6	Non-responder	anti-PD1	2747	9.32	-0.115121773900396
D6_P4_M67_L001	Post_P6	P6	Non-responder	anti-PD1	4084	9.3	3.15414303889495
D7_P2_M67_L001	Post_P6	P6	Non-responder	anti-PD1	4661	9.99	1.33190657942566
D7_P3_M67_L001	Post_P6	P6	Non-responder	anti-PD1	2893	8.92	2.84116775717921
D8_P1_M67_L001	Post_P6	P6	Non-responder	anti-PD1	4003	10.93	1.72244547437295
E12_P2_M67_L001	Post_P6	P6	Non-responder	anti-PD1	3790	11.08	3.4108469647401
E2_P1_M67_L001	Post_P6	P6	Non-responder	anti-PD1	2212	9.71	1.94360050890585
E2_P2_M67_L001	Post_P6	P6	Non-responder	anti-PD1	3008	9.35	2.76130679752817
E3_P1_M67_L001	Post_P6	P6	Non-responder	anti-PD1	3730	11.26	3.08761723009815
E6_P4_M67_L001	Post_P6	P6	Non-responder	anti-PD1	3285	9.16	3.97775717920756
E8_P1_M67_L001	Post_P6	P6	Non-responder	anti-PD1	5828	10.94	2.30513813158852
F10_P2_M67_L001	Post_P6	P6	Non-responder	anti-PD1	3008	10.95	2.90924391130498
F11_P2_M67_L001	Post_P6	P6	Non-responder	anti-PD1	4217	10.41	3.28073609596511
F12_P2_M67_L001	Post_P6	P6	Non-responder	anti-PD1	4229	11.21	3.17949472918938
F2_P1_M67_L001	Post_P6	P6	Non-responder	anti-PD1	3075	7.96	3.0864058524173
F2_P3_M67_L001	Post_P6	P6	Non-responder	anti-PD1	2881	7.32	1.86136950199927
F4_P4_M67_L001	Post_P6	P6	Non-responder	anti-PD1	4742	10.97	2.6130925118139
F7_P3_M67_L001	Post_P6	P6	Non-responder	anti-PD1	2449	10.91	3.82537713558706
F8_P4_M67_L001	Post_P6	P6	Non-responder	anti-PD1	4080	10.24	2.31230643402399
G10_P3_M67_L001	Post_P6	P6	Non-responder	anti-PD1	4085	9.3	1.79135950563432
G1_P1_M67_L001	Post_P6	P6	Non-responder	anti-PD1	2582	10.08	3.97650399854599
G1_P3_M67_L001	Post_P6	P6	Non-responder	anti-PD1	6283	10.66	1.53370865139949
G1_P4_M67_L001	Post_P6	P6	Non-responder	anti-PD1	4932	9.94	1.80536623046165
G3_P4_M67_L001	Post_P6	P6	Non-responder	anti-PD1	2773	8.54	3.33749363867684
G5_P2_M67_L001	Post_P6	P6	Non-responder	anti-PD1	3802	11.43	3.05499182115594
G5_P4_M67_L001	Post_P6	P6	Non-responder	anti-PD1	3986	9.67	2.57559887313704
G6_P4_M67_L001	Post_P6	P6	Non-responder	anti-PD1	4622	10.55	2.64401490367139
G8_P3_M67_L001	Post_P6	P6	Non-responder	anti-PD1	5940	10.62	2.5924263904035
G8_P4_M67_L001	Post_P6	P6	Non-responder	anti-PD1	3324	9.88	2.96889949109415
G9_P3_M67_L001	Post_P6	P6	Non-responder	anti-PD1	5223	10.74	2.58598964013085
G9_P4_M67_L001	Post_P6	P6	Non-responder	anti-PD1	4335	10.44	2.31435023627772
H5_P1_M67_L001	Post_P6	P6	Non-responder	anti-PD1	2663	8.93	1.07544256633951
H5_P4_M67_L001	Post_P6	P6	Non-responder	anti-PD1	5195	10.41	1.46634223918575
H9_P2_M67_L001	Post_P6	P6	Non-responder	anti-PD1	1281	0	2.48412849872774
A10_P6_M63-B1	Post_P7	P7	Responder	anti-CTLA4+PD1	3112	10.09	1.56439749182115
A11_P8_M63-B1	Post_P7	P7	Responder	anti-CTLA4+PD1	2064	9.98	2.3141494002181
A12_P8_M63-B1	Post_P7	P7	Responder	anti-CTLA4+PD1	2267	9.23	1.14074336604871
A3_P8_M63-B1	Post_P7	P7	Responder	anti-CTLA4+PD1	2000	9.63	2.16485096328608
A4_P6_M63-B1	Post_P7	P7	Responder	anti-CTLA4+PD1	1992	9.55	0.96429116684842
B11_P7_M63-B1	Post_P7	P7	Responder	anti-CTLA4+PD1	1881	0	1.70596510359869
B1_P7_M63-B1	Post_P7	P7	Responder	anti-CTLA4+PD1	1825	0	1.63596510359869
B5_P6_M63-B1	Post_P7	P7	Responder	anti-CTLA4+PD1	2056	0	2.15421846601236
B6_P6_M63-B1	Post_P7	P7	Responder	anti-CTLA4+PD1	3004	0	1.29777535441658
B7_P7_M63-B1	Post_P7	P7	Responder	anti-CTLA4+PD1	2145	0	2.92208378771356
B8_P6_M63-B1	Post_P7	P7	Responder	anti-CTLA4+PD1	2948	0	1.30083242457288
B9_P6_M63-B1	Post_P7	P7	Responder	anti-CTLA4+PD1	2374	10.42	1.94682297346419
C10_P7_M63-B1	Post_P7	P7	Responder	anti-CTLA4+PD1	2612	10.22	3.36443111595783
C12_P7_M63-B1	Post_P7	P7	Responder	anti-CTLA4+PD1	2633	10.07	3.35815794256634
C2_P8_M63-B1	Post_P7	P7	Responder	anti-CTLA4+PD1	2909	11.05	3.57534896401309
C5_P7_M63-B1	Post_P7	P7	Responder	anti-CTLA4+PD1	2002	0	1.13998455107234
C6_P6_M63-B1	Post_P7	P7	Responder	anti-CTLA4+PD1	4485	11.63	2.28183933115231
C6_P9_M63-B1	Post_P7	P7	Responder	anti-CTLA4+PD1	2679	11.32	3.92635314431116
C7_P7_M63-B1	Post_P7	P7	Responder	anti-CTLA4+PD1	3392	10.14	2.04446837513632
C7_P9_M63-B1	Post_P7	P7	Responder	anti-CTLA4+PD1	2296	11.21	5.82290439840058
D11_P6_M63-B1	Post_P7	P7	Responder	anti-CTLA4+PD1	2581	9.19	1.23391403126136
D11_P8_M63-B1	Post_P7	P7	Responder	anti-CTLA4+PD1	2951	10.66	3.22491275899673
D12_P6_M63-B1	Post_P7	P7	Responder	anti-CTLA4+PD1	2530	11.32	1.46618047982552
D12_P9_M63-B1	Post_P7	P7	Responder	anti-CTLA4+PD1	1724	0	0.194504725554345
D1_P8_M63-B1	Post_P7	P7	Responder	anti-CTLA4+PD1	2926	9.47	1.29570156306797
D3_P6_M63-B1	Post_P7	P7	Responder	anti-CTLA4+PD1	2499	11.26	1.59741548527808
D6_P9_M63-B1	Post_P7	P7	Responder	anti-CTLA4+PD1	1528	0	-1.02206197746274
E10_P7_M63-B1	Post_P7	P7	Responder	anti-CTLA4+PD1	1909	0	1.6327417302799
E2_P7_M63-B1	Post_P7	P7	Responder	anti-CTLA4+PD1	1978	0	1.58858778625955
E4_P6_M63-B1	Post_P7	P7	Responder	anti-CTLA4+PD1	2656	8.52	2.73118956743003
F10_P9_M63-B1	Post_P7	P7	Responder	anti-CTLA4+PD1	1432	0	-0.615874227553619
F11_P8_M63-B1	Post_P7	P7	Responder	anti-CTLA4+PD1	2098	9.72	0.891478553253363
F11_P9_M63-B1	Post_P7	P7	Responder	anti-CTLA4+PD1	2700	9.26	2.69775899672846
F2_P6_M63-B1	Post_P7	P7	Responder	anti-CTLA4+PD1	2545	11.03	3.91361504907307
F2_P7_M63-B1	Post_P7	P7	Responder	anti-CTLA4+PD1	3333	9.24	2.13198109778263
F4_P6_M63-B1	Post_P7	P7	Responder	anti-CTLA4+PD1	1552	0	1.07458287895311
F4_P7_M63-B1	Post_P7	P7	Responder	anti-CTLA4+PD1	3368	9.32	2.17022355507088
F4_P9_M63-B1	Post_P7	P7	Responder	anti-CTLA4+PD1	1249	0	1.35574790985096
F5_P7_M63-B1	Post_P7	P7	Responder	anti-CTLA4+PD1	1942	10.23	2.04571882951654
F7_P6_M63-B1	Post_P7	P7	Responder	anti-CTLA4+PD1	2796	9.11	1.67465921483097
F7_P9_M63-B1	Post_P7	P7	Responder	anti-CTLA4+PD1	3812	10.67	1.65281988367866
F8_P6_M63-B1	Post_P7	P7	Responder	anti-CTLA4+PD1	1778	0	-0.128254271174117
G2_P7_M63-B1	Post_P7	P7	Responder	anti-CTLA4+PD1	1388	0	0.203445110868775
G8_P8_M63-B1	Post_P7	P7	Responder	anti-CTLA4+PD1	2428	9.1	2.32964558342421
H11_P6_M63-B1	Post_P7	P7	Responder	anti-CTLA4+PD1	1904	9.03	0.833552344601963
H12_P6_M63-B1	Post_P7	P7	Responder	anti-CTLA4+PD1	1987	8.89	0.305285350781534
H1_P7_M63-B1	Post_P7	P7	Responder	anti-CTLA4+PD1	3467	9.54	2.20745728825881
H5_P7_M63-B1	Post_P7	P7	Responder	anti-CTLA4+PD1	2264	0	3.32137404580152
H7_P9_M63-B1	Post_P7	P7	Responder	anti-CTLA4+PD1	2205	9.94	1.01587695383497
H9_P7_M63-B1	Post_P7	P7	Responder	anti-CTLA4+PD1	2291	0	3.28111595783352
A10_P3_MMD5_L001	Post_P8	P8	Responder	anti-CTLA4+PD1	1755	0	0.323978553253363
A12_P3_MMD5_L001	Post_P8	P8	Responder	anti-CTLA4+PD1	2352	9.18	3.24575790621592
A2_P11_MMD5_L001	Post_P8	P8	Responder	anti-CTLA4+PD1	1451	9.96	1.57893220647037
A5_P11_MMD5_L001	Post_P8	P8	Responder	anti-CTLA4+PD1	1755	9.67	1.34588331515812
A7_P11_MMD5_L001	Post_P8	P8	Responder	anti-CTLA4+PD1	1323	0	1.48042711741185
A8_P3_MMD5_L001	Post_P8	P8	Responder	anti-CTLA4+PD1	2582	8.63	1.10991366775718
B10_P3_MMD5_L001	Post_P8	P8	Responder	anti-CTLA4+PD1	2212	0	2.8843302435478
B10_P9_MMD5_L001	Post_P8	P8	Responder	anti-CTLA4+PD1	1830	0	1.00288167938931
B11_P3_MMD5_L001	Post_P8	P8	Responder	anti-CTLA4+PD1	1913	1.55	1.35248455107234
B1_P10_MMD5_L001	Post_P8	P8	Responder	anti-CTLA4+PD1	2021	1.74	-0.558147037440933
B3_P9_MMD5_L001	Post_P8	P8	Responder	anti-CTLA4+PD1	1484	0	1.89099691021447
B4_P3_MMD5_L001	Post_P8	P8	Responder	anti-CTLA4+PD1	1942	2.58	2.04342602689931
B5_P11_MMD5_L001	Post_P8	P8	Responder	anti-CTLA4+PD1	1195	0	-0.313279716466738
C11_P3_MMD5_L001	Post_P8	P8	Responder	anti-CTLA4+PD1	1589	9.67	-0.214873682297345
C12_P3_MMD5_L001	Post_P8	P8	Responder	anti-CTLA4+PD1	2203	0	0.617466375863323
C2_P10_MMD5_L001	Post_P8	P8	Responder	anti-CTLA4+PD1	1649	0	0.210935114503816
C2_P9_MMD5_L001	Post_P8	P8	Responder	anti-CTLA4+PD1	1890	8.38	2.90050890585242
C5_P10_MMD5_L001	Post_P8	P8	Responder	anti-CTLA4+PD1	1562	10.69	-0.598271537622683
C5_P11_MMD5_L001	Post_P8	P8	Responder	anti-CTLA4+PD1	1580	9.99	0.0245374409305708
C6_P9_MMD5_L001	Post_P8	P8	Responder	anti-CTLA4+PD1	1500	0	0.470016357688114
C7_P3_MMD5_L001	Post_P8	P8	Responder	anti-CTLA4+PD1	1344	0	0.482573609596511
C8_P10_MMD5_L001	Post_P8	P8	Responder	anti-CTLA4+PD1	1787	0	-1.05533078880407
C8_P3_MMD5_L001	Post_P8	P8	Responder	anti-CTLA4+PD1	2011	9.52	-2.32964921846601
C8_P9_MMD5_L001	Post_P8	P8	Responder	anti-CTLA4+PD1	1428	0	-0.900081788440567
C9_P10_MMD5_L001	Post_P8	P8	Responder	anti-CTLA4+PD1	1969	11.41	3.47319611050527
D10_P10_MMD5_L001	Post_P8	P8	Responder	anti-CTLA4+PD1	1909	9.64	3.19279625590694
D11_P11_MMD5_L001	Post_P8	P8	Responder	anti-CTLA4+PD1	1773	0	0.111084151217741
D11_P3_MMD5_L001	Post_P8	P8	Responder	anti-CTLA4+PD1	2286	8.38	1.33574336604871
D1_P3_MMD5_L001	Post_P8	P8	Responder	anti-CTLA4+PD1	1688	0	0.823275172664484
D2_P3_MMD5_L001	Post_P8	P8	Responder	anti-CTLA4+PD1	1986	0	-2.33492275536168
D3_P3_MMD5_L001	Post_P8	P8	Responder	anti-CTLA4+PD1	1667	0	0.805482551799345
D5_P11_MMD5_L001	Post_P8	P8	Responder	anti-CTLA4+PD1	1491	10.47	2.43331697564522
D6_P3_MMD5_L001	Post_P8	P8	Responder	anti-CTLA4+PD1	1662	0	-2.05025081788441
D7_P3_MMD5_L001	Post_P8	P8	Responder	anti-CTLA4+PD1	2225	10.13	3.14996001454017
D8_P11_MMD5_L001	Post_P8	P8	Responder	anti-CTLA4+PD1	1405	0	1.85323882224645
E10_P10_MMD5_L001	Post_P8	P8	Responder	anti-CTLA4+PD1	1729	0	0.952140130861505
E12_P3_MMD5_L001	Post_P8	P8	Responder	anti-CTLA4+PD1	6070	10.57	1.9366439476554
E12_P9_MMD5_L001	Post_P8	P8	Responder	anti-CTLA4+PD1	1571	0	0.580631588513268
E3_P3_MMD5_L001	Post_P8	P8	Responder	anti-CTLA4+PD1	2267	0	3.13721101417667
E6_P3_MMD5_L001	Post_P8	P8	Responder	anti-CTLA4+PD1	2480	8.94	1.33597873500545
E7_P10_MMD5_L001	Post_P8	P8	Responder	anti-CTLA4+PD1	1850	1.66	0.550249000363503
E7_P11_MMD5_L001	Post_P8	P8	Responder	anti-CTLA4+PD1	1452	0	2.25179207560887
E7_P3_MMD5_L001	Post_P8	P8	Responder	anti-CTLA4+PD1	2269	0	1.16967829880044
E9_P11_MMD5_L001	Post_P8	P8	Responder	anti-CTLA4+PD1	1556	0	0.551033260632497
F10_P11_MMD5_L001	Post_P8	P8	Responder	anti-CTLA4+PD1	2024	0	2.12187749909124
F11_P9_MMD5_L001	Post_P8	P8	Responder	anti-CTLA4+PD1	2661	9.27	0.588595056343145
F1_P11_MMD5_L001	Post_P8	P8	Responder	anti-CTLA4+PD1	2232	0	2.22239094874591
F4_P9_MMD5_L001	Post_P8	P8	Responder	anti-CTLA4+PD1	1959	7.99	1.51873682297347
F7_P9_MMD5_L001	Post_P8	P8	Responder	anti-CTLA4+PD1	1588	0	-0.926267720828788
F8_P3_MMD5_L001	Post_P8	P8	Responder	anti-CTLA4+PD1	1745	11.56	0.495011813885859
G1_P11_MMD5_L001	Post_P8	P8	Responder	anti-CTLA4+PD1	1369	0	-1.43878407851691
G2_P3_MMD5_L001	Post_P8	P8	Responder	anti-CTLA4+PD1	2947	0	1.66129861868411
G3_P10_MMD5_L001	Post_P8	P8	Responder	anti-CTLA4+PD1	1800	9.73	0.598421483097052
G4_P9_MMD5_L001	Post_P8	P8	Responder	anti-CTLA4+PD1	1214	0	0.84940294438386
G7_P11_MMD5_L001	Post_P8	P8	Responder	anti-CTLA4+PD1	1720	0	-0.513873137041075
G7_P3_MMD5_L001	Post_P8	P8	Responder	anti-CTLA4+PD1	2351	9.05	2.6251308615049
G7_P9_MMD5_L001	Post_P8	P8	Responder	anti-CTLA4+PD1	2041	5.95	1.45528807706289
H10_P11_MMD5_L001	Post_P8	P8	Responder	anti-CTLA4+PD1	1566	0	1.08087422755362
H10_P3_MMD5_L001	Post_P8	P8	Responder	anti-CTLA4+PD1	1734	0	1.50173845874228
H10_P9_MMD5_L001	Post_P8	P8	Responder	anti-CTLA4+PD1	1906	0	1.65986550345329
H11_P9_MMD5_L001	Post_P8	P8	Responder	anti-CTLA4+PD1	2417	9.85	1.4089058524173
H12_P11_MMD5_L001	Post_P8	P8	Responder	anti-CTLA4+PD1	1549	0	0.156384042166486
H1_P10_MMD5_L001	Post_P8	P8	Responder	anti-CTLA4+PD1	2143	0	-0.276504907306431
H2_P9_MMD5_L001	Post_P8	P8	Responder	anti-CTLA4+PD1	1647	0	1.50605325336242
H4_P3_MMD5_L001	Post_P8	P8	Responder	anti-CTLA4+PD1	1613	0	1.70704198473283
H9_P11_MMD5_L001	Post_P8	P8	Responder	anti-CTLA4+PD1	1888	0	1.62419120319884
A10_P8_MMD2-36B_L001	Post_P10	P10	Non-responder	anti-PD1	2250	3.98	3.71477008360596
A10_P9_MMD2-36B_L001	Post_P10	P10	Non-responder	anti-PD1	2222	0	4.06698291530353
A12_P10_MMD2-36B_L001	Post_P10	P10	Non-responder	anti-PD1	2076	0	1.36930116321338
A12_P6_MMD2-36B_L001	Post_P10	P10	Non-responder	anti-PD1	2754	8.81	2.63364412940749
A2_P10_MMD2-36B_L001	Post_P10	P10	Non-responder	anti-PD1	1357	9.92	1.6592011995638
A2_P8_MMD2-36B_L001	Post_P10	P10	Non-responder	anti-PD1	2283	9.15	0.838446019629226
A2_P9_MMD2-36B_L001	Post_P10	P10	Non-responder	anti-PD1	2148	10.78	3.07418211559433
A3_P6_MMD2-36B_L001	Post_P10	P10	Non-responder	anti-PD1	2708	9.29	3.42083242457288
A4_P10_MMD2-36B_L001	Post_P10	P10	Non-responder	anti-PD1	2528	10.07	3.45954925481643
A6_P6_MMD2-36B_L001	Post_P10	P10	Non-responder	anti-PD1	3065	10.68	1.79200472555434
A6_P8_MMD2-36B_L001	Post_P10	P10	Non-responder	anti-PD1	3299	10.39	3.05929571065067
A7_P10_MMD2-36B_L001	Post_P10	P10	Non-responder	anti-PD1	2417	0	1.9034741912032
A7_P8_MMD2-36B_L001	Post_P10	P10	Non-responder	anti-PD1	1872	11.39	2.43699291166848
A7_P9_MMD2-36B_L001	Post_P10	P10	Non-responder	anti-PD1	2172	9.57	3.35151490367139
A8_P9_MMD2-36B_L001	Post_P10	P10	Non-responder	anti-PD1	2056	0	2.44854870956016
B11_P8_MMD2-36B_L001	Post_P10	P10	Non-responder	anti-PD1	1928	10.51	1.21055252635405
B11_P9_MMD2-36B_L001	Post_P10	P10	Non-responder	anti-PD1	1917	9.89	1.57890494365685
B12_P6_MMD2-36B_L001	Post_P10	P10	Non-responder	anti-PD1	4649	10.63	3.52434841875681
B12_P9_MMD2-36B_L001	Post_P10	P10	Non-responder	anti-PD1	2496	10.62	1.11734551072337
B1_P6_MMD2-36B_L001	Post_P10	P10	Non-responder	anti-PD1	1663	10.69	-0.809165757906214
B2_P8_MMD2-36B_L001	Post_P10	P10	Non-responder	anti-PD1	1754	10.3	1.23610687022901
B6_P10_MMD2-36B_L001	Post_P10	P10	Non-responder	anti-PD1	2735	9.64	1.9135941475827
B6_P8_MMD2-36B_L001	Post_P10	P10	Non-responder	anti-PD1	2656	0	1.57503271537623
B8_P9_MMD2-36B_L001	Post_P10	P10	Non-responder	anti-PD1	2137	9.65	0.960246274082151
B9_P8_MMD2-36B_L001	Post_P10	P10	Non-responder	anti-PD1	2457	11.07	2.59181479462014
C10_P10_MMD2-36B_L001	Post_P10	P10	Non-responder	anti-PD1	4647	8.78	2.71625136314067
C12_P6_MMD2-36B_L001	Post_P10	P10	Non-responder	anti-PD1	2549	9.76	3.67664485641585
C12_P8_MMD2-36B_L001	Post_P10	P10	Non-responder	anti-PD1	2310	0	1.09872773536896
C1_P6_MMD2-36B_L001	Post_P10	P10	Non-responder	anti-PD1	4314	9.7	1.79002998909487
C2_P6_MMD2-36B_L001	Post_P10	P10	Non-responder	anti-PD1	2529	10.24	2.08807342784442
C2_P9_MMD2-36B_L001	Post_P10	P10	Non-responder	anti-PD1	1812	9.88	2.23918393311523
C3_P9_MMD2-36B_L001	Post_P10	P10	Non-responder	anti-PD1	1649	11.66	3.22941021446747
C4_P9_MMD2-36B_L001	Post_P10	P10	Non-responder	anti-PD1	2018	0	1.25265267175572
C5_P10_MMD2-36B_L001	Post_P10	P10	Non-responder	anti-PD1	1615	8.29	1.34111686659396
C6_P9_MMD2-36B_L001	Post_P10	P10	Non-responder	anti-PD1	2976	0	1.50032624500182
C8_P9_MMD2-36B_L001	Post_P10	P10	Non-responder	anti-PD1	2060	10.07	1.32375499818248
C9_P10_MMD2-36B_L001	Post_P10	P10	Non-responder	anti-PD1	2079	0	1.10088695019993
D10_P8_MMD2-36B_L001	Post_P10	P10	Non-responder	anti-PD1	2619	1.66	0.753687749909123
D11_P10_MMD2-36B_L001	Post_P10	P10	Non-responder	anti-PD1	3121	9.84	1.29971374045801
D11_P9_MMD2-36B_L001	Post_P10	P10	Non-responder	anti-PD1	2055	0	-0.0804180298073427
D12_P9_MMD2-36B_L001	Post_P10	P10	Non-responder	anti-PD1	2410	11.04	1.79154852780807
D2_P8_MMD2-36B_L001	Post_P10	P10	Non-responder	anti-PD1	2757	7.6	1.67009541984733
D2_P9_MMD2-36B_L001	Post_P10	P10	Non-responder	anti-PD1	1515	8.84	-0.193772264631042
D3_P10_MMD2-36B_L001	Post_P10	P10	Non-responder	anti-PD1	1614	10.07	1.21809251181388
D4_P9_MMD2-36B_L001	Post_P10	P10	Non-responder	anti-PD1	2749	8.93	2.49734551072337
D6_P8_MMD2-36B_L001	Post_P10	P10	Non-responder	anti-PD1	2355	10.78	1.48493184296619
D7_P8_MMD2-36B_L001	Post_P10	P10	Non-responder	anti-PD1	2456	0	0.857395492548163
D8_P10_MMD2-36B_L001	Post_P10	P10	Non-responder	anti-PD1	1912	10.62	3.92060796074155
D9_P8_MMD2-36B_L001	Post_P10	P10	Non-responder	anti-PD1	2084	9.37	1.90629770992367
E10_P8_MMD2-36B_L001	Post_P10	P10	Non-responder	anti-PD1	1714	0	0.257502726281352
E11_P10_MMD2-36B_L001	Post_P10	P10	Non-responder	anti-PD1	2308	11.1	1.11194565612504
E11_P8_MMD2-36B_L001	Post_P10	P10	Non-responder	anti-PD1	3281	9.72	2.61099145765176
E12_P8_MMD2-36B_L001	Post_P10	P10	Non-responder	anti-PD1	2158	0	1.92074154852781
E1_P9_MMD2-36B_L001	Post_P10	P10	Non-responder	anti-PD1	2042	9.3	1.73131588513268
E2_P10_MMD2-36B_L001	Post_P10	P10	Non-responder	anti-PD1	1844	9.33	3.95685114503817
E2_P9_MMD2-36B_L001	Post_P10	P10	Non-responder	anti-PD1	1777	9.67	-0.999619229371138
E3_P10_MMD2-36B_L001	Post_P10	P10	Non-responder	anti-PD1	1906	1.91	2.45710468920393
E4_P10_MMD2-36B_L001	Post_P10	P10	Non-responder	anti-PD1	2778	0	2.05247818974918
E4_P6_MMD2-36B_L001	Post_P10	P10	Non-responder	anti-PD1	2499	9.64	3.22842420937841
E5_P8_MMD2-36B_L001	Post_P10	P10	Non-responder	anti-PD1	2492	0	0.0142148309705532
E6_P9_MMD2-36B_L001	Post_P10	P10	Non-responder	anti-PD1	1397	8.47	2.4480534351145
E7_P10_MMD2-36B_L001	Post_P10	P10	Non-responder	anti-PD1	2366	0	0.896573973100691
E7_P9_MMD2-36B_L001	Post_P10	P10	Non-responder	anti-PD1	2136	8.42	0.825378953107961
E8_P6_MMD2-36B_L001	Post_P10	P10	Non-responder	anti-PD1	2234	6.54	0.945696110505267
E8_P9_MMD2-36B_L001	Post_P10	P10	Non-responder	anti-PD1	2352	10.3	1.77927844420211
E9_P6_MMD2-36B_L001	Post_P10	P10	Non-responder	anti-PD1	2703	0	0.0780198109778243
F10_P6_MMD2-36B_L001	Post_P10	P10	Non-responder	anti-PD1	2812	10.43	2.82183115230825
F10_P8_MMD2-36B_L001	Post_P10	P10	Non-responder	anti-PD1	2716	10.98	3.29648037077427
F10_P9_MMD2-36B_L001	Post_P10	P10	Non-responder	anti-PD1	1938	0	0.467048346055983
F1_P10_MMD2-36B_L001	Post_P10	P10	Non-responder	anti-PD1	2642	9.31	2.71904125772446
F1_P8_MMD2-36B_L001	Post_P10	P10	Non-responder	anti-PD1	2159	0	1.59325881497638
F2_P10_MMD2-36B_L001	Post_P10	P10	Non-responder	anti-PD1	2939	9.08	2.44064521992003
F3_P9_MMD2-36B_L001	Post_P10	P10	Non-responder	anti-PD1	2052	9.42	3.43966830243548
F4_P6_MMD2-36B_L001	Post_P10	P10	Non-responder	anti-PD1	2623	0	-0.45031443111596
F4_P8_MMD2-36B_L001	Post_P10	P10	Non-responder	anti-PD1	2429	9.33	0.88954561977463
F4_P9_MMD2-36B_L001	Post_P10	P10	Non-responder	anti-PD1	2767	10.39	1.17743275172664
F6_P10_MMD2-36B_L001	Post_P10	P10	Non-responder	anti-PD1	3346	9.35	3.58711650308978
F6_P9_MMD2-36B_L001	Post_P10	P10	Non-responder	anti-PD1	3094	9.36	0.801003271537622
F8_P10_MMD2-36B_L001	Post_P10	P10	Non-responder	anti-PD1	1722	0	1.7303062522719
G10_P10_MMD2-36B_L001	Post_P10	P10	Non-responder	anti-PD1	4096	10.39	3.30568066157761
G10_P8_MMD2-36B_L001	Post_P10	P10	Non-responder	anti-PD1	2604	9.48	-0.828155216284986
G11_P8_MMD2-36B_L001	Post_P10	P10	Non-responder	anti-PD1	2086	10.77	3.33289621955653
G11_P9_MMD2-36B_L001	Post_P10	P10	Non-responder	anti-PD1	2688	0	2.0265830607052
G12_P8_MMD2-36B_L001	Post_P10	P10	Non-responder	anti-PD1	1768	9.93	3.82677480916031
G12_P9_MMD2-36B_L001	Post_P10	P10	Non-responder	anti-PD1	1833	10.36	1.35704471101418
G3_P8_MMD2-36B_L001	Post_P10	P10	Non-responder	anti-PD1	1660	0	3.74259269356598
G4_P8_MMD2-36B_L001	Post_P10	P10	Non-responder	anti-PD1	2858	9.7	3.99466830243548
G5_P10_MMD2-36B_L001	Post_P10	P10	Non-responder	anti-PD1	1869	0	0.336441294074882
G5_P6_MMD2-36B_L001	Post_P10	P10	Non-responder	anti-PD1	3599	4.36	1.11997909850963
G5_P8_MMD2-36B_L001	Post_P10	P10	Non-responder	anti-PD1	2216	0	-1.63962013813159
G6_P6_MMD2-36B_L001	Post_P10	P10	Non-responder	anti-PD1	3212	9.49	1.81209105779717
G6_P9_MMD2-36B_L001	Post_P10	P10	Non-responder	anti-PD1	2651	11.63	4.78447382769902
G7_P10_MMD2-36B_L001	Post_P10	P10	Non-responder	anti-PD1	2449	0	2.61970192657216
G7_P6_MMD2-36B_L001	Post_P10	P10	Non-responder	anti-PD1	4432	10.21	3.89778353326063
G7_P8_MMD2-36B_L001	Post_P10	P10	Non-responder	anti-PD1	4487	10.94	3.09301526717557
H10_P6_MMD2-36B_L001	Post_P10	P10	Non-responder	anti-PD1	2262	0	1.70941748455107
H12_P6_MMD2-36B_L001	Post_P10	P10	Non-responder	anti-PD1	2733	9.01	1.2417711741185
H1_P10_MMD2-36B_L001	Post_P10	P10	Non-responder	anti-PD1	1143	0	0.00135768811341319
H1_P8_MMD2-36B_L001	Post_P10	P10	Non-responder	anti-PD1	1938	0	4.30534714649218
H1_P9_MMD2-36B_L001	Post_P10	P10	Non-responder	anti-PD1	1829	9.94	2.75921119592875
H4_P8_MMD2-36B_L001	Post_P10	P10	Non-responder	anti-PD1	1803	0	-0.245417121046891
H5_P6_MMD2-36B_L001	Post_P10	P10	Non-responder	anti-PD1	3348	11.2	1.4428026172301
H5_P9_MMD2-36B_L001	Post_P10	P10	Non-responder	anti-PD1	2476	9.64	1.01451381315885
H7_P6_MMD2-36B_L001	Post_P10	P10	Non-responder	anti-PD1	2967	10.81	3.47099872773537
H7_P8_MMD2-36B_L001	Post_P10	P10	Non-responder	anti-PD1	3339	10.19	3.90637677208288
H8_P10_MMD2-36B_L001	Post_P10	P10	Non-responder	anti-PD1	3111	9.63	3.04915667030171
H8_P8_MMD2-36B_L001	Post_P10	P10	Non-responder	anti-PD1	3647	10.33	2.83661304980007
H9_P10_MMD2-36B_L001	Post_P10	P10	Non-responder	anti-PD1	2120	0	2.15632769901854
H9_P9_MMD2-36B_L001	Post_P10	P10	Non-responder	anti-PD1	2295	10.27	2.9050608869502
A2_P4_M44_L001	Post_P11	P11	Non-responder	anti-PD1	1826	0	2.38459923664122
A3_P5_M44_L001	Post_P11	P11	Non-responder	anti-PD1	1934	10.12	0.0600872410032722
A9_P4_M44_L001	Post_P11	P11	Non-responder	anti-PD1	2128	10.89	4.2970792439113
B10_P1_M44_L001	Post_P11	P11	Non-responder	anti-PD1	2080	9.81	1.35741639403853
B12_P3_M44_L001	Post_P11	P11	Non-responder	anti-PD1	1737	0	2.19862868047982
B1_P4_M44_L001	Post_P11	P11	Non-responder	anti-PD1	1820	0	1.33009996364958
B2_P4_M44_L001	Post_P11	P11	Non-responder	anti-PD1	1541	0	0.715528898582335
B8_P3_M44_L001	Post_P11	P11	Non-responder	anti-PD1	1693	0	3.01969465648855
B9_P3_M44_L001	Post_P11	P11	Non-responder	anti-PD1	1944	0	2.3754925481643
B9_P4_M44_L001	Post_P11	P11	Non-responder	anti-PD1	2345	8.01	1.2931034169393
C10_P1_M44_L001	Post_P11	P11	Non-responder	anti-PD1	2196	0	-1.7746346782988
C11_P5_M44_L001	Post_P11	P11	Non-responder	anti-PD1	1741	10.97	3.66120683387859
C12_P1_M44_L001	Post_P11	P11	Non-responder	anti-PD1	1751	1.3	1.12541348600509
C1_P1_M44_L001	Post_P11	P11	Non-responder	anti-PD1	1419	0	2.86839058524173
C2_P1_M44_L001	Post_P11	P11	Non-responder	anti-PD1	1532	0	0.289935478007998
C4_P3_M44_L001	Post_P11	P11	Non-responder	anti-PD1	1915	0	0.518670483460559
C7_P1_M44_L001	Post_P11	P11	Non-responder	anti-PD1	1744	10.27	1.49405761541257
D10_P3_M44_L001	Post_P11	P11	Non-responder	anti-PD1	1995	0	1.2782969829153
D10_P4_M44_L001	Post_P11	P11	Non-responder	anti-PD1	1718	0	2.88096419483824
D1_P4_M44_L001	Post_P11	P11	Non-responder	anti-PD1	2340	2.13	0.735513449654668
D3_P1_M44_L001	Post_P11	P11	Non-responder	anti-PD1	1835	0	0.999668302435477
D4_P1_M44_L001	Post_P11	P11	Non-responder	anti-PD1	1466	0	-0.516339512904397
D4_P3_M44_L001	Post_P11	P11	Non-responder	anti-PD1	1873	0	-0.0425109051254058
D5_P5_M44_L001	Post_P11	P11	Non-responder	anti-PD1	1802	0	0.318500545256274
D8_P1_M44_L001	Post_P11	P11	Non-responder	anti-PD1	1841	9.57	2.24935478007997
D8_P4_M44_L001	Post_P11	P11	Non-responder	anti-PD1	1571	10.2	1.20845692475464
E10_P1_M44_L001	Post_P11	P11	Non-responder	anti-PD1	1941	9.86	0.11720647037441
E10_P4_M44_L001	Post_P11	P11	Non-responder	anti-PD1	3041	10.97	2.96468011632134
E10_P5_M44_L001	Post_P11	P11	Non-responder	anti-PD1	1624	10.53	1.69668120683388
E2_P4_M44_L001	Post_P11	P11	Non-responder	anti-PD1	1835	10.18	3.51181025081789
E7_P1_M44_L001	Post_P11	P11	Non-responder	anti-PD1	1641	0	4.44057797164668
E7_P3_M44_L001	Post_P11	P11	Non-responder	anti-PD1	2363	9.98	2.91832697201018
E7_P4_M44_L001	Post_P11	P11	Non-responder	anti-PD1	2263	9.46	0.0260841512177423
F10_P1_M44_L001	Post_P11	P11	Non-responder	anti-PD1	2233	0.77	1.57330061795711
F10_P3_M44_L001	Post_P11	P11	Non-responder	anti-PD1	1569	0	0.812025627044712
F12_P1_M44_L001	Post_P11	P11	Non-responder	anti-PD1	1443	9.68	3.31313794983642
F12_P4_M44_L001	Post_P11	P11	Non-responder	anti-PD1	1788	10.24	-0.401132315521626
F1_P4_M44_L001	Post_P11	P11	Non-responder	anti-PD1	3007	11.14	4.53288894947292
F3_P1_M44_L001	Post_P11	P11	Non-responder	anti-PD1	2113	8.65	2.03596782988004
F3_P3_M44_L001	Post_P11	P11	Non-responder	anti-PD1	2048	10.58	0.156605779716468
F5_P3_M44_L001	Post_P11	P11	Non-responder	anti-PD1	1731	8.92	3.37385950563432
F5_P4_M44_L001	Post_P11	P11	Non-responder	anti-PD1	1916	8.51	0.326085059978188
F6_P3_M44_L001	Post_P11	P11	Non-responder	anti-PD1	1726	0	1.85005634314794
F9_P1_M44_L001	Post_P11	P11	Non-responder	anti-PD1	1751	0	1.24882769901854
G11_P1_M44_L001	Post_P11	P11	Non-responder	anti-PD1	2316	10.39	2.88098055252635
G1_P1_M44_L001	Post_P11	P11	Non-responder	anti-PD1	1713	10.31	1.26045165394402
G2_P1_M44_L001	Post_P11	P11	Non-responder	anti-PD1	2334	10.29	2.94586877499091
G2_P5_M44_L001	Post_P11	P11	Non-responder	anti-PD1	2078	7.9	2.60459651035987
G5_P3_M44_L001	Post_P11	P11	Non-responder	anti-PD1	1931	0	2.25549981824791
G8_P4_M44_L001	Post_P11	P11	Non-responder	anti-PD1	1716	0	2.30431933842239
H11_P5_M44_L001	Post_P11	P11	Non-responder	anti-PD1	1805	10.46	1.39004271174118
H2_P3_M44_L001	Post_P11	P11	Non-responder	anti-PD1	1607	10.5	1.10042893493275
H3_P5_M44_L001	Post_P11	P11	Non-responder	anti-PD1	2222	10.34	1.96553707742639
H4_P1_M44_L001	Post_P11	P11	Non-responder	anti-PD1	2006	11.42	2.00539531079607
H7_P4_M44_L001	Post_P11	P11	Non-responder	anti-PD1	1593	7.62	0.476000545256272
H8_P5_M44_L001	Post_P11	P11	Non-responder	anti-PD1	1792	0	4.06848964013086
H9_P1_M44_L001	Post_P11	P11	Non-responder	anti-PD1	1868	0	2.43595874227554
A10_P1_M71_L001	Post_P12	P12	Non-responder	anti-PD1	2218	7.5	2.13738731370411
A11_P3_M71_L001	Post_P12	P12	Non-responder	anti-PD1	2010	8.74	2.98513994910941
A12_P1_M71_L001	Post_P12	P12	Non-responder	anti-PD1	1716	0	0.938180661577609
A2_P2_M71_L001	Post_P12	P12	Non-responder	anti-PD1	3100	0	-1.15035441657579
A4_P2_M71_L001	Post_P12	P12	Non-responder	anti-PD1	2024	0	2.04355688840422
A4_P4_M71_L001	Post_P12	P12	Non-responder	anti-PD1	2412	9.92	1.01355234460196
A5_P2_M71_L001	Post_P12	P12	Non-responder	anti-PD1	2277	9.52	0.853621410396218
A5_P3_M71_L001	Post_P12	P12	Non-responder	anti-PD1	2519	9.01	0.323108869501997
A6_P1_M71_L001	Post_P12	P12	Non-responder	anti-PD1	2193	0	0.56607233733188
A7_P1_M71_L001	Post_P12	P12	Non-responder	anti-PD1	1192	0	0.386842966194114
A8_P1_M71_L001	Post_P12	P12	Non-responder	anti-PD1	2028	10.22	1.41166303162486
A9_P1_M71_L001	Post_P12	P12	Non-responder	anti-PD1	1596	0	2.66184023991276
A9_P2_M71_L001	Post_P12	P12	Non-responder	anti-PD1	1905	5.95	0.545264449291167
B10_P3_M71_L001	Post_P12	P12	Non-responder	anti-PD1	1814	0	0.762242820792441
B11_P4_M71_L001	Post_P12	P12	Non-responder	anti-PD1	1932	0	-0.283025263540531
B1_P1_M71_L001	Post_P12	P12	Non-responder	anti-PD1	2825	9.52	1.90425845147219
B1_P2_M71_L001	Post_P12	P12	Non-responder	anti-PD1	2043	9.59	1.07894038531443
B2_P2_M71_L001	Post_P12	P12	Non-responder	anti-PD1	2305	10.15	0.944993638676844
B2_P3_M71_L001	Post_P12	P12	Non-responder	anti-PD1	2345	0	-1.57067248273355
B3_P1_M71_L001	Post_P12	P12	Non-responder	anti-PD1	3011	10.91	3.38896037804435
B4_P2_M71_L001	Post_P12	P12	Non-responder	anti-PD1	2208	10.36	0.926700290803347
B4_P3_M71_L001	Post_P12	P12	Non-responder	anti-PD1	2430	10.77	2.66368047982552
B5_P2_M71_L001	Post_P12	P12	Non-responder	anti-PD1	2462	0	0.315184478371501
B5_P6_M71_L001	Post_P12	P12	Non-responder	anti-PD1	5523	8.51	1.3535959651036
B7_P2_M71_L001	Post_P12	P12	Non-responder	anti-PD1	2762	0	1.77601054162123
B7_P4_M71_L001	Post_P12	P12	Non-responder	anti-PD1	2314	9.29	1.37310614322065
B8_P1_M71_L001	Post_P12	P12	Non-responder	anti-PD1	1841	9.86	-0.90002544529262
B9_P1_M71_L001	Post_P12	P12	Non-responder	anti-PD1	2188	9.24	0.819272991639408
C10_P1_M71_L001	Post_P12	P12	Non-responder	anti-PD1	2170	0	1.55908396946565
C1_P1_M71_L001	Post_P12	P12	Non-responder	anti-PD1	1875	0	0.950253544165757
C2_P3_M71_L001	Post_P12	P12	Non-responder	anti-PD1	2489	11.54	1.5679889131225
C2_P4_M71_L001	Post_P12	P12	Non-responder	anti-PD1	2573	11.55	1.30559614685569
C3_P1_M71_L001	Post_P12	P12	Non-responder	anti-PD1	2708	9.33	2.76094147582697
C4_P3_M71_L001	Post_P12	P12	Non-responder	anti-PD1	2555	11.03	1.58875681570338
C5_P1_M71_L001	Post_P12	P12	Non-responder	anti-PD1	2150	0	-0.303166121410395
C5_P3_M71_L001	Post_P12	P12	Non-responder	anti-PD1	2349	8.69	-0.35246637586332
C6_P3_M71_L001	Post_P12	P12	Non-responder	anti-PD1	1886	9.75	1.47779171210469
C8_P1_M71_L001	Post_P12	P12	Non-responder	anti-PD1	2282	0	2.24653580516176
C8_P3_M71_L001	Post_P12	P12	Non-responder	anti-PD1	2020	10.51	3.64952290076336
C9_P1_M71_L001	Post_P12	P12	Non-responder	anti-PD1	2221	0	-1.05281897491821
C9_P2_M71_L001	Post_P12	P12	Non-responder	anti-PD1	2141	0	2.19222373682297
D10_P3_M71_L001	Post_P12	P12	Non-responder	anti-PD1	1975	0	2.46655125408942
D12_P1_M71_L001	Post_P12	P12	Non-responder	anti-PD1	2018	0	0.0545356234096688
D1_P1_M71_L001	Post_P12	P12	Non-responder	anti-PD1	2030	10.07	0.0418338785896033
D1_P2_M71_L001	Post_P12	P12	Non-responder	anti-PD1	2180	10.31	0.857217375499818
D2_P2_M71_L001	Post_P12	P12	Non-responder	anti-PD1	2442	7.94	0.838719556524903
D2_P4_M71_L001	Post_P12	P12	Non-responder	anti-PD1	2486	10.56	2.73881497637223
D3_P3_M71_L001	Post_P12	P12	Non-responder	anti-PD1	4223	9.87	3.25832788077063
D4_P1_M71_L001	Post_P12	P12	Non-responder	anti-PD1	2774	7.19	1.95280170846964
D4_P4_M71_L001	Post_P12	P12	Non-responder	anti-PD1	1749	0	0.389459287531808
D6_P4_M71_L001	Post_P12	P12	Non-responder	anti-PD1	2129	8.54	0.945398037077424
D7_P1_M71_L001	Post_P12	P12	Non-responder	anti-PD1	2087	9.1	2.30619592875318
D8_P4_M71_L001	Post_P12	P12	Non-responder	anti-PD1	2056	10.77	-0.361725736095965
E10_P1_M71_L001	Post_P12	P12	Non-responder	anti-PD1	2468	11.33	-0.717956197746274
E10_P2_M71_L001	Post_P12	P12	Non-responder	anti-PD1	1556	0	1.92278171573973
E11_P4_M71_L001	Post_P12	P12	Non-responder	anti-PD1	2204	11	0.686916575790618
E12_P3_M71_L001	Post_P12	P12	Non-responder	anti-PD1	2445	8.32	2.66886768447837
E1_P1_M71_L001	Post_P12	P12	Non-responder	anti-PD1	1502	2	-0.0273118865866961
E1_P2_M71_L001	Post_P12	P12	Non-responder	anti-PD1	2263	0	0.513835877862595
E1_P3_M71_L001	Post_P12	P12	Non-responder	anti-PD1	2204	9.55	0.635850599781892
E1_P4_M71_L001	Post_P12	P12	Non-responder	anti-PD1	3071	10.25	2.17135041802981
E3_P2_M71_L001	Post_P12	P12	Non-responder	anti-PD1	2948	10.36	3.34117320974191
E3_P4_M71_L001	Post_P12	P12	Non-responder	anti-PD1	2713	9.22	0.453538713195205
E4_P3_M71_L001	Post_P12	P12	Non-responder	anti-PD1	2365	0	-0.309511995637951
E4_P4_M71_L001	Post_P12	P12	Non-responder	anti-PD1	2351	10.31	1.89239276626681
E6_P3_M71_L001	Post_P12	P12	Non-responder	anti-PD1	2400	10.61	4.45318338785896
E7_P4_M71_L001	Post_P12	P12	Non-responder	anti-PD1	1903	10.76	2.13446019629226
E8_P1_M71_L001	Post_P12	P12	Non-responder	anti-PD1	1807	9.14	1.46484187568157
E9_P1_M71_L001	Post_P12	P12	Non-responder	anti-PD1	1794	9.74	2.72531715739731
F10_P1_M71_L001	Post_P12	P12	Non-responder	anti-PD1	2460	11.07	-0.232978007997091
F3_P1_M71_L001	Post_P12	P12	Non-responder	anti-PD1	2563	10.78	2.49079062159215
F4_P1_M71_L001	Post_P12	P12	Non-responder	anti-PD1	2162	0	3.6789649218466
F4_P3_M71_L001	Post_P12	P12	Non-responder	anti-PD1	2435	11.02	2.24993456924755
F5_P2_M71_L001	Post_P12	P12	Non-responder	anti-PD1	2317	9.3	-0.138880407124681
F6_P1_M71_L001	Post_P12	P12	Non-responder	anti-PD1	1687	0	2.57645310796074
F6_P3_M71_L001	Post_P12	P12	Non-responder	anti-PD1	2437	8.97	0.151857506361321
F6_P4_M71_L001	Post_P12	P12	Non-responder	anti-PD1	2255	10.86	3.01737004725555
F8_P4_M71_L001	Post_P12	P12	Non-responder	anti-PD1	1851	10.66	2.47157579062159
F9_P1_M71_L001	Post_P12	P12	Non-responder	anti-PD1	2182	10.39	0.757051981097782
F9_P3_M71_L001	Post_P12	P12	Non-responder	anti-PD1	1844	0	0.840472555434389
G10_P3_M71_L001	Post_P12	P12	Non-responder	anti-PD1	2294	7.66	1.50694747364595
G12_P1_M71_L001	Post_P12	P12	Non-responder	anti-PD1	2042	7.04	1.84364231188659
G1_P1_M71_L001	Post_P12	P12	Non-responder	anti-PD1	2086	10.07	2.55917938931298
G1_P3_M71_L001	Post_P12	P12	Non-responder	anti-PD1	2327	0	2.18310977826245
G2_P3_M71_L001	Post_P12	P12	Non-responder	anti-PD1	2321	0	-0.615877862595418
G3_P3_M71_L001	Post_P12	P12	Non-responder	anti-PD1	2212	0	1.87595874227554
G4_P3_M71_L001	Post_P12	P12	Non-responder	anti-PD1	3040	10.86	2.95764358415122
G6_P1_M71_L001	Post_P12	P12	Non-responder	anti-PD1	1822	0	1.35194929116685
G6_P2_M71_L001	Post_P12	P12	Non-responder	anti-PD1	2259	10.29	0.345257179207561
G7_P2_M71_L001	Post_P12	P12	Non-responder	anti-PD1	2348	10.29	-1.48402490003635
G7_P4_M71_L001	Post_P12	P12	Non-responder	anti-PD1	1715	9.84	1.20740912395493
G9_P4_M71_L001	Post_P12	P12	Non-responder	anti-PD1	2082	9.02	1.31982006543075
H11_P2_M71_L001	Post_P12	P12	Non-responder	anti-PD1	2951	1.93	2.98815612504544
H12_P2_M71_L001	Post_P12	P12	Non-responder	anti-PD1	1951	0	-1.01567430025445
H1_P3_M71_L001	Post_P12	P12	Non-responder	anti-PD1	2689	8.78	0.767758996728459
H1_P4_M71_L001	Post_P12	P12	Non-responder	anti-PD1	1720	9.79	1.21490912395493
H3_P2_M71_L001	Post_P12	P12	Non-responder	anti-PD1	2024	9.53	-0.192796255906941
H3_P3_M71_L001	Post_P12	P12	Non-responder	anti-PD1	2435	0	0.374626499454741
H4_P2_M71_L001	Post_P12	P12	Non-responder	anti-PD1	2612	0	0.12117048346056
H7_P1_M71_L001	Post_P12	P12	Non-responder	anti-PD1	2654	0	0.702750817884406
H8_P3_M71_L001	Post_P12	P12	Non-responder	anti-PD1	1888	9.31	2.14481370410759
H8_P4_M71_L001	Post_P12	P12	Non-responder	anti-PD1	2062	0	0.884721919302073
A2_P5_M74_L001	Post_P13	P13	Non-responder	anti-CTLA4+PD1	3323	8.58	2.16818338785896
A3_P4_M74_L001	Post_P13	P13	Non-responder	anti-CTLA4+PD1	1453	0	-1.98420937840785
A4_P1_M74_L001	Post_P13	P13	Non-responder	anti-CTLA4+PD1	1504	0	0.535960559796437
A6_P1_M74_L001	Post_P13	P13	Non-responder	anti-CTLA4+PD1	1349	0	2.86264812795347
A7_P4_M74_L001	Post_P13	P13	Non-responder	anti-CTLA4+PD1	2141	11.13	4.42005361686659
A8_P1_M74_L001	Post_P13	P13	Non-responder	anti-CTLA4+PD1	2000	9.74	4.43744002181025
B11_P5_M74_L001	Post_P13	P13	Non-responder	anti-CTLA4+PD1	2146	10.53	2.08692566339513
B12_P1_M74_L001	Post_P13	P13	Non-responder	anti-CTLA4+PD1	1662	4.33	0.106989276626683
B4_P4_M74_L001	Post_P13	P13	Non-responder	anti-CTLA4+PD1	1674	9.77	2.25444929116685
B5_P4_M74_L001	Post_P13	P13	Non-responder	anti-CTLA4+PD1	1813	0	0.860435296255907
C10_P1_M74_L001	Post_P13	P13	Non-responder	anti-CTLA4+PD1	1772	11.76	0.3851199563795
C1_P3_M74_L001	Post_P13	P13	Non-responder	anti-CTLA4+PD1	2594	10.4	0.907194656488548
C2_P3_M74_L001	Post_P13	P13	Non-responder	anti-CTLA4+PD1	1886	9.36	1.33542529989095
C3_P1_M74_L001	Post_P13	P13	Non-responder	anti-CTLA4+PD1	1655	10.34	1.76117684478372
C3_P3_M74_L001	Post_P13	P13	Non-responder	anti-CTLA4+PD1	2394	9.1	0.430952380952377
D10_P3_M74_L001	Post_P13	P13	Non-responder	anti-CTLA4+PD1	1991	0	1.29747909850963
D12_P4_M74_L001	Post_P13	P13	Non-responder	anti-CTLA4+PD1	1924	9.67	0.483872228280627
D1_P1_M74_L001	Post_P13	P13	Non-responder	anti-CTLA4+PD1	2608	9.45	3.15270992366412
D4_P1_M74_L001	Post_P13	P13	Non-responder	anti-CTLA4+PD1	1224	0	0.279637404580153
E1_P1_M74_L001	Post_P13	P13	Non-responder	anti-CTLA4+PD1	1462	0	2.04344692838968
E2_P3_M74_L001	Post_P13	P13	Non-responder	anti-CTLA4+PD1	1936	9.68	0.351795710650672
E2_P4_M74_L001	Post_P13	P13	Non-responder	anti-CTLA4+PD1	2329	10.3	2.69428207924391
E3_P1_M74_L001	Post_P13	P13	Non-responder	anti-CTLA4+PD1	2810	9.72	2.26507179207561
E5_P3_M74_L001	Post_P13	P13	Non-responder	anti-CTLA4+PD1	1590	10.14	2.78256724827335
E5_P5_M74_L001	Post_P13	P13	Non-responder	anti-CTLA4+PD1	1663	9.92	0.556817520901491
E7_P4_M74_L001	Post_P13	P13	Non-responder	anti-CTLA4+PD1	1844	0	-0.687618138858597
E8_P3_M74_L001	Post_P13	P13	Non-responder	anti-CTLA4+PD1	1729	8.77	2.6332969829153
E9_P4_M74_L001	Post_P13	P13	Non-responder	anti-CTLA4+PD1	1822	0	-1.38921301344966
F10_P1_M74_L001	Post_P13	P13	Non-responder	anti-CTLA4+PD1	1661	0	0.954859142130133
F10_P4_M74_L001	Post_P13	P13	Non-responder	anti-CTLA4+PD1	1883	0	1.52181115957833
F1_P5_M74_L001	Post_P13	P13	Non-responder	anti-CTLA4+PD1	1521	10.7	0.267551799345694
F4_P1_M74_L001	Post_P13	P13	Non-responder	anti-CTLA4+PD1	3031	11.36	3.71675390766994
F4_P4_M74_L001	Post_P13	P13	Non-responder	anti-CTLA4+PD1	1907	0	0.109660123591421
F5_P1_M74_L001	Post_P13	P13	Non-responder	anti-CTLA4+PD1	1674	9.34	0.932198291530353
F6_P3_M74_L001	Post_P13	P13	Non-responder	anti-CTLA4+PD1	2169	10.44	1.30794983642312
F6_P4_M74_L001	Post_P13	P13	Non-responder	anti-CTLA4+PD1	1601	9.92	2.49438295165394
F7_P1_M74_L001	Post_P13	P13	Non-responder	anti-CTLA4+PD1	2066	11.07	3.22858142493639
F8_P1_M74_L001	Post_P13	P13	Non-responder	anti-CTLA4+PD1	1695	9.9	-0.361596692111961
F9_P3_M74_L001	Post_P13	P13	Non-responder	anti-CTLA4+PD1	4088	9.32	2.98641766630315
G11_P3_M74_L001	Post_P13	P13	Non-responder	anti-CTLA4+PD1	2168	8.63	1.16715376226827
G12_P1_M74_L001	Post_P13	P13	Non-responder	anti-CTLA4+PD1	1690	0	3.27807433660487
G12_P5_M74_L001	Post_P13	P13	Non-responder	anti-CTLA4+PD1	1566	11	2.01047800799709
G2_P4_M74_L001	Post_P13	P13	Non-responder	anti-CTLA4+PD1	2090	9.43	0.921921119592875
G5_P4_M74_L001	Post_P13	P13	Non-responder	anti-CTLA4+PD1	2138	3.13	0.440004543802251
G6_P3_M74_L001	Post_P13	P13	Non-responder	anti-CTLA4+PD1	1931	0	1.50629407488186
H10_P3_M74_L001	Post_P13	P13	Non-responder	anti-CTLA4+PD1	2179	0	2.07480370774264
H10_P4_M74_L001	Post_P13	P13	Non-responder	anti-CTLA4+PD1	1631	0	1.53442111959287
H2_P3_M74_L001	Post_P13	P13	Non-responder	anti-CTLA4+PD1	2143	8.11	1.55086423118866
H3_P3_M74_L001	Post_P13	P13	Non-responder	anti-CTLA4+PD1	2035	0	0.737448200654308
H6_P5_M74_L001	Post_P13	P13	Non-responder	anti-CTLA4+PD1	1836	9.8	1.84379316612141
H7_P3_M74_L001	Post_P13	P13	Non-responder	anti-CTLA4+PD1	2413	4.02	1.54223645946929
H9_P1_M74_L001	Post_P13	P13	Non-responder	anti-CTLA4+PD1	1644	10.95	2.4021383133406
H9_P3_M74_L001	Post_P13	P13	Non-responder	anti-CTLA4+PD1	2606	9.29	1.5584151217739
H9_P4_M74_L001	Post_P13	P13	Non-responder	anti-CTLA4+PD1	3931	10.67	1.36003907669938
A4_P1_M43_L001	Post_P14	P14	Non-responder	anti-PD1	1700	13.16	3.47706470374409
A4_P4_M43_L001	Post_P14	P14	Non-responder	anti-PD1	3165	11.61	3.47416757542712
A5_P1_M43_L001	Post_P14	P14	Non-responder	anti-PD1	3546	10.41	0.817102871683023
A5_P3_M43_L001	Post_P14	P14	Non-responder	anti-PD1	2382	11.89	3.07960650672483
A6_P2_M43_L001	Post_P14	P14	Non-responder	anti-PD1	3328	4.41	2.92587150127226
A8_P4_M43_L001	Post_P14	P14	Non-responder	anti-PD1	1961	10.81	0.844798255179933
B10_P2_M43_L001	Post_P14	P14	Non-responder	anti-PD1	1800	9.79	1.6192711741185
B1_P3_M43_L001	Post_P14	P14	Non-responder	anti-PD1	1660	8.61	-0.849712831697568
B1_P4_M43_L001	Post_P14	P14	Non-responder	anti-PD1	3659	11.37	3.38796982915304
B2_P2_M43_L001	Post_P14	P14	Non-responder	anti-PD1	2068	0	2.39251999272992
B2_P3_M43_L001	Post_P14	P14	Non-responder	anti-PD1	1756	10.98	3.48179389312977
B3_P1_M43_L001	Post_P14	P14	Non-responder	anti-PD1	1653	10.96	2.13943565976009
B3_P2_M43_L001	Post_P14	P14	Non-responder	anti-PD1	3246	10.98	2.86491639403853
B4_P1_M43_L001	Post_P14	P14	Non-responder	anti-PD1	1984	0	1.39720101781171
B4_P4_M43_L001	Post_P14	P14	Non-responder	anti-PD1	2111	10.87	3.5784796437659
B5_P4_M43_L001	Post_P14	P14	Non-responder	anti-PD1	2285	10.02	1.43029443838604
B6_P1_M43_L001	Post_P14	P14	Non-responder	anti-PD1	1334	0	2.38752453653217
B7_P3_M43_L001	Post_P14	P14	Non-responder	anti-PD1	1734	0	1.78037531806616
B8_P2_M43_L001	Post_P14	P14	Non-responder	anti-PD1	2207	9.31	2.76198655034533
B8_P4_M43_L001	Post_P14	P14	Non-responder	anti-PD1	1362	0	-1.32968284260269
C10_P2_M43_L001	Post_P14	P14	Non-responder	anti-PD1	1753	9.91	3.55997728098873
C10_P4_M43_L001	Post_P14	P14	Non-responder	anti-PD1	2368	9.31	5.0487786259542
C11_P2_M43_L001	Post_P14	P14	Non-responder	anti-PD1	1420	2.64	-0.914707379134862
C12_P3_M43_L001	Post_P14	P14	Non-responder	anti-PD1	2288	9.31	3.82275081788441
C1_P1_M43_L001	Post_P14	P14	Non-responder	anti-PD1	1606	0	0.985881497637224
C1_P3_M43_L001	Post_P14	P14	Non-responder	anti-PD1	2263	9.39	1.75220374409306
C1_P4_M43_L001	Post_P14	P14	Non-responder	anti-PD1	2509	10.08	0.123535078153404
C4_P1_M43_L001	Post_P14	P14	Non-responder	anti-PD1	1778	11.47	2.25222191930207
C5_P2_M43_L001	Post_P14	P14	Non-responder	anti-PD1	1794	9.93	0.467013813158849
C9_P2_M43_L001	Post_P14	P14	Non-responder	anti-PD1	1857	11.27	0.625179934569244
D1_P2_M43_L001	Post_P14	P14	Non-responder	anti-PD1	2607	9.87	2.21950563431479
D3_P2_M43_L001	Post_P14	P14	Non-responder	anti-PD1	1513	0	2.97273536895674
D3_P3_M43_L001	Post_P14	P14	Non-responder	anti-PD1	1987	0	1.5201199563795
D4_P1_M43_L001	Post_P14	P14	Non-responder	anti-PD1	1700	10.06	2.10502362777172
D5_P3_M43_L001	Post_P14	P14	Non-responder	anti-PD1	2165	10.56	4.28514358415122
D7_P3_M43_L001	Post_P14	P14	Non-responder	anti-PD1	1707	12.01	3.52327608142494
D8_P2_M43_L001	Post_P14	P14	Non-responder	anti-PD1	1621	9.37	1.55200836059615
D9_P2_M43_L001	Post_P14	P14	Non-responder	anti-PD1	2621	1.01	0.217100145401672
E1_P2_M43_L001	Post_P14	P14	Non-responder	anti-PD1	2284	10.99	2.95778898582334
E2_P4_M43_L001	Post_P14	P14	Non-responder	anti-PD1	2151	5.1	0.563642311886584
E3_P2_M43_L001	Post_P14	P14	Non-responder	anti-PD1	1843	9.77	-1.54832151944747
E3_P4_M43_L001	Post_P14	P14	Non-responder	anti-PD1	1421	0	-0.156463104325699
E5_P3_M43_L001	Post_P14	P14	Non-responder	anti-PD1	2280	10.07	3.55273264267539
E6_P2_M43_L001	Post_P14	P14	Non-responder	anti-PD1	2256	12.2	4.8664631043257
E7_P2_M43_L001	Post_P14	P14	Non-responder	anti-PD1	1627	10.06	-0.962763540530712
E8_P1_M43_L001	Post_P14	P14	Non-responder	anti-PD1	2115	11.02	1.31717011995638
E8_P2_M43_L001	Post_P14	P14	Non-responder	anti-PD1	2025	10.6	1.78266448564158
F11_P2_M43_L001	Post_P14	P14	Non-responder	anti-PD1	2556	10.75	3.79588695019992
F11_P3_M43_L001	Post_P14	P14	Non-responder	anti-PD1	1632	0	1.26975190839695
F11_P4_M43_L001	Post_P14	P14	Non-responder	anti-PD1	2943	9.55	4.7354280261723
F12_P4_M43_L001	Post_P14	P14	Non-responder	anti-PD1	1329	0	1.40779534714649
F1_P4_M43_L001	Post_P14	P14	Non-responder	anti-PD1	1994	0	1.71292984369321
F2_P4_M43_L001	Post_P14	P14	Non-responder	anti-PD1	1952	10.42	2.86512450018175
F4_P1_M43_L001	Post_P14	P14	Non-responder	anti-PD1	2141	11.82	3.42452471828426
F5_P3_M43_L001	Post_P14	P14	Non-responder	anti-PD1	1831	0	3.1759850963286
F5_P4_M43_L001	Post_P14	P14	Non-responder	anti-PD1	2223	0	2.5449445656125
F6_P4_M43_L001	Post_P14	P14	Non-responder	anti-PD1	2097	5.75	0.748692293711373
F7_P2_M43_L001	Post_P14	P14	Non-responder	anti-PD1	2252	0	2.01653489640131
F8_P2_M43_L001	Post_P14	P14	Non-responder	anti-PD1	3651	10.52	3.04217193747728
F9_P3_M43_L001	Post_P14	P14	Non-responder	anti-PD1	1440	0	0.581957470010905
G10_P1_M43_L001	Post_P14	P14	Non-responder	anti-PD1	2474	9.19	2.61867866230462
G1_P4_M43_L001	Post_P14	P14	Non-responder	anti-PD1	1911	2.56	1.47995910577972
G2_P1_M43_L001	Post_P14	P14	Non-responder	anti-PD1	2469	10.26	1.30467284623773
G4_P2_M43_L001	Post_P14	P14	Non-responder	anti-PD1	1399	0	0.0452808069792821
G5_P1_M43_L001	Post_P14	P14	Non-responder	anti-PD1	2272	0	1.56151490367139
G5_P2_M43_L001	Post_P14	P14	Non-responder	anti-PD1	2490	10.38	2.81350872410032
G8_P1_M43_L001	Post_P14	P14	Non-responder	anti-PD1	2993	10.62	3.87082788077063
H10_P1_M43_L001	Post_P14	P14	Non-responder	anti-PD1	2333	9.19	1.72075517993457
H10_P4_M43_L001	Post_P14	P14	Non-responder	anti-PD1	2960	8.79	1.74387768084333
H1_P3_M43_L001	Post_P14	P14	Non-responder	anti-PD1	1727	9.81	0.575625227190113
H1_P4_M43_L001	Post_P14	P14	Non-responder	anti-PD1	1817	11.45	2.37039349327518
H3_P4_M43_L001	Post_P14	P14	Non-responder	anti-PD1	2178	1.27	2.49812522719012
H4_P4_M43_L001	Post_P14	P14	Non-responder	anti-PD1	1713	10.69	1.27031806615776
H5_P1_M43_L001	Post_P14	P14	Non-responder	anti-PD1	2308	0	1.57728825881498
H6_P1_M43_L001	Post_P14	P14	Non-responder	anti-PD1	2585	0	1.76500090876046
A10_P4_M13_L001	Post_P15	P15	Non-responder	anti-PD1	1898	9.78	2.45643311523082
A11_P5_M13_L001	Post_P15	P15	Non-responder	anti-PD1	1804	11.33	1.66378862231916
A6_P2_M13_L001	Post_P15	P15	Non-responder	anti-PD1	2055	9.17	2.51814885496183
A6_P3_M13_L001	Post_P15	P15	Non-responder	anti-PD1	1795	9.36	0.899166666666669
A6_P4_M13_L001	Post_P15	P15	Non-responder	anti-PD1	2109	3.71	1.8796973827699
B10_P3_M13_L001	Post_P15	P15	Non-responder	anti-PD1	2634	10.62	4.13741730279899
B10_P5_M13_L001	Post_P15	P15	Non-responder	anti-PD1	4293	11.51	3.05892948018902
B3_P2_M13_L001	Post_P15	P15	Non-responder	anti-PD1	2383	11.45	2.44255361686659
B3_P5_M13_L001	Post_P15	P15	Non-responder	anti-PD1	2623	0	-0.290453471464922
B5_P3_M13_L001	Post_P15	P15	Non-responder	anti-PD1	3675	11.72	3.83505452562704
B6_P2_M13_L001	Post_P15	P15	Non-responder	anti-PD1	2972	10.58	3.76050981461287
B7_P2_M13_L001	Post_P15	P15	Non-responder	anti-PD1	2173	9.12	1.53808433296983
C11_P4_M13_L001	Post_P15	P15	Non-responder	anti-PD1	1456	0	0.43600054525627
C12_P3_M13_L001	Post_P15	P15	Non-responder	anti-PD1	2290	0	3.0133560523446
C12_P4_M13_L001	Post_P15	P15	Non-responder	anti-PD1	1662	9.72	0.724009451108688
C3_P4_M13_L001	Post_P15	P15	Non-responder	anti-PD1	2185	11.69	2.82739549254817
C4_P2_M13_L001	Post_P15	P15	Non-responder	anti-PD1	2066	9.22	1.19338876772083
C5_P2_M13_L001	Post_P15	P15	Non-responder	anti-PD1	2456	0	2.11562522719011
C5_P3_M13_L001	Post_P15	P15	Non-responder	anti-PD1	1903	9.58	1.79602599054889
C5_P5_M13_L001	Post_P15	P15	Non-responder	anti-PD1	1935	9.96	2.89670574336605
C6_P3_M13_L001	Post_P15	P15	Non-responder	anti-PD1	2358	10.93	1.31465103598691
C6_P4_M13_L001	Post_P15	P15	Non-responder	anti-PD1	2965	9.92	2.47680752453654
D11_P3_M13_L001	Post_P15	P15	Non-responder	anti-PD1	2739	8.3	3.49797255543439
D3_P3_M13_L001	Post_P15	P15	Non-responder	anti-PD1	1767	0	1.06148854961832
D3_P4_M13_L001	Post_P15	P15	Non-responder	anti-PD1	1906	0	2.42814340239913
D3_P5_M13_L001	Post_P15	P15	Non-responder	anti-PD1	2106	0	1.30659760087241
D5_P4_M13_L001	Post_P15	P15	Non-responder	anti-PD1	2055	0	2.7900036350418
D6_P4_M13_L001	Post_P15	P15	Non-responder	anti-PD1	2309	6.07	3.11477190112686
D6_P5_M13_L001	Post_P15	P15	Non-responder	anti-PD1	3174	10.91	3.84648309705561
D7_P5_M13_L001	Post_P15	P15	Non-responder	anti-PD1	2092	9.25	2.22199018538713
D8_P4_M13_L001	Post_P15	P15	Non-responder	anti-PD1	2375	8.87	1.921891130498
D9_P4_M13_L001	Post_P15	P15	Non-responder	anti-PD1	1719	10.09	1.77727280988731
D9_P5_M13_L001	Post_P15	P15	Non-responder	anti-PD1	1968	9.31	2.69047164667394
E11_P3_M13_L001	Post_P15	P15	Non-responder	anti-PD1	4114	10.88	2.10194747364596
E12_P3_M13_L001	Post_P15	P15	Non-responder	anti-PD1	3961	10.74	3.18969465648855
E1_P4_M13_L001	Post_P15	P15	Non-responder	anti-PD1	1501	9.14	1.2228062522719
E1_P5_M13_L001	Post_P15	P15	Non-responder	anti-PD1	3637	11.3	2.76650399854599
E2_P3_M13_L001	Post_P15	P15	Non-responder	anti-PD1	1871	9.17	3.65166212286441
E2_P5_M13_L001	Post_P15	P15	Non-responder	anti-PD1	2188	0	2.19492457288259
E3_P4_M13_L001	Post_P15	P15	Non-responder	anti-PD1	1511	0	2.72107778989458
E4_P4_M13_L001	Post_P15	P15	Non-responder	anti-PD1	1694	0	0.847868047982555
E5_P4_M13_L001	Post_P15	P15	Non-responder	anti-PD1	1963	9.57	1.80123318793166
E7_P5_M13_L001	Post_P15	P15	Non-responder	anti-PD1	1870	0	1.51994002181025
E8_P3_M13_L001	Post_P15	P15	Non-responder	anti-PD1	1916	10.54	1.48092239185751
E9_P3_M13_L001	Post_P15	P15	Non-responder	anti-PD1	1806	9.09	2.46384405670665
F10_P2_M13_L001	Post_P15	P15	Non-responder	anti-PD1	1393	9.83	1.23228825881498
F2_P2_M13_L001	Post_P15	P15	Non-responder	anti-PD1	2387	7.5	2.23351326790258
F3_P4_M13_L001	Post_P15	P15	Non-responder	anti-PD1	2031	10.28	1.55765358051618
F3_P5_M13_L001	Post_P15	P15	Non-responder	anti-PD1	2119	0	0.426707560886953
F6_P2_M13_L001	Post_P15	P15	Non-responder	anti-PD1	1660	10.83	3.18362777171938
F8_P5_M13_L001	Post_P15	P15	Non-responder	anti-PD1	3238	9.04	2.25452562704472
G11_P2_M13_L001	Post_P15	P15	Non-responder	anti-PD1	1914	11.58	1.85729734641948
G1_P3_M13_L001	Post_P15	P15	Non-responder	anti-PD1	1691	10.91	3.63140676117775
G1_P5_M13_L001	Post_P15	P15	Non-responder	anti-PD1	1961	0	2.47278716830244
G2_P4_M13_L001	Post_P15	P15	Non-responder	anti-PD1	3494	11.52	3.275239912759
G3_P2_M13_L001	Post_P15	P15	Non-responder	anti-PD1	2875	7.72	2.97156670301708
G3_P4_M13_L001	Post_P15	P15	Non-responder	anti-PD1	2556	10.17	3.12304343874954
G4_P4_M13_L001	Post_P15	P15	Non-responder	anti-PD1	1691	11.08	0.733154307524539
G5_P4_M13_L001	Post_P15	P15	Non-responder	anti-PD1	2721	10.3	1.95567248273355
G6_P2_M13_L001	Post_P15	P15	Non-responder	anti-PD1	1849	0	0.0644183933115228
G6_P4_M13_L001	Post_P15	P15	Non-responder	anti-PD1	1703	9.8	1.30564885496183
G7_P3_M13_L001	Post_P15	P15	Non-responder	anti-PD1	1876	11.17	4.20945928753181
G8_P3_M13_L001	Post_P15	P15	Non-responder	anti-PD1	2353	10.6	2.80874681933842
H10_P3_M13_L001	Post_P15	P15	Non-responder	anti-PD1	1654	0	1.59316430388949
H10_P5_M13_L001	Post_P15	P15	Non-responder	anti-PD1	1747	10.59	2.7838949472919
H12_P5_M13_L001	Post_P15	P15	Non-responder	anti-PD1	2299	9.23	2.09486732097419
H1_P3_M13_L001	Post_P15	P15	Non-responder	anti-PD1	1814	9.67	1.60903944020356
H5_P2_M13_L001	Post_P15	P15	Non-responder	anti-PD1	2272	9.25	2.28366503089786
H6_P3_M13_L001	Post_P15	P15	Non-responder	anti-PD1	2695	10.18	3.64685750636133
H7_P2_M13_L001	Post_P15	P15	Non-responder	anti-PD1	2120	8.99	1.97795256270447
A10_P2_MMD8_L001	Post_P16	P16	Non-responder	anti-PD1	2113	0	1.21678934932751
A11_P2_MMD8_L001	Post_P16	P16	Non-responder	anti-PD1	2029	0	2.08629861868412
A4_P1_MMD8_L001	Post_P16	P16	Non-responder	anti-PD1	2896	10.3	2.87608233369684
A4_P5_MMD8_L001	Post_P16	P16	Non-responder	anti-PD1	3717	0	0.515634314794625
A6_P5_MMD8_L001	Post_P16	P16	Non-responder	anti-PD1	1940	10.3	3.17168029807343
A7_P2_MMD8_L001	Post_P16	P16	Non-responder	anti-PD1	2114	0	0.338738640494365
A7_P5_MMD8_L001	Post_P16	P16	Non-responder	anti-PD1	2004	0	3.4856070519811
A8_P4_MMD8_L001	Post_P16	P16	Non-responder	anti-PD1	2235	0	1.27221646673937
A9_P1_MMD8_L001	Post_P16	P16	Non-responder	anti-PD1	2168	10.32	2.48952380952381
A9_P4_MMD8_L001	Post_P16	P16	Non-responder	anti-PD1	1726	0	0.359866412213739
B10_P2_MMD8_L001	Post_P16	P16	Non-responder	anti-PD1	2553	0	0.891458560523441
B10_P4_MMD8_L001	Post_P16	P16	Non-responder	anti-PD1	4366	10.84	3.02147855325336
B11_P1_MMD8_L001	Post_P16	P16	Non-responder	anti-PD1	2396	9.15	-0.213694111232281
B11_P2_MMD8_L001	Post_P16	P16	Non-responder	anti-PD1	2533	10.38	1.16882224645583
B11_P4_MMD8_L001	Post_P16	P16	Non-responder	anti-PD1	1499	0	-0.170024536532168
B11_P5_MMD8_L001	Post_P16	P16	Non-responder	anti-PD1	2094	8.87	-1.1848764085787
B12_P5_MMD8_L001	Post_P16	P16	Non-responder	anti-PD1	2434	9.86	1.69584332969829
B2_P1_MMD8_L001	Post_P16	P16	Non-responder	anti-PD1	2213	9.85	2.15264994547437
B3_P4_MMD8_L001	Post_P16	P16	Non-responder	anti-PD1	1753	0	-1.0509741912032
B3_P5_MMD8_L001	Post_P16	P16	Non-responder	anti-PD1	1858	0	1.74051890221738
B4_P2_MMD8_L001	Post_P16	P16	Non-responder	anti-PD1	1968	11.21	1.2359741912032
B5_P1_MMD8_L001	Post_P16	P16	Non-responder	anti-PD1	2380	0	1.10619956379499
B5_P2_MMD8_L001	Post_P16	P16	Non-responder	anti-PD1	1905	9.73	1.78594329334787
B5_P4_MMD8_L001	Post_P16	P16	Non-responder	anti-PD1	2284	10.24	2.26411759360233
B7_P1_MMD8_L001	Post_P16	P16	Non-responder	anti-PD1	2657	10.09	2.47956015994184
B8_P1_MMD8_L001	Post_P16	P16	Non-responder	anti-PD1	1862	0	1.08083787713559
B9_P1_MMD8_L001	Post_P16	P16	Non-responder	anti-PD1	3367	11.01	2.19977099236641
B9_P5_MMD8_L001	Post_P16	P16	Non-responder	anti-PD1	2087	0	2.44629680116322
C10_P4_MMD8_L001	Post_P16	P16	Non-responder	anti-PD1	2115	9.78	0.427530897855323
C10_P5_MMD8_L001	Post_P16	P16	Non-responder	anti-PD1	3466	10.03	1.54001908396947
C12_P2_MMD8_L001	Post_P16	P16	Non-responder	anti-PD1	1690	9.7	1.66344601962922
C12_P5_MMD8_L001	Post_P16	P16	Non-responder	anti-PD1	3426	8.67	3.0893284260269
C2_P1_MMD8_L001	Post_P16	P16	Non-responder	anti-PD1	1949	8.96	0.944636495819702
C3_P5_MMD8_L001	Post_P16	P16	Non-responder	anti-PD1	3473	9.81	2.54349600145402
C4_P2_MMD8_L001	Post_P16	P16	Non-responder	anti-PD1	1549	6.24	1.73492002908034
C6_P1_MMD8_L001	Post_P16	P16	Non-responder	anti-PD1	1862	9.73	-0.217922573609599
C7_P2_MMD8_L001	Post_P16	P16	Non-responder	anti-PD1	2273	9.57	0.392260087241001
C7_P5_MMD8_L001	Post_P16	P16	Non-responder	anti-PD1	3759	9.77	1.96369865503454
D11_P2_MMD8_L001	Post_P16	P16	Non-responder	anti-PD1	4090	9.28	0.703968556888404
D12_P1_MMD8_L001	Post_P16	P16	Non-responder	anti-PD1	1940	9.02	0.472215557978916
D12_P4_MMD8_L001	Post_P16	P16	Non-responder	anti-PD1	2354	10.12	0.282002908033442
D1_P4_MMD8_L001	Post_P16	P16	Non-responder	anti-PD1	2305	9.22	1.58865230825155
D2_P1_MMD8_L001	Post_P16	P16	Non-responder	anti-PD1	2363	8.82	2.98518720465286
D4_P1_MMD8_L001	Post_P16	P16	Non-responder	anti-PD1	1650	0	1.54749000363504
D5_P4_MMD8_L001	Post_P16	P16	Non-responder	anti-PD1	2164	9.2	1.01009360232643
D7_P1_MMD8_L001	Post_P16	P16	Non-responder	anti-PD1	1954	9.19	0.198854053071612
D8_P5_MMD8_L001	Post_P16	P16	Non-responder	anti-PD1	1957	0	2.58963831334061
D9_P1_MMD8_L001	Post_P16	P16	Non-responder	anti-PD1	1728	5.67	3.92824700109051
E1_P2_MMD8_L001	Post_P16	P16	Non-responder	anti-PD1	3663	9.76	1.02979098509633
E1_P5_MMD8_L001	Post_P16	P16	Non-responder	anti-PD1	2238	0	2.20053707742639
E2_P2_MMD8_L001	Post_P16	P16	Non-responder	anti-PD1	3205	0	1.17523173391494
E2_P4_MMD8_L001	Post_P16	P16	Non-responder	anti-PD1	2390	0	-1.29738913122501
E3_P5_MMD8_L001	Post_P16	P16	Non-responder	anti-PD1	3414	10.19	0.572431842966194
E5_P4_MMD8_L001	Post_P16	P16	Non-responder	anti-PD1	2733	10.7	2.13974282079244
E8_P4_MMD8_L001	Post_P16	P16	Non-responder	anti-PD1	1570	0	0.0935996001453967
E8_P5_MMD8_L001	Post_P16	P16	Non-responder	anti-PD1	4862	9.8	2.6512804434751
E9_P5_MMD8_L001	Post_P16	P16	Non-responder	anti-PD1	2066	10.44	1.48960741548528
F10_P2_MMD8_L001	Post_P16	P16	Non-responder	anti-PD1	1606	9.75	0.116598509632862
F12_P4_MMD8_L001	Post_P16	P16	Non-responder	anti-PD1	1600	9.77	3.21776081424936
F1_P4_MMD8_L001	Post_P16	P16	Non-responder	anti-PD1	4282	10.35	2.52739367502726
F2_P2_MMD8_L001	Post_P16	P16	Non-responder	anti-PD1	2955	10.54	1.51288349691021
F3_P2_MMD8_L001	Post_P16	P16	Non-responder	anti-PD1	2112	0	0.438296982915308
F6_P2_MMD8_L001	Post_P16	P16	Non-responder	anti-PD1	2218	0	0.340097237368232
F7_P1_MMD8_L001	Post_P16	P16	Non-responder	anti-PD1	2152	9.48	0.755399854598326
F7_P2_MMD8_L001	Post_P16	P16	Non-responder	anti-PD1	2942	9.26	2.51380407124682
F7_P4_MMD8_L001	Post_P16	P16	Non-responder	anti-PD1	2111	9.24	0.827005634314794
F8_P2_MMD8_L001	Post_P16	P16	Non-responder	anti-PD1	2473	10.07	2.20867048346056
F8_P5_MMD8_L001	Post_P16	P16	Non-responder	anti-PD1	1993	9.06	3.58323518720465
F9_P1_MMD8_L001	Post_P16	P16	Non-responder	anti-PD1	4734	10.49	2.81511813885861
F9_P4_MMD8_L001	Post_P16	P16	Non-responder	anti-PD1	1649	0	3.49046346782988
F9_P5_MMD8_L001	Post_P16	P16	Non-responder	anti-PD1	1795	7.61	0.246029625590696
G10_P5_MMD8_L001	Post_P16	P16	Non-responder	anti-PD1	2491	0	2.18533987640858
G11_P5_MMD8_L001	Post_P16	P16	Non-responder	anti-PD1	2864	9.48	0.63679934569247
G12_P4_MMD8_L001	Post_P16	P16	Non-responder	anti-PD1	1973	0	2.39608142493639
G12_P5_MMD8_L001	Post_P16	P16	Non-responder	anti-PD1	2062	0	2.28289712831698
G1_P4_MMD8_L001	Post_P16	P16	Non-responder	anti-PD1	2661	0	2.50682933478735
G2_P1_MMD8_L001	Post_P16	P16	Non-responder	anti-PD1	2156	8.96	1.00166212286441
G2_P4_MMD8_L001	Post_P16	P16	Non-responder	anti-PD1	1919	0	1.60360414394766
G3_P1_MMD8_L001	Post_P16	P16	Non-responder	anti-PD1	2461	8.31	3.78841057797165
G4_P2_MMD8_L001	Post_P16	P16	Non-responder	anti-PD1	2657	9.17	2.415415303526
G5_P1_MMD8_L001	Post_P16	P16	Non-responder	anti-PD1	1971	0	1.69846055979643
G5_P4_MMD8_L001	Post_P16	P16	Non-responder	anti-PD1	4345	10.81	1.69346237731735
G6_P1_MMD8_L001	Post_P16	P16	Non-responder	anti-PD1	1953	0	1.0259741912032
G6_P2_MMD8_L001	Post_P16	P16	Non-responder	anti-PD1	2515	8.95	4.29920392584515
G8_P5_MMD8_L001	Post_P16	P16	Non-responder	anti-PD1	2040	0	1.1786032351872
G9_P1_MMD8_L001	Post_P16	P16	Non-responder	anti-PD1	2064	9.29	0.388097055616139
H11_P2_MMD8_L001	Post_P16	P16	Non-responder	anti-PD1	2447	9.82	2.31228735005453
H12_P1_MMD8_L001	Post_P16	P16	Non-responder	anti-PD1	1918	10.44	1.82376317702653
H1_P2_MMD8_L001	Post_P16	P16	Non-responder	anti-PD1	2930	10.87	1.969022173755
H2_P5_MMD8_L001	Post_P16	P16	Non-responder	anti-PD1	2256	0	0.742827153762269
H3_P1_MMD8_L001	Post_P16	P16	Non-responder	anti-PD1	1967	0	2.41277626317702
H3_P2_MMD8_L001	Post_P16	P16	Non-responder	anti-PD1	2359	9.3	-0.0616394038531478
H6_P1_MMD8_L001	Post_P16	P16	Non-responder	anti-PD1	1768	9.88	-0.284835514358416
H7_P5_MMD8_L001	Post_P16	P16	Non-responder	anti-PD1	1826	8.62	1.77490458015267
H8_P2_MMD8_L001	Post_P16	P16	Non-responder	anti-PD1	1889	9.69	-0.532299163940384
A11_P2_MMD9_L001	Post_P17	P17	Responder	anti-PD1	1366	0	2.58101326790258
A12_P2_MMD9_L001	Post_P17	P17	Responder	anti-PD1	1567	0	1.05891675754271
A12_P3_MMD9_L001	Post_P17	P17	Responder	anti-PD1	1369	0	2.64177390039986
A2_P3_MMD9_L001	Post_P17	P17	Responder	anti-PD1	1512	8.86	2.21268720465285
A4_P3_MMD9_L001	Post_P17	P17	Responder	anti-PD1	1983	9.47	2.82278444202108
A5_P1_MMD9_L001	Post_P17	P17	Responder	anti-PD1	1457	0	-0.244804616503089
A5_P5_MMD9_L001	Post_P17	P17	Responder	anti-PD1	1726	0	1.25170937840785
A6_P2_MMD9_L001	Post_P17	P17	Responder	anti-PD1	1260	0	0.909436568520538
A6_P3_MMD9_L001	Post_P17	P17	Responder	anti-PD1	1471	0	2.22915212649945
A6_P5_MMD9_L001	Post_P17	P17	Responder	anti-PD1	1695	9.11	3.56334332969829
A7_P2_MMD9_L001	Post_P17	P17	Responder	anti-PD1	1593	0	2.76055252635405
A7_P3_MMD9_L001	Post_P17	P17	Responder	anti-PD1	1363	0	2.39811795710651
A8_P1_MMD9_L001	Post_P17	P17	Responder	anti-PD1	1346	0	-0.836876590330789
A8_P2_MMD9_L001	Post_P17	P17	Responder	anti-PD1	1333	0	0.682671755725189
A9_P5_MMD9_L001	Post_P17	P17	Responder	anti-PD1	1281	0	-0.211425845147219
B10_P2_MMD9_L001	Post_P17	P17	Responder	anti-PD1	1464	0	0.59941384950927
B10_P3_MMD9_L001	Post_P17	P17	Responder	anti-PD1	1540	9.95	1.62165212649946
B11_P5_MMD9_L001	Post_P17	P17	Responder	anti-PD1	1376	9.46	1.62979007633588
B12_P2_MMD9_L001	Post_P17	P17	Responder	anti-PD1	1361	0	1.02011177753544
B12_P3_MMD9_L001	Post_P17	P17	Responder	anti-PD1	1428	0	0.79695110868775
B1_P1_MMD9_L001	Post_P17	P17	Responder	anti-PD1	1378	0	-0.565529807342787
B1_P5_MMD9_L001	Post_P17	P17	Responder	anti-PD1	1491	10.3	2.34011904761905
B2_P1_MMD9_L001	Post_P17	P17	Responder	anti-PD1	1467	0	0.857676299527446
B3_P2_MMD9_L001	Post_P17	P17	Responder	anti-PD1	1396	7.6	2.60526172300981
B4_P2_MMD9_L001	Post_P17	P17	Responder	anti-PD1	1279	10.16	0.415502544529262
B4_P5_MMD9_L001	Post_P17	P17	Responder	anti-PD1	2272	9.14	1.77709014903672
B5_P3_MMD9_L001	Post_P17	P17	Responder	anti-PD1	1481	9.49	0.406439476553978
B6_P5_MMD9_L001	Post_P17	P17	Responder	anti-PD1	1523	8.93	2.27436568520538
B8_P2_MMD9_L001	Post_P17	P17	Responder	anti-PD1	1248	11.25	1.77729825517993
B9_P2_MMD9_L001	Post_P17	P17	Responder	anti-PD1	2066	6.81	-0.879600145401669
C10_P1_MMD9_L001	Post_P17	P17	Responder	anti-PD1	1405	0	0.497595419847328
C10_P2_MMD9_L001	Post_P17	P17	Responder	anti-PD1	1753	9.97	0.825331697564522
C10_P5_MMD9_L001	Post_P17	P17	Responder	anti-PD1	1453	9.12	-0.640261723009812
C11_P5_MMD9_L001	Post_P17	P17	Responder	anti-PD1	1349	0	1.86988913122501
C2_P2_MMD9_L001	Post_P17	P17	Responder	anti-PD1	1309	0	3.19935659760087
C4_P2_MMD9_L001	Post_P17	P17	Responder	anti-PD1	1492	11.01	1.98946019629225
C5_P2_MMD9_L001	Post_P17	P17	Responder	anti-PD1	1576	10.92	1.24625681570338
C5_P5_MMD9_L001	Post_P17	P17	Responder	anti-PD1	1853	9.55	-0.328917666303163
C6_P2_MMD9_L001	Post_P17	P17	Responder	anti-PD1	1204	0	0.924427480916031
C7_P1_MMD9_L001	Post_P17	P17	Responder	anti-PD1	1711	9.85	1.2760405307161
C8_P2_MMD9_L001	Post_P17	P17	Responder	anti-PD1	1796	9.47	1.92482824427481
C8_P3_MMD9_L001	Post_P17	P17	Responder	anti-PD1	1410	0	-0.136275899672847
D11_P1_MMD9_L001	Post_P17	P17	Responder	anti-PD1	1390	2.74	2.25321882951654
D11_P2_MMD9_L001	Post_P17	P17	Responder	anti-PD1	1220	10.07	2.18678662304616
D12_P2_MMD9_L001	Post_P17	P17	Responder	anti-PD1	1266	0	2.5317011995638
D12_P5_MMD9_L001	Post_P17	P17	Responder	anti-PD1	1584	0	2.27948200654308
D1_P1_MMD9_L001	Post_P17	P17	Responder	anti-PD1	1405	9.79	0.272523627771719
D1_P5_MMD9_L001	Post_P17	P17	Responder	anti-PD1	1352	0	0.823935841512179
D2_P2_MMD9_L001	Post_P17	P17	Responder	anti-PD1	1223	0	1.20324245728826
D4_P2_MMD9_L001	Post_P17	P17	Responder	anti-PD1	1361	11.01	0.907268266085062
D4_P3_MMD9_L001	Post_P17	P17	Responder	anti-PD1	1693	0	2.18554616503089
D5_P3_MMD9_L001	Post_P17	P17	Responder	anti-PD1	1251	10.55	0.551356779352963
D6_P1_MMD9_L001	Post_P17	P17	Responder	anti-PD1	1244	9.14	-1.08046165030898
D8_P1_MMD9_L001	Post_P17	P17	Responder	anti-PD1	1606	0	0.84655670665213
E12_P2_MMD9_L001	Post_P17	P17	Responder	anti-PD1	1329	0	-0.942109233006181
E12_P3_MMD9_L001	Post_P17	P17	Responder	anti-PD1	1817	10.2	0.589054889131226
E1_P1_MMD9_L001	Post_P17	P17	Responder	anti-PD1	1290	10.79	-0.0631061432206455
E2_P1_MMD9_L001	Post_P17	P17	Responder	anti-PD1	1840	0	1.08863322428208
E4_P5_MMD9_L001	Post_P17	P17	Responder	anti-PD1	2026	9.35	0.795727008360595
E6_P3_MMD9_L001	Post_P17	P17	Responder	anti-PD1	2018	0	-0.625742457288257
E7_P3_MMD9_L001	Post_P17	P17	Responder	anti-PD1	2129	9.43	0.575499818247909
E9_P3_MMD9_L001	Post_P17	P17	Responder	anti-PD1	1311	0	0.210959651035988
E9_P5_MMD9_L001	Post_P17	P17	Responder	anti-PD1	2023	9.26	-0.722603598691388
F10_P5_MMD9_L001	Post_P17	P17	Responder	anti-PD1	1226	0	0.972684478371501
F11_P1_MMD9_L001	Post_P17	P17	Responder	anti-PD1	1556	0	1.19005089058524
F12_P3_MMD9_L001	Post_P17	P17	Responder	anti-PD1	2087	8.63	1.31478735005452
F1_P5_MMD9_L001	Post_P17	P17	Responder	anti-PD1	1677	9.46	1.0890167211923
F2_P5_MMD9_L001	Post_P17	P17	Responder	anti-PD1	1561	0	0.145876045074521
F3_P3_MMD9_L001	Post_P17	P17	Responder	anti-PD1	1347	10.26	3.07692748091603
F4_P3_MMD9_L001	Post_P17	P17	Responder	anti-PD1	1380	0	-0.855389858233371
F5_P2_MMD9_L001	Post_P17	P17	Responder	anti-PD1	1483	10.15	2.20680570701563
F5_P5_MMD9_L001	Post_P17	P17	Responder	anti-PD1	1439	0	0.554813704107597
F6_P2_MMD9_L001	Post_P17	P17	Responder	anti-PD1	1450	0	0.66667030170847
F7_P5_MMD9_L001	Post_P17	P17	Responder	anti-PD1	1384	0	-0.114820974191202
F8_P5_MMD9_L001	Post_P17	P17	Responder	anti-PD1	1772	8.26	0.987250999636494
F9_P5_MMD9_L001	Post_P17	P17	Responder	anti-PD1	1467	2.6	1.14904943656852
G11_P3_MMD9_L001	Post_P17	P17	Responder	anti-PD1	1364	10.24	1.31329425663395
G12_P2_MMD9_L001	Post_P17	P17	Responder	anti-PD1	1458	0	0.496039621955651
G1_P1_MMD9_L001	Post_P17	P17	Responder	anti-PD1	2244	8.08	2.45138040712468
G1_P2_MMD9_L001	Post_P17	P17	Responder	anti-PD1	1348	0	0.712629043984004
G3_P2_MMD9_L001	Post_P17	P17	Responder	anti-PD1	1647	0	0.0612368229734623
G3_P3_MMD9_L001	Post_P17	P17	Responder	anti-PD1	1350	10.01	1.24113595056343
G5_P2_MMD9_L001	Post_P17	P17	Responder	anti-PD1	1344	0	1.68595601599418
G6_P1_MMD9_L001	Post_P17	P17	Responder	anti-PD1	1313	0	1.89689567430025
G6_P3_MMD9_L001	Post_P17	P17	Responder	anti-PD1	1727	9.91	2.64580970556161
G6_P5_MMD9_L001	Post_P17	P17	Responder	anti-PD1	1644	9.58	1.2314058524173
G8_P1_MMD9_L001	Post_P17	P17	Responder	anti-PD1	1579	9.79	0.867636314067612
G8_P5_MMD9_L001	Post_P17	P17	Responder	anti-PD1	1696	9.49	1.37460559796438
G9_P1_MMD9_L001	Post_P17	P17	Responder	anti-PD1	1256	0	1.40090149036714
H10_P1_MMD9_L001	Post_P17	P17	Responder	anti-PD1	1552	0	1.46394583787713
H10_P2_MMD9_L001	Post_P17	P17	Responder	anti-PD1	1260	0	1.07487913486005
H12_P3_MMD9_L001	Post_P17	P17	Responder	anti-PD1	1374	0	0.399771901126865
H1_P1_MMD9_L001	Post_P17	P17	Responder	anti-PD1	1810	9.64	2.3238985823337
H1_P3_MMD9_L001	Post_P17	P17	Responder	anti-PD1	2338	9.1	1.93650763358779
H2_P2_MMD9_L001	Post_P17	P17	Responder	anti-PD1	1298	10.17	1.30026899309342
H3_P3_MMD9_L001	Post_P17	P17	Responder	anti-PD1	1512	5.4	0.640793347873502
H5_P1_MMD9_L001	Post_P17	P17	Responder	anti-PD1	1412	0	1.21910668847692
H5_P5_MMD9_L001	Post_P17	P17	Responder	anti-PD1	1331	0	1.69838695019993
H7_P1_MMD9_L001	Post_P17	P17	Responder	anti-PD1	1469	5.14	0.440521628498729
H7_P5_MMD9_L001	Post_P17	P17	Responder	anti-PD1	1565	0	0.763198836786622
H8_P5_MMD9_L001	Post_P17	P17	Responder	anti-PD1	2719	6.96	1.02980643402399
A10_P5_M45_L001	Post_P18	P18	Non-responder	anti-PD1	1705	0	1.355239912759
A12_P4_M45_L001	Post_P18	P18	Non-responder	anti-PD1	1461	0	2.41130861504908
A1_P1_M45_L001	Post_P18	P18	Non-responder	anti-PD1	1868	3.48	0.753760450745184
A5_P5_M45_L001	Post_P18	P18	Non-responder	anti-PD1	2098	9.45	1.03078244274809
A6_P4_M45_L001	Post_P18	P18	Non-responder	anti-PD1	2854	11.23	3.65037440930571
A7_P3_M45_L001	Post_P18	P18	Non-responder	anti-PD1	2441	0	1.55764267539077
A9_P4_M45_L001	Post_P18	P18	Non-responder	anti-PD1	1777	8.26	2.16019992729916
B10_P1_M45_L001	Post_P18	P18	Non-responder	anti-PD1	1589	10.38	0.434782806252273
B10_P4_M45_L001	Post_P18	P18	Non-responder	anti-PD1	2066	0	2.60138676844783
B11_P1_M45_L001	Post_P18	P18	Non-responder	anti-PD1	2042	0	2.81571882951654
B11_P4_M45_L001	Post_P18	P18	Non-responder	anti-PD1	1525	0	0.459590149036713
B11_P5_M45_L001	Post_P18	P18	Non-responder	anti-PD1	1937	0	2.03380679752817
B12_P4_M45_L001	Post_P18	P18	Non-responder	anti-PD1	1729	9.9	1.04586241366776
B1_P3_M45_L001	Post_P18	P18	Non-responder	anti-PD1	2004	0	1.74961468556888
B1_P5_M45_L001	Post_P18	P18	Non-responder	anti-PD1	2237	8.9	1.07758905852417
B2_P3_M45_L001	Post_P18	P18	Non-responder	anti-PD1	2087	0	2.27194565612505
B3_P1_M45_L001	Post_P18	P18	Non-responder	anti-PD1	1856	9.56	2.10978189749182
B4_P3_M45_L001	Post_P18	P18	Non-responder	anti-PD1	2085	0	2.13333424209379
B5_P1_M45_L001	Post_P18	P18	Non-responder	anti-PD1	2009	9.43	1.27864685568884
B5_P3_M45_L001	Post_P18	P18	Non-responder	anti-PD1	1846	0	-1.85917757179207
B9_P1_M45_L001	Post_P18	P18	Non-responder	anti-PD1	2974	9.75	2.16297346419484
C10_P5_M45_L001	Post_P18	P18	Non-responder	anti-PD1	1993	10.65	1.17166666666667
C11_P4_M45_L001	Post_P18	P18	Non-responder	anti-PD1	2017	9.84	3.06098782260996
C11_P5_M45_L001	Post_P18	P18	Non-responder	anti-PD1	1877	0	0.453170665212651
C3_P4_M45_L001	Post_P18	P18	Non-responder	anti-PD1	2169	8.9	1.7295129043984
C5_P1_M45_L001	Post_P18	P18	Non-responder	anti-PD1	2326	9	0.657080152671754
C5_P5_M45_L001	Post_P18	P18	Non-responder	anti-PD1	2103	0	2.23528080697928
C6_P4_M45_L001	Post_P18	P18	Non-responder	anti-PD1	1909	9.79	3.34073336968375
C8_P3_M45_L001	Post_P18	P18	Non-responder	anti-PD1	2301	0	1.51575336241367
C9_P3_M45_L001	Post_P18	P18	Non-responder	anti-PD1	4851	3.92	1.87593602326427
C9_P4_M45_L001	Post_P18	P18	Non-responder	anti-PD1	2352	0	0.821048709560161
D12_P4_M45_L001	Post_P18	P18	Non-responder	anti-PD1	1743	9.71	1.97434478371502
D2_P4_M45_L001	Post_P18	P18	Non-responder	anti-PD1	1698	7.78	1.66785532533624
D3_P3_M45_L001	Post_P18	P18	Non-responder	anti-PD1	1643	10.04	1.57794983642312
D7_P1_M45_L001	Post_P18	P18	Non-responder	anti-PD1	2053	0	1.60750908760451
D7_P4_M45_L001	Post_P18	P18	Non-responder	anti-PD1	2516	10.33	3.01427299163941
D8_P3_M45_L001	Post_P18	P18	Non-responder	anti-PD1	1900	0	1.94867320974191
D8_P5_M45_L001	Post_P18	P18	Non-responder	anti-PD1	1948	10.63	2.54618956743002
D9_P1_M45_L001	Post_P18	P18	Non-responder	anti-PD1	2290	9.16	2.92175754271174
E11_P3_M45_L001	Post_P18	P18	Non-responder	anti-PD1	2523	9.37	0.815045438022542
E12_P3_M45_L001	Post_P18	P18	Non-responder	anti-PD1	2059	0	1.9770756088695
E5_P3_M45_L001	Post_P18	P18	Non-responder	anti-PD1	5764	10.21	2.5170701563068
E7_P5_M45_L001	Post_P18	P18	Non-responder	anti-PD1	2335	9.95	0.365876045074523
E8_P5_M45_L001	Post_P18	P18	Non-responder	anti-PD1	1634	0	0.951365866957473
F12_P1_M45_L001	Post_P18	P18	Non-responder	anti-PD1	1965	0	2.77850054525627
F1_P5_M45_L001	Post_P18	P18	Non-responder	anti-PD1	2132	0	3.41352417302799
F2_P3_M45_L001	Post_P18	P18	Non-responder	anti-PD1	1888	0	2.38039803707742
F3_P3_M45_L001	Post_P18	P18	Non-responder	anti-PD1	1584	0	0.43825245365322
F3_P4_M45_L001	Post_P18	P18	Non-responder	anti-PD1	1902	10.45	0.545537986186844
F3_P5_M45_L001	Post_P18	P18	Non-responder	anti-PD1	2639	0	2.48584151217739
F5_P1_M45_L001	Post_P18	P18	Non-responder	anti-PD1	2976	10.91	3.52992093784078
F6_P4_M45_L001	Post_P18	P18	Non-responder	anti-PD1	2088	9.28	0.674250272628135
F7_P1_M45_L001	Post_P18	P18	Non-responder	anti-PD1	1343	0	1.5515203562341
G11_P4_M45_L001	Post_P18	P18	Non-responder	anti-PD1	2078	0	1.73089331152308
G12_P5_M45_L001	Post_P18	P18	Non-responder	anti-PD1	2731	10.15	3.40444929116685
G1_P1_M45_L001	Post_P18	P18	Non-responder	anti-PD1	1735	3.51	1.92282897128317
G1_P5_M45_L001	Post_P18	P18	Non-responder	anti-PD1	2021	9.68	0.524683751363139
G2_P1_M45_L001	Post_P18	P18	Non-responder	anti-PD1	1747	9.57	-0.622858051617593
G4_P4_M45_L001	Post_P18	P18	Non-responder	anti-PD1	2037	9.14	1.74786259541985
G6_P1_M45_L001	Post_P18	P18	Non-responder	anti-PD1	1784	0	1.49766539440203
G7_P5_M45_L001	Post_P18	P18	Non-responder	anti-PD1	1945	9.5	-0.594674663758631
G9_P5_M45_L001	Post_P18	P18	Non-responder	anti-PD1	1845	0	0.705143584151218
H10_P5_M45_L001	Post_P18	P18	Non-responder	anti-PD1	2091	9.26	0.670585241730278
H11_P4_M45_L001	Post_P18	P18	Non-responder	anti-PD1	1761	9.22	2.2046992002908
H1_P5_M45_L001	Post_P18	P18	Non-responder	anti-PD1	1894	10.78	2.03489458378771
H4_P1_M45_L001	Post_P18	P18	Non-responder	anti-PD1	1988	0	0.122021992002905
H4_P3_M45_L001	Post_P18	P18	Non-responder	anti-PD1	2032	0	1.66529352962559
H7_P1_M45_L001	Post_P18	P18	Non-responder	anti-PD1	2341	8.97	1.1476254089422
H9_P4_M45_L001	Post_P18	P18	Non-responder	anti-PD1	2020	0	0.92036804798255
H9_P5_M45_L001	Post_P18	P18	Non-responder	anti-PD1	1665	0	1.20034351145038
A10_P1_MMD7_L001	Post_P19	P19	Responder	anti-PD1	1713	0	-0.846481279534713
A2_P3_MMD7_L001	Post_P19	P19	Responder	anti-PD1	2555	10.19	4.12571610323519
A9_P4_MMD7_L001	Post_P19	P19	Responder	anti-PD1	1657	0	1.9545719738277
B10_P4_MMD7_L001	Post_P19	P19	Responder	anti-PD1	1589	0	1.32570883315158
B11_P1_MMD7_L001	Post_P19	P19	Responder	anti-PD1	1526	9.41	1.46523173391494
B11_P2_MMD7_L001	Post_P19	P19	Responder	anti-PD1	1468	3.39	1.30377408215194
B12_P1_MMD7_L001	Post_P19	P19	Responder	anti-PD1	1512	10.13	1.73051072337332
B12_P4_MMD7_L001	Post_P19	P19	Responder	anti-PD1	1867	0	-0.779472010178115
B2_P4_MMD7_L001	Post_P19	P19	Responder	anti-PD1	1713	0	3.56897491821156
B3_P3_MMD7_L001	Post_P19	P19	Responder	anti-PD1	1432	0	1.13401308615049
B4_P3_MMD7_L001	Post_P19	P19	Responder	anti-PD1	1741	0	0.549837331879314
B7_P3_MMD7_L001	Post_P19	P19	Responder	anti-PD1	1680	0	2.67656579425663
B7_P4_MMD7_L001	Post_P19	P19	Responder	anti-PD1	1868	5.48	0.937540894220284
B9_P1_MMD7_L001	Post_P19	P19	Responder	anti-PD1	1381	10.18	1.39868502362777
B9_P4_MMD7_L001	Post_P19	P19	Responder	anti-PD1	1719	0	0.482053798618684
C10_P3_MMD7_L001	Post_P19	P19	Responder	anti-PD1	1681	0	1.36522446383133
C1_P1_MMD7_L001	Post_P19	P19	Responder	anti-PD1	1972	10.4	1.13452380952381
C2_P1_MMD7_L001	Post_P19	P19	Responder	anti-PD1	1759	0	3.19447382769902
C3_P1_MMD7_L001	Post_P19	P19	Responder	anti-PD1	1808	0	0.779465648854962
C3_P2_MMD7_L001	Post_P19	P19	Responder	anti-PD1	1752	11.14	2.25769356597601
C3_P3_MMD7_L001	Post_P19	P19	Responder	anti-PD1	1847	6.64	2.43089876408579
C5_P4_MMD7_L001	Post_P19	P19	Responder	anti-PD1	1795	11.1	-0.78388949472919
C7_P3_MMD7_L001	Post_P19	P19	Responder	anti-PD1	1622	10.91	1.31842330061796
C9_P1_MMD7_L001	Post_P19	P19	Responder	anti-PD1	1568	0	0.860950563431477
C9_P3_MMD7_L001	Post_P19	P19	Responder	anti-PD1	1728	0	0.550030897855325
D11_P2_MMD7_L001	Post_P19	P19	Responder	anti-PD1	1744	0	1.91727462740822
D2_P1_MMD7_L001	Post_P19	P19	Responder	anti-PD1	1698	8.48	1.80289167575427
D3_P1_MMD7_L001	Post_P19	P19	Responder	anti-PD1	1912	0	3.1115312613595
D3_P4_MMD7_L001	Post_P19	P19	Responder	anti-PD1	1368	0	-0.888299709196655
D4_P3_MMD7_L001	Post_P19	P19	Responder	anti-PD1	1664	0	2.16632679025809
D5_P3_MMD7_L001	Post_P19	P19	Responder	anti-PD1	1304	0	-0.827741730279897
D8_P2_MMD7_L001	Post_P19	P19	Responder	anti-PD1	1519	0	-0.0122237368229752
D9_P2_MMD7_L001	Post_P19	P19	Responder	anti-PD1	1536	0	2.90805434387495
E10_P3_MMD7_L001	Post_P19	P19	Responder	anti-PD1	1762	10.08	4.30165212649946
E12_P4_MMD7_L001	Post_P19	P19	Responder	anti-PD1	1516	10.09	-0.022823518720466
E1_P2_MMD7_L001	Post_P19	P19	Responder	anti-PD1	1894	8.56	3.66018720465285
E2_P4_MMD7_L001	Post_P19	P19	Responder	anti-PD1	1831	10.69	2.65543711377681
E5_P1_MMD7_L001	Post_P19	P19	Responder	anti-PD1	2125	10.41	3.27911577608142
E5_P3_MMD7_L001	Post_P19	P19	Responder	anti-PD1	1493	10.04	0.309010359869137
E7_P4_MMD7_L001	Post_P19	P19	Responder	anti-PD1	2015	8.94	2.6992693565976
F11_P4_MMD7_L001	Post_P19	P19	Responder	anti-PD1	1556	9.87	-0.523511450381681
F12_P1_MMD7_L001	Post_P19	P19	Responder	anti-PD1	1858	9.16	2.39695110868775
F1_P1_MMD7_L001	Post_P19	P19	Responder	anti-PD1	1586	10.16	1.91042893493275
F1_P2_MMD7_L001	Post_P19	P19	Responder	anti-PD1	2166	0	2.19743456924755
F1_P4_MMD7_L001	Post_P19	P19	Responder	anti-PD1	2110	11.04	2.26563613231552
F2_P2_MMD7_L001	Post_P19	P19	Responder	anti-PD1	1383	0	0.535209014903672
G10_P3_MMD7_L001	Post_P19	P19	Responder	anti-PD1	2015	10.9	7.18288077062887
G11_P2_MMD7_L001	Post_P19	P19	Responder	anti-PD1	1876	9.64	2.63143311523082
G12_P1_MMD7_L001	Post_P19	P19	Responder	anti-PD1	1785	9.48	1.65287350054526
G12_P4_MMD7_L001	Post_P19	P19	Responder	anti-PD1	2012	0	-0.368056161395852
G4_P3_MMD7_L001	Post_P19	P19	Responder	anti-PD1	1903	9.45	1.95995819701927
G7_P4_MMD7_L001	Post_P19	P19	Responder	anti-PD1	2113	10.64	4.06719647400945
G8_P4_MMD7_L001	Post_P19	P19	Responder	anti-PD1	4300	11.51	2.93068611414031
G9_P1_MMD7_L001	Post_P19	P19	Responder	anti-PD1	1309	0	1.52248727735369
H11_P3_MMD7_L001	Post_P19	P19	Responder	anti-PD1	1380	0	0.870914213013449
H12_P1_MMD7_L001	Post_P19	P19	Responder	anti-PD1	1394	0	0.977893493275172
H12_P4_MMD7_L001	Post_P19	P19	Responder	anti-PD1	1573	0	1.87140766993821
H2_P2_MMD7_L001	Post_P19	P19	Responder	anti-PD1	1546	0	-1.08239821882952
H2_P4_MMD7_L001	Post_P19	P19	Responder	anti-PD1	2053	8.92	-0.279711014176663
H3_P1_MMD7_L001	Post_P19	P19	Responder	anti-PD1	1570	9.78	1.51724100327154
H3_P4_MMD7_L001	Post_P19	P19	Responder	anti-PD1	1623	0	2.01953562340967
H5_P2_MMD7_L001	Post_P19	P19	Responder	anti-PD1	1790	10.49	2.27781897491821
H5_P3_MMD7_L001	Post_P19	P19	Responder	anti-PD1	1393	10.76	1.63685114503817
H5_P4_MMD7_L001	Post_P19	P19	Responder	anti-PD1	2057	9.58	3.42151944747365
H6_P4_MMD7_L001	Post_P19	P19	Responder	anti-PD1	1828	0	-0.000282624500181239
H7_P3_MMD7_L001	Post_P19	P19	Responder	anti-PD1	1860	0	1.36982733551436
H8_P3_MMD7_L001	Post_P19	P19	Responder	anti-PD1	1529	3.85	0.557899854598327
A12_P1_M79_L001	Post_P20	P20	Non-responder	anti-PD1	2455	0	1.39907033805889
A12_P3_M79_L001	Post_P20	P20	Non-responder	anti-PD1	2432	10.91	1.92623864049436
A2_P3_M79_L001	Post_P20	P20	Non-responder	anti-PD1	4628	10.18	0.441187749909123
A8_P3_M79_L001	Post_P20	P20	Non-responder	anti-PD1	2344	9.36	1.5050572519084
B10_P1_M79_L001	Post_P20	P20	Non-responder	anti-PD1	2162	9.98	0.585623409669212
B11_P4_M79_L001	Post_P20	P20	Non-responder	anti-PD1	2349	10.02	-0.307150127226464
B12_P1_M79_L001	Post_P20	P20	Non-responder	anti-PD1	1928	0	0.6267084696474
B2_P1_M79_L001	Post_P20	P20	Non-responder	anti-PD1	1944	6.26	-0.174912758996733
B2_P2_M79_L001	Post_P20	P20	Non-responder	anti-PD1	2567	10.66	4.60034351145038
B4_P1_M79_L001	Post_P20	P20	Non-responder	anti-PD1	2166	10.36	1.38095510723373
B4_P2_M79_L001	Post_P20	P20	Non-responder	anti-PD1	2292	12.24	3.4951899309342
B4_P3_M79_L001	Post_P20	P20	Non-responder	anti-PD1	1423	0	-1.19966830243548
B6_P3_M79_L001	Post_P20	P20	Non-responder	anti-PD1	2247	11.07	1.11357778989459
B9_P2_M79_L001	Post_P20	P20	Non-responder	anti-PD1	2321	0	1.87472373682298
C10_P3_M79_L001	Post_P20	P20	Non-responder	anti-PD1	2201	9.57	0.0118902217375494
C11_P1_M79_L001	Post_P20	P20	Non-responder	anti-PD1	2006	8.92	1.47141039621956
C11_P2_M79_L001	Post_P20	P20	Non-responder	anti-PD1	2358	10.22	2.8231715739731
C11_P4_M79_L001	Post_P20	P20	Non-responder	anti-PD1	2386	10.07	2.05250090876045
C12_P3_M79_L001	Post_P20	P20	Non-responder	anti-PD1	2028	0	3.01362050163577
C4_P1_M79_L001	Post_P20	P20	Non-responder	anti-PD1	2446	3.1	1.02235823336969
C4_P3_M79_L001	Post_P20	P20	Non-responder	anti-PD1	2069	0	1.24416030534351
C5_P1_M79_L001	Post_P20	P20	Non-responder	anti-PD1	1966	0	-1.22781533987641
C6_P3_M79_L001	Post_P20	P20	Non-responder	anti-PD1	3664	9.76	0.538662304616506
C6_P4_M79_L001	Post_P20	P20	Non-responder	anti-PD1	2860	8.53	1.59513631406761
C9_P4_M79_L001	Post_P20	P20	Non-responder	anti-PD1	2524	0	0.183137949836427
D11_P3_M79_L001	Post_P20	P20	Non-responder	anti-PD1	4456	11.65	2.96559978189749
D5_P1_M79_L001	Post_P20	P20	Non-responder	anti-PD1	1929	9.28	0.905910577971649
D7_P2_M79_L001	Post_P20	P20	Non-responder	anti-PD1	2555	0	1.37907488186114
D9_P1_M79_L001	Post_P20	P20	Non-responder	anti-PD1	2331	0	1.32868047982552
D9_P2_M79_L001	Post_P20	P20	Non-responder	anti-PD1	2167	10.7	5.14867411850236
E10_P1_M79_L001	Post_P20	P20	Non-responder	anti-PD1	2195	7.76	2.02001181388586
E10_P2_M79_L001	Post_P20	P20	Non-responder	anti-PD1	2414	10.42	2.13485914213014
E11_P1_M79_L001	Post_P20	P20	Non-responder	anti-PD1	2293	10.97	3.8829816430389
E12_P3_M79_L001	Post_P20	P20	Non-responder	anti-PD1	2225	0	2.26266721192294
E2_P4_M79_L001	Post_P20	P20	Non-responder	anti-PD1	1839	8.34	0.0731833878589594
E4_P2_M79_L001	Post_P20	P20	Non-responder	anti-PD1	2213	0	1.96999363867684
E5_P4_M79_L001	Post_P20	P20	Non-responder	anti-PD1	2521	9.64	3.45736732097419
E6_P1_M79_L001	Post_P20	P20	Non-responder	anti-PD1	1815	0	2.52928389676481
E6_P2_M79_L001	Post_P20	P20	Non-responder	anti-PD1	2227	10.25	1.46727644492912
E8_P1_M79_L001	Post_P20	P20	Non-responder	anti-PD1	1758	0	3.20897400945111
E8_P4_M79_L001	Post_P20	P20	Non-responder	anti-PD1	3252	7.78	1.06106870229008
E9_P1_M79_L001	Post_P20	P20	Non-responder	anti-PD1	1690	0	-1.65641766630316
E9_P2_M79_L001	Post_P20	P20	Non-responder	anti-PD1	2618	10.6	1.09608778625954
E9_P3_M79_L001	Post_P20	P20	Non-responder	anti-PD1	3250	9.51	2.01232824427481
F10_P2_M79_L001	Post_P20	P20	Non-responder	anti-PD1	4105	9.84	0.207280988731371
F1_P2_M79_L001	Post_P20	P20	Non-responder	anti-PD1	2546	10.53	3.47777898945838
F1_P4_M79_L001	Post_P20	P20	Non-responder	anti-PD1	1970	8.69	1.16485278080698
F2_P2_M79_L001	Post_P20	P20	Non-responder	anti-PD1	2203	8.71	1.66852780806979
F2_P3_M79_L001	Post_P20	P20	Non-responder	anti-PD1	2133	0	1.02552344601963
F3_P4_M79_L001	Post_P20	P20	Non-responder	anti-PD1	3155	9.94	2.32537622682661
F6_P4_M79_L001	Post_P20	P20	Non-responder	anti-PD1	2447	9.72	0.671449472918937
F7_P1_M79_L001	Post_P20	P20	Non-responder	anti-PD1	2057	9.91	2.05123046165031
F8_P3_M79_L001	Post_P20	P20	Non-responder	anti-PD1	1994	8.82	1.72540530716103
F9_P1_M79_L001	Post_P20	P20	Non-responder	anti-PD1	2112	9.23	3.82192929843693
G10_P1_M79_L001	Post_P20	P20	Non-responder	anti-PD1	2139	9.2	2.48048800436205
G10_P4_M79_L001	Post_P20	P20	Non-responder	anti-PD1	2564	9.2	3.03966739367502
G11_P3_M79_L001	Post_P20	P20	Non-responder	anti-PD1	1975	0	0.522199200290803
G11_P4_M79_L001	Post_P20	P20	Non-responder	anti-PD1	3247	11.37	3.23772264631044
G12_P2_M79_L001	Post_P20	P20	Non-responder	anti-PD1	2199	11.68	4.30992093784079
G1_P3_M79_L001	Post_P20	P20	Non-responder	anti-PD1	2284	7.69	0.0250199927299164
G1_P4_M79_L001	Post_P20	P20	Non-responder	anti-PD1	2047	9.32	1.77932206470375
G3_P1_M79_L001	Post_P20	P20	Non-responder	anti-PD1	2155	9.31	-1.20101690294438
G5_P2_M79_L001	Post_P20	P20	Non-responder	anti-PD1	1840	9.53	3.12500908760451
G5_P4_M79_L001	Post_P20	P20	Non-responder	anti-PD1	3505	8.42	1.53407669938205
G6_P1_M79_L001	Post_P20	P20	Non-responder	anti-PD1	1574	0	1.77418938567794
G9_P2_M79_L001	Post_P20	P20	Non-responder	anti-PD1	3539	9.31	2.28710468920393
H10_P4_M79_L001	Post_P20	P20	Non-responder	anti-PD1	2706	10.96	1.05328426026899
H11_P3_M79_L001	Post_P20	P20	Non-responder	anti-PD1	2497	6.03	1.9283524173028
H11_P4_M79_L001	Post_P20	P20	Non-responder	anti-PD1	2009	0	0.915527081061437
H1_P2_M79_L001	Post_P20	P20	Non-responder	anti-PD1	1239	0	0.971816612141041
H2_P1_M79_L001	Post_P20	P20	Non-responder	anti-PD1	1972	9.11	2.89768175209015
H3_P2_M79_L001	Post_P20	P20	Non-responder	anti-PD1	1956	0	-0.0699972737186467
H3_P4_M79_L001	Post_P20	P20	Non-responder	anti-PD1	2686	9.67	1.47596601235914
H4_P3_M79_L001	Post_P20	P20	Non-responder	anti-PD1	2132	9.46	2.12654580152672
H4_P4_M79_L001	Post_P20	P20	Non-responder	anti-PD1	2331	11.1	3.5170092693566
H6_P1_M79_L001	Post_P20	P20	Non-responder	anti-PD1	1886	9.44	0.0103407851690296
A10_P6_M51_L001	Post_P21	P21	Responder	anti-PD1	2132	10.16	-0.652978916757542
A12_P1_M51_L001	Post_P21	P21	Responder	anti-PD1	1438	0	1.27787622682661
A1_P1_M51_L001	Post_P21	P21	Responder	anti-PD1	1956	9.33	0.0545647037440982
A1_P2_M51_L001	Post_P21	P21	Responder	anti-PD1	1327	0	0.348260632497273
A1_P6_M51_L001	Post_P21	P21	Responder	anti-PD1	1859	0	-1.04909123954926
A3_P2_M51_L001	Post_P21	P21	Responder	anti-PD1	2144	9.73	1.25441839331153
A4_P2_M51_L001	Post_P21	P21	Responder	anti-PD1	1783	9.42	-0.631994729189385
A7_P6_M51_L001	Post_P21	P21	Responder	anti-PD1	2101	0	1.36796255906943
A8_P2_M51_L001	Post_P21	P21	Responder	anti-PD1	1909	0	2.63451017811706
B12_P1_M51_L001	Post_P21	P21	Responder	anti-PD1	1449	0	0.12607324609233
B12_P2_M51_L001	Post_P21	P21	Responder	anti-PD1	1716	0	1.37962740821519
B1_P6_M51_L001	Post_P21	P21	Responder	anti-PD1	1943	9.23	-0.700450745183571
B2_P2_M51_L001	Post_P21	P21	Responder	anti-PD1	1721	0	1.61224827335515
B2_P6_M51_L001	Post_P21	P21	Responder	anti-PD1	2045	0	1.36043529625591
B4_P2_M51_L001	Post_P21	P21	Responder	anti-PD1	2426	6.8	1.91680025445293
B5_P1_M51_L001	Post_P21	P21	Responder	anti-PD1	3378	0	-1.39123954925482
B5_P2_M51_L001	Post_P21	P21	Responder	anti-PD1	1296	0	-1.09088876772083
B5_P6_M51_L001	Post_P21	P21	Responder	anti-PD1	1971	0	0.411306797528173
B9_P1_M51_L001	Post_P21	P21	Responder	anti-PD1	1552	7.33	1.22124681933842
B9_P2_M51_L001	Post_P21	P21	Responder	anti-PD1	2081	9.22	2.30524082151945
C11_P1_M51_L001	Post_P21	P21	Responder	anti-PD1	1938	0	3.39110050890585
C1_P6_M51_L001	Post_P21	P21	Responder	anti-PD1	2328	10.25	3.9650627044711
C2_P2_M51_L001	Post_P21	P21	Responder	anti-PD1	1515	9.68	2.74543256997456
C4_P6_M51_L001	Post_P21	P21	Responder	anti-PD1	1882	10.08	1.11778353326063
C6_P6_M51_L001	Post_P21	P21	Responder	anti-PD1	1923	0	0.955258087968009
C7_P6_M51_L001	Post_P21	P21	Responder	anti-PD1	1762	0	-0.760986005089062
C8_P1_M51_L001	Post_P21	P21	Responder	anti-PD1	1844	10.66	2.28209560159942
C9_P2_M51_L001	Post_P21	P21	Responder	anti-PD1	2870	8.85	3.20547528171574
D10_P1_M51_L001	Post_P21	P21	Responder	anti-PD1	2150	9.27	2.55285259905489
D1_P6_M51_L001	Post_P21	P21	Responder	anti-PD1	1961	0	1.81399672846238
D2_P1_M51_L001	Post_P21	P21	Responder	anti-PD1	1465	0	-1.08154398400582
D4_P1_M51_L001	Post_P21	P21	Responder	anti-PD1	2481	0	2.95482915303526
D4_P6_M51_L001	Post_P21	P21	Responder	anti-PD1	1553	9.7	2.11556252271901
D5_P6_M51_L001	Post_P21	P21	Responder	anti-PD1	1376	0	0.523420574336606
D7_P1_M51_L001	Post_P21	P21	Responder	anti-PD1	1886	0	0.664238458742274
D7_P2_M51_L001	Post_P21	P21	Responder	anti-PD1	1593	10.53	-0.86078062522719
D7_P6_M51_L001	Post_P21	P21	Responder	anti-PD1	1884	0	1.2151217739004
D8_P1_M51_L001	Post_P21	P21	Responder	anti-PD1	1513	0	1.51274990912395
D9_P1_M51_L001	Post_P21	P21	Responder	anti-PD1	1782	0	0.366243184296616
D9_P2_M51_L001	Post_P21	P21	Responder	anti-PD1	1770	0	0.434568338785897
E10_P2_M51_L001	Post_P21	P21	Responder	anti-PD1	1487	0	2.8160350781534
E11_P1_M51_L001	Post_P21	P21	Responder	anti-PD1	1627	0	-0.364162122864414
E11_P2_M51_L001	Post_P21	P21	Responder	anti-PD1	1727	0	-0.597467284623774
E1_P1_M51_L001	Post_P21	P21	Responder	anti-PD1	1828	0	1.42504816430389
E1_P6_M51_L001	Post_P21	P21	Responder	anti-PD1	1918	0	-0.829430207197378
E2_P1_M51_L001	Post_P21	P21	Responder	anti-PD1	1549	9.46	-0.424506543075244
E4_P6_M51_L001	Post_P21	P21	Responder	anti-PD1	1451	0	1.09314612868048
E5_P1_M51_L001	Post_P21	P21	Responder	anti-PD1	1864	9.14	-0.324123046165031
E8_P2_M51_L001	Post_P21	P21	Responder	anti-PD1	1976	0	3.02830152671755
F1_P1_M51_L001	Post_P21	P21	Responder	anti-PD1	1965	9.24	-0.215719738276994
F1_P2_M51_L001	Post_P21	P21	Responder	anti-PD1	1765	0	-0.658918575063614
F1_P6_M51_L001	Post_P21	P21	Responder	anti-PD1	2156	9.1	2.41843693202472
F6_P1_M51_L001	Post_P21	P21	Responder	anti-PD1	2025	0	1.1731070519811
F8_P1_M51_L001	Post_P21	P21	Responder	anti-PD1	1428	0	-1.37838513267903
F8_P2_M51_L001	Post_P21	P21	Responder	anti-PD1	1682	0	0.965494365685208
F9_P6_M51_L001	Post_P21	P21	Responder	anti-PD1	1863	0	-0.569079425663397
G1_P1_M51_L001	Post_P21	P21	Responder	anti-PD1	1669	0	0.622107415485276
G1_P2_M51_L001	Post_P21	P21	Responder	anti-PD1	1813	0	2.51025354416576
G1_P6_M51_L001	Post_P21	P21	Responder	anti-PD1	1837	9.72	1.43497455470738
G3_P1_M51_L001	Post_P21	P21	Responder	anti-PD1	1644	0	1.10606688476917
G3_P2_M51_L001	Post_P21	P21	Responder	anti-PD1	1353	0	0.199141221374047
G5_P2_M51_L001	Post_P21	P21	Responder	anti-PD1	1650	9.72	0.852892584514724
G7_P6_M51_L001	Post_P21	P21	Responder	anti-PD1	1612	9.8	2.55918211559433
G8_P1_M51_L001	Post_P21	P21	Responder	anti-PD1	2068	10.37	0.0906479462013796
G9_P1_M51_L001	Post_P21	P21	Responder	anti-PD1	1629	0	1.08396219556525
H10_P2_M51_L001	Post_P21	P21	Responder	anti-PD1	1652	9.39	0.119671028716831
H10_P6_M51_L001	Post_P21	P21	Responder	anti-PD1	2959	11.09	3.44050163576881
H12_P6_M51_L001	Post_P21	P21	Responder	anti-PD1	1757	0	-0.623007997091969
H1_P6_M51_L001	Post_P21	P21	Responder	anti-PD1	1750	0	1.2218320610687
H2_P2_M51_L001	Post_P21	P21	Responder	anti-PD1	2904	9.41	1.15927390039985
H3_P1_M51_L001	Post_P21	P21	Responder	anti-PD1	1903	0	1.04459287531807
H4_P6_M51_L001	Post_P21	P21	Responder	anti-PD1	1725	0	-0.0260296255906947
H5_P2_M51_L001	Post_P21	P21	Responder	anti-PD1	2203	9.03	1.94480552526354
H8_P2_M51_L001	Post_P21	P21	Responder	anti-PD1	1822	0	0.751884769174847
A11_P2_MMD6_L001	Post_P22	P22	Non-responder	anti-PD1	2146	10.15	4.10653035259906
A4_P4_MMD6_L001	Post_P22	P22	Non-responder	anti-PD1	2021	0	2.07846237731733
A6_P1_MMD6_L001	Post_P22	P22	Non-responder	anti-PD1	1924	9.55	0.364402035623414
A8_P4_MMD6_L001	Post_P22	P22	Non-responder	anti-PD1	2314	9.15	3.44238913122501
B11_P2_MMD6_L001	Post_P22	P22	Non-responder	anti-PD1	2372	8.79	2.10682751726645
B12_P1_MMD6_L001	Post_P22	P22	Non-responder	anti-PD1	1992	9.36	2.14193656852053
B12_P4_MMD6_L001	Post_P22	P22	Non-responder	anti-PD1	3339	10.37	2.73512450018175
B1_P1_MMD6_L001	Post_P22	P22	Non-responder	anti-PD1	1842	0	1.96083605961468
B6_P1_MMD6_L001	Post_P22	P22	Non-responder	anti-PD1	2169	0	3.03103780443475
B6_P4_MMD6_L001	Post_P22	P22	Non-responder	anti-PD1	1947	0	1.20470919665576
C10_P1_MMD6_L001	Post_P22	P22	Non-responder	anti-PD1	1907	0	0.145674300254452
C10_P2_MMD6_L001	Post_P22	P22	Non-responder	anti-PD1	1758	11.37	1.73398764085787
C11_P4_MMD6_L001	Post_P22	P22	Non-responder	anti-PD1	2133	10.4	2.19659941839331
C2_P1_MMD6_L001	Post_P22	P22	Non-responder	anti-PD1	2151	9.91	3.17728371501272
C3_P1_MMD6_L001	Post_P22	P22	Non-responder	anti-PD1	2160	0	1.2851772082879
C5_P4_MMD6_L001	Post_P22	P22	Non-responder	anti-PD1	2229	0	-0.163108869501999
C6_P1_MMD6_L001	Post_P22	P22	Non-responder	anti-PD1	2485	3.48	0.47024809160305
D10_P1_MMD6_L001	Post_P22	P22	Non-responder	anti-PD1	1948	9.26	1.73291166848419
D12_P2_MMD6_L001	Post_P22	P22	Non-responder	anti-PD1	1641	9.81	1.85155488913122
D6_P1_MMD6_L001	Post_P22	P22	Non-responder	anti-PD1	1585	0	2.32541621228644
D8_P4_MMD6_L001	Post_P22	P22	Non-responder	anti-PD1	1692	0	-0.596885677935296
E10_P2_MMD6_L001	Post_P22	P22	Non-responder	anti-PD1	3588	9.75	3.19243820428935
E12_P1_MMD6_L001	Post_P22	P22	Non-responder	anti-PD1	1361	0	1.43809523809524
E3_P2_MMD6_L001	Post_P22	P22	Non-responder	anti-PD1	2040	1.34	1.74544165757906
E4_P2_MMD6_L001	Post_P22	P22	Non-responder	anti-PD1	2062	10.81	1.84928026172301
E9_P1_MMD6_L001	Post_P22	P22	Non-responder	anti-PD1	2859	0	0.501660305343513
F10_P4_MMD6_L001	Post_P22	P22	Non-responder	anti-PD1	2274	4.3	2.51670119956379
F11_P1_MMD6_L001	Post_P22	P22	Non-responder	anti-PD1	1883	0	1.80035896037804
F11_P4_MMD6_L001	Post_P22	P22	Non-responder	anti-PD1	2187	0	0.0396555797891645
F2_P2_MMD6_L001	Post_P22	P22	Non-responder	anti-PD1	1452	9.56	0.455172664485642
F6_P1_MMD6_L001	Post_P22	P22	Non-responder	anti-PD1	1966	9.24	1.16512450018175
F9_P1_MMD6_L001	Post_P22	P22	Non-responder	anti-PD1	1321	0	-0.921081424936386
G11_P1_MMD6_L001	Post_P22	P22	Non-responder	anti-PD1	2315	0	3.63702199200291
G11_P4_MMD6_L001	Post_P22	P22	Non-responder	anti-PD1	1807	0	0.829238458742278
G4_P4_MMD6_L001	Post_P22	P22	Non-responder	anti-PD1	1763	10.08	1.69464103962196
G6_P4_MMD6_L001	Post_P22	P22	Non-responder	anti-PD1	2040	9.37	2.07145583424209
H12_P1_MMD6_L001	Post_P22	P22	Non-responder	anti-PD1	2177	9.47	0.646120501635768
H12_P4_MMD6_L001	Post_P22	P22	Non-responder	anti-PD1	2267	0	1.87599872773537
H2_P4_MMD6_L001	Post_P22	P22	Non-responder	anti-PD1	2038	10.13	2.90782988004363
H7_P4_MMD6_L001	Post_P22	P22	Non-responder	anti-PD1	3099	9.13	2.80711650308978
H8_P4_MMD6_L001	Post_P22	P22	Non-responder	anti-PD1	2186	8.96	1.94146037804435
A11_P1_M83_L001	Post_P23	P23	Non-responder	anti-PD1	2309	0	1.85492639040349
A12_P5_M83_L001	Post_P23	P23	Non-responder	anti-PD1	3339	8.81	1.7335332606325
A4_P1_M83_L001	Post_P23	P23	Non-responder	anti-PD1	2085	9.46	1.68720101781171
A6_P2_M83_L001	Post_P23	P23	Non-responder	anti-PD1	2202	10.05	0.305471646673933
A6_P5_M83_L001	Post_P23	P23	Non-responder	anti-PD1	3253	9.78	3.17904034896401
A7_P5_M83_L001	Post_P23	P23	Non-responder	anti-PD1	2375	8.9	1.89752544529262
A8_P1_M83_L001	Post_P23	P23	Non-responder	anti-PD1	2759	9.14	1.09448473282442
B10_P5_M83_L001	Post_P23	P23	Non-responder	anti-PD1	3143	10.56	1.19629589240277
B12_P6_M83_L001	Post_P23	P23	Non-responder	anti-PD1	1873	0	2.57870138131589
B1_P1_M83_L001	Post_P23	P23	Non-responder	anti-PD1	2812	0	0.258635950563435
B2_P1_M83_L001	Post_P23	P23	Non-responder	anti-PD1	2455	7.94	3.01221646673937
B2_P6_M83_L001	Post_P23	P23	Non-responder	anti-PD1	2735	9.5	0.970217193747724
B3_P1_M83_L001	Post_P23	P23	Non-responder	anti-PD1	4100	11.27	3.29955107233733
B4_P5_M83_L001	Post_P23	P23	Non-responder	anti-PD1	2300	0	1.80880588876772
B5_P5_M83_L001	Post_P23	P23	Non-responder	anti-PD1	3805	11.9	3.72630134496547
B6_P1_M83_L001	Post_P23	P23	Non-responder	anti-PD1	4869	10.76	3.48809342057434
B7_P6_M83_L001	Post_P23	P23	Non-responder	anti-PD1	3744	9.47	0.652315521628502
B8_P2_M83_L001	Post_P23	P23	Non-responder	anti-PD1	2429	9.98	0.914696474009451
C10_P1_M83_L001	Post_P23	P23	Non-responder	anti-PD1	2679	10.2	0.544316612141034
C10_P2_M83_L001	Post_P23	P23	Non-responder	anti-PD1	4490	10.67	3.03432660850599
C12_P1_M83_L001	Post_P23	P23	Non-responder	anti-PD1	2614	0	0.20812704471101
C12_P5_M83_L001	Post_P23	P23	Non-responder	anti-PD1	2160	10.43	2.01559796437659
C1_P2_M83_L001	Post_P23	P23	Non-responder	anti-PD1	1982	9.78	1.00513449654671
C2_P5_M83_L001	Post_P23	P23	Non-responder	anti-PD1	2559	0	1.33962195565249
C3_P1_M83_L001	Post_P23	P23	Non-responder	anti-PD1	2703	10.21	3.79763449654671
C4_P1_M83_L001	Post_P23	P23	Non-responder	anti-PD1	2049	0	1.95356779352963
C6_P2_M83_L001	Post_P23	P23	Non-responder	anti-PD1	2753	9.18	2.00062250090875
C7_P1_M83_L001	Post_P23	P23	Non-responder	anti-PD1	2375	0	0.720826972010177
C7_P5_M83_L001	Post_P23	P23	Non-responder	anti-PD1	3915	10.48	2.22455925118139
C8_P6_M83_L001	Post_P23	P23	Non-responder	anti-PD1	2195	8.63	3.12845510723374
D10_P1_M83_L001	Post_P23	P23	Non-responder	anti-PD1	2202	10.01	0.236384950926937
D10_P5_M83_L001	Post_P23	P23	Non-responder	anti-PD1	2128	0	1.76179207560887
D10_P6_M83_L001	Post_P23	P23	Non-responder	anti-PD1	2539	0	1.74978553253362
D12_P2_M83_L001	Post_P23	P23	Non-responder	anti-PD1	4943	9.6	2.28098691384951
D1_P1_M83_L001	Post_P23	P23	Non-responder	anti-PD1	2348	2.11	0.214274809160302
D3_P1_M83_L001	Post_P23	P23	Non-responder	anti-PD1	2238	0	2.09725372591785
D3_P5_M83_L001	Post_P23	P23	Non-responder	anti-PD1	4145	9.39	2.56521174118502
D5_P1_M83_L001	Post_P23	P23	Non-responder	anti-PD1	6264	10.36	2.29989367502727
D5_P6_M83_L001	Post_P23	P23	Non-responder	anti-PD1	1854	10.49	1.85513631406761
D6_P1_M83_L001	Post_P23	P23	Non-responder	anti-PD1	1981	8.74	2.09271992002908
D8_P5_M83_L001	Post_P23	P23	Non-responder	anti-PD1	2288	8.85	2.0799909123955
D9_P1_M83_L001	Post_P23	P23	Non-responder	anti-PD1	2233	0	3.271651217739
E10_P1_M83_L001	Post_P23	P23	Non-responder	anti-PD1	2690	0	2.1142602689931
E10_P5_M83_L001	Post_P23	P23	Non-responder	anti-PD1	2995	0	3.18605416212287
E11_P2_M83_L001	Post_P23	P23	Non-responder	anti-PD1	4400	9.82	2.3382415485278
E12_P5_M83_L001	Post_P23	P23	Non-responder	anti-PD1	3863	10.42	2.92375499818248
E12_P6_M83_L001	Post_P23	P23	Non-responder	anti-PD1	2184	9.18	2.10466830243548
E1_P2_M83_L001	Post_P23	P23	Non-responder	anti-PD1	2634	0	2.49868865866957
E2_P6_M83_L001	Post_P23	P23	Non-responder	anti-PD1	3231	10.61	3.03742729916394
E4_P2_M83_L001	Post_P23	P23	Non-responder	anti-PD1	2556	9.09	1.55355688840422
E5_P2_M83_L001	Post_P23	P23	Non-responder	anti-PD1	2832	9.95	1.74345874227554
E5_P5_M83_L001	Post_P23	P23	Non-responder	anti-PD1	1935	8.62	0.273520537986187
E5_P6_M83_L001	Post_P23	P23	Non-responder	anti-PD1	4104	10.67	3.04457742639041
E6_P1_M83_L001	Post_P23	P23	Non-responder	anti-PD1	2590	9.8	3.28148309705562
E6_P5_M83_L001	Post_P23	P23	Non-responder	anti-PD1	2290	8.73	3.32209196655762
E7_P1_M83_L001	Post_P23	P23	Non-responder	anti-PD1	3747	10.59	2.78406034169393
E7_P5_M83_L001	Post_P23	P23	Non-responder	anti-PD1	2792	12.04	4.87736277717194
E7_P6_M83_L001	Post_P23	P23	Non-responder	anti-PD1	2853	10.42	3.19790439840059
E8_P1_M83_L001	Post_P23	P23	Non-responder	anti-PD1	2457	10.7	3.19213558705925
E9_P6_M83_L001	Post_P23	P23	Non-responder	anti-PD1	2160	9.88	3.02114503816794
F10_P5_M83_L001	Post_P23	P23	Non-responder	anti-PD1	3148	9.36	0.713802253725916
F11_P1_M83_L001	Post_P23	P23	Non-responder	anti-PD1	3027	9.98	2.13583242457288
F12_P1_M83_L001	Post_P23	P23	Non-responder	anti-PD1	2044	0	1.51942384587423
F1_P2_M83_L001	Post_P23	P23	Non-responder	anti-PD1	2983	9.15	2.40452290076336
F1_P6_M83_L001	Post_P23	P23	Non-responder	anti-PD1	2566	9.61	1.08853053435114
F2_P1_M83_L001	Post_P23	P23	Non-responder	anti-PD1	2368	9.26	0.729946383133407
F2_P2_M83_L001	Post_P23	P23	Non-responder	anti-PD1	2193	11.49	3.66520628862232
F3_P2_M83_L001	Post_P23	P23	Non-responder	anti-PD1	2058	9.41	1.00123591421301
F5_P5_M83_L001	Post_P23	P23	Non-responder	anti-PD1	2723	11.05	3.09401853871319
F6_P6_M83_L001	Post_P23	P23	Non-responder	anti-PD1	2743	12.72	5.47213013449655
F8_P2_M83_L001	Post_P23	P23	Non-responder	anti-PD1	2623	8.8	1.61486368593239
F8_P5_M83_L001	Post_P23	P23	Non-responder	anti-PD1	2968	8.72	1.94945565249
F9_P1_M83_L001	Post_P23	P23	Non-responder	anti-PD1	2116	9.15	2.11640676117775
G10_P6_M83_L001	Post_P23	P23	Non-responder	anti-PD1	2363	0	2.26577971646674
G11_P2_M83_L001	Post_P23	P23	Non-responder	anti-PD1	2350	0	1.70312159214831
G11_P6_M83_L001	Post_P23	P23	Non-responder	anti-PD1	2185	9.41	1.27969556524901
G12_P1_M83_L001	Post_P23	P23	Non-responder	anti-PD1	1518	0	-0.443644129407488
G1_P5_M83_L001	Post_P23	P23	Non-responder	anti-PD1	2619	8.7	2.22213740458015
G2_P5_M83_L001	Post_P23	P23	Non-responder	anti-PD1	4466	10.7	0.763325154489281
G4_P5_M83_L001	Post_P23	P23	Non-responder	anti-PD1	2278	9.2	2.81255179934569
G5_P1_M83_L001	Post_P23	P23	Non-responder	anti-PD1	2487	7.84	2.11994274809161
G5_P5_M83_L001	Post_P23	P23	Non-responder	anti-PD1	2490	4.66	0.923930388949474
G6_P6_M83_L001	Post_P23	P23	Non-responder	anti-PD1	2011	3.47	1.57818974918212
G8_P2_M83_L001	Post_P23	P23	Non-responder	anti-PD1	7865	10.75	1.90638949472919
G8_P5_M83_L001	Post_P23	P23	Non-responder	anti-PD1	2799	10.41	2.15441657579063
G9_P5_M83_L001	Post_P23	P23	Non-responder	anti-PD1	3079	10.02	2.38057615412577
H10_P2_M83_L001	Post_P23	P23	Non-responder	anti-PD1	2613	9.78	1.32121228644129
H11_P5_M83_L001	Post_P23	P23	Non-responder	anti-PD1	2429	7.65	3.74851417666304
H12_P2_M83_L001	Post_P23	P23	Non-responder	anti-PD1	2788	8.5	-0.531556706652127
H12_P6_M83_L001	Post_P23	P23	Non-responder	anti-PD1	2544	6.05	3.21497546346783
H1_P2_M83_L001	Post_P23	P23	Non-responder	anti-PD1	2336	9.22	0.597165576154128
H1_P6_M83_L001	Post_P23	P23	Non-responder	anti-PD1	2744	8.3	0.227471828426027
H2_P2_M83_L001	Post_P23	P23	Non-responder	anti-PD1	5510	11.61	2.57571792075608
H2_P6_M83_L001	Post_P23	P23	Non-responder	anti-PD1	2960	10.29	2.55149581970193
H3_P2_M83_L001	Post_P23	P23	Non-responder	anti-PD1	2495	8.95	-0.111179571065064
H3_P5_M83_L001	Post_P23	P23	Non-responder	anti-PD1	3038	7.78	2.09401762995275
H7_P6_M83_L001	Post_P23	P23	Non-responder	anti-PD1	2651	10.23	-0.625922391857508
H8_P2_M83_L001	Post_P23	P23	Non-responder	anti-PD1	2027	9.39	2.45691112322792
H9_P2_M83_L001	Post_P23	P23	Non-responder	anti-PD1	2449	10.08	3.98940567066522
H9_P6_M83_L001	Post_P23	P23	Non-responder	anti-PD1	1783	10.5	3.25611504907306
A10_P1_M68_L001	Post_P23_2	P23_2	Non-responder	anti-PD1	2323	8.3	1.99189749182116
A10_P6_M68_L001	Post_P23_2	P23_2	Non-responder	anti-PD1	5233	11.73	2.83391221374046
A1_P3_M68_L001	Post_P23_2	P23_2	Non-responder	anti-PD1	2847	0	2.72400218102509
A2_P6_M68_L001	Post_P23_2	P23_2	Non-responder	anti-PD1	2516	10.49	2.34933478735005
A3_P3_M68_L001	Post_P23_2	P23_2	Non-responder	anti-PD1	2485	11.34	1.89817884405671
A4_P6_M68_L001	Post_P23_2	P23_2	Non-responder	anti-PD1	4381	11.27	1.81576517629952
A6_P1_M68_L001	Post_P23_2	P23_2	Non-responder	anti-PD1	4045	8.78	1.15080970556161
A6_P3_M68_L001	Post_P23_2	P23_2	Non-responder	anti-PD1	2556	8.98	1.4813413304253
A8_P3_M68_L001	Post_P23_2	P23_2	Non-responder	anti-PD1	2516	8.76	2.15976281352235
A8_P6_M68_L001	Post_P23_2	P23_2	Non-responder	anti-PD1	2474	9.9	1.85097691748455
A9_P5_M68_L001	Post_P23_2	P23_2	Non-responder	anti-PD1	2882	9.76	1.96280716103235
B10_P5_M68_L001	Post_P23_2	P23_2	Non-responder	anti-PD1	3792	9.67	2.15509360232643
B10_P6_M68_L001	Post_P23_2	P23_2	Non-responder	anti-PD1	2534	9.58	-0.437678117048346
B11_P3_M68_L001	Post_P23_2	P23_2	Non-responder	anti-PD1	2097	8.1	1.71809251181389
B11_P6_M68_L001	Post_P23_2	P23_2	Non-responder	anti-PD1	2221	9.87	3.53959832788077
B12_P1_M68_L001	Post_P23_2	P23_2	Non-responder	anti-PD1	1477	8.34	0.817106506724828
B12_P5_M68_L001	Post_P23_2	P23_2	Non-responder	anti-PD1	3536	10.53	2.0628062522719
B12_P6_M68_L001	Post_P23_2	P23_2	Non-responder	anti-PD1	2225	0	2.28654761904762
B1_P6_M68_L001	Post_P23_2	P23_2	Non-responder	anti-PD1	2019	0	0.482747182842605
B3_P1_M68_L001	Post_P23_2	P23_2	Non-responder	anti-PD1	1650	10.49	0.688113413304254
B3_P3_M68_L001	Post_P23_2	P23_2	Non-responder	anti-PD1	3102	9.23	1.56627953471465
B4_P5_M68_L001	Post_P23_2	P23_2	Non-responder	anti-PD1	2333	10.62	1.0253026172301
B6_P3_M68_L001	Post_P23_2	P23_2	Non-responder	anti-PD1	2182	0	-0.0988195201744877
B6_P5_M68_L001	Post_P23_2	P23_2	Non-responder	anti-PD1	2374	0	1.14728644129407
B8_P6_M68_L001	Post_P23_2	P23_2	Non-responder	anti-PD1	2645	10.4	2.39791712104689
B9_P1_M68_L001	Post_P23_2	P23_2	Non-responder	anti-PD1	4495	10.45	2.53229098509632
B9_P3_M68_L001	Post_P23_2	P23_2	Non-responder	anti-PD1	2818	10.15	1.72534714649218
C10_P5_M68_L001	Post_P23_2	P23_2	Non-responder	anti-PD1	2587	6.62	2.33414667393675
C11_P3_M68_L001	Post_P23_2	P23_2	Non-responder	anti-PD1	2073	10.66	-0.679809160305347
C12_P3_M68_L001	Post_P23_2	P23_2	Non-responder	anti-PD1	2402	0	0.151314067611776
C1_P3_M68_L001	Post_P23_2	P23_2	Non-responder	anti-PD1	2314	0	0.205504362050167
C1_P6_M68_L001	Post_P23_2	P23_2	Non-responder	anti-PD1	4237	9.32	2.70550617957107
C2_P6_M68_L001	Post_P23_2	P23_2	Non-responder	anti-PD1	2357	8.96	0.724606506724824
C6_P5_M68_L001	Post_P23_2	P23_2	Non-responder	anti-PD1	2498	0	1.81937113776808
C6_P6_M68_L001	Post_P23_2	P23_2	Non-responder	anti-PD1	2702	8.6	2.65234732824427
C7_P1_M68_L001	Post_P23_2	P23_2	Non-responder	anti-PD1	2249	10.75	1.69871410396219
C7_P6_M68_L001	Post_P23_2	P23_2	Non-responder	anti-PD1	1983	8.72	-0.549874591057799
C8_P1_M68_L001	Post_P23_2	P23_2	Non-responder	anti-PD1	2548	9.01	2.53019810977826
C8_P6_M68_L001	Post_P23_2	P23_2	Non-responder	anti-PD1	2151	10.06	1.56549254816431
C9_P1_M68_L001	Post_P23_2	P23_2	Non-responder	anti-PD1	2201	9.18	1.04990094511087
C9_P5_M68_L001	Post_P23_2	P23_2	Non-responder	anti-PD1	1813	0	0.668342420937841
D10_P3_M68_L001	Post_P23_2	P23_2	Non-responder	anti-PD1	2130	10.18	0.30405034532897
D11_P1_M68_L001	Post_P23_2	P23_2	Non-responder	anti-PD1	2688	8.16	1.00412940748818
D11_P5_M68_L001	Post_P23_2	P23_2	Non-responder	anti-PD1	3354	10	2.342370956016
D12_P5_M68_L001	Post_P23_2	P23_2	Non-responder	anti-PD1	1821	0	1.03854325699746
D12_P6_M68_L001	Post_P23_2	P23_2	Non-responder	anti-PD1	5188	9.93	1.63496637586332
D1_P3_M68_L001	Post_P23_2	P23_2	Non-responder	anti-PD1	3420	9.09	1.52253453289713
D1_P5_M68_L001	Post_P23_2	P23_2	Non-responder	anti-PD1	1537	0	0.137858960378046
D3_P3_M68_L001	Post_P23_2	P23_2	Non-responder	anti-PD1	2248	0	3.36929389312977
D4_P1_M68_L001	Post_P23_2	P23_2	Non-responder	anti-PD1	2190	9.29	1.36644492911668
D4_P6_M68_L001	Post_P23_2	P23_2	Non-responder	anti-PD1	2230	11.33	0.993180661577611
D6_P3_M68_L001	Post_P23_2	P23_2	Non-responder	anti-PD1	2278	9.94	1.91169029443838
D7_P3_M68_L001	Post_P23_2	P23_2	Non-responder	anti-PD1	2891	9.73	3.92476644856416
D7_P6_M68_L001	Post_P23_2	P23_2	Non-responder	anti-PD1	2247	9.35	2.19042439113049
D8_P1_M68_L001	Post_P23_2	P23_2	Non-responder	anti-PD1	2223	10.56	2.40050617957107
D8_P3_M68_L001	Post_P23_2	P23_2	Non-responder	anti-PD1	2219	8.67	1.81470737913486
D8_P5_M68_L001	Post_P23_2	P23_2	Non-responder	anti-PD1	2387	9.08	1.04904398400582
D8_P6_M68_L001	Post_P23_2	P23_2	Non-responder	anti-PD1	2619	10.96	3.04095783351508
E11_P1_M68_L001	Post_P23_2	P23_2	Non-responder	anti-PD1	3015	9.87	2.0180461650309
E11_P6_M68_L001	Post_P23_2	P23_2	Non-responder	anti-PD1	3185	7.93	-0.404845510723367
E12_P1_M68_L001	Post_P23_2	P23_2	Non-responder	anti-PD1	2080	9.88	0.379472918938567
E12_P6_M68_L001	Post_P23_2	P23_2	Non-responder	anti-PD1	1866	0	-1.12195474372955
E1_P6_M68_L001	Post_P23_2	P23_2	Non-responder	anti-PD1	2354	9.3	2.0570647037441
E2_P1_M68_L001	Post_P23_2	P23_2	Non-responder	anti-PD1	1927	0	-0.498207015630681
E3_P1_M68_L001	Post_P23_2	P23_2	Non-responder	anti-PD1	3834	9.4	1.86304434750999
E3_P3_M68_L001	Post_P23_2	P23_2	Non-responder	anti-PD1	2386	9.48	2.86237186477645
E4_P1_M68_L001	Post_P23_2	P23_2	Non-responder	anti-PD1	1983	8.79	1.64857778989458
E4_P6_M68_L001	Post_P23_2	P23_2	Non-responder	anti-PD1	1887	9.82	1.83659123954926
E5_P3_M68_L001	Post_P23_2	P23_2	Non-responder	anti-PD1	2000	9.28	1.13100872410033
E5_P5_M68_L001	Post_P23_2	P23_2	Non-responder	anti-PD1	2160	0	1.29871228644129
E6_P1_M68_L001	Post_P23_2	P23_2	Non-responder	anti-PD1	3190	11.16	2.69482551799345
E7_P1_M68_L001	Post_P23_2	P23_2	Non-responder	anti-PD1	5137	10.84	2.2522619047619
E7_P6_M68_L001	Post_P23_2	P23_2	Non-responder	anti-PD1	2268	10.94	1.76492366412213
E8_P3_M68_L001	Post_P23_2	P23_2	Non-responder	anti-PD1	3145	11.09	3.05053162486368
E8_P6_M68_L001	Post_P23_2	P23_2	Non-responder	anti-PD1	4870	9.46	1.74319792802617
E9_P6_M68_L001	Post_P23_2	P23_2	Non-responder	anti-PD1	2784	11.51	2.93291348600508
F10_P6_M68_L001	Post_P23_2	P23_2	Non-responder	anti-PD1	2239	10.12	-0.0314276626681198
F11_P3_M68_L001	Post_P23_2	P23_2	Non-responder	anti-PD1	2068	0	-1.41068884042167
F11_P6_M68_L001	Post_P23_2	P23_2	Non-responder	anti-PD1	4979	10.72	2.1985959651036
F1_P3_M68_L001	Post_P23_2	P23_2	Non-responder	anti-PD1	1625	10.72	1.80581879316612
F2_P3_M68_L001	Post_P23_2	P23_2	Non-responder	anti-PD1	1952	8.63	3.06211559432933
F4_P3_M68_L001	Post_P23_2	P23_2	Non-responder	anti-PD1	3865	10.21	1.62852417302798
F4_P5_M68_L001	Post_P23_2	P23_2	Non-responder	anti-PD1	2810	10.05	2.87587422755361
F5_P6_M68_L001	Post_P23_2	P23_2	Non-responder	anti-PD1	2657	8.29	2.97820610687023
F6_P3_M68_L001	Post_P23_2	P23_2	Non-responder	anti-PD1	4847	11.01	2.3304907306434
F6_P6_M68_L001	Post_P23_2	P23_2	Non-responder	anti-PD1	2820	10.34	1.75248364231189
F8_P6_M68_L001	Post_P23_2	P23_2	Non-responder	anti-PD1	2321	9.72	0.936613049800071
F9_P1_M68_L001	Post_P23_2	P23_2	Non-responder	anti-PD1	1886	0	-1.06960196292257
F9_P3_M68_L001	Post_P23_2	P23_2	Non-responder	anti-PD1	2379	0	1.7539594692839
G10_P3_M68_L001	Post_P23_2	P23_2	Non-responder	anti-PD1	2055	0	2.61839785532533
G11_P5_M68_L001	Post_P23_2	P23_2	Non-responder	anti-PD1	2809	0	0.12794983642312
G2_P1_M68_L001	Post_P23_2	P23_2	Non-responder	anti-PD1	2550	10.32	0.717602689930938
G3_P6_M68_L001	Post_P23_2	P23_2	Non-responder	anti-PD1	2464	11.15	2.03687840785169
G4_P1_M68_L001	Post_P23_2	P23_2	Non-responder	anti-PD1	4418	9.4	2.25254907306433
G5_P1_M68_L001	Post_P23_2	P23_2	Non-responder	anti-PD1	3509	2.91	0.860632497273723
G6_P1_M68_L001	Post_P23_2	P23_2	Non-responder	anti-PD1	2753	8.91	2.83391857506361
G7_P1_M68_L001	Post_P23_2	P23_2	Non-responder	anti-PD1	3586	8.13	2.58425572519084
G8_P1_M68_L001	Post_P23_2	P23_2	Non-responder	anti-PD1	1809	0	1.30199654671029
G8_P3_M68_L001	Post_P23_2	P23_2	Non-responder	anti-PD1	1869	9.7	2.31805070883315
G8_P6_M68_L001	Post_P23_2	P23_2	Non-responder	anti-PD1	3471	8.75	1.61635496183206
H11_P1_M68_L001	Post_P23_2	P23_2	Non-responder	anti-PD1	2580	0	1.25132315521629
H11_P3_M68_L001	Post_P23_2	P23_2	Non-responder	anti-PD1	3603	11.05	3.16865230825155
H11_P5_M68_L001	Post_P23_2	P23_2	Non-responder	anti-PD1	2614	8.02	3.30747546346783
H11_P6_M68_L001	Post_P23_2	P23_2	Non-responder	anti-PD1	2938	10.13	1.06691294074882
H12_P6_M68_L001	Post_P23_2	P23_2	Non-responder	anti-PD1	2067	9.55	1.52714830970556
H2_P3_M68_L001	Post_P23_2	P23_2	Non-responder	anti-PD1	2017	0	0.736512177390041
H2_P5_M68_L001	Post_P23_2	P23_2	Non-responder	anti-PD1	2984	10.01	1.68510723373319
H2_P6_M68_L001	Post_P23_2	P23_2	Non-responder	anti-PD1	2428	0	1.111042348237
H3_P5_M68_L001	Post_P23_2	P23_2	Non-responder	anti-PD1	2855	9.62	3.39027081061432
H4_P1_M68_L001	Post_P23_2	P23_2	Non-responder	anti-PD1	1607	0	-0.643446928389677
H4_P3_M68_L001	Post_P23_2	P23_2	Non-responder	anti-PD1	2169	0	-0.698791348600506
H5_P3_M68_L001	Post_P23_2	P23_2	Non-responder	anti-PD1	2581	10.07	0.139963649581973
H5_P5_M68_L001	Post_P23_2	P23_2	Non-responder	anti-PD1	2470	0	0.226634860050889
H5_P6_M68_L001	Post_P23_2	P23_2	Non-responder	anti-PD1	2142	9.81	1.775608869502
H6_P3_M68_L001	Post_P23_2	P23_2	Non-responder	anti-PD1	1533	0	1.1287768084333
H6_P5_M68_L001	Post_P23_2	P23_2	Non-responder	anti-PD1	3249	0	2.15840512540894
H7_P5_M68_L001	Post_P23_2	P23_2	Non-responder	anti-PD1	2341	10.77	4.82571155943293
H8_P3_M68_L001	Post_P23_2	P23_2	Non-responder	anti-PD1	2272	0	4.27895583424209
H9_P3_M68_L001	Post_P23_2	P23_2	Non-responder	anti-PD1	2504	0	1.58604143947655
H9_P5_M68_L001	Post_P23_2	P23_2	Non-responder	anti-PD1	2547	9.96	1.07556343147946
H9_P6_M68_L001	Post_P23_2	P23_2	Non-responder	anti-PD1	2089	0	1.70552435478008
A10_P8_M86_L001	Post_P28	P28	Non-responder	anti-CTLA4+PD1	4076	8.76	2.04268175209015
A2_P10_M86_L001	Post_P28	P28	Non-responder	anti-CTLA4+PD1	5874	10.39	2.32815976008725
B1_P10_M86_L001	Post_P28	P28	Non-responder	anti-CTLA4+PD1	5453	11.45	4.18113049800072
C7_P10_M86_L001	Post_P28	P28	Non-responder	anti-CTLA4+PD1	6251	10.71	3.77291439476555
D7_P9_M86_L001	Post_P28	P28	Non-responder	anti-CTLA4+PD1	2094	10.76	2.26258724100327
E7_P10_M86_L001	Post_P28	P28	Non-responder	anti-CTLA4+PD1	5363	10.8	4.21002181025082
E9_P6_M86_L001	Post_P28	P28	Non-responder	anti-CTLA4+PD1	8589	10.68	2.86568611414031
F5_P8_M86_L001	Post_P28	P28	Non-responder	anti-CTLA4+PD1	9311	11.49	3.25759451108688
G11_P10_M86_L001	Post_P28	P28	Non-responder	anti-CTLA4+PD1	5210	10.7	3.35622410032715
G11_P9_M86_L001	Post_P28	P28	Non-responder	anti-CTLA4+PD1	1937	0	0.448122500908764
G3_P8_M86_L001	Post_P28	P28	Non-responder	anti-CTLA4+PD1	6642	11.26	3.73558615049074
H12_P9_M86_L001	Post_P28	P28	Non-responder	anti-CTLA4+PD1	5478	10.66	3.9539022173755
A11_P5_M89_L001	Post_P28_2	P28_2	Non-responder	anti-CTLA4+PD1	2193	3.43	3.4293893129771
A12_P1_M89_L001	Post_P28_2	P28_2	Non-responder	anti-CTLA4+PD1	2335	0	1.86363958560524
A12_P4_M89_L001	Post_P28_2	P28_2	Non-responder	anti-CTLA4+PD1	3063	9.44	2.95279534714649
A12_P5_M89_L001	Post_P28_2	P28_2	Non-responder	anti-CTLA4+PD1	1466	0	1.17607506361323
A2_P4_M89_L001	Post_P28_2	P28_2	Non-responder	anti-CTLA4+PD1	3366	12.18	5.66197837150128
A3_P4_M89_L001	Post_P28_2	P28_2	Non-responder	anti-CTLA4+PD1	2649	8.69	1.97520265358051
A5_P5_M89_L001	Post_P28_2	P28_2	Non-responder	anti-CTLA4+PD1	3267	1.99	3.7243874954562
A7_P1_M89_L001	Post_P28_2	P28_2	Non-responder	anti-CTLA4+PD1	3408	10.62	2.98369774627408
A8_P3_M89_L001	Post_P28_2	P28_2	Non-responder	anti-CTLA4+PD1	2992	7.51	0.586616684841875
B10_P5_M89_L001	Post_P28_2	P28_2	Non-responder	anti-CTLA4+PD1	2648	8.74	0.605485278080696
B11_P5_M89_L001	Post_P28_2	P28_2	Non-responder	anti-CTLA4+PD1	3300	9.12	2.25809251181388
B12_P4_M89_L001	Post_P28_2	P28_2	Non-responder	anti-CTLA4+PD1	3829	7.92	1.88824972737186
B3_P1_M89_L001	Post_P28_2	P28_2	Non-responder	anti-CTLA4+PD1	2328	0	1.04528444202108
B3_P5_M89_L001	Post_P28_2	P28_2	Non-responder	anti-CTLA4+PD1	2715	8.92	3.21593147946201
B4_P1_M89_L001	Post_P28_2	P28_2	Non-responder	anti-CTLA4+PD1	2574	9.76	2.70901762995274
B5_P5_M89_L001	Post_P28_2	P28_2	Non-responder	anti-CTLA4+PD1	2153	0	-0.586840239912758
B6_P4_M89_L001	Post_P28_2	P28_2	Non-responder	anti-CTLA4+PD1	2719	9.75	3.7934114867321
B6_P5_M89_L001	Post_P28_2	P28_2	Non-responder	anti-CTLA4+PD1	2741	10.42	1.31769265721556
B7_P1_M89_L001	Post_P28_2	P28_2	Non-responder	anti-CTLA4+PD1	2426	0	3.74441657579062
B7_P5_M89_L001	Post_P28_2	P28_2	Non-responder	anti-CTLA4+PD1	5370	11	4.26306434023991
B9_P3_M89_L001	Post_P28_2	P28_2	Non-responder	anti-CTLA4+PD1	3060	9.44	1.60381588513267
B9_P5_M89_L001	Post_P28_2	P28_2	Non-responder	anti-CTLA4+PD1	2296	9.11	3.64513904034896
C10_P3_M89_L001	Post_P28_2	P28_2	Non-responder	anti-CTLA4+PD1	2794	10.36	3.79485459832788
C12_P3_M89_L001	Post_P28_2	P28_2	Non-responder	anti-CTLA4+PD1	2988	7.66	2.03547164667394
C4_P1_M89_L001	Post_P28_2	P28_2	Non-responder	anti-CTLA4+PD1	2715	9.79	1.4862286441294
C6_P1_M89_L001	Post_P28_2	P28_2	Non-responder	anti-CTLA4+PD1	2885	9.69	1.66460923300618
C6_P3_M89_L001	Post_P28_2	P28_2	Non-responder	anti-CTLA4+PD1	2698	0	2.04614412940749
C7_P1_M89_L001	Post_P28_2	P28_2	Non-responder	anti-CTLA4+PD1	2740	10.06	1.63951926572156
C7_P4_M89_L001	Post_P28_2	P28_2	Non-responder	anti-CTLA4+PD1	3336	10.65	3.9610368956743
C8_P1_M89_L001	Post_P28_2	P28_2	Non-responder	anti-CTLA4+PD1	2818	3.99	2.53778625954198
C8_P4_M89_L001	Post_P28_2	P28_2	Non-responder	anti-CTLA4+PD1	2717	10.41	2.80024536532171
C9_P1_M89_L001	Post_P28_2	P28_2	Non-responder	anti-CTLA4+PD1	3928	10.37	2.54185568884042
C9_P4_M89_L001	Post_P28_2	P28_2	Non-responder	anti-CTLA4+PD1	2689	9.85	1.07790803344238
C9_P5_M89_L001	Post_P28_2	P28_2	Non-responder	anti-CTLA4+PD1	2148	10.22	2.51273627771719
D10_P3_M89_L001	Post_P28_2	P28_2	Non-responder	anti-CTLA4+PD1	3013	12.71	4.99936023264268
D10_P5_M89_L001	Post_P28_2	P28_2	Non-responder	anti-CTLA4+PD1	2642	0	2.18821882951654
D11_P5_M89_L001	Post_P28_2	P28_2	Non-responder	anti-CTLA4+PD1	2451	0	2.25372955288986
D12_P4_M89_L001	Post_P28_2	P28_2	Non-responder	anti-CTLA4+PD1	2754	9.53	3.28258542348237
D2_P4_M89_L001	Post_P28_2	P28_2	Non-responder	anti-CTLA4+PD1	2516	9.62	2.48930934205743
D6_P5_M89_L001	Post_P28_2	P28_2	Non-responder	anti-CTLA4+PD1	2522	9.7	2.37977462740822
D7_P4_M89_L001	Post_P28_2	P28_2	Non-responder	anti-CTLA4+PD1	2609	8.57	1.85635041802981
D8_P1_M89_L001	Post_P28_2	P28_2	Non-responder	anti-CTLA4+PD1	2528	8.22	0.569822791712104
D8_P3_M89_L001	Post_P28_2	P28_2	Non-responder	anti-CTLA4+PD1	3009	10.67	2.98652762631771
D9_P5_M89_L001	Post_P28_2	P28_2	Non-responder	anti-CTLA4+PD1	2529	8.93	2.97103598691385
E10_P4_M89_L001	Post_P28_2	P28_2	Non-responder	anti-CTLA4+PD1	2870	8.66	2.02106324972737
E11_P1_M89_L001	Post_P28_2	P28_2	Non-responder	anti-CTLA4+PD1	3019	8.41	3.54926844783715
E1_P3_M89_L001	Post_P28_2	P28_2	Non-responder	anti-CTLA4+PD1	3667	0	2.62048164303889
E1_P4_M89_L001	Post_P28_2	P28_2	Non-responder	anti-CTLA4+PD1	2674	8.86	2.2476844783715
E3_P1_M89_L001	Post_P28_2	P28_2	Non-responder	anti-CTLA4+PD1	2958	9.91	2.9448173391494
E6_P1_M89_L001	Post_P28_2	P28_2	Non-responder	anti-CTLA4+PD1	4753	9.84	2.89210923300618
E6_P3_M89_L001	Post_P28_2	P28_2	Non-responder	anti-CTLA4+PD1	3005	0	1.13963013449655
E7_P1_M89_L001	Post_P28_2	P28_2	Non-responder	anti-CTLA4+PD1	3102	9.73	1.25970101781171
E7_P5_M89_L001	Post_P28_2	P28_2	Non-responder	anti-CTLA4+PD1	3515	10.15	3.77266448564159
E8_P1_M89_L001	Post_P28_2	P28_2	Non-responder	anti-CTLA4+PD1	2178	0	-0.487280079970921
E8_P3_M89_L001	Post_P28_2	P28_2	Non-responder	anti-CTLA4+PD1	3279	0	2.18187386404944
E9_P3_M89_L001	Post_P28_2	P28_2	Non-responder	anti-CTLA4+PD1	6490	10.98	2.87547800799709
F10_P3_M89_L001	Post_P28_2	P28_2	Non-responder	anti-CTLA4+PD1	2667	0	0.778580516175933
F10_P4_M89_L001	Post_P28_2	P28_2	Non-responder	anti-CTLA4+PD1	2936	0	1.98830607051981
F10_P5_M89_L001	Post_P28_2	P28_2	Non-responder	anti-CTLA4+PD1	2415	10.64	4.44918029807343
F11_P4_M89_L001	Post_P28_2	P28_2	Non-responder	anti-CTLA4+PD1	2487	3.03	2.98143765903308
F12_P3_M89_L001	Post_P28_2	P28_2	Non-responder	anti-CTLA4+PD1	3218	10.56	3.74806888404216
F1_P3_M89_L001	Post_P28_2	P28_2	Non-responder	anti-CTLA4+PD1	2630	0	1.70061613958561
F2_P1_M89_L001	Post_P28_2	P28_2	Non-responder	anti-CTLA4+PD1	2391	8.97	2.2020701563068
F2_P4_M89_L001	Post_P28_2	P28_2	Non-responder	anti-CTLA4+PD1	3198	9.38	1.90179116684842
F3_P4_M89_L001	Post_P28_2	P28_2	Non-responder	anti-CTLA4+PD1	3478	9.7	1.97874409305707
F4_P1_M89_L001	Post_P28_2	P28_2	Non-responder	anti-CTLA4+PD1	2677	8.63	2.21245819701926
F4_P3_M89_L001	Post_P28_2	P28_2	Non-responder	anti-CTLA4+PD1	2695	10.1	2.35535441657579
F5_P1_M89_L001	Post_P28_2	P28_2	Non-responder	anti-CTLA4+PD1	2778	8.29	1.80151672119229
F5_P3_M89_L001	Post_P28_2	P28_2	Non-responder	anti-CTLA4+PD1	2629	8.73	1.8061604870956
F5_P4_M89_L001	Post_P28_2	P28_2	Non-responder	anti-CTLA4+PD1	2618	1.6	1.11100418029807
F5_P5_M89_L001	Post_P28_2	P28_2	Non-responder	anti-CTLA4+PD1	2347	0	1.49736550345329
F7_P1_M89_L001	Post_P28_2	P28_2	Non-responder	anti-CTLA4+PD1	2619	10.45	1.37197110141767
F7_P4_M89_L001	Post_P28_2	P28_2	Non-responder	anti-CTLA4+PD1	2805	8.75	1.69277898945837
F8_P5_M89_L001	Post_P28_2	P28_2	Non-responder	anti-CTLA4+PD1	2558	8.95	3.0542711741185
F9_P5_M89_L001	Post_P28_2	P28_2	Non-responder	anti-CTLA4+PD1	2183	9.48	2.88463740458015
G10_P1_M89_L001	Post_P28_2	P28_2	Non-responder	anti-CTLA4+PD1	2613	9.82	0.831206833878589
G10_P5_M89_L001	Post_P28_2	P28_2	Non-responder	anti-CTLA4+PD1	1334	0	-0.286971101417666
G11_P3_M89_L001	Post_P28_2	P28_2	Non-responder	anti-CTLA4+PD1	1934	0	-1.23361050527081
G12_P3_M89_L001	Post_P28_2	P28_2	Non-responder	anti-CTLA4+PD1	2670	9.19	2.18867230098146
G1_P3_M89_L001	Post_P28_2	P28_2	Non-responder	anti-CTLA4+PD1	2673	9.09	3.43196292257361
G2_P3_M89_L001	Post_P28_2	P28_2	Non-responder	anti-CTLA4+PD1	2448	0	1.22876772082879
G3_P5_M89_L001	Post_P28_2	P28_2	Non-responder	anti-CTLA4+PD1	2653	11.01	2.61766266812068
G5_P4_M89_L001	Post_P28_2	P28_2	Non-responder	anti-CTLA4+PD1	2563	9.74	1.41534623773173
G6_P3_M89_L001	Post_P28_2	P28_2	Non-responder	anti-CTLA4+PD1	2702	0	0.10960287168302
G6_P5_M89_L001	Post_P28_2	P28_2	Non-responder	anti-CTLA4+PD1	2796	8.49	0.164374772809887
G7_P1_M89_L001	Post_P28_2	P28_2	Non-responder	anti-CTLA4+PD1	2502	9.15	1.52711650308978
G8_P3_M89_L001	Post_P28_2	P28_2	Non-responder	anti-CTLA4+PD1	3092	0	1.78734005816067
G8_P5_M89_L001	Post_P28_2	P28_2	Non-responder	anti-CTLA4+PD1	1674	8.56	2.40257088331516
G9_P5_M89_L001	Post_P28_2	P28_2	Non-responder	anti-CTLA4+PD1	2542	9.41	2.89021446746638
H10_P5_M89_L001	Post_P28_2	P28_2	Non-responder	anti-CTLA4+PD1	2350	8.09	3.92739731006906
H12_P1_M89_L001	Post_P28_2	P28_2	Non-responder	anti-CTLA4+PD1	3367	9.97	3.30258087968012
H2_P1_M89_L001	Post_P28_2	P28_2	Non-responder	anti-CTLA4+PD1	2570	0	2.42806797528172
H3_P5_M89_L001	Post_P28_2	P28_2	Non-responder	anti-CTLA4+PD1	3402	9.96	2.50125227190113
H4_P3_M89_L001	Post_P28_2	P28_2	Non-responder	anti-CTLA4+PD1	3345	9.31	2.31917938931298
H4_P4_M89_L001	Post_P28_2	P28_2	Non-responder	anti-CTLA4+PD1	2478	9.62	2.77817248273355
H5_P1_M89_L001	Post_P28_2	P28_2	Non-responder	anti-CTLA4+PD1	2699	9.05	0.487416394038533
H5_P3_M89_L001	Post_P28_2	P28_2	Non-responder	anti-CTLA4+PD1	2800	8.54	1.0504316612141
H5_P4_M89_L001	Post_P28_2	P28_2	Non-responder	anti-CTLA4+PD1	2817	9.61	2.75129134860051
H7_P5_M89_L001	Post_P28_2	P28_2	Non-responder	anti-CTLA4+PD1	2443	8.56	2.91424391130498
A10_P1_M90-7-24-17	Post_P30	P30	Non-responder	anti-PD1	2024	9.43	1.35089058524173
A12_P1_M90-7-31-17	Post_P30	P30	Non-responder	anti-PD1	2435	10.28	1.09897491821156
A4_P1_M90-7-31-17	Post_P30	P30	Non-responder	anti-PD1	3995	10.86	2.50582515448927
A5_P2_M90-7-24-17	Post_P30	P30	Non-responder	anti-PD1	2999	9.64	3.6595701563068
A8_P2_M90-7-24-17	Post_P30	P30	Non-responder	anti-PD1	3588	9.69	2.02728916757543
A9_P1_M90-7-24-17	Post_P30	P30	Non-responder	anti-PD1	2358	11.05	3.36864867320974
B11_P2_M90-7-24-17	Post_P30	P30	Non-responder	anti-PD1	2680	9.37	1.60807524536532
B1_P2_M90-7-31-17	Post_P30	P30	Non-responder	anti-PD1	2360	8.08	2.86473645946928
B2_P2_M90-7-24-17	Post_P30	P30	Non-responder	anti-PD1	1693	10.98	3.024086695747
B3_P1_M90-7-24-17	Post_P30	P30	Non-responder	anti-PD1	1716	9.37	0.337687204652854
B4_P1_M90-7-31-17	Post_P30	P30	Non-responder	anti-PD1	5441	11.29	2.96192566339513
B4_P2_M90-7-24-17	Post_P30	P30	Non-responder	anti-PD1	2517	10.59	1.77686932024718
B5_P2_M90-7-24-17	Post_P30	P30	Non-responder	anti-PD1	2831	0	1.7994520174482
B6_P1_M90-7-24-17	Post_P30	P30	Non-responder	anti-PD1	1644	0	0.691900218102507
B6_P2_M90-7-31-17	Post_P30	P30	Non-responder	anti-PD1	1856	9.59	3.3104262086514
B7_P1_M90-7-24-17	Post_P30	P30	Non-responder	anti-PD1	2609	0	0.93361504907306
B7_P1_M90-7-31-17	Post_P30	P30	Non-responder	anti-PD1	2249	9.56	4.50616775717921
B7_P2_M90-7-24-17	Post_P30	P30	Non-responder	anti-PD1	2327	9.14	-0.155776990185389
B7_P2_M90-7-31-17	Post_P30	P30	Non-responder	anti-PD1	2740	0	0.28461468556889
B9_P1_M90-7-24-17	Post_P30	P30	Non-responder	anti-PD1	2960	9.76	2.5741457651763
B9_P2_M90-7-31-17	Post_P30	P30	Non-responder	anti-PD1	1705	9.94	1.41889040348964
C12_P1_M90-7-24-17	Post_P30	P30	Non-responder	anti-PD1	4345	10.43	2.77547346419484
C12_P2_M90-7-24-17	Post_P30	P30	Non-responder	anti-PD1	2267	10.11	0.048952199200289
C1_P1_M90-7-31-17	Post_P30	P30	Non-responder	anti-PD1	5715	11.51	2.47084969102144
C1_P2_M90-7-24-17	Post_P30	P30	Non-responder	anti-PD1	2493	0	0.184684660123591
C2_P1_M90-7-31-17	Post_P30	P30	Non-responder	anti-PD1	1761	0	0.481276808433296
C5_P1_M90-7-24-17	Post_P30	P30	Non-responder	anti-PD1	2995	8.25	3.18581879316612
C5_P2_M90-7-31-17	Post_P30	P30	Non-responder	anti-PD1	3455	10.03	2.31582333696837
C6_P1_M90-7-31-17	Post_P30	P30	Non-responder	anti-PD1	1896	10.34	1.10152671755724
C6_P2_M90-7-24-17	Post_P30	P30	Non-responder	anti-PD1	1570	9.77	0.153801344965468
C7_P1_M90-7-24-17	Post_P30	P30	Non-responder	anti-PD1	2934	10.41	2.24288985823337
C7_P2_M90-7-31-17	Post_P30	P30	Non-responder	anti-PD1	2102	10.2	3.24389494729189
C8_P1_M90-7-31-17	Post_P30	P30	Non-responder	anti-PD1	1939	0	0.783615049073061
C8_P2_M90-7-24-17	Post_P30	P30	Non-responder	anti-PD1	3641	7.97	2.04829243911305
C9_P2_M90-7-24-17	Post_P30	P30	Non-responder	anti-PD1	2899	9.82	3.489935478008
D10_P1_M90-7-24-17	Post_P30	P30	Non-responder	anti-PD1	3116	9.06	2.86120138131588
D10_P2_M90-7-31-17	Post_P30	P30	Non-responder	anti-PD1	2055	0	1.65570247182843
D11_P1_M90-7-24-17	Post_P30	P30	Non-responder	anti-PD1	2376	8.97	1.11045983278808
D11_P2_M90-7-24-17	Post_P30	P30	Non-responder	anti-PD1	3056	9.06	3.50001544892766
D12_P1_M90-7-31-17	Post_P30	P30	Non-responder	anti-PD1	3490	10.69	3.92433933115232
D12_P2_M90-7-24-17	Post_P30	P30	Non-responder	anti-PD1	2476	9.9	1.65288349691022
D3_P1_M90-7-24-17	Post_P30	P30	Non-responder	anti-PD1	2349	8.4	2.07482370047255
D3_P2_M90-7-31-17	Post_P30	P30	Non-responder	anti-PD1	1613	10.1	0.713932206470374
D5_P1_M90-7-24-17	Post_P30	P30	Non-responder	anti-PD1	2147	3.64	0.49079243911305
D6_P2_M90-7-31-17	Post_P30	P30	Non-responder	anti-PD1	2780	10.88	3.21533896764813
D7_P1_M90-7-24-17	Post_P30	P30	Non-responder	anti-PD1	2246	10.14	1.1462250090876
D7_P2_M90-7-31-17	Post_P30	P30	Non-responder	anti-PD1	2722	10.89	1.58724645583424
D9_P2_M90-7-31-17	Post_P30	P30	Non-responder	anti-PD1	1942	11.21	-0.0468956743002544
E10_P2_M90-7-24-17	Post_P30	P30	Non-responder	anti-PD1	2322	10.01	0.0143320610687008
E11_P1_M90-7-31-17	Post_P30	P30	Non-responder	anti-PD1	1491	0	0.259730098146127
E1_P1_M90-7-31-17	Post_P30	P30	Non-responder	anti-PD1	2148	11.92	2.35403580516176
E1_P2_M90-7-31-17	Post_P30	P30	Non-responder	anti-PD1	1787	9.54	1.20741094147583
E2_P2_M90-7-24-17	Post_P30	P30	Non-responder	anti-PD1	2067	0	1.68702744456561
E3_P1_M90-7-24-17	Post_P30	P30	Non-responder	anti-PD1	2699	8.81	3.00620229007634
E3_P2_M90-7-31-17	Post_P30	P30	Non-responder	anti-PD1	1814	9.8	-0.825561613958558
E4_P2_M90-7-31-17	Post_P30	P30	Non-responder	anti-PD1	3358	9.18	3.10236186841148
E6_P1_M90-7-24-17	Post_P30	P30	Non-responder	anti-PD1	2345	0	1.84267629952745
E7_P2_M90-7-24-17	Post_P30	P30	Non-responder	anti-PD1	3970	10.16	3.81331424936387
E7_P2_M90-7-31-17	Post_P30	P30	Non-responder	anti-PD1	4605	10.71	2.84699200290804
E8_P2_M90-7-24-17	Post_P30	P30	Non-responder	anti-PD1	2329	9.16	2.23082697201017
F10_P1_M90-7-24-17	Post_P30	P30	Non-responder	anti-PD1	2497	8.61	0.45636404943657
F10_P2_M90-7-31-17	Post_P30	P30	Non-responder	anti-PD1	1939	11.65	1.79098418756816
F12_P2_M90-7-31-17	Post_P30	P30	Non-responder	anti-PD1	3323	10.37	3.37916666666666
F1_P2_M90-7-24-17	Post_P30	P30	Non-responder	anti-PD1	1711	10.87	2.02923482370047
F2_P1_M90-7-31-17	Post_P30	P30	Non-responder	anti-PD1	1968	10.31	2.44783715012722
F2_P2_M90-7-31-17	Post_P30	P30	Non-responder	anti-PD1	1892	9.46	2.17409396583061
F6_P1_M90-7-31-17	Post_P30	P30	Non-responder	anti-PD1	3454	11.48	3.71172210105416
F6_P2_M90-7-31-17	Post_P30	P30	Non-responder	anti-PD1	1609	10.21	-0.0443556888404224
F7_P1_M90-7-24-17	Post_P30	P30	Non-responder	anti-PD1	3209	8.47	1.42664667393675
F7_P2_M90-7-24-17	Post_P30	P30	Non-responder	anti-PD1	3590	10.43	2.19161577608143
F7_P2_M90-7-31-17	Post_P30	P30	Non-responder	anti-PD1	3460	10.65	2.87746637586332
F8_P1_M90-7-24-17	Post_P30	P30	Non-responder	anti-PD1	2137	0	1.99394674663759
F8_P1_M90-7-31-17	Post_P30	P30	Non-responder	anti-PD1	3614	10.35	1.07241548527808
F8_P2_M90-7-24-17	Post_P30	P30	Non-responder	anti-PD1	2600	9.67	-0.506862958924031
G10_P1_M90-7-24-17	Post_P30	P30	Non-responder	anti-PD1	2257	9.61	1.99409123954925
G10_P1_M90-7-31-17	Post_P30	P30	Non-responder	anti-PD1	1514	0	3.65718920392585
G10_P2_M90-7-31-17	Post_P30	P30	Non-responder	anti-PD1	1887	0	0.783059796437656
G12_P2_M90-7-24-17	Post_P30	P30	Non-responder	anti-PD1	2330	2.23	1.23776354053072
G1_P1_M90-7-31-17	Post_P30	P30	Non-responder	anti-PD1	3652	11.86	2.02607960741549
G1_P2_M90-7-24-17	Post_P30	P30	Non-responder	anti-PD1	2666	8.74	3.30909396583061
G1_P2_M90-7-31-17	Post_P30	P30	Non-responder	anti-PD1	1848	0	-1.05126045074518
G2_P1_M90-7-31-17	Post_P30	P30	Non-responder	anti-PD1	3738	10.1	3.22211741185024
G5_P1_M90-7-24-17	Post_P30	P30	Non-responder	anti-PD1	2293	0	0.543982188295168
G5_P2_M90-7-24-17	Post_P30	P30	Non-responder	anti-PD1	3016	9.41	0.23526535805162
G5_P2_M90-7-31-17	Post_P30	P30	Non-responder	anti-PD1	2560	9.99	3.49256361323155
G7_P2_M90-7-31-17	Post_P30	P30	Non-responder	anti-PD1	2034	0	1.00924391130498
G9_P1_M90-7-24-17	Post_P30	P30	Non-responder	anti-PD1	2334	8.92	-1.38697928026172
H10_P1_M90-7-31-17	Post_P30	P30	Non-responder	anti-PD1	2345	0	2.22586059614685
H10_P2_M90-7-24-17	Post_P30	P30	Non-responder	anti-PD1	2619	9.37	1.1134042166485
H10_P2_M90-7-31-17	Post_P30	P30	Non-responder	anti-PD1	2307	0	1.8473118865867
H11_P1_M90-7-24-17	Post_P30	P30	Non-responder	anti-PD1	3024	10.37	1.85985459832788
H12_P2_M90-7-24-17	Post_P30	P30	Non-responder	anti-PD1	1595	0	-1.19374045801526
H1_P2_M90-7-24-17	Post_P30	P30	Non-responder	anti-PD1	3868	10.14	1.28891857506361
H1_P2_M90-7-31-17	Post_P30	P30	Non-responder	anti-PD1	4039	9.88	3.37704289349328
H4_P1_M90-7-24-17	Post_P30	P30	Non-responder	anti-PD1	2300	10.27	0.365880588876772
H4_P1_M90-7-31-17	Post_P30	P30	Non-responder	anti-PD1	1695	0	-0.492651762995272
H5_P1_M90-7-31-17	Post_P30	P30	Non-responder	anti-PD1	2473	10.5	1.43922482733551
H5_P2_M90-7-24-17	Post_P30	P30	Non-responder	anti-PD1	2774	10.02	3.23711650308979
H6_P1_M90-7-24-17	Post_P30	P30	Non-responder	anti-PD1	2243	10.29	1.54714830970556
H6_P2_M90-7-24-17	Post_P30	P30	Non-responder	anti-PD1	3260	9.05	2.19343511450382
H7_P1_M90-7-24-17	Post_P30	P30	Non-responder	anti-PD1	2220	9.15	1.65849327517266
H7_P2_M90-7-24-17	Post_P30	P30	Non-responder	anti-PD1	2494	0	0.372529989094875
H8_P2_M90-7-31-17	Post_P30	P30	Non-responder	anti-PD1	1979	10.32	1.64981279534715
H9_P1_M90-7-31-17	Post_P30	P30	Non-responder	anti-PD1	2035	10.56	1.89537804434751
C2_P7_MMD9_L001_myeloid_enriched	Post_P17	P17	Responder	anti-PD1	1481	0	0.257276444929115
E11_P7_MMD9_L001_myeloid_enriched	Post_P17	P17	Responder	anti-PD1	3847	7.31	2.7790903307888
F3_P7_MMD9_L001_myeloid_enriched	Post_P17	P17	Responder	anti-PD1	1394	0	1.38119320247183
B9_P7_MMD7_L001_myeloid_enriched	Post_P19	P19	Responder	anti-PD1	1843	10.51	-0.94692475463468
D4_P7_MMD7_L001_myeloid_enriched	Post_P19	P19	Responder	anti-PD1	3546	9.23	2.25514358415122
F11_P7_MMD7_L001_myeloid_enriched	Post_P19	P19	Responder	anti-PD1	2288	8.88	1.78992275536169
F4_P7_MMD7_L001_myeloid_enriched	Post_P19	P19	Responder	anti-PD1	3252	9.27	3.55205379861868
F7_P7_MMD7_L001_myeloid_enriched	Post_P19	P19	Responder	anti-PD1	2954	9.95	3.2479870956016
G4_P7_MMD7_L001_myeloid_enriched	Post_P19	P19	Responder	anti-PD1	2694	0	2.91587513631407
G7_P7_MMD7_L001_myeloid_enriched	Post_P19	P19	Responder	anti-PD1	3862	10.35	3.06733824063977
A12_P1_M39_T_enriched	Post_P2	P2	Non-responder	anti-PD1	2699	5.55	0.983999454743732
A9_P1_M39_T_enriched	Post_P2	P2	Non-responder	anti-PD1	2317	7.92	0.748406942929845
B10_P1_M39_T_enriched	Post_P2	P2	Non-responder	anti-PD1	2926	0	-1.62404852780807
B4_P1_M39_T_enriched	Post_P2	P2	Non-responder	anti-PD1	4232	8.08	0.676595783351512
B7_P1_M39_T_enriched	Post_P2	P2	Non-responder	anti-PD1	2098	0	1.51648218829516
C12_P1_M39_T_enriched	Post_P2	P2	Non-responder	anti-PD1	2040	8.86	0.785318974918216
C2_P1_M39_T_enriched	Post_P2	P2	Non-responder	anti-PD1	2938	8.59	1.97783169756452
C5_P1_M39_T_enriched	Post_P2	P2	Non-responder	anti-PD1	2752	0	1.25872864412941
C6_P1_M39_T_enriched	Post_P2	P2	Non-responder	anti-PD1	3364	9.68	1.35652853507815
C8_P1_M39_T_enriched	Post_P2	P2	Non-responder	anti-PD1	3745	9.39	2.98285896037804
D10_P1_M39_T_enriched	Post_P2	P2	Non-responder	anti-PD1	1971	0	-1.61534532897128
E2_P1_M39_T_enriched	Post_P2	P2	Non-responder	anti-PD1	2650	0	0.0777390039985475
F10_P1_M39_T_enriched	Post_P2	P2	Non-responder	anti-PD1	3634	8.02	1.26061341330425
F7_P1_M39_T_enriched	Post_P2	P2	Non-responder	anti-PD1	2264	0	0.230464376590329
G5_P1_M39_T_enriched	Post_P2	P2	Non-responder	anti-PD1	2660	9.16	-0.464243911304982
H10_P1_M39_T_enriched	Post_P2	P2	Non-responder	anti-PD1	4177	9.19	0.192892584514714
H12_P1_M39_T_enriched	Post_P2	P2	Non-responder	anti-PD1	4532	9.92	2.32069792802618
A10_P7_M47_T_enriched	Post_P4	P4	Responder	anti-CTLA4+PD1	2435	0	1.42973918575064
A10_P9_M47_T_enriched	Post_P4	P4	Responder	anti-CTLA4+PD1	1778	0	0.276081424936386
A11_P8_M47_T_enriched	Post_P4	P4	Responder	anti-CTLA4+PD1	3439	0	-0.459325699745544
A12_P9_M47_T_enriched	Post_P4	P4	Responder	anti-CTLA4+PD1	2439	0	-0.955086332242821
A3_P7_M47_T_enriched	Post_P4	P4	Responder	anti-CTLA4+PD1	3039	0	-0.931311341330428
A8_P9_M47_T_enriched	Post_P4	P4	Responder	anti-CTLA4+PD1	2662	9.66	1.4476826608506
A9_P8_M47_T_enriched	Post_P4	P4	Responder	anti-CTLA4+PD1	3324	0	0.962145583424212
B10_P7_M47_T_enriched	Post_P4	P4	Responder	anti-CTLA4+PD1	2918	0	2.48184660123591
B11_P9_M47_T_enriched	Post_P4	P4	Responder	anti-CTLA4+PD1	2711	9.43	1.0208578698655
B12_P8_M47_T_enriched	Post_P4	P4	Responder	anti-CTLA4+PD1	5326	6.86	1.53526899309342
B12_P9_M47_T_enriched	Post_P4	P4	Responder	anti-CTLA4+PD1	5391	10.31	1.96338331515814
B2_P7_M47_T_enriched	Post_P4	P4	Responder	anti-CTLA4+PD1	2208	0	0.496186841148675
B4_P7_M47_T_enriched	Post_P4	P4	Responder	anti-CTLA4+PD1	2113	0	1.63037350054526
B5_P9_M47_T_enriched	Post_P4	P4	Responder	anti-CTLA4+PD1	2427	0	-1.08092693565976
B8_P9_M47_T_enriched	Post_P4	P4	Responder	anti-CTLA4+PD1	1815	2	-0.703086150490732
C1_P8_M47_T_enriched	Post_P4	P4	Responder	anti-CTLA4+PD1	2607	0	0.601617593602327
C4_P8_M47_T_enriched	Post_P4	P4	Responder	anti-CTLA4+PD1	3109	0	0.601773900399849
C6_P7_M47_T_enriched	Post_P4	P4	Responder	anti-CTLA4+PD1	2943	8.81	1.12132224645583
C7_P8_M47_T_enriched	Post_P4	P4	Responder	anti-CTLA4+PD1	2846	10	1.13620683387859
C7_P9_M47_T_enriched	Post_P4	P4	Responder	anti-CTLA4+PD1	2515	0	-0.277889858233372
C8_P8_M47_T_enriched	Post_P4	P4	Responder	anti-CTLA4+PD1	3643	9.57	3.04064067611778
C9_P7_M47_T_enriched	Post_P4	P4	Responder	anti-CTLA4+PD1	2970	10.24	0.489852780806977
D10_P8_M47_T_enriched	Post_P4	P4	Responder	anti-CTLA4+PD1	2622	9.42	2.1783596873864
D10_P9_M47_T_enriched	Post_P4	P4	Responder	anti-CTLA4+PD1	5878	10.66	2.60239003998545
D11_P7_M47_T_enriched	Post_P4	P4	Responder	anti-CTLA4+PD1	2329	8.22	0.734275717920757
D12_P9_M47_T_enriched	Post_P4	P4	Responder	anti-CTLA4+PD1	3343	10.05	1.61941112322791
D2_P7_M47_T_enriched	Post_P4	P4	Responder	anti-CTLA4+PD1	2726	0	1.48809887313704
D3_P9_M47_T_enriched	Post_P4	P4	Responder	anti-CTLA4+PD1	4116	9.15	0.228786804798259
D5_P7_M47_T_enriched	Post_P4	P4	Responder	anti-CTLA4+PD1	2446	0	0.878034351145036
D6_P7_M47_T_enriched	Post_P4	P4	Responder	anti-CTLA4+PD1	2695	9.06	1.21824700109051
D6_P9_M47_T_enriched	Post_P4	P4	Responder	anti-CTLA4+PD1	1670	0	0.711607597237368
D7_P8_M47_T_enriched	Post_P4	P4	Responder	anti-CTLA4+PD1	1936	0	1.02234005816067
E10_P8_M47_T_enriched	Post_P4	P4	Responder	anti-CTLA4+PD1	2124	0	1.25234187568157
E11_P8_M47_T_enriched	Post_P4	P4	Responder	anti-CTLA4+PD1	3610	7.79	-0.807242820792438
E1_P9_M47_T_enriched	Post_P4	P4	Responder	anti-CTLA4+PD1	3184	9.65	1.72124681933842
E2_P8_M47_T_enriched	Post_P4	P4	Responder	anti-CTLA4+PD1	2398	0	-0.958981279534715
E3_P8_M47_T_enriched	Post_P4	P4	Responder	anti-CTLA4+PD1	3544	8.02	-0.000944202108324355
E5_P7_M47_T_enriched	Post_P4	P4	Responder	anti-CTLA4+PD1	3130	10.68	1.29884950926936
E7_P8_M47_T_enriched	Post_P4	P4	Responder	anti-CTLA4+PD1	3295	9	0.617059251181386
E7_P9_M47_T_enriched	Post_P4	P4	Responder	anti-CTLA4+PD1	4012	8.8	2.49791439476553
E8_P9_M47_T_enriched	Post_P4	P4	Responder	anti-CTLA4+PD1	2782	9.08	1.1518338785896
F2_P9_M47_T_enriched	Post_P4	P4	Responder	anti-CTLA4+PD1	1774	0	-0.154529262086514
F6_P7_M47_T_enriched	Post_P4	P4	Responder	anti-CTLA4+PD1	3370	10.57	3.27996364958197
F7_P9_M47_T_enriched	Post_P4	P4	Responder	anti-CTLA4+PD1	2193	8.52	1.03771355870593
F9_P7_M47_T_enriched	Post_P4	P4	Responder	anti-CTLA4+PD1	3234	8.67	2.28569065794257
F9_P9_M47_T_enriched	Post_P4	P4	Responder	anti-CTLA4+PD1	1950	0	0.482337331879316
G5_P8_M47_T_enriched	Post_P4	P4	Responder	anti-CTLA4+PD1	1734	0	-0.21620774263904
G7_P7_M47_T_enriched	Post_P4	P4	Responder	anti-CTLA4+PD1	2782	0	0.531158669574702
G7_P9_M47_T_enriched	Post_P4	P4	Responder	anti-CTLA4+PD1	2508	0	0.225161759360236
H11_P8_M47_T_enriched	Post_P4	P4	Responder	anti-CTLA4+PD1	2962	9.79	1.41405307161032
H1_P7_M47_T_enriched	Post_P4	P4	Responder	anti-CTLA4+PD1	2763	10.06	2.91680752453653
H5_P9_M47_T_enriched	Post_P4	P4	Responder	anti-CTLA4+PD1	2777	0	1.67016539440204
H9_P7_M47_T_enriched	Post_P4	P4	Responder	anti-CTLA4+PD1	1966	0	0.147358233369685
A2_P12_MMD2-36B_T_enriched	Post_P10	P10	Non-responder	anti-PD1	1875	9.71	1.11082878953108
A9_P12_MMD2-36B_T_enriched	Post_P10	P10	Non-responder	anti-PD1	2160	0	1.95826972010178
B2_P12_MMD2-36B_T_enriched	Post_P10	P10	Non-responder	anti-PD1	4626	10.24	1.16655125408943
B9_P12_MMD2-36B_T_enriched	Post_P10	P10	Non-responder	anti-PD1	3000	10.59	3.21598237004725
C9_P12_MMD2-36B_T_enriched	Post_P10	P10	Non-responder	anti-PD1	2453	9.9	0.831157760814252
F9_P12_MMD2-36B_T_enriched	Post_P10	P10	Non-responder	anti-PD1	1950	0	1.47977371864776
B11_P6_M74_T_enriched	Post_P13	P13	Non-responder	anti-CTLA4+PD1	2605	0	1.83718738640494
B5_P6_M74_T_enriched	Post_P13	P13	Non-responder	anti-CTLA4+PD1	2756	8.85	0.643732279171212
B9_P6_M74_T_enriched	Post_P13	P13	Non-responder	anti-CTLA4+PD1	2308	0	0.949012177390043
C6_P6_M74_T_enriched	Post_P13	P13	Non-responder	anti-CTLA4+PD1	1906	0	0.137065612504547
D2_P7_M74_T_enriched	Post_P13	P13	Non-responder	anti-CTLA4+PD1	1821	8.3	1.5377417302799
D3_P7_M74_T_enriched	Post_P13	P13	Non-responder	anti-CTLA4+PD1	2827	8.82	0.633083424209383
E11_P7_M74_T_enriched	Post_P13	P13	Non-responder	anti-CTLA4+PD1	1897	0	0.925386223191568
E7_P7_M74_T_enriched	Post_P13	P13	Non-responder	anti-CTLA4+PD1	1816	0	0.856127771719372
F6_P7_M74_T_enriched	Post_P13	P13	Non-responder	anti-CTLA4+PD1	2410	7.97	1.80727735368957
F8_P7_M74_T_enriched	Post_P13	P13	Non-responder	anti-CTLA4+PD1	1655	0	0.489003089785531
G2_P7_M74_T_enriched	Post_P13	P13	Non-responder	anti-CTLA4+PD1	2500	9.04	0.273677753544169
H4_P6_M74_T_enriched	Post_P13	P13	Non-responder	anti-CTLA4+PD1	2780	8.27	0.162771719374772
H7_P7_M74_T_enriched	Post_P13	P13	Non-responder	anti-CTLA4+PD1	2558	9.7	1.80623682297347
H9_P7_M74_T_enriched	Post_P13	P13	Non-responder	anti-CTLA4+PD1	2563	8.98	3.14389949109415
A3_P8_MMD5_T_enriched	Post_P8	P8	Responder	anti-CTLA4+PD1	2501	8.43	0.128584151217737
A7_P8_MMD5_T_enriched	Post_P8	P8	Responder	anti-CTLA4+PD1	2351	8.2	1.33524990912396
C4_P8_MMD5_T_enriched	Post_P8	P8	Responder	anti-CTLA4+PD1	3562	9.97	2.49879043984005
D11_P8_MMD5_T_enriched	Post_P8	P8	Responder	anti-CTLA4+PD1	1676	0	1.51810796074155
D3_P8_MMD5_T_enriched	Post_P8	P8	Responder	anti-CTLA4+PD1	3575	8.23	1.78959287531807
D7_P8_MMD5_T_enriched	Post_P8	P8	Responder	anti-CTLA4+PD1	1683	0	1.08808433296983
E2_P8_MMD5_T_enriched	Post_P8	P8	Responder	anti-CTLA4+PD1	2308	8.99	0.87222918938568
E3_P8_MMD5_T_enriched	Post_P8	P8	Responder	anti-CTLA4+PD1	2589	9.98	0.351812068338786
E6_P8_MMD5_T_enriched	Post_P8	P8	Responder	anti-CTLA4+PD1	2305	8.87	0.704019447473645
F9_P8_MMD5_T_enriched	Post_P8	P8	Responder	anti-CTLA4+PD1	2782	8.97	1.39972191930207
A11_P6_MMD8_L001_T_enriched	Post_P16	P16	Non-responder	anti-PD1	5629	10.5	2.01759178480553
A2_P6_MMD8_L001_T_enriched	Post_P16	P16	Non-responder	anti-PD1	3313	7.97	1.52709832788077
A5_P6_MMD8_L001_T_enriched	Post_P16	P16	Non-responder	anti-PD1	4163	9.12	2.10913304253
B2_P6_MMD8_L001_T_enriched	Post_P16	P16	Non-responder	anti-PD1	3139	0	1.59633042529988
B5_P6_MMD8_L001_T_enriched	Post_P16	P16	Non-responder	anti-PD1	2024	4.87	1.55370047255543
B9_P6_MMD8_L001_T_enriched	Post_P16	P16	Non-responder	anti-PD1	2405	9.59	1.80101508542348
D10_P6_MMD8_L001_T_enriched	Post_P16	P16	Non-responder	anti-PD1	4552	10.76	1.73250363504181
D4_P6_MMD8_L001_T_enriched	Post_P16	P16	Non-responder	anti-PD1	3227	8.89	0.98614776444929
D8_P6_MMD8_L001_T_enriched	Post_P16	P16	Non-responder	anti-PD1	6220	10.58	1.69670119956379
E12_P6_MMD8_L001_T_enriched	Post_P16	P16	Non-responder	anti-PD1	3453	7.91	1.99234187568157
E1_P6_MMD8_L001_T_enriched	Post_P16	P16	Non-responder	anti-PD1	2097	9.29	1.12481461286805
E5_P6_MMD8_L001_T_enriched	Post_P16	P16	Non-responder	anti-PD1	4457	9.97	1.22234641948382
F11_P6_MMD8_L001_T_enriched	Post_P16	P16	Non-responder	anti-PD1	2920	8.55	0.85777262813522
G1_P6_MMD8_L001_T_enriched	Post_P16	P16	Non-responder	anti-PD1	5916	9.4	1.79191021446747
G3_P6_MMD8_L001_T_enriched	Post_P16	P16	Non-responder	anti-PD1	2345	9.22	3.0024981824791
G4_P6_MMD8_L001_T_enriched	Post_P16	P16	Non-responder	anti-PD1	2012	0	1.74999727371864
G6_P6_MMD8_L001_T_enriched	Post_P16	P16	Non-responder	anti-PD1	2138	0	-0.159987277353688
H11_P6_MMD8_L001_T_enriched	Post_P16	P16	Non-responder	anti-PD1	3001	9.55	2.33360959651036
H1_P6_MMD8_L001_T_enriched	Post_P16	P16	Non-responder	anti-PD1	2924	0	1.315064521992
A2_P5_M67_L001_T_enriched	Post_P6	P6	Non-responder	anti-PD1	3813	9.98	2.24018356961106
A6_P5_M67_L001_T_enriched	Post_P6	P6	Non-responder	anti-PD1	1812	7.77	0.425411668484187
A8_P5_M67_L001_T_enriched	Post_P6	P6	Non-responder	anti-PD1	3711	9.73	2.23431297709923
B10_P5_M67_L001_T_enriched	Post_P6	P6	Non-responder	anti-PD1	1371	11.89	-0.449867320974192
C10_P5_M67_L001_T_enriched	Post_P6	P6	Non-responder	anti-PD1	2332	5.85	1.65791984732825
C12_P5_M67_L001_T_enriched	Post_P6	P6	Non-responder	anti-PD1	3070	10.3	2.92559614685569
E12_P5_M67_L001_T_enriched	Post_P6	P6	Non-responder	anti-PD1	2313	9.21	3.47897219193021
E8_P5_M67_L001_T_enriched	Post_P6	P6	Non-responder	anti-PD1	5073	10.4	2.17252453653218
G12_P5_M67_L001_T_enriched	Post_P6	P6	Non-responder	anti-PD1	3346	9.81	1.73887586332242
G5_P5_M67_L001_T_enriched	Post_P6	P6	Non-responder	anti-PD1	2582	6.72	-1.19354143947655
H8_P5_M67_L001_T_enriched	Post_P6	P6	Non-responder	anti-PD1	1355	0	2.17201926572156
H9_P5_M67_L001_T_enriched	Post_P6	P6	Non-responder	anti-PD1	1686	5.09	1.70478916757543
