cell	sample	patient	response	therapy	nFeature	TPI1	Glyco	q_lo	q_hi	grp	depth_bin	match_pair
C5_P6_M15	Post_P1	P1	Responder	anti-PD1	2613	10.08	-0.214708287895315	8.894	9.652	hi	13	Post_P1__13__1
G2_P1_M15	Post_P1	P1	Responder	anti-PD1	2738	10.52	3.09941021446746	8.894	9.652	hi	13	Post_P1__13__2
E12_P2_M15	Post_P1	P1	Responder	anti-PD1	2783	9.79	0.990534351145035	8.894	9.652	hi	13	Post_P1__13__3
D10_P1_M15	Post_P1	P1	Responder	anti-PD1	2798	10.53	2.98645310796074	8.894	9.652	hi	13	Post_P1__13__4
G8_P2_M15	Post_P1	P1	Responder	anti-PD1	2606	0	3.22561886586696	8.894	9.652	lo	13	Post_P1__13__1
E10_P6_M15	Post_P1	P1	Responder	anti-PD1	2640	0	-1.1273836786623	8.894	9.652	lo	13	Post_P1__13__2
A10_P5_M15	Post_P1	P1	Responder	anti-PD1	2648	8.82	1.54436750272628	8.894	9.652	lo	13	Post_P1__13__3
B6_P1_M15	Post_P1	P1	Responder	anti-PD1	2756	0	2.03769538349691	8.894	9.652	lo	13	Post_P1__13__4
A12_P1_M15	Post_P1	P1	Responder	anti-PD1	1915	9.81	-0.746991094147585	8.894	9.652	hi	9	Post_P1__9__1
E11_P1_M15	Post_P1	P1	Responder	anti-PD1	1959	10.25	3.07575790621592	8.894	9.652	hi	9	Post_P1__9__2
B12_P2_M15	Post_P1	P1	Responder	anti-PD1	1887	0	1.46051435841512	8.894	9.652	lo	9	Post_P1__9__1
H7_P6_M15	Post_P1	P1	Responder	anti-PD1	1927	0	0.72096510359869	8.894	9.652	lo	9	Post_P1__9__2
G10_P1_M15	Post_P1	P1	Responder	anti-PD1	2028	10.07	0.327161032351872	8.894	9.652	hi	10	Post_P1__10__1
E10_P1_M15	Post_P1	P1	Responder	anti-PD1	2084	10.78	1.75285986913849	8.894	9.652	hi	10	Post_P1__10__2
C12_P6_M15	Post_P1	P1	Responder	anti-PD1	2193	9.76	2.91931752090149	8.894	9.652	hi	10	Post_P1__10__3
E12_P4_M15	Post_P1	P1	Responder	anti-PD1	2055	0	0.0412268266085074	8.894	9.652	lo	10	Post_P1__10__1
B3_P6_M15	Post_P1	P1	Responder	anti-PD1	2091	0	1.17751817520901	8.894	9.652	lo	10	Post_P1__10__2
G1_P2_M15	Post_P1	P1	Responder	anti-PD1	2186	8.02	2.87930752453653	8.894	9.652	lo	10	Post_P1__10__3
D6_P2_M15	Post_P1	P1	Responder	anti-PD1	2420	10.94	0.756626681206832	8.894	9.652	hi	12	Post_P1__12__1
F10_P1_M15	Post_P1	P1	Responder	anti-PD1	2484	11.17	-0.424303889494727	8.894	9.652	hi	12	Post_P1__12__2
E3_P1_M15	Post_P1	P1	Responder	anti-PD1	2546	10.86	2.497260087241	8.894	9.652	hi	12	Post_P1__12__3
H11_P3_M15	Post_P1	P1	Responder	anti-PD1	2408	0	0.538447837150128	8.894	9.652	lo	12	Post_P1__12__1
B9_P2_M15	Post_P1	P1	Responder	anti-PD1	2450	8.58	2.23232824427481	8.894	9.652	lo	12	Post_P1__12__2
E12_P1_M15	Post_P1	P1	Responder	anti-PD1	2560	0	3.55247091966557	8.894	9.652	lo	12	Post_P1__12__3
H12_P6_M14	Post_P1	P1	Responder	anti-PD1	2356	10.25	4.32270810614322	8.894	9.652	hi	11	Post_P1__11__1
C12_P1_M15	Post_P1	P1	Responder	anti-PD1	2350	0	-0.18723191566703	8.894	9.652	lo	11	Post_P1__11__1
G5_P6_M15	Post_P1	P1	Responder	anti-PD1	1648	9.91	-0.313426935659764	8.894	9.652	hi	8	Post_P1__8__1
H10_P1_M15	Post_P1	P1	Responder	anti-PD1	1715	10.72	1.59169574700109	8.894	9.652	hi	8	Post_P1__8__2
H9_P6_M15	Post_P1	P1	Responder	anti-PD1	1653	0	0.903366957470014	8.894	9.652	lo	8	Post_P1__8__1
F1_P2_M15	Post_P1	P1	Responder	anti-PD1	1674	0	-0.788642311886587	8.894	9.652	lo	8	Post_P1__8__2
G4_P1_M15	Post_P1	P1	Responder	anti-PD1	3429	9.95	0.924574700109044	8.894	9.652	hi	17	Post_P1__17__1
H2_P2_M15	Post_P1	P1	Responder	anti-PD1	3415	8.75	3.30758905852418	8.894	9.652	lo	17	Post_P1__17__1
G7_P2_M55_L001	Post_P1_2	P1_2	Non-responder	anti-PD1	2655	12.23	4.05312522719011	8.544	9.534	hi	13	Post_P1_2__13__1
C5_P1_M55_L001	Post_P1_2	P1_2	Non-responder	anti-PD1	2662	9.99	0.328077971646673	8.544	9.534	hi	13	Post_P1_2__13__2
E10_P4_M55_L001	Post_P1_2	P1_2	Non-responder	anti-PD1	2724	9.67	2.72849691021447	8.544	9.534	hi	13	Post_P1_2__13__3
B11_P2_M55_L001	Post_P1_2	P1_2	Non-responder	anti-PD1	2647	2.96	1.36207106506725	8.544	9.534	lo	13	Post_P1_2__13__1
F4_P3_M55_L001	Post_P1_2	P1_2	Non-responder	anti-PD1	2700	0	1.89659669211196	8.544	9.534	lo	13	Post_P1_2__13__2
G11_P3_M55_L001	Post_P1_2	P1_2	Non-responder	anti-PD1	2708	7.9	2.47917121046892	8.544	9.534	lo	13	Post_P1_2__13__3
F10_P4_M55_L001	Post_P1_2	P1_2	Non-responder	anti-PD1	3208	11.24	3.75342148309705	8.544	9.534	hi	16	Post_P1_2__16__1
A3_P1_M55_L001	Post_P1_2	P1_2	Non-responder	anti-PD1	3351	2.81	1.93062159214831	8.544	9.534	lo	16	Post_P1_2__16__1
A3_P4_M55_L001	Post_P1_2	P1_2	Non-responder	anti-PD1	1805	9.68	2.9556143220647	8.544	9.534	hi	9	Post_P1_2__9__1
A4_P3_M55_L001	Post_P1_2	P1_2	Non-responder	anti-PD1	1878	10.34	2.8379225736096	8.544	9.534	hi	9	Post_P1_2__9__2
C2_P4_M55_L001	Post_P1_2	P1_2	Non-responder	anti-PD1	1824	0	0.810539803707746	8.544	9.534	lo	9	Post_P1_2__9__1
B4_P4_M55_L001	Post_P1_2	P1_2	Non-responder	anti-PD1	1892	0	0.857730825154488	8.544	9.534	lo	9	Post_P1_2__9__2
C3_P4_M55_L001	Post_P1_2	P1_2	Non-responder	anti-PD1	3807	10.07	2.03168665939659	8.544	9.534	hi	19	Post_P1_2__19__1
A4_P1_M55_L001	Post_P1_2	P1_2	Non-responder	anti-PD1	3831	0	1.69401762995274	8.544	9.534	lo	19	Post_P1_2__19__1
H11_P1_M55_L001	Post_P1_2	P1_2	Non-responder	anti-PD1	2039	10.12	-0.0289149400218096	8.544	9.534	hi	10	Post_P1_2__10__1
F11_P1_M55_L001	Post_P1_2	P1_2	Non-responder	anti-PD1	2063	9.95	0.772083787713558	8.544	9.534	hi	10	Post_P1_2__10__2
G1_P4_M55_L001	Post_P1_2	P1_2	Non-responder	anti-PD1	2068	9.81	2.44882679025809	8.544	9.534	hi	10	Post_P1_2__10__3
E7_P3_M55_L001	Post_P1_2	P1_2	Non-responder	anti-PD1	2148	11.31	5.66046346782988	8.544	9.534	hi	10	Post_P1_2__10__4
F6_P3_M55_L001	Post_P1_2	P1_2	Non-responder	anti-PD1	2155	9.64	1.13322973464195	8.544	9.534	hi	10	Post_P1_2__10__5
F12_P1_M55_L001	Post_P1_2	P1_2	Non-responder	anti-PD1	2050	0	1.42962740821519	8.544	9.534	lo	10	Post_P1_2__10__1
G6_P2_M55_L001	Post_P1_2	P1_2	Non-responder	anti-PD1	2096	0	0.557238276990189	8.544	9.534	lo	10	Post_P1_2__10__2
D9_P2_M55_L001	Post_P1_2	P1_2	Non-responder	anti-PD1	2098	0	4.08307797164668	8.544	9.534	lo	10	Post_P1_2__10__3
C4_P3_M55_L001	Post_P1_2	P1_2	Non-responder	anti-PD1	2122	0	2.54605597964377	8.544	9.534	lo	10	Post_P1_2__10__4
B6_P3_M55_L001	Post_P1_2	P1_2	Non-responder	anti-PD1	2182	0	2.35481643038895	8.544	9.534	lo	10	Post_P1_2__10__5
F9_P3_M55_L001	Post_P1_2	P1_2	Non-responder	anti-PD1	2836	9.61	2.91601962922574	8.544	9.534	hi	14	Post_P1_2__14__1
E5_P2_M55_L001	Post_P1_2	P1_2	Non-responder	anti-PD1	2900	10.8	3.79792893493276	8.544	9.534	hi	14	Post_P1_2__14__2
E4_P2_M55_L001	Post_P1_2	P1_2	Non-responder	anti-PD1	2901	10.12	2.42893584151218	8.544	9.534	hi	14	Post_P1_2__14__3
D9_P3_M55_L001	Post_P1_2	P1_2	Non-responder	anti-PD1	2906	9.71	2.84472828062523	8.544	9.534	hi	14	Post_P1_2__14__4
C5_P2_M55_L001	Post_P1_2	P1_2	Non-responder	anti-PD1	2923	10.84	3.80865230825154	8.544	9.534	hi	14	Post_P1_2__14__5
E3_P2_M55_L001	Post_P1_2	P1_2	Non-responder	anti-PD1	2940	11	1.97066339512904	8.544	9.534	hi	14	Post_P1_2__14__6
H9_P3_M55_L001	Post_P1_2	P1_2	Non-responder	anti-PD1	2816	0	1.51738731370411	8.544	9.534	lo	14	Post_P1_2__14__1
D5_P4_M55_L001	Post_P1_2	P1_2	Non-responder	anti-PD1	2893	0	1.98441203198837	8.544	9.534	lo	14	Post_P1_2__14__2
D1_P2_M55_L001	Post_P1_2	P1_2	Non-responder	anti-PD1	2895	8.48	2.40742548164304	8.544	9.534	lo	14	Post_P1_2__14__3
B7_P1_M55_L001	Post_P1_2	P1_2	Non-responder	anti-PD1	2902	8.23	2.68603780443475	8.544	9.534	lo	14	Post_P1_2__14__4
G6_P1_M55_L001	Post_P1_2	P1_2	Non-responder	anti-PD1	2902	7.93	2.78595601599419	8.544	9.534	lo	14	Post_P1_2__14__5
D1_P4_M55_L001	Post_P1_2	P1_2	Non-responder	anti-PD1	2935	8.48	1.57337877135587	8.544	9.534	lo	14	Post_P1_2__14__6
G1_P3_M55_L001	Post_P1_2	P1_2	Non-responder	anti-PD1	2298	11.49	4.2992657215558	8.544	9.534	hi	11	Post_P1_2__11__1
B2_P2_M55_L001	Post_P1_2	P1_2	Non-responder	anti-PD1	2350	10.35	1.57572155579789	8.544	9.534	hi	11	Post_P1_2__11__2
F2_P4_M55_L001	Post_P1_2	P1_2	Non-responder	anti-PD1	2282	0	3.25660759723737	8.544	9.534	lo	11	Post_P1_2__11__1
E2_P3_M55_L001	Post_P1_2	P1_2	Non-responder	anti-PD1	2344	0	0.506922028353327	8.544	9.534	lo	11	Post_P1_2__11__2
G9_P1_M55_L001	Post_P1_2	P1_2	Non-responder	anti-PD1	2430	10.34	4.792979825518	8.544	9.534	hi	12	Post_P1_2__12__1
B6_P1_M55_L001	Post_P1_2	P1_2	Non-responder	anti-PD1	2424	0	-0.232601781170486	8.544	9.534	lo	12	Post_P1_2__12__1
H3_P2_M55_L001	Post_P1_2	P1_2	Non-responder	anti-PD1	3140	9.59	2.45575517993457	8.544	9.534	hi	15	Post_P1_2__15__1
H2_P4_M55_L001	Post_P1_2	P1_2	Non-responder	anti-PD1	3176	9.79	2.20275899672846	8.544	9.534	hi	15	Post_P1_2__15__2
E9_P1_M55_L001	Post_P1_2	P1_2	Non-responder	anti-PD1	3122	0	0.744919120319881	8.544	9.534	lo	15	Post_P1_2__15__1
D8_P1_M55_L001	Post_P1_2	P1_2	Non-responder	anti-PD1	3190	8.1	3.60214830970556	8.544	9.534	lo	15	Post_P1_2__15__2
E10_P1_M39	Post_P2	P2	Non-responder	anti-PD1	2816	10.44	3.76930388949473	8.866	9.458	hi	14	Post_P2__14__1
B7_P1_M39	Post_P2	P2	Non-responder	anti-PD1	2840	9.87	2.25187386404944	8.866	9.458	hi	14	Post_P2__14__2
A2_P3_M39	Post_P2	P2	Non-responder	anti-PD1	2847	9.47	3.55833424209378	8.866	9.458	hi	14	Post_P2__14__3
B3_P4_M39	Post_P2	P2	Non-responder	anti-PD1	2854	11.05	4.17145310796074	8.866	9.458	hi	14	Post_P2__14__4
D9_P4_M39	Post_P2	P2	Non-responder	anti-PD1	2891	9.47	-0.501696655761541	8.866	9.458	hi	14	Post_P2__14__5
E10_P4_M39	Post_P2	P2	Non-responder	anti-PD1	2936	10.63	-0.768621410396218	8.866	9.458	hi	14	Post_P2__14__6
E11_P1_M39	Post_P2	P2	Non-responder	anti-PD1	2939	9.75	1.03008633224282	8.866	9.458	hi	14	Post_P2__14__7
H2_P2_M39	Post_P2	P2	Non-responder	anti-PD1	2980	9.78	2.45796528535078	8.866	9.458	hi	14	Post_P2__14__8
H5_P4_M39	Post_P2	P2	Non-responder	anti-PD1	2828	0	0.226759360232641	8.866	9.458	lo	14	Post_P2__14__1
C1_P1_M39	Post_P2	P2	Non-responder	anti-PD1	2868	0	2.35430843329698	8.866	9.458	lo	14	Post_P2__14__2
E6_P1_M39	Post_P2	P2	Non-responder	anti-PD1	2886	8.51	4.02360687022901	8.866	9.458	lo	14	Post_P2__14__3
H7_P1_M39	Post_P2	P2	Non-responder	anti-PD1	2906	7.34	0.487280079970916	8.866	9.458	lo	14	Post_P2__14__4
B2_P3_M39	Post_P2	P2	Non-responder	anti-PD1	2910	8.68	2.83420574336605	8.866	9.458	lo	14	Post_P2__14__5
B10_P1_M39_T_enriched	Post_P2	P2	Non-responder	anti-PD1	2926	0	-1.62404852780807	8.866	9.458	lo	14	Post_P2__14__6
C2_P1_M39_T_enriched	Post_P2	P2	Non-responder	anti-PD1	2938	8.59	1.97783169756452	8.866	9.458	lo	14	Post_P2__14__7
H8_P1_M39	Post_P2	P2	Non-responder	anti-PD1	2979	8.48	0.77794256633951	8.866	9.458	lo	14	Post_P2__14__8
H7_P4_M39	Post_P2	P2	Non-responder	anti-PD1	2289	10.2	-0.030771537622682	8.866	9.458	hi	11	Post_P2__11__1
E7_P3_M39	Post_P2	P2	Non-responder	anti-PD1	2301	11.75	1.67071519447474	8.866	9.458	hi	11	Post_P2__11__2
A3_P2_M39	Post_P2	P2	Non-responder	anti-PD1	2374	11.14	-0.0672564521992007	8.866	9.458	hi	11	Post_P2__11__3
F7_P1_M39_T_enriched	Post_P2	P2	Non-responder	anti-PD1	2264	0	0.230464376590329	8.866	9.458	lo	11	Post_P2__11__1
A9_P1_M39_T_enriched	Post_P2	P2	Non-responder	anti-PD1	2317	7.92	0.748406942929845	8.866	9.458	lo	11	Post_P2__11__2
H9_P4_M39	Post_P2	P2	Non-responder	anti-PD1	2359	8.8	2.68000817884406	8.866	9.458	lo	11	Post_P2__11__3
H10_P2_M39	Post_P2	P2	Non-responder	anti-PD1	3051	9.71	2.08748091603053	8.866	9.458	hi	15	Post_P2__15__1
H9_P3_M39	Post_P2	P2	Non-responder	anti-PD1	3094	9.66	3.52985005452563	8.866	9.458	hi	15	Post_P2__15__2
D4_P2_M39	Post_P2	P2	Non-responder	anti-PD1	3038	7.76	1.90466103235187	8.866	9.458	lo	15	Post_P2__15__1
B11_P1_M39	Post_P2	P2	Non-responder	anti-PD1	3082	4.46	2.15083151581243	8.866	9.458	lo	15	Post_P2__15__2
D5_P3_M39	Post_P2	P2	Non-responder	anti-PD1	2071	10.32	2.7324981824791	8.866	9.458	hi	10	Post_P2__10__1
D12_P2_M39	Post_P2	P2	Non-responder	anti-PD1	2132	10.28	1.03065430752453	8.866	9.458	hi	10	Post_P2__10__2
B7_P1_M39_T_enriched	Post_P2	P2	Non-responder	anti-PD1	2098	0	1.51648218829516	8.866	9.458	lo	10	Post_P2__10__1
G8_P3_M39	Post_P2	P2	Non-responder	anti-PD1	2141	0	0.400161759360232	8.866	9.458	lo	10	Post_P2__10__2
B12_P1_M39	Post_P2	P2	Non-responder	anti-PD1	2453	9.92	2.06681115957833	8.866	9.458	hi	12	Post_P2__12__1
B2_P2_M39	Post_P2	P2	Non-responder	anti-PD1	2503	9.56	1.30544529262087	8.866	9.458	hi	12	Post_P2__12__2
E1_P3_M39	Post_P2	P2	Non-responder	anti-PD1	2439	0	3.02885314431116	8.866	9.458	lo	12	Post_P2__12__1
H10_P3_M39	Post_P2	P2	Non-responder	anti-PD1	2493	8.6	1.06550799709197	8.866	9.458	lo	12	Post_P2__12__2
G11_P3_M39	Post_P2	P2	Non-responder	anti-PD1	1940	10.21	0.679181206833876	8.866	9.458	hi	9	Post_P2__9__1
H11_P3_M39	Post_P2	P2	Non-responder	anti-PD1	1984	10.21	0.693215194474741	8.866	9.458	hi	9	Post_P2__9__2
B1_P2_M39	Post_P2	P2	Non-responder	anti-PD1	1909	0	0.571230461650312	8.866	9.458	lo	9	Post_P2__9__1
D10_P1_M39_T_enriched	Post_P2	P2	Non-responder	anti-PD1	1971	0	-1.61534532897128	8.866	9.458	lo	9	Post_P2__9__2
D8_P1_M39	Post_P2	P2	Non-responder	anti-PD1	2609	9.74	1.26291348600509	8.866	9.458	hi	13	Post_P2__13__1
F11_P4_M39	Post_P2	P2	Non-responder	anti-PD1	2627	9.77	0.543141584878227	8.866	9.458	hi	13	Post_P2__13__2
C9_P1_M39	Post_P2	P2	Non-responder	anti-PD1	2676	9.79	0.423112504543799	8.866	9.458	hi	13	Post_P2__13__3
H6_P1_M39	Post_P2	P2	Non-responder	anti-PD1	2706	10.82	2.39043711377681	8.866	9.458	hi	13	Post_P2__13__4
B1_P4_M39	Post_P2	P2	Non-responder	anti-PD1	2765	9.79	0.641498545983283	8.866	9.458	hi	13	Post_P2__13__5
F12_P2_M39	Post_P2	P2	Non-responder	anti-PD1	2608	0	0.830478916757542	8.866	9.458	lo	13	Post_P2__13__1
E2_P4_M39	Post_P2	P2	Non-responder	anti-PD1	2619	0	1.6045056343148	8.866	9.458	lo	13	Post_P2__13__2
H5_P1_M39	Post_P2	P2	Non-responder	anti-PD1	2681	0	1.45770719738277	8.866	9.458	lo	13	Post_P2__13__3
A12_P1_M39_T_enriched	Post_P2	P2	Non-responder	anti-PD1	2699	5.55	0.983999454743732	8.866	9.458	lo	13	Post_P2__13__4
C5_P1_M39_T_enriched	Post_P2	P2	Non-responder	anti-PD1	2752	0	1.25872864412941	8.866	9.458	lo	13	Post_P2__13__5
E1_P4_M39	Post_P2	P2	Non-responder	anti-PD1	1787	9.47	0.750628862231916	8.866	9.458	hi	8	Post_P2__8__1
F9_P3_M39	Post_P2	P2	Non-responder	anti-PD1	1765	0	0.181844783715012	8.866	9.458	lo	8	Post_P2__8__1
C9_P2_M39	Post_P2	P2	Non-responder	anti-PD1	3326	10.66	2.67722555434387	8.866	9.458	hi	16	Post_P2__16__1
C6_P1_M39_T_enriched	Post_P2	P2	Non-responder	anti-PD1	3364	9.68	1.35652853507815	8.866	9.458	hi	16	Post_P2__16__2
C3_P2_M39	Post_P2	P2	Non-responder	anti-PD1	3236	6.83	0.808787713558709	8.866	9.458	lo	16	Post_P2__16__1
D11_P3_M39	Post_P2	P2	Non-responder	anti-PD1	3383	0	1.70823155216285	8.866	9.458	lo	16	Post_P2__16__2
F5_P3_M39	Post_P2	P2	Non-responder	anti-PD1	3635	9.67	3.46312795347146	8.866	9.458	hi	18	Post_P2__18__1
F10_P1_M39_T_enriched	Post_P2	P2	Non-responder	anti-PD1	3634	8.02	1.26061341330425	8.866	9.458	lo	18	Post_P2__18__1
B10_P4_M23	Post_P3	P3	Non-responder	anti-PD1	2098	9.25	4.15444383860414	0	7.82	hi	10	Post_P3__10__1
C2_P2_M23	Post_P3	P3	Non-responder	anti-PD1	2102	10.37	-0.143151581243183	0	7.82	hi	10	Post_P3__10__2
G1_P2_M23	Post_P3	P3	Non-responder	anti-PD1	2125	10.55	-0.172421846601237	0	7.82	hi	10	Post_P3__10__3
H8_P2_M23	Post_P3	P3	Non-responder	anti-PD1	2178	10.34	4.28244365685205	0	7.82	hi	10	Post_P3__10__4
E11_P1_M23	Post_P3	P3	Non-responder	anti-PD1	2193	9.26	3.06419211195929	0	7.82	hi	10	Post_P3__10__5
F6_P3_M23	Post_P3	P3	Non-responder	anti-PD1	2093	0	0.203997637222827	0	7.82	lo	10	Post_P3__10__1
H11_P2_M23	Post_P3	P3	Non-responder	anti-PD1	2104	0	2.68168575063614	0	7.82	lo	10	Post_P3__10__2
F11_P2_M23	Post_P3	P3	Non-responder	anti-PD1	2130	0	0.296125954198471	0	7.82	lo	10	Post_P3__10__3
G2_P2_M23	Post_P3	P3	Non-responder	anti-PD1	2160	0	3.53477644492912	0	7.82	lo	10	Post_P3__10__4
E10_P3_M23	Post_P3	P3	Non-responder	anti-PD1	2168	0	-1.04147219193021	0	7.82	lo	10	Post_P3__10__5
B8_P4_M23	Post_P3	P3	Non-responder	anti-PD1	2409	8.95	1.03361686659396	0	7.82	hi	12	Post_P3__12__1
E11_P3_M23	Post_P3	P3	Non-responder	anti-PD1	2411	8.68	1.70660850599782	0	7.82	hi	12	Post_P3__12__2
A8_P3_M23	Post_P3	P3	Non-responder	anti-PD1	2450	8.95	2.12813340603417	0	7.82	hi	12	Post_P3__12__3
H1_P1_M23	Post_P3	P3	Non-responder	anti-PD1	2464	7.97	1.81943293347873	0	7.82	hi	12	Post_P3__12__4
D2_P2_M23	Post_P3	P3	Non-responder	anti-PD1	2465	9.75	2.52511177753544	0	7.82	hi	12	Post_P3__12__5
H11_P1_M23	Post_P3	P3	Non-responder	anti-PD1	2559	10.66	1.78573518720465	0	7.82	hi	12	Post_P3__12__6
E8_P4_M23	Post_P3	P3	Non-responder	anti-PD1	2448	0	1.33946928389677	0	7.82	lo	12	Post_P3__12__1
A3_P3_M23	Post_P3	P3	Non-responder	anti-PD1	2454	0	1.85211377680843	0	7.82	lo	12	Post_P3__12__2
G6_P1_M23	Post_P3	P3	Non-responder	anti-PD1	2477	0	2.86580334423846	0	7.82	lo	12	Post_P3__12__3
D7_P2_M23	Post_P3	P3	Non-responder	anti-PD1	2484	0	2.27673300617957	0	7.82	lo	12	Post_P3__12__4
D1_P1_M23	Post_P3	P3	Non-responder	anti-PD1	2518	0	2.2497546346783	0	7.82	lo	12	Post_P3__12__5
B4_P1_M23	Post_P3	P3	Non-responder	anti-PD1	2554	0	1.04354507451836	0	7.82	lo	12	Post_P3__12__6
C7_P4_M23	Post_P3	P3	Non-responder	anti-PD1	2258	9.33	1.42437386404944	0	7.82	hi	11	Post_P3__11__1
C3_P3_M23	Post_P3	P3	Non-responder	anti-PD1	2326	10.03	4.5808524173028	0	7.82	hi	11	Post_P3__11__2
D7_P4_M23	Post_P3	P3	Non-responder	anti-PD1	2331	10.18	4.19327426390403	0	7.82	hi	11	Post_P3__11__3
D4_P1_M23	Post_P3	P3	Non-responder	anti-PD1	2355	10.71	2.9076735732461	0	7.82	hi	11	Post_P3__11__4
D10_P3_M23	Post_P3	P3	Non-responder	anti-PD1	2393	8.9	4.49864503816794	0	7.82	hi	11	Post_P3__11__5
G6_P4_M23	Post_P3	P3	Non-responder	anti-PD1	2206	0	1.2204189385678	0	7.82	lo	11	Post_P3__11__1
G9_P4_M23	Post_P3	P3	Non-responder	anti-PD1	2279	0	2.05068520537986	0	7.82	lo	11	Post_P3__11__2
C9_P1_M23	Post_P3	P3	Non-responder	anti-PD1	2285	0	0.757157397310068	0	7.82	lo	11	Post_P3__11__3
H6_P2_M23	Post_P3	P3	Non-responder	anti-PD1	2357	0	0.802477280988733	0	7.82	lo	11	Post_P3__11__4
A5_P3_M23	Post_P3	P3	Non-responder	anti-PD1	2369	0	2.15800617957107	0	7.82	lo	11	Post_P3__11__5
E12_P4_M23	Post_P3	P3	Non-responder	anti-PD1	1796	9.11	1.0506015994184	0	7.82	hi	8	Post_P3__8__1
B1_P2_M23	Post_P3	P3	Non-responder	anti-PD1	1693	0	1.22005089058524	0	7.82	lo	8	Post_P3__8__1
H9_P3_M23	Post_P3	P3	Non-responder	anti-PD1	2859	10.27	1.2942048346056	0	7.82	hi	14	Post_P3__14__1
B4_P4_M23	Post_P3	P3	Non-responder	anti-PD1	2856	0	2.80357597237368	0	7.82	lo	14	Post_P3__14__1
D4_P2_M23	Post_P3	P3	Non-responder	anti-PD1	1821	9.99	1.87301799345693	0	7.82	hi	9	Post_P3__9__1
H10_P3_M23	Post_P3	P3	Non-responder	anti-PD1	1960	10.77	-1.30235641584878	0	7.82	hi	9	Post_P3__9__2
D9_P3_M23	Post_P3	P3	Non-responder	anti-PD1	1839	0	0.751357688113415	0	7.82	lo	9	Post_P3__9__1
E1_P3_M23	Post_P3	P3	Non-responder	anti-PD1	1985	0	0.739462013813157	0	7.82	lo	9	Post_P3__9__2
F5_P2_M23	Post_P3	P3	Non-responder	anti-PD1	2660	8.81	3.44214921846601	0	7.82	hi	13	Post_P3__13__1
D8_P1_M23	Post_P3	P3	Non-responder	anti-PD1	2781	10.76	2.42324427480916	0	7.82	hi	13	Post_P3__13__2
G6_P3_M23	Post_P3	P3	Non-responder	anti-PD1	2701	0	0.685548891312251	0	7.82	lo	13	Post_P3__13__1
F9_P1_M23	Post_P3	P3	Non-responder	anti-PD1	2704	0	2.68527171937477	0	7.82	lo	13	Post_P3__13__2
E9_P6_M36_L001	Post_P3_2	P3_2	Non-responder	anti-PD1	1680	9.8	2.19027081061432	0	9.006	hi	8	Post_P3_2__8__1
D1_P8_M36_L001	Post_P3_2	P3_2	Non-responder	anti-PD1	1697	10.13	1.24795619774627	0	9.006	hi	8	Post_P3_2__8__2
D1_P7_M36_L001	Post_P3_2	P3_2	Non-responder	anti-PD1	1707	10.07	1.04882951653944	0	9.006	hi	8	Post_P3_2__8__3
D8_P8_M36_L001	Post_P3_2	P3_2	Non-responder	anti-PD1	1711	10.62	2.92734096692112	0	9.006	hi	8	Post_P3_2__8__4
B7_P7_M36_L001	Post_P3_2	P3_2	Non-responder	anti-PD1	1799	10.54	2.7973191566703	0	9.006	hi	8	Post_P3_2__8__5
C9_P6_M36_L001	Post_P3_2	P3_2	Non-responder	anti-PD1	1683	0	-0.397135587059251	0	9.006	lo	8	Post_P3_2__8__1
G4_P6_M36_L001	Post_P3_2	P3_2	Non-responder	anti-PD1	1702	0	1.56787350054526	0	9.006	lo	8	Post_P3_2__8__2
B9_P9_M36_L001	Post_P3_2	P3_2	Non-responder	anti-PD1	1716	0	1.17064794620138	0	9.006	lo	8	Post_P3_2__8__3
B8_P8_M36_L001	Post_P3_2	P3_2	Non-responder	anti-PD1	1717	0	2.28992639040349	0	9.006	lo	8	Post_P3_2__8__4
E11_P7_M36_L001	Post_P3_2	P3_2	Non-responder	anti-PD1	1787	0	2.15545619774628	0	9.006	lo	8	Post_P3_2__8__5
B4_P8_M36_L001	Post_P3_2	P3_2	Non-responder	anti-PD1	1848	9.48	-0.845736095965103	0	9.006	hi	9	Post_P3_2__9__1
G1_P9_M36_L001	Post_P3_2	P3_2	Non-responder	anti-PD1	1896	9.84	1.16412849872773	0	9.006	hi	9	Post_P3_2__9__2
G3_P6_M36_L001	Post_P3_2	P3_2	Non-responder	anti-PD1	1909	10.14	1.7210959651036	0	9.006	hi	9	Post_P3_2__9__3
E8_P7_M36_L001	Post_P3_2	P3_2	Non-responder	anti-PD1	1921	9.19	2.39394038531443	0	9.006	hi	9	Post_P3_2__9__4
B2_P9_M36_L001	Post_P3_2	P3_2	Non-responder	anti-PD1	1937	9.98	2.48919665576154	0	9.006	hi	9	Post_P3_2__9__5
E4_P9_M36_L001	Post_P3_2	P3_2	Non-responder	anti-PD1	1947	9.33	-0.886349509269356	0	9.006	hi	9	Post_P3_2__9__6
C3_P8_M36_L001	Post_P3_2	P3_2	Non-responder	anti-PD1	1963	10.18	2.55870501635769	0	9.006	hi	9	Post_P3_2__9__7
H6_P7_M36_L001	Post_P3_2	P3_2	Non-responder	anti-PD1	1831	0	2.3506715739731	0	9.006	lo	9	Post_P3_2__9__1
C12_P8_M36_L001	Post_P3_2	P3_2	Non-responder	anti-PD1	1896	0	3.22506543075245	0	9.006	lo	9	Post_P3_2__9__2
A4_P7_M36_L001	Post_P3_2	P3_2	Non-responder	anti-PD1	1901	0	2.87009269356598	0	9.006	lo	9	Post_P3_2__9__3
B1_P8_M36_L001	Post_P3_2	P3_2	Non-responder	anti-PD1	1917	0	2.26136041439476	0	9.006	lo	9	Post_P3_2__9__4
B4_P9_M36_L001	Post_P3_2	P3_2	Non-responder	anti-PD1	1948	0	1.44488549618321	0	9.006	lo	9	Post_P3_2__9__5
A3_P6_M36_L001	Post_P3_2	P3_2	Non-responder	anti-PD1	1949	0	-0.325587059251184	0	9.006	lo	9	Post_P3_2__9__6
F1_P9_M36_L001	Post_P3_2	P3_2	Non-responder	anti-PD1	1954	0	2.37121864776445	0	9.006	lo	9	Post_P3_2__9__7
B4_P7_M36_L001	Post_P3_2	P3_2	Non-responder	anti-PD1	2004	9.06	2.38263177026536	0	9.006	hi	10	Post_P3_2__10__1
B3_P7_M36_L001	Post_P3_2	P3_2	Non-responder	anti-PD1	2059	9.1	2.43710468920393	0	9.006	hi	10	Post_P3_2__10__2
A6_P6_M36_L001	Post_P3_2	P3_2	Non-responder	anti-PD1	2071	9.69	2.88663031624864	0	9.006	hi	10	Post_P3_2__10__3
F3_P6_M36_L001	Post_P3_2	P3_2	Non-responder	anti-PD1	2106	10.24	2.38942202835332	0	9.006	hi	10	Post_P3_2__10__4
H4_P7_M36_L001	Post_P3_2	P3_2	Non-responder	anti-PD1	2015	0	3.18596419483824	0	9.006	lo	10	Post_P3_2__10__1
B12_P6_M36_L001	Post_P3_2	P3_2	Non-responder	anti-PD1	2018	0	2.15085514358415	0	9.006	lo	10	Post_P3_2__10__2
E1_P9_M36_L001	Post_P3_2	P3_2	Non-responder	anti-PD1	2023	0	2.23125954198474	0	9.006	lo	10	Post_P3_2__10__3
B11_P7_M36_L001	Post_P3_2	P3_2	Non-responder	anti-PD1	2163	0	0.429925481643038	0	9.006	lo	10	Post_P3_2__10__4
E10_P5_M47_L001	Post_P4	P4	Responder	anti-CTLA4+PD1	1898	9.46	0.438635950563432	0	8.326	hi	9	Post_P4__9__1
H9_P5_M47_L001	Post_P4	P4	Responder	anti-CTLA4+PD1	1932	10.84	2.94332424572883	0	8.326	hi	9	Post_P4__9__2
C3_P1_M47	Post_P4	P4	Responder	anti-CTLA4+PD1	1992	9.52	1.36251544892766	0	8.326	hi	9	Post_P4__9__3
D8_P2_M47	Post_P4	P4	Responder	anti-CTLA4+PD1	1900	0	-1.8705461650309	0	8.326	lo	9	Post_P4__9__1
D10_P5_M47_L001	Post_P4	P4	Responder	anti-CTLA4+PD1	1934	0	1.49022719011269	0	8.326	lo	9	Post_P4__9__2
H9_P7_M47_T_enriched	Post_P4	P4	Responder	anti-CTLA4+PD1	1966	0	0.147358233369685	0	8.326	lo	9	Post_P4__9__3
E1_P2_M47	Post_P4	P4	Responder	anti-CTLA4+PD1	2618	8.38	0.264931842966194	0	8.326	hi	13	Post_P4__13__1
D10_P8_M47_T_enriched	Post_P4	P4	Responder	anti-CTLA4+PD1	2622	9.42	2.1783596873864	0	8.326	hi	13	Post_P4__13__2
A8_P9_M47_T_enriched	Post_P4	P4	Responder	anti-CTLA4+PD1	2662	9.66	1.4476826608506	0	8.326	hi	13	Post_P4__13__3
B11_P9_M47_T_enriched	Post_P4	P4	Responder	anti-CTLA4+PD1	2711	9.43	1.0208578698655	0	8.326	hi	13	Post_P4__13__4
H1_P7_M47_T_enriched	Post_P4	P4	Responder	anti-CTLA4+PD1	2763	10.06	2.91680752453653	0	8.326	hi	13	Post_P4__13__5
E8_P9_M47_T_enriched	Post_P4	P4	Responder	anti-CTLA4+PD1	2782	9.08	1.1518338785896	0	8.326	hi	13	Post_P4__13__6
B1_P1_M47	Post_P4	P4	Responder	anti-CTLA4+PD1	2797	8.99	1.6960977826245	0	8.326	hi	13	Post_P4__13__7
H11_P3_M47	Post_P4	P4	Responder	anti-CTLA4+PD1	2602	0	0.661053253362414	0	8.326	lo	13	Post_P4__13__1
C1_P8_M47_T_enriched	Post_P4	P4	Responder	anti-CTLA4+PD1	2607	0	0.601617593602327	0	8.326	lo	13	Post_P4__13__2
A4_P1_M47	Post_P4	P4	Responder	anti-CTLA4+PD1	2651	0	0.664625590694294	0	8.326	lo	13	Post_P4__13__3
D2_P7_M47_T_enriched	Post_P4	P4	Responder	anti-CTLA4+PD1	2726	0	1.48809887313704	0	8.326	lo	13	Post_P4__13__4
E4_P1_M47	Post_P4	P4	Responder	anti-CTLA4+PD1	2768	0	2.15310614322065	0	8.326	lo	13	Post_P4__13__5
H5_P9_M47_T_enriched	Post_P4	P4	Responder	anti-CTLA4+PD1	2777	0	1.67016539440204	0	8.326	lo	13	Post_P4__13__6
G7_P7_M47_T_enriched	Post_P4	P4	Responder	anti-CTLA4+PD1	2782	0	0.531158669574702	0	8.326	lo	13	Post_P4__13__7
G2_P1_M47	Post_P4	P4	Responder	anti-CTLA4+PD1	2287	8.91	2.7051772082879	0	8.326	hi	11	Post_P4__11__1
D3_P1_M47	Post_P4	P4	Responder	anti-CTLA4+PD1	2293	9.19	1.01227280988732	0	8.326	hi	11	Post_P4__11__2
G6_P1_M47	Post_P4	P4	Responder	anti-CTLA4+PD1	2368	8.99	-2.96042802617231	0	8.326	hi	11	Post_P4__11__3
A8_P2_M47	Post_P4	P4	Responder	anti-CTLA4+PD1	2399	9.14	2.77684205743366	0	8.326	hi	11	Post_P4__11__4
E11_P1_M47	Post_P4	P4	Responder	anti-CTLA4+PD1	2243	0	2.22171846601236	0	8.326	lo	11	Post_P4__11__1
H3_P2_M47	Post_P4	P4	Responder	anti-CTLA4+PD1	2345	0	2.54170119956379	0	8.326	lo	11	Post_P4__11__2
D1_P2_M47	Post_P4	P4	Responder	anti-CTLA4+PD1	2350	0	0.469968193384226	0	8.326	lo	11	Post_P4__11__3
E2_P8_M47_T_enriched	Post_P4	P4	Responder	anti-CTLA4+PD1	2398	0	-0.958981279534715	0	8.326	lo	11	Post_P4__11__4
G8_P2_M47	Post_P4	P4	Responder	anti-CTLA4+PD1	2446	9.97	0.735388949472918	0	8.326	hi	12	Post_P4__12__1
B12_P4_M47	Post_P4	P4	Responder	anti-CTLA4+PD1	2471	8.68	-0.748069792802618	0	8.326	hi	12	Post_P4__12__2
C12_P4_M47	Post_P4	P4	Responder	anti-CTLA4+PD1	2528	8.59	-0.940268084332971	0	8.326	hi	12	Post_P4__12__3
D5_P7_M47_T_enriched	Post_P4	P4	Responder	anti-CTLA4+PD1	2446	0	0.878034351145036	0	8.326	lo	12	Post_P4__12__1
H1_P3_M47	Post_P4	P4	Responder	anti-CTLA4+PD1	2496	0	1.4057324609233	0	8.326	lo	12	Post_P4__12__2
G3_P1_M47	Post_P4	P4	Responder	anti-CTLA4+PD1	2527	0	1.52696655761541	0	8.326	lo	12	Post_P4__12__3
C7_P8_M47_T_enriched	Post_P4	P4	Responder	anti-CTLA4+PD1	2846	10	1.13620683387859	0	8.326	hi	14	Post_P4__14__1
C6_P7_M47_T_enriched	Post_P4	P4	Responder	anti-CTLA4+PD1	2943	8.81	1.12132224645583	0	8.326	hi	14	Post_P4__14__2
F5_P2_M47	Post_P4	P4	Responder	anti-CTLA4+PD1	2961	9.14	-0.242629043984005	0	8.326	hi	14	Post_P4__14__3
H11_P8_M47_T_enriched	Post_P4	P4	Responder	anti-CTLA4+PD1	2962	9.79	1.41405307161032	0	8.326	hi	14	Post_P4__14__4
C9_P7_M47_T_enriched	Post_P4	P4	Responder	anti-CTLA4+PD1	2970	10.24	0.489852780806977	0	8.326	hi	14	Post_P4__14__5
D3_P3_M47	Post_P4	P4	Responder	anti-CTLA4+PD1	2809	0	1.0792711741185	0	8.326	lo	14	Post_P4__14__1
E2_P2_M47	Post_P4	P4	Responder	anti-CTLA4+PD1	2824	0	1.53185023627772	0	8.326	lo	14	Post_P4__14__2
C5_P2_M47	Post_P4	P4	Responder	anti-CTLA4+PD1	2883	0	-0.64986732097419	0	8.326	lo	14	Post_P4__14__3
B10_P7_M47_T_enriched	Post_P4	P4	Responder	anti-CTLA4+PD1	2918	0	2.48184660123591	0	8.326	lo	14	Post_P4__14__4
B3_P1_M47	Post_P4	P4	Responder	anti-CTLA4+PD1	2974	0	1.07466103235188	0	8.326	lo	14	Post_P4__14__5
E5_P7_M47_T_enriched	Post_P4	P4	Responder	anti-CTLA4+PD1	3130	10.68	1.29884950926936	0	8.326	hi	15	Post_P4__15__1
C6_P2_M47	Post_P4	P4	Responder	anti-CTLA4+PD1	3165	10.25	1.74600236277717	0	8.326	hi	15	Post_P4__15__2
E1_P9_M47_T_enriched	Post_P4	P4	Responder	anti-CTLA4+PD1	3184	9.65	1.72124681933842	0	8.326	hi	15	Post_P4__15__3
A3_P7_M47_T_enriched	Post_P4	P4	Responder	anti-CTLA4+PD1	3039	0	-0.931311341330428	0	8.326	lo	15	Post_P4__15__1
C4_P8_M47_T_enriched	Post_P4	P4	Responder	anti-CTLA4+PD1	3109	0	0.601773900399849	0	8.326	lo	15	Post_P4__15__2
G10_P1_M47	Post_P4	P4	Responder	anti-CTLA4+PD1	3130	0	-0.0126844783714981	0	8.326	lo	15	Post_P4__15__3
D10_P4_M47	Post_P4	P4	Responder	anti-CTLA4+PD1	3506	8.84	-0.351781170483467	0	8.326	hi	17	Post_P4__17__1
A11_P8_M47_T_enriched	Post_P4	P4	Responder	anti-CTLA4+PD1	3439	0	-0.459325699745544	0	8.326	lo	17	Post_P4__17__1
H12_P5_M47_L001	Post_P4	P4	Responder	anti-CTLA4+PD1	2034	9.2	0.495684296619411	0	8.326	hi	10	Post_P4__10__1
B2_P5_M47_L001	Post_P4	P4	Responder	anti-CTLA4+PD1	2091	10.55	0.784770992366414	0	8.326	hi	10	Post_P4__10__2
F3_P5_M47_L001	Post_P4	P4	Responder	anti-CTLA4+PD1	2143	9.25	2.05786350418029	0	8.326	hi	10	Post_P4__10__3
F8_P1_M47	Post_P4	P4	Responder	anti-CTLA4+PD1	2157	9.66	0.933005270810617	0	8.326	hi	10	Post_P4__10__4
F7_P9_M47_T_enriched	Post_P4	P4	Responder	anti-CTLA4+PD1	2193	8.52	1.03771355870593	0	8.326	hi	10	Post_P4__10__5
E7_P2_M47	Post_P4	P4	Responder	anti-CTLA4+PD1	2003	0	-0.5045110868775	0	8.326	lo	10	Post_P4__10__1
D9_P1_M47	Post_P4	P4	Responder	anti-CTLA4+PD1	2084	0	-0.760029989094874	0	8.326	lo	10	Post_P4__10__2
B4_P7_M47_T_enriched	Post_P4	P4	Responder	anti-CTLA4+PD1	2113	0	1.63037350054526	0	8.326	lo	10	Post_P4__10__3
E10_P8_M47_T_enriched	Post_P4	P4	Responder	anti-CTLA4+PD1	2124	0	1.25234187568157	0	8.326	lo	10	Post_P4__10__4
F4_P3_M47	Post_P4	P4	Responder	anti-CTLA4+PD1	2199	0	0.678216103235187	0	8.326	lo	10	Post_P4__10__5
E3_P5_M47_L001	Post_P4	P4	Responder	anti-CTLA4+PD1	3332	10.56	1.75839694656489	0	8.326	hi	16	Post_P4__16__1
A9_P8_M47_T_enriched	Post_P4	P4	Responder	anti-CTLA4+PD1	3324	0	0.962145583424212	0	8.326	lo	16	Post_P4__16__1
E12_P5_M47_L001	Post_P4	P4	Responder	anti-CTLA4+PD1	1649	9.8	2.51484551072337	0	8.326	hi	8	Post_P4__8__1
C1_P5_M47_L001	Post_P4	P4	Responder	anti-CTLA4+PD1	1642	0	1.8743229734642	0	8.326	lo	8	Post_P4__8__1
B1_P5_M47_L001	Post_P4	P4	Responder	anti-CTLA4+PD1	1513	10.53	-1.22569611050527	0	8.326	hi	7	Post_P4__7__1
H5_P5_M47_L001	Post_P4	P4	Responder	anti-CTLA4+PD1	1535	0	-0.922589967284626	0	8.326	lo	7	Post_P4__7__1
G11_P5_M47_L001	Post_P4	P4	Responder	anti-CTLA4+PD1	1274	11.21	0.0857560886950197	0	8.326	hi	6	Post_P4__6__1
G5_P5_M47_L001	Post_P4	P4	Responder	anti-CTLA4+PD1	1263	0	-1.66349145765176	0	8.326	lo	6	Post_P4__6__1
A10_P1_MMD1-84A_L001	Post_P5	P5	Non-responder	anti-PD1	2594	10.49	2.29667211922937	9.47	10.18	hi	12	Post_P5__12__1
F8_P4_MMD1-84A_L001	Post_P5	P5	Non-responder	anti-PD1	2528	8.82	3.02654489276627	9.47	10.18	lo	12	Post_P5__12__1
E10_P4_MMD1-84A_L001	Post_P5	P5	Non-responder	anti-PD1	1352	10.45	0.00531715739731276	9.47	10.18	hi	6	Post_P5__6__1
A10_P3_MMD1-84A_L001	Post_P5	P5	Non-responder	anti-PD1	1358	11.12	1.93339512904398	9.47	10.18	hi	6	Post_P5__6__2
B2_P3_MMD1-84A_L001	Post_P5	P5	Non-responder	anti-PD1	1347	0	2.48591239549255	9.47	10.18	lo	6	Post_P5__6__1
H2_P3_MMD1-84A_L001	Post_P5	P5	Non-responder	anti-PD1	1348	8.9	4.98583696837514	9.47	10.18	lo	6	Post_P5__6__2
E2_P1_MMD1-84A_L001	Post_P5	P5	Non-responder	anti-PD1	1859	10.98	5.58793166121411	9.47	10.18	hi	9	Post_P5__9__1
D3_P1_MMD1-84A_L001	Post_P5	P5	Non-responder	anti-PD1	1905	10.52	1.40031170483461	9.47	10.18	hi	9	Post_P5__9__2
C11_P4_MMD1-84A_L001	Post_P5	P5	Non-responder	anti-PD1	1920	10.52	3.43626045074518	9.47	10.18	hi	9	Post_P5__9__3
A5_P1_MMD1-84A_L001	Post_P5	P5	Non-responder	anti-PD1	1929	10.19	3.89641675754271	9.47	10.18	hi	9	Post_P5__9__4
B10_P4_MMD1-84A_L001	Post_P5	P5	Non-responder	anti-PD1	1877	0	3.31588785896038	9.47	10.18	lo	9	Post_P5__9__1
A6_P2_MMD1-84A_L001	Post_P5	P5	Non-responder	anti-PD1	1885	0	0.509545619774627	9.47	10.18	lo	9	Post_P5__9__2
C1_P3_MMD1-84A_L001	Post_P5	P5	Non-responder	anti-PD1	1911	2.73	1.66654398400582	9.47	10.18	lo	9	Post_P5__9__3
D9_P2_MMD1-84A_L001	Post_P5	P5	Non-responder	anti-PD1	1913	0	0.69886677571792	9.47	10.18	lo	9	Post_P5__9__4
A3_P2_MMD1-84A_L001	Post_P5	P5	Non-responder	anti-PD1	2279	10.26	1.32991730279898	9.47	10.18	hi	11	Post_P5__11__1
F11_P3_MMD1-84A_L001	Post_P5	P5	Non-responder	anti-PD1	2278	9.02	-0.737702653580521	9.47	10.18	lo	11	Post_P5__11__1
A6_P4_MMD1-84A_L001	Post_P5	P5	Non-responder	anti-PD1	3108	10.69	3.17813794983643	9.47	10.18	hi	15	Post_P5__15__1
H5_P3_MMD1-84A_L001	Post_P5	P5	Non-responder	anti-PD1	3054	8.72	1.40446383133406	9.47	10.18	lo	15	Post_P5__15__1
B3_P4_MMD1-84A_L001	Post_P5	P5	Non-responder	anti-PD1	2775	11.14	2.55913213376954	9.47	10.18	hi	13	Post_P5__13__1
D4_P1_MMD1-84A_L001	Post_P5	P5	Non-responder	anti-PD1	2759	8.5	2.51666030534351	9.47	10.18	lo	13	Post_P5__13__1
H11_P2_MMD1-84A_L001	Post_P5	P5	Non-responder	anti-PD1	1424	10.27	1.62114140312614	9.47	10.18	hi	7	Post_P5__7__1
F3_P4_MMD1-84A_L001	Post_P5	P5	Non-responder	anti-PD1	1456	0	1.80890948745911	9.47	10.18	lo	7	Post_P5__7__1
G2_P2_MMD1-84A_L001	Post_P5	P5	Non-responder	anti-PD1	1640	10.7	0.0992975281715736	9.47	10.18	hi	8	Post_P5__8__1
A8_P1_MMD1-84A_L001	Post_P5	P5	Non-responder	anti-PD1	1647	10.6	0.821085059978188	9.47	10.18	hi	8	Post_P5__8__2
C10_P1_MMD1-84A_L001	Post_P5	P5	Non-responder	anti-PD1	1663	10.94	3.18695110868775	9.47	10.18	hi	8	Post_P5__8__3
H2_P2_MMD1-84A_L001	Post_P5	P5	Non-responder	anti-PD1	1725	10.45	0.057797164667396	9.47	10.18	hi	8	Post_P5__8__4
H12_P2_MMD1-84A_L001	Post_P5	P5	Non-responder	anti-PD1	1749	10.81	0.3995110868775	9.47	10.18	hi	8	Post_P5__8__5
E3_P1_MMD1-84A_L001	Post_P5	P5	Non-responder	anti-PD1	1774	11.35	0.899737368229734	9.47	10.18	hi	8	Post_P5__8__6
B8_P3_MMD1-84A_L001	Post_P5	P5	Non-responder	anti-PD1	1624	0	2.4231143220647	9.47	10.18	lo	8	Post_P5__8__1
H2_P4_MMD1-84A_L001	Post_P5	P5	Non-responder	anti-PD1	1719	0	1.1500590694293	9.47	10.18	lo	8	Post_P5__8__2
E2_P3_MMD1-84A_L001	Post_P5	P5	Non-responder	anti-PD1	1732	0	1.46802162849873	9.47	10.18	lo	8	Post_P5__8__3
F5_P2_MMD1-84A_L001	Post_P5	P5	Non-responder	anti-PD1	1784	0	2.28538258814976	9.47	10.18	lo	8	Post_P5__8__4
E12_P4_MMD1-84A_L001	Post_P5	P5	Non-responder	anti-PD1	1796	0	2.60240639767358	9.47	10.18	lo	8	Post_P5__8__5
D1_P4_MMD1-84A_L001	Post_P5	P5	Non-responder	anti-PD1	1798	0	0.536121410396219	9.47	10.18	lo	8	Post_P5__8__6
B10_P1_MMD1-84A_L001	Post_P5	P5	Non-responder	anti-PD1	2026	10.55	2.12691203198837	9.47	10.18	hi	10	Post_P5__10__1
G8_P1_MMD1-84A_L001	Post_P5	P5	Non-responder	anti-PD1	2180	10.45	2.74675027262813	9.47	10.18	hi	10	Post_P5__10__2
D11_P2_MMD1-84A_L001	Post_P5	P5	Non-responder	anti-PD1	2092	9.3	3.09238458742275	9.47	10.18	lo	10	Post_P5__10__1
C10_P2_MMD1-84A_L001	Post_P5	P5	Non-responder	anti-PD1	2199	9.35	1.61843057070156	9.47	10.18	lo	10	Post_P5__10__2
D9_P4_MMD1-84A_L001	Post_P5	P5	Non-responder	anti-PD1	1183	10.62	-0.906263177026535	9.47	10.18	hi	5	Post_P5__5__1
E6_P4_MMD1-84A_L001	Post_P5	P5	Non-responder	anti-PD1	1137	0	0.626962922573611	9.47	10.18	lo	5	Post_P5__5__1
A10_P2_MMD1-84B_L001	Post_P5_2	P5_2	Responder	anti-PD1	1800	10.01	-0.516274082151943	0	7.768	hi	9	Post_P5_2__9__1
C6_P2_MMD1-84B_L001	Post_P5_2	P5_2	Responder	anti-PD1	1819	10.61	2.32406306797528	0	7.768	hi	9	Post_P5_2__9__2
E11_P1_MMD1-84B_L001	Post_P5_2	P5_2	Responder	anti-PD1	1825	9.5	1.12581152308251	0	7.768	hi	9	Post_P5_2__9__3
C7_P4_MMD1-84B_L001	Post_P5_2	P5_2	Responder	anti-PD1	1841	9.63	-0.14056343147946	0	7.768	hi	9	Post_P5_2__9__4
H1_P1_MMD1-84B_L001	Post_P5_2	P5_2	Responder	anti-PD1	1841	11.32	1.67278262450018	0	7.768	hi	9	Post_P5_2__9__5
D4_P1_MMD1-84B_L001	Post_P5_2	P5_2	Responder	anti-PD1	1850	8.29	3.23714194838241	0	7.768	hi	9	Post_P5_2__9__6
B4_P1_MMD1-84B_L001	Post_P5_2	P5_2	Responder	anti-PD1	1880	8.25	3.2485405307161	0	7.768	hi	9	Post_P5_2__9__7
D2_P1_MMD1-84B_L001	Post_P5_2	P5_2	Responder	anti-PD1	1880	8.94	2.63655761541258	0	7.768	hi	9	Post_P5_2__9__8
A3_P2_MMD1-84B_L001	Post_P5_2	P5_2	Responder	anti-PD1	1883	9.47	1.28022537259178	0	7.768	hi	9	Post_P5_2__9__9
B7_P2_MMD1-84B_L001	Post_P5_2	P5_2	Responder	anti-PD1	1906	9.51	0.948167030170846	0	7.768	hi	9	Post_P5_2__9__10
G10_P1_MMD1-84B_L001	Post_P5_2	P5_2	Responder	anti-PD1	1949	9.23	-0.0740985096328597	0	7.768	hi	9	Post_P5_2__9__11
F5_P2_MMD1-84B_L001	Post_P5_2	P5_2	Responder	anti-PD1	1999	9.54	0.322709923664122	0	7.768	hi	9	Post_P5_2__9__12
A12_P2_MMD1-84B_L001	Post_P5_2	P5_2	Responder	anti-PD1	1807	0	0.094384769174845	0	7.768	lo	9	Post_P5_2__9__1
D5_P4_MMD1-84B_L001	Post_P5_2	P5_2	Responder	anti-PD1	1824	0	2.76319338422392	0	7.768	lo	9	Post_P5_2__9__2
A8_P4_MMD1-84B_L001	Post_P5_2	P5_2	Responder	anti-PD1	1842	0	0.980672482733552	0	7.768	lo	9	Post_P5_2__9__3
C4_P2_MMD1-84B_L001	Post_P5_2	P5_2	Responder	anti-PD1	1843	0	-1.14136404943657	0	7.768	lo	9	Post_P5_2__9__4
A5_P2_MMD1-84B_L001	Post_P5_2	P5_2	Responder	anti-PD1	1872	0	1.5454280261723	0	7.768	lo	9	Post_P5_2__9__5
A4_P2_MMD1-84B_L001	Post_P5_2	P5_2	Responder	anti-PD1	1879	0	-1.10679752817157	0	7.768	lo	9	Post_P5_2__9__6
C12_P2_MMD1-84B_L001	Post_P5_2	P5_2	Responder	anti-PD1	1908	0	0.116861141403124	0	7.768	lo	9	Post_P5_2__9__7
E5_P1_MMD1-84B_L001	Post_P5_2	P5_2	Responder	anti-PD1	1910	0	1.67051890221737	0	7.768	lo	9	Post_P5_2__9__8
B1_P2_MMD1-84B_L001	Post_P5_2	P5_2	Responder	anti-PD1	1912	0	2.37546165030898	0	7.768	lo	9	Post_P5_2__9__9
C5_P3_MMD1-84B_L001	Post_P5_2	P5_2	Responder	anti-PD1	1912	0	0.189945474372954	0	7.768	lo	9	Post_P5_2__9__10
F11_P1_MMD1-84B_L001	Post_P5_2	P5_2	Responder	anti-PD1	1937	0	1.12334423845874	0	7.768	lo	9	Post_P5_2__9__11
G9_P2_MMD1-84B_L001	Post_P5_2	P5_2	Responder	anti-PD1	1997	0	1.92005361686659	0	7.768	lo	9	Post_P5_2__9__12
H11_P3_MMD1-84B_L001	Post_P5_2	P5_2	Responder	anti-PD1	1421	8.46	0.568206106870228	0	7.768	hi	7	Post_P5_2__7__1
E6_P3_MMD1-84B_L001	Post_P5_2	P5_2	Responder	anti-PD1	1438	10.74	0.654890039985462	0	7.768	hi	7	Post_P5_2__7__2
D12_P1_MMD1-84B_L001	Post_P5_2	P5_2	Responder	anti-PD1	1463	11.2	1.03886677571792	0	7.768	hi	7	Post_P5_2__7__3
A10_P4_MMD1-84B_L001	Post_P5_2	P5_2	Responder	anti-PD1	1492	9.94	-0.259832788077065	0	7.768	hi	7	Post_P5_2__7__4
A11_P1_MMD1-84B_L001	Post_P5_2	P5_2	Responder	anti-PD1	1513	11.08	1.07072791712105	0	7.768	hi	7	Post_P5_2__7__5
D5_P2_MMD1-84B_L001	Post_P5_2	P5_2	Responder	anti-PD1	1568	10	-0.634397491821155	0	7.768	hi	7	Post_P5_2__7__6
G5_P3_MMD1-84B_L001	Post_P5_2	P5_2	Responder	anti-PD1	1573	9.78	2.66662395492548	0	7.768	hi	7	Post_P5_2__7__7
F8_P4_MMD1-84B_L001	Post_P5_2	P5_2	Responder	anti-PD1	1576	10	1.35508542348237	0	7.768	hi	7	Post_P5_2__7__8
H9_P3_MMD1-84B_L001	Post_P5_2	P5_2	Responder	anti-PD1	1582	7.94	0.695951472191932	0	7.768	hi	7	Post_P5_2__7__9
A8_P1_MMD1-84B_L001	Post_P5_2	P5_2	Responder	anti-PD1	1401	0	-0.795846964740093	0	7.768	lo	7	Post_P5_2__7__1
G8_P4_MMD1-84B_L001	Post_P5_2	P5_2	Responder	anti-PD1	1434	0	1.23702290076336	0	7.768	lo	7	Post_P5_2__7__2
D2_P3_MMD1-84B_L001	Post_P5_2	P5_2	Responder	anti-PD1	1438	0	-0.204688295165396	0	7.768	lo	7	Post_P5_2__7__3
A3_P3_MMD1-84B_L001	Post_P5_2	P5_2	Responder	anti-PD1	1453	0	2.71591784805525	0	7.768	lo	7	Post_P5_2__7__4
H12_P1_MMD1-84B_L001	Post_P5_2	P5_2	Responder	anti-PD1	1468	0	0.923261541257722	0	7.768	lo	7	Post_P5_2__7__5
A7_P4_MMD1-84B_L001	Post_P5_2	P5_2	Responder	anti-PD1	1559	0	0.119241185023627	0	7.768	lo	7	Post_P5_2__7__6
C3_P1_MMD1-84B_L001	Post_P5_2	P5_2	Responder	anti-PD1	1564	0	-0.245103598691382	0	7.768	lo	7	Post_P5_2__7__7
D7_P4_MMD1-84B_L001	Post_P5_2	P5_2	Responder	anti-PD1	1581	0	0.316405852417303	0	7.768	lo	7	Post_P5_2__7__8
C9_P2_MMD1-84B_L001	Post_P5_2	P5_2	Responder	anti-PD1	1583	0	0.302814431115963	0	7.768	lo	7	Post_P5_2__7__9
F12_P4_MMD1-84B_L001	Post_P5_2	P5_2	Responder	anti-PD1	1612	9.9	1.25357324609233	0	7.768	hi	8	Post_P5_2__8__1
C4_P4_MMD1-84B_L001	Post_P5_2	P5_2	Responder	anti-PD1	1634	10.06	1.13372955288986	0	7.768	hi	8	Post_P5_2__8__2
F3_P1_MMD1-84B_L001	Post_P5_2	P5_2	Responder	anti-PD1	1642	10.17	2.48605688840422	0	7.768	hi	8	Post_P5_2__8__3
E8_P1_MMD1-84B_L001	Post_P5_2	P5_2	Responder	anti-PD1	1657	7.81	2.40703017084697	0	7.768	hi	8	Post_P5_2__8__4
E5_P3_MMD1-84B_L001	Post_P5_2	P5_2	Responder	anti-PD1	1686	9.78	0.507403671392217	0	7.768	hi	8	Post_P5_2__8__5
G3_P3_MMD1-84B_L001	Post_P5_2	P5_2	Responder	anti-PD1	1715	10.86	2.10570428934933	0	7.768	hi	8	Post_P5_2__8__6
F4_P2_MMD1-84B_L001	Post_P5_2	P5_2	Responder	anti-PD1	1717	9.9	1.86323882224645	0	7.768	hi	8	Post_P5_2__8__7
D3_P1_MMD1-84B_L001	Post_P5_2	P5_2	Responder	anti-PD1	1719	9.87	0.676802980734281	0	7.768	hi	8	Post_P5_2__8__8
B3_P3_MMD1-84B_L001	Post_P5_2	P5_2	Responder	anti-PD1	1726	10.71	2.27113140676118	0	7.768	hi	8	Post_P5_2__8__9
G6_P2_MMD1-84B_L001	Post_P5_2	P5_2	Responder	anti-PD1	1772	10.59	1.37169120319884	0	7.768	hi	8	Post_P5_2__8__10
F6_P1_MMD1-84B_L001	Post_P5_2	P5_2	Responder	anti-PD1	1616	0	0.958900399854597	0	7.768	lo	8	Post_P5_2__8__1
G11_P2_MMD1-84B_L001	Post_P5_2	P5_2	Responder	anti-PD1	1638	0	2.63947291893857	0	7.768	lo	8	Post_P5_2__8__2
F7_P2_MMD1-84B_L001	Post_P5_2	P5_2	Responder	anti-PD1	1642	0	3.27487459105779	0	7.768	lo	8	Post_P5_2__8__3
D10_P3_MMD1-84B_L001	Post_P5_2	P5_2	Responder	anti-PD1	1649	0	-1.19763994910941	0	7.768	lo	8	Post_P5_2__8__4
A11_P3_MMD1-84B_L001	Post_P5_2	P5_2	Responder	anti-PD1	1677	0	-0.133032533624136	0	7.768	lo	8	Post_P5_2__8__5
G11_P3_MMD1-84B_L001	Post_P5_2	P5_2	Responder	anti-PD1	1686	0	-0.179651944747366	0	7.768	lo	8	Post_P5_2__8__6
D6_P3_MMD1-84B_L001	Post_P5_2	P5_2	Responder	anti-PD1	1739	0	2.12617320974191	0	7.768	lo	8	Post_P5_2__8__7
G7_P4_MMD1-84B_L001	Post_P5_2	P5_2	Responder	anti-PD1	1759	0	2.3640848782261	0	7.768	lo	8	Post_P5_2__8__8
A7_P2_MMD1-84B_L001	Post_P5_2	P5_2	Responder	anti-PD1	1765	0	0.453089785532535	0	7.768	lo	8	Post_P5_2__8__9
E3_P4_MMD1-84B_L001	Post_P5_2	P5_2	Responder	anti-PD1	1766	0	-0.368501454016721	0	7.768	lo	8	Post_P5_2__8__10
A9_P2_MMD1-84B_L001	Post_P5_2	P5_2	Responder	anti-PD1	2038	9.39	2.15380134496547	0	7.768	hi	10	Post_P5_2__10__1
D9_P2_MMD1-84B_L001	Post_P5_2	P5_2	Responder	anti-PD1	2046	9.55	2.1838449654671	0	7.768	hi	10	Post_P5_2__10__2
D1_P4_MMD1-84B_L001	Post_P5_2	P5_2	Responder	anti-PD1	2086	10.98	1.97070156306798	0	7.768	hi	10	Post_P5_2__10__3
D2_P2_MMD1-84B_L001	Post_P5_2	P5_2	Responder	anti-PD1	2115	9.89	3.03351599418393	0	7.768	hi	10	Post_P5_2__10__4
F1_P4_MMD1-84B_L001	Post_P5_2	P5_2	Responder	anti-PD1	2122	9.26	0.413433296982916	0	7.768	hi	10	Post_P5_2__10__5
A2_P1_MMD1-84B_L001	Post_P5_2	P5_2	Responder	anti-PD1	2090	0	0.602313704107597	0	7.768	lo	10	Post_P5_2__10__1
C7_P1_MMD1-84B_L001	Post_P5_2	P5_2	Responder	anti-PD1	2092	0	1.62273900399855	0	7.768	lo	10	Post_P5_2__10__2
G4_P1_MMD1-84B_L001	Post_P5_2	P5_2	Responder	anti-PD1	2104	0	3.37284260268993	0	7.768	lo	10	Post_P5_2__10__3
H4_P1_MMD1-84B_L001	Post_P5_2	P5_2	Responder	anti-PD1	2114	0	3.24518720465285	0	7.768	lo	10	Post_P5_2__10__4
B3_P1_MMD1-84B_L001	Post_P5_2	P5_2	Responder	anti-PD1	2169	0	0.583317884405674	0	7.768	lo	10	Post_P5_2__10__5
D4_P3_MMD1-84B_L001	Post_P5_2	P5_2	Responder	anti-PD1	1266	9.94	-0.468015267175574	0	7.768	hi	6	Post_P5_2__6__1
D12_P4_MMD1-84B_L001	Post_P5_2	P5_2	Responder	anti-PD1	1245	0	-1.55608142493639	0	7.768	lo	6	Post_P5_2__6__1
A11_P2_M67_L001	Post_P6	P6	Non-responder	anti-PD1	2855	11.62	3.17610868774991	9.71	10.09	hi	14	Post_P6__14__1
F2_P3_M67_L001	Post_P6	P6	Non-responder	anti-PD1	2881	7.32	1.86136950199927	9.71	10.09	lo	14	Post_P6__14__1
A4_P1_M67_L001	Post_P6	P6	Non-responder	anti-PD1	3393	10.83	3.24935750636132	9.71	10.09	hi	16	Post_P6__16__1
E6_P4_M67_L001	Post_P6	P6	Non-responder	anti-PD1	3285	9.16	3.97775717920756	9.71	10.09	lo	16	Post_P6__16__1
F7_P3_M67_L001	Post_P6	P6	Non-responder	anti-PD1	2449	10.91	3.82537713558706	9.71	10.09	hi	12	Post_P6__12__1
A5_P3_M67_L001	Post_P6	P6	Non-responder	anti-PD1	2432	9.28	0.867848964013088	9.71	10.09	lo	12	Post_P6__12__1
G5_P2_M67_L001	Post_P6	P6	Non-responder	anti-PD1	3802	11.43	3.05499182115594	9.71	10.09	hi	19	Post_P6__19__1
B12_P3_M67_L001	Post_P6	P6	Non-responder	anti-PD1	3884	7.94	2.32655761541258	9.71	10.09	lo	19	Post_P6__19__1
C9_P3_M67_L001	Post_P6	P6	Non-responder	anti-PD1	4038	10.64	2.95941657579062	9.71	10.09	hi	20	Post_P6__20__1
F8_P4_M67_L001	Post_P6	P6	Non-responder	anti-PD1	4080	10.24	2.31230643402399	9.71	10.09	hi	20	Post_P6__20__2
D6_P4_M67_L001	Post_P6	P6	Non-responder	anti-PD1	4084	9.3	3.15414303889495	9.71	10.09	lo	20	Post_P6__20__1
G10_P3_M67_L001	Post_P6	P6	Non-responder	anti-PD1	4085	9.3	1.79135950563432	9.71	10.09	lo	20	Post_P6__20__2
F10_P2_M67_L001	Post_P6	P6	Non-responder	anti-PD1	3008	10.95	2.90924391130498	9.71	10.09	hi	15	Post_P6__15__1
C12_P5_M67_L001_T_enriched	Post_P6	P6	Non-responder	anti-PD1	3070	10.3	2.92559614685569	9.71	10.09	hi	15	Post_P6__15__2
E2_P2_M67_L001	Post_P6	P6	Non-responder	anti-PD1	3008	9.35	2.76130679752817	9.71	10.09	lo	15	Post_P6__15__1
F2_P1_M67_L001	Post_P6	P6	Non-responder	anti-PD1	3075	7.96	3.0864058524173	9.71	10.09	lo	15	Post_P6__15__2
B10_P5_M67_L001_T_enriched	Post_P6	P6	Non-responder	anti-PD1	1371	11.89	-0.449867320974192	9.71	10.09	hi	6	Post_P6__6__1
H8_P5_M67_L001_T_enriched	Post_P6	P6	Non-responder	anti-PD1	1355	0	2.17201926572156	9.71	10.09	lo	6	Post_P6__6__1
A10_P6_M63-B1	Post_P7	P7	Responder	anti-CTLA4+PD1	3112	10.09	1.56439749182115	8.974	9.544	hi	15	Post_P7__15__1
B6_P6_M63-B1	Post_P7	P7	Responder	anti-CTLA4+PD1	3004	0	1.29777535441658	8.974	9.544	lo	15	Post_P7__15__1
A3_P8_M63-B1	Post_P7	P7	Responder	anti-CTLA4+PD1	2000	9.63	2.16485096328608	8.974	9.544	hi	10	Post_P7__10__1
A11_P8_M63-B1	Post_P7	P7	Responder	anti-CTLA4+PD1	2064	9.98	2.3141494002181	8.974	9.544	hi	10	Post_P7__10__2
F11_P8_M63-B1	Post_P7	P7	Responder	anti-CTLA4+PD1	2098	9.72	0.891478553253363	8.974	9.544	hi	10	Post_P7__10__3
C5_P7_M63-B1	Post_P7	P7	Responder	anti-CTLA4+PD1	2002	0	1.13998455107234	8.974	9.544	lo	10	Post_P7__10__1
B5_P6_M63-B1	Post_P7	P7	Responder	anti-CTLA4+PD1	2056	0	2.15421846601236	8.974	9.544	lo	10	Post_P7__10__2
B7_P7_M63-B1	Post_P7	P7	Responder	anti-CTLA4+PD1	2145	0	2.92208378771356	8.974	9.544	lo	10	Post_P7__10__3
F5_P7_M63-B1	Post_P7	P7	Responder	anti-CTLA4+PD1	1942	10.23	2.04571882951654	8.974	9.544	hi	9	Post_P7__9__1
A4_P6_M63-B1	Post_P7	P7	Responder	anti-CTLA4+PD1	1992	9.55	0.96429116684842	8.974	9.544	hi	9	Post_P7__9__2
E10_P7_M63-B1	Post_P7	P7	Responder	anti-CTLA4+PD1	1909	0	1.6327417302799	8.974	9.544	lo	9	Post_P7__9__1
H12_P6_M63-B1	Post_P7	P7	Responder	anti-CTLA4+PD1	1987	8.89	0.305285350781534	8.974	9.544	lo	9	Post_P7__9__2
D11_P8_M63-B1	Post_P7	P7	Responder	anti-CTLA4+PD1	2951	10.66	3.22491275899673	8.974	9.544	hi	14	Post_P7__14__1
B8_P6_M63-B1	Post_P7	P7	Responder	anti-CTLA4+PD1	2948	0	1.30083242457288	8.974	9.544	lo	14	Post_P7__14__1
C7_P9_M63-B1	Post_P7	P7	Responder	anti-CTLA4+PD1	2296	11.21	5.82290439840058	8.974	9.544	hi	11	Post_P7__11__1
B9_P6_M63-B1	Post_P7	P7	Responder	anti-CTLA4+PD1	2374	10.42	1.94682297346419	8.974	9.544	hi	11	Post_P7__11__2
H5_P7_M63-B1	Post_P7	P7	Responder	anti-CTLA4+PD1	2264	0	3.32137404580152	8.974	9.544	lo	11	Post_P7__11__1
H9_P7_M63-B1	Post_P7	P7	Responder	anti-CTLA4+PD1	2291	0	3.28111595783352	8.974	9.544	lo	11	Post_P7__11__2
C12_P7_M63-B1	Post_P7	P7	Responder	anti-CTLA4+PD1	2633	10.07	3.35815794256634	8.974	9.544	hi	13	Post_P7__13__1
E4_P6_M63-B1	Post_P7	P7	Responder	anti-CTLA4+PD1	2656	8.52	2.73118956743003	8.974	9.544	lo	13	Post_P7__13__1
F8_P3_MMD5_L001	Post_P8	P8	Responder	anti-CTLA4+PD1	1745	11.56	0.495011813885859	0	5.95	hi	8	Post_P8__8__1
A5_P11_MMD5_L001	Post_P8	P8	Responder	anti-CTLA4+PD1	1755	9.67	1.34588331515812	0	5.95	hi	8	Post_P8__8__2
A10_P3_MMD5_L001	Post_P8	P8	Responder	anti-CTLA4+PD1	1755	0	0.323978553253363	0	5.95	lo	8	Post_P8__8__1
D11_P11_MMD5_L001	Post_P8	P8	Responder	anti-CTLA4+PD1	1773	0	0.111084151217741	0	5.95	lo	8	Post_P8__8__2
D7_P3_MMD5_L001	Post_P8	P8	Responder	anti-CTLA4+PD1	2225	10.13	3.14996001454017	0	5.95	hi	11	Post_P8__11__1
D11_P3_MMD5_L001	Post_P8	P8	Responder	anti-CTLA4+PD1	2286	8.38	1.33574336604871	0	5.95	hi	11	Post_P8__11__2
E6_P8_MMD5_T_enriched	Post_P8	P8	Responder	anti-CTLA4+PD1	2305	8.87	0.704019447473645	0	5.95	hi	11	Post_P8__11__3
E2_P8_MMD5_T_enriched	Post_P8	P8	Responder	anti-CTLA4+PD1	2308	8.99	0.87222918938568	0	5.95	hi	11	Post_P8__11__4
G7_P3_MMD5_L001	Post_P8	P8	Responder	anti-CTLA4+PD1	2351	9.05	2.6251308615049	0	5.95	hi	11	Post_P8__11__5
C12_P3_MMD5_L001	Post_P8	P8	Responder	anti-CTLA4+PD1	2203	0	0.617466375863323	0	5.95	lo	11	Post_P8__11__1
B10_P3_MMD5_L001	Post_P8	P8	Responder	anti-CTLA4+PD1	2212	0	2.8843302435478	0	5.95	lo	11	Post_P8__11__2
F1_P11_MMD5_L001	Post_P8	P8	Responder	anti-CTLA4+PD1	2232	0	2.22239094874591	0	5.95	lo	11	Post_P8__11__3
E3_P3_MMD5_L001	Post_P8	P8	Responder	anti-CTLA4+PD1	2267	0	3.13721101417667	0	5.95	lo	11	Post_P8__11__4
E7_P3_MMD5_L001	Post_P8	P8	Responder	anti-CTLA4+PD1	2269	0	1.16967829880044	0	5.95	lo	11	Post_P8__11__5
A2_P11_MMD5_L001	Post_P8	P8	Responder	anti-CTLA4+PD1	1451	9.96	1.57893220647037	0	5.95	hi	7	Post_P8__7__1
D5_P11_MMD5_L001	Post_P8	P8	Responder	anti-CTLA4+PD1	1491	10.47	2.43331697564522	0	5.95	hi	7	Post_P8__7__2
C5_P10_MMD5_L001	Post_P8	P8	Responder	anti-CTLA4+PD1	1562	10.69	-0.598271537622683	0	5.95	hi	7	Post_P8__7__3
C5_P11_MMD5_L001	Post_P8	P8	Responder	anti-CTLA4+PD1	1580	9.99	0.0245374409305708	0	5.95	hi	7	Post_P8__7__4
C11_P3_MMD5_L001	Post_P8	P8	Responder	anti-CTLA4+PD1	1589	9.67	-0.214873682297345	0	5.95	hi	7	Post_P8__7__5
E7_P11_MMD5_L001	Post_P8	P8	Responder	anti-CTLA4+PD1	1452	0	2.25179207560887	0	5.95	lo	7	Post_P8__7__1
B3_P9_MMD5_L001	Post_P8	P8	Responder	anti-CTLA4+PD1	1484	0	1.89099691021447	0	5.95	lo	7	Post_P8__7__2
H10_P11_MMD5_L001	Post_P8	P8	Responder	anti-CTLA4+PD1	1566	0	1.08087422755362	0	5.95	lo	7	Post_P8__7__3
E12_P9_MMD5_L001	Post_P8	P8	Responder	anti-CTLA4+PD1	1571	0	0.580631588513268	0	5.95	lo	7	Post_P8__7__4
F7_P9_MMD5_L001	Post_P8	P8	Responder	anti-CTLA4+PD1	1588	0	-0.926267720828788	0	5.95	lo	7	Post_P8__7__5
G3_P10_MMD5_L001	Post_P8	P8	Responder	anti-CTLA4+PD1	1800	9.73	0.598421483097052	0	5.95	hi	9	Post_P8__9__1
C2_P9_MMD5_L001	Post_P8	P8	Responder	anti-CTLA4+PD1	1890	8.38	2.90050890585242	0	5.95	hi	9	Post_P8__9__2
D10_P10_MMD5_L001	Post_P8	P8	Responder	anti-CTLA4+PD1	1909	9.64	3.19279625590694	0	5.95	hi	9	Post_P8__9__3
C9_P10_MMD5_L001	Post_P8	P8	Responder	anti-CTLA4+PD1	1969	11.41	3.47319611050527	0	5.95	hi	9	Post_P8__9__4
B10_P9_MMD5_L001	Post_P8	P8	Responder	anti-CTLA4+PD1	1830	0	1.00288167938931	0	5.95	lo	9	Post_P8__9__1
H9_P11_MMD5_L001	Post_P8	P8	Responder	anti-CTLA4+PD1	1888	0	1.62419120319884	0	5.95	lo	9	Post_P8__9__2
H10_P9_MMD5_L001	Post_P8	P8	Responder	anti-CTLA4+PD1	1906	0	1.65986550345329	0	5.95	lo	9	Post_P8__9__3
D2_P3_MMD5_L001	Post_P8	P8	Responder	anti-CTLA4+PD1	1986	0	-2.33492275536168	0	5.95	lo	9	Post_P8__9__4
C8_P3_MMD5_L001	Post_P8	P8	Responder	anti-CTLA4+PD1	2011	9.52	-2.32964921846601	0	5.95	hi	10	Post_P8__10__1
F10_P11_MMD5_L001	Post_P8	P8	Responder	anti-CTLA4+PD1	2024	0	2.12187749909124	0	5.95	lo	10	Post_P8__10__1
H9_P9_MMD2-36B_L001	Post_P10	P10	Non-responder	anti-PD1	2295	10.27	2.9050608869502	8.978	9.704	hi	11	Post_P10__11__1
E11_P10_MMD2-36B_L001	Post_P10	P10	Non-responder	anti-PD1	2308	11.1	1.11194565612504	8.978	9.704	hi	11	Post_P10__11__2
E8_P9_MMD2-36B_L001	Post_P10	P10	Non-responder	anti-PD1	2352	10.3	1.77927844420211	8.978	9.704	hi	11	Post_P10__11__3
D6_P8_MMD2-36B_L001	Post_P10	P10	Non-responder	anti-PD1	2355	10.78	1.48493184296619	8.978	9.704	hi	11	Post_P10__11__4
A10_P8_MMD2-36B_L001	Post_P10	P10	Non-responder	anti-PD1	2250	3.98	3.71477008360596	8.978	9.704	lo	11	Post_P10__11__1
H10_P6_MMD2-36B_L001	Post_P10	P10	Non-responder	anti-PD1	2262	0	1.70941748455107	8.978	9.704	lo	11	Post_P10__11__2
C12_P8_MMD2-36B_L001	Post_P10	P10	Non-responder	anti-PD1	2310	0	1.09872773536896	8.978	9.704	lo	11	Post_P10__11__3
E7_P10_MMD2-36B_L001	Post_P10	P10	Non-responder	anti-PD1	2366	0	0.896573973100691	8.978	9.704	lo	11	Post_P10__11__4
C8_P9_MMD2-36B_L001	Post_P10	P10	Non-responder	anti-PD1	2060	10.07	1.32375499818248	8.978	9.704	hi	10	Post_P10__10__1
G11_P8_MMD2-36B_L001	Post_P10	P10	Non-responder	anti-PD1	2086	10.77	3.33289621955653	8.978	9.704	hi	10	Post_P10__10__2
A2_P9_MMD2-36B_L001	Post_P10	P10	Non-responder	anti-PD1	2148	10.78	3.07418211559433	8.978	9.704	hi	10	Post_P10__10__3
A8_P9_MMD2-36B_L001	Post_P10	P10	Non-responder	anti-PD1	2056	0	2.44854870956016	8.978	9.704	lo	10	Post_P10__10__1
C9_P10_MMD2-36B_L001	Post_P10	P10	Non-responder	anti-PD1	2079	0	1.10088695019993	8.978	9.704	lo	10	Post_P10__10__2
E12_P8_MMD2-36B_L001	Post_P10	P10	Non-responder	anti-PD1	2158	0	1.92074154852781	8.978	9.704	lo	10	Post_P10__10__3
G6_P9_MMD2-36B_L001	Post_P10	P10	Non-responder	anti-PD1	2651	11.63	4.78447382769902	8.978	9.704	hi	13	Post_P10__13__1
F10_P8_MMD2-36B_L001	Post_P10	P10	Non-responder	anti-PD1	2716	10.98	3.29648037077427	8.978	9.704	hi	13	Post_P10__13__2
F4_P9_MMD2-36B_L001	Post_P10	P10	Non-responder	anti-PD1	2767	10.39	1.17743275172664	8.978	9.704	hi	13	Post_P10__13__3
B6_P8_MMD2-36B_L001	Post_P10	P10	Non-responder	anti-PD1	2656	0	1.57503271537623	8.978	9.704	lo	13	Post_P10__13__1
E9_P6_MMD2-36B_L001	Post_P10	P10	Non-responder	anti-PD1	2703	0	0.0780198109778243	8.978	9.704	lo	13	Post_P10__13__2
D2_P8_MMD2-36B_L001	Post_P10	P10	Non-responder	anti-PD1	2757	7.6	1.67009541984733	8.978	9.704	lo	13	Post_P10__13__3
A2_P10_MMD2-36B_L001	Post_P10	P10	Non-responder	anti-PD1	1357	9.92	1.6592011995638	8.978	9.704	hi	6	Post_P10__6__1
E6_P9_MMD2-36B_L001	Post_P10	P10	Non-responder	anti-PD1	1397	8.47	2.4480534351145	8.978	9.704	lo	6	Post_P10__6__1
D12_P9_MMD2-36B_L001	Post_P10	P10	Non-responder	anti-PD1	2410	11.04	1.79154852780807	8.978	9.704	hi	12	Post_P10__12__1
C9_P12_MMD2-36B_T_enriched	Post_P10	P10	Non-responder	anti-PD1	2453	9.9	0.831157760814252	8.978	9.704	hi	12	Post_P10__12__2
B9_P8_MMD2-36B_L001	Post_P10	P10	Non-responder	anti-PD1	2457	11.07	2.59181479462014	8.978	9.704	hi	12	Post_P10__12__3
B12_P9_MMD2-36B_L001	Post_P10	P10	Non-responder	anti-PD1	2496	10.62	1.11734551072337	8.978	9.704	hi	12	Post_P10__12__4
A7_P10_MMD2-36B_L001	Post_P10	P10	Non-responder	anti-PD1	2417	0	1.9034741912032	8.978	9.704	lo	12	Post_P10__12__1
G7_P10_MMD2-36B_L001	Post_P10	P10	Non-responder	anti-PD1	2449	0	2.61970192657216	8.978	9.704	lo	12	Post_P10__12__2
D7_P8_MMD2-36B_L001	Post_P10	P10	Non-responder	anti-PD1	2456	0	0.857395492548163	8.978	9.704	lo	12	Post_P10__12__3
E5_P8_MMD2-36B_L001	Post_P10	P10	Non-responder	anti-PD1	2492	0	0.0142148309705532	8.978	9.704	lo	12	Post_P10__12__4
C2_P9_MMD2-36B_L001	Post_P10	P10	Non-responder	anti-PD1	1812	9.88	2.23918393311523	8.978	9.704	hi	9	Post_P10__9__1
A7_P8_MMD2-36B_L001	Post_P10	P10	Non-responder	anti-PD1	1872	11.39	2.43699291166848	8.978	9.704	hi	9	Post_P10__9__2
A2_P12_MMD2-36B_T_enriched	Post_P10	P10	Non-responder	anti-PD1	1875	9.71	1.11082878953108	8.978	9.704	hi	9	Post_P10__9__3
D8_P10_MMD2-36B_L001	Post_P10	P10	Non-responder	anti-PD1	1912	10.62	3.92060796074155	8.978	9.704	hi	9	Post_P10__9__4
B11_P9_MMD2-36B_L001	Post_P10	P10	Non-responder	anti-PD1	1917	9.89	1.57890494365685	8.978	9.704	hi	9	Post_P10__9__5
B11_P8_MMD2-36B_L001	Post_P10	P10	Non-responder	anti-PD1	1928	10.51	1.21055252635405	8.978	9.704	hi	9	Post_P10__9__6
H4_P8_MMD2-36B_L001	Post_P10	P10	Non-responder	anti-PD1	1803	0	-0.245417121046891	8.978	9.704	lo	9	Post_P10__9__1
G5_P10_MMD2-36B_L001	Post_P10	P10	Non-responder	anti-PD1	1869	0	0.336441294074882	8.978	9.704	lo	9	Post_P10__9__2
E3_P10_MMD2-36B_L001	Post_P10	P10	Non-responder	anti-PD1	1906	1.91	2.45710468920393	8.978	9.704	lo	9	Post_P10__9__3
F10_P9_MMD2-36B_L001	Post_P10	P10	Non-responder	anti-PD1	1938	0	0.467048346055983	8.978	9.704	lo	9	Post_P10__9__4
H1_P8_MMD2-36B_L001	Post_P10	P10	Non-responder	anti-PD1	1938	0	4.30534714649218	8.978	9.704	lo	9	Post_P10__9__5
F9_P12_MMD2-36B_T_enriched	Post_P10	P10	Non-responder	anti-PD1	1950	0	1.47977371864776	8.978	9.704	lo	9	Post_P10__9__6
B12_P6_MMD2-36B_L001	Post_P10	P10	Non-responder	anti-PD1	4649	10.63	3.52434841875681	8.978	9.704	hi	23	Post_P10__23__1
C10_P10_MMD2-36B_L001	Post_P10	P10	Non-responder	anti-PD1	4647	8.78	2.71625136314067	8.978	9.704	lo	23	Post_P10__23__1
D3_P10_MMD2-36B_L001	Post_P10	P10	Non-responder	anti-PD1	1614	10.07	1.21809251181388	8.978	9.704	hi	8	Post_P10__8__1
B1_P6_MMD2-36B_L001	Post_P10	P10	Non-responder	anti-PD1	1663	10.69	-0.809165757906214	8.978	9.704	hi	8	Post_P10__8__2
B2_P8_MMD2-36B_L001	Post_P10	P10	Non-responder	anti-PD1	1754	10.3	1.23610687022901	8.978	9.704	hi	8	Post_P10__8__3
G12_P8_MMD2-36B_L001	Post_P10	P10	Non-responder	anti-PD1	1768	9.93	3.82677480916031	8.978	9.704	hi	8	Post_P10__8__4
C5_P10_MMD2-36B_L001	Post_P10	P10	Non-responder	anti-PD1	1615	8.29	1.34111686659396	8.978	9.704	lo	8	Post_P10__8__1
G3_P8_MMD2-36B_L001	Post_P10	P10	Non-responder	anti-PD1	1660	0	3.74259269356598	8.978	9.704	lo	8	Post_P10__8__2
E10_P8_MMD2-36B_L001	Post_P10	P10	Non-responder	anti-PD1	1714	0	0.257502726281352	8.978	9.704	lo	8	Post_P10__8__3
F8_P10_MMD2-36B_L001	Post_P10	P10	Non-responder	anti-PD1	1722	0	1.7303062522719	8.978	9.704	lo	8	Post_P10__8__4
H7_P6_MMD2-36B_L001	Post_P10	P10	Non-responder	anti-PD1	2967	10.81	3.47099872773537	8.978	9.704	hi	14	Post_P10__14__1
C6_P9_MMD2-36B_L001	Post_P10	P10	Non-responder	anti-PD1	2976	0	1.50032624500182	8.978	9.704	lo	14	Post_P10__14__1
H11_P5_M44_L001	Post_P11	P11	Non-responder	anti-PD1	1805	10.46	1.39004271174118	0	9.526	hi	9	Post_P11__9__1
E2_P4_M44_L001	Post_P11	P11	Non-responder	anti-PD1	1835	10.18	3.51181025081789	0	9.526	hi	9	Post_P11__9__2
D8_P1_M44_L001	Post_P11	P11	Non-responder	anti-PD1	1841	9.57	2.24935478007997	0	9.526	hi	9	Post_P11__9__3
A3_P5_M44_L001	Post_P11	P11	Non-responder	anti-PD1	1934	10.12	0.0600872410032722	0	9.526	hi	9	Post_P11__9__4
E10_P1_M44_L001	Post_P11	P11	Non-responder	anti-PD1	1941	9.86	0.11720647037441	0	9.526	hi	9	Post_P11__9__5
D5_P5_M44_L001	Post_P11	P11	Non-responder	anti-PD1	1802	0	0.318500545256274	0	9.526	lo	9	Post_P11__9__1
A2_P4_M44_L001	Post_P11	P11	Non-responder	anti-PD1	1826	0	2.38459923664122	0	9.526	lo	9	Post_P11__9__2
D3_P1_M44_L001	Post_P11	P11	Non-responder	anti-PD1	1835	0	0.999668302435477	0	9.526	lo	9	Post_P11__9__3
G5_P3_M44_L001	Post_P11	P11	Non-responder	anti-PD1	1931	0	2.25549981824791	0	9.526	lo	9	Post_P11__9__4
B9_P3_M44_L001	Post_P11	P11	Non-responder	anti-PD1	1944	0	2.3754925481643	0	9.526	lo	9	Post_P11__9__5
A9_P4_M44_L001	Post_P11	P11	Non-responder	anti-PD1	2128	10.89	4.2970792439113	0	9.526	hi	10	Post_P11__10__1
C10_P1_M44_L001	Post_P11	P11	Non-responder	anti-PD1	2196	0	-1.7746346782988	0	9.526	lo	10	Post_P11__10__1
H2_P3_M44_L001	Post_P11	P11	Non-responder	anti-PD1	1607	10.5	1.10042893493275	0	9.526	hi	8	Post_P11__8__1
E10_P5_M44_L001	Post_P11	P11	Non-responder	anti-PD1	1624	10.53	1.69668120683388	0	9.526	hi	8	Post_P11__8__2
G1_P1_M44_L001	Post_P11	P11	Non-responder	anti-PD1	1713	10.31	1.26045165394402	0	9.526	hi	8	Post_P11__8__3
C11_P5_M44_L001	Post_P11	P11	Non-responder	anti-PD1	1741	10.97	3.66120683387859	0	9.526	hi	8	Post_P11__8__4
C7_P1_M44_L001	Post_P11	P11	Non-responder	anti-PD1	1744	10.27	1.49405761541257	0	9.526	hi	8	Post_P11__8__5
F12_P4_M44_L001	Post_P11	P11	Non-responder	anti-PD1	1788	10.24	-0.401132315521626	0	9.526	hi	8	Post_P11__8__6
E7_P1_M44_L001	Post_P11	P11	Non-responder	anti-PD1	1641	0	4.44057797164668	0	9.526	lo	8	Post_P11__8__1
B8_P3_M44_L001	Post_P11	P11	Non-responder	anti-PD1	1693	0	3.01969465648855	0	9.526	lo	8	Post_P11__8__2
G8_P4_M44_L001	Post_P11	P11	Non-responder	anti-PD1	1716	0	2.30431933842239	0	9.526	lo	8	Post_P11__8__3
B12_P3_M44_L001	Post_P11	P11	Non-responder	anti-PD1	1737	0	2.19862868047982	0	9.526	lo	8	Post_P11__8__4
F9_P1_M44_L001	Post_P11	P11	Non-responder	anti-PD1	1751	0	1.24882769901854	0	9.526	lo	8	Post_P11__8__5
H8_P5_M44_L001	Post_P11	P11	Non-responder	anti-PD1	1792	0	4.06848964013086	0	9.526	lo	8	Post_P11__8__6
F12_P1_M44_L001	Post_P11	P11	Non-responder	anti-PD1	1443	9.68	3.31313794983642	0	9.526	hi	7	Post_P11__7__1
D8_P4_M44_L001	Post_P11	P11	Non-responder	anti-PD1	1571	10.2	1.20845692475464	0	9.526	hi	7	Post_P11__7__2
D4_P1_M44_L001	Post_P11	P11	Non-responder	anti-PD1	1466	0	-0.516339512904397	0	9.526	lo	7	Post_P11__7__1
F10_P3_M44_L001	Post_P11	P11	Non-responder	anti-PD1	1569	0	0.812025627044712	0	9.526	lo	7	Post_P11__7__2
E11_P4_M71_L001	Post_P12	P12	Non-responder	anti-PD1	2204	11	0.686916575790618	7.564	9.52	hi	11	Post_P12__11__1
E1_P3_M71_L001	Post_P12	P12	Non-responder	anti-PD1	2204	9.55	0.635850599781892	7.564	9.52	hi	11	Post_P12__11__2
B4_P2_M71_L001	Post_P12	P12	Non-responder	anti-PD1	2208	10.36	0.926700290803347	7.564	9.52	hi	11	Post_P12__11__3
F6_P4_M71_L001	Post_P12	P12	Non-responder	anti-PD1	2255	10.86	3.01737004725555	7.564	9.52	hi	11	Post_P12__11__4
G6_P2_M71_L001	Post_P12	P12	Non-responder	anti-PD1	2259	10.29	0.345257179207561	7.564	9.52	hi	11	Post_P12__11__5
B2_P2_M71_L001	Post_P12	P12	Non-responder	anti-PD1	2305	10.15	0.944993638676844	7.564	9.52	hi	11	Post_P12__11__6
G7_P2_M71_L001	Post_P12	P12	Non-responder	anti-PD1	2348	10.29	-1.48402490003635	7.564	9.52	hi	11	Post_P12__11__7
E4_P4_M71_L001	Post_P12	P12	Non-responder	anti-PD1	2351	10.31	1.89239276626681	7.564	9.52	hi	11	Post_P12__11__8
G3_P3_M71_L001	Post_P12	P12	Non-responder	anti-PD1	2212	0	1.87595874227554	7.564	9.52	lo	11	Post_P12__11__1
A10_P1_M71_L001	Post_P12	P12	Non-responder	anti-PD1	2218	7.5	2.13738731370411	7.564	9.52	lo	11	Post_P12__11__2
C9_P1_M71_L001	Post_P12	P12	Non-responder	anti-PD1	2221	0	-1.05281897491821	7.564	9.52	lo	11	Post_P12__11__3
E1_P2_M71_L001	Post_P12	P12	Non-responder	anti-PD1	2263	0	0.513835877862595	7.564	9.52	lo	11	Post_P12__11__4
C8_P1_M71_L001	Post_P12	P12	Non-responder	anti-PD1	2282	0	2.24653580516176	7.564	9.52	lo	11	Post_P12__11__5
G2_P3_M71_L001	Post_P12	P12	Non-responder	anti-PD1	2321	0	-0.615877862595418	7.564	9.52	lo	11	Post_P12__11__6
B2_P3_M71_L001	Post_P12	P12	Non-responder	anti-PD1	2345	0	-1.57067248273355	7.564	9.52	lo	11	Post_P12__11__7
E4_P3_M71_L001	Post_P12	P12	Non-responder	anti-PD1	2365	0	-0.309511995637951	7.564	9.52	lo	11	Post_P12__11__8
G7_P4_M71_L001	Post_P12	P12	Non-responder	anti-PD1	1715	9.84	1.20740912395493	7.564	9.52	hi	8	Post_P12__8__1
H1_P4_M71_L001	Post_P12	P12	Non-responder	anti-PD1	1720	9.79	1.21490912395493	7.564	9.52	hi	8	Post_P12__8__2
E9_P1_M71_L001	Post_P12	P12	Non-responder	anti-PD1	1794	9.74	2.72531715739731	7.564	9.52	hi	8	Post_P12__8__3
F6_P1_M71_L001	Post_P12	P12	Non-responder	anti-PD1	1687	0	2.57645310796074	7.564	9.52	lo	8	Post_P12__8__1
A12_P1_M71_L001	Post_P12	P12	Non-responder	anti-PD1	1716	0	0.938180661577609	7.564	9.52	lo	8	Post_P12__8__2
D4_P4_M71_L001	Post_P12	P12	Non-responder	anti-PD1	1749	0	0.389459287531808	7.564	9.52	lo	8	Post_P12__8__3
E1_P4_M71_L001	Post_P12	P12	Non-responder	anti-PD1	3071	10.25	2.17135041802981	7.564	9.52	hi	15	Post_P12__15__1
A2_P2_M71_L001	Post_P12	P12	Non-responder	anti-PD1	3100	0	-1.15035441657579	7.564	9.52	lo	15	Post_P12__15__1
C8_P3_M71_L001	Post_P12	P12	Non-responder	anti-PD1	2020	10.51	3.64952290076336	7.564	9.52	hi	10	Post_P12__10__1
H3_P2_M71_L001	Post_P12	P12	Non-responder	anti-PD1	2024	9.53	-0.192796255906941	7.564	9.52	hi	10	Post_P12__10__2
A8_P1_M71_L001	Post_P12	P12	Non-responder	anti-PD1	2028	10.22	1.41166303162486	7.564	9.52	hi	10	Post_P12__10__3
D1_P1_M71_L001	Post_P12	P12	Non-responder	anti-PD1	2030	10.07	0.0418338785896033	7.564	9.52	hi	10	Post_P12__10__4
B1_P2_M71_L001	Post_P12	P12	Non-responder	anti-PD1	2043	9.59	1.07894038531443	7.564	9.52	hi	10	Post_P12__10__5
D8_P4_M71_L001	Post_P12	P12	Non-responder	anti-PD1	2056	10.77	-0.361725736095965	7.564	9.52	hi	10	Post_P12__10__6
G1_P1_M71_L001	Post_P12	P12	Non-responder	anti-PD1	2086	10.07	2.55917938931298	7.564	9.52	hi	10	Post_P12__10__7
D1_P2_M71_L001	Post_P12	P12	Non-responder	anti-PD1	2180	10.31	0.857217375499818	7.564	9.52	hi	10	Post_P12__10__8
F9_P1_M71_L001	Post_P12	P12	Non-responder	anti-PD1	2182	10.39	0.757051981097782	7.564	9.52	hi	10	Post_P12__10__9
D12_P1_M71_L001	Post_P12	P12	Non-responder	anti-PD1	2018	0	0.0545356234096688	7.564	9.52	lo	10	Post_P12__10__1
A4_P2_M71_L001	Post_P12	P12	Non-responder	anti-PD1	2024	0	2.04355688840422	7.564	9.52	lo	10	Post_P12__10__2
G12_P1_M71_L001	Post_P12	P12	Non-responder	anti-PD1	2042	7.04	1.84364231188659	7.564	9.52	lo	10	Post_P12__10__3
H8_P4_M71_L001	Post_P12	P12	Non-responder	anti-PD1	2062	0	0.884721919302073	7.564	9.52	lo	10	Post_P12__10__4
C9_P2_M71_L001	Post_P12	P12	Non-responder	anti-PD1	2141	0	2.19222373682297	7.564	9.52	lo	10	Post_P12__10__5
C5_P1_M71_L001	Post_P12	P12	Non-responder	anti-PD1	2150	0	-0.303166121410395	7.564	9.52	lo	10	Post_P12__10__6
F4_P1_M71_L001	Post_P12	P12	Non-responder	anti-PD1	2162	0	3.6789649218466	7.564	9.52	lo	10	Post_P12__10__7
C10_P1_M71_L001	Post_P12	P12	Non-responder	anti-PD1	2170	0	1.55908396946565	7.564	9.52	lo	10	Post_P12__10__8
A6_P1_M71_L001	Post_P12	P12	Non-responder	anti-PD1	2193	0	0.56607233733188	7.564	9.52	lo	10	Post_P12__10__9
F4_P3_M71_L001	Post_P12	P12	Non-responder	anti-PD1	2435	11.02	2.24993456924755	7.564	9.52	hi	12	Post_P12__12__1
F10_P1_M71_L001	Post_P12	P12	Non-responder	anti-PD1	2460	11.07	-0.232978007997091	7.564	9.52	hi	12	Post_P12__12__2
H3_P3_M71_L001	Post_P12	P12	Non-responder	anti-PD1	2435	0	0.374626499454741	7.564	9.52	lo	12	Post_P12__12__1
B5_P2_M71_L001	Post_P12	P12	Non-responder	anti-PD1	2462	0	0.315184478371501	7.564	9.52	lo	12	Post_P12__12__2
B8_P1_M71_L001	Post_P12	P12	Non-responder	anti-PD1	1841	9.86	-0.90002544529262	7.564	9.52	hi	9	Post_P12__9__1
F8_P4_M71_L001	Post_P12	P12	Non-responder	anti-PD1	1851	10.66	2.47157579062159	7.564	9.52	hi	9	Post_P12__9__2
C6_P3_M71_L001	Post_P12	P12	Non-responder	anti-PD1	1886	9.75	1.47779171210469	7.564	9.52	hi	9	Post_P12__9__3
E7_P4_M71_L001	Post_P12	P12	Non-responder	anti-PD1	1903	10.76	2.13446019629226	7.564	9.52	hi	9	Post_P12__9__4
F9_P3_M71_L001	Post_P12	P12	Non-responder	anti-PD1	1844	0	0.840472555434389	7.564	9.52	lo	9	Post_P12__9__1
C1_P1_M71_L001	Post_P12	P12	Non-responder	anti-PD1	1875	0	0.950253544165757	7.564	9.52	lo	9	Post_P12__9__2
A9_P2_M71_L001	Post_P12	P12	Non-responder	anti-PD1	1905	5.95	0.545264449291167	7.564	9.52	lo	9	Post_P12__9__3
B11_P4_M71_L001	Post_P12	P12	Non-responder	anti-PD1	1932	0	-0.283025263540531	7.564	9.52	lo	9	Post_P12__9__4
E3_P2_M71_L001	Post_P12	P12	Non-responder	anti-PD1	2948	10.36	3.34117320974191	7.564	9.52	hi	14	Post_P12__14__1
H11_P2_M71_L001	Post_P12	P12	Non-responder	anti-PD1	2951	1.93	2.98815612504544	7.564	9.52	lo	14	Post_P12__14__1
F1_P5_M74_L001	Post_P13	P13	Non-responder	anti-CTLA4+PD1	1521	10.7	0.267551799345694	8.082	9.344	hi	7	Post_P13__7__1
G12_P5_M74_L001	Post_P13	P13	Non-responder	anti-CTLA4+PD1	1566	11	2.01047800799709	8.082	9.344	hi	7	Post_P13__7__2
E5_P3_M74_L001	Post_P13	P13	Non-responder	anti-CTLA4+PD1	1590	10.14	2.78256724827335	8.082	9.344	hi	7	Post_P13__7__3
A3_P4_M74_L001	Post_P13	P13	Non-responder	anti-CTLA4+PD1	1453	0	-1.98420937840785	8.082	9.344	lo	7	Post_P13__7__1
E1_P1_M74_L001	Post_P13	P13	Non-responder	anti-CTLA4+PD1	1462	0	2.04344692838968	8.082	9.344	lo	7	Post_P13__7__2
A4_P1_M74_L001	Post_P13	P13	Non-responder	anti-CTLA4+PD1	1504	0	0.535960559796437	8.082	9.344	lo	7	Post_P13__7__3
F7_P1_M74_L001	Post_P13	P13	Non-responder	anti-CTLA4+PD1	2066	11.07	3.22858142493639	8.082	9.344	hi	10	Post_P13__10__1
A7_P4_M74_L001	Post_P13	P13	Non-responder	anti-CTLA4+PD1	2141	11.13	4.42005361686659	8.082	9.344	hi	10	Post_P13__10__2
F6_P3_M74_L001	Post_P13	P13	Non-responder	anti-CTLA4+PD1	2169	10.44	1.30794983642312	8.082	9.344	hi	10	Post_P13__10__3
H3_P3_M74_L001	Post_P13	P13	Non-responder	anti-CTLA4+PD1	2035	0	0.737448200654308	8.082	9.344	lo	10	Post_P13__10__1
G5_P4_M74_L001	Post_P13	P13	Non-responder	anti-CTLA4+PD1	2138	3.13	0.440004543802251	8.082	9.344	lo	10	Post_P13__10__2
H10_P3_M74_L001	Post_P13	P13	Non-responder	anti-CTLA4+PD1	2179	0	2.07480370774264	8.082	9.344	lo	10	Post_P13__10__3
H9_P1_M74_L001	Post_P13	P13	Non-responder	anti-CTLA4+PD1	1644	10.95	2.4021383133406	8.082	9.344	hi	8	Post_P13__8__1
C3_P1_M74_L001	Post_P13	P13	Non-responder	anti-CTLA4+PD1	1655	10.34	1.76117684478372	8.082	9.344	hi	8	Post_P13__8__2
E5_P5_M74_L001	Post_P13	P13	Non-responder	anti-CTLA4+PD1	1663	9.92	0.556817520901491	8.082	9.344	hi	8	Post_P13__8__3
B4_P4_M74_L001	Post_P13	P13	Non-responder	anti-CTLA4+PD1	1674	9.77	2.25444929116685	8.082	9.344	hi	8	Post_P13__8__4
F8_P1_M74_L001	Post_P13	P13	Non-responder	anti-CTLA4+PD1	1695	9.9	-0.361596692111961	8.082	9.344	hi	8	Post_P13__8__5
H10_P4_M74_L001	Post_P13	P13	Non-responder	anti-CTLA4+PD1	1631	0	1.53442111959287	8.082	9.344	lo	8	Post_P13__8__1
F8_P7_M74_T_enriched	Post_P13	P13	Non-responder	anti-CTLA4+PD1	1655	0	0.489003089785531	8.082	9.344	lo	8	Post_P13__8__2
F10_P1_M74_L001	Post_P13	P13	Non-responder	anti-CTLA4+PD1	1661	0	0.954859142130133	8.082	9.344	lo	8	Post_P13__8__3
B12_P1_M74_L001	Post_P13	P13	Non-responder	anti-CTLA4+PD1	1662	4.33	0.106989276626683	8.082	9.344	lo	8	Post_P13__8__4
G12_P1_M74_L001	Post_P13	P13	Non-responder	anti-CTLA4+PD1	1690	0	3.27807433660487	8.082	9.344	lo	8	Post_P13__8__5
H6_P5_M74_L001	Post_P13	P13	Non-responder	anti-CTLA4+PD1	1836	9.8	1.84379316612141	8.082	9.344	hi	9	Post_P13__9__1
C2_P3_M74_L001	Post_P13	P13	Non-responder	anti-CTLA4+PD1	1886	9.36	1.33542529989095	8.082	9.344	hi	9	Post_P13__9__2
D12_P4_M74_L001	Post_P13	P13	Non-responder	anti-CTLA4+PD1	1924	9.67	0.483872228280627	8.082	9.344	hi	9	Post_P13__9__3
E2_P3_M74_L001	Post_P13	P13	Non-responder	anti-CTLA4+PD1	1936	9.68	0.351795710650672	8.082	9.344	hi	9	Post_P13__9__4
E7_P4_M74_L001	Post_P13	P13	Non-responder	anti-CTLA4+PD1	1844	0	-0.687618138858597	8.082	9.344	lo	9	Post_P13__9__1
F10_P4_M74_L001	Post_P13	P13	Non-responder	anti-CTLA4+PD1	1883	0	1.52181115957833	8.082	9.344	lo	9	Post_P13__9__2
F4_P4_M74_L001	Post_P13	P13	Non-responder	anti-CTLA4+PD1	1907	0	0.109660123591421	8.082	9.344	lo	9	Post_P13__9__3
G6_P3_M74_L001	Post_P13	P13	Non-responder	anti-CTLA4+PD1	1931	0	1.50629407488186	8.082	9.344	lo	9	Post_P13__9__4
H7_P7_M74_T_enriched	Post_P13	P13	Non-responder	anti-CTLA4+PD1	2558	9.7	1.80623682297347	8.082	9.344	hi	12	Post_P13__12__1
C1_P3_M74_L001	Post_P13	P13	Non-responder	anti-CTLA4+PD1	2594	10.4	0.907194656488548	8.082	9.344	hi	12	Post_P13__12__2
F6_P7_M74_T_enriched	Post_P13	P13	Non-responder	anti-CTLA4+PD1	2410	7.97	1.80727735368957	8.082	9.344	lo	12	Post_P13__12__1
H7_P3_M74_L001	Post_P13	P13	Non-responder	anti-CTLA4+PD1	2413	4.02	1.54223645946929	8.082	9.344	lo	12	Post_P13__12__2
D1_P1_M74_L001	Post_P13	P13	Non-responder	anti-CTLA4+PD1	2608	9.45	3.15270992366412	8.082	9.344	hi	13	Post_P13__13__1
B11_P6_M74_T_enriched	Post_P13	P13	Non-responder	anti-CTLA4+PD1	2605	0	1.83718738640494	8.082	9.344	lo	13	Post_P13__13__1
E2_P4_M74_L001	Post_P13	P13	Non-responder	anti-CTLA4+PD1	2329	10.3	2.69428207924391	8.082	9.344	hi	11	Post_P13__11__1
B9_P6_M74_T_enriched	Post_P13	P13	Non-responder	anti-CTLA4+PD1	2308	0	0.949012177390043	8.082	9.344	lo	11	Post_P13__11__1
B3_P1_M43_L001	Post_P14	P14	Non-responder	anti-PD1	1653	10.96	2.13943565976009	9.19	10.06	hi	8	Post_P14__8__1
A4_P1_M43_L001	Post_P14	P14	Non-responder	anti-PD1	1700	13.16	3.47706470374409	9.19	10.06	hi	8	Post_P14__8__2
D7_P3_M43_L001	Post_P14	P14	Non-responder	anti-PD1	1707	12.01	3.52327608142494	9.19	10.06	hi	8	Post_P14__8__3
H4_P4_M43_L001	Post_P14	P14	Non-responder	anti-PD1	1713	10.69	1.27031806615776	9.19	10.06	hi	8	Post_P14__8__4
C1_P1_M43_L001	Post_P14	P14	Non-responder	anti-PD1	1606	0	0.985881497637224	9.19	10.06	lo	8	Post_P14__8__1
F11_P3_M43_L001	Post_P14	P14	Non-responder	anti-PD1	1632	0	1.26975190839695	9.19	10.06	lo	8	Post_P14__8__2
B1_P3_M43_L001	Post_P14	P14	Non-responder	anti-PD1	1660	8.61	-0.849712831697568	9.19	10.06	lo	8	Post_P14__8__3
B7_P3_M43_L001	Post_P14	P14	Non-responder	anti-PD1	1734	0	1.78037531806616	9.19	10.06	lo	8	Post_P14__8__4
E6_P2_M43_L001	Post_P14	P14	Non-responder	anti-PD1	2256	12.2	4.8664631043257	9.19	10.06	hi	11	Post_P14__11__1
E5_P3_M43_L001	Post_P14	P14	Non-responder	anti-PD1	2280	10.07	3.55273264267539	9.19	10.06	hi	11	Post_P14__11__2
E1_P2_M43_L001	Post_P14	P14	Non-responder	anti-PD1	2284	10.99	2.95778898582334	9.19	10.06	hi	11	Post_P14__11__3
A5_P3_M43_L001	Post_P14	P14	Non-responder	anti-PD1	2382	11.89	3.07960650672483	9.19	10.06	hi	11	Post_P14__11__4
F7_P2_M43_L001	Post_P14	P14	Non-responder	anti-PD1	2252	0	2.01653489640131	9.19	10.06	lo	11	Post_P14__11__1
G5_P1_M43_L001	Post_P14	P14	Non-responder	anti-PD1	2272	0	1.56151490367139	9.19	10.06	lo	11	Post_P14__11__2
H5_P1_M43_L001	Post_P14	P14	Non-responder	anti-PD1	2308	0	1.57728825881498	9.19	10.06	lo	11	Post_P14__11__3
H10_P1_M43_L001	Post_P14	P14	Non-responder	anti-PD1	2333	9.19	1.72075517993457	9.19	10.06	lo	11	Post_P14__11__4
B3_P2_M43_L001	Post_P14	P14	Non-responder	anti-PD1	3246	10.98	2.86491639403853	9.19	10.06	hi	16	Post_P14__16__1
A6_P2_M43_L001	Post_P14	P14	Non-responder	anti-PD1	3328	4.41	2.92587150127226	9.19	10.06	lo	16	Post_P14__16__1
H1_P4_M43_L001	Post_P14	P14	Non-responder	anti-PD1	1817	11.45	2.37039349327518	9.19	10.06	hi	9	Post_P14__9__1
C9_P2_M43_L001	Post_P14	P14	Non-responder	anti-PD1	1857	11.27	0.625179934569244	9.19	10.06	hi	9	Post_P14__9__2
F2_P4_M43_L001	Post_P14	P14	Non-responder	anti-PD1	1952	10.42	2.86512450018175	9.19	10.06	hi	9	Post_P14__9__3
A8_P4_M43_L001	Post_P14	P14	Non-responder	anti-PD1	1961	10.81	0.844798255179933	9.19	10.06	hi	9	Post_P14__9__4
F5_P3_M43_L001	Post_P14	P14	Non-responder	anti-PD1	1831	0	3.1759850963286	9.19	10.06	lo	9	Post_P14__9__1
G1_P4_M43_L001	Post_P14	P14	Non-responder	anti-PD1	1911	2.56	1.47995910577972	9.19	10.06	lo	9	Post_P14__9__2
B4_P1_M43_L001	Post_P14	P14	Non-responder	anti-PD1	1984	0	1.39720101781171	9.19	10.06	lo	9	Post_P14__9__3
D3_P3_M43_L001	Post_P14	P14	Non-responder	anti-PD1	1987	0	1.5201199563795	9.19	10.06	lo	9	Post_P14__9__4
E8_P2_M43_L001	Post_P14	P14	Non-responder	anti-PD1	2025	10.6	1.78266448564158	9.19	10.06	hi	10	Post_P14__10__1
B4_P4_M43_L001	Post_P14	P14	Non-responder	anti-PD1	2111	10.87	3.5784796437659	9.19	10.06	hi	10	Post_P14__10__2
F4_P1_M43_L001	Post_P14	P14	Non-responder	anti-PD1	2141	11.82	3.42452471828426	9.19	10.06	hi	10	Post_P14__10__3
D5_P3_M43_L001	Post_P14	P14	Non-responder	anti-PD1	2165	10.56	4.28514358415122	9.19	10.06	hi	10	Post_P14__10__4
B2_P2_M43_L001	Post_P14	P14	Non-responder	anti-PD1	2068	0	2.39251999272992	9.19	10.06	lo	10	Post_P14__10__1
F6_P4_M43_L001	Post_P14	P14	Non-responder	anti-PD1	2097	5.75	0.748692293711373	9.19	10.06	lo	10	Post_P14__10__2
E2_P4_M43_L001	Post_P14	P14	Non-responder	anti-PD1	2151	5.1	0.563642311886584	9.19	10.06	lo	10	Post_P14__10__3
H3_P4_M43_L001	Post_P14	P14	Non-responder	anti-PD1	2178	1.27	2.49812522719012	9.19	10.06	lo	10	Post_P14__10__4
G2_P1_M43_L001	Post_P14	P14	Non-responder	anti-PD1	2469	10.26	1.30467284623773	9.19	10.06	hi	12	Post_P14__12__1
F11_P2_M43_L001	Post_P14	P14	Non-responder	anti-PD1	2556	10.75	3.79588695019992	9.19	10.06	hi	12	Post_P14__12__2
G10_P1_M43_L001	Post_P14	P14	Non-responder	anti-PD1	2474	9.19	2.61867866230462	9.19	10.06	lo	12	Post_P14__12__1
H6_P1_M43_L001	Post_P14	P14	Non-responder	anti-PD1	2585	0	1.76500090876046	9.19	10.06	lo	12	Post_P14__12__2
G8_P1_M43_L001	Post_P14	P14	Non-responder	anti-PD1	2993	10.62	3.87082788077063	9.19	10.06	hi	14	Post_P14__14__1
H10_P4_M43_L001	Post_P14	P14	Non-responder	anti-PD1	2960	8.79	1.74387768084333	9.19	10.06	lo	14	Post_P14__14__1
A11_P5_M13_L001	Post_P15	P15	Non-responder	anti-PD1	1804	11.33	1.66378862231916	9.17	9.866	hi	9	Post_P15__9__1
G7_P3_M13_L001	Post_P15	P15	Non-responder	anti-PD1	1876	11.17	4.20945928753181	9.17	9.866	hi	9	Post_P15__9__2
G11_P2_M13_L001	Post_P15	P15	Non-responder	anti-PD1	1914	11.58	1.85729734641948	9.17	9.866	hi	9	Post_P15__9__3
E8_P3_M13_L001	Post_P15	P15	Non-responder	anti-PD1	1916	10.54	1.48092239185751	9.17	9.866	hi	9	Post_P15__9__4
C5_P5_M13_L001	Post_P15	P15	Non-responder	anti-PD1	1935	9.96	2.89670574336605	9.17	9.866	hi	9	Post_P15__9__5
E9_P3_M13_L001	Post_P15	P15	Non-responder	anti-PD1	1806	9.09	2.46384405670665	9.17	9.866	lo	9	Post_P15__9__1
E7_P5_M13_L001	Post_P15	P15	Non-responder	anti-PD1	1870	0	1.51994002181025	9.17	9.866	lo	9	Post_P15__9__2
E2_P3_M13_L001	Post_P15	P15	Non-responder	anti-PD1	1871	9.17	3.65166212286441	9.17	9.866	lo	9	Post_P15__9__3
D3_P4_M13_L001	Post_P15	P15	Non-responder	anti-PD1	1906	0	2.42814340239913	9.17	9.866	lo	9	Post_P15__9__4
G1_P5_M13_L001	Post_P15	P15	Non-responder	anti-PD1	1961	0	2.47278716830244	9.17	9.866	lo	9	Post_P15__9__5
F3_P4_M13_L001	Post_P15	P15	Non-responder	anti-PD1	2031	10.28	1.55765358051618	9.17	9.866	hi	10	Post_P15__10__1
C3_P4_M13_L001	Post_P15	P15	Non-responder	anti-PD1	2185	11.69	2.82739549254817	9.17	9.866	hi	10	Post_P15__10__2
A6_P2_M13_L001	Post_P15	P15	Non-responder	anti-PD1	2055	9.17	2.51814885496183	9.17	9.866	lo	10	Post_P15__10__1
E2_P5_M13_L001	Post_P15	P15	Non-responder	anti-PD1	2188	0	2.19492457288259	9.17	9.866	lo	10	Post_P15__10__2
B10_P3_M13_L001	Post_P15	P15	Non-responder	anti-PD1	2634	10.62	4.13741730279899	9.17	9.866	hi	13	Post_P15__13__1
G5_P4_M13_L001	Post_P15	P15	Non-responder	anti-PD1	2721	10.3	1.95567248273355	9.17	9.866	hi	13	Post_P15__13__2
B3_P5_M13_L001	Post_P15	P15	Non-responder	anti-PD1	2623	0	-0.290453471464922	9.17	9.866	lo	13	Post_P15__13__1
D11_P3_M13_L001	Post_P15	P15	Non-responder	anti-PD1	2739	8.3	3.49797255543439	9.17	9.866	lo	13	Post_P15__13__2
G8_P3_M13_L001	Post_P15	P15	Non-responder	anti-PD1	2353	10.6	2.80874681933842	9.17	9.866	hi	11	Post_P15__11__1
C6_P3_M13_L001	Post_P15	P15	Non-responder	anti-PD1	2358	10.93	1.31465103598691	9.17	9.866	hi	11	Post_P15__11__2
B3_P2_M13_L001	Post_P15	P15	Non-responder	anti-PD1	2383	11.45	2.44255361686659	9.17	9.866	hi	11	Post_P15__11__3
D6_P4_M13_L001	Post_P15	P15	Non-responder	anti-PD1	2309	6.07	3.11477190112686	9.17	9.866	lo	11	Post_P15__11__1
D8_P4_M13_L001	Post_P15	P15	Non-responder	anti-PD1	2375	8.87	1.921891130498	9.17	9.866	lo	11	Post_P15__11__2
F2_P2_M13_L001	Post_P15	P15	Non-responder	anti-PD1	2387	7.5	2.23351326790258	9.17	9.866	lo	11	Post_P15__11__3
C6_P4_M13_L001	Post_P15	P15	Non-responder	anti-PD1	2965	9.92	2.47680752453654	9.17	9.866	hi	14	Post_P15__14__1
G3_P2_M13_L001	Post_P15	P15	Non-responder	anti-PD1	2875	7.72	2.97156670301708	9.17	9.866	lo	14	Post_P15__14__1
G3_P4_M13_L001	Post_P15	P15	Non-responder	anti-PD1	2556	10.17	3.12304343874954	9.17	9.866	hi	12	Post_P15__12__1
C5_P2_M13_L001	Post_P15	P15	Non-responder	anti-PD1	2456	0	2.11562522719011	9.17	9.866	lo	12	Post_P15__12__1
F6_P2_M13_L001	Post_P15	P15	Non-responder	anti-PD1	1660	10.83	3.18362777171938	9.17	9.866	hi	8	Post_P15__8__1
G1_P3_M13_L001	Post_P15	P15	Non-responder	anti-PD1	1691	10.91	3.63140676117775	9.17	9.866	hi	8	Post_P15__8__2
H10_P5_M13_L001	Post_P15	P15	Non-responder	anti-PD1	1747	10.59	2.7838949472919	9.17	9.866	hi	8	Post_P15__8__3
H10_P3_M13_L001	Post_P15	P15	Non-responder	anti-PD1	1654	0	1.59316430388949	9.17	9.866	lo	8	Post_P15__8__1
E4_P4_M13_L001	Post_P15	P15	Non-responder	anti-PD1	1694	0	0.847868047982555	9.17	9.866	lo	8	Post_P15__8__2
D3_P3_M13_L001	Post_P15	P15	Non-responder	anti-PD1	1767	0	1.06148854961832	9.17	9.866	lo	8	Post_P15__8__3
E9_P5_MMD8_L001	Post_P16	P16	Non-responder	anti-PD1	2066	10.44	1.48960741548528	8.63	9.38	hi	10	Post_P16__10__1
C10_P4_MMD8_L001	Post_P16	P16	Non-responder	anti-PD1	2115	9.78	0.427530897855323	8.63	9.38	hi	10	Post_P16__10__2
F7_P1_MMD8_L001	Post_P16	P16	Non-responder	anti-PD1	2152	9.48	0.755399854598326	8.63	9.38	hi	10	Post_P16__10__3
A9_P1_MMD8_L001	Post_P16	P16	Non-responder	anti-PD1	2168	10.32	2.48952380952381	8.63	9.38	hi	10	Post_P16__10__4
G12_P5_MMD8_L001	Post_P16	P16	Non-responder	anti-PD1	2062	0	2.28289712831698	8.63	9.38	lo	10	Post_P16__10__1
A10_P2_MMD8_L001	Post_P16	P16	Non-responder	anti-PD1	2113	0	1.21678934932751	8.63	9.38	lo	10	Post_P16__10__2
A7_P2_MMD8_L001	Post_P16	P16	Non-responder	anti-PD1	2114	0	0.338738640494365	8.63	9.38	lo	10	Post_P16__10__3
G6_P6_MMD8_L001_T_enriched	Post_P16	P16	Non-responder	anti-PD1	2138	0	-0.159987277353688	8.63	9.38	lo	10	Post_P16__10__4
A4_P1_MMD8_L001	Post_P16	P16	Non-responder	anti-PD1	2896	10.3	2.87608233369684	8.63	9.38	hi	14	Post_P16__14__1
H1_P2_MMD8_L001	Post_P16	P16	Non-responder	anti-PD1	2930	10.87	1.969022173755	8.63	9.38	hi	14	Post_P16__14__2
F11_P6_MMD8_L001_T_enriched	Post_P16	P16	Non-responder	anti-PD1	2920	8.55	0.85777262813522	8.63	9.38	lo	14	Post_P16__14__1
H1_P6_MMD8_L001_T_enriched	Post_P16	P16	Non-responder	anti-PD1	2924	0	1.315064521992	8.63	9.38	lo	14	Post_P16__14__2
C7_P5_MMD8_L001	Post_P16	P16	Non-responder	anti-PD1	3759	9.77	1.96369865503454	8.63	9.38	hi	18	Post_P16__18__1
A4_P5_MMD8_L001	Post_P16	P16	Non-responder	anti-PD1	3717	0	0.515634314794625	8.63	9.38	lo	18	Post_P16__18__1
C6_P1_MMD8_L001	Post_P16	P16	Non-responder	anti-PD1	1862	9.73	-0.217922573609599	8.63	9.38	hi	9	Post_P16__9__1
H8_P2_MMD8_L001	Post_P16	P16	Non-responder	anti-PD1	1889	9.69	-0.532299163940384	8.63	9.38	hi	9	Post_P16__9__2
B5_P2_MMD8_L001	Post_P16	P16	Non-responder	anti-PD1	1905	9.73	1.78594329334787	8.63	9.38	hi	9	Post_P16__9__3
H12_P1_MMD8_L001	Post_P16	P16	Non-responder	anti-PD1	1918	10.44	1.82376317702653	8.63	9.38	hi	9	Post_P16__9__4
A6_P5_MMD8_L001	Post_P16	P16	Non-responder	anti-PD1	1940	10.3	3.17168029807343	8.63	9.38	hi	9	Post_P16__9__5
B4_P2_MMD8_L001	Post_P16	P16	Non-responder	anti-PD1	1968	11.21	1.2359741912032	8.63	9.38	hi	9	Post_P16__9__6
B3_P5_MMD8_L001	Post_P16	P16	Non-responder	anti-PD1	1858	0	1.74051890221738	8.63	9.38	lo	9	Post_P16__9__1
B8_P1_MMD8_L001	Post_P16	P16	Non-responder	anti-PD1	1862	0	1.08083787713559	8.63	9.38	lo	9	Post_P16__9__2
G2_P4_MMD8_L001	Post_P16	P16	Non-responder	anti-PD1	1919	0	1.60360414394766	8.63	9.38	lo	9	Post_P16__9__3
G6_P1_MMD8_L001	Post_P16	P16	Non-responder	anti-PD1	1953	0	1.0259741912032	8.63	9.38	lo	9	Post_P16__9__4
D8_P5_MMD8_L001	Post_P16	P16	Non-responder	anti-PD1	1957	0	2.58963831334061	8.63	9.38	lo	9	Post_P16__9__5
H3_P1_MMD8_L001	Post_P16	P16	Non-responder	anti-PD1	1967	0	2.41277626317702	8.63	9.38	lo	9	Post_P16__9__6
B2_P1_MMD8_L001	Post_P16	P16	Non-responder	anti-PD1	2213	9.85	2.15264994547437	8.63	9.38	hi	11	Post_P16__11__1
C7_P2_MMD8_L001	Post_P16	P16	Non-responder	anti-PD1	2273	9.57	0.392260087241001	8.63	9.38	hi	11	Post_P16__11__2
B5_P4_MMD8_L001	Post_P16	P16	Non-responder	anti-PD1	2284	10.24	2.26411759360233	8.63	9.38	hi	11	Post_P16__11__3
D12_P4_MMD8_L001	Post_P16	P16	Non-responder	anti-PD1	2354	10.12	0.282002908033442	8.63	9.38	hi	11	Post_P16__11__4
F6_P2_MMD8_L001	Post_P16	P16	Non-responder	anti-PD1	2218	0	0.340097237368232	8.63	9.38	lo	11	Post_P16__11__1
E1_P5_MMD8_L001	Post_P16	P16	Non-responder	anti-PD1	2238	0	2.20053707742639	8.63	9.38	lo	11	Post_P16__11__2
H2_P5_MMD8_L001	Post_P16	P16	Non-responder	anti-PD1	2256	0	0.742827153762269	8.63	9.38	lo	11	Post_P16__11__3
B5_P1_MMD8_L001	Post_P16	P16	Non-responder	anti-PD1	2380	0	1.10619956379499	8.63	9.38	lo	11	Post_P16__11__4
F12_P4_MMD8_L001	Post_P16	P16	Non-responder	anti-PD1	1600	9.77	3.21776081424936	8.63	9.38	hi	8	Post_P16__8__1
F10_P2_MMD8_L001	Post_P16	P16	Non-responder	anti-PD1	1606	9.75	0.116598509632862	8.63	9.38	hi	8	Post_P16__8__2
C12_P2_MMD8_L001	Post_P16	P16	Non-responder	anti-PD1	1690	9.7	1.66344601962922	8.63	9.38	hi	8	Post_P16__8__3
H6_P1_MMD8_L001	Post_P16	P16	Non-responder	anti-PD1	1768	9.88	-0.284835514358416	8.63	9.38	hi	8	Post_P16__8__4
F9_P4_MMD8_L001	Post_P16	P16	Non-responder	anti-PD1	1649	0	3.49046346782988	8.63	9.38	lo	8	Post_P16__8__1
D4_P1_MMD8_L001	Post_P16	P16	Non-responder	anti-PD1	1650	0	1.54749000363504	8.63	9.38	lo	8	Post_P16__8__2
A9_P4_MMD8_L001	Post_P16	P16	Non-responder	anti-PD1	1726	0	0.359866412213739	8.63	9.38	lo	8	Post_P16__8__3
B3_P4_MMD8_L001	Post_P16	P16	Non-responder	anti-PD1	1753	0	-1.0509741912032	8.63	9.38	lo	8	Post_P16__8__4
H11_P2_MMD8_L001	Post_P16	P16	Non-responder	anti-PD1	2447	9.82	2.31228735005453	8.63	9.38	hi	12	Post_P16__12__1
F8_P2_MMD8_L001	Post_P16	P16	Non-responder	anti-PD1	2473	10.07	2.20867048346056	8.63	9.38	hi	12	Post_P16__12__2
B11_P2_MMD8_L001	Post_P16	P16	Non-responder	anti-PD1	2533	10.38	1.16882224645583	8.63	9.38	hi	12	Post_P16__12__3
G3_P1_MMD8_L001	Post_P16	P16	Non-responder	anti-PD1	2461	8.31	3.78841057797165	8.63	9.38	lo	12	Post_P16__12__1
G10_P5_MMD8_L001	Post_P16	P16	Non-responder	anti-PD1	2491	0	2.18533987640858	8.63	9.38	lo	12	Post_P16__12__2
B10_P2_MMD8_L001	Post_P16	P16	Non-responder	anti-PD1	2553	0	0.891458560523441	8.63	9.38	lo	12	Post_P16__12__3
B7_P1_MMD8_L001	Post_P16	P16	Non-responder	anti-PD1	2657	10.09	2.47956015994184	8.63	9.38	hi	13	Post_P16__13__1
G1_P4_MMD8_L001	Post_P16	P16	Non-responder	anti-PD1	2661	0	2.50682933478735	8.63	9.38	lo	13	Post_P16__13__1
B9_P1_MMD8_L001	Post_P16	P16	Non-responder	anti-PD1	3367	11.01	2.19977099236641	8.63	9.38	hi	16	Post_P16__16__1
A2_P6_MMD8_L001_T_enriched	Post_P16	P16	Non-responder	anti-PD1	3313	7.97	1.52709832788077	8.63	9.38	lo	16	Post_P16__16__1
C10_P5_MMD8_L001	Post_P16	P16	Non-responder	anti-PD1	3466	10.03	1.54001908396947	8.63	9.38	hi	17	Post_P16__17__1
E12_P6_MMD8_L001_T_enriched	Post_P16	P16	Non-responder	anti-PD1	3453	7.91	1.99234187568157	8.63	9.38	lo	17	Post_P16__17__1
D11_P2_MMD9_L001	Post_P17	P17	Responder	anti-PD1	1220	10.07	2.18678662304616	0	8.224	hi	6	Post_P17__6__1
D6_P1_MMD9_L001	Post_P17	P17	Responder	anti-PD1	1244	9.14	-1.08046165030898	0	8.224	hi	6	Post_P17__6__2
B8_P2_MMD9_L001	Post_P17	P17	Responder	anti-PD1	1248	11.25	1.77729825517993	0	8.224	hi	6	Post_P17__6__3
D5_P3_MMD9_L001	Post_P17	P17	Responder	anti-PD1	1251	10.55	0.551356779352963	0	8.224	hi	6	Post_P17__6__4
B4_P2_MMD9_L001	Post_P17	P17	Responder	anti-PD1	1279	10.16	0.415502544529262	0	8.224	hi	6	Post_P17__6__5
E1_P1_MMD9_L001	Post_P17	P17	Responder	anti-PD1	1290	10.79	-0.0631061432206455	0	8.224	hi	6	Post_P17__6__6
H2_P2_MMD9_L001	Post_P17	P17	Responder	anti-PD1	1298	10.17	1.30026899309342	0	8.224	hi	6	Post_P17__6__7
F3_P3_MMD9_L001	Post_P17	P17	Responder	anti-PD1	1347	10.26	3.07692748091603	0	8.224	hi	6	Post_P17__6__8
G3_P3_MMD9_L001	Post_P17	P17	Responder	anti-PD1	1350	10.01	1.24113595056343	0	8.224	hi	6	Post_P17__6__9
D4_P2_MMD9_L001	Post_P17	P17	Responder	anti-PD1	1361	11.01	0.907268266085062	0	8.224	hi	6	Post_P17__6__10
G11_P3_MMD9_L001	Post_P17	P17	Responder	anti-PD1	1364	10.24	1.31329425663395	0	8.224	hi	6	Post_P17__6__11
B11_P5_MMD9_L001	Post_P17	P17	Responder	anti-PD1	1376	9.46	1.62979007633588	0	8.224	hi	6	Post_P17__6__12
D2_P2_MMD9_L001	Post_P17	P17	Responder	anti-PD1	1223	0	1.20324245728826	0	8.224	lo	6	Post_P17__6__1
G9_P1_MMD9_L001	Post_P17	P17	Responder	anti-PD1	1256	0	1.40090149036714	0	8.224	lo	6	Post_P17__6__2
A6_P2_MMD9_L001	Post_P17	P17	Responder	anti-PD1	1260	0	0.909436568520538	0	8.224	lo	6	Post_P17__6__3
H10_P2_MMD9_L001	Post_P17	P17	Responder	anti-PD1	1260	0	1.07487913486005	0	8.224	lo	6	Post_P17__6__4
A9_P5_MMD9_L001	Post_P17	P17	Responder	anti-PD1	1281	0	-0.211425845147219	0	8.224	lo	6	Post_P17__6__5
C2_P2_MMD9_L001	Post_P17	P17	Responder	anti-PD1	1309	0	3.19935659760087	0	8.224	lo	6	Post_P17__6__6
E9_P3_MMD9_L001	Post_P17	P17	Responder	anti-PD1	1311	0	0.210959651035988	0	8.224	lo	6	Post_P17__6__7
A8_P1_MMD9_L001	Post_P17	P17	Responder	anti-PD1	1346	0	-0.836876590330789	0	8.224	lo	6	Post_P17__6__8
C11_P5_MMD9_L001	Post_P17	P17	Responder	anti-PD1	1349	0	1.86988913122501	0	8.224	lo	6	Post_P17__6__9
B12_P2_MMD9_L001	Post_P17	P17	Responder	anti-PD1	1361	0	1.02011177753544	0	8.224	lo	6	Post_P17__6__10
A7_P3_MMD9_L001	Post_P17	P17	Responder	anti-PD1	1363	0	2.39811795710651	0	8.224	lo	6	Post_P17__6__11
H12_P3_MMD9_L001	Post_P17	P17	Responder	anti-PD1	1374	0	0.399771901126865	0	8.224	lo	6	Post_P17__6__12
D1_P1_MMD9_L001	Post_P17	P17	Responder	anti-PD1	1405	9.79	0.272523627771719	0	8.224	hi	7	Post_P17__7__1
C10_P5_MMD9_L001	Post_P17	P17	Responder	anti-PD1	1453	9.12	-0.640261723009812	0	8.224	hi	7	Post_P17__7__2
B5_P3_MMD9_L001	Post_P17	P17	Responder	anti-PD1	1481	9.49	0.406439476553978	0	8.224	hi	7	Post_P17__7__3
F5_P2_MMD9_L001	Post_P17	P17	Responder	anti-PD1	1483	10.15	2.20680570701563	0	8.224	hi	7	Post_P17__7__4
B1_P5_MMD9_L001	Post_P17	P17	Responder	anti-PD1	1491	10.3	2.34011904761905	0	8.224	hi	7	Post_P17__7__5
C4_P2_MMD9_L001	Post_P17	P17	Responder	anti-PD1	1492	11.01	1.98946019629225	0	8.224	hi	7	Post_P17__7__6
A2_P3_MMD9_L001	Post_P17	P17	Responder	anti-PD1	1512	8.86	2.21268720465285	0	8.224	hi	7	Post_P17__7__7
B6_P5_MMD9_L001	Post_P17	P17	Responder	anti-PD1	1523	8.93	2.27436568520538	0	8.224	hi	7	Post_P17__7__8
B10_P3_MMD9_L001	Post_P17	P17	Responder	anti-PD1	1540	9.95	1.62165212649946	0	8.224	hi	7	Post_P17__7__9
C5_P2_MMD9_L001	Post_P17	P17	Responder	anti-PD1	1576	10.92	1.24625681570338	0	8.224	hi	7	Post_P17__7__10
G8_P1_MMD9_L001	Post_P17	P17	Responder	anti-PD1	1579	9.79	0.867636314067612	0	8.224	hi	7	Post_P17__7__11
C10_P1_MMD9_L001	Post_P17	P17	Responder	anti-PD1	1405	0	0.497595419847328	0	8.224	lo	7	Post_P17__7__1
F6_P2_MMD9_L001	Post_P17	P17	Responder	anti-PD1	1450	0	0.66667030170847	0	8.224	lo	7	Post_P17__7__2
B10_P2_MMD9_L001	Post_P17	P17	Responder	anti-PD1	1464	0	0.59941384950927	0	8.224	lo	7	Post_P17__7__3
B2_P1_MMD9_L001	Post_P17	P17	Responder	anti-PD1	1467	0	0.857676299527446	0	8.224	lo	7	Post_P17__7__4
A6_P3_MMD9_L001	Post_P17	P17	Responder	anti-PD1	1471	0	2.22915212649945	0	8.224	lo	7	Post_P17__7__5
C2_P7_MMD9_L001_myeloid_enriched	Post_P17	P17	Responder	anti-PD1	1481	0	0.257276444929115	0	8.224	lo	7	Post_P17__7__6
H10_P1_MMD9_L001	Post_P17	P17	Responder	anti-PD1	1552	0	1.46394583787713	0	8.224	lo	7	Post_P17__7__7
F11_P1_MMD9_L001	Post_P17	P17	Responder	anti-PD1	1556	0	1.19005089058524	0	8.224	lo	7	Post_P17__7__8
F2_P5_MMD9_L001	Post_P17	P17	Responder	anti-PD1	1561	0	0.145876045074521	0	8.224	lo	7	Post_P17__7__9
A12_P2_MMD9_L001	Post_P17	P17	Responder	anti-PD1	1567	0	1.05891675754271	0	8.224	lo	7	Post_P17__7__10
D12_P5_MMD9_L001	Post_P17	P17	Responder	anti-PD1	1584	0	2.27948200654308	0	8.224	lo	7	Post_P17__7__11
C5_P5_MMD9_L001	Post_P17	P17	Responder	anti-PD1	1853	9.55	-0.328917666303163	0	8.224	hi	9	Post_P17__9__1
E2_P1_MMD9_L001	Post_P17	P17	Responder	anti-PD1	1840	0	1.08863322428208	0	8.224	lo	9	Post_P17__9__1
G6_P5_MMD9_L001	Post_P17	P17	Responder	anti-PD1	1644	9.58	1.2314058524173	0	8.224	hi	8	Post_P17__8__1
F1_P5_MMD9_L001	Post_P17	P17	Responder	anti-PD1	1677	9.46	1.0890167211923	0	8.224	hi	8	Post_P17__8__2
A6_P5_MMD9_L001	Post_P17	P17	Responder	anti-PD1	1695	9.11	3.56334332969829	0	8.224	hi	8	Post_P17__8__3
G6_P3_MMD9_L001	Post_P17	P17	Responder	anti-PD1	1727	9.91	2.64580970556161	0	8.224	hi	8	Post_P17__8__4
D8_P1_MMD9_L001	Post_P17	P17	Responder	anti-PD1	1606	0	0.84655670665213	0	8.224	lo	8	Post_P17__8__1
G3_P2_MMD9_L001	Post_P17	P17	Responder	anti-PD1	1647	0	0.0612368229734623	0	8.224	lo	8	Post_P17__8__2
D4_P3_MMD9_L001	Post_P17	P17	Responder	anti-PD1	1693	0	2.18554616503089	0	8.224	lo	8	Post_P17__8__3
A5_P5_MMD9_L001	Post_P17	P17	Responder	anti-PD1	1726	0	1.25170937840785	0	8.224	lo	8	Post_P17__8__4
E9_P5_MMD9_L001	Post_P17	P17	Responder	anti-PD1	2023	9.26	-0.722603598691388	0	8.224	hi	10	Post_P17__10__1
E6_P3_MMD9_L001	Post_P17	P17	Responder	anti-PD1	2018	0	-0.625742457288257	0	8.224	lo	10	Post_P17__10__1
D3_P3_M45_L001	Post_P18	P18	Non-responder	anti-PD1	1643	10.04	1.57794983642312	0	9.148	hi	8	Post_P18__8__1
B12_P4_M45_L001	Post_P18	P18	Non-responder	anti-PD1	1729	9.9	1.04586241366776	0	9.148	hi	8	Post_P18__8__2
D12_P4_M45_L001	Post_P18	P18	Non-responder	anti-PD1	1743	9.71	1.97434478371502	0	9.148	hi	8	Post_P18__8__3
H11_P4_M45_L001	Post_P18	P18	Non-responder	anti-PD1	1761	9.22	2.2046992002908	0	9.148	hi	8	Post_P18__8__4
E8_P5_M45_L001	Post_P18	P18	Non-responder	anti-PD1	1634	0	0.951365866957473	0	9.148	lo	8	Post_P18__8__1
H9_P5_M45_L001	Post_P18	P18	Non-responder	anti-PD1	1665	0	1.20034351145038	0	9.148	lo	8	Post_P18__8__2
A10_P5_M45_L001	Post_P18	P18	Non-responder	anti-PD1	1705	0	1.355239912759	0	9.148	lo	8	Post_P18__8__3
G6_P1_M45_L001	Post_P18	P18	Non-responder	anti-PD1	1784	0	1.49766539440203	0	9.148	lo	8	Post_P18__8__4
B10_P1_M45_L001	Post_P18	P18	Non-responder	anti-PD1	1589	10.38	0.434782806252273	0	9.148	hi	7	Post_P18__7__1
F3_P3_M45_L001	Post_P18	P18	Non-responder	anti-PD1	1584	0	0.43825245365322	0	9.148	lo	7	Post_P18__7__1
B5_P1_M45_L001	Post_P18	P18	Non-responder	anti-PD1	2009	9.43	1.27864685568884	0	9.148	hi	10	Post_P18__10__1
C11_P4_M45_L001	Post_P18	P18	Non-responder	anti-PD1	2017	9.84	3.06098782260996	0	9.148	hi	10	Post_P18__10__2
G1_P5_M45_L001	Post_P18	P18	Non-responder	anti-PD1	2021	9.68	0.524683751363139	0	9.148	hi	10	Post_P18__10__3
F6_P4_M45_L001	Post_P18	P18	Non-responder	anti-PD1	2088	9.28	0.674250272628135	0	9.148	hi	10	Post_P18__10__4
H10_P5_M45_L001	Post_P18	P18	Non-responder	anti-PD1	2091	9.26	0.670585241730278	0	9.148	hi	10	Post_P18__10__5
A5_P5_M45_L001	Post_P18	P18	Non-responder	anti-PD1	2098	9.45	1.03078244274809	0	9.148	hi	10	Post_P18__10__6
B1_P3_M45_L001	Post_P18	P18	Non-responder	anti-PD1	2004	0	1.74961468556888	0	9.148	lo	10	Post_P18__10__1
H9_P4_M45_L001	Post_P18	P18	Non-responder	anti-PD1	2020	0	0.92036804798255	0	9.148	lo	10	Post_P18__10__2
H4_P3_M45_L001	Post_P18	P18	Non-responder	anti-PD1	2032	0	1.66529352962559	0	9.148	lo	10	Post_P18__10__3
B4_P3_M45_L001	Post_P18	P18	Non-responder	anti-PD1	2085	0	2.13333424209379	0	9.148	lo	10	Post_P18__10__4
B2_P3_M45_L001	Post_P18	P18	Non-responder	anti-PD1	2087	0	2.27194565612505	0	9.148	lo	10	Post_P18__10__5
C5_P5_M45_L001	Post_P18	P18	Non-responder	anti-PD1	2103	0	2.23528080697928	0	9.148	lo	10	Post_P18__10__6
D7_P4_M45_L001	Post_P18	P18	Non-responder	anti-PD1	2516	10.33	3.01427299163941	0	9.148	hi	12	Post_P18__12__1
A7_P3_M45_L001	Post_P18	P18	Non-responder	anti-PD1	2441	0	1.55764267539077	0	9.148	lo	12	Post_P18__12__1
B3_P1_M45_L001	Post_P18	P18	Non-responder	anti-PD1	1856	9.56	2.10978189749182	0	9.148	hi	9	Post_P18__9__1
H1_P5_M45_L001	Post_P18	P18	Non-responder	anti-PD1	1894	10.78	2.03489458378771	0	9.148	hi	9	Post_P18__9__2
F3_P4_M45_L001	Post_P18	P18	Non-responder	anti-PD1	1902	10.45	0.545537986186844	0	9.148	hi	9	Post_P18__9__3
C6_P4_M45_L001	Post_P18	P18	Non-responder	anti-PD1	1909	9.79	3.34073336968375	0	9.148	hi	9	Post_P18__9__4
G7_P5_M45_L001	Post_P18	P18	Non-responder	anti-PD1	1945	9.5	-0.594674663758631	0	9.148	hi	9	Post_P18__9__5
D8_P5_M45_L001	Post_P18	P18	Non-responder	anti-PD1	1948	10.63	2.54618956743002	0	9.148	hi	9	Post_P18__9__6
C10_P5_M45_L001	Post_P18	P18	Non-responder	anti-PD1	1993	10.65	1.17166666666667	0	9.148	hi	9	Post_P18__9__7
B5_P3_M45_L001	Post_P18	P18	Non-responder	anti-PD1	1846	0	-1.85917757179207	0	9.148	lo	9	Post_P18__9__1
C11_P5_M45_L001	Post_P18	P18	Non-responder	anti-PD1	1877	0	0.453170665212651	0	9.148	lo	9	Post_P18__9__2
F2_P3_M45_L001	Post_P18	P18	Non-responder	anti-PD1	1888	0	2.38039803707742	0	9.148	lo	9	Post_P18__9__3
D8_P3_M45_L001	Post_P18	P18	Non-responder	anti-PD1	1900	0	1.94867320974191	0	9.148	lo	9	Post_P18__9__4
B11_P5_M45_L001	Post_P18	P18	Non-responder	anti-PD1	1937	0	2.03380679752817	0	9.148	lo	9	Post_P18__9__5
F12_P1_M45_L001	Post_P18	P18	Non-responder	anti-PD1	1965	0	2.77850054525627	0	9.148	lo	9	Post_P18__9__6
H4_P1_M45_L001	Post_P18	P18	Non-responder	anti-PD1	1988	0	0.122021992002905	0	9.148	lo	9	Post_P18__9__7
D9_P1_M45_L001	Post_P18	P18	Non-responder	anti-PD1	2290	9.16	2.92175754271174	0	9.148	hi	11	Post_P18__11__1
E7_P5_M45_L001	Post_P18	P18	Non-responder	anti-PD1	2335	9.95	0.365876045074523	0	9.148	hi	11	Post_P18__11__2
C8_P3_M45_L001	Post_P18	P18	Non-responder	anti-PD1	2301	0	1.51575336241367	0	9.148	lo	11	Post_P18__11__1
C9_P4_M45_L001	Post_P18	P18	Non-responder	anti-PD1	2352	0	0.821048709560161	0	9.148	lo	11	Post_P18__11__2
G12_P5_M45_L001	Post_P18	P18	Non-responder	anti-PD1	2731	10.15	3.40444929116685	0	9.148	hi	13	Post_P18__13__1
F3_P5_M45_L001	Post_P18	P18	Non-responder	anti-PD1	2639	0	2.48584151217739	0	9.148	lo	13	Post_P18__13__1
C7_P3_MMD7_L001	Post_P19	P19	Responder	anti-PD1	1622	10.91	1.31842330061796	0	9.262	hi	8	Post_P19__8__1
C3_P2_MMD7_L001	Post_P19	P19	Responder	anti-PD1	1752	11.14	2.25769356597601	0	9.262	hi	8	Post_P19__8__2
E10_P3_MMD7_L001	Post_P19	P19	Responder	anti-PD1	1762	10.08	4.30165212649946	0	9.262	hi	8	Post_P19__8__3
G12_P1_MMD7_L001	Post_P19	P19	Responder	anti-PD1	1785	9.48	1.65287350054526	0	9.262	hi	8	Post_P19__8__4
H5_P2_MMD7_L001	Post_P19	P19	Responder	anti-PD1	1790	10.49	2.27781897491821	0	9.262	hi	8	Post_P19__8__5
C5_P4_MMD7_L001	Post_P19	P19	Responder	anti-PD1	1795	11.1	-0.78388949472919	0	9.262	hi	8	Post_P19__8__6
H3_P4_MMD7_L001	Post_P19	P19	Responder	anti-PD1	1623	0	2.01953562340967	0	9.262	lo	8	Post_P19__8__1
B9_P4_MMD7_L001	Post_P19	P19	Responder	anti-PD1	1719	0	0.482053798618684	0	9.262	lo	8	Post_P19__8__2
C9_P3_MMD7_L001	Post_P19	P19	Responder	anti-PD1	1728	0	0.550030897855325	0	9.262	lo	8	Post_P19__8__3
B4_P3_MMD7_L001	Post_P19	P19	Responder	anti-PD1	1741	0	0.549837331879314	0	9.262	lo	8	Post_P19__8__4
D11_P2_MMD7_L001	Post_P19	P19	Responder	anti-PD1	1744	0	1.91727462740822	0	9.262	lo	8	Post_P19__8__5
C2_P1_MMD7_L001	Post_P19	P19	Responder	anti-PD1	1759	0	3.19447382769902	0	9.262	lo	8	Post_P19__8__6
E5_P3_MMD7_L001	Post_P19	P19	Responder	anti-PD1	1493	10.04	0.309010359869137	0	9.262	hi	7	Post_P19__7__1
B12_P1_MMD7_L001	Post_P19	P19	Responder	anti-PD1	1512	10.13	1.73051072337332	0	9.262	hi	7	Post_P19__7__2
E12_P4_MMD7_L001	Post_P19	P19	Responder	anti-PD1	1516	10.09	-0.022823518720466	0	9.262	hi	7	Post_P19__7__3
B11_P1_MMD7_L001	Post_P19	P19	Responder	anti-PD1	1526	9.41	1.46523173391494	0	9.262	hi	7	Post_P19__7__4
F11_P4_MMD7_L001	Post_P19	P19	Responder	anti-PD1	1556	9.87	-0.523511450381681	0	9.262	hi	7	Post_P19__7__5
H3_P1_MMD7_L001	Post_P19	P19	Responder	anti-PD1	1570	9.78	1.51724100327154	0	9.262	hi	7	Post_P19__7__6
F1_P1_MMD7_L001	Post_P19	P19	Responder	anti-PD1	1586	10.16	1.91042893493275	0	9.262	hi	7	Post_P19__7__7
B3_P3_MMD7_L001	Post_P19	P19	Responder	anti-PD1	1432	0	1.13401308615049	0	9.262	lo	7	Post_P19__7__1
D8_P2_MMD7_L001	Post_P19	P19	Responder	anti-PD1	1519	0	-0.0122237368229752	0	9.262	lo	7	Post_P19__7__2
D9_P2_MMD7_L001	Post_P19	P19	Responder	anti-PD1	1536	0	2.90805434387495	0	9.262	lo	7	Post_P19__7__3
H2_P2_MMD7_L001	Post_P19	P19	Responder	anti-PD1	1546	0	-1.08239821882952	0	9.262	lo	7	Post_P19__7__4
C9_P1_MMD7_L001	Post_P19	P19	Responder	anti-PD1	1568	0	0.860950563431477	0	9.262	lo	7	Post_P19__7__5
H12_P4_MMD7_L001	Post_P19	P19	Responder	anti-PD1	1573	0	1.87140766993821	0	9.262	lo	7	Post_P19__7__6
B10_P4_MMD7_L001	Post_P19	P19	Responder	anti-PD1	1589	0	1.32570883315158	0	9.262	lo	7	Post_P19__7__7
E2_P4_MMD7_L001	Post_P19	P19	Responder	anti-PD1	1831	10.69	2.65543711377681	0	9.262	hi	9	Post_P19__9__1
B9_P7_MMD7_L001_myeloid_enriched	Post_P19	P19	Responder	anti-PD1	1843	10.51	-0.94692475463468	0	9.262	hi	9	Post_P19__9__2
G11_P2_MMD7_L001	Post_P19	P19	Responder	anti-PD1	1876	9.64	2.63143311523082	0	9.262	hi	9	Post_P19__9__3
G4_P3_MMD7_L001	Post_P19	P19	Responder	anti-PD1	1903	9.45	1.95995819701927	0	9.262	hi	9	Post_P19__9__4
C1_P1_MMD7_L001	Post_P19	P19	Responder	anti-PD1	1972	10.4	1.13452380952381	0	9.262	hi	9	Post_P19__9__5
C3_P1_MMD7_L001	Post_P19	P19	Responder	anti-PD1	1808	0	0.779465648854962	0	9.262	lo	9	Post_P19__9__1
H6_P4_MMD7_L001	Post_P19	P19	Responder	anti-PD1	1828	0	-0.000282624500181239	0	9.262	lo	9	Post_P19__9__2
H7_P3_MMD7_L001	Post_P19	P19	Responder	anti-PD1	1860	0	1.36982733551436	0	9.262	lo	9	Post_P19__9__3
B12_P4_MMD7_L001	Post_P19	P19	Responder	anti-PD1	1867	0	-0.779472010178115	0	9.262	lo	9	Post_P19__9__4
D3_P1_MMD7_L001	Post_P19	P19	Responder	anti-PD1	1912	0	3.1115312613595	0	9.262	lo	9	Post_P19__9__5
B9_P1_MMD7_L001	Post_P19	P19	Responder	anti-PD1	1381	10.18	1.39868502362777	0	9.262	hi	6	Post_P19__6__1
H5_P3_MMD7_L001	Post_P19	P19	Responder	anti-PD1	1393	10.76	1.63685114503817	0	9.262	hi	6	Post_P19__6__2
H11_P3_MMD7_L001	Post_P19	P19	Responder	anti-PD1	1380	0	0.870914213013449	0	9.262	lo	6	Post_P19__6__1
H12_P1_MMD7_L001	Post_P19	P19	Responder	anti-PD1	1394	0	0.977893493275172	0	9.262	lo	6	Post_P19__6__2
G10_P3_MMD7_L001	Post_P19	P19	Responder	anti-PD1	2015	10.9	7.18288077062887	0	9.262	hi	10	Post_P19__10__1
E5_P1_MMD7_L001	Post_P19	P19	Responder	anti-PD1	2125	10.41	3.27911577608142	0	9.262	hi	10	Post_P19__10__2
G12_P4_MMD7_L001	Post_P19	P19	Responder	anti-PD1	2012	0	-0.368056161395852	0	9.262	lo	10	Post_P19__10__1
F1_P2_MMD7_L001	Post_P19	P19	Responder	anti-PD1	2166	0	2.19743456924755	0	9.262	lo	10	Post_P19__10__2
A12_P3_M79_L001	Post_P20	P20	Non-responder	anti-PD1	2432	10.91	1.92623864049436	8.69	9.51	hi	12	Post_P20__12__1
F6_P4_M79_L001	Post_P20	P20	Non-responder	anti-PD1	2447	9.72	0.671449472918937	8.69	9.51	hi	12	Post_P20__12__2
E5_P4_M79_L001	Post_P20	P20	Non-responder	anti-PD1	2521	9.64	3.45736732097419	8.69	9.51	hi	12	Post_P20__12__3
F1_P2_M79_L001	Post_P20	P20	Non-responder	anti-PD1	2546	10.53	3.47777898945838	8.69	9.51	hi	12	Post_P20__12__4
B2_P2_M79_L001	Post_P20	P20	Non-responder	anti-PD1	2567	10.66	4.60034351145038	8.69	9.51	hi	12	Post_P20__12__5
C4_P1_M79_L001	Post_P20	P20	Non-responder	anti-PD1	2446	3.1	1.02235823336969	8.69	9.51	lo	12	Post_P20__12__1
A12_P1_M79_L001	Post_P20	P20	Non-responder	anti-PD1	2455	0	1.39907033805889	8.69	9.51	lo	12	Post_P20__12__2
H11_P3_M79_L001	Post_P20	P20	Non-responder	anti-PD1	2497	6.03	1.9283524173028	8.69	9.51	lo	12	Post_P20__12__3
C9_P4_M79_L001	Post_P20	P20	Non-responder	anti-PD1	2524	0	0.183137949836427	8.69	9.51	lo	12	Post_P20__12__4
D7_P2_M79_L001	Post_P20	P20	Non-responder	anti-PD1	2555	0	1.37907488186114	8.69	9.51	lo	12	Post_P20__12__5
F7_P1_M79_L001	Post_P20	P20	Non-responder	anti-PD1	2057	9.91	2.05123046165031	8.69	9.51	hi	10	Post_P20__10__1
B10_P1_M79_L001	Post_P20	P20	Non-responder	anti-PD1	2162	9.98	0.585623409669212	8.69	9.51	hi	10	Post_P20__10__2
B4_P1_M79_L001	Post_P20	P20	Non-responder	anti-PD1	2166	10.36	1.38095510723373	8.69	9.51	hi	10	Post_P20__10__3
D9_P2_M79_L001	Post_P20	P20	Non-responder	anti-PD1	2167	10.7	5.14867411850236	8.69	9.51	hi	10	Post_P20__10__4
G12_P2_M79_L001	Post_P20	P20	Non-responder	anti-PD1	2199	11.68	4.30992093784079	8.69	9.51	hi	10	Post_P20__10__5
H11_P4_M79_L001	Post_P20	P20	Non-responder	anti-PD1	2009	0	0.915527081061437	8.69	9.51	lo	10	Post_P20__10__1
C12_P3_M79_L001	Post_P20	P20	Non-responder	anti-PD1	2028	0	3.01362050163577	8.69	9.51	lo	10	Post_P20__10__2
C4_P3_M79_L001	Post_P20	P20	Non-responder	anti-PD1	2069	0	1.24416030534351	8.69	9.51	lo	10	Post_P20__10__3
F2_P3_M79_L001	Post_P20	P20	Non-responder	anti-PD1	2133	0	1.02552344601963	8.69	9.51	lo	10	Post_P20__10__4
E10_P1_M79_L001	Post_P20	P20	Non-responder	anti-PD1	2195	7.76	2.02001181388586	8.69	9.51	lo	10	Post_P20__10__5
C10_P3_M79_L001	Post_P20	P20	Non-responder	anti-PD1	2201	9.57	0.0118902217375494	8.69	9.51	hi	11	Post_P20__11__1
E6_P2_M79_L001	Post_P20	P20	Non-responder	anti-PD1	2227	10.25	1.46727644492912	8.69	9.51	hi	11	Post_P20__11__2
B4_P2_M79_L001	Post_P20	P20	Non-responder	anti-PD1	2292	12.24	3.4951899309342	8.69	9.51	hi	11	Post_P20__11__3
H4_P4_M79_L001	Post_P20	P20	Non-responder	anti-PD1	2331	11.1	3.5170092693566	8.69	9.51	hi	11	Post_P20__11__4
B11_P4_M79_L001	Post_P20	P20	Non-responder	anti-PD1	2349	10.02	-0.307150127226464	8.69	9.51	hi	11	Post_P20__11__5
E4_P2_M79_L001	Post_P20	P20	Non-responder	anti-PD1	2213	0	1.96999363867684	8.69	9.51	lo	11	Post_P20__11__1
E12_P3_M79_L001	Post_P20	P20	Non-responder	anti-PD1	2225	0	2.26266721192294	8.69	9.51	lo	11	Post_P20__11__2
G1_P3_M79_L001	Post_P20	P20	Non-responder	anti-PD1	2284	7.69	0.0250199927299164	8.69	9.51	lo	11	Post_P20__11__3
B9_P2_M79_L001	Post_P20	P20	Non-responder	anti-PD1	2321	0	1.87472373682298	8.69	9.51	lo	11	Post_P20__11__4
D9_P1_M79_L001	Post_P20	P20	Non-responder	anti-PD1	2331	0	1.32868047982552	8.69	9.51	lo	11	Post_P20__11__5
G5_P2_M79_L001	Post_P20	P20	Non-responder	anti-PD1	1840	9.53	3.12500908760451	8.69	9.51	hi	9	Post_P20__9__1
E2_P4_M79_L001	Post_P20	P20	Non-responder	anti-PD1	1839	8.34	0.0731833878589594	8.69	9.51	lo	9	Post_P20__9__1
G11_P4_M79_L001	Post_P20	P20	Non-responder	anti-PD1	3247	11.37	3.23772264631044	8.69	9.51	hi	16	Post_P20__16__1
E8_P4_M79_L001	Post_P20	P20	Non-responder	anti-PD1	3252	7.78	1.06106870229008	8.69	9.51	lo	16	Post_P20__16__1
G8_P1_M51_L001	Post_P21	P21	Responder	anti-PD1	2068	10.37	0.0906479462013796	0	0	hi	10	Post_P21__10__1
B9_P2_M51_L001	Post_P21	P21	Responder	anti-PD1	2081	9.22	2.30524082151945	0	0	hi	10	Post_P21__10__2
A10_P6_M51_L001	Post_P21	P21	Responder	anti-PD1	2132	10.16	-0.652978916757542	0	0	hi	10	Post_P21__10__3
F6_P1_M51_L001	Post_P21	P21	Responder	anti-PD1	2025	0	1.1731070519811	0	0	lo	10	Post_P21__10__1
B2_P6_M51_L001	Post_P21	P21	Responder	anti-PD1	2045	0	1.36043529625591	0	0	lo	10	Post_P21__10__2
A7_P6_M51_L001	Post_P21	P21	Responder	anti-PD1	2101	0	1.36796255906943	0	0	lo	10	Post_P21__10__3
C2_P2_M51_L001	Post_P21	P21	Responder	anti-PD1	1515	9.68	2.74543256997456	0	0	hi	7	Post_P21__7__1
E2_P1_M51_L001	Post_P21	P21	Responder	anti-PD1	1549	9.46	-0.424506543075244	0	0	hi	7	Post_P21__7__2
B9_P1_M51_L001	Post_P21	P21	Responder	anti-PD1	1552	7.33	1.22124681933842	0	0	hi	7	Post_P21__7__3
D4_P6_M51_L001	Post_P21	P21	Responder	anti-PD1	1553	9.7	2.11556252271901	0	0	hi	7	Post_P21__7__4
D7_P2_M51_L001	Post_P21	P21	Responder	anti-PD1	1593	10.53	-0.86078062522719	0	0	hi	7	Post_P21__7__5
B12_P1_M51_L001	Post_P21	P21	Responder	anti-PD1	1449	0	0.12607324609233	0	0	lo	7	Post_P21__7__1
E4_P6_M51_L001	Post_P21	P21	Responder	anti-PD1	1451	0	1.09314612868048	0	0	lo	7	Post_P21__7__2
D2_P1_M51_L001	Post_P21	P21	Responder	anti-PD1	1465	0	-1.08154398400582	0	0	lo	7	Post_P21__7__3
E10_P2_M51_L001	Post_P21	P21	Responder	anti-PD1	1487	0	2.8160350781534	0	0	lo	7	Post_P21__7__4
D8_P1_M51_L001	Post_P21	P21	Responder	anti-PD1	1513	0	1.51274990912395	0	0	lo	7	Post_P21__7__5
G1_P6_M51_L001	Post_P21	P21	Responder	anti-PD1	1837	9.72	1.43497455470738	0	0	hi	9	Post_P21__9__1
C8_P1_M51_L001	Post_P21	P21	Responder	anti-PD1	1844	10.66	2.28209560159942	0	0	hi	9	Post_P21__9__2
E5_P1_M51_L001	Post_P21	P21	Responder	anti-PD1	1864	9.14	-0.324123046165031	0	0	hi	9	Post_P21__9__3
C4_P6_M51_L001	Post_P21	P21	Responder	anti-PD1	1882	10.08	1.11778353326063	0	0	hi	9	Post_P21__9__4
B1_P6_M51_L001	Post_P21	P21	Responder	anti-PD1	1943	9.23	-0.700450745183571	0	0	hi	9	Post_P21__9__5
A1_P1_M51_L001	Post_P21	P21	Responder	anti-PD1	1956	9.33	0.0545647037440982	0	0	hi	9	Post_P21__9__6
F1_P1_M51_L001	Post_P21	P21	Responder	anti-PD1	1965	9.24	-0.215719738276994	0	0	hi	9	Post_P21__9__7
E1_P1_M51_L001	Post_P21	P21	Responder	anti-PD1	1828	0	1.42504816430389	0	0	lo	9	Post_P21__9__1
A1_P6_M51_L001	Post_P21	P21	Responder	anti-PD1	1859	0	-1.04909123954926	0	0	lo	9	Post_P21__9__2
F9_P6_M51_L001	Post_P21	P21	Responder	anti-PD1	1863	0	-0.569079425663397	0	0	lo	9	Post_P21__9__3
D7_P6_M51_L001	Post_P21	P21	Responder	anti-PD1	1884	0	1.2151217739004	0	0	lo	9	Post_P21__9__4
C11_P1_M51_L001	Post_P21	P21	Responder	anti-PD1	1938	0	3.39110050890585	0	0	lo	9	Post_P21__9__5
D1_P6_M51_L001	Post_P21	P21	Responder	anti-PD1	1961	0	1.81399672846238	0	0	lo	9	Post_P21__9__6
B5_P6_M51_L001	Post_P21	P21	Responder	anti-PD1	1971	0	0.411306797528173	0	0	lo	9	Post_P21__9__7
G7_P6_M51_L001	Post_P21	P21	Responder	anti-PD1	1612	9.8	2.55918211559433	0	0	hi	8	Post_P21__8__1
G5_P2_M51_L001	Post_P21	P21	Responder	anti-PD1	1650	9.72	0.852892584514724	0	0	hi	8	Post_P21__8__2
H10_P2_M51_L001	Post_P21	P21	Responder	anti-PD1	1652	9.39	0.119671028716831	0	0	hi	8	Post_P21__8__3
A4_P2_M51_L001	Post_P21	P21	Responder	anti-PD1	1783	9.42	-0.631994729189385	0	0	hi	8	Post_P21__8__4
E11_P1_M51_L001	Post_P21	P21	Responder	anti-PD1	1627	0	-0.364162122864414	0	0	lo	8	Post_P21__8__1
G3_P1_M51_L001	Post_P21	P21	Responder	anti-PD1	1644	0	1.10606688476917	0	0	lo	8	Post_P21__8__2
G1_P1_M51_L001	Post_P21	P21	Responder	anti-PD1	1669	0	0.622107415485276	0	0	lo	8	Post_P21__8__3
D9_P1_M51_L001	Post_P21	P21	Responder	anti-PD1	1782	0	0.366243184296616	0	0	lo	8	Post_P21__8__4
B4_P2_M51_L001	Post_P21	P21	Responder	anti-PD1	2426	6.8	1.91680025445293	0	0	hi	12	Post_P21__12__1
D4_P1_M51_L001	Post_P21	P21	Responder	anti-PD1	2481	0	2.95482915303526	0	0	lo	12	Post_P21__12__1
H2_P4_MMD6_L001	Post_P22	P22	Non-responder	anti-PD1	2038	10.13	2.90782988004363	0	9.24	hi	10	Post_P22__10__1
A11_P2_MMD6_L001	Post_P22	P22	Non-responder	anti-PD1	2146	10.15	4.10653035259906	0	9.24	hi	10	Post_P22__10__2
C2_P1_MMD6_L001	Post_P22	P22	Non-responder	anti-PD1	2151	9.91	3.17728371501272	0	9.24	hi	10	Post_P22__10__3
H12_P1_MMD6_L001	Post_P22	P22	Non-responder	anti-PD1	2177	9.47	0.646120501635768	0	9.24	hi	10	Post_P22__10__4
A4_P4_MMD6_L001	Post_P22	P22	Non-responder	anti-PD1	2021	0	2.07846237731733	0	9.24	lo	10	Post_P22__10__1
C3_P1_MMD6_L001	Post_P22	P22	Non-responder	anti-PD1	2160	0	1.2851772082879	0	9.24	lo	10	Post_P22__10__2
B6_P1_MMD6_L001	Post_P22	P22	Non-responder	anti-PD1	2169	0	3.03103780443475	0	9.24	lo	10	Post_P22__10__3
F11_P4_MMD6_L001	Post_P22	P22	Non-responder	anti-PD1	2187	0	0.0396555797891645	0	9.24	lo	10	Post_P22__10__4
A6_P1_MMD6_L001	Post_P22	P22	Non-responder	anti-PD1	1924	9.55	0.364402035623414	0	9.24	hi	9	Post_P22__9__1
D10_P1_MMD6_L001	Post_P22	P22	Non-responder	anti-PD1	1948	9.26	1.73291166848419	0	9.24	hi	9	Post_P22__9__2
B12_P1_MMD6_L001	Post_P22	P22	Non-responder	anti-PD1	1992	9.36	2.14193656852053	0	9.24	hi	9	Post_P22__9__3
F11_P1_MMD6_L001	Post_P22	P22	Non-responder	anti-PD1	1883	0	1.80035896037804	0	9.24	lo	9	Post_P22__9__1
C10_P1_MMD6_L001	Post_P22	P22	Non-responder	anti-PD1	1907	0	0.145674300254452	0	9.24	lo	9	Post_P22__9__2
B6_P4_MMD6_L001	Post_P22	P22	Non-responder	anti-PD1	1947	0	1.20470919665576	0	9.24	lo	9	Post_P22__9__3
D12_P2_MMD6_L001	Post_P22	P22	Non-responder	anti-PD1	1641	9.81	1.85155488913122	0	9.24	hi	8	Post_P22__8__1
D8_P4_MMD6_L001	Post_P22	P22	Non-responder	anti-PD1	1692	0	-0.596885677935296	0	9.24	lo	8	Post_P22__8__1
F2_P2_MMD6_L001	Post_P22	P22	Non-responder	anti-PD1	1452	9.56	0.455172664485642	0	9.24	hi	7	Post_P22__7__1
D6_P1_MMD6_L001	Post_P22	P22	Non-responder	anti-PD1	1585	0	2.32541621228644	0	9.24	lo	7	Post_P22__7__1
A6_P2_M83_L001	Post_P23	P23	Non-responder	anti-PD1	2202	10.05	0.305471646673933	9.034	9.78	hi	11	Post_P23__11__1
D10_P1_M83_L001	Post_P23	P23	Non-responder	anti-PD1	2202	10.01	0.236384950926937	9.034	9.78	hi	11	Post_P23__11__2
D9_P1_M83_L001	Post_P23	P23	Non-responder	anti-PD1	2233	0	3.271651217739	9.034	9.78	lo	11	Post_P23__11__1
D3_P1_M83_L001	Post_P23	P23	Non-responder	anti-PD1	2238	0	2.09725372591785	9.034	9.78	lo	11	Post_P23__11__2
E2_P6_M83_L001	Post_P23	P23	Non-responder	anti-PD1	3231	10.61	3.03742729916394	9.034	9.78	hi	16	Post_P23__16__1
A12_P5_M83_L001	Post_P23	P23	Non-responder	anti-PD1	3339	8.81	1.7335332606325	9.034	9.78	lo	16	Post_P23__16__1
F11_P1_M83_L001	Post_P23	P23	Non-responder	anti-PD1	3027	9.98	2.13583242457288	9.034	9.78	hi	15	Post_P23__15__1
H3_P5_M83_L001	Post_P23	P23	Non-responder	anti-PD1	3038	7.78	2.09401762995275	9.034	9.78	lo	15	Post_P23__15__1
D5_P6_M83_L001	Post_P23	P23	Non-responder	anti-PD1	1854	10.49	1.85513631406761	9.034	9.78	hi	9	Post_P23__9__1
B12_P6_M83_L001	Post_P23	P23	Non-responder	anti-PD1	1873	0	2.57870138131589	9.034	9.78	lo	9	Post_P23__9__1
E5_P2_M83_L001	Post_P23	P23	Non-responder	anti-PD1	2832	9.95	1.74345874227554	9.034	9.78	hi	14	Post_P23__14__1
E7_P6_M83_L001	Post_P23	P23	Non-responder	anti-PD1	2853	10.42	3.19790439840059	9.034	9.78	hi	14	Post_P23__14__2
H2_P6_M83_L001	Post_P23	P23	Non-responder	anti-PD1	2960	10.29	2.55149581970193	9.034	9.78	hi	14	Post_P23__14__3
B1_P1_M83_L001	Post_P23	P23	Non-responder	anti-PD1	2812	0	0.258635950563435	9.034	9.78	lo	14	Post_P23__14__1
F8_P5_M83_L001	Post_P23	P23	Non-responder	anti-PD1	2968	8.72	1.94945565249	9.034	9.78	lo	14	Post_P23__14__2
E10_P5_M83_L001	Post_P23	P23	Non-responder	anti-PD1	2995	0	3.18605416212287	9.034	9.78	lo	14	Post_P23__14__3
B8_P2_M83_L001	Post_P23	P23	Non-responder	anti-PD1	2429	9.98	0.914696474009451	9.034	9.78	hi	12	Post_P23__12__1
H9_P2_M83_L001	Post_P23	P23	Non-responder	anti-PD1	2449	10.08	3.98940567066522	9.034	9.78	hi	12	Post_P23__12__2
E8_P1_M83_L001	Post_P23	P23	Non-responder	anti-PD1	2457	10.7	3.19213558705925	9.034	9.78	hi	12	Post_P23__12__3
E6_P1_M83_L001	Post_P23	P23	Non-responder	anti-PD1	2590	9.8	3.28148309705562	9.034	9.78	hi	12	Post_P23__12__4
H11_P5_M83_L001	Post_P23	P23	Non-responder	anti-PD1	2429	7.65	3.74851417666304	9.034	9.78	lo	12	Post_P23__12__1
B2_P1_M83_L001	Post_P23	P23	Non-responder	anti-PD1	2455	7.94	3.01221646673937	9.034	9.78	lo	12	Post_P23__12__2
G5_P1_M83_L001	Post_P23	P23	Non-responder	anti-PD1	2487	7.84	2.11994274809161	9.034	9.78	lo	12	Post_P23__12__3
C2_P5_M83_L001	Post_P23	P23	Non-responder	anti-PD1	2559	0	1.33962195565249	9.034	9.78	lo	12	Post_P23__12__4
H7_P6_M83_L001	Post_P23	P23	Non-responder	anti-PD1	2651	10.23	-0.625922391857508	9.034	9.78	hi	13	Post_P23__13__1
C10_P1_M83_L001	Post_P23	P23	Non-responder	anti-PD1	2679	10.2	0.544316612141034	9.034	9.78	hi	13	Post_P23__13__2
C3_P1_M83_L001	Post_P23	P23	Non-responder	anti-PD1	2703	10.21	3.79763449654671	9.034	9.78	hi	13	Post_P23__13__3
F5_P5_M83_L001	Post_P23	P23	Non-responder	anti-PD1	2723	11.05	3.09401853871319	9.034	9.78	hi	13	Post_P23__13__4
F6_P6_M83_L001	Post_P23	P23	Non-responder	anti-PD1	2743	12.72	5.47213013449655	9.034	9.78	hi	13	Post_P23__13__5
E7_P5_M83_L001	Post_P23	P23	Non-responder	anti-PD1	2792	12.04	4.87736277717194	9.034	9.78	hi	13	Post_P23__13__6
G8_P5_M83_L001	Post_P23	P23	Non-responder	anti-PD1	2799	10.41	2.15441657579063	9.034	9.78	hi	13	Post_P23__13__7
C12_P1_M83_L001	Post_P23	P23	Non-responder	anti-PD1	2614	0	0.20812704471101	9.034	9.78	lo	13	Post_P23__13__1
G1_P5_M83_L001	Post_P23	P23	Non-responder	anti-PD1	2619	8.7	2.22213740458015	9.034	9.78	lo	13	Post_P23__13__2
F8_P2_M83_L001	Post_P23	P23	Non-responder	anti-PD1	2623	8.8	1.61486368593239	9.034	9.78	lo	13	Post_P23__13__3
E1_P2_M83_L001	Post_P23	P23	Non-responder	anti-PD1	2634	0	2.49868865866957	9.034	9.78	lo	13	Post_P23__13__4
E10_P1_M83_L001	Post_P23	P23	Non-responder	anti-PD1	2690	0	2.1142602689931	9.034	9.78	lo	13	Post_P23__13__5
H1_P6_M83_L001	Post_P23	P23	Non-responder	anti-PD1	2744	8.3	0.227471828426027	9.034	9.78	lo	13	Post_P23__13__6
H12_P2_M83_L001	Post_P23	P23	Non-responder	anti-PD1	2788	8.5	-0.531556706652127	9.034	9.78	lo	13	Post_P23__13__7
C12_P5_M83_L001	Post_P23	P23	Non-responder	anti-PD1	2160	10.43	2.01559796437659	9.034	9.78	hi	10	Post_P23__10__1
E9_P6_M83_L001	Post_P23	P23	Non-responder	anti-PD1	2160	9.88	3.02114503816794	9.034	9.78	hi	10	Post_P23__10__2
F2_P2_M83_L001	Post_P23	P23	Non-responder	anti-PD1	2193	11.49	3.66520628862232	9.034	9.78	hi	10	Post_P23__10__3
C4_P1_M83_L001	Post_P23	P23	Non-responder	anti-PD1	2049	0	1.95356779352963	9.034	9.78	lo	10	Post_P23__10__1
D10_P5_M83_L001	Post_P23	P23	Non-responder	anti-PD1	2128	0	1.76179207560887	9.034	9.78	lo	10	Post_P23__10__2
C8_P6_M83_L001	Post_P23	P23	Non-responder	anti-PD1	2195	8.63	3.12845510723374	9.034	9.78	lo	10	Post_P23__10__3
B11_P6_M68_L001	Post_P23_2	P23_2	Non-responder	anti-PD1	2221	9.87	3.53959832788077	8.78	9.72	hi	11	Post_P23_2__11__1
D8_P1_M68_L001	Post_P23_2	P23_2	Non-responder	anti-PD1	2223	10.56	2.40050617957107	8.78	9.72	hi	11	Post_P23_2__11__2
F10_P6_M68_L001	Post_P23_2	P23_2	Non-responder	anti-PD1	2239	10.12	-0.0314276626681198	8.78	9.72	hi	11	Post_P23_2__11__3
C7_P1_M68_L001	Post_P23_2	P23_2	Non-responder	anti-PD1	2249	10.75	1.69871410396219	8.78	9.72	hi	11	Post_P23_2__11__4
E7_P6_M68_L001	Post_P23_2	P23_2	Non-responder	anti-PD1	2268	10.94	1.76492366412213	8.78	9.72	hi	11	Post_P23_2__11__5
D6_P3_M68_L001	Post_P23_2	P23_2	Non-responder	anti-PD1	2278	9.94	1.91169029443838	8.78	9.72	hi	11	Post_P23_2__11__6
B4_P5_M68_L001	Post_P23_2	P23_2	Non-responder	anti-PD1	2333	10.62	1.0253026172301	8.78	9.72	hi	11	Post_P23_2__11__7
H7_P5_M68_L001	Post_P23_2	P23_2	Non-responder	anti-PD1	2341	10.77	4.82571155943293	8.78	9.72	hi	11	Post_P23_2__11__8
D8_P3_M68_L001	Post_P23_2	P23_2	Non-responder	anti-PD1	2219	8.67	1.81470737913486	8.78	9.72	lo	11	Post_P23_2__11__1
B12_P6_M68_L001	Post_P23_2	P23_2	Non-responder	anti-PD1	2225	0	2.28654761904762	8.78	9.72	lo	11	Post_P23_2__11__2
D3_P3_M68_L001	Post_P23_2	P23_2	Non-responder	anti-PD1	2248	0	3.36929389312977	8.78	9.72	lo	11	Post_P23_2__11__3
H8_P3_M68_L001	Post_P23_2	P23_2	Non-responder	anti-PD1	2272	0	4.27895583424209	8.78	9.72	lo	11	Post_P23_2__11__4
C1_P3_M68_L001	Post_P23_2	P23_2	Non-responder	anti-PD1	2314	0	0.205504362050167	8.78	9.72	lo	11	Post_P23_2__11__5
A10_P1_M68_L001	Post_P23_2	P23_2	Non-responder	anti-PD1	2323	8.3	1.99189749182116	8.78	9.72	lo	11	Post_P23_2__11__6
B6_P5_M68_L001	Post_P23_2	P23_2	Non-responder	anti-PD1	2374	0	1.14728644129407	8.78	9.72	lo	11	Post_P23_2__11__7
F9_P3_M68_L001	Post_P23_2	P23_2	Non-responder	anti-PD1	2379	0	1.7539594692839	8.78	9.72	lo	11	Post_P23_2__11__8
F4_P5_M68_L001	Post_P23_2	P23_2	Non-responder	anti-PD1	2810	10.05	2.87587422755361	8.78	9.72	hi	14	Post_P23_2__14__1
F6_P6_M68_L001	Post_P23_2	P23_2	Non-responder	anti-PD1	2820	10.34	1.75248364231189	8.78	9.72	hi	14	Post_P23_2__14__2
G11_P5_M68_L001	Post_P23_2	P23_2	Non-responder	anti-PD1	2809	0	0.12794983642312	8.78	9.72	lo	14	Post_P23_2__14__1
A1_P3_M68_L001	Post_P23_2	P23_2	Non-responder	anti-PD1	2847	0	2.72400218102509	8.78	9.72	lo	14	Post_P23_2__14__2
G3_P6_M68_L001	Post_P23_2	P23_2	Non-responder	anti-PD1	2464	11.15	2.03687840785169	8.78	9.72	hi	12	Post_P23_2__12__1
A8_P6_M68_L001	Post_P23_2	P23_2	Non-responder	anti-PD1	2474	9.9	1.85097691748455	8.78	9.72	hi	12	Post_P23_2__12__2
A3_P3_M68_L001	Post_P23_2	P23_2	Non-responder	anti-PD1	2485	11.34	1.89817884405671	8.78	9.72	hi	12	Post_P23_2__12__3
A2_P6_M68_L001	Post_P23_2	P23_2	Non-responder	anti-PD1	2516	10.49	2.34933478735005	8.78	9.72	hi	12	Post_P23_2__12__4
H9_P5_M68_L001	Post_P23_2	P23_2	Non-responder	anti-PD1	2547	9.96	1.07556343147946	8.78	9.72	hi	12	Post_P23_2__12__5
G2_P1_M68_L001	Post_P23_2	P23_2	Non-responder	anti-PD1	2550	10.32	0.717602689930938	8.78	9.72	hi	12	Post_P23_2__12__6
H5_P3_M68_L001	Post_P23_2	P23_2	Non-responder	anti-PD1	2581	10.07	0.139963649581973	8.78	9.72	hi	12	Post_P23_2__12__7
H2_P6_M68_L001	Post_P23_2	P23_2	Non-responder	anti-PD1	2428	0	1.111042348237	8.78	9.72	lo	12	Post_P23_2__12__1
H5_P5_M68_L001	Post_P23_2	P23_2	Non-responder	anti-PD1	2470	0	0.226634860050889	8.78	9.72	lo	12	Post_P23_2__12__2
C6_P5_M68_L001	Post_P23_2	P23_2	Non-responder	anti-PD1	2498	0	1.81937113776808	8.78	9.72	lo	12	Post_P23_2__12__3
H9_P3_M68_L001	Post_P23_2	P23_2	Non-responder	anti-PD1	2504	0	1.58604143947655	8.78	9.72	lo	12	Post_P23_2__12__4
A8_P3_M68_L001	Post_P23_2	P23_2	Non-responder	anti-PD1	2516	8.76	2.15976281352235	8.78	9.72	lo	12	Post_P23_2__12__5
H11_P1_M68_L001	Post_P23_2	P23_2	Non-responder	anti-PD1	2580	0	1.25132315521629	8.78	9.72	lo	12	Post_P23_2__12__6
C10_P5_M68_L001	Post_P23_2	P23_2	Non-responder	anti-PD1	2587	6.62	2.33414667393675	8.78	9.72	lo	12	Post_P23_2__12__7
C11_P3_M68_L001	Post_P23_2	P23_2	Non-responder	anti-PD1	2073	10.66	-0.679809160305347	8.78	9.72	hi	10	Post_P23_2__10__1
E12_P1_M68_L001	Post_P23_2	P23_2	Non-responder	anti-PD1	2080	9.88	0.379472918938567	8.78	9.72	hi	10	Post_P23_2__10__2
D10_P3_M68_L001	Post_P23_2	P23_2	Non-responder	anti-PD1	2130	10.18	0.30405034532897	8.78	9.72	hi	10	Post_P23_2__10__3
H5_P6_M68_L001	Post_P23_2	P23_2	Non-responder	anti-PD1	2142	9.81	1.775608869502	8.78	9.72	hi	10	Post_P23_2__10__4
C8_P6_M68_L001	Post_P23_2	P23_2	Non-responder	anti-PD1	2151	10.06	1.56549254816431	8.78	9.72	hi	10	Post_P23_2__10__5
F11_P3_M68_L001	Post_P23_2	P23_2	Non-responder	anti-PD1	2068	0	-1.41068884042167	8.78	9.72	lo	10	Post_P23_2__10__1
H9_P6_M68_L001	Post_P23_2	P23_2	Non-responder	anti-PD1	2089	0	1.70552435478008	8.78	9.72	lo	10	Post_P23_2__10__2
E5_P5_M68_L001	Post_P23_2	P23_2	Non-responder	anti-PD1	2160	0	1.29871228644129	8.78	9.72	lo	10	Post_P23_2__10__3
H4_P3_M68_L001	Post_P23_2	P23_2	Non-responder	anti-PD1	2169	0	-0.698791348600506	8.78	9.72	lo	10	Post_P23_2__10__4
B6_P3_M68_L001	Post_P23_2	P23_2	Non-responder	anti-PD1	2182	0	-0.0988195201744877	8.78	9.72	lo	10	Post_P23_2__10__5
B12_P5_M68_L001	Post_P23_2	P23_2	Non-responder	anti-PD1	3536	10.53	2.0628062522719	8.78	9.72	hi	17	Post_P23_2__17__1
G5_P1_M68_L001	Post_P23_2	P23_2	Non-responder	anti-PD1	3509	2.91	0.860632497273723	8.78	9.72	lo	17	Post_P23_2__17__1
F1_P3_M68_L001	Post_P23_2	P23_2	Non-responder	anti-PD1	1625	10.72	1.80581879316612	8.78	9.72	hi	8	Post_P23_2__8__1
H4_P1_M68_L001	Post_P23_2	P23_2	Non-responder	anti-PD1	1607	0	-0.643446928389677	8.78	9.72	lo	8	Post_P23_2__8__1
D8_P6_M68_L001	Post_P23_2	P23_2	Non-responder	anti-PD1	2619	10.96	3.04095783351508	8.78	9.72	hi	13	Post_P23_2__13__1
B8_P6_M68_L001	Post_P23_2	P23_2	Non-responder	anti-PD1	2645	10.4	2.39791712104689	8.78	9.72	hi	13	Post_P23_2__13__2
E9_P6_M68_L001	Post_P23_2	P23_2	Non-responder	anti-PD1	2784	11.51	2.93291348600508	8.78	9.72	hi	13	Post_P23_2__13__3
H11_P5_M68_L001	Post_P23_2	P23_2	Non-responder	anti-PD1	2614	8.02	3.30747546346783	8.78	9.72	lo	13	Post_P23_2__13__1
F5_P6_M68_L001	Post_P23_2	P23_2	Non-responder	anti-PD1	2657	8.29	2.97820610687023	8.78	9.72	lo	13	Post_P23_2__13__2
C6_P6_M68_L001	Post_P23_2	P23_2	Non-responder	anti-PD1	2702	8.6	2.65234732824427	8.78	9.72	lo	13	Post_P23_2__13__3
E4_P6_M68_L001	Post_P23_2	P23_2	Non-responder	anti-PD1	1887	9.82	1.83659123954926	8.78	9.72	hi	9	Post_P23_2__9__1
F9_P1_M68_L001	Post_P23_2	P23_2	Non-responder	anti-PD1	1886	0	-1.06960196292257	8.78	9.72	lo	9	Post_P23_2__9__1
D11_P5_M68_L001	Post_P23_2	P23_2	Non-responder	anti-PD1	3354	10	2.342370956016	8.78	9.72	hi	16	Post_P23_2__16__1
H6_P5_M68_L001	Post_P23_2	P23_2	Non-responder	anti-PD1	3249	0	2.15840512540894	8.78	9.72	lo	16	Post_P23_2__16__1
E6_P1_M68_L001	Post_P23_2	P23_2	Non-responder	anti-PD1	3190	11.16	2.69482551799345	8.78	9.72	hi	15	Post_P23_2__15__1
E11_P6_M68_L001	Post_P23_2	P23_2	Non-responder	anti-PD1	3185	7.93	-0.404845510723367	8.78	9.72	lo	15	Post_P23_2__15__1
B1_P10_M86_L001	Post_P28	P28	Non-responder	anti-CTLA4+PD1	5453	11.45	4.18113049800072	10.688	10.74	hi	27	Post_P28__27__1
H12_P9_M86_L001	Post_P28	P28	Non-responder	anti-CTLA4+PD1	5478	10.66	3.9539022173755	10.688	10.74	lo	27	Post_P28__27__1
C9_P5_M89_L001	Post_P28_2	P28_2	Non-responder	anti-CTLA4+PD1	2148	10.22	2.51273627771719	8.636	9.434	hi	10	Post_P28_2__10__1
F9_P5_M89_L001	Post_P28_2	P28_2	Non-responder	anti-CTLA4+PD1	2183	9.48	2.88463740458015	8.636	9.434	hi	10	Post_P28_2__10__2
B5_P5_M89_L001	Post_P28_2	P28_2	Non-responder	anti-CTLA4+PD1	2153	0	-0.586840239912758	8.636	9.434	lo	10	Post_P28_2__10__1
E8_P1_M89_L001	Post_P28_2	P28_2	Non-responder	anti-CTLA4+PD1	2178	0	-0.487280079970921	8.636	9.434	lo	10	Post_P28_2__10__2
D8_P3_M89_L001	Post_P28_2	P28_2	Non-responder	anti-CTLA4+PD1	3009	10.67	2.98652762631771	8.636	9.434	hi	15	Post_P28_2__15__1
D10_P3_M89_L001	Post_P28_2	P28_2	Non-responder	anti-CTLA4+PD1	3013	12.71	4.99936023264268	8.636	9.434	hi	15	Post_P28_2__15__2
E7_P1_M89_L001	Post_P28_2	P28_2	Non-responder	anti-CTLA4+PD1	3102	9.73	1.25970101781171	8.636	9.434	hi	15	Post_P28_2__15__3
E6_P3_M89_L001	Post_P28_2	P28_2	Non-responder	anti-CTLA4+PD1	3005	0	1.13963013449655	8.636	9.434	lo	15	Post_P28_2__15__1
E11_P1_M89_L001	Post_P28_2	P28_2	Non-responder	anti-CTLA4+PD1	3019	8.41	3.54926844783715	8.636	9.434	lo	15	Post_P28_2__15__2
G8_P3_M89_L001	Post_P28_2	P28_2	Non-responder	anti-CTLA4+PD1	3092	0	1.78734005816067	8.636	9.434	lo	15	Post_P28_2__15__3
F12_P3_M89_L001	Post_P28_2	P28_2	Non-responder	anti-CTLA4+PD1	3218	10.56	3.74806888404216	8.636	9.434	hi	16	Post_P28_2__16__1
C7_P4_M89_L001	Post_P28_2	P28_2	Non-responder	anti-CTLA4+PD1	3336	10.65	3.9610368956743	8.636	9.434	hi	16	Post_P28_2__16__2
A5_P5_M89_L001	Post_P28_2	P28_2	Non-responder	anti-CTLA4+PD1	3267	1.99	3.7243874954562	8.636	9.434	lo	16	Post_P28_2__16__1
E8_P3_M89_L001	Post_P28_2	P28_2	Non-responder	anti-CTLA4+PD1	3279	0	2.18187386404944	8.636	9.434	lo	16	Post_P28_2__16__2
H5_P4_M89_L001	Post_P28_2	P28_2	Non-responder	anti-CTLA4+PD1	2817	9.61	2.75129134860051	8.636	9.434	hi	14	Post_P28_2__14__1
C6_P1_M89_L001	Post_P28_2	P28_2	Non-responder	anti-CTLA4+PD1	2885	9.69	1.66460923300618	8.636	9.434	hi	14	Post_P28_2__14__2
E3_P1_M89_L001	Post_P28_2	P28_2	Non-responder	anti-CTLA4+PD1	2958	9.91	2.9448173391494	8.636	9.434	hi	14	Post_P28_2__14__3
C8_P1_M89_L001	Post_P28_2	P28_2	Non-responder	anti-CTLA4+PD1	2818	3.99	2.53778625954198	8.636	9.434	lo	14	Post_P28_2__14__1
F10_P4_M89_L001	Post_P28_2	P28_2	Non-responder	anti-CTLA4+PD1	2936	0	1.98830607051981	8.636	9.434	lo	14	Post_P28_2__14__2
C12_P3_M89_L001	Post_P28_2	P28_2	Non-responder	anti-CTLA4+PD1	2988	7.66	2.03547164667394	8.636	9.434	lo	14	Post_P28_2__14__3
C9_P1_M89_L001	Post_P28_2	P28_2	Non-responder	anti-CTLA4+PD1	3928	10.37	2.54185568884042	8.636	9.434	hi	19	Post_P28_2__19__1
B12_P4_M89_L001	Post_P28_2	P28_2	Non-responder	anti-CTLA4+PD1	3829	7.92	1.88824972737186	8.636	9.434	lo	19	Post_P28_2__19__1
F10_P5_M89_L001	Post_P28_2	P28_2	Non-responder	anti-CTLA4+PD1	2415	10.64	4.44918029807343	8.636	9.434	hi	12	Post_P28_2__12__1
H4_P4_M89_L001	Post_P28_2	P28_2	Non-responder	anti-CTLA4+PD1	2478	9.62	2.77817248273355	8.636	9.434	hi	12	Post_P28_2__12__2
D2_P4_M89_L001	Post_P28_2	P28_2	Non-responder	anti-CTLA4+PD1	2516	9.62	2.48930934205743	8.636	9.434	hi	12	Post_P28_2__12__3
D6_P5_M89_L001	Post_P28_2	P28_2	Non-responder	anti-CTLA4+PD1	2522	9.7	2.37977462740822	8.636	9.434	hi	12	Post_P28_2__12__4
G5_P4_M89_L001	Post_P28_2	P28_2	Non-responder	anti-CTLA4+PD1	2563	9.74	1.41534623773173	8.636	9.434	hi	12	Post_P28_2__12__5
B4_P1_M89_L001	Post_P28_2	P28_2	Non-responder	anti-CTLA4+PD1	2574	9.76	2.70901762995274	8.636	9.434	hi	12	Post_P28_2__12__6
B7_P1_M89_L001	Post_P28_2	P28_2	Non-responder	anti-CTLA4+PD1	2426	0	3.74441657579062	8.636	9.434	lo	12	Post_P28_2__12__1
G2_P3_M89_L001	Post_P28_2	P28_2	Non-responder	anti-CTLA4+PD1	2448	0	1.22876772082879	8.636	9.434	lo	12	Post_P28_2__12__2
D11_P5_M89_L001	Post_P28_2	P28_2	Non-responder	anti-CTLA4+PD1	2451	0	2.25372955288986	8.636	9.434	lo	12	Post_P28_2__12__3
F11_P4_M89_L001	Post_P28_2	P28_2	Non-responder	anti-CTLA4+PD1	2487	3.03	2.98143765903308	8.636	9.434	lo	12	Post_P28_2__12__4
D8_P1_M89_L001	Post_P28_2	P28_2	Non-responder	anti-CTLA4+PD1	2528	8.22	0.569822791712104	8.636	9.434	lo	12	Post_P28_2__12__5
H2_P1_M89_L001	Post_P28_2	P28_2	Non-responder	anti-CTLA4+PD1	2570	0	2.42806797528172	8.636	9.434	lo	12	Post_P28_2__12__6
G10_P1_M89_L001	Post_P28_2	P28_2	Non-responder	anti-CTLA4+PD1	2613	9.82	0.831206833878589	8.636	9.434	hi	13	Post_P28_2__13__1
F7_P1_M89_L001	Post_P28_2	P28_2	Non-responder	anti-CTLA4+PD1	2619	10.45	1.37197110141767	8.636	9.434	hi	13	Post_P28_2__13__2
G3_P5_M89_L001	Post_P28_2	P28_2	Non-responder	anti-CTLA4+PD1	2653	11.01	2.61766266812068	8.636	9.434	hi	13	Post_P28_2__13__3
C9_P4_M89_L001	Post_P28_2	P28_2	Non-responder	anti-CTLA4+PD1	2689	9.85	1.07790803344238	8.636	9.434	hi	13	Post_P28_2__13__4
F4_P3_M89_L001	Post_P28_2	P28_2	Non-responder	anti-CTLA4+PD1	2695	10.1	2.35535441657579	8.636	9.434	hi	13	Post_P28_2__13__5
C4_P1_M89_L001	Post_P28_2	P28_2	Non-responder	anti-CTLA4+PD1	2715	9.79	1.4862286441294	8.636	9.434	hi	13	Post_P28_2__13__6
C8_P4_M89_L001	Post_P28_2	P28_2	Non-responder	anti-CTLA4+PD1	2717	10.41	2.80024536532171	8.636	9.434	hi	13	Post_P28_2__13__7
B6_P4_M89_L001	Post_P28_2	P28_2	Non-responder	anti-CTLA4+PD1	2719	9.75	3.7934114867321	8.636	9.434	hi	13	Post_P28_2__13__8
D12_P4_M89_L001	Post_P28_2	P28_2	Non-responder	anti-CTLA4+PD1	2754	9.53	3.28258542348237	8.636	9.434	hi	13	Post_P28_2__13__9
C10_P3_M89_L001	Post_P28_2	P28_2	Non-responder	anti-CTLA4+PD1	2794	10.36	3.79485459832788	8.636	9.434	hi	13	Post_P28_2__13__10
D7_P4_M89_L001	Post_P28_2	P28_2	Non-responder	anti-CTLA4+PD1	2609	8.57	1.85635041802981	8.636	9.434	lo	13	Post_P28_2__13__1
F5_P4_M89_L001	Post_P28_2	P28_2	Non-responder	anti-CTLA4+PD1	2618	1.6	1.11100418029807	8.636	9.434	lo	13	Post_P28_2__13__2
F1_P3_M89_L001	Post_P28_2	P28_2	Non-responder	anti-CTLA4+PD1	2630	0	1.70061613958561	8.636	9.434	lo	13	Post_P28_2__13__3
D10_P5_M89_L001	Post_P28_2	P28_2	Non-responder	anti-CTLA4+PD1	2642	0	2.18821882951654	8.636	9.434	lo	13	Post_P28_2__13__4
F10_P3_M89_L001	Post_P28_2	P28_2	Non-responder	anti-CTLA4+PD1	2667	0	0.778580516175933	8.636	9.434	lo	13	Post_P28_2__13__5
F4_P1_M89_L001	Post_P28_2	P28_2	Non-responder	anti-CTLA4+PD1	2677	8.63	2.21245819701926	8.636	9.434	lo	13	Post_P28_2__13__6
C6_P3_M89_L001	Post_P28_2	P28_2	Non-responder	anti-CTLA4+PD1	2698	0	2.04614412940749	8.636	9.434	lo	13	Post_P28_2__13__7
G6_P3_M89_L001	Post_P28_2	P28_2	Non-responder	anti-CTLA4+PD1	2702	0	0.10960287168302	8.636	9.434	lo	13	Post_P28_2__13__8
F5_P1_M89_L001	Post_P28_2	P28_2	Non-responder	anti-CTLA4+PD1	2778	8.29	1.80151672119229	8.636	9.434	lo	13	Post_P28_2__13__9
G6_P5_M89_L001	Post_P28_2	P28_2	Non-responder	anti-CTLA4+PD1	2796	8.49	0.164374772809887	8.636	9.434	lo	13	Post_P28_2__13__10
A12_P1_M90-7-31-17	Post_P30	P30	Non-responder	anti-PD1	2435	10.28	1.09897491821156	9.37	10.006	hi	12	Post_P30__12__1
H5_P1_M90-7-31-17	Post_P30	P30	Non-responder	anti-PD1	2473	10.5	1.43922482733551	9.37	10.006	hi	12	Post_P30__12__2
B4_P2_M90-7-24-17	Post_P30	P30	Non-responder	anti-PD1	2517	10.59	1.77686932024718	9.37	10.006	hi	12	Post_P30__12__3
C1_P2_M90-7-24-17	Post_P30	P30	Non-responder	anti-PD1	2493	0	0.184684660123591	9.37	10.006	lo	12	Post_P30__12__1
H7_P2_M90-7-24-17	Post_P30	P30	Non-responder	anti-PD1	2494	0	0.372529989094875	9.37	10.006	lo	12	Post_P30__12__2
F10_P1_M90-7-24-17	Post_P30	P30	Non-responder	anti-PD1	2497	8.61	0.45636404943657	9.37	10.006	lo	12	Post_P30__12__3
H6_P1_M90-7-24-17	Post_P30	P30	Non-responder	anti-PD1	2243	10.29	1.54714830970556	9.37	10.006	hi	11	Post_P30__11__1
D7_P1_M90-7-24-17	Post_P30	P30	Non-responder	anti-PD1	2246	10.14	1.1462250090876	9.37	10.006	hi	11	Post_P30__11__2
C12_P2_M90-7-24-17	Post_P30	P30	Non-responder	anti-PD1	2267	10.11	0.048952199200289	9.37	10.006	hi	11	Post_P30__11__3
H4_P1_M90-7-24-17	Post_P30	P30	Non-responder	anti-PD1	2300	10.27	0.365880588876772	9.37	10.006	hi	11	Post_P30__11__4
E10_P2_M90-7-24-17	Post_P30	P30	Non-responder	anti-PD1	2322	10.01	0.0143320610687008	9.37	10.006	hi	11	Post_P30__11__5
A9_P1_M90-7-24-17	Post_P30	P30	Non-responder	anti-PD1	2358	11.05	3.36864867320974	9.37	10.006	hi	11	Post_P30__11__6
H7_P1_M90-7-24-17	Post_P30	P30	Non-responder	anti-PD1	2220	9.15	1.65849327517266	9.37	10.006	lo	11	Post_P30__11__1
G5_P1_M90-7-24-17	Post_P30	P30	Non-responder	anti-PD1	2293	0	0.543982188295168	9.37	10.006	lo	11	Post_P30__11__2
H10_P2_M90-7-31-17	Post_P30	P30	Non-responder	anti-PD1	2307	0	1.8473118865867	9.37	10.006	lo	11	Post_P30__11__3
B7_P2_M90-7-24-17	Post_P30	P30	Non-responder	anti-PD1	2327	9.14	-0.155776990185389	9.37	10.006	lo	11	Post_P30__11__4
E8_P2_M90-7-24-17	Post_P30	P30	Non-responder	anti-PD1	2329	9.16	2.23082697201017	9.37	10.006	lo	11	Post_P30__11__5
B1_P2_M90-7-31-17	Post_P30	P30	Non-responder	anti-PD1	2360	8.08	2.86473645946928	9.37	10.006	lo	11	Post_P30__11__6
D7_P2_M90-7-31-17	Post_P30	P30	Non-responder	anti-PD1	2722	10.89	1.58724645583424	9.37	10.006	hi	13	Post_P30__13__1
H5_P2_M90-7-24-17	Post_P30	P30	Non-responder	anti-PD1	2774	10.02	3.23711650308979	9.37	10.006	hi	13	Post_P30__13__2
D6_P2_M90-7-31-17	Post_P30	P30	Non-responder	anti-PD1	2780	10.88	3.21533896764813	9.37	10.006	hi	13	Post_P30__13__3
B11_P2_M90-7-24-17	Post_P30	P30	Non-responder	anti-PD1	2680	9.37	1.60807524536532	9.37	10.006	lo	13	Post_P30__13__1
E3_P1_M90-7-24-17	Post_P30	P30	Non-responder	anti-PD1	2699	8.81	3.00620229007634	9.37	10.006	lo	13	Post_P30__13__2
B7_P2_M90-7-31-17	Post_P30	P30	Non-responder	anti-PD1	2740	0	0.28461468556889	9.37	10.006	lo	13	Post_P30__13__3
F6_P2_M90-7-31-17	Post_P30	P30	Non-responder	anti-PD1	1609	10.21	-0.0443556888404224	9.37	10.006	hi	8	Post_P30__8__1
D3_P2_M90-7-31-17	Post_P30	P30	Non-responder	anti-PD1	1613	10.1	0.713932206470374	9.37	10.006	hi	8	Post_P30__8__2
B2_P2_M90-7-24-17	Post_P30	P30	Non-responder	anti-PD1	1693	10.98	3.024086695747	9.37	10.006	hi	8	Post_P30__8__3
F1_P2_M90-7-24-17	Post_P30	P30	Non-responder	anti-PD1	1711	10.87	2.02923482370047	9.37	10.006	hi	8	Post_P30__8__4
B6_P1_M90-7-24-17	Post_P30	P30	Non-responder	anti-PD1	1644	0	0.691900218102507	9.37	10.006	lo	8	Post_P30__8__1
H4_P1_M90-7-31-17	Post_P30	P30	Non-responder	anti-PD1	1695	0	-0.492651762995272	9.37	10.006	lo	8	Post_P30__8__2
B3_P1_M90-7-24-17	Post_P30	P30	Non-responder	anti-PD1	1716	9.37	0.337687204652854	9.37	10.006	lo	8	Post_P30__8__3
C2_P1_M90-7-31-17	Post_P30	P30	Non-responder	anti-PD1	1761	0	0.481276808433296	9.37	10.006	lo	8	Post_P30__8__4
C7_P1_M90-7-24-17	Post_P30	P30	Non-responder	anti-PD1	2934	10.41	2.24288985823337	9.37	10.006	hi	14	Post_P30__14__1
C5_P1_M90-7-24-17	Post_P30	P30	Non-responder	anti-PD1	2995	8.25	3.18581879316612	9.37	10.006	lo	14	Post_P30__14__1
C6_P1_M90-7-31-17	Post_P30	P30	Non-responder	anti-PD1	1896	10.34	1.10152671755724	9.37	10.006	hi	9	Post_P30__9__1
F10_P2_M90-7-31-17	Post_P30	P30	Non-responder	anti-PD1	1939	11.65	1.79098418756816	9.37	10.006	hi	9	Post_P30__9__2
D9_P2_M90-7-31-17	Post_P30	P30	Non-responder	anti-PD1	1942	11.21	-0.0468956743002544	9.37	10.006	hi	9	Post_P30__9__3
G1_P2_M90-7-31-17	Post_P30	P30	Non-responder	anti-PD1	1848	0	-1.05126045074518	9.37	10.006	lo	9	Post_P30__9__1
G10_P2_M90-7-31-17	Post_P30	P30	Non-responder	anti-PD1	1887	0	0.783059796437656	9.37	10.006	lo	9	Post_P30__9__2
C8_P1_M90-7-31-17	Post_P30	P30	Non-responder	anti-PD1	1939	0	0.783615049073061	9.37	10.006	lo	9	Post_P30__9__3
H9_P1_M90-7-31-17	Post_P30	P30	Non-responder	anti-PD1	2035	10.56	1.89537804434751	9.37	10.006	hi	10	Post_P30__10__1
C7_P2_M90-7-31-17	Post_P30	P30	Non-responder	anti-PD1	2102	10.2	3.24389494729189	9.37	10.006	hi	10	Post_P30__10__2
E1_P1_M90-7-31-17	Post_P30	P30	Non-responder	anti-PD1	2148	11.92	2.35403580516176	9.37	10.006	hi	10	Post_P30__10__3
G7_P2_M90-7-31-17	Post_P30	P30	Non-responder	anti-PD1	2034	0	1.00924391130498	9.37	10.006	lo	10	Post_P30__10__1
E2_P2_M90-7-24-17	Post_P30	P30	Non-responder	anti-PD1	2067	0	1.68702744456561	9.37	10.006	lo	10	Post_P30__10__2
D5_P1_M90-7-24-17	Post_P30	P30	Non-responder	anti-PD1	2147	3.64	0.49079243911305	9.37	10.006	lo	10	Post_P30__10__3
G1_P1_M90-7-31-17	Post_P30	P30	Non-responder	anti-PD1	3652	11.86	2.02607960741549	9.37	10.006	hi	18	Post_P30__18__1
C8_P2_M90-7-24-17	Post_P30	P30	Non-responder	anti-PD1	3641	7.97	2.04829243911305	9.37	10.006	lo	18	Post_P30__18__1
H11_P1_M90-7-24-17	Post_P30	P30	Non-responder	anti-PD1	3024	10.37	1.85985459832788	9.37	10.006	hi	15	Post_P30__15__1
D11_P2_M90-7-24-17	Post_P30	P30	Non-responder	anti-PD1	3056	9.06	3.50001544892766	9.37	10.006	lo	15	Post_P30__15__1
F12_P2_M90-7-31-17	Post_P30	P30	Non-responder	anti-PD1	3323	10.37	3.37916666666666	9.37	10.006	hi	16	Post_P30__16__1
E4_P2_M90-7-31-17	Post_P30	P30	Non-responder	anti-PD1	3358	9.18	3.10236186841148	9.37	10.006	lo	16	Post_P30__16__1
H11_P6_MMD8_L001_T_enriched	Post_P16	P16	Non-responder	anti-PD1	3001	9.55	2.33360959651036	8.63	9.38	hi	15	Post_P16__15__1
B2_P6_MMD8_L001_T_enriched	Post_P16	P16	Non-responder	anti-PD1	3139	0	1.59633042529988	8.63	9.38	lo	15	Post_P16__15__1
