cell	cell_group
A10_P1_M15	CD8T
A10_P4_M15	CD8T
A11_P2_M15	CD8T
A11_P5_M15	Tprolif
A11_P6_M15	CD8T
A12_P5_M15	CD8T
A2_P1_M15	CD8T
A2_P2_M15	CD4_Glyco_hi
A2_P3_M15	Plasma
A3_P2_M15	CD8T
A3_P6_M15	CD8T
A4_P1_M15	CD8T
A4_P3_M15	CD8T
A4_P5_M15	NK
A4_P6_M15	CD8T
A5_P1_M15	CD8T
A5_P5_M15	CD8T
A5_P6_M15	MonoMacro
A6_P1_M15	CD8T
A6_P2_M15	CD8T
A7_P1_M15	CD4_Glyco_lo
A7_P2_M15	MonoMacro
A8_P2_M15	CD8T
B10_P2_M15	MonoMacro
B10_P4_M15	Tprolif
B11_P1_M15	NK
B11_P2_M15	CD8T
B11_P6_M15	CD8T
B1_P2_M15	CD8T
B2_P1_M15	NK
B2_P2_M15	Tprolif
B3_P1_M15	CD8T
B3_P5_M15	B
B4_P3_M15	CD8T
B5_P5_M15	Tprolif
B6_P6_M15	B
B7_P6_M15	NK
B9_P2_M15	CD4_Glyco_hi
B9_P6_M15	CD8T
C11_P1_M15	NK
C12_P1_M15	CD4_Glyco_lo
C12_P2_M15	CD8T
C12_P5_M15	CD8T
C12_P6_M15	CD4_Glyco_hi
C1_P1_M15	CD8T
C2_P1_M15	NK
C2_P2_M15	Tprolif
C3_P2_M15	CD8T
C3_P6_M15	NK
C4_P1_M15	CD8T
C4_P2_M15	CD8T
C4_P3_M15	pDC
C4_P6_M15	CD8T
C5_P5_M15	CD8T
C5_P6_M15	CD4_Glyco_lo
C6_P1_M15	NK
C6_P2_M15	CD8T
C7_P1_M15	CD8T
C8_P1_M15	CD8T
C8_P6_M15	CD4_Glyco_lo
C9_P1_M15	CD8T
D10_P1_M15	CD4_Glyco_hi
D10_P4_M15	CD8T
D10_P5_M15	NK
D11_P1_M15	MonoMacro
D11_P2_M15	MonoMacro
D11_P5_M15	CD8T
D11_P6_M15	NK
D12_P1_M15	CD8T
D12_P2_M15	Tprolif
D12_P5_M15	CD4_Glyco_lo
D1_P4_M15	NK
D1_P6_M15	CD8T
D2_P2_M15	CD8T
D2_P3_M15	CD8T
D2_P5_M15	MonoMacro
D3_P1_M15	Plasma
D3_P5_M15	CD4_Glyco_lo
D3_P6_M15	CD8T
D4_P2_M15	CD8T
D4_P3_M15	Tprolif
D4_P5_M15	Tprolif
D5_P1_M15	Tprolif
D5_P3_M15	CD8T
D6_P2_M15	CD4_Glyco_lo
D6_P5_M15	CD4_Glyco_hi
D6_P6_M15	CD8T
D7_P1_M15	CD8T
D7_P2_M15	CD8T
D7_P4_M15	B
D7_P5_M15	CD8T
D8_P1_M15	CD4_Glyco_lo
D8_P5_M15	CD8T
D8_P6_M15	CD8T
D9_P1_M15	Tprolif
E10_P2_M15	CD8T
E10_P5_M15	CD4_Glyco_lo
E10_P6_M15	CD4_Glyco_lo
E11_P1_M15	CD4_Glyco_hi
E11_P2_M15	Tprolif
E11_P3_M15	CD8T
E11_P6_M15	CD4_Glyco_lo
E12_P1_M15	CD4_Glyco_hi
E12_P2_M15	CD4_Glyco_lo
E12_P6_M14	CD4_Glyco_hi
E1_P1_M15	Tprolif
E1_P2_M15	CD8T
E2_P2_M15	CD8T
E2_P6_M15	NK
E3_P1_M15	CD4_Glyco_hi
E4_P1_M15	CD8T
E4_P2_M15	Tprolif
E4_P5_M15	NK
E5_P2_M15	Tprolif
E6_P5_M15	CD8T
E7_P1_M15	CD8T
E8_P2_M15	Tprolif
E8_P6_M15	CD4_Glyco_hi
E9_P1_M15	CD8T
E9_P6_M15	MonoMacro
F10_P1_M15	CD4_Glyco_lo
F10_P2_M15	CD8T
F10_P5_M15	CD8T
F10_P6_M15	CD8T
F11_P2_M15	Tprolif
F12_P1_M15	Tprolif
F12_P6_M14	CD8T
F1_P6_M15	Tprolif
F2_P1_M15	Tprolif
F2_P6_M15	CD8T
F3_P1_M15	CD8T
F3_P5_M15	Plasma
F3_P6_M15	MonoMacro
F6_P2_M15	CD8T
F6_P5_M15	CD8T
F6_P6_M15	CD4_Glyco_hi
F7_P1_M15	CD8T
F8_P5_M15	Tprolif
F8_P6_M15	Tprolif
G12_P1_M15	CD8T
G1_P1_M15	Tprolif
G1_P2_M15	CD4_Glyco_hi
G1_P4_M15	CD8T
G1_P6_M15	Tprolif
G3_P1_M15	Tprolif
G4_P1_M15	CD4_Glyco_lo
G4_P2_M15	CD8T
G4_P5_M15	NK
G6_P2_M15	Tprolif
G6_P6_M15	CD8T
G8_P1_M15	CD8T
G8_P2_M15	CD4_Glyco_hi
G8_P5_M15	CD8T
G8_P6_M15	Tprolif
G9_P6_M15	MonoMacro
H11_P1_M15	Tprolif
H11_P3_M15	CD4_Glyco_lo
H11_P6_M15	CD8T
H12_P1_M15	NK
H12_P2_M15	CD8T
H12_P5_M15	Tprolif
H12_P6_M14	CD4_Glyco_hi
H1_P2_M15	CD8T
H1_P6_M15	CD8T
H2_P2_M15	CD4_Glyco_hi
H2_P3_M15	MonoMacro
H2_P6_M15	NK
H4_P2_M15	CD8T
H5_P1_M15	CD8T
H5_P5_M15	CD8T
H6_P1_M15	CD8T
H6_P3_M15	CD8T
H6_P6_M15	CD8T
H7_P1_M15	CD8T
H7_P2_M15	Tprolif
H7_P6_M15	CD4_Glyco_lo
H8_P1_M15	CD8T
H8_P5_M15	CD4_Glyco_hi
H9_P1_M15	CD8T
H9_P5_M15	NK
A10_P1_M55_L001	Tprolif
A10_P2_M55_L001	CD8T
A10_P4_M55_L001	CD8T
A11_P1_M55_L001	CD8T
A11_P2_M55_L001	CD8T
A11_P4_M55_L001	CD8T
A12_P3_M55_L001	B
A12_P4_M55_L001	B
A2_P1_M55_L001	CD8T
A2_P2_M55_L001	B
A2_P3_M55_L001	Tprolif
A2_P4_M55_L001	Tprolif
A3_P2_M55_L001	Tprolif
A3_P3_M55_L001	MonoMacro
A3_P4_M55_L001	CD4_Glyco_hi
A4_P2_M55_L001	CD8T
A4_P3_M55_L001	CD4_Glyco_hi
A4_P4_M55_L001	CD8T
A5_P1_M55_L001	CD8T
A5_P2_M55_L001	CD8T
A5_P3_M55_L001	CD8T
A5_P4_M55_L001	Tprolif
A6_P1_M55_L001	CD8T
A6_P4_M55_L001	CD4_Glyco_hi
A7_P1_M55_L001	CD8T
A7_P2_M55_L001	CD8T
A7_P3_M55_L001	NK
A7_P4_M55_L001	CD8T
A8_P2_M55_L001	CD8T
A8_P3_M55_L001	CD8T
A8_P4_M55_L001	MonoMacro
A9_P3_M55_L001	NK
A9_P4_M55_L001	Tprolif
B10_P4_M55_L001	B
B11_P2_M55_L001	CD4_Glyco_lo
B11_P3_M55_L001	CD8T
B11_P4_M55_L001	CD8T
B12_P3_M55_L001	B
B12_P4_M55_L001	CD8T
B1_P1_M55_L001	CD4_Glyco_lo
B1_P2_M55_L001	CD8T
B2_P1_M55_L001	CD4_Glyco_lo
B2_P2_M55_L001	CD4_Glyco_lo
B3_P1_M55_L001	CD8T
B3_P2_M55_L001	CD4_Glyco_hi
B4_P1_M55_L001	CD8T
B4_P2_M55_L001	CD8T
B4_P3_M55_L001	NK
B4_P4_M55_L001	CD4_Glyco_lo
B5_P1_M55_L001	B
B5_P2_M55_L001	CD8T
B5_P3_M55_L001	CD8T
B5_P4_M55_L001	Plasma
B6_P4_M55_L001	CD8T
B7_P3_M55_L001	CD8T
B7_P4_M55_L001	CD4_Glyco_lo
B8_P1_M55_L001	pDC
B8_P3_M55_L001	CD8T
B8_P4_M55_L001	CD4_Glyco_lo
B9_P1_M55_L001	CD8T
B9_P4_M55_L001	CD8T
C10_P2_M55_L001	B
C10_P3_M55_L001	CD8T
C11_P1_M55_L001	NK
C11_P2_M55_L001	B
C11_P3_M55_L001	CD8T
C12_P1_M55_L001	pDC
C12_P2_M55_L001	CD8T
C12_P3_M55_L001	CD8T
C12_P4_M55_L001	Tprolif
C1_P3_M55_L001	CD8T
C1_P4_M55_L001	CD8T
C2_P2_M55_L001	CD4_Glyco_hi
C2_P3_M55_L001	Tprolif
C2_P4_M55_L001	CD4_Glyco_lo
C3_P1_M55_L001	MonoMacro
C3_P2_M55_L001	B
C3_P3_M55_L001	CD8T
C4_P1_M55_L001	CD4_Glyco_hi
C4_P2_M55_L001	CD8T
C4_P3_M55_L001	CD4_Glyco_hi
C4_P4_M55_L001	B
C5_P1_M55_L001	CD4_Glyco_lo
C5_P2_M55_L001	CD4_Glyco_hi
C5_P3_M55_L001	CD8T
C6_P1_M55_L001	CD8T
C6_P2_M55_L001	CD8T
C6_P3_M55_L001	CD8T
C6_P4_M55_L001	CD4_Glyco_hi
C7_P1_M55_L001	NK
C7_P2_M55_L001	Tprolif
C7_P3_M55_L001	CD8T
C8_P4_M55_L001	Tprolif
C9_P2_M55_L001	CD8T
C9_P4_M55_L001	CD8T
D10_P3_M55_L001	NK
D10_P4_M55_L001	CD8T
D11_P1_M55_L001	Tprolif
D11_P2_M55_L001	CD8T
D11_P3_M55_L001	CD8T
D12_P1_M55_L001	NK
D12_P2_M55_L001	MonoMacro
D12_P3_M55_L001	Plasma
D12_P4_M55_L001	CD8T
D1_P3_M55_L001	CD4_Glyco_lo
D1_P4_M55_L001	CD4_Glyco_lo
D2_P1_M55_L001	CD8T
D2_P2_M55_L001	CD8T
D2_P3_M55_L001	CD8T
D2_P4_M55_L001	CD8T
D3_P1_M55_L001	B
D3_P2_M55_L001	CD4_Glyco_lo
D3_P4_M55_L001	CD8T
D4_P1_M55_L001	CD8T
D4_P4_M55_L001	CD8T
D5_P2_M55_L001	CD8T
D5_P3_M55_L001	NK
D6_P2_M55_L001	Plasma
D6_P4_M55_L001	CD8T
D7_P1_M55_L001	CD4_Glyco_lo
D7_P2_M55_L001	B
D7_P3_M55_L001	CD8T
D7_P4_M55_L001	CD8T
D8_P1_M55_L001	CD4_Glyco_hi
D8_P2_M55_L001	B
D8_P3_M55_L001	CD8T
D9_P1_M55_L001	CD4_Glyco_lo
D9_P2_M55_L001	CD4_Glyco_hi
D9_P4_M55_L001	CD8T
E10_P1_M55_L001	CD8T
E10_P2_M55_L001	MonoMacro
E10_P4_M55_L001	CD4_Glyco_hi
E11_P1_M55_L001	CD4_Glyco_lo
E11_P3_M55_L001	CD8T
E11_P4_M55_L001	Tprolif
E12_P1_M55_L001	CD8T
E12_P2_M55_L001	Plasma
E12_P3_M55_L001	CD8T
E12_P4_M55_L001	CD8T
E1_P4_M55_L001	CD4_Glyco_lo
E2_P1_M55_L001	CD8T
E2_P2_M55_L001	CD4_Glyco_lo
E2_P3_M55_L001	CD4_Glyco_lo
E2_P4_M55_L001	B
E3_P1_M55_L001	CD8T
E3_P3_M55_L001	B
E3_P4_M55_L001	CD4_Glyco_hi
E4_P1_M55_L001	CD8T
E4_P3_M55_L001	CD8T
E4_P4_M55_L001	CD8T
E5_P1_M55_L001	Tprolif
E5_P3_M55_L001	CD4_Glyco_hi
E5_P4_M55_L001	Tprolif
E6_P1_M55_L001	B
E6_P2_M55_L001	CD8T
E6_P3_M55_L001	CD8T
E6_P4_M55_L001	CD4_Glyco_hi
E7_P1_M55_L001	CD8T
E7_P3_M55_L001	CD4_Glyco_hi
E8_P2_M55_L001	CD8T
E8_P3_M55_L001	CD8T
E8_P4_M55_L001	B
E9_P1_M55_L001	CD4_Glyco_lo
F10_P2_M55_L001	CD8T
F11_P1_M55_L001	CD4_Glyco_lo
F11_P2_M55_L001	Tprolif
F12_P2_M55_L001	CD8T
F12_P3_M55_L001	CD8T
F12_P4_M55_L001	CD4_Glyco_lo
F1_P2_M55_L001	B
F1_P3_M55_L001	CD8T
F2_P2_M55_L001	Tprolif
F2_P4_M55_L001	CD4_Glyco_hi
F3_P2_M55_L001	CD8T
F3_P4_M55_L001	B
F4_P1_M55_L001	CD8T
F4_P2_M55_L001	B
F4_P4_M55_L001	CD4_Glyco_hi
F5_P2_M55_L001	CD8T
F5_P4_M55_L001	B
F6_P1_M55_L001	Tprolif
F6_P2_M55_L001	B
F6_P3_M55_L001	CD4_Glyco_lo
F7_P1_M55_L001	CD4_Glyco_lo
F7_P2_M55_L001	CD8T
F7_P3_M55_L001	Plasma
F8_P1_M55_L001	CD8T
F8_P2_M55_L001	CD8T
F8_P3_M55_L001	CD8T
F9_P1_M55_L001	Tprolif
F9_P2_M55_L001	CD8T
F9_P3_M55_L001	CD4_Glyco_hi
F9_P4_M55_L001	NK
G10_P1_M55_L001	CD8T
G10_P3_M55_L001	CD4_Glyco_hi
G10_P4_M55_L001	CD8T
G11_P2_M55_L001	NK
G11_P4_M55_L001	B
G12_P1_M55_L001	CD8T
G12_P4_M55_L001	CD4_Glyco_hi
G1_P3_M55_L001	CD4_Glyco_hi
G2_P1_M55_L001	CD8T
G2_P2_M55_L001	CD8T
G2_P3_M55_L001	CD8T
G2_P4_M55_L001	CD8T
G3_P1_M55_L001	CD8T
G3_P3_M55_L001	CD8T
G3_P4_M55_L001	CD8T
G4_P1_M55_L001	CD8T
G4_P2_M55_L001	CD4_Glyco_hi
G4_P3_M55_L001	CD4_Glyco_lo
G4_P4_M55_L001	NK
G5_P1_M55_L001	B
G5_P2_M55_L001	CD8T
G5_P3_M55_L001	CD8T
G6_P2_M55_L001	CD4_Glyco_lo
G6_P3_M55_L001	CD4_Glyco_hi
G6_P4_M55_L001	CD4_Glyco_hi
G7_P2_M55_L001	CD4_Glyco_hi
G7_P3_M55_L001	CD8T
G8_P1_M55_L001	CD8T
G8_P2_M55_L001	CD8T
G8_P4_M55_L001	CD4_Glyco_lo
G9_P1_M55_L001	CD4_Glyco_hi
G9_P2_M55_L001	CD8T
G9_P3_M55_L001	CD8T
G9_P4_M55_L001	CD8T
H10_P1_M55_L001	Tprolif
H10_P2_M55_L001	CD8T
H10_P4_M55_L001	CD8T
H11_P2_M55_L001	B
H11_P3_M55_L001	CD8T
H12_P3_M55_L001	CD8T
H1_P1_M55_L001	CD8T
H1_P2_M55_L001	CD8T
H2_P1_M55_L001	CD4_Glyco_hi
H2_P2_M55_L001	CD8T
H2_P3_M55_L001	B
H3_P3_M55_L001	B
H3_P4_M55_L001	CD8T
H4_P2_M55_L001	B
H4_P4_M55_L001	MonoMacro
H5_P2_M55_L001	CD8T
H5_P3_M55_L001	CD8T
H6_P1_M55_L001	CD8T
H6_P2_M55_L001	CD8T
H6_P4_M55_L001	CD8T
H7_P1_M55_L001	CD8T
H7_P4_M55_L001	CD4_Glyco_lo
H8_P1_M55_L001	CD8T
H8_P3_M55_L001	CD8T
H8_P4_M55_L001	Tprolif
H9_P1_M55_L001	CD8T
H9_P3_M55_L001	CD4_Glyco_lo
A10_P1_M39	CD8T
A10_P2_M39	Tprolif
A11_P2_M39	Tprolif
A11_P3_M39	CD8T
A11_P4_M39	CD8T
A12_P1_M39	Tprolif
A12_P3_M39	CD8T
A12_P4_M39	CD8T
A2_P2_M39	CD8T
A3_P2_M39	CD4_Glyco_lo
A3_P3_M39	Plasma
A4_P2_M39	CD4_Glyco_hi
A4_P4_M39	CD8T
A5_P4_M39	CD8T
A6_P1_M39	Tprolif
A6_P4_M39	Plasma
A7_P2_M39	NK
A7_P3_M39	CD4_Glyco_hi
A8_P1_M39	Plasma
A8_P2_M39	CD8T
A8_P3_M39	CD8T
A8_P4_M39	CD4_Glyco_hi
A9_P2_M39	CD4_Glyco_hi
A9_P4_M39	CD8T
B12_P1_M39	CD4_Glyco_hi
B12_P2_M39	CD8T
B1_P1_M39	Tprolif
B1_P3_M39	CD8T
B1_P4_M39	CD4_Glyco_lo
B2_P3_M39	CD4_Glyco_hi
B2_P4_M39	CD8T
B3_P3_M39	Tprolif
B4_P1_M39	Tprolif
B4_P3_M39	B
B5_P1_M39	CD8T
B5_P3_M39	CD8T
B5_P4_M39	Tprolif
B6_P1_M39	CD8T
B6_P3_M39	Tprolif
B6_P4_M39	Tprolif
B7_P2_M39	CD8T
B7_P3_M39	CD8T
B8_P3_M39	CD8T
B9_P4_M39	CD8T
C11_P3_M39	CD8T
C12_P1_M39	MonoMacro
C12_P2_M39	CD8T
C12_P3_M39	Tprolif
C12_P4_M39	Tprolif
C1_P1_M39	CD4_Glyco_hi
C1_P2_M39	CD8T
C1_P3_M39	CD4_Glyco_lo
C1_P4_M39	Tprolif
C2_P1_M39	CD8T
C2_P3_M39	CD8T
C2_P4_M39	CD4_Glyco_hi
C3_P2_M39	CD4_Glyco_lo
C4_P1_M39	B
C4_P2_M39	CD4_Glyco_hi
C4_P4_M39	CD8T
C5_P4_M39	CD8T
C7_P2_M39	MonoMacro
C8_P2_M39	CD4_Glyco_lo
C8_P4_M39	Tprolif
C9_P4_M39	Tprolif
D10_P1_M39	CD8T
D10_P2_M39	CD8T
D10_P4_M39	Tprolif
D11_P2_M39	Tprolif
D11_P4_M39	CD4_Glyco_lo
D12_P1_M39	CD8T
D12_P3_M39	Tprolif
D12_P4_M39	CD8T
D1_P1_M39	CD8T
D1_P2_M39	CD4_Glyco_lo
D1_P4_M39	CD8T
D2_P2_M39	Tprolif
D3_P1_M39	CD8T
D3_P2_M39	pDC
D3_P3_M39	Plasma
D4_P4_M39	Tprolif
D5_P3_M39	CD4_Glyco_hi
D6_P2_M39	CD8T
D6_P3_M39	Plasma
D7_P1_M39	CD4_Glyco_hi
D7_P2_M39	Tprolif
D8_P3_M39	CD8T
D9_P1_M39	Tprolif
D9_P4_M39	CD4_Glyco_lo
E10_P2_M39	CD8T
E10_P3_M39	CD8T
E10_P4_M39	CD4_Glyco_lo
E11_P1_M39	CD4_Glyco_lo
E11_P2_M39	CD8T
E11_P3_M39	Tprolif
E12_P2_M39	Plasma
E12_P3_M39	CD8T
E1_P1_M39	Tprolif
E1_P3_M39	CD4_Glyco_hi
E2_P1_M39	Tprolif
E2_P3_M39	Tprolif
E3_P3_M39	CD8T
E4_P1_M39	Tprolif
E4_P3_M39	MonoMacro
E4_P4_M39	Plasma
E5_P4_M39	CD8T
E6_P1_M39	CD4_Glyco_hi
E6_P3_M39	Plasma
E7_P1_M39	CD8T
E7_P2_M39	Tprolif
E7_P4_M39	Plasma
E8_P2_M39	Tprolif
E9_P2_M39	Tprolif
E9_P4_M39	CD8T
F10_P1_M39	CD8T
F10_P3_M39	CD8T
F10_P4_M39	MonoMacro
F11_P2_M39	MonoMacro
F12_P3_M39	CD4_Glyco_hi
F12_P4_M39	CD8T
F1_P1_M39	Tprolif
F1_P3_M39	CD4_Glyco_hi
F1_P4_M39	Tprolif
F2_P3_M39	CD8T
F4_P1_M39	CD8T
F4_P2_M39	CD8T
F4_P3_M39	CD8T
F5_P2_M39	CD8T
F6_P1_M39	CD8T
F6_P3_M39	Plasma
F6_P4_M39	NK
F7_P1_M39	CD8T
F7_P2_M39	Tprolif
F7_P4_M39	Tprolif
F8_P2_M39	CD8T
F9_P1_M39	CD4_Glyco_lo
G10_P3_M39	CD8T
G10_P4_M39	CD8T
G11_P1_M39	Tprolif
G11_P2_M39	Tprolif
G11_P4_M39	CD8T
G12_P1_M39	Tprolif
G12_P3_M39	Tprolif
G1_P2_M39	Tprolif
G1_P3_M39	CD8T
G3_P1_M39	CD8T
G3_P2_M39	B
G3_P3_M39	CD4_Glyco_lo
G3_P4_M39	Plasma
G4_P1_M39	CD4_Glyco_hi
G4_P2_M39	Tprolif
G4_P3_M39	Tprolif
G5_P1_M39	CD8T
G5_P2_M39	CD8T
G5_P4_M39	B
G6_P1_M39	Tprolif
G6_P2_M39	Tprolif
G7_P1_M39	CD8T
G7_P2_M39	Tprolif
G7_P3_M39	CD8T
G8_P3_M39	CD4_Glyco_lo
G9_P1_M39	NK
G9_P2_M39	Tprolif
G9_P4_M39	CD8T
H10_P1_M39	Tprolif
H11_P2_M39	CD8T
H11_P4_M39	CD8T
H12_P1_M39	Tprolif
H12_P2_M39	CD8T
H12_P4_M39	CD4_Glyco_hi
H1_P3_M39	CD8T
H1_P4_M39	Tprolif
H2_P2_M39	CD4_Glyco_hi
H2_P4_M39	NK
H3_P1_M39	CD8T
H3_P2_M39	Tprolif
H3_P3_M39	Tprolif
H3_P4_M39	CD8T
H4_P1_M39	MonoMacro
H4_P2_M39	CD8T
H4_P3_M39	CD8T
H4_P4_M39	CD8T
H5_P2_M39	Tprolif
H5_P3_M39	CD8T
H5_P4_M39	CD4_Glyco_lo
H6_P1_M39	CD4_Glyco_hi
H6_P2_M39	Tprolif
H6_P4_M39	CD8T
H7_P1_M39	CD4_Glyco_lo
H7_P2_M39	Tprolif
H7_P3_M39	CD4_Glyco_lo
H8_P1_M39	CD4_Glyco_lo
H8_P2_M39	CD8T
H9_P4_M39	CD4_Glyco_hi
A10_P3_M23	CD8T
A11_P1_M23	NK
A11_P2_M23	CD8T
A11_P3_M23	MonoMacro
A11_P4_M23	CD8T
A12_P1_M23	CD8T
A12_P3_M23	MonoMacro
A12_P4_M23	CD8T
A2_P2_M23	NK
A2_P3_M23	CD4_Glyco_hi
A3_P1_M23	MonoMacro
A3_P2_M23	Tprolif
A4_P1_M23	CD8T
A4_P2_M23	CD8T
A4_P3_M23	Tprolif
A4_P4_M23	NK
A5_P1_M23	CD8T
A5_P2_M23	CD8T
A6_P1_M23	CD8T
A6_P3_M23	CD8T
A6_P4_M23	NK
A7_P3_M23	CD8T
A7_P4_M23	Tprolif
A8_P1_M23	CD8T
A8_P3_M23	CD4_Glyco_hi
A9_P1_M23	MonoMacro
A9_P3_M23	CD8T
A9_P4_M23	CD8T
B10_P1_M23	CD8T
B10_P2_M23	CD8T
B10_P3_M23	CD4_Glyco_lo
B10_P4_M23	CD4_Glyco_hi
B11_P4_M23	CD8T
B12_P1_M23	CD8T
B12_P3_M23	CD8T
B1_P1_M23	NK
B1_P3_M23	MonoMacro
B1_P4_M23	Tprolif
B2_P2_M23	CD8T
B2_P4_M23	MonoMacro
B3_P1_M23	NK
B3_P4_M23	CD8T
B4_P1_M23	CD4_Glyco_lo
B4_P2_M23	CD8T
B4_P3_M23	Tprolif
B4_P4_M23	CD4_Glyco_hi
B5_P1_M23	CD8T
B5_P2_M23	CD8T
B5_P3_M23	CD4_Glyco_hi
B5_P4_M23	Tprolif
B6_P1_M23	MonoMacro
B6_P2_M23	CD8T
B6_P3_M23	CD8T
B7_P4_M23	CD8T
B8_P1_M23	Tprolif
B8_P4_M23	CD4_Glyco_lo
B9_P1_M23	Tprolif
B9_P2_M23	CD8T
B9_P4_M23	CD8T
C10_P1_M23	CD8T
C10_P2_M23	CD8T
C10_P3_M23	NK
C10_P4_M23	CD8T
C11_P1_M23	CD8T
C11_P2_M23	CD8T
C11_P3_M23	MonoMacro
C12_P1_M23	CD8T
C12_P2_M23	NK
C12_P3_M23	MonoMacro
C12_P4_M23	CD8T
C1_P1_M23	CD8T
C1_P2_M23	CD8T
C1_P3_M23	CD4_Glyco_lo
C1_P4_M23	CD8T
C2_P1_M23	NK
C2_P2_M23	CD4_Glyco_lo
C2_P3_M23	MonoMacro
C2_P4_M23	CD8T
C3_P1_M23	CD8T
C4_P1_M23	MonoMacro
C4_P2_M23	MonoMacro
C4_P3_M23	CD8T
C4_P4_M23	NK
C5_P3_M23	CD8T
C5_P4_M23	Tprolif
C6_P2_M23	CD8T
C6_P3_M23	MonoMacro
C6_P4_M23	CD8T
C8_P1_M23	CD8T
C9_P1_M23	CD4_Glyco_lo
C9_P3_M23	CD8T
C9_P4_M23	MonoMacro
D10_P1_M23	Tprolif
D10_P2_M23	CD8T
D10_P4_M23	CD8T
D11_P1_M23	CD8T
D11_P2_M23	MonoMacro
D11_P4_M23	Tprolif
D12_P2_M23	CD4_Glyco_hi
D12_P3_M23	CD8T
D12_P4_M23	NK
D1_P1_M23	CD4_Glyco_hi
D1_P2_M23	CD8T
D1_P4_M23	NK
D2_P1_M23	CD8T
D2_P2_M23	CD4_Glyco_hi
D2_P3_M23	Tprolif
D2_P4_M23	CD8T
D3_P2_M23	CD8T
D3_P3_M23	CD8T
D3_P4_M23	NK
D4_P1_M23	CD4_Glyco_hi
D4_P4_M23	CD8T
D5_P2_M23	Tprolif
D6_P1_M23	CD8T
D6_P2_M23	CD8T
D6_P3_M23	CD8T
D6_P4_M23	Tprolif
D7_P3_M23	MonoMacro
D8_P1_M23	CD4_Glyco_hi
D8_P3_M23	CD8T
D9_P1_M23	CD4_Glyco_lo
D9_P4_M23	CD8T
E10_P1_M23	CD8T
E10_P3_M23	CD4_Glyco_lo
E10_P4_M23	CD8T
E11_P1_M23	CD4_Glyco_hi
E11_P2_M23	CD8T
E12_P1_M23	CD8T
E12_P2_M23	CD4_Glyco_lo
E1_P1_M23	MonoMacro
E1_P2_M23	CD8T
E1_P4_M23	Tprolif
E2_P1_M23	MonoMacro
E2_P2_M23	CD8T
E2_P4_M23	MonoMacro
E3_P1_M23	MonoMacro
E3_P2_M23	Tprolif
E3_P3_M23	CD8T
E3_P4_M23	CD8T
E4_P2_M23	CD8T
E4_P4_M23	NK
E5_P1_M23	CD8T
E5_P3_M23	CD8T
E5_P4_M23	CD8T
E6_P1_M23	CD8T
E6_P2_M23	CD8T
E6_P3_M23	CD8T
E7_P1_M23	CD8T
E7_P2_M23	Tprolif
E7_P3_M23	CD8T
E7_P4_M23	CD8T
E8_P2_M23	CD8T
E8_P4_M23	CD4_Glyco_lo
E9_P3_M23	CD8T
F10_P2_M23	CD4_Glyco_hi
F10_P3_M23	NK
F10_P4_M23	CD4_Glyco_hi
F11_P2_M23	CD4_Glyco_lo
F11_P3_M23	CD4_Glyco_lo
F11_P4_M23	Tprolif
F12_P1_M23	CD8T
F12_P3_M23	NK
F1_P1_M23	CD8T
F1_P4_M23	CD8T
F2_P1_M23	CD8T
F2_P3_M23	CD8T
F2_P4_M23	CD4_Glyco_lo
F3_P2_M23	CD8T
F3_P4_M23	Tprolif
F4_P1_M23	CD8T
F4_P2_M23	CD8T
F4_P4_M23	CD8T
F5_P1_M23	CD8T
F5_P3_M23	CD8T
F5_P4_M23	CD8T
F6_P2_M23	CD8T
F6_P4_M23	Tprolif
F7_P1_M23	pDC
F7_P2_M23	NK
F7_P4_M23	Tprolif
F8_P1_M23	Tprolif
F8_P2_M23	NK
F8_P3_M23	CD8T
F8_P4_M23	NK
F9_P1_M23	CD4_Glyco_hi
F9_P4_M23	NK
G10_P2_M23	CD8T
G10_P3_M23	CD8T
G10_P4_M23	CD8T
G11_P2_M23	MonoMacro
G11_P4_M23	CD8T
G12_P2_M23	CD8T
G12_P3_M23	MonoMacro
G12_P4_M23	CD8T
G1_P1_M23	MonoMacro
G1_P2_M23	CD4_Glyco_lo
G1_P3_M23	CD8T
G1_P4_M23	Tprolif
G2_P1_M23	NK
G2_P2_M23	CD4_Glyco_hi
G2_P3_M23	Tprolif
G2_P4_M23	NK
G3_P1_M23	NK
G3_P2_M23	CD8T
G3_P3_M23	NK
G3_P4_M23	CD4_Glyco_hi
G4_P1_M23	CD4_Glyco_lo
G4_P2_M23	CD8T
G4_P4_M23	Tprolif
G5_P1_M23	CD8T
G5_P2_M23	CD8T
G5_P3_M23	CD8T
G6_P2_M23	NK
G6_P3_M23	CD4_Glyco_lo
G6_P4_M23	CD4_Glyco_lo
G7_P2_M23	Tprolif
G7_P4_M23	CD8T
G8_P1_M23	Tprolif
G8_P2_M23	MonoMacro
G8_P3_M23	MonoMacro
G9_P1_M23	MonoMacro
G9_P2_M23	CD8T
H10_P1_M23	CD8T
H10_P2_M23	CD8T
H10_P4_M23	CD8T
H11_P2_M23	CD4_Glyco_hi
H12_P2_M23	MonoMacro
H12_P3_M23	CD8T
H12_P4_M23	CD8T
H1_P2_M23	CD8T
H1_P3_M23	CD8T
H1_P4_M23	Tprolif
H2_P1_M23	CD4_Glyco_hi
H2_P2_M23	CD8T
H2_P3_M23	CD8T
H2_P4_M23	NK
H3_P2_M23	MonoMacro
H3_P4_M23	CD8T
H4_P1_M23	CD8T
H4_P4_M23	Tprolif
H5_P1_M23	MonoMacro
H5_P3_M23	CD8T
H6_P1_M23	Tprolif
H6_P2_M23	CD4_Glyco_lo
H6_P3_M23	MonoMacro
H7_P2_M23	Tprolif
H7_P3_M23	CD8T
H7_P4_M23	CD8T
H8_P2_M23	CD4_Glyco_hi
H8_P3_M23	CD8T
H9_P3_M23	CD4_Glyco_lo
H9_P4_M23	CD8T
A10_P6_M36_L001	Tprolif
A11_P6_M36_L001	CD4_Glyco_hi
A11_P7_M36_L001	CD8T
A12_P6_M36_L001	CD8T
A12_P7_M36_L001	NK
A12_P8_M36_L001	CD8T
A12_P9_M36_L001	CD8T
A2_P7_M36_L001	CD8T
A3_P6_M36_L001	CD4_Glyco_lo
A3_P7_M36_L001	CD4_Glyco_hi
A3_P8_M36_L001	CD8T
A3_P9_M36_L001	CD8T
A4_P6_M36_L001	CD8T
A4_P7_M36_L001	CD4_Glyco_hi
A4_P8_M36_L001	CD8T
A4_P9_M36_L001	CD8T
A5_P7_M36_L001	MonoMacro
A5_P8_M36_L001	CD8T
A5_P9_M36_L001	CD8T
A6_P6_M36_L001	CD4_Glyco_hi
A6_P7_M36_L001	MonoMacro
A7_P6_M36_L001	CD8T
A7_P7_M36_L001	Tprolif
A8_P7_M36_L001	CD8T
A8_P8_M36_L001	CD8T
A8_P9_M36_L001	CD8T
A9_P6_M36_L001	CD8T
A9_P7_M36_L001	CD8T
A9_P8_M36_L001	CD8T
A9_P9_M36_L001	CD8T
B10_P6_M36_L001	CD8T
B10_P7_M36_L001	NK
B10_P8_M36_L001	CD8T
B10_P9_M36_L001	MonoMacro
B11_P7_M36_L001	CD4_Glyco_lo
B11_P8_M36_L001	CD8T
B11_P9_M36_L001	CD8T
B12_P7_M36_L001	Tprolif
B12_P8_M36_L001	CD8T
B12_P9_M36_L001	CD8T
B1_P6_M36_L001	CD8T
B1_P7_M36_L001	CD8T
B1_P9_M36_L001	pDC
B2_P6_M36_L001	CD4_Glyco_hi
B2_P7_M36_L001	CD8T
B2_P9_M36_L001	CD4_Glyco_hi
B3_P6_M36_L001	CD8T
B3_P7_M36_L001	CD4_Glyco_hi
B3_P9_M36_L001	CD8T
B4_P6_M36_L001	MonoMacro
B4_P8_M36_L001	CD4_Glyco_lo
B4_P9_M36_L001	CD4_Glyco_lo
B6_P6_M36_L001	CD8T
B6_P7_M36_L001	CD8T
B6_P8_M36_L001	CD8T
B6_P9_M36_L001	CD8T
B7_P6_M36_L001	CD8T
B7_P7_M36_L001	CD4_Glyco_hi
B7_P8_M36_L001	NK
B7_P9_M36_L001	CD4_Glyco_lo
B8_P7_M36_L001	CD8T
B8_P9_M36_L001	CD8T
B9_P6_M36_L001	pDC
B9_P7_M36_L001	CD8T
B9_P8_M36_L001	CD8T
C10_P6_M36_L001	CD8T
C10_P7_M36_L001	MonoMacro
C10_P8_M36_L001	CD8T
C10_P9_M36_L001	Tprolif
C11_P8_M36_L001	CD8T
C11_P9_M36_L001	CD8T
C12_P6_M36_L001	CD8T
C12_P7_M36_L001	CD8T
C12_P8_M36_L001	CD4_Glyco_hi
C1_P6_M36_L001	CD8T
C1_P7_M36_L001	CD8T
C1_P8_M36_L001	CD8T
C1_P9_M36_L001	CD8T
C2_P6_M36_L001	NK
C2_P7_M36_L001	pDC
C3_P7_M36_L001	CD8T
C3_P8_M36_L001	CD4_Glyco_hi
C3_P9_M36_L001	CD8T
C4_P7_M36_L001	CD8T
C4_P9_M36_L001	CD8T
C5_P7_M36_L001	CD8T
C5_P9_M36_L001	CD8T
C6_P6_M36_L001	CD4_Glyco_hi
C6_P8_M36_L001	CD8T
C6_P9_M36_L001	CD8T
C7_P7_M36_L001	MonoMacro
C7_P9_M36_L001	CD8T
C8_P6_M36_L001	CD8T
C8_P7_M36_L001	CD8T
C8_P9_M36_L001	CD8T
C9_P6_M36_L001	CD4_Glyco_lo
C9_P7_M36_L001	CD4_Glyco_lo
C9_P9_M36_L001	CD8T
D10_P6_M36_L001	CD8T
D10_P7_M36_L001	CD8T
D10_P8_M36_L001	CD4_Glyco_lo
D11_P6_M36_L001	CD8T
D11_P7_M36_L001	Tprolif
D11_P8_M36_L001	Tprolif
D11_P9_M36_L001	CD8T
D12_P6_M36_L001	CD8T
D12_P7_M36_L001	B
D12_P8_M36_L001	B
D12_P9_M36_L001	CD8T
D1_P6_M36_L001	CD8T
D1_P7_M36_L001	CD4_Glyco_lo
D2_P6_M36_L001	MonoMacro
D2_P7_M36_L001	CD8T
D2_P8_M36_L001	CD8T
D2_P9_M36_L001	CD4_Glyco_lo
D3_P6_M36_L001	CD8T
D3_P7_M36_L001	CD8T
D3_P8_M36_L001	CD8T
D3_P9_M36_L001	CD8T
D4_P6_M36_L001	CD8T
D4_P7_M36_L001	MonoMacro
D4_P8_M36_L001	MonoMacro
D5_P6_M36_L001	CD8T
D5_P7_M36_L001	CD8T
D5_P8_M36_L001	CD8T
D5_P9_M36_L001	CD8T
D6_P7_M36_L001	CD8T
D6_P8_M36_L001	CD8T
D6_P9_M36_L001	CD8T
D7_P6_M36_L001	CD8T
D7_P9_M36_L001	CD8T
D8_P7_M36_L001	CD4_Glyco_hi
D8_P8_M36_L001	CD4_Glyco_hi
D8_P9_M36_L001	NK
D9_P9_M36_L001	CD8T
E10_P6_M36_L001	CD8T
E10_P7_M36_L001	CD8T
E10_P8_M36_L001	CD8T
E10_P9_M36_L001	CD8T
E11_P6_M36_L001	CD8T
E11_P9_M36_L001	CD8T
E12_P8_M36_L001	pDC
E12_P9_M36_L001	CD8T
E1_P8_M36_L001	CD8T
E2_P6_M36_L001	MonoMacro
E3_P7_M36_L001	CD8T
E3_P8_M36_L001	CD8T
E4_P6_M36_L001	CD8T
E4_P7_M36_L001	CD8T
E4_P8_M36_L001	CD8T
E4_P9_M36_L001	CD4_Glyco_lo
E5_P7_M36_L001	MonoMacro
E5_P8_M36_L001	CD8T
E6_P9_M36_L001	CD8T
E7_P8_M36_L001	NK
E7_P9_M36_L001	NK
E8_P6_M36_L001	CD4_Glyco_lo
E8_P7_M36_L001	CD4_Glyco_hi
E8_P8_M36_L001	NK
E9_P8_M36_L001	CD8T
E9_P9_M36_L001	CD8T
F10_P6_M36_L001	CD8T
F10_P8_M36_L001	Tprolif
F11_P6_M36_L001	CD8T
F11_P7_M36_L001	Tprolif
F11_P8_M36_L001	pDC
F12_P6_M36_L001	CD8T
F12_P7_M36_L001	CD8T
F12_P8_M36_L001	CD8T
F1_P6_M36_L001	CD8T
F1_P7_M36_L001	CD8T
F1_P8_M36_L001	CD8T
F1_P9_M36_L001	CD4_Glyco_hi
F2_P7_M36_L001	CD8T
F2_P8_M36_L001	NK
F2_P9_M36_L001	CD8T
F3_P6_M36_L001	CD4_Glyco_hi
F3_P7_M36_L001	CD8T
F3_P8_M36_L001	Tprolif
F3_P9_M36_L001	CD8T
F4_P6_M36_L001	CD4_Glyco_lo
F4_P7_M36_L001	CD8T
F5_P7_M36_L001	MonoMacro
F5_P8_M36_L001	CD8T
F6_P6_M36_L001	CD8T
F6_P7_M36_L001	CD4_Glyco_lo
F6_P8_M36_L001	CD8T
F6_P9_M36_L001	CD8T
F7_P7_M36_L001	CD4_Glyco_lo
F7_P8_M36_L001	CD8T
F7_P9_M36_L001	CD8T
F8_P7_M36_L001	CD8T
F8_P9_M36_L001	NK
F9_P7_M36_L001	CD8T
F9_P8_M36_L001	CD8T
F9_P9_M36_L001	Tprolif
G10_P6_M36_L001	CD4_Glyco_hi
G10_P7_M36_L001	CD8T
G10_P8_M36_L001	CD8T
G10_P9_M36_L001	CD8T
G11_P6_M36_L001	CD8T
G11_P7_M36_L001	Tprolif
G11_P8_M36_L001	Tprolif
G11_P9_M36_L001	CD4_Glyco_hi
G12_P7_M36_L001	pDC
G12_P8_M36_L001	CD8T
G12_P9_M36_L001	NK
G1_P6_M36_L001	CD8T
G1_P7_M36_L001	CD8T
G1_P8_M36_L001	CD8T
G1_P9_M36_L001	CD4_Glyco_lo
G2_P6_M36_L001	CD8T
G2_P8_M36_L001	NK
G2_P9_M36_L001	CD8T
G3_P6_M36_L001	CD4_Glyco_lo
G3_P7_M36_L001	CD8T
G3_P9_M36_L001	CD8T
G4_P7_M36_L001	CD8T
G5_P7_M36_L001	CD8T
G5_P9_M36_L001	CD8T
G6_P6_M36_L001	MonoMacro
G6_P9_M36_L001	CD8T
G7_P7_M36_L001	NK
G8_P7_M36_L001	NK
G8_P8_M36_L001	CD8T
G8_P9_M36_L001	CD8T
G9_P6_M36_L001	CD8T
G9_P7_M36_L001	CD8T
G9_P9_M36_L001	MonoMacro
H10_P6_M36_L001	Tprolif
H10_P7_M36_L001	CD8T
H10_P8_M36_L001	Tprolif
H10_P9_M36_L001	CD8T
H11_P6_M36_L001	pDC
H11_P7_M36_L001	CD8T
H11_P8_M36_L001	CD8T
H12_P7_M36_L001	CD8T
H1_P6_M36_L001	CD8T
H1_P7_M36_L001	CD8T
H1_P8_M36_L001	CD8T
H1_P9_M36_L001	NK
H2_P6_M36_L001	NK
H2_P9_M36_L001	CD8T
H3_P6_M36_L001	Tprolif
H3_P7_M36_L001	CD8T
H3_P8_M36_L001	CD8T
H4_P8_M36_L001	CD8T
H4_P9_M36_L001	CD8T
H5_P6_M36_L001	CD8T
H5_P7_M36_L001	NK
H5_P8_M36_L001	CD8T
H5_P9_M36_L001	CD4_Glyco_lo
H6_P6_M36_L001	CD8T
H7_P6_M36_L001	CD8T
H7_P8_M36_L001	CD8T
H8_P7_M36_L001	CD8T
H8_P8_M36_L001	CD8T
H8_P9_M36_L001	CD8T
H9_P6_M36_L001	CD8T
H9_P8_M36_L001	CD8T
A10_P1_M47	B
A10_P2_M47	B
A10_P3_M47	Tprolif
A11_P3_M47	CD4_Glyco_lo
A11_P4_M47	MonoMacro
A12_P1_M47	B
A12_P2_M47	Plasma
A12_P3_M47	B
A2_P2_M47	B
A2_P3_M47	B
A3_P1_M47	B
A3_P2_M47	B
A3_P3_M47	B
A4_P1_M47	CD4_Glyco_lo
A4_P3_M47	B
A4_P4_M47	B
A5_P1_M47	B
A5_P3_M47	B
A5_P4_M47	CD8T
A6_P1_M47	B
A6_P2_M47	B
A6_P3_M47	B
A6_P4_M47	B
A7_P1_M47	B
A7_P2_M47	B
A7_P4_M47	B
A8_P1_M47	B
A8_P2_M47	CD4_Glyco_hi
A8_P3_M47	Tprolif
A8_P4_M47	B
A9_P1_M47	MonoMacro
A9_P3_M47	B
A9_P4_M47	B
B10_P1_M47	B
B10_P2_M47	B
B10_P3_M47	MonoMacro
B10_P4_M47	B
B11_P3_M47	B
B11_P4_M47	MonoMacro
B12_P1_M47	B
B12_P2_M47	Plasma
B12_P4_M47	CD4_Glyco_lo
B1_P2_M47	B
B2_P2_M47	B
B2_P3_M47	B
B3_P2_M47	B
B3_P3_M47	B
B3_P4_M47	B
B4_P1_M47	B
B4_P2_M47	B
B4_P3_M47	MonoMacro
B4_P4_M47	B
B5_P1_M47	B
B5_P2_M47	B
B5_P3_M47	B
B5_P4_M47	B
B6_P2_M47	CD8T
B6_P3_M47	B
B6_P4_M47	B
B7_P1_M47	B
B7_P2_M47	B
B7_P3_M47	B
B7_P4_M47	MonoMacro
B8_P1_M47	pDC
B8_P3_M47	B
B8_P4_M47	B
B9_P1_M47	B
B9_P2_M47	B
B9_P3_M47	CD8T
B9_P4_M47	B
C10_P1_M47	CD8T
C10_P3_M47	B
C10_P4_M47	B
C11_P2_M47	CD4_Glyco_lo
C11_P3_M47	CD4_Glyco_lo
C11_P4_M47	B
C12_P1_M47	B
C12_P2_M47	B
C12_P3_M47	B
C12_P4_M47	CD4_Glyco_lo
C1_P2_M47	B
C1_P3_M47	B
C1_P4_M47	B
C2_P1_M47	B
C2_P2_M47	B
C2_P3_M47	B
C3_P1_M47	CD4_Glyco_hi
C3_P2_M47	CD8T
C3_P3_M47	B
C4_P1_M47	B
C4_P4_M47	B
C5_P1_M47	B
C5_P2_M47	CD4_Glyco_lo
C5_P3_M47	B
C5_P4_M47	B
C6_P2_M47	CD4_Glyco_hi
C6_P3_M47	B
C6_P4_M47	B
C7_P1_M47	B
C7_P2_M47	CD8T
C7_P4_M47	B
C8_P2_M47	B
C8_P3_M47	B
C8_P4_M47	B
C9_P1_M47	B
C9_P2_M47	B
C9_P3_M47	B
C9_P4_M47	B
D10_P1_M47	B
D10_P2_M47	Tprolif
D10_P3_M47	B
D11_P1_M47	CD4_Glyco_lo
D11_P3_M47	B
D11_P4_M47	B
D12_P1_M47	B
D12_P2_M47	B
D12_P3_M47	B
D12_P4_M47	B
D1_P1_M47	B
D1_P2_M47	CD4_Glyco_lo
D1_P4_M47	B
D2_P1_M47	B
D2_P2_M47	MonoMacro
D2_P3_M47	B
D2_P4_M47	B
D3_P2_M47	B
D3_P4_M47	B
D4_P1_M47	B
D4_P2_M47	CD8T
D4_P3_M47	B
D5_P1_M47	B
D5_P2_M47	B
D5_P3_M47	CD8T
D5_P4_M47	B
D6_P1_M47	CD8T
D6_P2_M47	B
D6_P3_M47	B
D6_P4_M47	B
D7_P1_M47	B
D7_P2_M47	B
D7_P3_M47	MonoMacro
D7_P4_M47	B
D8_P2_M47	CD4_Glyco_lo
D8_P4_M47	B
D9_P1_M47	CD4_Glyco_lo
D9_P2_M47	B
D9_P3_M47	CD4_Glyco_hi
D9_P4_M47	pDC
E10_P3_M47	B
E10_P4_M47	B
E11_P1_M47	CD4_Glyco_hi
E11_P2_M47	B
E11_P4_M47	B
E12_P1_M47	B
E12_P2_M47	B
E12_P3_M47	B
E1_P1_M47	B
E1_P2_M47	CD4_Glyco_lo
E1_P3_M47	CD8T
E1_P4_M47	B
E2_P1_M47	B
E2_P2_M47	CD4_Glyco_hi
E2_P3_M47	B
E3_P2_M47	B
E3_P3_M47	B
E3_P4_M47	Plasma
E4_P2_M47	B
E4_P3_M47	CD4_Glyco_hi
E4_P4_M47	B
E5_P1_M47	B
E5_P2_M47	CD8T
E5_P3_M47	B
E5_P4_M47	B
E6_P1_M47	pDC
E6_P2_M47	B
E6_P3_M47	B
E6_P4_M47	B
E7_P1_M47	NK
E7_P2_M47	CD4_Glyco_lo
E7_P4_M47	B
E8_P1_M47	B
E8_P2_M47	B
E8_P3_M47	B
E8_P4_M47	B
E9_P1_M47	B
E9_P2_M47	B
E9_P4_M47	pDC
F10_P1_M47	NK
F10_P2_M47	B
F10_P3_M47	CD8T
F11_P1_M47	B
F11_P2_M47	B
F11_P3_M47	B
F11_P4_M47	B
F12_P1_M47	B
F12_P2_M47	B
F12_P3_M47	CD8T
F12_P4_M47	B
F1_P1_M47	B
F1_P4_M47	B
F2_P1_M47	B
F2_P2_M47	B
F2_P4_M47	NK
F3_P1_M47	B
F3_P2_M47	B
F3_P3_M47	B
F3_P4_M47	B
F4_P1_M47	B
F4_P2_M47	B
F4_P4_M47	B
F5_P2_M47	CD4_Glyco_lo
F5_P3_M47	B
F5_P4_M47	CD8T
F6_P1_M47	B
F6_P2_M47	B
F6_P3_M47	CD4_Glyco_hi
F6_P4_M47	CD4_Glyco_hi
F7_P1_M47	CD8T
F7_P2_M47	B
F7_P3_M47	B
F8_P3_M47	pDC
F8_P4_M47	B
F9_P1_M47	CD8T
F9_P2_M47	CD4_Glyco_hi
G10_P1_M47	CD4_Glyco_lo
G10_P2_M47	B
G11_P1_M47	B
G11_P2_M47	B
G12_P1_M47	B
G1_P1_M47	B
G1_P2_M47	B
G2_P1_M47	CD4_Glyco_hi
G2_P2_M47	B
G3_P1_M47	CD4_Glyco_hi
G3_P2_M47	B
G5_P1_M47	B
G5_P2_M47	B
G6_P1_M47	CD4_Glyco_lo
G7_P1_M47	CD4_Glyco_lo
G8_P1_M47	B
G9_P2_M47	B
G9_P3_M47	B
H10_P1_M47	CD8T
H10_P2_M47	B
H10_P3_M47	B
H11_P3_M47	CD4_Glyco_lo
H12_P1_M47	B
H12_P3_M47	B
H12_P4_M47	B
H1_P3_M47	CD4_Glyco_hi
H1_P4_M47	CD4_Glyco_lo
H2_P1_M47	CD8T
H2_P2_M47	B
H2_P3_M47	B
H2_P4_M47	B
H3_P2_M47	CD4_Glyco_hi
H3_P3_M47	CD8T
H3_P4_M47	B
H4_P2_M47	B
H4_P3_M47	CD4_Glyco_hi
H4_P4_M47	B
H5_P1_M47	pDC
H5_P2_M47	B
H6_P1_M47	B
H6_P2_M47	B
H6_P3_M47	B
H6_P4_M47	pDC
H7_P1_M47	B
H7_P2_M47	CD8T
H7_P3_M47	CD8T
H8_P1_M47	B
H8_P2_M47	B
H8_P4_M47	B
H9_P1_M47	Plasma
H9_P2_M47	pDC
H9_P3_M47	B
H9_P4_M47	B
A10_P5_M47_L001	B
A11_P5_M47_L001	B
A12_P5_M47_L001	Plasma
A4_P5_M47_L001	B
A5_P5_M47_L001	B
A6_P5_M47_L001	B
A7_P5_M47_L001	B
A8_P5_M47_L001	CD4_Glyco_hi
A9_P5_M47_L001	B
B10_P5_M47_L001	B
B11_P5_M47_L001	B
B12_P5_M47_L001	B
B4_P5_M47_L001	CD4_Glyco_hi
B5_P5_M47_L001	B
B7_P5_M47_L001	B
B8_P5_M47_L001	B
C10_P5_M47_L001	B
C11_P5_M47_L001	B
C2_P5_M47_L001	B
C4_P5_M47_L001	B
C6_P5_M47_L001	B
C7_P5_M47_L001	B
C9_P5_M47_L001	B
D10_P5_M47_L001	CD4_Glyco_hi
D11_P5_M47_L001	CD4_Glyco_hi
D1_P5_M47_L001	B
D2_P5_M47_L001	B
D3_P5_M47_L001	B
D4_P5_M47_L001	B
D6_P5_M47_L001	B
D8_P5_M47_L001	B
D9_P5_M47_L001	Plasma
E11_P5_M47_L001	B
E1_P5_M47_L001	B
E3_P5_M47_L001	CD4_Glyco_hi
E4_P5_M47_L001	CD4_Glyco_hi
E5_P5_M47_L001	B
E6_P5_M47_L001	B
E8_P5_M47_L001	B
F11_P5_M47_L001	B
F4_P5_M47_L001	NK
F6_P5_M47_L001	Tprolif
F8_P5_M47_L001	CD4_Glyco_hi
F9_P5_M47_L001	CD4_Glyco_hi
G12_P5_M47_L001	B
G4_P5_M47_L001	B
G7_P5_M47_L001	B
H10_P5_M47_L001	B
H12_P5_M47_L001	CD4_Glyco_lo
H1_P5_M47_L001	B
H2_P5_M47_L001	CD8T
H3_P5_M47_L001	CD8T
H4_P5_M47_L001	B
H5_P5_M47_L001	CD4_Glyco_lo
H7_P5_M47_L001	B
H8_P5_M47_L001	B
H9_P5_M47_L001	CD4_Glyco_hi
A11_P1_MMD1-84A_L001	MonoMacro
A11_P2_MMD1-84A_L001	CD8T
A12_P1_MMD1-84A_L001	MonoMacro
A12_P2_MMD1-84A_L001	MonoMacro
A12_P3_MMD1-84A_L001	CD8T
A1_P2_MMD1-84A_L001	MonoMacro
A1_P3_MMD1-84A_L001	CD8T
A2_P1_MMD1-84A_L001	Tprolif
A2_P2_MMD1-84A_L001	CD4_Glyco_lo
A2_P3_MMD1-84A_L001	CD8T
A2_P4_MMD1-84A_L001	CD8T
A3_P1_MMD1-84A_L001	CD8T
A3_P3_MMD1-84A_L001	Tprolif
A4_P2_MMD1-84A_L001	CD8T
A4_P4_MMD1-84A_L001	CD8T
A5_P1_MMD1-84A_L001	CD4_Glyco_hi
A5_P2_MMD1-84A_L001	NK
A5_P3_MMD1-84A_L001	CD8T
A6_P1_MMD1-84A_L001	MonoMacro
A6_P2_MMD1-84A_L001	CD4_Glyco_lo
A6_P3_MMD1-84A_L001	MonoMacro
A6_P4_MMD1-84A_L001	CD4_Glyco_hi
A8_P1_MMD1-84A_L001	CD4_Glyco_lo
A9_P1_MMD1-84A_L001	CD8T
B10_P2_MMD1-84A_L001	CD8T
B10_P4_MMD1-84A_L001	CD4_Glyco_hi
B11_P1_MMD1-84A_L001	MonoMacro
B11_P3_MMD1-84A_L001	CD8T
B11_P4_MMD1-84A_L001	B
B12_P4_MMD1-84A_L001	NK
B1_P2_MMD1-84A_L001	CD8T
B2_P1_MMD1-84A_L001	NK
B2_P2_MMD1-84A_L001	CD8T
B2_P3_MMD1-84A_L001	CD4_Glyco_hi
B2_P4_MMD1-84A_L001	NK
B4_P1_MMD1-84A_L001	Tprolif
B4_P3_MMD1-84A_L001	CD8T
B5_P2_MMD1-84A_L001	CD8T
B5_P3_MMD1-84A_L001	CD8T
B5_P4_MMD1-84A_L001	Tprolif
B6_P1_MMD1-84A_L001	MonoMacro
B6_P4_MMD1-84A_L001	CD8T
B7_P1_MMD1-84A_L001	MonoMacro
B7_P2_MMD1-84A_L001	CD8T
B7_P3_MMD1-84A_L001	CD8T
B7_P4_MMD1-84A_L001	CD8T
B8_P1_MMD1-84A_L001	MonoMacro
B8_P3_MMD1-84A_L001	CD4_Glyco_hi
B8_P4_MMD1-84A_L001	NK
B9_P4_MMD1-84A_L001	CD8T
C10_P1_MMD1-84A_L001	CD4_Glyco_hi
C10_P3_MMD1-84A_L001	MonoMacro
C10_P4_MMD1-84A_L001	CD8T
C11_P1_MMD1-84A_L001	B
C11_P4_MMD1-84A_L001	CD4_Glyco_hi
C12_P1_MMD1-84A_L001	MonoMacro
C12_P2_MMD1-84A_L001	MonoMacro
C12_P4_MMD1-84A_L001	CD8T
C1_P1_MMD1-84A_L001	Plasma
C1_P2_MMD1-84A_L001	MonoMacro
C2_P1_MMD1-84A_L001	Tprolif
C2_P3_MMD1-84A_L001	NK
C2_P4_MMD1-84A_L001	CD8T
C3_P1_MMD1-84A_L001	CD8T
C3_P2_MMD1-84A_L001	CD8T
C3_P4_MMD1-84A_L001	CD4_Glyco_hi
C4_P1_MMD1-84A_L001	Tprolif
C5_P4_MMD1-84A_L001	CD4_Glyco_lo
C7_P3_MMD1-84A_L001	CD8T
C8_P1_MMD1-84A_L001	CD8T
C8_P2_MMD1-84A_L001	CD8T
C8_P3_MMD1-84A_L001	CD8T
C9_P1_MMD1-84A_L001	MonoMacro
C9_P4_MMD1-84A_L001	CD8T
D10_P1_MMD1-84A_L001	pDC
D10_P3_MMD1-84A_L001	Tprolif
D10_P4_MMD1-84A_L001	MonoMacro
D11_P1_MMD1-84A_L001	CD8T
D11_P2_MMD1-84A_L001	CD4_Glyco_hi
D11_P3_MMD1-84A_L001	MonoMacro
D11_P4_MMD1-84A_L001	CD4_Glyco_lo
D12_P1_MMD1-84A_L001	MonoMacro
D12_P3_MMD1-84A_L001	CD8T
D12_P4_MMD1-84A_L001	CD8T
D1_P3_MMD1-84A_L001	CD8T
D1_P4_MMD1-84A_L001	CD4_Glyco_lo
D2_P1_MMD1-84A_L001	Tprolif
D2_P4_MMD1-84A_L001	MonoMacro
D4_P2_MMD1-84A_L001	MonoMacro
D4_P4_MMD1-84A_L001	CD8T
D5_P2_MMD1-84A_L001	CD4_Glyco_hi
D5_P3_MMD1-84A_L001	CD8T
D6_P1_MMD1-84A_L001	MonoMacro
D6_P4_MMD1-84A_L001	MonoMacro
D7_P1_MMD1-84A_L001	CD8T
D7_P2_MMD1-84A_L001	CD8T
D7_P3_MMD1-84A_L001	MonoMacro
D7_P4_MMD1-84A_L001	CD8T
D8_P1_MMD1-84A_L001	CD8T
D8_P2_MMD1-84A_L001	MonoMacro
D8_P3_MMD1-84A_L001	MonoMacro
D8_P4_MMD1-84A_L001	MonoMacro
D9_P1_MMD1-84A_L001	CD8T
D9_P2_MMD1-84A_L001	CD4_Glyco_lo
E10_P1_MMD1-84A_L001	Tprolif
E10_P4_MMD1-84A_L001	CD4_Glyco_lo
E11_P1_MMD1-84A_L001	MonoMacro
E11_P2_MMD1-84A_L001	MonoMacro
E11_P3_MMD1-84A_L001	NK
E12_P1_MMD1-84A_L001	CD8T
E12_P2_MMD1-84A_L001	CD8T
E12_P4_MMD1-84A_L001	CD4_Glyco_hi
E1_P1_MMD1-84A_L001	Plasma
E2_P1_MMD1-84A_L001	CD4_Glyco_hi
E2_P2_MMD1-84A_L001	MonoMacro
E3_P4_MMD1-84A_L001	CD4_Glyco_lo
E7_P2_MMD1-84A_L001	CD8T
E7_P4_MMD1-84A_L001	MonoMacro
E8_P1_MMD1-84A_L001	CD8T
E9_P2_MMD1-84A_L001	Tprolif
F10_P1_MMD1-84A_L001	CD4_Glyco_hi
F10_P2_MMD1-84A_L001	CD8T
F10_P3_MMD1-84A_L001	CD8T
F11_P4_MMD1-84A_L001	CD8T
F12_P1_MMD1-84A_L001	CD8T
F12_P4_MMD1-84A_L001	CD8T
F1_P2_MMD1-84A_L001	CD8T
F2_P3_MMD1-84A_L001	CD8T
F3_P1_MMD1-84A_L001	CD8T
F3_P2_MMD1-84A_L001	CD8T
F4_P3_MMD1-84A_L001	CD8T
F4_P4_MMD1-84A_L001	MonoMacro
F5_P1_MMD1-84A_L001	Tprolif
F6_P1_MMD1-84A_L001	CD8T
F7_P1_MMD1-84A_L001	MonoMacro
F7_P2_MMD1-84A_L001	NK
F7_P3_MMD1-84A_L001	pDC
F7_P4_MMD1-84A_L001	CD8T
F8_P1_MMD1-84A_L001	CD8T
F8_P2_MMD1-84A_L001	MonoMacro
F9_P1_MMD1-84A_L001	MonoMacro
F9_P2_MMD1-84A_L001	NK
F9_P3_MMD1-84A_L001	NK
F9_P4_MMD1-84A_L001	CD8T
G10_P3_MMD1-84A_L001	MonoMacro
G10_P4_MMD1-84A_L001	MonoMacro
G11_P1_MMD1-84A_L001	CD8T
G11_P3_MMD1-84A_L001	CD4_Glyco_lo
G11_P4_MMD1-84A_L001	CD8T
G12_P2_MMD1-84A_L001	CD8T
G12_P3_MMD1-84A_L001	Tprolif
G1_P2_MMD1-84A_L001	CD8T
G1_P3_MMD1-84A_L001	CD8T
G1_P4_MMD1-84A_L001	CD8T
G2_P2_MMD1-84A_L001	CD4_Glyco_lo
G2_P3_MMD1-84A_L001	Tprolif
G3_P3_MMD1-84A_L001	CD8T
G4_P4_MMD1-84A_L001	NK
G5_P2_MMD1-84A_L001	CD8T
G6_P1_MMD1-84A_L001	CD8T
G6_P4_MMD1-84A_L001	CD8T
G7_P2_MMD1-84A_L001	CD8T
G7_P4_MMD1-84A_L001	CD8T
G8_P2_MMD1-84A_L001	MonoMacro
G8_P3_MMD1-84A_L001	Tprolif
G9_P1_MMD1-84A_L001	CD8T
G9_P3_MMD1-84A_L001	CD8T
G9_P4_MMD1-84A_L001	CD8T
H10_P1_MMD1-84A_L001	MonoMacro
H10_P3_MMD1-84A_L001	Tprolif
H11_P3_MMD1-84A_L001	CD8T
H12_P1_MMD1-84A_L001	CD8T
H12_P2_MMD1-84A_L001	CD4_Glyco_lo
H12_P4_MMD1-84A_L001	CD8T
H1_P1_MMD1-84A_L001	Plasma
H1_P3_MMD1-84A_L001	CD8T
H2_P1_MMD1-84A_L001	CD8T
H2_P3_MMD1-84A_L001	CD4_Glyco_hi
H3_P1_MMD1-84A_L001	Tprolif
H3_P2_MMD1-84A_L001	MonoMacro
H3_P3_MMD1-84A_L001	CD8T
H3_P4_MMD1-84A_L001	CD8T
H4_P1_MMD1-84A_L001	CD8T
H4_P2_MMD1-84A_L001	CD8T
H4_P4_MMD1-84A_L001	CD8T
H5_P2_MMD1-84A_L001	Tprolif
H5_P3_MMD1-84A_L001	CD4_Glyco_lo
H6_P1_MMD1-84A_L001	CD8T
H6_P4_MMD1-84A_L001	CD8T
H7_P2_MMD1-84A_L001	CD4_Glyco_lo
H7_P4_MMD1-84A_L001	CD8T
H8_P2_MMD1-84A_L001	MonoMacro
H9_P1_MMD1-84A_L001	CD8T
H9_P2_MMD1-84A_L001	CD8T
A10_P1_MMD1-84B_L001	CD8T
A10_P2_MMD1-84B_L001	CD4_Glyco_lo
A10_P3_MMD1-84B_L001	CD8T
A10_P4_MMD1-84B_L001	CD4_Glyco_lo
A11_P2_MMD1-84B_L001	CD8T
A11_P3_MMD1-84B_L001	CD4_Glyco_lo
A11_P4_MMD1-84B_L001	CD8T
A12_P2_MMD1-84B_L001	CD4_Glyco_lo
A12_P3_MMD1-84B_L001	CD8T
A1_P1_MMD1-84B_L001	CD8T
A1_P2_MMD1-84B_L001	MonoMacro
A1_P4_MMD1-84B_L001	CD8T
A2_P1_MMD1-84B_L001	CD4_Glyco_lo
A2_P4_MMD1-84B_L001	CD8T
A3_P3_MMD1-84B_L001	CD4_Glyco_hi
A4_P1_MMD1-84B_L001	CD8T
A4_P2_MMD1-84B_L001	CD4_Glyco_lo
A4_P4_MMD1-84B_L001	CD8T
A5_P1_MMD1-84B_L001	CD8T
A5_P3_MMD1-84B_L001	CD8T
A6_P1_MMD1-84B_L001	CD8T
A6_P2_MMD1-84B_L001	CD4_Glyco_hi
A6_P3_MMD1-84B_L001	CD8T
A7_P1_MMD1-84B_L001	CD8T
A7_P2_MMD1-84B_L001	CD4_Glyco_lo
A7_P3_MMD1-84B_L001	Tprolif
A9_P3_MMD1-84B_L001	CD8T
A9_P4_MMD1-84B_L001	CD8T
B10_P1_MMD1-84B_L001	CD8T
B10_P2_MMD1-84B_L001	CD8T
B10_P3_MMD1-84B_L001	CD8T
B10_P4_MMD1-84B_L001	CD8T
B11_P1_MMD1-84B_L001	CD8T
B11_P2_MMD1-84B_L001	CD8T
B11_P3_MMD1-84B_L001	CD8T
B12_P1_MMD1-84B_L001	CD8T
B12_P3_MMD1-84B_L001	CD8T
B12_P4_MMD1-84B_L001	CD4_Glyco_lo
B1_P1_MMD1-84B_L001	CD8T
B1_P2_MMD1-84B_L001	CD4_Glyco_hi
B1_P4_MMD1-84B_L001	Tprolif
B2_P1_MMD1-84B_L001	CD4_Glyco_lo
B2_P2_MMD1-84B_L001	CD8T
B2_P4_MMD1-84B_L001	CD8T
B3_P1_MMD1-84B_L001	CD4_Glyco_lo
B3_P2_MMD1-84B_L001	CD8T
B4_P1_MMD1-84B_L001	CD4_Glyco_hi
B5_P1_MMD1-84B_L001	CD8T
B5_P2_MMD1-84B_L001	Tprolif
B5_P3_MMD1-84B_L001	CD8T
B5_P4_MMD1-84B_L001	CD8T
B6_P2_MMD1-84B_L001	CD8T
B7_P1_MMD1-84B_L001	CD8T
B7_P4_MMD1-84B_L001	CD8T
B8_P1_MMD1-84B_L001	CD8T
B8_P3_MMD1-84B_L001	CD8T
B8_P4_MMD1-84B_L001	CD8T
C10_P4_MMD1-84B_L001	CD8T
C11_P3_MMD1-84B_L001	CD8T
C11_P4_MMD1-84B_L001	CD8T
C12_P2_MMD1-84B_L001	CD4_Glyco_lo
C12_P3_MMD1-84B_L001	CD8T
C1_P1_MMD1-84B_L001	CD8T
C1_P4_MMD1-84B_L001	Tprolif
C2_P1_MMD1-84B_L001	CD8T
C2_P4_MMD1-84B_L001	CD8T
C3_P3_MMD1-84B_L001	CD8T
C3_P4_MMD1-84B_L001	MonoMacro
C4_P1_MMD1-84B_L001	CD8T
C4_P2_MMD1-84B_L001	CD4_Glyco_lo
C4_P3_MMD1-84B_L001	B
C5_P1_MMD1-84B_L001	CD8T
C5_P3_MMD1-84B_L001	CD4_Glyco_lo
C5_P4_MMD1-84B_L001	CD8T
C6_P1_MMD1-84B_L001	CD4_Glyco_lo
C6_P2_MMD1-84B_L001	CD4_Glyco_hi
C6_P3_MMD1-84B_L001	CD8T
C6_P4_MMD1-84B_L001	CD8T
C7_P1_MMD1-84B_L001	CD4_Glyco_hi
C7_P2_MMD1-84B_L001	CD8T
C7_P3_MMD1-84B_L001	Tprolif
C7_P4_MMD1-84B_L001	CD4_Glyco_lo
C8_P3_MMD1-84B_L001	CD8T
C8_P4_MMD1-84B_L001	CD8T
C9_P1_MMD1-84B_L001	CD8T
C9_P3_MMD1-84B_L001	CD8T
C9_P4_MMD1-84B_L001	CD8T
D10_P1_MMD1-84B_L001	CD8T
D10_P2_MMD1-84B_L001	CD8T
D10_P3_MMD1-84B_L001	CD4_Glyco_lo
D11_P1_MMD1-84B_L001	CD8T
D11_P2_MMD1-84B_L001	CD8T
D11_P3_MMD1-84B_L001	CD8T
D11_P4_MMD1-84B_L001	CD8T
D12_P2_MMD1-84B_L001	CD8T
D12_P3_MMD1-84B_L001	CD8T
D1_P1_MMD1-84B_L001	CD8T
D1_P2_MMD1-84B_L001	CD8T
D1_P3_MMD1-84B_L001	CD8T
D2_P2_MMD1-84B_L001	CD4_Glyco_hi
D2_P3_MMD1-84B_L001	CD4_Glyco_lo
D2_P4_MMD1-84B_L001	CD8T
D3_P1_MMD1-84B_L001	CD4_Glyco_lo
D3_P4_MMD1-84B_L001	CD8T
D4_P1_MMD1-84B_L001	CD4_Glyco_hi
D4_P2_MMD1-84B_L001	CD8T
D4_P4_MMD1-84B_L001	CD8T
D5_P2_MMD1-84B_L001	CD4_Glyco_lo
D5_P3_MMD1-84B_L001	CD4_Glyco_hi
D5_P4_MMD1-84B_L001	CD4_Glyco_hi
D6_P1_MMD1-84B_L001	CD8T
D6_P2_MMD1-84B_L001	CD4_Glyco_hi
D6_P3_MMD1-84B_L001	CD4_Glyco_hi
D6_P4_MMD1-84B_L001	CD8T
D7_P1_MMD1-84B_L001	CD8T
D7_P2_MMD1-84B_L001	Tprolif
D7_P3_MMD1-84B_L001	CD4_Glyco_hi
D8_P1_MMD1-84B_L001	CD8T
D8_P2_MMD1-84B_L001	CD8T
D8_P3_MMD1-84B_L001	CD8T
D8_P4_MMD1-84B_L001	CD8T
D9_P1_MMD1-84B_L001	CD8T
D9_P3_MMD1-84B_L001	CD8T
D9_P4_MMD1-84B_L001	CD4_Glyco_lo
E10_P1_MMD1-84B_L001	CD8T
E10_P3_MMD1-84B_L001	CD8T
E10_P4_MMD1-84B_L001	CD8T
E11_P3_MMD1-84B_L001	CD8T
E11_P4_MMD1-84B_L001	CD8T
E12_P1_MMD1-84B_L001	CD8T
E12_P2_MMD1-84B_L001	CD8T
E12_P4_MMD1-84B_L001	CD8T
E1_P1_MMD1-84B_L001	CD8T
E1_P2_MMD1-84B_L001	CD8T
E1_P3_MMD1-84B_L001	CD8T
E1_P4_MMD1-84B_L001	Tprolif
E2_P3_MMD1-84B_L001	CD8T
E3_P4_MMD1-84B_L001	CD4_Glyco_lo
E4_P1_MMD1-84B_L001	CD8T
E4_P2_MMD1-84B_L001	CD8T
E4_P4_MMD1-84B_L001	CD8T
E5_P1_MMD1-84B_L001	CD4_Glyco_hi
E5_P2_MMD1-84B_L001	CD8T
E5_P3_MMD1-84B_L001	CD4_Glyco_lo
E5_P4_MMD1-84B_L001	CD8T
E6_P1_MMD1-84B_L001	CD8T
E6_P4_MMD1-84B_L001	CD8T
E7_P1_MMD1-84B_L001	CD8T
E7_P2_MMD1-84B_L001	CD8T
E7_P3_MMD1-84B_L001	CD8T
E7_P4_MMD1-84B_L001	CD8T
E8_P1_MMD1-84B_L001	CD4_Glyco_hi
E8_P2_MMD1-84B_L001	CD8T
E9_P1_MMD1-84B_L001	CD8T
E9_P2_MMD1-84B_L001	CD8T
E9_P3_MMD1-84B_L001	Tprolif
F10_P1_MMD1-84B_L001	CD8T
F10_P3_MMD1-84B_L001	CD8T
F10_P4_MMD1-84B_L001	CD4_Glyco_hi
F12_P1_MMD1-84B_L001	CD8T
F12_P3_MMD1-84B_L001	CD8T
F1_P1_MMD1-84B_L001	CD8T
F1_P2_MMD1-84B_L001	CD8T
F1_P4_MMD1-84B_L001	CD4_Glyco_lo
F2_P3_MMD1-84B_L001	CD8T
F3_P1_MMD1-84B_L001	CD4_Glyco_hi
F3_P2_MMD1-84B_L001	CD8T
F3_P3_MMD1-84B_L001	CD4_Glyco_hi
F4_P2_MMD1-84B_L001	CD4_Glyco_hi
F4_P3_MMD1-84B_L001	CD8T
F5_P2_MMD1-84B_L001	CD4_Glyco_lo
F5_P3_MMD1-84B_L001	CD8T
F5_P4_MMD1-84B_L001	CD8T
F6_P2_MMD1-84B_L001	MonoMacro
F7_P1_MMD1-84B_L001	CD8T
F7_P2_MMD1-84B_L001	CD4_Glyco_hi
F7_P4_MMD1-84B_L001	CD8T
F8_P1_MMD1-84B_L001	CD8T
F8_P3_MMD1-84B_L001	CD8T
F9_P1_MMD1-84B_L001	CD8T
F9_P3_MMD1-84B_L001	CD4_Glyco_lo
F9_P4_MMD1-84B_L001	MonoMacro
G10_P1_MMD1-84B_L001	CD4_Glyco_lo
G10_P2_MMD1-84B_L001	CD8T
G10_P4_MMD1-84B_L001	CD8T
G11_P1_MMD1-84B_L001	CD8T
G11_P2_MMD1-84B_L001	CD4_Glyco_hi
G11_P3_MMD1-84B_L001	CD4_Glyco_lo
G12_P1_MMD1-84B_L001	CD8T
G12_P3_MMD1-84B_L001	CD8T
G12_P4_MMD1-84B_L001	CD8T
G1_P1_MMD1-84B_L001	CD4_Glyco_hi
G1_P2_MMD1-84B_L001	CD8T
G1_P4_MMD1-84B_L001	Tprolif
G2_P1_MMD1-84B_L001	CD8T
G2_P2_MMD1-84B_L001	CD8T
G2_P3_MMD1-84B_L001	CD8T
G2_P4_MMD1-84B_L001	CD8T
G3_P2_MMD1-84B_L001	CD8T
G3_P3_MMD1-84B_L001	CD4_Glyco_hi
G3_P4_MMD1-84B_L001	CD8T
G4_P3_MMD1-84B_L001	CD8T
G5_P1_MMD1-84B_L001	CD8T
G5_P2_MMD1-84B_L001	CD8T
G5_P3_MMD1-84B_L001	CD4_Glyco_hi
G5_P4_MMD1-84B_L001	CD8T
G6_P3_MMD1-84B_L001	CD8T
G6_P4_MMD1-84B_L001	CD8T
G7_P2_MMD1-84B_L001	CD8T
G7_P4_MMD1-84B_L001	CD4_Glyco_hi
G8_P2_MMD1-84B_L001	CD8T
G8_P3_MMD1-84B_L001	CD8T
G9_P2_MMD1-84B_L001	CD4_Glyco_hi
G9_P3_MMD1-84B_L001	CD8T
G9_P4_MMD1-84B_L001	CD8T
H10_P1_MMD1-84B_L001	CD8T
H10_P2_MMD1-84B_L001	CD8T
H10_P4_MMD1-84B_L001	CD8T
H11_P1_MMD1-84B_L001	CD8T
H11_P2_MMD1-84B_L001	CD8T
H11_P4_MMD1-84B_L001	CD8T
H12_P2_MMD1-84B_L001	CD8T
H12_P3_MMD1-84B_L001	CD8T
H12_P4_MMD1-84B_L001	CD8T
H1_P1_MMD1-84B_L001	CD4_Glyco_hi
H1_P2_MMD1-84B_L001	CD8T
H1_P3_MMD1-84B_L001	CD8T
H1_P4_MMD1-84B_L001	Plasma
H2_P2_MMD1-84B_L001	CD8T
H2_P4_MMD1-84B_L001	CD8T
H3_P1_MMD1-84B_L001	CD8T
H3_P2_MMD1-84B_L001	CD8T
H3_P3_MMD1-84B_L001	CD8T
H4_P1_MMD1-84B_L001	CD4_Glyco_hi
H4_P2_MMD1-84B_L001	CD8T
H4_P3_MMD1-84B_L001	CD8T
H5_P2_MMD1-84B_L001	CD4_Glyco_lo
H5_P3_MMD1-84B_L001	CD8T
H6_P1_MMD1-84B_L001	Tprolif
H6_P2_MMD1-84B_L001	CD8T
H6_P3_MMD1-84B_L001	CD8T
H7_P1_MMD1-84B_L001	CD8T
H7_P2_MMD1-84B_L001	CD8T
H7_P4_MMD1-84B_L001	CD8T
H8_P2_MMD1-84B_L001	CD8T
H8_P3_MMD1-84B_L001	CD8T
H8_P4_MMD1-84B_L001	CD8T
H9_P1_MMD1-84B_L001	CD8T
H9_P2_MMD1-84B_L001	CD8T
A10_P3_M67_L001	Tprolif
A11_P1_M67_L001	Tprolif
A11_P3_M67_L001	CD8T
A11_P4_M67_L001	pDC
A12_P2_M67_L001	Tprolif
A12_P3_M67_L001	MonoMacro
A12_P4_M67_L001	pDC
A2_P1_M67_L001	Tprolif
A2_P3_M67_L001	Tprolif
A2_P4_M67_L001	MonoMacro
A3_P1_M67_L001	MonoMacro
A3_P2_M67_L001	B
A4_P1_M67_L001	CD4_Glyco_hi
A4_P2_M67_L001	CD8T
A4_P3_M67_L001	B
A5_P1_M67_L001	Tprolif
A5_P2_M67_L001	Tprolif
A5_P3_M67_L001	CD4_Glyco_lo
A6_P2_M67_L001	CD4_Glyco_lo
A6_P3_M67_L001	Tprolif
A6_P4_M67_L001	pDC
A7_P2_M67_L001	Tprolif
A7_P3_M67_L001	MonoMacro
A7_P4_M67_L001	CD8T
A8_P1_M67_L001	MonoMacro
A8_P2_M67_L001	Tprolif
A9_P2_M67_L001	Tprolif
A9_P3_M67_L001	MonoMacro
A9_P4_M67_L001	MonoMacro
B10_P3_M67_L001	MonoMacro
B10_P4_M67_L001	Tprolif
B11_P1_M67_L001	Tprolif
B11_P3_M67_L001	B
B11_P4_M67_L001	CD8T
B12_P1_M67_L001	Tprolif
B12_P2_M67_L001	pDC
B12_P4_M67_L001	Tprolif
B1_P1_M67_L001	CD8T
B1_P4_M67_L001	Tprolif
B2_P2_M67_L001	Tprolif
B2_P4_M67_L001	MonoMacro
B3_P1_M67_L001	MonoMacro
B3_P2_M67_L001	pDC
B3_P3_M67_L001	pDC
B3_P4_M67_L001	Plasma
B4_P1_M67_L001	Tprolif
B4_P2_M67_L001	Tprolif
B4_P3_M67_L001	MonoMacro
B4_P4_M67_L001	Tprolif
B5_P1_M67_L001	CD8T
B5_P2_M67_L001	B
B5_P3_M67_L001	CD4_Glyco_lo
B6_P1_M67_L001	Tprolif
B6_P2_M67_L001	MonoMacro
B6_P3_M67_L001	Tprolif
B6_P4_M67_L001	MonoMacro
B7_P2_M67_L001	Tprolif
B7_P3_M67_L001	Tprolif
B7_P4_M67_L001	MonoMacro
B8_P1_M67_L001	MonoMacro
B8_P2_M67_L001	Tprolif
B8_P3_M67_L001	Tprolif
B8_P4_M67_L001	MonoMacro
B9_P1_M67_L001	MonoMacro
B9_P2_M67_L001	Tprolif
B9_P4_M67_L001	MonoMacro
C10_P2_M67_L001	Tprolif
C10_P3_M67_L001	CD8T
C11_P1_M67_L001	Tprolif
C11_P2_M67_L001	Tprolif
C11_P3_M67_L001	Tprolif
C11_P4_M67_L001	pDC
C12_P2_M67_L001	Tprolif
C12_P3_M67_L001	MonoMacro
C12_P4_M67_L001	pDC
C1_P1_M67_L001	B
C1_P2_M67_L001	pDC
C1_P3_M67_L001	Tprolif
C2_P1_M67_L001	Tprolif
C2_P2_M67_L001	MonoMacro
C3_P1_M67_L001	pDC
C3_P3_M67_L001	Tprolif
C4_P2_M67_L001	MonoMacro
C4_P3_M67_L001	B
C4_P4_M67_L001	Tprolif
C5_P2_M67_L001	Tprolif
C5_P3_M67_L001	MonoMacro
C6_P2_M67_L001	Tprolif
C7_P1_M67_L001	pDC
C7_P2_M67_L001	B
C8_P1_M67_L001	Tprolif
C8_P2_M67_L001	Tprolif
C8_P3_M67_L001	MonoMacro
C8_P4_M67_L001	Tprolif
C9_P1_M67_L001	NK
C9_P2_M67_L001	Plasma
C9_P3_M67_L001	CD4_Glyco_hi
D10_P1_M67_L001	CD8T
D10_P2_M67_L001	Tprolif
D10_P3_M67_L001	Tprolif
D10_P4_M67_L001	MonoMacro
D11_P1_M67_L001	Tprolif
D11_P2_M67_L001	MonoMacro
D11_P3_M67_L001	MonoMacro
D11_P4_M67_L001	MonoMacro
D12_P2_M67_L001	Tprolif
D12_P4_M67_L001	MonoMacro
D1_P1_M67_L001	CD4_Glyco_lo
D1_P3_M67_L001	CD8T
D1_P4_M67_L001	MonoMacro
D2_P1_M67_L001	Tprolif
D2_P3_M67_L001	pDC
D2_P4_M67_L001	MonoMacro
D3_P1_M67_L001	Plasma
D3_P2_M67_L001	pDC
D3_P3_M67_L001	Tprolif
D4_P1_M67_L001	Tprolif
D4_P3_M67_L001	pDC
D4_P4_M67_L001	MonoMacro
D5_P2_M67_L001	Tprolif
D5_P4_M67_L001	CD4_Glyco_lo
D6_P1_M67_L001	MonoMacro
D6_P2_M67_L001	CD8T
D6_P3_M67_L001	CD8T
D6_P4_M67_L001	CD4_Glyco_hi
D7_P1_M67_L001	Tprolif
D7_P2_M67_L001	CD4_Glyco_lo
D7_P3_M67_L001	CD4_Glyco_hi
D7_P4_M67_L001	Tprolif
D8_P1_M67_L001	CD4_Glyco_lo
D8_P3_M67_L001	Tprolif
D8_P4_M67_L001	Tprolif
D9_P1_M67_L001	Tprolif
D9_P2_M67_L001	Tprolif
D9_P3_M67_L001	Tprolif
D9_P4_M67_L001	pDC
E10_P2_M67_L001	Tprolif
E10_P3_M67_L001	Tprolif
E11_P3_M67_L001	CD8T
E11_P4_M67_L001	MonoMacro
E12_P1_M67_L001	Tprolif
E12_P3_M67_L001	MonoMacro
E12_P4_M67_L001	MonoMacro
E1_P1_M67_L001	MonoMacro
E1_P3_M67_L001	Tprolif
E1_P4_M67_L001	pDC
E2_P3_M67_L001	MonoMacro
E2_P4_M67_L001	CD8T
E3_P2_M67_L001	Tprolif
E3_P3_M67_L001	MonoMacro
E3_P4_M67_L001	MonoMacro
E4_P1_M67_L001	Tprolif
E4_P3_M67_L001	Tprolif
E5_P1_M67_L001	Tprolif
E5_P2_M67_L001	B
E5_P3_M67_L001	pDC
E5_P4_M67_L001	Tprolif
E6_P2_M67_L001	Tprolif
E6_P3_M67_L001	MonoMacro
E6_P4_M67_L001	CD4_Glyco_hi
E7_P1_M67_L001	MonoMacro
E7_P2_M67_L001	MonoMacro
E7_P3_M67_L001	Tprolif
E7_P4_M67_L001	MonoMacro
E8_P2_M67_L001	Tprolif
E8_P3_M67_L001	Tprolif
E8_P4_M67_L001	Tprolif
E9_P1_M67_L001	CD8T
E9_P3_M67_L001	Tprolif
E9_P4_M67_L001	Plasma
F10_P3_M67_L001	MonoMacro
F11_P1_M67_L001	CD8T
F11_P3_M67_L001	Tprolif
F11_P4_M67_L001	pDC
F12_P1_M67_L001	Tprolif
F12_P4_M67_L001	pDC
F1_P1_M67_L001	CD8T
F1_P3_M67_L001	MonoMacro
F2_P2_M67_L001	CD8T
F2_P3_M67_L001	CD4_Glyco_lo
F3_P1_M67_L001	Plasma
F3_P2_M67_L001	CD8T
F3_P3_M67_L001	Tprolif
F4_P1_M67_L001	pDC
F4_P2_M67_L001	Plasma
F4_P3_M67_L001	Tprolif
F5_P2_M67_L001	pDC
F5_P4_M67_L001	Plasma
F6_P1_M67_L001	Tprolif
F6_P2_M67_L001	pDC
F6_P3_M67_L001	Tprolif
F6_P4_M67_L001	CD8T
F7_P1_M67_L001	MonoMacro
F7_P2_M67_L001	B
F7_P3_M67_L001	CD4_Glyco_hi
F8_P2_M67_L001	MonoMacro
F9_P1_M67_L001	Tprolif
F9_P3_M67_L001	MonoMacro
G10_P1_M67_L001	CD8T
G10_P2_M67_L001	Tprolif
G10_P3_M67_L001	CD4_Glyco_lo
G10_P4_M67_L001	Tprolif
G11_P1_M67_L001	Tprolif
G11_P2_M67_L001	CD8T
G11_P3_M67_L001	MonoMacro
G12_P2_M67_L001	B
G12_P3_M67_L001	Tprolif
G12_P4_M67_L001	pDC
G1_P1_M67_L001	CD4_Glyco_hi
G2_P1_M67_L001	Tprolif
G2_P3_M67_L001	Tprolif
G2_P4_M67_L001	MonoMacro
G3_P2_M67_L001	pDC
G3_P3_M67_L001	Tprolif
G3_P4_M67_L001	CD4_Glyco_hi
G4_P1_M67_L001	Tprolif
G4_P2_M67_L001	MonoMacro
G4_P3_M67_L001	Plasma
G5_P2_M67_L001	CD4_Glyco_hi
G5_P3_M67_L001	Tprolif
G6_P1_M67_L001	Tprolif
G6_P4_M67_L001	CD4_Glyco_hi
G7_P1_M67_L001	Tprolif
G7_P2_M67_L001	pDC
G7_P3_M67_L001	Tprolif
G7_P4_M67_L001	MonoMacro
G8_P2_M67_L001	MonoMacro
G8_P4_M67_L001	CD4_Glyco_hi
G9_P1_M67_L001	pDC
H11_P1_M67_L001	pDC
H12_P1_M67_L001	Tprolif
H12_P2_M67_L001	CD8T
H12_P4_M67_L001	pDC
H1_P1_M67_L001	CD8T
H1_P4_M67_L001	CD8T
H3_P1_M67_L001	MonoMacro
H3_P4_M67_L001	pDC
H4_P1_M67_L001	pDC
H6_P4_M67_L001	pDC
H7_P1_M67_L001	Tprolif
H7_P4_M67_L001	pDC
H8_P4_M67_L001	Tprolif
H9_P4_M67_L001	MonoMacro
A10_P7_M63-B1	CD8T
A10_P8_M63-B1	CD8T
A11_P6_M63-B1	NK
A11_P8_M63-B1	CD4_Glyco_hi
A11_P9_M63-B1	CD8T
A12_P7_M63-B1	CD8T
A12_P8_M63-B1	CD4_Glyco_lo
A2_P6_M63-B1	CD8T
A2_P8_M63-B1	CD8T
A2_P9_M63-B1	CD8T
A3_P7_M63-B1	NK
A3_P8_M63-B1	CD4_Glyco_hi
A3_P9_M63-B1	MonoMacro
A4_P7_M63-B1	CD8T
A4_P8_M63-B1	CD8T
A5_P6_M63-B1	NK
A5_P8_M63-B1	CD8T
A6_P9_M63-B1	CD8T
A7_P6_M63-B1	NK
A8_P7_M63-B1	MonoMacro
A9_P6_M63-B1	CD8T
A9_P7_M63-B1	MonoMacro
A9_P9_M63-B1	CD8T
B10_P6_M63-B1	MonoMacro
B10_P7_M63-B1	MonoMacro
B11_P6_M63-B1	CD8T
B11_P8_M63-B1	CD8T
B12_P8_M63-B1	CD8T
B12_P9_M63-B1	NK
B1_P9_M63-B1	CD8T
B2_P8_M63-B1	CD8T
B3_P6_M63-B1	CD8T
B3_P9_M63-B1	CD8T
B4_P7_M63-B1	MonoMacro
B4_P8_M63-B1	CD8T
B4_P9_M63-B1	CD8T
B5_P7_M63-B1	NK
B5_P9_M63-B1	CD8T
B6_P8_M63-B1	CD8T
B7_P9_M63-B1	CD8T
B8_P6_M63-B1	CD4_Glyco_lo
B8_P7_M63-B1	B
B8_P8_M63-B1	CD8T
B9_P7_M63-B1	CD8T
B9_P8_M63-B1	NK
B9_P9_M63-B1	CD8T
C11_P6_M63-B1	CD8T
C11_P7_M63-B1	CD8T
C11_P9_M63-B1	CD8T
C12_P9_M63-B1	CD8T
C1_P7_M63-B1	MonoMacro
C2_P8_M63-B1	CD4_Glyco_hi
C3_P9_M63-B1	CD8T
C5_P7_M63-B1	CD4_Glyco_lo
C5_P9_M63-B1	CD8T
C6_P7_M63-B1	CD8T
C6_P8_M63-B1	CD8T
C7_P8_M63-B1	CD8T
C8_P8_M63-B1	CD8T
C9_P9_M63-B1	CD8T
D10_P7_M63-B1	Tprolif
D10_P9_M63-B1	CD8T
D11_P6_M63-B1	CD4_Glyco_lo
D11_P8_M63-B1	CD4_Glyco_hi
D11_P9_M63-B1	CD8T
D12_P6_M63-B1	CD4_Glyco_lo
D12_P7_M63-B1	MonoMacro
D12_P8_M63-B1	CD8T
D1_P6_M63-B1	MonoMacro
D1_P8_M63-B1	CD4_Glyco_lo
D1_P9_M63-B1	CD8T
D2_P6_M63-B1	NK
D3_P7_M63-B1	CD8T
D3_P9_M63-B1	CD8T
D5_P6_M63-B1	MonoMacro
D5_P7_M63-B1	MonoMacro
D5_P9_M63-B1	CD8T
D6_P8_M63-B1	CD8T
D7_P6_M63-B1	Tprolif
D7_P7_M63-B1	MonoMacro
D8_P9_M63-B1	CD8T
D9_P6_M63-B1	NK
E10_P6_M63-B1	CD8T
E10_P8_M63-B1	CD8T
E10_P9_M63-B1	CD8T
E11_P7_M63-B1	B
E12_P7_M63-B1	pDC
E12_P8_M63-B1	CD8T
E1_P8_M63-B1	CD8T
E1_P9_M63-B1	NK
E2_P6_M63-B1	CD8T
E4_P7_M63-B1	CD8T
E5_P8_M63-B1	CD8T
E5_P9_M63-B1	CD8T
E6_P7_M63-B1	CD8T
E6_P9_M63-B1	NK
E7_P6_M63-B1	CD8T
E7_P8_M63-B1	CD8T
E9_P7_M63-B1	CD8T
F10_P7_M63-B1	MonoMacro
F10_P8_M63-B1	CD8T
F11_P6_M63-B1	NK
F11_P7_M63-B1	B
F11_P8_M63-B1	CD4_Glyco_lo
F12_P6_M63-B1	CD8T
F12_P7_M63-B1	MonoMacro
F12_P8_M63-B1	MonoMacro
F12_P9_M63-B1	CD8T
F1_P6_M63-B1	CD8T
F1_P7_M63-B1	MonoMacro
F1_P8_M63-B1	CD8T
F2_P6_M63-B1	CD4_Glyco_hi
F2_P8_M63-B1	CD8T
F3_P7_M63-B1	MonoMacro
F3_P9_M63-B1	CD8T
F5_P6_M63-B1	CD8T
F6_P6_M63-B1	CD8T
F6_P8_M63-B1	CD8T
F7_P7_M63-B1	MonoMacro
F8_P7_M63-B1	NK
F8_P8_M63-B1	MonoMacro
F9_P7_M63-B1	NK
F9_P8_M63-B1	CD8T
G10_P8_M63-B1	NK
G10_P9_M63-B1	CD8T
G11_P9_M63-B1	Tprolif
G12_P6_M63-B1	CD8T
G12_P9_M63-B1	CD8T
G1_P8_M63-B1	CD8T
G5_P6_M63-B1	CD8T
G8_P7_M63-B1	NK
G8_P8_M63-B1	CD4_Glyco_hi
G8_P9_M63-B1	CD8T
G9_P6_M63-B1	CD8T
H10_P6_M63-B1	CD8T
H10_P7_M63-B1	CD8T
H10_P9_M63-B1	CD8T
H11_P7_M63-B1	CD8T
H11_P8_M63-B1	CD8T
H1_P9_M63-B1	CD8T
H2_P6_M63-B1	NK
H2_P8_M63-B1	CD8T
H3_P7_M63-B1	MonoMacro
H3_P9_M63-B1	NK
H4_P8_M63-B1	CD8T
H5_P6_M63-B1	CD8T
H5_P7_M63-B1	CD4_Glyco_hi
H5_P9_M63-B1	MonoMacro
H6_P6_M63-B1	CD8T
H7_P6_M63-B1	NK
H7_P7_M63-B1	CD8T
H7_P9_M63-B1	CD4_Glyco_lo
H8_P6_M63-B1	CD8T
H8_P7_M63-B1	CD8T
H8_P9_M63-B1	CD8T
H9_P7_M63-B1	CD4_Glyco_hi
H9_P8_M63-B1	MonoMacro
A10_P10_MMD5_L001	CD8T
A10_P11_MMD5_L001	B
A10_P9_MMD5_L001	B
A11_P10_MMD5_L001	B
A11_P11_MMD5_L001	CD8T
A11_P3_MMD5_L001	B
A12_P10_MMD5_L001	B
A12_P11_MMD5_L001	B
A2_P10_MMD5_L001	B
A2_P11_MMD5_L001	CD4_Glyco_hi
A2_P3_MMD5_L001	B
A2_P9_MMD5_L001	B
A3_P11_MMD5_L001	CD8T
A3_P3_MMD5_L001	Plasma
A3_P9_MMD5_L001	B
A4_P10_MMD5_L001	CD8T
A4_P3_MMD5_L001	Plasma
A4_P9_MMD5_L001	CD8T
A5_P10_MMD5_L001	CD8T
A6_P10_MMD5_L001	B
A6_P11_MMD5_L001	B
A6_P9_MMD5_L001	CD8T
A7_P10_MMD5_L001	CD8T
A7_P11_MMD5_L001	CD4_Glyco_hi
A7_P3_MMD5_L001	B
A7_P9_MMD5_L001	CD8T
A8_P10_MMD5_L001	B
A8_P11_MMD5_L001	B
A8_P9_MMD5_L001	B
A9_P3_MMD5_L001	B
A9_P9_MMD5_L001	CD8T
B10_P10_MMD5_L001	B
B10_P11_MMD5_L001	CD8T
B10_P3_MMD5_L001	CD4_Glyco_hi
B11_P10_MMD5_L001	B
B11_P11_MMD5_L001	B
B11_P9_MMD5_L001	B
B12_P11_MMD5_L001	CD8T
B12_P3_MMD5_L001	MonoMacro
B1_P10_MMD5_L001	CD4_Glyco_lo
B1_P11_MMD5_L001	B
B1_P3_MMD5_L001	B
B2_P10_MMD5_L001	B
B2_P3_MMD5_L001	MonoMacro
B2_P9_MMD5_L001	CD8T
B3_P10_MMD5_L001	CD8T
B3_P11_MMD5_L001	CD8T
B3_P9_MMD5_L001	CD4_Glyco_hi
B4_P10_MMD5_L001	CD8T
B4_P11_MMD5_L001	B
B4_P9_MMD5_L001	B
B5_P10_MMD5_L001	B
B6_P10_MMD5_L001	CD8T
B6_P11_MMD5_L001	CD8T
B6_P3_MMD5_L001	B
B6_P9_MMD5_L001	CD8T
B7_P10_MMD5_L001	B
B8_P10_MMD5_L001	CD8T
B8_P11_MMD5_L001	B
B8_P9_MMD5_L001	B
B9_P11_MMD5_L001	B
B9_P3_MMD5_L001	CD8T
B9_P9_MMD5_L001	B
C10_P3_MMD5_L001	B
C10_P9_MMD5_L001	CD8T
C11_P10_MMD5_L001	CD8T
C11_P11_MMD5_L001	CD8T
C11_P9_MMD5_L001	B
C12_P11_MMD5_L001	B
C12_P3_MMD5_L001	CD4_Glyco_lo
C1_P10_MMD5_L001	CD8T
C1_P3_MMD5_L001	NK
C1_P9_MMD5_L001	B
C2_P10_MMD5_L001	CD4_Glyco_lo
C2_P11_MMD5_L001	B
C2_P9_MMD5_L001	CD4_Glyco_hi
C3_P10_MMD5_L001	CD8T
C3_P11_MMD5_L001	B
C3_P9_MMD5_L001	B
C4_P10_MMD5_L001	B
C4_P11_MMD5_L001	CD8T
C4_P3_MMD5_L001	MonoMacro
C5_P10_MMD5_L001	CD4_Glyco_lo
C5_P3_MMD5_L001	B
C5_P9_MMD5_L001	CD8T
C6_P10_MMD5_L001	B
C6_P11_MMD5_L001	B
C6_P3_MMD5_L001	CD8T
C6_P9_MMD5_L001	CD4_Glyco_lo
C7_P11_MMD5_L001	CD8T
C7_P3_MMD5_L001	CD4_Glyco_lo
C7_P9_MMD5_L001	CD8T
C8_P3_MMD5_L001	CD4_Glyco_lo
C8_P9_MMD5_L001	CD4_Glyco_lo
C9_P10_MMD5_L001	CD4_Glyco_hi
C9_P11_MMD5_L001	B
C9_P3_MMD5_L001	B
C9_P9_MMD5_L001	B
D10_P11_MMD5_L001	CD8T
D10_P3_MMD5_L001	B
D10_P9_MMD5_L001	CD8T
D11_P9_MMD5_L001	B
D12_P10_MMD5_L001	B
D12_P11_MMD5_L001	CD8T
D12_P3_MMD5_L001	B
D12_P9_MMD5_L001	B
D1_P10_MMD5_L001	B
D1_P11_MMD5_L001	B
D1_P9_MMD5_L001	B
D2_P10_MMD5_L001	B
D2_P11_MMD5_L001	B
D2_P3_MMD5_L001	CD4_Glyco_lo
D2_P9_MMD5_L001	B
D3_P10_MMD5_L001	B
D3_P11_MMD5_L001	B
D3_P3_MMD5_L001	CD4_Glyco_lo
D3_P9_MMD5_L001	B
D4_P10_MMD5_L001	B
D4_P3_MMD5_L001	CD8T
D4_P9_MMD5_L001	B
D5_P10_MMD5_L001	B
D5_P11_MMD5_L001	CD4_Glyco_hi
D5_P9_MMD5_L001	CD8T
D6_P11_MMD5_L001	CD8T
D6_P3_MMD5_L001	CD4_Glyco_lo
D6_P9_MMD5_L001	CD8T
D7_P11_MMD5_L001	B
D7_P9_MMD5_L001	B
D8_P10_MMD5_L001	B
D8_P11_MMD5_L001	CD4_Glyco_hi
D8_P3_MMD5_L001	B
D8_P9_MMD5_L001	B
D9_P10_MMD5_L001	CD8T
D9_P9_MMD5_L001	B
E10_P11_MMD5_L001	B
E11_P11_MMD5_L001	B
E11_P3_MMD5_L001	B
E11_P9_MMD5_L001	CD8T
E12_P10_MMD5_L001	CD8T
E12_P11_MMD5_L001	B
E1_P10_MMD5_L001	B
E1_P11_MMD5_L001	B
E1_P3_MMD5_L001	Tprolif
E1_P9_MMD5_L001	CD8T
E2_P10_MMD5_L001	B
E2_P11_MMD5_L001	B
E2_P3_MMD5_L001	B
E2_P9_MMD5_L001	B
E3_P11_MMD5_L001	CD8T
E3_P3_MMD5_L001	CD4_Glyco_hi
E3_P9_MMD5_L001	B
E4_P10_MMD5_L001	B
E4_P11_MMD5_L001	B
E4_P3_MMD5_L001	B
E4_P9_MMD5_L001	CD8T
E5_P10_MMD5_L001	B
E5_P3_MMD5_L001	B
E5_P9_MMD5_L001	CD8T
E6_P11_MMD5_L001	B
E6_P9_MMD5_L001	CD8T
E7_P10_MMD5_L001	CD4_Glyco_lo
E7_P11_MMD5_L001	CD4_Glyco_hi
E7_P9_MMD5_L001	B
E8_P11_MMD5_L001	B
E8_P3_MMD5_L001	CD8T
E8_P9_MMD5_L001	Plasma
E9_P11_MMD5_L001	CD4_Glyco_lo
E9_P3_MMD5_L001	CD8T
E9_P9_MMD5_L001	B
F10_P11_MMD5_L001	CD4_Glyco_hi
F10_P3_MMD5_L001	B
F10_P9_MMD5_L001	CD8T
F11_P10_MMD5_L001	CD8T
F11_P3_MMD5_L001	B
F12_P3_MMD5_L001	CD8T
F12_P9_MMD5_L001	B
F1_P3_MMD5_L001	B
F1_P9_MMD5_L001	B
F2_P10_MMD5_L001	B
F2_P11_MMD5_L001	B
F2_P3_MMD5_L001	Tprolif
F2_P9_MMD5_L001	CD8T
F3_P10_MMD5_L001	CD8T
F3_P11_MMD5_L001	CD8T
F3_P3_MMD5_L001	B
F4_P10_MMD5_L001	B
F4_P3_MMD5_L001	Tprolif
F5_P10_MMD5_L001	CD8T
F5_P11_MMD5_L001	B
F5_P9_MMD5_L001	CD8T
F6_P10_MMD5_L001	B
F6_P11_MMD5_L001	B
F6_P9_MMD5_L001	CD8T
F7_P10_MMD5_L001	B
F7_P3_MMD5_L001	B
F8_P10_MMD5_L001	B
F8_P11_MMD5_L001	B
F8_P3_MMD5_L001	CD4_Glyco_lo
F8_P9_MMD5_L001	B
F9_P10_MMD5_L001	B
F9_P3_MMD5_L001	B
F9_P9_MMD5_L001	CD8T
G10_P10_MMD5_L001	B
G10_P3_MMD5_L001	B
G11_P10_MMD5_L001	CD8T
G11_P11_MMD5_L001	B
G11_P3_MMD5_L001	CD8T
G11_P9_MMD5_L001	CD8T
G12_P10_MMD5_L001	B
G12_P11_MMD5_L001	B
G12_P3_MMD5_L001	B
G12_P9_MMD5_L001	CD8T
G1_P10_MMD5_L001	CD8T
G1_P3_MMD5_L001	B
G2_P11_MMD5_L001	B
G2_P9_MMD5_L001	B
G3_P10_MMD5_L001	CD4_Glyco_lo
G3_P11_MMD5_L001	CD8T
G3_P3_MMD5_L001	CD8T
G4_P10_MMD5_L001	CD8T
G4_P11_MMD5_L001	CD8T
G4_P3_MMD5_L001	Tprolif
G5_P11_MMD5_L001	B
G5_P3_MMD5_L001	B
G6_P10_MMD5_L001	B
G6_P11_MMD5_L001	CD8T
G6_P9_MMD5_L001	CD8T
G7_P10_MMD5_L001	B
G7_P9_MMD5_L001	CD4_Glyco_hi
G8_P11_MMD5_L001	B
G8_P3_MMD5_L001	B
G8_P9_MMD5_L001	B
G9_P10_MMD5_L001	B
G9_P3_MMD5_L001	CD8T
G9_P9_MMD5_L001	B
H10_P3_MMD5_L001	CD4_Glyco_hi
H11_P10_MMD5_L001	CD8T
H11_P11_MMD5_L001	CD8T
H11_P3_MMD5_L001	B
H11_P9_MMD5_L001	CD4_Glyco_hi
H12_P10_MMD5_L001	CD8T
H12_P11_MMD5_L001	CD4_Glyco_lo
H12_P3_MMD5_L001	pDC
H1_P11_MMD5_L001	CD8T
H1_P3_MMD5_L001	pDC
H1_P9_MMD5_L001	B
H2_P9_MMD5_L001	CD4_Glyco_hi
H3_P10_MMD5_L001	CD8T
H3_P9_MMD5_L001	CD8T
H4_P10_MMD5_L001	B
H4_P3_MMD5_L001	CD4_Glyco_hi
H5_P11_MMD5_L001	CD8T
H6_P10_MMD5_L001	B
H6_P3_MMD5_L001	B
H6_P9_MMD5_L001	CD8T
H7_P10_MMD5_L001	B
H7_P11_MMD5_L001	CD8T
H7_P9_MMD5_L001	CD8T
H8_P10_MMD5_L001	B
H8_P11_MMD5_L001	CD8T
H8_P3_MMD5_L001	CD8T
H8_P9_MMD5_L001	CD8T
H9_P10_MMD5_L001	B
H9_P11_MMD5_L001	CD4_Glyco_hi
H9_P3_MMD5_L001	CD8T
A10_P6_MMD2-36B_L001	CD8T
A10_P8_MMD2-36B_L001	CD4_Glyco_hi
A10_P9_MMD2-36B_L001	CD4_Glyco_hi
A11_P10_MMD2-36B_L001	CD8T
A11_P9_MMD2-36B_L001	CD8T
A12_P6_MMD2-36B_L001	CD4_Glyco_hi
A12_P8_MMD2-36B_L001	CD8T
A2_P6_MMD2-36B_L001	pDC
A2_P8_MMD2-36B_L001	CD4_Glyco_lo
A2_P9_MMD2-36B_L001	CD4_Glyco_hi
A3_P10_MMD2-36B_L001	CD8T
A3_P6_MMD2-36B_L001	CD4_Glyco_hi
A3_P9_MMD2-36B_L001	CD8T
A4_P10_MMD2-36B_L001	CD4_Glyco_hi
A4_P8_MMD2-36B_L001	CD8T
A4_P9_MMD2-36B_L001	CD8T
A5_P10_MMD2-36B_L001	Plasma
A5_P6_MMD2-36B_L001	Plasma
A5_P9_MMD2-36B_L001	pDC
A6_P10_MMD2-36B_L001	CD8T
A7_P8_MMD2-36B_L001	CD4_Glyco_hi
A7_P9_MMD2-36B_L001	CD4_Glyco_hi
A8_P10_MMD2-36B_L001	MonoMacro
A8_P6_MMD2-36B_L001	CD8T
A8_P9_MMD2-36B_L001	CD4_Glyco_hi
A9_P10_MMD2-36B_L001	pDC
A9_P6_MMD2-36B_L001	CD8T
B10_P10_MMD2-36B_L001	CD8T
B10_P8_MMD2-36B_L001	CD8T
B11_P8_MMD2-36B_L001	CD4_Glyco_lo
B12_P8_MMD2-36B_L001	CD8T
B12_P9_MMD2-36B_L001	CD4_Glyco_lo
B1_P10_MMD2-36B_L001	Plasma
B1_P6_MMD2-36B_L001	CD4_Glyco_lo
B1_P9_MMD2-36B_L001	NK
B2_P10_MMD2-36B_L001	pDC
B3_P8_MMD2-36B_L001	CD8T
B3_P9_MMD2-36B_L001	NK
B5_P10_MMD2-36B_L001	CD8T
B5_P6_MMD2-36B_L001	Plasma
B5_P8_MMD2-36B_L001	pDC
B5_P9_MMD2-36B_L001	MonoMacro
B6_P6_MMD2-36B_L001	CD8T
B6_P9_MMD2-36B_L001	Plasma
B7_P6_MMD2-36B_L001	pDC
B7_P8_MMD2-36B_L001	Tprolif
B8_P9_MMD2-36B_L001	CD4_Glyco_lo
B9_P10_MMD2-36B_L001	CD8T
B9_P6_MMD2-36B_L001	CD8T
B9_P8_MMD2-36B_L001	CD4_Glyco_hi
B9_P9_MMD2-36B_L001	B
C10_P10_MMD2-36B_L001	CD4_Glyco_hi
C10_P6_MMD2-36B_L001	CD8T
C10_P8_MMD2-36B_L001	CD8T
C10_P9_MMD2-36B_L001	CD8T
C11_P8_MMD2-36B_L001	CD8T
C12_P10_MMD2-36B_L001	pDC
C12_P6_MMD2-36B_L001	CD4_Glyco_hi
C1_P10_MMD2-36B_L001	CD8T
C1_P8_MMD2-36B_L001	Tprolif
C2_P8_MMD2-36B_L001	Tprolif
C2_P9_MMD2-36B_L001	CD4_Glyco_hi
C3_P8_MMD2-36B_L001	Tprolif
C3_P9_MMD2-36B_L001	CD4_Glyco_hi
C4_P10_MMD2-36B_L001	Plasma
C4_P6_MMD2-36B_L001	pDC
C5_P10_MMD2-36B_L001	CD4_Glyco_lo
C5_P6_MMD2-36B_L001	CD8T
C5_P9_MMD2-36B_L001	MonoMacro
C6_P10_MMD2-36B_L001	CD8T
C6_P6_MMD2-36B_L001	Tprolif
C7_P10_MMD2-36B_L001	Plasma
C7_P8_MMD2-36B_L001	pDC
C8_P10_MMD2-36B_L001	Plasma
C8_P9_MMD2-36B_L001	CD4_Glyco_lo
C9_P10_MMD2-36B_L001	CD4_Glyco_lo
C9_P6_MMD2-36B_L001	CD8T
C9_P9_MMD2-36B_L001	NK
D10_P8_MMD2-36B_L001	CD4_Glyco_lo
D10_P9_MMD2-36B_L001	Plasma
D11_P10_MMD2-36B_L001	CD4_Glyco_lo
D11_P6_MMD2-36B_L001	Plasma
D11_P9_MMD2-36B_L001	CD4_Glyco_lo
D12_P10_MMD2-36B_L001	pDC
D1_P10_MMD2-36B_L001	CD8T
D1_P6_MMD2-36B_L001	Tprolif
D1_P8_MMD2-36B_L001	CD8T
D2_P10_MMD2-36B_L001	CD8T
D3_P6_MMD2-36B_L001	pDC
D3_P8_MMD2-36B_L001	CD8T
D3_P9_MMD2-36B_L001	CD8T
D4_P10_MMD2-36B_L001	pDC
D4_P8_MMD2-36B_L001	NK
D4_P9_MMD2-36B_L001	CD4_Glyco_hi
D5_P6_MMD2-36B_L001	Plasma
D5_P8_MMD2-36B_L001	CD8T
D5_P9_MMD2-36B_L001	Plasma
D6_P10_MMD2-36B_L001	Plasma
D6_P6_MMD2-36B_L001	Plasma
D6_P9_MMD2-36B_L001	NK
D7_P10_MMD2-36B_L001	CD8T
D7_P6_MMD2-36B_L001	CD8T
D7_P8_MMD2-36B_L001	CD4_Glyco_lo
D8_P10_MMD2-36B_L001	CD4_Glyco_hi
D8_P9_MMD2-36B_L001	NK
D9_P10_MMD2-36B_L001	CD8T
E10_P9_MMD2-36B_L001	Tprolif
E11_P6_MMD2-36B_L001	CD8T
E12_P10_MMD2-36B_L001	CD8T
E12_P6_MMD2-36B_L001	Plasma
E12_P9_MMD2-36B_L001	CD8T
E1_P6_MMD2-36B_L001	Tprolif
E1_P8_MMD2-36B_L001	Plasma
E2_P10_MMD2-36B_L001	CD4_Glyco_hi
E2_P6_MMD2-36B_L001	CD8T
E2_P9_MMD2-36B_L001	CD4_Glyco_lo
E3_P10_MMD2-36B_L001	CD4_Glyco_hi
E3_P8_MMD2-36B_L001	Plasma
E3_P9_MMD2-36B_L001	NK
E4_P6_MMD2-36B_L001	CD4_Glyco_hi
E4_P8_MMD2-36B_L001	Tprolif
E4_P9_MMD2-36B_L001	CD8T
E5_P6_MMD2-36B_L001	MonoMacro
E5_P8_MMD2-36B_L001	CD4_Glyco_lo
E5_P9_MMD2-36B_L001	CD8T
E6_P8_MMD2-36B_L001	CD8T
E7_P8_MMD2-36B_L001	pDC
E7_P9_MMD2-36B_L001	CD4_Glyco_lo
E8_P10_MMD2-36B_L001	pDC
E8_P6_MMD2-36B_L001	CD4_Glyco_lo
E8_P8_MMD2-36B_L001	Plasma
E9_P6_MMD2-36B_L001	CD4_Glyco_lo
E9_P9_MMD2-36B_L001	CD8T
F10_P8_MMD2-36B_L001	CD4_Glyco_hi
F10_P9_MMD2-36B_L001	CD4_Glyco_lo
F11_P10_MMD2-36B_L001	pDC
F11_P6_MMD2-36B_L001	NK
F11_P8_MMD2-36B_L001	CD8T
F11_P9_MMD2-36B_L001	CD8T
F12_P10_MMD2-36B_L001	Plasma
F12_P9_MMD2-36B_L001	pDC
F1_P10_MMD2-36B_L001	CD4_Glyco_hi
F1_P6_MMD2-36B_L001	Plasma
F2_P6_MMD2-36B_L001	Plasma
F2_P8_MMD2-36B_L001	NK
F3_P6_MMD2-36B_L001	Tprolif
F3_P8_MMD2-36B_L001	CD8T
F3_P9_MMD2-36B_L001	CD4_Glyco_hi
F4_P6_MMD2-36B_L001	CD4_Glyco_lo
F4_P9_MMD2-36B_L001	CD4_Glyco_lo
F5_P10_MMD2-36B_L001	Plasma
F5_P6_MMD2-36B_L001	Plasma
F5_P9_MMD2-36B_L001	Plasma
F6_P10_MMD2-36B_L001	CD4_Glyco_hi
F6_P6_MMD2-36B_L001	Plasma
F6_P8_MMD2-36B_L001	CD8T
F6_P9_MMD2-36B_L001	CD4_Glyco_lo
F7_P8_MMD2-36B_L001	pDC
F7_P9_MMD2-36B_L001	NK
F8_P6_MMD2-36B_L001	pDC
F8_P8_MMD2-36B_L001	MonoMacro
F9_P10_MMD2-36B_L001	CD8T
F9_P6_MMD2-36B_L001	CD8T
G10_P6_MMD2-36B_L001	pDC
G10_P8_MMD2-36B_L001	CD4_Glyco_lo
G11_P6_MMD2-36B_L001	CD8T
G11_P8_MMD2-36B_L001	CD4_Glyco_hi
G12_P6_MMD2-36B_L001	NK
G12_P8_MMD2-36B_L001	CD4_Glyco_hi
G12_P9_MMD2-36B_L001	CD4_Glyco_lo
G1_P9_MMD2-36B_L001	pDC
G2_P10_MMD2-36B_L001	Tprolif
G2_P6_MMD2-36B_L001	pDC
G3_P6_MMD2-36B_L001	CD8T
G3_P8_MMD2-36B_L001	CD4_Glyco_hi
G3_P9_MMD2-36B_L001	CD8T
G4_P10_MMD2-36B_L001	CD8T
G4_P6_MMD2-36B_L001	CD8T
G4_P9_MMD2-36B_L001	Tprolif
G5_P10_MMD2-36B_L001	CD4_Glyco_lo
G5_P8_MMD2-36B_L001	CD4_Glyco_lo
G5_P9_MMD2-36B_L001	MonoMacro
G6_P10_MMD2-36B_L001	Plasma
G6_P8_MMD2-36B_L001	Plasma
G6_P9_MMD2-36B_L001	CD4_Glyco_hi
G7_P10_MMD2-36B_L001	CD4_Glyco_hi
G7_P9_MMD2-36B_L001	NK
G8_P9_MMD2-36B_L001	CD8T
G9_P10_MMD2-36B_L001	Plasma
G9_P9_MMD2-36B_L001	CD8T
H10_P10_MMD2-36B_L001	Tprolif
H11_P10_MMD2-36B_L001	CD8T
H11_P6_MMD2-36B_L001	Plasma
H11_P8_MMD2-36B_L001	CD8T
H12_P10_MMD2-36B_L001	CD8T
H12_P6_MMD2-36B_L001	CD4_Glyco_lo
H12_P8_MMD2-36B_L001	CD8T
H1_P6_MMD2-36B_L001	CD8T
H1_P8_MMD2-36B_L001	CD4_Glyco_hi
H1_P9_MMD2-36B_L001	CD4_Glyco_hi
H2_P8_MMD2-36B_L001	Tprolif
H2_P9_MMD2-36B_L001	CD8T
H3_P10_MMD2-36B_L001	Plasma
H3_P9_MMD2-36B_L001	Tprolif
H4_P10_MMD2-36B_L001	Tprolif
H4_P8_MMD2-36B_L001	CD4_Glyco_lo
H5_P10_MMD2-36B_L001	Tprolif
H5_P6_MMD2-36B_L001	CD4_Glyco_lo
H5_P8_MMD2-36B_L001	CD8T
H5_P9_MMD2-36B_L001	CD4_Glyco_lo
H6_P6_MMD2-36B_L001	NK
H6_P8_MMD2-36B_L001	CD8T
H6_P9_MMD2-36B_L001	Plasma
H8_P10_MMD2-36B_L001	CD4_Glyco_hi
H8_P9_MMD2-36B_L001	CD8T
H9_P6_MMD2-36B_L001	CD8T
H9_P9_MMD2-36B_L001	CD4_Glyco_hi
A10_P4_M44_L001	NK
A10_P5_M44_L001	CD8T
A11_P4_M44_L001	MonoMacro
A11_P5_M44_L001	CD8T
A12_P4_M44_L001	CD8T
A12_P5_M44_L001	CD8T
A2_P4_M44_L001	CD4_Glyco_hi
A2_P5_M44_L001	MonoMacro
A3_P4_M44_L001	NK
A3_P5_M44_L001	CD4_Glyco_lo
A4_P5_M44_L001	MonoMacro
A7_P4_M44_L001	CD8T
A7_P5_M44_L001	CD8T
A8_P4_M44_L001	MonoMacro
A8_P5_M44_L001	NK
A9_P1_M44_L001	MonoMacro
A9_P4_M44_L001	CD4_Glyco_hi
A9_P5_M44_L001	CD8T
B10_P3_M44_L001	CD8T
B10_P5_M44_L001	CD8T
B11_P1_M44_L001	CD8T
B11_P3_M44_L001	CD8T
B11_P4_M44_L001	CD8T
B11_P5_M44_L001	CD8T
B12_P1_M44_L001	CD8T
B12_P3_M44_L001	CD4_Glyco_hi
B12_P5_M44_L001	CD8T
B1_P1_M44_L001	CD8T
B1_P3_M44_L001	MonoMacro
B1_P5_M44_L001	NK
B2_P1_M44_L001	CD8T
B2_P3_M44_L001	CD8T
B2_P5_M44_L001	MonoMacro
B3_P1_M44_L001	CD8T
B3_P4_M44_L001	CD8T
B3_P5_M44_L001	CD8T
B4_P1_M44_L001	CD8T
B4_P5_M44_L001	NK
B5_P1_M44_L001	NK
B5_P3_M44_L001	CD8T
B5_P4_M44_L001	CD8T
B6_P3_M44_L001	CD8T
B7_P1_M44_L001	MonoMacro
B7_P3_M44_L001	CD8T
B7_P4_M44_L001	MonoMacro
B7_P5_M44_L001	NK
B8_P4_M44_L001	CD8T
B8_P5_M44_L001	CD8T
B9_P3_M44_L001	CD4_Glyco_hi
B9_P5_M44_L001	CD8T
C10_P1_M44_L001	CD4_Glyco_lo
C10_P3_M44_L001	CD8T
C10_P4_M44_L001	CD8T
C10_P5_M44_L001	MonoMacro
C11_P1_M44_L001	CD8T
C11_P3_M44_L001	CD8T
C11_P4_M44_L001	CD8T
C11_P5_M44_L001	CD4_Glyco_hi
C12_P1_M44_L001	CD4_Glyco_lo
C12_P3_M44_L001	NK
C12_P4_M44_L001	CD8T
C12_P5_M44_L001	CD8T
C1_P1_M44_L001	CD4_Glyco_hi
C1_P3_M44_L001	CD8T
C1_P4_M44_L001	CD8T
C1_P5_M44_L001	Tprolif
C2_P1_M44_L001	CD4_Glyco_lo
C2_P3_M44_L001	NK
C3_P1_M44_L001	CD8T
C3_P3_M44_L001	CD8T
C3_P5_M44_L001	Tprolif
C4_P3_M44_L001	CD4_Glyco_lo
C5_P1_M44_L001	NK
C5_P3_M44_L001	MonoMacro
C6_P1_M44_L001	NK
C6_P3_M44_L001	CD8T
C6_P4_M44_L001	CD8T
C7_P3_M44_L001	CD8T
C7_P4_M44_L001	MonoMacro
C8_P1_M44_L001	pDC
C8_P3_M44_L001	NK
C8_P4_M44_L001	CD8T
C8_P5_M44_L001	CD8T
C9_P1_M44_L001	CD8T
C9_P3_M44_L001	CD8T
C9_P5_M44_L001	CD8T
D10_P5_M44_L001	CD8T
D11_P1_M44_L001	CD8T
D11_P3_M44_L001	CD8T
D11_P4_M44_L001	MonoMacro
D11_P5_M44_L001	CD8T
D12_P3_M44_L001	CD8T
D12_P4_M44_L001	NK
D12_P5_M44_L001	NK
D1_P1_M44_L001	CD8T
D1_P3_M44_L001	CD8T
D1_P4_M44_L001	CD4_Glyco_lo
D1_P5_M44_L001	CD8T
D2_P1_M44_L001	Tprolif
D2_P3_M44_L001	CD8T
D2_P4_M44_L001	MonoMacro
D2_P5_M44_L001	NK
D3_P1_M44_L001	CD4_Glyco_lo
D3_P4_M44_L001	CD8T
D4_P1_M44_L001	CD4_Glyco_lo
D4_P3_M44_L001	CD4_Glyco_lo
D4_P5_M44_L001	CD8T
D5_P3_M44_L001	CD8T
D5_P5_M44_L001	CD4_Glyco_lo
D6_P1_M44_L001	CD8T
D6_P3_M44_L001	MonoMacro
D6_P4_M44_L001	CD8T
D7_P1_M44_L001	CD8T
D7_P3_M44_L001	CD8T
D7_P4_M44_L001	CD8T
D7_P5_M44_L001	NK
D8_P1_M44_L001	CD4_Glyco_hi
D8_P5_M44_L001	CD8T
D9_P1_M44_L001	MonoMacro
D9_P4_M44_L001	CD8T
D9_P5_M44_L001	NK
E10_P1_M44_L001	CD4_Glyco_lo
E10_P3_M44_L001	NK
E11_P1_M44_L001	CD8T
E11_P3_M44_L001	CD8T
E11_P4_M44_L001	NK
E11_P5_M44_L001	Tprolif
E12_P3_M44_L001	CD8T
E12_P5_M44_L001	Tprolif
E1_P1_M44_L001	CD8T
E1_P3_M44_L001	CD8T
E1_P4_M44_L001	NK
E1_P5_M44_L001	CD8T
E2_P3_M44_L001	CD8T
E2_P4_M44_L001	CD4_Glyco_hi
E2_P5_M44_L001	CD8T
E3_P3_M44_L001	MonoMacro
E3_P4_M44_L001	CD8T
E3_P5_M44_L001	CD8T
E4_P1_M44_L001	CD8T
E4_P4_M44_L001	pDC
E5_P1_M44_L001	CD8T
E5_P3_M44_L001	MonoMacro
E5_P4_M44_L001	MonoMacro
E5_P5_M44_L001	Tprolif
E6_P1_M44_L001	CD8T
E6_P3_M44_L001	NK
E6_P4_M44_L001	CD8T
E6_P5_M44_L001	CD8T
E7_P1_M44_L001	CD4_Glyco_hi
E7_P4_M44_L001	CD4_Glyco_lo
E8_P1_M44_L001	CD8T
E8_P5_M44_L001	CD8T
E9_P1_M44_L001	CD8T
E9_P3_M44_L001	CD8T
E9_P4_M44_L001	CD8T
F10_P4_M44_L001	MonoMacro
F10_P5_M44_L001	CD8T
F11_P1_M44_L001	MonoMacro
F11_P3_M44_L001	Tprolif
F11_P4_M44_L001	MonoMacro
F11_P5_M44_L001	Tprolif
F12_P1_M44_L001	CD4_Glyco_hi
F12_P4_M44_L001	CD4_Glyco_lo
F12_P5_M44_L001	CD8T
F1_P1_M44_L001	CD8T
F1_P5_M44_L001	CD8T
F2_P5_M44_L001	CD8T
F3_P3_M44_L001	CD4_Glyco_lo
F3_P5_M44_L001	CD8T
F4_P1_M44_L001	CD8T
F4_P3_M44_L001	CD8T
F4_P4_M44_L001	Tprolif
F4_P5_M44_L001	CD8T
F5_P1_M44_L001	CD8T
F6_P4_M44_L001	MonoMacro
F7_P1_M44_L001	CD8T
F7_P3_M44_L001	CD8T
F7_P5_M44_L001	CD8T
F8_P3_M44_L001	CD8T
F9_P1_M44_L001	CD4_Glyco_lo
F9_P4_M44_L001	CD8T
F9_P5_M44_L001	CD8T
G10_P1_M44_L001	CD8T
G10_P3_M44_L001	MonoMacro
G10_P4_M44_L001	CD8T
G10_P5_M44_L001	CD8T
G11_P1_M44_L001	CD4_Glyco_hi
G11_P3_M44_L001	CD8T
G11_P5_M44_L001	CD8T
G12_P1_M44_L001	MonoMacro
G12_P3_M44_L001	CD8T
G12_P4_M44_L001	CD8T
G1_P1_M44_L001	CD4_Glyco_lo
G1_P4_M44_L001	CD8T
G1_P5_M44_L001	NK
G2_P1_M44_L001	CD4_Glyco_hi
G2_P3_M44_L001	CD8T
G2_P4_M44_L001	CD8T
G2_P5_M44_L001	CD4_Glyco_hi
G3_P3_M44_L001	CD8T
G3_P4_M44_L001	NK
G4_P1_M44_L001	CD8T
G4_P3_M44_L001	CD8T
G4_P5_M44_L001	CD8T
G5_P1_M44_L001	CD8T
G5_P3_M44_L001	CD4_Glyco_hi
G5_P4_M44_L001	MonoMacro
G6_P1_M44_L001	NK
G6_P4_M44_L001	CD8T
G7_P1_M44_L001	CD8T
G7_P3_M44_L001	CD8T
G7_P5_M44_L001	CD8T
G8_P1_M44_L001	Tprolif
G8_P3_M44_L001	CD8T
G8_P4_M44_L001	CD4_Glyco_hi
G9_P1_M44_L001	NK
G9_P3_M44_L001	CD8T
G9_P4_M44_L001	CD8T
H10_P1_M44_L001	MonoMacro
H10_P3_M44_L001	CD8T
H10_P4_M44_L001	MonoMacro
H10_P5_M44_L001	CD8T
H11_P1_M44_L001	CD8T
H11_P4_M44_L001	CD8T
H12_P1_M44_L001	CD8T
H12_P5_M44_L001	CD8T
H1_P1_M44_L001	MonoMacro
H1_P3_M44_L001	NK
H1_P4_M44_L001	CD8T
H1_P5_M44_L001	CD8T
H2_P1_M44_L001	CD8T
H2_P3_M44_L001	CD4_Glyco_lo
H2_P4_M44_L001	CD8T
H2_P5_M44_L001	CD8T
H3_P1_M44_L001	CD8T
H3_P3_M44_L001	CD8T
H3_P4_M44_L001	CD8T
H4_P3_M44_L001	CD8T
H4_P4_M44_L001	CD8T
H4_P5_M44_L001	MonoMacro
H5_P3_M44_L001	CD8T
H5_P4_M44_L001	CD8T
H5_P5_M44_L001	NK
H6_P1_M44_L001	CD8T
H6_P3_M44_L001	CD8T
H6_P5_M44_L001	CD8T
H7_P1_M44_L001	MonoMacro
H7_P3_M44_L001	CD8T
H7_P5_M44_L001	B
H8_P1_M44_L001	Tprolif
H8_P4_M44_L001	CD8T
H8_P5_M44_L001	CD4_Glyco_hi
H9_P1_M44_L001	CD4_Glyco_hi
H9_P3_M44_L001	CD8T
H9_P4_M44_L001	CD8T
A10_P1_M71_L001	CD4_Glyco_hi
A10_P2_M71_L001	CD8T
A10_P3_M71_L001	CD8T
A10_P4_M71_L001	CD8T
A11_P2_M71_L001	CD8T
A12_P2_M71_L001	CD8T
A12_P3_M71_L001	CD8T
A2_P1_M71_L001	CD8T
A2_P2_M71_L001	CD4_Glyco_lo
A2_P3_M71_L001	CD8T
A3_P2_M71_L001	Tprolif
A4_P1_M71_L001	CD8T
A4_P2_M71_L001	CD4_Glyco_hi
A4_P3_M71_L001	CD8T
A5_P2_M71_L001	CD4_Glyco_lo
A5_P3_M71_L001	CD4_Glyco_lo
A5_P4_M71_L001	CD8T
A6_P1_M71_L001	CD4_Glyco_lo
A6_P2_M71_L001	NK
A6_P3_M71_L001	CD8T
A7_P2_M71_L001	CD8T
A7_P3_M71_L001	MonoMacro
A7_P4_M71_L001	CD8T
A8_P2_M71_L001	CD8T
A8_P3_M71_L001	CD8T
A9_P2_M71_L001	CD4_Glyco_lo
A9_P3_M71_L001	CD8T
A9_P4_M71_L001	CD8T
B10_P1_M71_L001	CD8T
B10_P2_M71_L001	CD8T
B10_P4_M71_L001	MonoMacro
B11_P1_M71_L001	CD8T
B11_P2_M71_L001	CD8T
B11_P3_M71_L001	CD8T
B11_P4_M71_L001	CD4_Glyco_lo
B12_P1_M71_L001	CD8T
B12_P3_M71_L001	CD8T
B12_P4_M71_L001	CD8T
B1_P4_M71_L001	MonoMacro
B2_P1_M71_L001	CD8T
B3_P2_M71_L001	CD8T
B3_P4_M71_L001	CD8T
B4_P1_M71_L001	CD8T
B4_P3_M71_L001	CD4_Glyco_hi
B5_P2_M71_L001	CD4_Glyco_lo
B5_P3_M71_L001	CD8T
B5_P4_M71_L001	CD8T
B6_P2_M71_L001	CD8T
B6_P3_M71_L001	CD8T
B6_P4_M71_L001	CD8T
B7_P1_M71_L001	CD8T
B7_P2_M71_L001	CD4_Glyco_hi
B7_P3_M71_L001	CD8T
B8_P2_M71_L001	Tprolif
B8_P3_M71_L001	CD8T
B8_P4_M71_L001	CD8T
B9_P1_M71_L001	CD4_Glyco_lo
B9_P4_M71_L001	CD8T
C10_P1_M71_L001	CD4_Glyco_hi
C10_P2_M71_L001	CD8T
C10_P3_M71_L001	pDC
C11_P1_M71_L001	CD8T
C11_P4_M71_L001	MonoMacro
C12_P1_M71_L001	CD8T
C12_P2_M71_L001	CD8T
C12_P3_M71_L001	CD8T
C12_P4_M71_L001	CD8T
C1_P2_M71_L001	CD8T
C1_P3_M71_L001	CD8T
C1_P4_M71_L001	CD8T
C2_P1_M71_L001	CD8T
C2_P2_M71_L001	CD8T
C2_P3_M71_L001	CD4_Glyco_hi
C3_P1_M71_L001	CD4_Glyco_hi
C3_P2_M71_L001	CD8T
C3_P3_M71_L001	CD8T
C4_P1_M71_L001	CD8T
C4_P2_M71_L001	CD8T
C4_P3_M71_L001	CD4_Glyco_hi
C5_P1_M71_L001	CD4_Glyco_lo
C5_P2_M71_L001	CD8T
C5_P3_M71_L001	CD4_Glyco_lo
C5_P4_M71_L001	NK
C6_P1_M71_L001	CD8T
C6_P2_M71_L001	Tprolif
C7_P3_M71_L001	Tprolif
C8_P1_M71_L001	CD4_Glyco_hi
C8_P2_M71_L001	CD8T
C8_P3_M71_L001	CD4_Glyco_hi
C8_P4_M71_L001	CD8T
C9_P1_M71_L001	CD4_Glyco_lo
C9_P2_M71_L001	CD4_Glyco_hi
C9_P3_M71_L001	CD8T
D10_P1_M71_L001	CD8T
D10_P2_M71_L001	CD8T
D10_P3_M71_L001	CD4_Glyco_hi
D11_P1_M71_L001	MonoMacro
D11_P2_M71_L001	CD8T
D11_P3_M71_L001	Tprolif
D11_P4_M71_L001	CD8T
D12_P1_M71_L001	CD4_Glyco_lo
D12_P2_M71_L001	CD8T
D12_P3_M71_L001	CD8T
D12_P4_M71_L001	CD8T
D1_P1_M71_L001	CD4_Glyco_lo
D1_P3_M71_L001	Tprolif
D1_P4_M71_L001	CD8T
D2_P1_M71_L001	CD8T
D2_P2_M71_L001	CD4_Glyco_lo
D2_P3_M71_L001	Tprolif
D2_P4_M71_L001	CD4_Glyco_hi
D3_P1_M71_L001	CD8T
D3_P2_M71_L001	CD8T
D4_P1_M71_L001	CD4_Glyco_hi
D4_P2_M71_L001	NK
D4_P3_M71_L001	CD8T
D4_P4_M71_L001	CD4_Glyco_lo
D5_P1_M71_L001	CD8T
D5_P3_M71_L001	CD8T
D5_P4_M71_L001	CD8T
D6_P1_M71_L001	CD8T
D6_P2_M71_L001	CD8T
D6_P3_M71_L001	CD8T
D7_P1_M71_L001	CD4_Glyco_hi
D7_P2_M71_L001	Tprolif
D7_P3_M71_L001	CD8T
D7_P4_M71_L001	CD8T
D8_P1_M71_L001	CD8T
D8_P2_M71_L001	CD8T
D8_P3_M71_L001	CD8T
D8_P4_M71_L001	CD4_Glyco_lo
D9_P2_M71_L001	CD8T
D9_P4_M71_L001	CD8T
E10_P1_M71_L001	CD4_Glyco_lo
E10_P2_M71_L001	CD4_Glyco_hi
E10_P3_M71_L001	CD8T
E10_P4_M71_L001	CD8T
E11_P1_M71_L001	CD8T
E11_P2_M71_L001	CD8T
E11_P3_M71_L001	CD8T
E11_P4_M71_L001	CD4_Glyco_lo
E12_P1_M71_L001	CD8T
E12_P2_M71_L001	CD8T
E12_P3_M71_L001	CD4_Glyco_hi
E12_P4_M71_L001	CD8T
E1_P1_M71_L001	CD4_Glyco_lo
E1_P4_M71_L001	CD4_Glyco_hi
E2_P1_M71_L001	CD8T
E2_P3_M71_L001	CD8T
E2_P4_M71_L001	CD8T
E3_P1_M71_L001	CD8T
E3_P3_M71_L001	CD8T
E3_P4_M71_L001	CD4_Glyco_lo
E4_P2_M71_L001	CD8T
E4_P4_M71_L001	CD4_Glyco_hi
E5_P1_M71_L001	CD8T
E5_P2_M71_L001	CD8T
E5_P4_M71_L001	CD8T
E6_P1_M71_L001	MonoMacro
E6_P2_M71_L001	CD8T
E6_P3_M71_L001	CD4_Glyco_hi
E7_P1_M71_L001	CD8T
E7_P2_M71_L001	CD8T
E7_P3_M71_L001	CD8T
E7_P4_M71_L001	CD4_Glyco_hi
E8_P3_M71_L001	Tprolif
E8_P4_M71_L001	CD8T
E9_P1_M71_L001	CD4_Glyco_hi
E9_P2_M71_L001	CD8T
E9_P3_M71_L001	Tprolif
E9_P4_M71_L001	CD8T
F10_P1_M71_L001	CD4_Glyco_lo
F10_P2_M71_L001	CD8T
F10_P3_M71_L001	CD8T
F10_P4_M71_L001	NK
F11_P1_M71_L001	MonoMacro
F11_P3_M71_L001	CD8T
F11_P4_M71_L001	MonoMacro
F1_P3_M71_L001	Tprolif
F1_P4_M71_L001	CD8T
F2_P3_M71_L001	CD8T
F2_P4_M71_L001	Tprolif
F3_P2_M71_L001	CD8T
F3_P4_M71_L001	CD8T
F4_P1_M71_L001	CD4_Glyco_hi
F4_P2_M71_L001	CD8T
F4_P3_M71_L001	CD4_Glyco_hi
F4_P4_M71_L001	CD8T
F5_P1_M71_L001	CD8T
F5_P4_M71_L001	CD8T
F6_P2_M71_L001	NK
F6_P3_M71_L001	CD4_Glyco_lo
F6_P4_M71_L001	CD4_Glyco_hi
F7_P1_M71_L001	NK
F7_P2_M71_L001	CD8T
F7_P4_M71_L001	CD8T
F8_P1_M71_L001	CD8T
F8_P2_M71_L001	CD8T
F8_P3_M71_L001	CD8T
F8_P4_M71_L001	CD4_Glyco_hi
F9_P1_M71_L001	CD4_Glyco_lo
F9_P2_M71_L001	CD8T
F9_P3_M71_L001	CD4_Glyco_lo
F9_P4_M71_L001	Tprolif
G11_P2_M71_L001	CD8T
G12_P1_M71_L001	CD4_Glyco_hi
G12_P2_M71_L001	NK
G12_P3_M71_L001	CD8T
G12_P4_M71_L001	CD8T
G1_P1_M71_L001	CD4_Glyco_hi
G1_P2_M71_L001	Tprolif
G1_P3_M71_L001	CD4_Glyco_hi
G2_P1_M71_L001	CD8T
G2_P2_M71_L001	CD8T
G2_P3_M71_L001	CD4_Glyco_lo
G3_P3_M71_L001	CD4_Glyco_hi
G4_P4_M71_L001	CD8T
G5_P1_M71_L001	CD8T
G5_P2_M71_L001	CD8T
G5_P3_M71_L001	CD8T
G6_P2_M71_L001	CD4_Glyco_lo
G6_P3_M71_L001	Tprolif
G6_P4_M71_L001	CD8T
G7_P1_M71_L001	CD8T
G7_P3_M71_L001	CD8T
G8_P1_M71_L001	CD8T
G8_P2_M71_L001	CD8T
G8_P3_M71_L001	CD8T
G8_P4_M71_L001	CD8T
G9_P1_M71_L001	CD8T
G9_P3_M71_L001	CD8T
H10_P3_M71_L001	CD8T
H11_P1_M71_L001	CD8T
H12_P1_M71_L001	CD8T
H12_P2_M71_L001	CD4_Glyco_lo
H12_P3_M71_L001	CD8T
H1_P2_M71_L001	CD8T
H1_P3_M71_L001	CD4_Glyco_lo
H2_P1_M71_L001	CD8T
H2_P3_M71_L001	CD8T
H2_P4_M71_L001	CD8T
H3_P2_M71_L001	CD4_Glyco_lo
H3_P3_M71_L001	CD4_Glyco_lo
H3_P4_M71_L001	CD8T
H4_P1_M71_L001	CD8T
H4_P3_M71_L001	CD8T
H5_P3_M71_L001	CD8T
H6_P1_M71_L001	CD8T
H6_P2_M71_L001	CD8T
H7_P1_M71_L001	CD4_Glyco_lo
H7_P2_M71_L001	CD8T
H7_P3_M71_L001	CD8T
H7_P4_M71_L001	CD8T
H8_P1_M71_L001	CD8T
H8_P2_M71_L001	CD8T
H8_P3_M71_L001	CD4_Glyco_hi
H9_P1_M71_L001	CD8T
A10_P1_M74_L001	B
A10_P4_M74_L001	B
A11_P3_M74_L001	B
A12_P1_M74_L001	B
A12_P3_M74_L001	CD8T
A12_P4_M74_L001	Tprolif
A12_P5_M74_L001	CD8T
A2_P1_M74_L001	CD8T
A2_P3_M74_L001	B
A3_P1_M74_L001	B
A3_P3_M74_L001	CD8T
A3_P4_M74_L001	CD4_Glyco_lo
A4_P1_M74_L001	CD4_Glyco_lo
A4_P3_M74_L001	B
A4_P4_M74_L001	B
A4_P5_M74_L001	B
A5_P1_M74_L001	B
A5_P3_M74_L001	B
A5_P5_M74_L001	B
A6_P1_M74_L001	CD4_Glyco_hi
A6_P3_M74_L001	B
A6_P4_M74_L001	B
A6_P5_M74_L001	CD8T
A7_P1_M74_L001	CD8T
A7_P4_M74_L001	CD4_Glyco_hi
A7_P5_M74_L001	CD8T
A8_P3_M74_L001	B
A8_P4_M74_L001	MonoMacro
A8_P5_M74_L001	B
A9_P1_M74_L001	B
A9_P3_M74_L001	B
B10_P1_M74_L001	B
B11_P1_M74_L001	B
B11_P5_M74_L001	CD4_Glyco_hi
B12_P1_M74_L001	CD4_Glyco_lo
B12_P3_M74_L001	Tprolif
B12_P4_M74_L001	B
B1_P1_M74_L001	CD8T
B1_P4_M74_L001	B
B1_P5_M74_L001	CD8T
B2_P1_M74_L001	B
B2_P5_M74_L001	B
B4_P1_M74_L001	Tprolif
B4_P4_M74_L001	CD4_Glyco_hi
B5_P1_M74_L001	CD8T
B5_P3_M74_L001	B
B6_P1_M74_L001	B
B6_P3_M74_L001	B
B6_P4_M74_L001	CD8T
B6_P5_M74_L001	CD8T
B7_P3_M74_L001	B
B7_P4_M74_L001	CD8T
B7_P5_M74_L001	B
B8_P1_M74_L001	CD8T
B9_P1_M74_L001	B
C10_P1_M74_L001	CD4_Glyco_lo
C10_P3_M74_L001	B
C11_P1_M74_L001	B
C11_P3_M74_L001	B
C12_P1_M74_L001	B
C12_P3_M74_L001	CD8T
C1_P1_M74_L001	B
C1_P3_M74_L001	CD4_Glyco_lo
C2_P1_M74_L001	CD8T
C3_P1_M74_L001	CD4_Glyco_hi
C3_P3_M74_L001	CD4_Glyco_lo
C4_P1_M74_L001	MonoMacro
C4_P3_M74_L001	B
C5_P1_M74_L001	B
C6_P1_M74_L001	B
C6_P3_M74_L001	B
C7_P1_M74_L001	B
C7_P3_M74_L001	CD8T
C8_P1_M74_L001	B
C8_P3_M74_L001	B
C9_P3_M74_L001	Tprolif
D10_P1_M74_L001	B
D11_P1_M74_L001	Plasma
D11_P3_M74_L001	CD8T
D12_P1_M74_L001	B
D12_P3_M74_L001	B
D1_P1_M74_L001	CD4_Glyco_hi
D1_P3_M74_L001	B
D2_P1_M74_L001	B
D2_P3_M74_L001	B
D3_P3_M74_L001	B
D4_P1_M74_L001	CD4_Glyco_lo
D4_P3_M74_L001	B
D5_P3_M74_L001	B
D8_P1_M74_L001	CD8T
D8_P3_M74_L001	B
D9_P3_M74_L001	B
E10_P1_M74_L001	B
E10_P3_M74_L001	B
E10_P4_M74_L001	B
E11_P1_M74_L001	B
E11_P3_M74_L001	B
E11_P5_M74_L001	B
E12_P3_M74_L001	MonoMacro
E12_P4_M74_L001	B
E1_P1_M74_L001	CD4_Glyco_hi
E1_P3_M74_L001	B
E1_P4_M74_L001	MonoMacro
E2_P1_M74_L001	Tprolif
E2_P4_M74_L001	CD4_Glyco_hi
E2_P5_M74_L001	B
E3_P1_M74_L001	CD4_Glyco_hi
E3_P3_M74_L001	B
E4_P1_M74_L001	B
E5_P3_M74_L001	CD4_Glyco_hi
E5_P4_M74_L001	B
E5_P5_M74_L001	CD4_Glyco_lo
E6_P1_M74_L001	B
E7_P4_M74_L001	CD4_Glyco_lo
E8_P1_M74_L001	B
E8_P3_M74_L001	CD4_Glyco_hi
E8_P4_M74_L001	B
E8_P5_M74_L001	B
E9_P1_M74_L001	B
E9_P3_M74_L001	B
E9_P5_M74_L001	B
F10_P3_M74_L001	B
F10_P5_M74_L001	CD8T
F11_P3_M74_L001	Plasma
F11_P4_M74_L001	CD8T
F11_P5_M74_L001	CD8T
F12_P1_M74_L001	MonoMacro
F12_P3_M74_L001	CD8T
F12_P5_M74_L001	B
F1_P3_M74_L001	B
F1_P4_M74_L001	B
F1_P5_M74_L001	CD4_Glyco_lo
F2_P1_M74_L001	B
F2_P3_M74_L001	B
F2_P4_M74_L001	CD8T
F2_P5_M74_L001	CD8T
F3_P1_M74_L001	B
F3_P3_M74_L001	B
F3_P4_M74_L001	CD8T
F3_P5_M74_L001	B
F4_P3_M74_L001	B
F4_P5_M74_L001	CD8T
F5_P4_M74_L001	CD8T
F5_P5_M74_L001	B
F6_P1_M74_L001	B
F6_P5_M74_L001	B
F7_P1_M74_L001	CD4_Glyco_hi
F7_P5_M74_L001	CD8T
F8_P1_M74_L001	CD4_Glyco_lo
F8_P3_M74_L001	Tprolif
F9_P4_M74_L001	B
G10_P4_M74_L001	B
G10_P5_M74_L001	B
G11_P1_M74_L001	B
G11_P5_M74_L001	B
G12_P1_M74_L001	CD4_Glyco_hi
G12_P3_M74_L001	pDC
G12_P4_M74_L001	B
G12_P5_M74_L001	CD4_Glyco_hi
G1_P1_M74_L001	MonoMacro
G1_P3_M74_L001	Tprolif
G1_P4_M74_L001	B
G1_P5_M74_L001	Tprolif
G2_P3_M74_L001	B
G2_P4_M74_L001	CD4_Glyco_lo
G2_P5_M74_L001	B
G3_P1_M74_L001	B
G3_P3_M74_L001	B
G3_P5_M74_L001	CD8T
G4_P4_M74_L001	B
G5_P1_M74_L001	B
G5_P3_M74_L001	B
G5_P4_M74_L001	CD4_Glyco_lo
G5_P5_M74_L001	CD8T
G6_P1_M74_L001	B
G6_P4_M74_L001	B
G6_P5_M74_L001	B
G7_P3_M74_L001	B
G7_P4_M74_L001	B
G7_P5_M74_L001	B
G8_P3_M74_L001	Tprolif
G8_P5_M74_L001	B
G9_P1_M74_L001	Tprolif
G9_P3_M74_L001	MonoMacro
G9_P5_M74_L001	B
H10_P1_M74_L001	Tprolif
H11_P1_M74_L001	Tprolif
H11_P5_M74_L001	B
H12_P3_M74_L001	Tprolif
H12_P4_M74_L001	B
H1_P1_M74_L001	B
H1_P3_M74_L001	B
H1_P4_M74_L001	B
H1_P5_M74_L001	B
H2_P1_M74_L001	Tprolif
H2_P4_M74_L001	B
H2_P5_M74_L001	Tprolif
H3_P3_M74_L001	CD4_Glyco_lo
H3_P5_M74_L001	B
H4_P1_M74_L001	CD8T
H4_P3_M74_L001	CD8T
H4_P4_M74_L001	B
H5_P3_M74_L001	Tprolif
H5_P4_M74_L001	CD8T
H6_P1_M74_L001	CD8T
H6_P3_M74_L001	CD8T
H6_P4_M74_L001	B
H6_P5_M74_L001	CD4_Glyco_hi
H7_P1_M74_L001	B
H7_P5_M74_L001	pDC
H8_P1_M74_L001	B
H8_P3_M74_L001	B
H9_P1_M74_L001	CD4_Glyco_hi
H9_P3_M74_L001	CD4_Glyco_hi
A10_P2_M43_L001	MonoMacro
A10_P4_M43_L001	MonoMacro
A11_P1_M43_L001	MonoMacro
A11_P2_M43_L001	MonoMacro
A11_P4_M43_L001	CD8T
A12_P2_M43_L001	B
A12_P3_M43_L001	CD8T
A12_P4_M43_L001	MonoMacro
A2_P1_M43_L001	NK
A2_P2_M43_L001	B
A3_P1_M43_L001	MonoMacro
A3_P4_M43_L001	MonoMacro
A4_P1_M43_L001	CD4_Glyco_hi
A4_P2_M43_L001	MonoMacro
A5_P2_M43_L001	CD8T
A5_P4_M43_L001	NK
A7_P1_M43_L001	Tprolif
A7_P3_M43_L001	NK
A8_P1_M43_L001	CD8T
A8_P2_M43_L001	NK
A8_P3_M43_L001	NK
A8_P4_M43_L001	CD4_Glyco_lo
A9_P2_M43_L001	NK
A9_P3_M43_L001	CD8T
A9_P4_M43_L001	MonoMacro
B10_P1_M43_L001	Tprolif
B10_P3_M43_L001	CD8T
B11_P1_M43_L001	MonoMacro
B11_P3_M43_L001	B
B11_P4_M43_L001	B
B12_P1_M43_L001	CD8T
B12_P4_M43_L001	MonoMacro
B1_P2_M43_L001	MonoMacro
B1_P3_M43_L001	CD4_Glyco_lo
B2_P3_M43_L001	CD4_Glyco_hi
B2_P4_M43_L001	MonoMacro
B3_P3_M43_L001	NK
B3_P4_M43_L001	CD8T
B4_P2_M43_L001	CD8T
B4_P4_M43_L001	CD4_Glyco_hi
B5_P1_M43_L001	MonoMacro
B5_P2_M43_L001	CD8T
B5_P3_M43_L001	MonoMacro
B5_P4_M43_L001	CD4_Glyco_lo
B6_P2_M43_L001	B
B6_P3_M43_L001	MonoMacro
B6_P4_M43_L001	NK
B7_P4_M43_L001	B
B9_P1_M43_L001	CD8T
B9_P3_M43_L001	B
B9_P4_M43_L001	MonoMacro
C10_P1_M43_L001	NK
C10_P2_M43_L001	CD4_Glyco_hi
C10_P3_M43_L001	NK
C11_P1_M43_L001	CD8T
C12_P1_M43_L001	MonoMacro
C12_P3_M43_L001	CD4_Glyco_hi
C1_P2_M43_L001	NK
C1_P4_M43_L001	CD4_Glyco_lo
C2_P3_M43_L001	NK
C2_P4_M43_L001	NK
C4_P2_M43_L001	Tprolif
C5_P1_M43_L001	MonoMacro
C5_P2_M43_L001	CD4_Glyco_lo
C5_P3_M43_L001	NK
C6_P1_M43_L001	NK
C6_P2_M43_L001	MonoMacro
C6_P3_M43_L001	NK
C6_P4_M43_L001	MonoMacro
C7_P3_M43_L001	MonoMacro
C7_P4_M43_L001	MonoMacro
C8_P3_M43_L001	CD8T
C8_P4_M43_L001	CD8T
C9_P1_M43_L001	MonoMacro
C9_P3_M43_L001	NK
C9_P4_M43_L001	MonoMacro
D10_P1_M43_L001	MonoMacro
D10_P3_M43_L001	CD8T
D10_P4_M43_L001	MonoMacro
D11_P1_M43_L001	CD8T
D11_P2_M43_L001	B
D11_P4_M43_L001	CD8T
D12_P1_M43_L001	MonoMacro
D12_P4_M43_L001	CD8T
D1_P1_M43_L001	CD8T
D1_P3_M43_L001	MonoMacro
D2_P2_M43_L001	CD8T
D2_P4_M43_L001	MonoMacro
D3_P1_M43_L001	NK
D3_P2_M43_L001	CD4_Glyco_hi
D4_P2_M43_L001	MonoMacro
D4_P3_M43_L001	MonoMacro
D4_P4_M43_L001	MonoMacro
D5_P3_M43_L001	CD4_Glyco_hi
D5_P4_M43_L001	CD8T
D6_P3_M43_L001	MonoMacro
D6_P4_M43_L001	B
D7_P1_M43_L001	CD8T
D7_P3_M43_L001	CD4_Glyco_hi
D7_P4_M43_L001	MonoMacro
D8_P1_M43_L001	CD8T
D8_P3_M43_L001	MonoMacro
D8_P4_M43_L001	Tprolif
D9_P3_M43_L001	MonoMacro
D9_P4_M43_L001	NK
E10_P1_M43_L001	B
E10_P3_M43_L001	CD8T
E10_P4_M43_L001	MonoMacro
E12_P1_M43_L001	CD8T
E12_P2_M43_L001	CD8T
E12_P3_M43_L001	MonoMacro
E12_P4_M43_L001	CD8T
E1_P1_M43_L001	MonoMacro
E1_P2_M43_L001	CD4_Glyco_hi
E1_P3_M43_L001	NK
E1_P4_M43_L001	NK
E2_P1_M43_L001	CD8T
E2_P3_M43_L001	MonoMacro
E2_P4_M43_L001	CD4_Glyco_lo
E3_P1_M43_L001	NK
E3_P2_M43_L001	CD4_Glyco_lo
E3_P3_M43_L001	B
E4_P1_M43_L001	CD8T
E4_P3_M43_L001	NK
E5_P1_M43_L001	CD8T
E5_P2_M43_L001	MonoMacro
E5_P3_M43_L001	CD4_Glyco_hi
E5_P4_M43_L001	NK
E6_P3_M43_L001	MonoMacro
E7_P4_M43_L001	CD8T
E8_P1_M43_L001	CD4_Glyco_lo
E8_P3_M43_L001	MonoMacro
F11_P1_M43_L001	CD8T
F12_P1_M43_L001	B
F12_P3_M43_L001	pDC
F1_P1_M43_L001	MonoMacro
F1_P2_M43_L001	CD8T
F2_P1_M43_L001	NK
F2_P2_M43_L001	MonoMacro
F2_P4_M43_L001	CD4_Glyco_hi
F3_P3_M43_L001	NK
F4_P1_M43_L001	CD4_Glyco_hi
F4_P3_M43_L001	MonoMacro
F5_P1_M43_L001	pDC
F5_P2_M43_L001	MonoMacro
F5_P3_M43_L001	CD4_Glyco_hi
F6_P2_M43_L001	NK
F6_P4_M43_L001	CD4_Glyco_lo
F7_P3_M43_L001	CD8T
F7_P4_M43_L001	MonoMacro
F8_P4_M43_L001	NK
F9_P1_M43_L001	MonoMacro
F9_P2_M43_L001	NK
F9_P3_M43_L001	CD4_Glyco_lo
F9_P4_M43_L001	MonoMacro
G10_P1_M43_L001	CD4_Glyco_hi
G11_P4_M43_L001	MonoMacro
G12_P2_M43_L001	CD8T
G12_P3_M43_L001	B
G12_P4_M43_L001	NK
G1_P1_M43_L001	NK
G1_P3_M43_L001	CD8T
G2_P1_M43_L001	CD4_Glyco_lo
G2_P2_M43_L001	CD8T
G2_P3_M43_L001	NK
G2_P4_M43_L001	NK
G3_P4_M43_L001	MonoMacro
G4_P1_M43_L001	MonoMacro
G4_P3_M43_L001	MonoMacro
G5_P1_M43_L001	CD4_Glyco_lo
G5_P2_M43_L001	CD4_Glyco_hi
G5_P4_M43_L001	MonoMacro
G6_P1_M43_L001	NK
G6_P2_M43_L001	CD8T
G6_P3_M43_L001	MonoMacro
G6_P4_M43_L001	CD8T
G7_P1_M43_L001	NK
G7_P2_M43_L001	CD8T
G7_P3_M43_L001	NK
G7_P4_M43_L001	NK
G8_P2_M43_L001	MonoMacro
G8_P4_M43_L001	CD8T
G9_P2_M43_L001	MonoMacro
G9_P4_M43_L001	B
H11_P2_M43_L001	B
H11_P3_M43_L001	CD8T
H11_P4_M43_L001	CD8T
H12_P1_M43_L001	B
H12_P2_M43_L001	B
H12_P3_M43_L001	pDC
H12_P4_M43_L001	MonoMacro
H1_P1_M43_L001	Tprolif
H1_P2_M43_L001	CD8T
H1_P3_M43_L001	CD4_Glyco_lo
H2_P1_M43_L001	NK
H2_P2_M43_L001	NK
H2_P4_M43_L001	NK
H3_P1_M43_L001	CD8T
H3_P2_M43_L001	CD8T
H3_P3_M43_L001	CD8T
H4_P1_M43_L001	MonoMacro
H4_P2_M43_L001	CD8T
H4_P3_M43_L001	MonoMacro
H4_P4_M43_L001	CD4_Glyco_lo
H5_P1_M43_L001	CD4_Glyco_lo
H5_P2_M43_L001	B
H5_P3_M43_L001	MonoMacro
H6_P2_M43_L001	Tprolif
H6_P4_M43_L001	NK
H7_P1_M43_L001	NK
H7_P3_M43_L001	MonoMacro
H7_P4_M43_L001	CD8T
H8_P1_M43_L001	CD8T
H8_P2_M43_L001	CD8T
H8_P3_M43_L001	Tprolif
H8_P4_M43_L001	MonoMacro
H9_P1_M43_L001	NK
H9_P2_M43_L001	B
H9_P4_M43_L001	pDC
A10_P3_M13_L001	MonoMacro
A11_P4_M13_L001	CD8T
A12_P2_M13_L001	NK
A12_P5_M13_L001	pDC
A2_P3_M13_L001	NK
A2_P5_M13_L001	NK
A3_P2_M13_L001	CD8T
A3_P3_M13_L001	NK
A3_P4_M13_L001	CD8T
A4_P2_M13_L001	CD8T
A4_P3_M13_L001	CD8T
A4_P4_M13_L001	MonoMacro
A5_P4_M13_L001	CD8T
A6_P2_M13_L001	CD4_Glyco_hi
A6_P5_M13_L001	CD8T
A8_P2_M13_L001	CD8T
A8_P4_M13_L001	MonoMacro
A8_P5_M13_L001	NK
A9_P3_M13_L001	NK
A9_P5_M13_L001	MonoMacro
B10_P2_M13_L001	CD8T
B10_P3_M13_L001	CD4_Glyco_hi
B11_P2_M13_L001	CD8T
B11_P3_M13_L001	Tprolif
B11_P4_M13_L001	NK
B11_P5_M13_L001	CD8T
B12_P2_M13_L001	NK
B12_P5_M13_L001	CD8T
B1_P5_M13_L001	Tprolif
B2_P2_M13_L001	CD8T
B2_P4_M13_L001	CD8T
B2_P5_M13_L001	CD8T
B3_P3_M13_L001	Plasma
B3_P4_M13_L001	MonoMacro
B3_P5_M13_L001	CD4_Glyco_lo
B4_P4_M13_L001	CD8T
B5_P2_M13_L001	Tprolif
B5_P5_M13_L001	NK
B6_P4_M13_L001	B
B6_P5_M13_L001	NK
B7_P2_M13_L001	CD4_Glyco_lo
B8_P3_M13_L001	pDC
B8_P5_M13_L001	Tprolif
C10_P2_M13_L001	CD8T
C10_P4_M13_L001	CD8T
C10_P5_M13_L001	CD8T
C11_P3_M13_L001	CD8T
C12_P4_M13_L001	CD4_Glyco_lo
C2_P3_M13_L001	NK
C2_P4_M13_L001	MonoMacro
C3_P3_M13_L001	CD8T
C3_P4_M13_L001	CD4_Glyco_hi
C3_P5_M13_L001	MonoMacro
C4_P2_M13_L001	CD4_Glyco_lo
C4_P3_M13_L001	CD8T
C5_P4_M13_L001	CD8T
C5_P5_M13_L001	CD4_Glyco_hi
C6_P3_M13_L001	CD4_Glyco_lo
C6_P5_M13_L001	NK
C8_P4_M13_L001	CD8T
C9_P2_M13_L001	B
C9_P3_M13_L001	CD8T
D10_P2_M13_L001	CD8T
D10_P3_M13_L001	Tprolif
D10_P4_M13_L001	CD8T
D11_P4_M13_L001	Tprolif
D11_P5_M13_L001	NK
D12_P2_M13_L001	CD8T
D12_P3_M13_L001	CD8T
D12_P4_M13_L001	NK
D1_P2_M13_L001	MonoMacro
D1_P3_M13_L001	CD8T
D2_P3_M13_L001	CD8T
D2_P4_M13_L001	CD8T
D3_P2_M13_L001	Tprolif
D3_P3_M13_L001	CD4_Glyco_lo
D4_P2_M13_L001	CD8T
D4_P3_M13_L001	NK
D5_P3_M13_L001	NK
D5_P4_M13_L001	CD4_Glyco_hi
D6_P4_M13_L001	CD4_Glyco_hi
D7_P3_M13_L001	NK
D8_P2_M13_L001	CD8T
D8_P3_M13_L001	Tprolif
D8_P4_M13_L001	CD4_Glyco_lo
D9_P2_M13_L001	NK
D9_P3_M13_L001	Tprolif
D9_P5_M13_L001	CD4_Glyco_hi
E10_P2_M13_L001	MonoMacro
E10_P4_M13_L001	MonoMacro
E10_P5_M13_L001	CD8T
E12_P4_M13_L001	CD8T
E1_P2_M13_L001	NK
E1_P4_M13_L001	CD4_Glyco_lo
E2_P3_M13_L001	CD4_Glyco_hi
E2_P4_M13_L001	CD8T
E3_P2_M13_L001	MonoMacro
E3_P4_M13_L001	CD4_Glyco_hi
E4_P3_M13_L001	pDC
E4_P5_M13_L001	Tprolif
E5_P4_M13_L001	CD4_Glyco_lo
E6_P4_M13_L001	CD8T
E6_P5_M13_L001	MonoMacro
E7_P5_M13_L001	CD4_Glyco_lo
E8_P2_M13_L001	Tprolif
E8_P3_M13_L001	CD4_Glyco_lo
E8_P5_M13_L001	MonoMacro
E9_P5_M13_L001	Tprolif
F10_P3_M13_L001	MonoMacro
F11_P2_M13_L001	CD8T
F11_P3_M13_L001	NK
F11_P4_M13_L001	MonoMacro
F12_P5_M13_L001	NK
F1_P2_M13_L001	MonoMacro
F2_P4_M13_L001	MonoMacro
F2_P5_M13_L001	NK
F3_P4_M13_L001	CD4_Glyco_lo
F4_P2_M13_L001	CD8T
F4_P4_M13_L001	pDC
F5_P2_M13_L001	CD8T
F5_P4_M13_L001	MonoMacro
F5_P5_M13_L001	CD8T
F6_P2_M13_L001	CD4_Glyco_hi
F7_P3_M13_L001	CD8T
F7_P5_M13_L001	CD8T
F8_P2_M13_L001	CD8T
F8_P4_M13_L001	NK
F9_P2_M13_L001	CD8T
F9_P3_M13_L001	pDC
F9_P4_M13_L001	CD8T
G10_P2_M13_L001	CD8T
G11_P2_M13_L001	CD4_Glyco_lo
G11_P3_M13_L001	Tprolif
G11_P4_M13_L001	pDC
G11_P5_M13_L001	B
G12_P4_M13_L001	NK
G12_P5_M13_L001	Tprolif
G1_P2_M13_L001	CD8T
G1_P3_M13_L001	CD4_Glyco_hi
G1_P5_M13_L001	CD4_Glyco_hi
G2_P2_M13_L001	MonoMacro
G2_P3_M13_L001	MonoMacro
G3_P3_M13_L001	CD8T
G4_P2_M13_L001	MonoMacro
G4_P3_M13_L001	Tprolif
G4_P4_M13_L001	CD4_Glyco_lo
G5_P2_M13_L001	Tprolif
G5_P3_M13_L001	NK
G6_P2_M13_L001	CD4_Glyco_lo
G7_P2_M13_L001	CD8T
G7_P3_M13_L001	CD4_Glyco_hi
G8_P3_M13_L001	CD4_Glyco_hi
G8_P4_M13_L001	CD8T
G9_P2_M13_L001	B
G9_P3_M13_L001	MonoMacro
H10_P5_M13_L001	CD4_Glyco_hi
H11_P2_M13_L001	CD8T
H11_P3_M13_L001	MonoMacro
H11_P5_M13_L001	MonoMacro
H12_P3_M13_L001	MonoMacro
H12_P4_M13_L001	Tprolif
H1_P2_M13_L001	CD8T
H1_P4_M13_L001	CD8T
H2_P4_M13_L001	NK
H3_P2_M13_L001	CD8T
H3_P4_M13_L001	CD8T
H3_P5_M13_L001	CD8T
H4_P3_M13_L001	CD8T
H4_P5_M13_L001	CD8T
H5_P3_M13_L001	B
H5_P5_M13_L001	CD8T
H6_P2_M13_L001	MonoMacro
H6_P4_M13_L001	CD8T
H6_P5_M13_L001	CD8T
H8_P4_M13_L001	CD8T
H8_P5_M13_L001	CD8T
H9_P3_M13_L001	pDC
A10_P1_MMD8_L001	CD8T
A10_P4_MMD8_L001	CD8T
A10_P5_MMD8_L001	pDC
A11_P1_MMD8_L001	B
A11_P2_MMD8_L001	CD4_Glyco_hi
A11_P4_MMD8_L001	CD8T
A11_P5_MMD8_L001	CD8T
A12_P2_MMD8_L001	CD8T
A12_P4_MMD8_L001	NK
A12_P5_MMD8_L001	CD8T
A2_P2_MMD8_L001	Tprolif
A2_P4_MMD8_L001	pDC
A2_P5_MMD8_L001	pDC
A3_P1_MMD8_L001	CD8T
A3_P2_MMD8_L001	B
A3_P4_MMD8_L001	CD8T
A3_P5_MMD8_L001	pDC
A4_P1_MMD8_L001	CD4_Glyco_hi
A4_P2_MMD8_L001	B
A4_P4_MMD8_L001	MonoMacro
A4_P5_MMD8_L001	CD4_Glyco_lo
A5_P2_MMD8_L001	pDC
A5_P4_MMD8_L001	pDC
A5_P5_MMD8_L001	NK
A6_P4_MMD8_L001	Tprolif
A6_P5_MMD8_L001	CD4_Glyco_hi
A7_P1_MMD8_L001	NK
A7_P4_MMD8_L001	CD8T
A7_P5_MMD8_L001	CD4_Glyco_hi
A8_P1_MMD8_L001	NK
A8_P2_MMD8_L001	CD8T
A9_P1_MMD8_L001	CD4_Glyco_hi
A9_P2_MMD8_L001	pDC
A9_P4_MMD8_L001	CD4_Glyco_lo
A9_P5_MMD8_L001	CD8T
B10_P1_MMD8_L001	pDC
B10_P2_MMD8_L001	CD4_Glyco_lo
B10_P5_MMD8_L001	Plasma
B11_P2_MMD8_L001	CD4_Glyco_lo
B11_P5_MMD8_L001	CD4_Glyco_lo
B12_P1_MMD8_L001	CD8T
B12_P2_MMD8_L001	pDC
B12_P4_MMD8_L001	Tprolif
B1_P1_MMD8_L001	CD8T
B1_P2_MMD8_L001	CD8T
B1_P4_MMD8_L001	CD8T
B2_P1_MMD8_L001	CD4_Glyco_hi
B2_P4_MMD8_L001	CD8T
B2_P5_MMD8_L001	CD8T
B3_P1_MMD8_L001	CD8T
B3_P2_MMD8_L001	CD8T
B3_P4_MMD8_L001	CD4_Glyco_lo
B4_P1_MMD8_L001	Tprolif
B4_P4_MMD8_L001	pDC
B4_P5_MMD8_L001	MonoMacro
B5_P2_MMD8_L001	CD4_Glyco_hi
B5_P4_MMD8_L001	CD4_Glyco_hi
B5_P5_MMD8_L001	pDC
B6_P2_MMD8_L001	B
B6_P4_MMD8_L001	CD8T
B7_P4_MMD8_L001	pDC
B7_P5_MMD8_L001	CD8T
B8_P1_MMD8_L001	CD4_Glyco_lo
B8_P4_MMD8_L001	MonoMacro
B8_P5_MMD8_L001	CD8T
B9_P1_MMD8_L001	CD4_Glyco_hi
B9_P5_MMD8_L001	CD4_Glyco_hi
C10_P1_MMD8_L001	CD8T
C10_P2_MMD8_L001	pDC
C11_P1_MMD8_L001	pDC
C11_P2_MMD8_L001	CD8T
C11_P5_MMD8_L001	CD8T
C12_P1_MMD8_L001	pDC
C12_P4_MMD8_L001	CD8T
C12_P5_MMD8_L001	CD4_Glyco_hi
C1_P2_MMD8_L001	CD8T
C1_P4_MMD8_L001	CD8T
C1_P5_MMD8_L001	NK
C2_P1_MMD8_L001	CD4_Glyco_lo
C2_P2_MMD8_L001	CD8T
C2_P4_MMD8_L001	pDC
C2_P5_MMD8_L001	CD8T
C3_P1_MMD8_L001	CD8T
C3_P2_MMD8_L001	CD8T
C3_P4_MMD8_L001	CD8T
C4_P1_MMD8_L001	NK
C4_P4_MMD8_L001	Tprolif
C4_P5_MMD8_L001	pDC
C5_P1_MMD8_L001	CD8T
C5_P4_MMD8_L001	CD8T
C5_P5_MMD8_L001	CD8T
C6_P1_MMD8_L001	CD4_Glyco_lo
C6_P2_MMD8_L001	MonoMacro
C6_P5_MMD8_L001	Tprolif
C7_P1_MMD8_L001	CD8T
C7_P2_MMD8_L001	CD4_Glyco_lo
C7_P4_MMD8_L001	pDC
C7_P5_MMD8_L001	CD4_Glyco_hi
C8_P2_MMD8_L001	CD8T
C8_P4_MMD8_L001	CD8T
C8_P5_MMD8_L001	CD8T
C9_P1_MMD8_L001	pDC
C9_P2_MMD8_L001	CD8T
C9_P4_MMD8_L001	CD8T
D10_P1_MMD8_L001	MonoMacro
D10_P2_MMD8_L001	CD8T
D10_P4_MMD8_L001	CD8T
D10_P5_MMD8_L001	CD8T
D11_P1_MMD8_L001	CD8T
D11_P2_MMD8_L001	CD4_Glyco_lo
D11_P4_MMD8_L001	pDC
D11_P5_MMD8_L001	CD8T
D12_P1_MMD8_L001	CD4_Glyco_lo
D12_P4_MMD8_L001	CD4_Glyco_lo
D12_P5_MMD8_L001	CD8T
D1_P1_MMD8_L001	CD8T
D1_P2_MMD8_L001	pDC
D2_P1_MMD8_L001	CD4_Glyco_hi
D2_P2_MMD8_L001	B
D2_P4_MMD8_L001	CD8T
D2_P5_MMD8_L001	pDC
D3_P1_MMD8_L001	pDC
D3_P4_MMD8_L001	CD8T
D3_P5_MMD8_L001	CD8T
D4_P4_MMD8_L001	MonoMacro
D4_P5_MMD8_L001	CD8T
D5_P1_MMD8_L001	CD8T
D5_P2_MMD8_L001	MonoMacro
D5_P4_MMD8_L001	CD4_Glyco_lo
D5_P5_MMD8_L001	CD8T
D6_P4_MMD8_L001	CD8T
D6_P5_MMD8_L001	MonoMacro
D7_P1_MMD8_L001	CD4_Glyco_lo
D7_P4_MMD8_L001	CD8T
D7_P5_MMD8_L001	CD8T
D8_P1_MMD8_L001	CD8T
D8_P5_MMD8_L001	CD4_Glyco_hi
D9_P1_MMD8_L001	CD4_Glyco_hi
D9_P2_MMD8_L001	CD8T
D9_P4_MMD8_L001	pDC
E10_P1_MMD8_L001	pDC
E10_P2_MMD8_L001	NK
E10_P5_MMD8_L001	pDC
E11_P1_MMD8_L001	pDC
E11_P2_MMD8_L001	Tprolif
E11_P5_MMD8_L001	CD8T
E12_P1_MMD8_L001	Tprolif
E12_P2_MMD8_L001	pDC
E12_P4_MMD8_L001	NK
E12_P5_MMD8_L001	CD8T
E1_P1_MMD8_L001	CD8T
E1_P4_MMD8_L001	CD8T
E1_P5_MMD8_L001	CD4_Glyco_hi
E2_P1_MMD8_L001	CD8T
E2_P5_MMD8_L001	CD8T
E3_P1_MMD8_L001	Tprolif
E3_P2_MMD8_L001	CD8T
E3_P4_MMD8_L001	CD8T
E3_P5_MMD8_L001	CD4_Glyco_lo
E4_P1_MMD8_L001	CD8T
E4_P5_MMD8_L001	CD8T
E5_P5_MMD8_L001	Tprolif
E6_P1_MMD8_L001	B
E6_P2_MMD8_L001	MonoMacro
E6_P4_MMD8_L001	CD8T
E6_P5_MMD8_L001	CD8T
E7_P1_MMD8_L001	Tprolif
E7_P2_MMD8_L001	MonoMacro
E7_P4_MMD8_L001	B
E7_P5_MMD8_L001	pDC
E8_P1_MMD8_L001	pDC
E8_P2_MMD8_L001	CD8T
E9_P2_MMD8_L001	CD8T
F10_P2_MMD8_L001	CD4_Glyco_lo
F10_P5_MMD8_L001	pDC
F11_P1_MMD8_L001	NK
F11_P2_MMD8_L001	CD8T
F11_P4_MMD8_L001	NK
F12_P1_MMD8_L001	Tprolif
F12_P2_MMD8_L001	pDC
F12_P4_MMD8_L001	CD4_Glyco_hi
F12_P5_MMD8_L001	CD8T
F1_P1_MMD8_L001	MonoMacro
F1_P2_MMD8_L001	CD8T
F1_P5_MMD8_L001	NK
F2_P1_MMD8_L001	pDC
F2_P4_MMD8_L001	CD8T
F2_P5_MMD8_L001	CD8T
F3_P4_MMD8_L001	CD8T
F3_P5_MMD8_L001	pDC
F4_P1_MMD8_L001	CD8T
F4_P2_MMD8_L001	CD8T
F4_P4_MMD8_L001	NK
F4_P5_MMD8_L001	pDC
F5_P1_MMD8_L001	CD8T
F5_P2_MMD8_L001	NK
F5_P4_MMD8_L001	CD8T
F5_P5_MMD8_L001	CD8T
F6_P1_MMD8_L001	CD8T
F6_P2_MMD8_L001	CD4_Glyco_lo
F6_P4_MMD8_L001	pDC
F6_P5_MMD8_L001	MonoMacro
F7_P5_MMD8_L001	CD8T
F8_P1_MMD8_L001	CD8T
F8_P4_MMD8_L001	Tprolif
F8_P5_MMD8_L001	CD4_Glyco_hi
F9_P4_MMD8_L001	CD4_Glyco_hi
G10_P1_MMD8_L001	CD8T
G10_P4_MMD8_L001	CD8T
G10_P5_MMD8_L001	CD4_Glyco_hi
G11_P1_MMD8_L001	CD8T
G11_P2_MMD8_L001	CD8T
G11_P5_MMD8_L001	CD4_Glyco_lo
G12_P2_MMD8_L001	Tprolif
G12_P4_MMD8_L001	CD4_Glyco_hi
G12_P5_MMD8_L001	CD4_Glyco_hi
G1_P2_MMD8_L001	CD8T
G1_P5_MMD8_L001	CD8T
G2_P5_MMD8_L001	CD8T
G3_P2_MMD8_L001	pDC
G3_P4_MMD8_L001	pDC
G3_P5_MMD8_L001	pDC
G4_P1_MMD8_L001	CD8T
G4_P4_MMD8_L001	CD8T
G5_P2_MMD8_L001	CD8T
G5_P5_MMD8_L001	CD8T
G6_P1_MMD8_L001	CD4_Glyco_lo
G6_P2_MMD8_L001	CD4_Glyco_hi
G6_P4_MMD8_L001	CD8T
G6_P5_MMD8_L001	pDC
G7_P1_MMD8_L001	CD8T
G7_P2_MMD8_L001	MonoMacro
G7_P4_MMD8_L001	pDC
G7_P5_MMD8_L001	CD8T
G8_P1_MMD8_L001	Tprolif
G8_P2_MMD8_L001	B
G8_P4_MMD8_L001	pDC
G8_P5_MMD8_L001	CD4_Glyco_lo
G9_P1_MMD8_L001	CD4_Glyco_lo
G9_P2_MMD8_L001	pDC
G9_P5_MMD8_L001	CD8T
H10_P1_MMD8_L001	pDC
H10_P2_MMD8_L001	pDC
H10_P4_MMD8_L001	CD8T
H11_P4_MMD8_L001	Tprolif
H11_P5_MMD8_L001	pDC
H12_P1_MMD8_L001	CD4_Glyco_hi
H12_P2_MMD8_L001	pDC
H12_P4_MMD8_L001	CD8T
H1_P1_MMD8_L001	MonoMacro
H1_P2_MMD8_L001	CD4_Glyco_hi
H1_P4_MMD8_L001	CD8T
H2_P1_MMD8_L001	B
H2_P2_MMD8_L001	pDC
H2_P4_MMD8_L001	CD8T
H2_P5_MMD8_L001	CD4_Glyco_lo
H3_P1_MMD8_L001	CD4_Glyco_hi
H3_P2_MMD8_L001	CD4_Glyco_lo
H3_P5_MMD8_L001	NK
H4_P1_MMD8_L001	CD8T
H4_P4_MMD8_L001	Tprolif
H4_P5_MMD8_L001	CD8T
H5_P1_MMD8_L001	CD8T
H5_P2_MMD8_L001	CD8T
H5_P4_MMD8_L001	CD8T
H6_P2_MMD8_L001	NK
H6_P4_MMD8_L001	CD8T
H6_P5_MMD8_L001	CD8T
H7_P2_MMD8_L001	MonoMacro
H7_P4_MMD8_L001	B
H8_P1_MMD8_L001	NK
H8_P2_MMD8_L001	CD4_Glyco_lo
H8_P4_MMD8_L001	CD8T
H9_P1_MMD8_L001	CD8T
H9_P4_MMD8_L001	CD8T
H9_P5_MMD8_L001	CD8T
A10_P5_MMD9_L001	CD8T
A11_P1_MMD9_L001	Plasma
A11_P3_MMD9_L001	CD8T
A12_P3_MMD9_L001	CD4_Glyco_hi
A12_P5_MMD9_L001	CD8T
A2_P3_MMD9_L001	CD4_Glyco_hi
A2_P5_MMD9_L001	CD8T
A3_P1_MMD9_L001	Plasma
A3_P2_MMD9_L001	B
A4_P1_MMD9_L001	CD8T
A4_P3_MMD9_L001	CD4_Glyco_hi
A4_P5_MMD9_L001	B
A5_P1_MMD9_L001	CD4_Glyco_lo
A5_P2_MMD9_L001	CD8T
A6_P1_MMD9_L001	Plasma
A6_P3_MMD9_L001	CD4_Glyco_hi
A6_P5_MMD9_L001	CD4_Glyco_hi
A7_P1_MMD9_L001	Plasma
A7_P2_MMD9_L001	CD4_Glyco_hi
A7_P3_MMD9_L001	CD4_Glyco_hi
A7_P5_MMD9_L001	CD8T
A8_P1_MMD9_L001	CD4_Glyco_lo
A8_P2_MMD9_L001	CD4_Glyco_lo
A9_P5_MMD9_L001	CD4_Glyco_lo
B10_P2_MMD9_L001	CD4_Glyco_lo
B10_P3_MMD9_L001	CD4_Glyco_hi
B10_P5_MMD9_L001	CD8T
B11_P1_MMD9_L001	CD8T
B11_P5_MMD9_L001	CD4_Glyco_hi
B12_P5_MMD9_L001	NK
B1_P1_MMD9_L001	CD4_Glyco_lo
B1_P3_MMD9_L001	CD8T
B1_P5_MMD9_L001	CD4_Glyco_hi
B2_P1_MMD9_L001	CD4_Glyco_lo
B2_P2_MMD9_L001	Plasma
B2_P5_MMD9_L001	CD8T
B3_P3_MMD9_L001	CD8T
B4_P1_MMD9_L001	CD8T
B4_P2_MMD9_L001	CD4_Glyco_lo
B5_P3_MMD9_L001	CD4_Glyco_lo
B6_P1_MMD9_L001	CD8T
B6_P5_MMD9_L001	CD4_Glyco_hi
B7_P2_MMD9_L001	CD8T
B7_P5_MMD9_L001	CD8T
B8_P1_MMD9_L001	CD8T
B8_P2_MMD9_L001	CD4_Glyco_hi
B9_P2_MMD9_L001	CD4_Glyco_lo
B9_P3_MMD9_L001	CD8T
C10_P2_MMD9_L001	CD4_Glyco_lo
C10_P3_MMD9_L001	CD8T
C11_P2_MMD9_L001	Plasma
C11_P5_MMD9_L001	CD4_Glyco_hi
C12_P1_MMD9_L001	CD8T
C12_P2_MMD9_L001	CD8T
C12_P3_MMD9_L001	B
C1_P1_MMD9_L001	CD8T
C1_P3_MMD9_L001	CD8T
C2_P2_MMD9_L001	CD4_Glyco_hi
C2_P5_MMD9_L001	CD8T
C3_P2_MMD9_L001	CD8T
C3_P5_MMD9_L001	Plasma
C4_P1_MMD9_L001	CD8T
C4_P2_MMD9_L001	CD4_Glyco_hi
C4_P3_MMD9_L001	CD8T
C4_P5_MMD9_L001	CD8T
C5_P1_MMD9_L001	CD8T
C5_P5_MMD9_L001	CD4_Glyco_lo
C6_P1_MMD9_L001	CD8T
C6_P3_MMD9_L001	MonoMacro
C6_P5_MMD9_L001	MonoMacro
C7_P2_MMD9_L001	CD8T
C7_P5_MMD9_L001	CD8T
C9_P1_MMD9_L001	CD8T
C9_P3_MMD9_L001	CD8T
D10_P1_MMD9_L001	NK
D10_P2_MMD9_L001	Tprolif
D10_P3_MMD9_L001	B
D11_P1_MMD9_L001	CD4_Glyco_hi
D11_P3_MMD9_L001	CD8T
D11_P5_MMD9_L001	CD8T
D12_P1_MMD9_L001	CD8T
D12_P2_MMD9_L001	CD4_Glyco_hi
D12_P5_MMD9_L001	CD4_Glyco_hi
D1_P5_MMD9_L001	CD4_Glyco_lo
D2_P1_MMD9_L001	CD8T
D3_P1_MMD9_L001	CD8T
D3_P3_MMD9_L001	CD8T
D4_P3_MMD9_L001	CD4_Glyco_hi
D4_P5_MMD9_L001	CD8T
D5_P1_MMD9_L001	CD8T
D5_P3_MMD9_L001	CD4_Glyco_lo
D6_P1_MMD9_L001	CD4_Glyco_lo
D6_P3_MMD9_L001	CD8T
D6_P5_MMD9_L001	B
D8_P1_MMD9_L001	CD4_Glyco_lo
D8_P3_MMD9_L001	B
E10_P3_MMD9_L001	Plasma
E11_P1_MMD9_L001	Plasma
E11_P5_MMD9_L001	CD8T
E12_P1_MMD9_L001	CD8T
E12_P2_MMD9_L001	CD4_Glyco_lo
E12_P3_MMD9_L001	CD4_Glyco_lo
E12_P5_MMD9_L001	CD8T
E1_P1_MMD9_L001	CD4_Glyco_lo
E1_P3_MMD9_L001	Plasma
E1_P5_MMD9_L001	CD8T
E2_P3_MMD9_L001	CD8T
E3_P2_MMD9_L001	CD8T
E3_P3_MMD9_L001	CD8T
E3_P5_MMD9_L001	CD8T
E4_P1_MMD9_L001	CD8T
E4_P2_MMD9_L001	CD8T
E5_P5_MMD9_L001	CD8T
E6_P1_MMD9_L001	CD8T
E6_P5_MMD9_L001	MonoMacro
E7_P1_MMD9_L001	MonoMacro
E7_P5_MMD9_L001	MonoMacro
E8_P5_MMD9_L001	CD8T
E9_P3_MMD9_L001	CD4_Glyco_lo
F11_P3_MMD9_L001	CD8T
F11_P5_MMD9_L001	CD8T
F12_P1_MMD9_L001	CD8T
F12_P3_MMD9_L001	CD4_Glyco_hi
F2_P5_MMD9_L001	CD4_Glyco_lo
F3_P1_MMD9_L001	CD8T
F3_P3_MMD9_L001	CD4_Glyco_hi
F3_P5_MMD9_L001	B
F4_P1_MMD9_L001	CD8T
F4_P3_MMD9_L001	CD4_Glyco_lo
F4_P5_MMD9_L001	CD8T
F5_P1_MMD9_L001	CD8T
F5_P2_MMD9_L001	CD4_Glyco_hi
F5_P3_MMD9_L001	CD8T
F6_P1_MMD9_L001	CD8T
F6_P5_MMD9_L001	MonoMacro
F7_P1_MMD9_L001	MonoMacro
F7_P5_MMD9_L001	CD4_Glyco_lo
F8_P1_MMD9_L001	MonoMacro
F8_P2_MMD9_L001	CD8T
F8_P3_MMD9_L001	CD8T
F9_P3_MMD9_L001	CD8T
G10_P5_MMD9_L001	B
G11_P2_MMD9_L001	B
G11_P5_MMD9_L001	CD8T
G12_P1_MMD9_L001	CD8T
G12_P2_MMD9_L001	CD4_Glyco_lo
G12_P5_MMD9_L001	CD8T
G1_P2_MMD9_L001	CD4_Glyco_lo
G1_P3_MMD9_L001	CD8T
G1_P5_MMD9_L001	CD8T
G2_P2_MMD9_L001	CD8T
G3_P1_MMD9_L001	CD8T
G3_P2_MMD9_L001	CD4_Glyco_lo
G3_P5_MMD9_L001	CD8T
G4_P1_MMD9_L001	CD8T
G4_P2_MMD9_L001	CD8T
G4_P5_MMD9_L001	CD8T
G5_P2_MMD9_L001	CD4_Glyco_hi
G5_P3_MMD9_L001	CD8T
G5_P5_MMD9_L001	CD8T
G6_P1_MMD9_L001	CD4_Glyco_hi
G6_P2_MMD9_L001	CD8T
G6_P3_MMD9_L001	CD4_Glyco_hi
G7_P3_MMD9_L001	CD8T
G8_P3_MMD9_L001	CD8T
G9_P1_MMD9_L001	CD4_Glyco_hi
G9_P2_MMD9_L001	CD8T
H10_P1_MMD9_L001	CD4_Glyco_hi
H10_P5_MMD9_L001	CD8T
H11_P3_MMD9_L001	B
H12_P2_MMD9_L001	Plasma
H12_P3_MMD9_L001	CD4_Glyco_lo
H1_P1_MMD9_L001	CD4_Glyco_hi
H1_P5_MMD9_L001	CD8T
H2_P2_MMD9_L001	CD4_Glyco_hi
H3_P2_MMD9_L001	CD8T
H3_P3_MMD9_L001	CD4_Glyco_lo
H3_P5_MMD9_L001	CD8T
H5_P2_MMD9_L001	CD8T
H5_P5_MMD9_L001	CD4_Glyco_hi
H7_P1_MMD9_L001	CD4_Glyco_lo
H7_P5_MMD9_L001	CD4_Glyco_lo
H8_P2_MMD9_L001	CD8T
H8_P3_MMD9_L001	Plasma
A10_P1_M45_L001	B
A10_P3_M45_L001	CD8T
A10_P4_M45_L001	B
A10_P5_M45_L001	CD4_Glyco_lo
A11_P1_M45_L001	B
A11_P3_M45_L001	B
A11_P4_M45_L001	B
A12_P3_M45_L001	B
A12_P4_M45_L001	CD4_Glyco_hi
A1_P1_M45_L001	CD4_Glyco_lo
A1_P3_M45_L001	B
A1_P4_M45_L001	B
A1_P5_M45_L001	Plasma
A2_P1_M45_L001	B
A2_P3_M45_L001	B
A2_P4_M45_L001	MonoMacro
A2_P5_M45_L001	B
A3_P1_M45_L001	B
A3_P3_M45_L001	CD8T
A3_P4_M45_L001	B
A3_P5_M45_L001	NK
A4_P1_M45_L001	B
A4_P4_M45_L001	B
A5_P1_M45_L001	B
A5_P3_M45_L001	B
A5_P5_M45_L001	CD4_Glyco_lo
A6_P1_M45_L001	B
A6_P3_M45_L001	NK
A6_P5_M45_L001	Plasma
A7_P1_M45_L001	B
A7_P5_M45_L001	CD8T
A8_P1_M45_L001	B
A8_P3_M45_L001	B
A9_P1_M45_L001	B
A9_P3_M45_L001	B
A9_P4_M45_L001	CD4_Glyco_hi
A9_P5_M45_L001	B
B10_P3_M45_L001	B
B10_P5_M45_L001	B
B11_P1_M45_L001	CD4_Glyco_hi
B11_P4_M45_L001	CD4_Glyco_lo
B11_P5_M45_L001	CD4_Glyco_hi
B12_P4_M45_L001	CD4_Glyco_lo
B12_P5_M45_L001	CD8T
B1_P1_M45_L001	B
B1_P4_M45_L001	B
B2_P1_M45_L001	B
B2_P3_M45_L001	CD4_Glyco_hi
B2_P4_M45_L001	B
B2_P5_M45_L001	B
B3_P1_M45_L001	CD4_Glyco_hi
B3_P3_M45_L001	B
B3_P4_M45_L001	B
B3_P5_M45_L001	B
B4_P1_M45_L001	B
B4_P3_M45_L001	CD4_Glyco_hi
B4_P4_M45_L001	B
B5_P1_M45_L001	CD4_Glyco_lo
B5_P3_M45_L001	CD4_Glyco_lo
B5_P4_M45_L001	B
B6_P1_M45_L001	B
B6_P3_M45_L001	B
B6_P4_M45_L001	B
B7_P1_M45_L001	B
B7_P3_M45_L001	CD8T
B7_P5_M45_L001	B
B8_P1_M45_L001	B
B8_P3_M45_L001	B
B9_P3_M45_L001	B
C10_P1_M45_L001	B
C10_P3_M45_L001	B
C10_P4_M45_L001	B
C10_P5_M45_L001	CD4_Glyco_lo
C11_P1_M45_L001	B
C11_P3_M45_L001	B
C11_P4_M45_L001	CD4_Glyco_hi
C11_P5_M45_L001	CD4_Glyco_lo
C12_P3_M45_L001	B
C12_P4_M45_L001	B
C12_P5_M45_L001	CD8T
C1_P1_M45_L001	CD8T
C1_P3_M45_L001	B
C1_P4_M45_L001	B
C1_P5_M45_L001	B
C2_P1_M45_L001	B
C2_P3_M45_L001	B
C2_P4_M45_L001	CD8T
C2_P5_M45_L001	B
C3_P1_M45_L001	B
C3_P5_M45_L001	B
C4_P4_M45_L001	MonoMacro
C4_P5_M45_L001	B
C5_P1_M45_L001	CD4_Glyco_lo
C5_P4_M45_L001	Tprolif
C5_P5_M45_L001	CD4_Glyco_hi
C6_P1_M45_L001	MonoMacro
C6_P3_M45_L001	NK
C6_P4_M45_L001	CD4_Glyco_hi
C6_P5_M45_L001	B
C7_P1_M45_L001	B
C7_P4_M45_L001	B
C7_P5_M45_L001	B
C9_P1_M45_L001	CD8T
D10_P4_M45_L001	CD8T
D11_P1_M45_L001	B
D11_P3_M45_L001	B
D11_P4_M45_L001	NK
D11_P5_M45_L001	B
D12_P1_M45_L001	B
D12_P3_M45_L001	B
D12_P4_M45_L001	CD4_Glyco_hi
D1_P1_M45_L001	CD8T
D1_P3_M45_L001	B
D1_P5_M45_L001	CD8T
D2_P1_M45_L001	B
D2_P3_M45_L001	B
D2_P5_M45_L001	B
D3_P1_M45_L001	B
D3_P4_M45_L001	B
D3_P5_M45_L001	B
D4_P1_M45_L001	B
D4_P3_M45_L001	B
D4_P5_M45_L001	B
D5_P1_M45_L001	B
D5_P3_M45_L001	CD8T
D5_P4_M45_L001	B
D5_P5_M45_L001	B
D6_P1_M45_L001	B
D6_P4_M45_L001	B
D6_P5_M45_L001	CD8T
D7_P3_M45_L001	B
D7_P4_M45_L001	CD4_Glyco_hi
D7_P5_M45_L001	NK
D8_P1_M45_L001	NK
D8_P3_M45_L001	CD4_Glyco_hi
D8_P4_M45_L001	B
D8_P5_M45_L001	CD4_Glyco_hi
D9_P1_M45_L001	CD4_Glyco_hi
D9_P3_M45_L001	B
D9_P4_M45_L001	CD8T
D9_P5_M45_L001	B
E10_P4_M45_L001	CD8T
E11_P1_M45_L001	B
E11_P3_M45_L001	CD4_Glyco_lo
E11_P4_M45_L001	NK
E11_P5_M45_L001	CD8T
E12_P1_M45_L001	NK
E12_P3_M45_L001	CD4_Glyco_hi
E12_P4_M45_L001	B
E12_P5_M45_L001	NK
E1_P1_M45_L001	B
E1_P3_M45_L001	B
E1_P4_M45_L001	NK
E1_P5_M45_L001	B
E2_P1_M45_L001	B
E2_P3_M45_L001	CD8T
E2_P4_M45_L001	B
E2_P5_M45_L001	CD8T
E3_P1_M45_L001	B
E3_P3_M45_L001	B
E3_P4_M45_L001	CD8T
E3_P5_M45_L001	B
E4_P5_M45_L001	CD8T
E5_P1_M45_L001	CD8T
E5_P4_M45_L001	B
E5_P5_M45_L001	B
E6_P1_M45_L001	B
E6_P3_M45_L001	B
E6_P4_M45_L001	B
E6_P5_M45_L001	B
E7_P1_M45_L001	B
E7_P4_M45_L001	B
E8_P4_M45_L001	B
E9_P1_M45_L001	B
E9_P3_M45_L001	B
F10_P1_M45_L001	B
F10_P3_M45_L001	CD8T
F11_P1_M45_L001	B
F11_P4_M45_L001	B
F12_P1_M45_L001	CD4_Glyco_hi
F12_P3_M45_L001	B
F12_P4_M45_L001	NK
F12_P5_M45_L001	B
F1_P1_M45_L001	CD8T
F1_P3_M45_L001	B
F2_P1_M45_L001	B
F2_P3_M45_L001	CD4_Glyco_hi
F2_P4_M45_L001	B
F2_P5_M45_L001	B
F3_P1_M45_L001	CD8T
F3_P4_M45_L001	CD4_Glyco_lo
F4_P3_M45_L001	B
F4_P4_M45_L001	B
F4_P5_M45_L001	CD8T
F5_P3_M45_L001	B
F6_P1_M45_L001	B
F6_P3_M45_L001	B
F6_P4_M45_L001	CD4_Glyco_lo
F7_P3_M45_L001	B
F7_P4_M45_L001	B
F7_P5_M45_L001	NK
F8_P1_M45_L001	MonoMacro
F8_P3_M45_L001	B
F8_P4_M45_L001	B
F8_P5_M45_L001	CD8T
F9_P1_M45_L001	B
F9_P3_M45_L001	CD8T
F9_P4_M45_L001	NK
F9_P5_M45_L001	CD8T
G10_P1_M45_L001	Plasma
G10_P3_M45_L001	B
G10_P4_M45_L001	B
G10_P5_M45_L001	CD8T
G11_P3_M45_L001	B
G12_P1_M45_L001	B
G1_P3_M45_L001	CD8T
G1_P4_M45_L001	B
G1_P5_M45_L001	CD4_Glyco_lo
G2_P1_M45_L001	CD4_Glyco_lo
G2_P3_M45_L001	CD8T
G3_P1_M45_L001	pDC
G3_P3_M45_L001	B
G3_P4_M45_L001	B
G4_P1_M45_L001	B
G4_P3_M45_L001	B
G4_P5_M45_L001	B
G5_P1_M45_L001	pDC
G5_P3_M45_L001	B
G5_P4_M45_L001	B
G5_P5_M45_L001	B
G6_P4_M45_L001	B
G6_P5_M45_L001	B
G7_P4_M45_L001	CD8T
G7_P5_M45_L001	CD4_Glyco_lo
G8_P1_M45_L001	B
G8_P3_M45_L001	B
G8_P5_M45_L001	MonoMacro
G9_P3_M45_L001	B
G9_P4_M45_L001	CD8T
G9_P5_M45_L001	CD4_Glyco_lo
H10_P1_M45_L001	B
H10_P4_M45_L001	B
H10_P5_M45_L001	CD4_Glyco_lo
H11_P3_M45_L001	CD8T
H11_P4_M45_L001	CD4_Glyco_hi
H12_P1_M45_L001	CD8T
H12_P3_M45_L001	B
H12_P4_M45_L001	CD8T
H12_P5_M45_L001	CD8T
H1_P1_M45_L001	B
H1_P4_M45_L001	B
H1_P5_M45_L001	CD4_Glyco_hi
H2_P1_M45_L001	B
H2_P3_M45_L001	B
H2_P4_M45_L001	B
H2_P5_M45_L001	B
H3_P1_M45_L001	B
H3_P4_M45_L001	B
H4_P1_M45_L001	CD4_Glyco_lo
H4_P4_M45_L001	CD8T
H4_P5_M45_L001	B
H5_P1_M45_L001	CD8T
H5_P3_M45_L001	B
H5_P4_M45_L001	B
H5_P5_M45_L001	B
H6_P1_M45_L001	B
H6_P4_M45_L001	CD8T
H6_P5_M45_L001	B
H7_P3_M45_L001	B
H7_P4_M45_L001	NK
H8_P4_M45_L001	B
H9_P1_M45_L001	B
H9_P4_M45_L001	CD4_Glyco_lo
A10_P1_MMD7_L001	CD4_Glyco_lo
A10_P2_MMD7_L001	CD8T
A11_P1_MMD7_L001	B
A11_P3_MMD7_L001	B
A12_P3_MMD7_L001	CD8T
A12_P4_MMD7_L001	NK
A3_P1_MMD7_L001	B
A3_P2_MMD7_L001	NK
A3_P3_MMD7_L001	B
A4_P2_MMD7_L001	B
A4_P3_MMD7_L001	CD8T
A5_P4_MMD7_L001	B
A6_P1_MMD7_L001	B
A6_P2_MMD7_L001	NK
A7_P3_MMD7_L001	MonoMacro
A8_P1_MMD7_L001	B
A8_P3_MMD7_L001	CD8T
A8_P4_MMD7_L001	MonoMacro
A9_P1_MMD7_L001	B
B10_P1_MMD7_L001	pDC
B10_P2_MMD7_L001	B
B11_P3_MMD7_L001	CD8T
B12_P2_MMD7_L001	pDC
B12_P4_MMD7_L001	CD4_Glyco_lo
B1_P1_MMD7_L001	CD8T
B1_P3_MMD7_L001	CD8T
B1_P4_MMD7_L001	pDC
B2_P2_MMD7_L001	NK
B2_P4_MMD7_L001	CD4_Glyco_hi
B3_P1_MMD7_L001	CD8T
B3_P2_MMD7_L001	B
B3_P4_MMD7_L001	pDC
B4_P1_MMD7_L001	B
B4_P2_MMD7_L001	NK
B4_P3_MMD7_L001	CD4_Glyco_lo
B4_P4_MMD7_L001	NK
B5_P1_MMD7_L001	CD8T
B5_P2_MMD7_L001	B
B5_P3_MMD7_L001	CD8T
B5_P4_MMD7_L001	B
B6_P1_MMD7_L001	NK
B7_P1_MMD7_L001	B
B7_P3_MMD7_L001	CD4_Glyco_hi
B7_P4_MMD7_L001	CD4_Glyco_lo
B8_P2_MMD7_L001	B
B8_P3_MMD7_L001	B
B8_P4_MMD7_L001	CD8T
B9_P2_MMD7_L001	B
B9_P3_MMD7_L001	B
B9_P4_MMD7_L001	CD4_Glyco_lo
C10_P1_MMD7_L001	MonoMacro
C10_P2_MMD7_L001	CD8T
C10_P3_MMD7_L001	CD4_Glyco_lo
C10_P4_MMD7_L001	B
C11_P1_MMD7_L001	pDC
C11_P2_MMD7_L001	B
C11_P3_MMD7_L001	MonoMacro
C12_P1_MMD7_L001	pDC
C12_P2_MMD7_L001	NK
C12_P3_MMD7_L001	CD8T
C12_P4_MMD7_L001	B
C1_P1_MMD7_L001	CD4_Glyco_lo
C1_P2_MMD7_L001	CD8T
C1_P4_MMD7_L001	B
C2_P1_MMD7_L001	CD4_Glyco_hi
C2_P2_MMD7_L001	NK
C2_P3_MMD7_L001	CD8T
C2_P4_MMD7_L001	CD8T
C3_P1_MMD7_L001	CD4_Glyco_lo
C3_P2_MMD7_L001	CD4_Glyco_hi
C3_P3_MMD7_L001	CD4_Glyco_hi
C3_P4_MMD7_L001	CD8T
C4_P1_MMD7_L001	NK
C4_P2_MMD7_L001	pDC
C4_P3_MMD7_L001	CD8T
C5_P2_MMD7_L001	CD8T
C5_P3_MMD7_L001	B
C5_P4_MMD7_L001	CD4_Glyco_lo
C6_P1_MMD7_L001	B
C6_P2_MMD7_L001	MonoMacro
C6_P3_MMD7_L001	MonoMacro
C7_P3_MMD7_L001	CD4_Glyco_lo
C8_P1_MMD7_L001	pDC
C9_P2_MMD7_L001	B
C9_P3_MMD7_L001	CD4_Glyco_lo
C9_P4_MMD7_L001	B
D10_P3_MMD7_L001	NK
D10_P4_MMD7_L001	B
D11_P3_MMD7_L001	NK
D11_P4_MMD7_L001	B
D12_P1_MMD7_L001	B
D12_P2_MMD7_L001	CD8T
D12_P3_MMD7_L001	B
D1_P1_MMD7_L001	CD8T
D1_P2_MMD7_L001	CD8T
D1_P3_MMD7_L001	B
D1_P4_MMD7_L001	pDC
D2_P2_MMD7_L001	CD8T
D2_P3_MMD7_L001	CD8T
D3_P1_MMD7_L001	CD4_Glyco_hi
D3_P2_MMD7_L001	NK
D3_P3_MMD7_L001	NK
D4_P1_MMD7_L001	CD8T
D4_P4_MMD7_L001	CD8T
D5_P1_MMD7_L001	B
D5_P2_MMD7_L001	pDC
D5_P4_MMD7_L001	CD8T
D6_P2_MMD7_L001	MonoMacro
D6_P3_MMD7_L001	CD8T
D6_P4_MMD7_L001	NK
D7_P4_MMD7_L001	B
D8_P1_MMD7_L001	MonoMacro
D8_P3_MMD7_L001	CD8T
D9_P2_MMD7_L001	CD4_Glyco_hi
E10_P1_MMD7_L001	B
E10_P2_MMD7_L001	CD8T
E10_P3_MMD7_L001	CD4_Glyco_hi
E11_P1_MMD7_L001	CD8T
E11_P4_MMD7_L001	CD8T
E12_P1_MMD7_L001	B
E12_P3_MMD7_L001	B
E1_P1_MMD7_L001	NK
E1_P2_MMD7_L001	CD4_Glyco_hi
E1_P3_MMD7_L001	B
E1_P4_MMD7_L001	MonoMacro
E2_P1_MMD7_L001	CD8T
E2_P3_MMD7_L001	CD8T
E2_P4_MMD7_L001	CD4_Glyco_hi
E3_P1_MMD7_L001	MonoMacro
E3_P2_MMD7_L001	B
E4_P1_MMD7_L001	CD8T
E4_P2_MMD7_L001	CD8T
E5_P2_MMD7_L001	MonoMacro
E6_P1_MMD7_L001	B
E6_P2_MMD7_L001	NK
E6_P3_MMD7_L001	MonoMacro
E6_P4_MMD7_L001	CD8T
E7_P1_MMD7_L001	NK
E7_P3_MMD7_L001	MonoMacro
E7_P4_MMD7_L001	CD4_Glyco_hi
E8_P2_MMD7_L001	B
E9_P1_MMD7_L001	B
E9_P2_MMD7_L001	CD8T
F10_P2_MMD7_L001	B
F10_P3_MMD7_L001	NK
F10_P4_MMD7_L001	B
F11_P1_MMD7_L001	B
F11_P3_MMD7_L001	NK
F12_P1_MMD7_L001	CD4_Glyco_hi
F12_P2_MMD7_L001	MonoMacro
F12_P3_MMD7_L001	pDC
F1_P3_MMD7_L001	CD8T
F3_P1_MMD7_L001	NK
F3_P2_MMD7_L001	CD8T
F3_P3_MMD7_L001	CD8T
F3_P4_MMD7_L001	CD8T
F4_P1_MMD7_L001	CD8T
F4_P2_MMD7_L001	CD8T
F4_P3_MMD7_L001	CD8T
F5_P1_MMD7_L001	B
F5_P2_MMD7_L001	B
F5_P3_MMD7_L001	B
F5_P4_MMD7_L001	CD8T
F6_P2_MMD7_L001	NK
F6_P3_MMD7_L001	MonoMacro
F6_P4_MMD7_L001	CD8T
F7_P3_MMD7_L001	MonoMacro
F7_P4_MMD7_L001	B
F8_P1_MMD7_L001	B
F8_P2_MMD7_L001	pDC
F8_P3_MMD7_L001	MonoMacro
F9_P1_MMD7_L001	NK
F9_P2_MMD7_L001	CD8T
G10_P1_MMD7_L001	CD8T
G10_P2_MMD7_L001	B
G10_P4_MMD7_L001	B
G11_P1_MMD7_L001	CD8T
G11_P2_MMD7_L001	CD4_Glyco_hi
G11_P3_MMD7_L001	NK
G12_P2_MMD7_L001	NK
G12_P3_MMD7_L001	NK
G12_P4_MMD7_L001	CD4_Glyco_lo
G1_P2_MMD7_L001	B
G1_P3_MMD7_L001	CD8T
G1_P4_MMD7_L001	B
G2_P2_MMD7_L001	B
G2_P3_MMD7_L001	B
G2_P4_MMD7_L001	MonoMacro
G3_P4_MMD7_L001	B
G5_P1_MMD7_L001	CD8T
G5_P3_MMD7_L001	B
G6_P2_MMD7_L001	NK
G6_P4_MMD7_L001	CD8T
G7_P1_MMD7_L001	CD8T
G7_P2_MMD7_L001	NK
G7_P3_MMD7_L001	MonoMacro
G8_P1_MMD7_L001	Plasma
G8_P3_MMD7_L001	MonoMacro
G9_P3_MMD7_L001	NK
G9_P4_MMD7_L001	NK
H10_P3_MMD7_L001	NK
H11_P1_MMD7_L001	pDC
H11_P2_MMD7_L001	NK
H12_P2_MMD7_L001	pDC
H12_P3_MMD7_L001	B
H1_P3_MMD7_L001	CD8T
H1_P4_MMD7_L001	NK
H2_P1_MMD7_L001	pDC
H2_P3_MMD7_L001	B
H2_P4_MMD7_L001	CD4_Glyco_lo
H3_P2_MMD7_L001	Tprolif
H3_P3_MMD7_L001	CD8T
H3_P4_MMD7_L001	CD4_Glyco_hi
H4_P3_MMD7_L001	B
H4_P4_MMD7_L001	CD8T
H5_P1_MMD7_L001	B
H5_P2_MMD7_L001	CD4_Glyco_hi
H5_P4_MMD7_L001	CD4_Glyco_hi
H6_P2_MMD7_L001	Tprolif
H6_P4_MMD7_L001	CD4_Glyco_lo
H7_P2_MMD7_L001	B
H7_P4_MMD7_L001	CD8T
H8_P2_MMD7_L001	pDC
H8_P3_MMD7_L001	CD4_Glyco_lo
H8_P4_MMD7_L001	CD8T
H9_P1_MMD7_L001	CD8T
H9_P3_MMD7_L001	CD8T
H9_P4_MMD7_L001	B
A10_P1_M79_L001	Tprolif
A10_P2_M79_L001	Tprolif
A10_P3_M79_L001	Tprolif
A10_P4_M79_L001	CD8T
A11_P3_M79_L001	Tprolif
A11_P4_M79_L001	Tprolif
A12_P2_M79_L001	CD8T
A12_P4_M79_L001	pDC
A2_P1_M79_L001	Tprolif
A2_P2_M79_L001	Tprolif
A2_P4_M79_L001	Tprolif
A3_P1_M79_L001	Tprolif
A3_P2_M79_L001	CD8T
A3_P3_M79_L001	Tprolif
A4_P1_M79_L001	CD8T
A4_P2_M79_L001	CD8T
A4_P3_M79_L001	Tprolif
A5_P1_M79_L001	Tprolif
A5_P2_M79_L001	CD8T
A5_P3_M79_L001	Tprolif
A5_P4_M79_L001	Tprolif
A6_P1_M79_L001	Tprolif
A6_P2_M79_L001	Tprolif
A6_P3_M79_L001	pDC
A7_P1_M79_L001	CD8T
A7_P2_M79_L001	Tprolif
A7_P3_M79_L001	CD8T
A8_P2_M79_L001	Tprolif
A8_P4_M79_L001	Tprolif
A9_P1_M79_L001	B
A9_P2_M79_L001	Tprolif
A9_P4_M79_L001	Tprolif
B10_P1_M79_L001	CD4_Glyco_lo
B10_P2_M79_L001	CD8T
B10_P3_M79_L001	Tprolif
B10_P4_M79_L001	CD8T
B11_P1_M79_L001	CD8T
B11_P2_M79_L001	pDC
B11_P3_M79_L001	Tprolif
B11_P4_M79_L001	CD4_Glyco_lo
B12_P2_M79_L001	Tprolif
B12_P3_M79_L001	pDC
B12_P4_M79_L001	pDC
B1_P1_M79_L001	Tprolif
B1_P2_M79_L001	CD8T
B1_P4_M79_L001	Tprolif
B2_P4_M79_L001	Tprolif
B3_P1_M79_L001	Tprolif
B3_P2_M79_L001	Tprolif
B3_P4_M79_L001	CD8T
B4_P2_M79_L001	CD4_Glyco_hi
B4_P4_M79_L001	pDC
B5_P2_M79_L001	Tprolif
B5_P3_M79_L001	Tprolif
B6_P1_M79_L001	Tprolif
B6_P2_M79_L001	Tprolif
B6_P3_M79_L001	CD4_Glyco_lo
B6_P4_M79_L001	CD8T
B7_P1_M79_L001	Tprolif
B7_P2_M79_L001	Tprolif
B7_P3_M79_L001	Tprolif
B8_P1_M79_L001	Tprolif
B8_P2_M79_L001	CD8T
B8_P3_M79_L001	Tprolif
B8_P4_M79_L001	Tprolif
B9_P1_M79_L001	CD8T
B9_P3_M79_L001	Plasma
B9_P4_M79_L001	Tprolif
C10_P1_M79_L001	Tprolif
C10_P3_M79_L001	CD4_Glyco_lo
C10_P4_M79_L001	Tprolif
C11_P2_M79_L001	CD4_Glyco_hi
C12_P1_M79_L001	CD8T
C12_P2_M79_L001	Tprolif
C12_P3_M79_L001	CD4_Glyco_hi
C12_P4_M79_L001	CD8T
C1_P1_M79_L001	CD8T
C1_P3_M79_L001	Tprolif
C1_P4_M79_L001	CD8T
C2_P1_M79_L001	Tprolif
C2_P2_M79_L001	CD8T
C2_P4_M79_L001	CD8T
C3_P1_M79_L001	Tprolif
C3_P2_M79_L001	Tprolif
C3_P3_M79_L001	Tprolif
C4_P1_M79_L001	CD4_Glyco_lo
C4_P2_M79_L001	CD8T
C4_P3_M79_L001	CD4_Glyco_lo
C4_P4_M79_L001	Tprolif
C5_P2_M79_L001	Tprolif
C5_P4_M79_L001	Tprolif
C6_P2_M79_L001	Tprolif
C7_P1_M79_L001	Tprolif
C8_P2_M79_L001	Tprolif
C8_P3_M79_L001	B
C8_P4_M79_L001	Tprolif
C9_P1_M79_L001	CD8T
C9_P3_M79_L001	CD8T
C9_P4_M79_L001	CD4_Glyco_lo
D10_P2_M79_L001	Tprolif
D11_P1_M79_L001	Tprolif
D11_P2_M79_L001	CD8T
D11_P4_M79_L001	pDC
D12_P3_M79_L001	Tprolif
D12_P4_M79_L001	Tprolif
D1_P1_M79_L001	MonoMacro
D1_P2_M79_L001	Tprolif
D1_P3_M79_L001	Tprolif
D1_P4_M79_L001	CD8T
D2_P1_M79_L001	CD8T
D2_P2_M79_L001	CD8T
D2_P3_M79_L001	Tprolif
D2_P4_M79_L001	Tprolif
D3_P1_M79_L001	NK
D3_P2_M79_L001	B
D3_P3_M79_L001	Tprolif
D3_P4_M79_L001	pDC
D4_P1_M79_L001	Tprolif
D4_P2_M79_L001	pDC
D4_P3_M79_L001	Tprolif
D5_P2_M79_L001	CD8T
D5_P3_M79_L001	CD8T
D5_P4_M79_L001	Tprolif
D6_P2_M79_L001	pDC
D6_P3_M79_L001	Tprolif
D6_P4_M79_L001	pDC
D7_P1_M79_L001	Tprolif
D7_P4_M79_L001	Tprolif
D8_P1_M79_L001	B
D8_P2_M79_L001	Tprolif
D8_P3_M79_L001	Tprolif
D8_P4_M79_L001	Tprolif
D9_P1_M79_L001	CD4_Glyco_lo
D9_P2_M79_L001	CD4_Glyco_hi
D9_P3_M79_L001	Tprolif
D9_P4_M79_L001	Tprolif
E10_P2_M79_L001	CD4_Glyco_hi
E10_P4_M79_L001	Tprolif
E11_P2_M79_L001	Tprolif
E11_P4_M79_L001	Tprolif
E12_P1_M79_L001	CD8T
E12_P2_M79_L001	Tprolif
E12_P3_M79_L001	CD4_Glyco_hi
E12_P4_M79_L001	Tprolif
E1_P2_M79_L001	Tprolif
E1_P3_M79_L001	Tprolif
E1_P4_M79_L001	Tprolif
E2_P1_M79_L001	CD8T
E2_P2_M79_L001	Tprolif
E2_P3_M79_L001	Tprolif
E2_P4_M79_L001	CD4_Glyco_lo
E3_P2_M79_L001	CD8T
E3_P3_M79_L001	CD8T
E3_P4_M79_L001	Tprolif
E4_P1_M79_L001	CD8T
E4_P2_M79_L001	CD4_Glyco_hi
E4_P3_M79_L001	Tprolif
E4_P4_M79_L001	Tprolif
E5_P1_M79_L001	CD8T
E5_P2_M79_L001	CD8T
E5_P4_M79_L001	CD4_Glyco_hi
E6_P1_M79_L001	CD4_Glyco_hi
E6_P3_M79_L001	Tprolif
E7_P1_M79_L001	CD8T
E7_P3_M79_L001	Tprolif
E7_P4_M79_L001	Tprolif
E8_P1_M79_L001	CD4_Glyco_hi
E8_P2_M79_L001	Tprolif
E8_P3_M79_L001	Tprolif
E8_P4_M79_L001	CD4_Glyco_lo
E9_P1_M79_L001	CD4_Glyco_lo
E9_P3_M79_L001	CD4_Glyco_hi
E9_P4_M79_L001	Tprolif
F10_P1_M79_L001	Tprolif
F10_P3_M79_L001	CD8T
F10_P4_M79_L001	B
F11_P1_M79_L001	CD8T
F11_P2_M79_L001	Tprolif
F11_P3_M79_L001	Tprolif
F12_P2_M79_L001	Tprolif
F12_P3_M79_L001	CD8T
F1_P3_M79_L001	Tprolif
F1_P4_M79_L001	CD4_Glyco_lo
F2_P1_M79_L001	B
F2_P3_M79_L001	CD4_Glyco_lo
F3_P2_M79_L001	Tprolif
F3_P3_M79_L001	Tprolif
F4_P2_M79_L001	Tprolif
F4_P3_M79_L001	Tprolif
F4_P4_M79_L001	Tprolif
F5_P2_M79_L001	CD8T
F5_P3_M79_L001	Tprolif
F5_P4_M79_L001	Tprolif
F6_P1_M79_L001	Tprolif
F6_P2_M79_L001	Tprolif
F6_P3_M79_L001	CD8T
F6_P4_M79_L001	CD4_Glyco_lo
F7_P1_M79_L001	CD4_Glyco_hi
F7_P2_M79_L001	Tprolif
F7_P3_M79_L001	Tprolif
F8_P1_M79_L001	Tprolif
F8_P2_M79_L001	B
F8_P4_M79_L001	Tprolif
F9_P2_M79_L001	Tprolif
F9_P3_M79_L001	pDC
F9_P4_M79_L001	CD8T
G10_P1_M79_L001	CD4_Glyco_hi
G10_P2_M79_L001	CD8T
G10_P3_M79_L001	CD8T
G11_P1_M79_L001	B
G11_P2_M79_L001	Tprolif
G12_P1_M79_L001	Tprolif
G12_P3_M79_L001	Tprolif
G1_P1_M79_L001	CD8T
G1_P2_M79_L001	Tprolif
G1_P3_M79_L001	CD4_Glyco_lo
G2_P2_M79_L001	Tprolif
G2_P3_M79_L001	Tprolif
G2_P4_M79_L001	Tprolif
G3_P1_M79_L001	CD4_Glyco_lo
G3_P2_M79_L001	CD8T
G3_P3_M79_L001	CD8T
G4_P3_M79_L001	Plasma
G4_P4_M79_L001	Tprolif
G5_P1_M79_L001	B
G5_P2_M79_L001	CD4_Glyco_hi
G6_P3_M79_L001	Tprolif
G6_P4_M79_L001	CD8T
G7_P2_M79_L001	Plasma
G7_P3_M79_L001	Tprolif
G7_P4_M79_L001	Tprolif
G8_P1_M79_L001	CD8T
G8_P2_M79_L001	Tprolif
G8_P3_M79_L001	Tprolif
G8_P4_M79_L001	Tprolif
G9_P1_M79_L001	CD8T
G9_P4_M79_L001	pDC
H10_P1_M79_L001	Tprolif
H10_P2_M79_L001	Tprolif
H10_P3_M79_L001	B
H11_P2_M79_L001	CD8T
H11_P3_M79_L001	CD4_Glyco_hi
H11_P4_M79_L001	CD4_Glyco_lo
H12_P1_M79_L001	CD8T
H12_P2_M79_L001	Tprolif
H12_P4_M79_L001	pDC
H1_P3_M79_L001	Tprolif
H2_P1_M79_L001	CD4_Glyco_hi
H2_P2_M79_L001	CD8T
H2_P3_M79_L001	Plasma
H2_P4_M79_L001	CD8T
H3_P3_M79_L001	Tprolif
H4_P2_M79_L001	B
H4_P3_M79_L001	CD4_Glyco_hi
H4_P4_M79_L001	CD4_Glyco_hi
H5_P2_M79_L001	Tprolif
H5_P3_M79_L001	Tprolif
H5_P4_M79_L001	B
H6_P1_M79_L001	CD4_Glyco_lo
H6_P2_M79_L001	Tprolif
H6_P3_M79_L001	Tprolif
H7_P2_M79_L001	Tprolif
H7_P4_M79_L001	pDC
H8_P1_M79_L001	CD8T
H8_P2_M79_L001	Tprolif
H8_P3_M79_L001	MonoMacro
H9_P1_M79_L001	MonoMacro
H9_P2_M79_L001	Tprolif
H9_P3_M79_L001	Tprolif
H9_P4_M79_L001	Tprolif
A10_P2_M51_L001	Plasma
A10_P6_M51_L001	CD4_Glyco_lo
A11_P1_M51_L001	B
A11_P6_M51_L001	Plasma
A12_P1_M51_L001	CD4_Glyco_hi
A1_P1_M51_L001	CD4_Glyco_lo
A1_P6_M51_L001	CD4_Glyco_lo
A2_P2_M51_L001	CD8T
A3_P1_M51_L001	Plasma
A3_P2_M51_L001	CD4_Glyco_hi
A4_P1_M51_L001	B
A4_P6_M51_L001	CD8T
A5_P1_M51_L001	B
A6_P1_M51_L001	CD8T
A6_P2_M51_L001	B
A6_P6_M51_L001	Plasma
A8_P2_M51_L001	CD4_Glyco_hi
B10_P6_M51_L001	Plasma
B11_P2_M51_L001	Plasma
B12_P1_M51_L001	CD4_Glyco_lo
B12_P2_M51_L001	CD4_Glyco_hi
B1_P1_M51_L001	Plasma
B1_P2_M51_L001	CD8T
B1_P6_M51_L001	CD4_Glyco_lo
B2_P1_M51_L001	Plasma
B2_P2_M51_L001	CD4_Glyco_hi
B3_P6_M51_L001	Plasma
B4_P1_M51_L001	Plasma
B4_P6_M51_L001	B
B5_P6_M51_L001	CD4_Glyco_lo
B7_P1_M51_L001	B
B8_P1_M51_L001	Plasma
B8_P2_M51_L001	Plasma
B9_P1_M51_L001	CD4_Glyco_hi
B9_P2_M51_L001	CD4_Glyco_hi
C10_P1_M51_L001	CD8T
C10_P2_M51_L001	B
C11_P1_M51_L001	CD4_Glyco_hi
C11_P2_M51_L001	Plasma
C12_P1_M51_L001	B
C12_P2_M51_L001	Plasma
C12_P6_M51_L001	B
C1_P1_M51_L001	B
C2_P1_M51_L001	CD8T
C6_P1_M51_L001	Plasma
C6_P2_M51_L001	Plasma
C7_P1_M51_L001	CD8T
C7_P2_M51_L001	Plasma
C8_P1_M51_L001	CD4_Glyco_hi
C8_P2_M51_L001	Plasma
C8_P6_M51_L001	CD8T
C9_P1_M51_L001	CD8T
C9_P6_M51_L001	CD8T
D10_P2_M51_L001	Plasma
D10_P6_M51_L001	B
D11_P2_M51_L001	B
D12_P1_M51_L001	B
D1_P2_M51_L001	Plasma
D1_P6_M51_L001	CD4_Glyco_hi
D2_P1_M51_L001	CD4_Glyco_lo
D2_P2_M51_L001	NK
D3_P1_M51_L001	Plasma
D3_P2_M51_L001	Plasma
D3_P6_M51_L001	B
D4_P6_M51_L001	CD4_Glyco_hi
D6_P2_M51_L001	Plasma
D7_P2_M51_L001	CD4_Glyco_lo
D8_P1_M51_L001	CD4_Glyco_hi
D8_P2_M51_L001	Plasma
E10_P1_M51_L001	NK
E10_P2_M51_L001	CD4_Glyco_hi
E10_P6_M51_L001	Plasma
E11_P1_M51_L001	CD4_Glyco_lo
E11_P2_M51_L001	CD4_Glyco_lo
E12_P6_M51_L001	Plasma
E1_P1_M51_L001	CD4_Glyco_hi
E1_P2_M51_L001	B
E1_P6_M51_L001	CD4_Glyco_lo
E2_P1_M51_L001	CD4_Glyco_lo
E2_P2_M51_L001	B
E3_P2_M51_L001	B
E4_P1_M51_L001	Plasma
E4_P2_M51_L001	B
E5_P1_M51_L001	CD4_Glyco_lo
E5_P6_M51_L001	Plasma
E6_P6_M51_L001	B
E7_P1_M51_L001	NK
E7_P2_M51_L001	Plasma
E8_P2_M51_L001	CD4_Glyco_hi
E9_P1_M51_L001	Plasma
E9_P2_M51_L001	Plasma
E9_P6_M51_L001	Plasma
F10_P1_M51_L001	CD8T
F11_P1_M51_L001	Plasma
F11_P2_M51_L001	Plasma
F11_P6_M51_L001	Plasma
F1_P1_M51_L001	CD4_Glyco_lo
F2_P1_M51_L001	B
F2_P6_M51_L001	B
F3_P1_M51_L001	Plasma
F3_P6_M51_L001	CD8T
F4_P2_M51_L001	B
F5_P2_M51_L001	Plasma
F5_P6_M51_L001	Plasma
F7_P1_M51_L001	Plasma
F7_P2_M51_L001	CD8T
F8_P1_M51_L001	CD4_Glyco_lo
F8_P6_M51_L001	B
F9_P6_M51_L001	CD4_Glyco_lo
G11_P1_M51_L001	Plasma
G11_P2_M51_L001	MonoMacro
G1_P2_M51_L001	CD4_Glyco_hi
G1_P6_M51_L001	CD4_Glyco_hi
G2_P6_M51_L001	CD8T
G3_P6_M51_L001	B
G4_P1_M51_L001	Plasma
G4_P2_M51_L001	B
G5_P1_M51_L001	Plasma
G6_P1_M51_L001	NK
G6_P2_M51_L001	CD8T
G6_P6_M51_L001	Plasma
G7_P1_M51_L001	Plasma
G7_P2_M51_L001	CD8T
G7_P6_M51_L001	CD4_Glyco_hi
G8_P1_M51_L001	CD4_Glyco_lo
G8_P2_M51_L001	B
G9_P2_M51_L001	Plasma
H10_P1_M51_L001	Plasma
H11_P1_M51_L001	B
H12_P2_M51_L001	Plasma
H12_P6_M51_L001	CD4_Glyco_lo
H1_P1_M51_L001	Plasma
H1_P6_M51_L001	CD4_Glyco_hi
H4_P1_M51_L001	NK
H4_P2_M51_L001	Plasma
H4_P6_M51_L001	CD4_Glyco_lo
H5_P1_M51_L001	Plasma
H7_P1_M51_L001	CD8T
H7_P2_M51_L001	B
H7_P6_M51_L001	B
H8_P1_M51_L001	Plasma
H8_P6_M51_L001	B
H9_P1_M51_L001	Plasma
H9_P6_M51_L001	Plasma
A10_P1_MMD6_L001	CD8T
A10_P2_MMD6_L001	CD8T
A10_P4_MMD6_L001	CD8T
A11_P1_MMD6_L001	CD8T
A11_P2_MMD6_L001	CD4_Glyco_hi
A11_P4_MMD6_L001	CD8T
A12_P1_MMD6_L001	CD8T
A12_P2_MMD6_L001	CD8T
A12_P4_MMD6_L001	NK
A2_P1_MMD6_L001	CD8T
A2_P2_MMD6_L001	NK
A2_P4_MMD6_L001	NK
A3_P1_MMD6_L001	CD8T
A3_P2_MMD6_L001	CD8T
A3_P4_MMD6_L001	CD8T
A4_P1_MMD6_L001	NK
A4_P2_MMD6_L001	CD8T
A5_P1_MMD6_L001	NK
A5_P2_MMD6_L001	CD8T
A5_P4_MMD6_L001	CD8T
A6_P4_MMD6_L001	CD8T
A7_P1_MMD6_L001	NK
A7_P2_MMD6_L001	CD8T
A8_P1_MMD6_L001	CD8T
A8_P2_MMD6_L001	CD8T
A9_P2_MMD6_L001	CD8T
A9_P4_MMD6_L001	CD8T
B10_P2_MMD6_L001	Tprolif
B10_P4_MMD6_L001	CD8T
B11_P1_MMD6_L001	CD8T
B12_P1_MMD6_L001	CD4_Glyco_hi
B12_P2_MMD6_L001	CD8T
B1_P4_MMD6_L001	CD8T
B2_P1_MMD6_L001	CD8T
B2_P2_MMD6_L001	CD8T
B2_P4_MMD6_L001	CD8T
B3_P2_MMD6_L001	CD8T
B3_P4_MMD6_L001	CD8T
B4_P1_MMD6_L001	CD8T
B4_P2_MMD6_L001	CD8T
B5_P1_MMD6_L001	NK
B5_P2_MMD6_L001	CD8T
B5_P4_MMD6_L001	NK
B6_P1_MMD6_L001	CD4_Glyco_hi
B6_P2_MMD6_L001	CD8T
B7_P1_MMD6_L001	CD8T
B7_P2_MMD6_L001	MonoMacro
B7_P4_MMD6_L001	CD8T
B8_P1_MMD6_L001	CD8T
B8_P2_MMD6_L001	CD8T
B8_P4_MMD6_L001	CD8T
B9_P2_MMD6_L001	CD8T
B9_P4_MMD6_L001	CD8T
C10_P4_MMD6_L001	CD8T
C11_P1_MMD6_L001	CD8T
C11_P2_MMD6_L001	CD8T
C12_P1_MMD6_L001	CD8T
C12_P2_MMD6_L001	CD8T
C12_P4_MMD6_L001	MonoMacro
C1_P1_MMD6_L001	CD8T
C1_P2_MMD6_L001	CD8T
C1_P4_MMD6_L001	CD8T
C2_P1_MMD6_L001	CD4_Glyco_hi
C2_P2_MMD6_L001	CD8T
C3_P1_MMD6_L001	CD4_Glyco_lo
C3_P2_MMD6_L001	Plasma
C3_P4_MMD6_L001	CD8T
C4_P1_MMD6_L001	CD8T
C4_P2_MMD6_L001	CD8T
C4_P4_MMD6_L001	CD8T
C5_P1_MMD6_L001	CD8T
C5_P4_MMD6_L001	CD4_Glyco_lo
C6_P2_MMD6_L001	CD8T
C6_P4_MMD6_L001	NK
C7_P1_MMD6_L001	CD8T
C7_P2_MMD6_L001	CD8T
C7_P4_MMD6_L001	CD8T
C8_P1_MMD6_L001	CD8T
C8_P2_MMD6_L001	CD8T
C8_P4_MMD6_L001	Tprolif
C9_P1_MMD6_L001	CD8T
C9_P4_MMD6_L001	NK
D10_P2_MMD6_L001	NK
D10_P4_MMD6_L001	CD8T
D11_P1_MMD6_L001	Tprolif
D11_P2_MMD6_L001	CD8T
D11_P4_MMD6_L001	NK
D12_P1_MMD6_L001	NK
D12_P4_MMD6_L001	CD8T
D1_P1_MMD6_L001	B
D1_P2_MMD6_L001	CD8T
D1_P4_MMD6_L001	CD8T
D2_P1_MMD6_L001	CD8T
D2_P2_MMD6_L001	CD8T
D2_P4_MMD6_L001	MonoMacro
D3_P4_MMD6_L001	CD8T
D4_P4_MMD6_L001	CD8T
D5_P1_MMD6_L001	CD8T
D5_P2_MMD6_L001	CD8T
D5_P4_MMD6_L001	CD8T
D6_P1_MMD6_L001	CD4_Glyco_hi
D6_P4_MMD6_L001	CD8T
D7_P1_MMD6_L001	CD8T
D7_P2_MMD6_L001	NK
D7_P4_MMD6_L001	CD8T
D8_P1_MMD6_L001	CD8T
D8_P2_MMD6_L001	NK
D9_P1_MMD6_L001	CD8T
D9_P2_MMD6_L001	CD8T
D9_P4_MMD6_L001	CD8T
E10_P1_MMD6_L001	NK
E10_P4_MMD6_L001	CD8T
E11_P1_MMD6_L001	CD8T
E11_P2_MMD6_L001	pDC
E11_P4_MMD6_L001	NK
E1_P1_MMD6_L001	MonoMacro
E1_P2_MMD6_L001	CD8T
E1_P4_MMD6_L001	CD8T
E2_P2_MMD6_L001	CD8T
E2_P4_MMD6_L001	CD8T
E3_P1_MMD6_L001	CD8T
E3_P4_MMD6_L001	CD8T
E4_P1_MMD6_L001	CD8T
E4_P4_MMD6_L001	CD8T
E5_P2_MMD6_L001	CD8T
E5_P4_MMD6_L001	CD8T
E6_P1_MMD6_L001	CD8T
E6_P2_MMD6_L001	CD8T
E6_P4_MMD6_L001	MonoMacro
E7_P2_MMD6_L001	NK
E7_P4_MMD6_L001	CD8T
E8_P1_MMD6_L001	NK
E8_P2_MMD6_L001	CD8T
E9_P2_MMD6_L001	NK
E9_P4_MMD6_L001	CD8T
F10_P1_MMD6_L001	CD8T
F10_P2_MMD6_L001	Plasma
F10_P4_MMD6_L001	CD4_Glyco_hi
F11_P4_MMD6_L001	CD4_Glyco_lo
F12_P1_MMD6_L001	CD8T
F12_P2_MMD6_L001	CD8T
F12_P4_MMD6_L001	CD8T
F1_P2_MMD6_L001	CD8T
F1_P4_MMD6_L001	CD8T
F2_P1_MMD6_L001	CD8T
F2_P2_MMD6_L001	CD4_Glyco_lo
F2_P4_MMD6_L001	CD8T
F3_P1_MMD6_L001	CD8T
F3_P2_MMD6_L001	CD8T
F3_P4_MMD6_L001	CD8T
F4_P2_MMD6_L001	CD8T
F4_P4_MMD6_L001	CD8T
F5_P1_MMD6_L001	CD8T
F5_P2_MMD6_L001	NK
F5_P4_MMD6_L001	CD8T
F6_P1_MMD6_L001	CD4_Glyco_lo
F6_P2_MMD6_L001	CD8T
F6_P4_MMD6_L001	MonoMacro
F7_P4_MMD6_L001	CD8T
F8_P2_MMD6_L001	CD8T
F9_P2_MMD6_L001	CD8T
F9_P4_MMD6_L001	CD8T
G10_P1_MMD6_L001	MonoMacro
G10_P2_MMD6_L001	CD8T
G10_P4_MMD6_L001	CD8T
G11_P2_MMD6_L001	CD8T
G12_P2_MMD6_L001	CD8T
G1_P1_MMD6_L001	NK
G1_P2_MMD6_L001	CD8T
G1_P4_MMD6_L001	CD8T
G2_P1_MMD6_L001	CD8T
G2_P2_MMD6_L001	CD8T
G2_P4_MMD6_L001	CD8T
G3_P1_MMD6_L001	CD8T
G3_P4_MMD6_L001	CD8T
G4_P1_MMD6_L001	CD8T
G4_P2_MMD6_L001	CD8T
G5_P1_MMD6_L001	MonoMacro
G5_P2_MMD6_L001	CD8T
G5_P4_MMD6_L001	CD8T
G6_P1_MMD6_L001	CD8T
G6_P2_MMD6_L001	CD8T
G7_P1_MMD6_L001	CD8T
G7_P2_MMD6_L001	CD8T
G7_P4_MMD6_L001	NK
G8_P1_MMD6_L001	CD8T
G9_P2_MMD6_L001	CD8T
H10_P2_MMD6_L001	NK
H10_P4_MMD6_L001	CD8T
H11_P1_MMD6_L001	CD8T
H11_P2_MMD6_L001	CD8T
H11_P4_MMD6_L001	CD8T
H12_P1_MMD6_L001	CD4_Glyco_lo
H12_P2_MMD6_L001	CD8T
H1_P1_MMD6_L001	CD8T
H1_P2_MMD6_L001	MonoMacro
H1_P4_MMD6_L001	MonoMacro
H2_P1_MMD6_L001	MonoMacro
H2_P2_MMD6_L001	CD8T
H3_P1_MMD6_L001	CD8T
H3_P2_MMD6_L001	CD8T
H3_P4_MMD6_L001	CD8T
H4_P1_MMD6_L001	CD8T
H4_P2_MMD6_L001	CD8T
H4_P4_MMD6_L001	CD8T
H5_P2_MMD6_L001	Tprolif
H5_P4_MMD6_L001	CD8T
H6_P1_MMD6_L001	MonoMacro
H6_P2_MMD6_L001	CD8T
H6_P4_MMD6_L001	MonoMacro
H7_P1_MMD6_L001	CD8T
H7_P2_MMD6_L001	CD8T
H8_P1_MMD6_L001	CD8T
H8_P2_MMD6_L001	CD8T
H9_P1_MMD6_L001	CD8T
H9_P2_MMD6_L001	CD8T
H9_P4_MMD6_L001	CD8T
A10_P1_M83_L001	MonoMacro
A10_P2_M83_L001	Tprolif
A10_P5_M83_L001	CD8T
A10_P6_M83_L001	NK
A11_P2_M83_L001	MonoMacro
A11_P5_M83_L001	CD8T
A11_P6_M83_L001	CD8T
A12_P1_M83_L001	CD8T
A12_P2_M83_L001	CD8T
A12_P5_M83_L001	CD4_Glyco_lo
A12_P6_M83_L001	NK
A2_P1_M83_L001	Plasma
A2_P2_M83_L001	CD8T
A2_P5_M83_L001	CD8T
A2_P6_M83_L001	CD8T
A3_P1_M83_L001	Tprolif
A3_P5_M83_L001	CD8T
A4_P1_M83_L001	CD4_Glyco_lo
A4_P2_M83_L001	MonoMacro
A4_P5_M83_L001	CD8T
A5_P1_M83_L001	CD8T
A5_P5_M83_L001	CD8T
A6_P1_M83_L001	Tprolif
A6_P2_M83_L001	CD4_Glyco_lo
A6_P5_M83_L001	CD4_Glyco_hi
A6_P6_M83_L001	MonoMacro
A7_P1_M83_L001	CD8T
A7_P6_M83_L001	CD8T
A8_P2_M83_L001	CD8T
A8_P5_M83_L001	Tprolif
A8_P6_M83_L001	NK
A9_P1_M83_L001	CD8T
A9_P2_M83_L001	CD8T
A9_P5_M83_L001	CD8T
A9_P6_M83_L001	pDC
B10_P1_M83_L001	Tprolif
B10_P5_M83_L001	CD4_Glyco_lo
B11_P1_M83_L001	CD8T
B11_P2_M83_L001	B
B11_P5_M83_L001	CD8T
B11_P6_M83_L001	Tprolif
B12_P1_M83_L001	NK
B12_P5_M83_L001	Tprolif
B12_P6_M83_L001	CD4_Glyco_hi
B1_P1_M83_L001	CD4_Glyco_lo
B1_P2_M83_L001	MonoMacro
B1_P6_M83_L001	CD8T
B2_P1_M83_L001	CD4_Glyco_hi
B2_P5_M83_L001	MonoMacro
B2_P6_M83_L001	CD4_Glyco_lo
B3_P2_M83_L001	CD8T
B3_P5_M83_L001	Tprolif
B3_P6_M83_L001	NK
B4_P1_M83_L001	MonoMacro
B4_P2_M83_L001	MonoMacro
B4_P5_M83_L001	CD4_Glyco_lo
B4_P6_M83_L001	CD8T
B5_P1_M83_L001	MonoMacro
B6_P2_M83_L001	CD8T
B6_P5_M83_L001	CD8T
B7_P1_M83_L001	CD8T
B7_P2_M83_L001	Tprolif
B7_P6_M83_L001	CD4_Glyco_lo
B8_P1_M83_L001	CD8T
B8_P2_M83_L001	CD4_Glyco_lo
B8_P5_M83_L001	CD8T
B8_P6_M83_L001	CD8T
B9_P1_M83_L001	CD8T
B9_P2_M83_L001	NK
B9_P5_M83_L001	CD8T
B9_P6_M83_L001	CD8T
C10_P1_M83_L001	CD4_Glyco_lo
C10_P2_M83_L001	CD4_Glyco_hi
C10_P5_M83_L001	Tprolif
C10_P6_M83_L001	CD8T
C11_P1_M83_L001	Tprolif
C11_P2_M83_L001	CD8T
C11_P6_M83_L001	MonoMacro
C12_P2_M83_L001	CD8T
C12_P6_M83_L001	MonoMacro
C1_P5_M83_L001	MonoMacro
C2_P2_M83_L001	CD8T
C2_P6_M83_L001	CD8T
C3_P1_M83_L001	CD4_Glyco_hi
C3_P2_M83_L001	NK
C3_P5_M83_L001	MonoMacro
C3_P6_M83_L001	CD8T
C4_P2_M83_L001	B
C4_P5_M83_L001	Tprolif
C5_P5_M83_L001	Tprolif
C5_P6_M83_L001	Tprolif
C6_P6_M83_L001	Tprolif
C7_P2_M83_L001	CD8T
C8_P1_M83_L001	Tprolif
C8_P2_M83_L001	CD8T
C8_P5_M83_L001	CD8T
C8_P6_M83_L001	CD4_Glyco_hi
C9_P2_M83_L001	CD8T
C9_P5_M83_L001	Tprolif
D10_P2_M83_L001	CD8T
D10_P5_M83_L001	CD4_Glyco_lo
D10_P6_M83_L001	CD4_Glyco_lo
D11_P2_M83_L001	CD8T
D11_P5_M83_L001	MonoMacro
D11_P6_M83_L001	CD8T
D12_P1_M83_L001	CD8T
D12_P6_M83_L001	MonoMacro
D1_P2_M83_L001	NK
D1_P5_M83_L001	MonoMacro
D2_P1_M83_L001	CD8T
D2_P2_M83_L001	MonoMacro
D2_P5_M83_L001	CD8T
D3_P6_M83_L001	pDC
D4_P1_M83_L001	CD8T
D4_P5_M83_L001	MonoMacro
D5_P2_M83_L001	CD8T
D5_P5_M83_L001	Plasma
D6_P5_M83_L001	CD8T
D7_P2_M83_L001	CD8T
D7_P5_M83_L001	CD8T
D7_P6_M83_L001	Tprolif
D8_P1_M83_L001	CD8T
D8_P2_M83_L001	CD8T
D8_P6_M83_L001	CD8T
D9_P1_M83_L001	CD4_Glyco_hi
D9_P2_M83_L001	CD8T
D9_P6_M83_L001	Tprolif
E10_P2_M83_L001	CD8T
E11_P1_M83_L001	CD8T
E11_P5_M83_L001	CD8T
E11_P6_M83_L001	CD8T
E12_P1_M83_L001	MonoMacro
E12_P2_M83_L001	NK
E1_P2_M83_L001	CD4_Glyco_hi
E1_P6_M83_L001	MonoMacro
E2_P1_M83_L001	CD8T
E2_P2_M83_L001	MonoMacro
E3_P1_M83_L001	CD8T
E3_P5_M83_L001	MonoMacro
E4_P1_M83_L001	CD8T
E4_P2_M83_L001	CD4_Glyco_lo
E4_P6_M83_L001	CD8T
E5_P1_M83_L001	CD8T
E5_P2_M83_L001	CD4_Glyco_lo
E5_P5_M83_L001	CD4_Glyco_lo
E6_P1_M83_L001	CD4_Glyco_hi
E6_P2_M83_L001	B
E6_P5_M83_L001	CD4_Glyco_hi
E6_P6_M83_L001	CD8T
E7_P1_M83_L001	CD4_Glyco_hi
E7_P5_M83_L001	CD4_Glyco_hi
E7_P6_M83_L001	CD4_Glyco_hi
E8_P1_M83_L001	CD4_Glyco_hi
E8_P5_M83_L001	CD8T
E8_P6_M83_L001	Tprolif
E9_P1_M83_L001	CD8T
E9_P6_M83_L001	CD4_Glyco_hi
F10_P1_M83_L001	Tprolif
F10_P2_M83_L001	NK
F11_P2_M83_L001	MonoMacro
F11_P5_M83_L001	NK
F11_P6_M83_L001	CD8T
F12_P2_M83_L001	CD8T
F12_P5_M83_L001	Tprolif
F12_P6_M83_L001	Tprolif
F1_P1_M83_L001	CD8T
F1_P5_M83_L001	CD8T
F1_P6_M83_L001	CD4_Glyco_lo
F2_P1_M83_L001	CD4_Glyco_lo
F2_P2_M83_L001	CD4_Glyco_hi
F2_P5_M83_L001	NK
F2_P6_M83_L001	CD8T
F3_P1_M83_L001	NK
F3_P5_M83_L001	CD8T
F4_P1_M83_L001	CD8T
F4_P2_M83_L001	CD8T
F4_P5_M83_L001	Tprolif
F4_P6_M83_L001	MonoMacro
F5_P1_M83_L001	NK
F5_P2_M83_L001	CD8T
F5_P5_M83_L001	CD4_Glyco_hi
F5_P6_M83_L001	MonoMacro
F6_P1_M83_L001	Tprolif
F6_P2_M83_L001	CD8T
F6_P5_M83_L001	NK
F6_P6_M83_L001	CD4_Glyco_hi
F7_P2_M83_L001	NK
F7_P5_M83_L001	Tprolif
F7_P6_M83_L001	Tprolif
F8_P1_M83_L001	CD8T
F8_P2_M83_L001	CD4_Glyco_lo
F8_P6_M83_L001	Tprolif
F9_P2_M83_L001	CD8T
F9_P5_M83_L001	CD8T
F9_P6_M83_L001	CD8T
G10_P1_M83_L001	Tprolif
G10_P5_M83_L001	CD8T
G10_P6_M83_L001	CD4_Glyco_hi
G11_P1_M83_L001	MonoMacro
G11_P5_M83_L001	MonoMacro
G11_P6_M83_L001	CD4_Glyco_lo
G12_P2_M83_L001	CD8T
G12_P5_M83_L001	Tprolif
G12_P6_M83_L001	MonoMacro
G1_P1_M83_L001	Tprolif
G1_P2_M83_L001	MonoMacro
G1_P6_M83_L001	CD8T
G2_P1_M83_L001	CD8T
G2_P2_M83_L001	B
G2_P5_M83_L001	CD4_Glyco_lo
G2_P6_M83_L001	CD8T
G3_P1_M83_L001	B
G3_P2_M83_L001	Tprolif
G3_P5_M83_L001	CD8T
G4_P1_M83_L001	CD8T
G4_P2_M83_L001	Tprolif
G4_P5_M83_L001	CD4_Glyco_hi
G5_P2_M83_L001	B
G5_P5_M83_L001	CD4_Glyco_lo
G6_P1_M83_L001	NK
G6_P2_M83_L001	CD8T
G6_P5_M83_L001	CD8T
G6_P6_M83_L001	CD4_Glyco_lo
G7_P1_M83_L001	CD8T
G7_P2_M83_L001	MonoMacro
G7_P5_M83_L001	CD8T
G8_P1_M83_L001	CD8T
G8_P6_M83_L001	MonoMacro
G9_P1_M83_L001	CD8T
G9_P2_M83_L001	Tprolif
G9_P5_M83_L001	CD4_Glyco_hi
G9_P6_M83_L001	CD8T
H10_P1_M83_L001	Tprolif
H10_P5_M83_L001	Tprolif
H11_P1_M83_L001	Tprolif
H11_P5_M83_L001	CD4_Glyco_hi
H11_P6_M83_L001	NK
H12_P1_M83_L001	CD8T
H12_P2_M83_L001	CD4_Glyco_lo
H12_P6_M83_L001	CD4_Glyco_hi
H1_P1_M83_L001	CD8T
H1_P2_M83_L001	CD4_Glyco_lo
H1_P5_M83_L001	pDC
H1_P6_M83_L001	CD4_Glyco_lo
H2_P5_M83_L001	CD8T
H2_P6_M83_L001	CD4_Glyco_hi
H3_P1_M83_L001	NK
H3_P2_M83_L001	CD4_Glyco_lo
H3_P6_M83_L001	MonoMacro
H4_P5_M83_L001	Tprolif
H4_P6_M83_L001	NK
H5_P1_M83_L001	Tprolif
H5_P2_M83_L001	Tprolif
H5_P5_M83_L001	MonoMacro
H6_P1_M83_L001	CD8T
H6_P2_M83_L001	MonoMacro
H6_P6_M83_L001	Tprolif
H7_P1_M83_L001	NK
H7_P2_M83_L001	MonoMacro
H8_P1_M83_L001	NK
H8_P2_M83_L001	CD4_Glyco_hi
H8_P5_M83_L001	pDC
H8_P6_M83_L001	NK
H9_P2_M83_L001	CD4_Glyco_hi
H9_P5_M83_L001	Tprolif
A10_P1_M68_L001	CD4_Glyco_hi
A10_P5_M68_L001	CD8T
A11_P3_M68_L001	CD8T
A11_P6_M68_L001	CD8T
A12_P3_M68_L001	CD8T
A12_P5_M68_L001	NK
A1_P1_M68_L001	CD8T
A1_P5_M68_L001	CD8T
A2_P3_M68_L001	CD8T
A2_P5_M68_L001	CD8T
A2_P6_M68_L001	CD4_Glyco_hi
A3_P1_M68_L001	CD8T
A3_P3_M68_L001	CD4_Glyco_hi
A3_P5_M68_L001	CD8T
A3_P6_M68_L001	CD8T
A4_P1_M68_L001	CD8T
A4_P5_M68_L001	CD8T
A5_P1_M68_L001	CD8T
A5_P3_M68_L001	CD8T
A5_P6_M68_L001	CD8T
A6_P3_M68_L001	CD4_Glyco_lo
A6_P5_M68_L001	CD8T
A7_P1_M68_L001	CD8T
A8_P1_M68_L001	CD8T
A8_P3_M68_L001	CD4_Glyco_hi
A9_P1_M68_L001	CD8T
B10_P3_M68_L001	CD8T
B10_P6_M68_L001	CD4_Glyco_lo
B11_P1_M68_L001	CD8T
B11_P6_M68_L001	CD4_Glyco_hi
B12_P3_M68_L001	Plasma
B12_P5_M68_L001	CD4_Glyco_hi
B12_P6_M68_L001	CD4_Glyco_hi
B1_P3_M68_L001	CD8T
B1_P5_M68_L001	CD8T
B2_P1_M68_L001	CD8T
B2_P3_M68_L001	CD8T
B2_P5_M68_L001	B
B2_P6_M68_L001	CD8T
B3_P5_M68_L001	CD8T
B3_P6_M68_L001	CD8T
B4_P3_M68_L001	CD8T
B4_P5_M68_L001	CD4_Glyco_lo
B4_P6_M68_L001	CD8T
B5_P1_M68_L001	Plasma
B5_P3_M68_L001	Tprolif
B6_P1_M68_L001	CD8T
B6_P5_M68_L001	CD4_Glyco_lo
B7_P3_M68_L001	CD8T
B7_P5_M68_L001	CD8T
B8_P3_M68_L001	CD8T
B8_P5_M68_L001	CD8T
B9_P6_M68_L001	CD8T
C10_P1_M68_L001	Tprolif
C10_P5_M68_L001	CD4_Glyco_hi
C10_P6_M68_L001	NK
C11_P1_M68_L001	CD8T
C11_P6_M68_L001	CD8T
C12_P1_M68_L001	CD8T
C12_P6_M68_L001	CD8T
C1_P1_M68_L001	Tprolif
C1_P3_M68_L001	CD4_Glyco_lo
C1_P5_M68_L001	CD8T
C2_P1_M68_L001	CD8T
C2_P3_M68_L001	CD8T
C2_P6_M68_L001	CD4_Glyco_lo
C3_P3_M68_L001	CD8T
C3_P6_M68_L001	CD8T
C4_P3_M68_L001	NK
C4_P5_M68_L001	CD8T
C5_P1_M68_L001	MonoMacro
C5_P3_M68_L001	CD8T
C5_P5_M68_L001	CD8T
C6_P1_M68_L001	CD8T
C6_P6_M68_L001	CD4_Glyco_hi
C7_P3_M68_L001	CD8T
C8_P1_M68_L001	CD4_Glyco_hi
C8_P3_M68_L001	CD8T
C8_P5_M68_L001	CD8T
C9_P1_M68_L001	CD4_Glyco_lo
C9_P3_M68_L001	CD8T
C9_P6_M68_L001	CD8T
D10_P5_M68_L001	CD8T
D10_P6_M68_L001	Tprolif
D11_P1_M68_L001	CD4_Glyco_lo
D11_P3_M68_L001	NK
D12_P1_M68_L001	CD8T
D1_P3_M68_L001	CD4_Glyco_lo
D1_P6_M68_L001	CD8T
D2_P1_M68_L001	NK
D2_P3_M68_L001	NK
D2_P5_M68_L001	CD8T
D2_P6_M68_L001	CD8T
D3_P1_M68_L001	NK
D3_P5_M68_L001	NK
D3_P6_M68_L001	CD8T
D4_P3_M68_L001	Plasma
D4_P5_M68_L001	CD8T
D4_P6_M68_L001	CD4_Glyco_lo
D5_P1_M68_L001	CD8T
D5_P3_M68_L001	CD8T
D5_P5_M68_L001	CD8T
D5_P6_M68_L001	Tprolif
D6_P1_M68_L001	CD8T
D6_P3_M68_L001	CD4_Glyco_hi
D6_P5_M68_L001	Plasma
D6_P6_M68_L001	CD8T
D7_P1_M68_L001	CD8T
D7_P3_M68_L001	CD4_Glyco_hi
D7_P5_M68_L001	CD8T
D7_P6_M68_L001	CD4_Glyco_hi
D8_P5_M68_L001	CD4_Glyco_lo
D9_P1_M68_L001	CD8T
D9_P3_M68_L001	CD8T
D9_P5_M68_L001	B
E10_P1_M68_L001	CD8T
E10_P3_M68_L001	CD8T
E11_P5_M68_L001	CD8T
E11_P6_M68_L001	CD4_Glyco_lo
E12_P3_M68_L001	CD8T
E12_P5_M68_L001	CD8T
E12_P6_M68_L001	CD4_Glyco_lo
E1_P1_M68_L001	CD8T
E1_P5_M68_L001	CD8T
E1_P6_M68_L001	CD4_Glyco_hi
E2_P1_M68_L001	CD4_Glyco_lo
E2_P3_M68_L001	CD8T
E2_P5_M68_L001	CD8T
E2_P6_M68_L001	CD8T
E3_P3_M68_L001	CD4_Glyco_hi
E3_P6_M68_L001	CD8T
E4_P3_M68_L001	CD8T
E4_P5_M68_L001	CD8T
E5_P1_M68_L001	CD8T
E6_P1_M68_L001	CD4_Glyco_hi
E6_P3_M68_L001	CD8T
E6_P5_M68_L001	pDC
E6_P6_M68_L001	CD8T
E7_P3_M68_L001	NK
E7_P5_M68_L001	CD8T
E8_P1_M68_L001	CD8T
E8_P5_M68_L001	CD8T
E9_P1_M68_L001	CD8T
E9_P3_M68_L001	CD8T
E9_P5_M68_L001	CD8T
F10_P1_M68_L001	CD8T
F10_P3_M68_L001	CD8T
F10_P5_M68_L001	CD8T
F10_P6_M68_L001	CD4_Glyco_lo
F11_P1_M68_L001	CD8T
F12_P1_M68_L001	B
F12_P3_M68_L001	CD8T
F12_P5_M68_L001	CD8T
F12_P6_M68_L001	CD8T
F1_P1_M68_L001	CD8T
F1_P5_M68_L001	Plasma
F1_P6_M68_L001	Plasma
F2_P1_M68_L001	CD8T
F2_P3_M68_L001	CD4_Glyco_hi
F2_P5_M68_L001	NK
F2_P6_M68_L001	MonoMacro
F3_P1_M68_L001	CD8T
F3_P3_M68_L001	NK
F3_P5_M68_L001	B
F4_P1_M68_L001	CD8T
F4_P5_M68_L001	CD4_Glyco_hi
F4_P6_M68_L001	CD8T
F5_P1_M68_L001	Tprolif
F5_P3_M68_L001	MonoMacro
F5_P5_M68_L001	CD8T
F6_P1_M68_L001	CD8T
F6_P5_M68_L001	CD8T
F7_P1_M68_L001	CD8T
F7_P3_M68_L001	CD8T
F7_P5_M68_L001	Tprolif
F7_P6_M68_L001	CD8T
F8_P1_M68_L001	CD8T
F8_P3_M68_L001	pDC
F8_P5_M68_L001	CD8T
F8_P6_M68_L001	CD4_Glyco_lo
F9_P6_M68_L001	Tprolif
G10_P3_M68_L001	CD4_Glyco_hi
G11_P1_M68_L001	CD8T
G11_P3_M68_L001	CD8T
G11_P5_M68_L001	CD4_Glyco_lo
G11_P6_M68_L001	CD8T
G12_P1_M68_L001	CD8T
G12_P3_M68_L001	CD8T
G12_P6_M68_L001	CD8T
G1_P1_M68_L001	CD8T
G1_P3_M68_L001	NK
G1_P5_M68_L001	CD8T
G2_P1_M68_L001	CD4_Glyco_lo
G2_P3_M68_L001	pDC
G3_P3_M68_L001	B
G3_P5_M68_L001	CD8T
G3_P6_M68_L001	CD4_Glyco_hi
G4_P3_M68_L001	B
G4_P6_M68_L001	CD8T
G5_P1_M68_L001	CD4_Glyco_lo
G5_P3_M68_L001	NK
G5_P5_M68_L001	CD8T
G5_P6_M68_L001	Tprolif
G6_P3_M68_L001	CD8T
G6_P5_M68_L001	CD8T
G6_P6_M68_L001	CD8T
G7_P1_M68_L001	CD4_Glyco_hi
G7_P3_M68_L001	CD8T
G7_P5_M68_L001	CD8T
G7_P6_M68_L001	CD8T
G8_P3_M68_L001	CD4_Glyco_hi
G8_P5_M68_L001	CD8T
G9_P3_M68_L001	CD8T
G9_P6_M68_L001	CD8T
H10_P1_M68_L001	MonoMacro
H10_P3_M68_L001	CD8T
H10_P5_M68_L001	CD8T
H11_P6_M68_L001	CD4_Glyco_lo
H12_P1_M68_L001	CD8T
H12_P3_M68_L001	Tprolif
H12_P5_M68_L001	Tprolif
H12_P6_M68_L001	CD4_Glyco_lo
H1_P1_M68_L001	CD8T
H1_P3_M68_L001	Plasma
H1_P6_M68_L001	Tprolif
H2_P1_M68_L001	Plasma
H3_P1_M68_L001	CD8T
H3_P3_M68_L001	CD8T
H3_P6_M68_L001	CD8T
H4_P5_M68_L001	B
H4_P6_M68_L001	CD8T
H5_P3_M68_L001	CD4_Glyco_lo
H5_P5_M68_L001	CD4_Glyco_lo
H6_P6_M68_L001	NK
H7_P1_M68_L001	Tprolif
H7_P3_M68_L001	NK
H7_P5_M68_L001	CD4_Glyco_hi
H7_P6_M68_L001	CD8T
H8_P1_M68_L001	CD8T
H8_P3_M68_L001	CD4_Glyco_hi
H8_P5_M68_L001	CD8T
H8_P6_M68_L001	CD8T
H9_P5_M68_L001	CD4_Glyco_lo
A10_P1_M89_L001	CD8T
A10_P4_M89_L001	CD8T
A10_P5_M89_L001	MonoMacro
A11_P1_M89_L001	MonoMacro
A11_P3_M89_L001	MonoMacro
A11_P4_M89_L001	MonoMacro
A12_P3_M89_L001	MonoMacro
A12_P4_M89_L001	CD4_Glyco_hi
A2_P1_M89_L001	CD8T
A2_P5_M89_L001	CD8T
A3_P1_M89_L001	CD8T
A3_P4_M89_L001	CD4_Glyco_lo
A3_P5_M89_L001	MonoMacro
A4_P1_M89_L001	MonoMacro
A4_P3_M89_L001	CD8T
A4_P4_M89_L001	MonoMacro
A4_P5_M89_L001	CD8T
A5_P1_M89_L001	MonoMacro
A5_P3_M89_L001	CD8T
A5_P4_M89_L001	CD8T
A6_P1_M89_L001	CD8T
A6_P4_M89_L001	Tprolif
A6_P5_M89_L001	MonoMacro
A7_P4_M89_L001	CD8T
A7_P5_M89_L001	MonoMacro
A8_P1_M89_L001	MonoMacro
A8_P3_M89_L001	CD4_Glyco_lo
A8_P5_M89_L001	MonoMacro
A9_P4_M89_L001	MonoMacro
A9_P5_M89_L001	CD8T
B10_P3_M89_L001	MonoMacro
B10_P4_M89_L001	CD8T
B11_P1_M89_L001	CD8T
B11_P3_M89_L001	MonoMacro
B11_P4_M89_L001	pDC
B12_P1_M89_L001	CD8T
B12_P3_M89_L001	CD8T
B12_P4_M89_L001	CD4_Glyco_lo
B1_P4_M89_L001	MonoMacro
B2_P1_M89_L001	NK
B2_P3_M89_L001	CD8T
B2_P4_M89_L001	CD8T
B3_P1_M89_L001	CD4_Glyco_lo
B3_P5_M89_L001	CD4_Glyco_hi
B4_P4_M89_L001	CD8T
B5_P1_M89_L001	Tprolif
B5_P4_M89_L001	CD8T
B5_P5_M89_L001	CD4_Glyco_lo
B6_P1_M89_L001	CD8T
B6_P4_M89_L001	CD4_Glyco_hi
B6_P5_M89_L001	CD4_Glyco_lo
B7_P3_M89_L001	MonoMacro
B8_P1_M89_L001	MonoMacro
B8_P3_M89_L001	MonoMacro
B9_P3_M89_L001	CD4_Glyco_lo
B9_P4_M89_L001	pDC
B9_P5_M89_L001	CD4_Glyco_hi
C10_P1_M89_L001	CD8T
C10_P3_M89_L001	CD4_Glyco_hi
C10_P4_M89_L001	MonoMacro
C10_P5_M89_L001	MonoMacro
C11_P1_M89_L001	MonoMacro
C11_P4_M89_L001	MonoMacro
C11_P5_M89_L001	MonoMacro
C12_P1_M89_L001	CD8T
C12_P4_M89_L001	CD8T
C12_P5_M89_L001	CD8T
C1_P1_M89_L001	MonoMacro
C1_P3_M89_L001	MonoMacro
C1_P4_M89_L001	CD8T
C2_P1_M89_L001	CD8T
C2_P3_M89_L001	CD8T
C2_P5_M89_L001	Tprolif
C3_P1_M89_L001	Tprolif
C3_P3_M89_L001	MonoMacro
C3_P5_M89_L001	CD8T
C4_P1_M89_L001	CD4_Glyco_lo
C4_P3_M89_L001	CD8T
C4_P4_M89_L001	CD8T
C4_P5_M89_L001	CD8T
C5_P1_M89_L001	MonoMacro
C5_P3_M89_L001	CD8T
C5_P4_M89_L001	CD8T
C5_P5_M89_L001	MonoMacro
C6_P4_M89_L001	MonoMacro
C7_P3_M89_L001	CD8T
C7_P5_M89_L001	MonoMacro
C8_P1_M89_L001	CD4_Glyco_hi
C8_P3_M89_L001	CD8T
C8_P4_M89_L001	CD4_Glyco_hi
C8_P5_M89_L001	MonoMacro
C9_P1_M89_L001	CD4_Glyco_hi
C9_P5_M89_L001	CD4_Glyco_hi
D10_P3_M89_L001	CD4_Glyco_hi
D10_P4_M89_L001	MonoMacro
D11_P1_M89_L001	CD8T
D11_P3_M89_L001	MonoMacro
D11_P4_M89_L001	CD8T
D12_P3_M89_L001	CD8T
D12_P4_M89_L001	CD4_Glyco_hi
D12_P5_M89_L001	MonoMacro
D1_P1_M89_L001	CD8T
D1_P5_M89_L001	NK
D2_P1_M89_L001	CD8T
D2_P3_M89_L001	CD8T
D3_P3_M89_L001	MonoMacro
D3_P4_M89_L001	MonoMacro
D3_P5_M89_L001	CD8T
D4_P1_M89_L001	MonoMacro
D4_P4_M89_L001	CD8T
D5_P1_M89_L001	MonoMacro
D5_P3_M89_L001	MonoMacro
D5_P4_M89_L001	CD8T
D5_P5_M89_L001	NK
D6_P4_M89_L001	MonoMacro
D7_P1_M89_L001	MonoMacro
D7_P3_M89_L001	CD8T
D8_P1_M89_L001	CD4_Glyco_lo
D8_P3_M89_L001	CD4_Glyco_hi
D8_P4_M89_L001	MonoMacro
D8_P5_M89_L001	CD8T
D9_P1_M89_L001	MonoMacro
D9_P3_M89_L001	MonoMacro
D9_P4_M89_L001	pDC
D9_P5_M89_L001	CD4_Glyco_hi
E10_P1_M89_L001	MonoMacro
E10_P3_M89_L001	CD8T
E10_P5_M89_L001	CD8T
E11_P1_M89_L001	CD4_Glyco_hi
E12_P1_M89_L001	CD8T
E12_P3_M89_L001	MonoMacro
E12_P4_M89_L001	CD8T
E12_P5_M89_L001	MonoMacro
E1_P1_M89_L001	MonoMacro
E1_P5_M89_L001	CD8T
E2_P1_M89_L001	CD8T
E2_P4_M89_L001	MonoMacro
E2_P5_M89_L001	CD8T
E3_P1_M89_L001	CD4_Glyco_hi
E3_P3_M89_L001	MonoMacro
E3_P4_M89_L001	CD8T
E3_P5_M89_L001	MonoMacro
E4_P5_M89_L001	CD8T
E5_P3_M89_L001	Tprolif
E5_P4_M89_L001	Tprolif
E6_P3_M89_L001	CD4_Glyco_lo
E6_P4_M89_L001	MonoMacro
E6_P5_M89_L001	MonoMacro
E7_P1_M89_L001	CD4_Glyco_lo
E7_P3_M89_L001	MonoMacro
E7_P5_M89_L001	CD4_Glyco_hi
E8_P1_M89_L001	CD4_Glyco_lo
E8_P4_M89_L001	CD8T
E8_P5_M89_L001	CD8T
E9_P5_M89_L001	CD8T
F10_P1_M89_L001	MonoMacro
F10_P3_M89_L001	CD4_Glyco_lo
F11_P1_M89_L001	CD8T
F11_P4_M89_L001	CD4_Glyco_hi
F11_P5_M89_L001	MonoMacro
F12_P1_M89_L001	CD8T
F12_P4_M89_L001	CD8T
F12_P5_M89_L001	MonoMacro
F1_P4_M89_L001	MonoMacro
F1_P5_M89_L001	MonoMacro
F2_P3_M89_L001	CD8T
F2_P5_M89_L001	CD8T
F3_P1_M89_L001	CD8T
F3_P3_M89_L001	MonoMacro
F3_P4_M89_L001	CD4_Glyco_lo
F4_P4_M89_L001	MonoMacro
F4_P5_M89_L001	CD8T
F5_P5_M89_L001	CD4_Glyco_lo
F6_P1_M89_L001	MonoMacro
F7_P3_M89_L001	CD8T
F7_P4_M89_L001	CD4_Glyco_lo
F7_P5_M89_L001	CD8T
F8_P1_M89_L001	CD8T
F8_P3_M89_L001	MonoMacro
F8_P4_M89_L001	CD8T
F8_P5_M89_L001	CD4_Glyco_hi
F9_P1_M89_L001	Tprolif
F9_P3_M89_L001	CD8T
F9_P4_M89_L001	CD8T
F9_P5_M89_L001	CD4_Glyco_hi
G10_P3_M89_L001	CD8T
G11_P1_M89_L001	CD8T
G11_P5_M89_L001	MonoMacro
G12_P4_M89_L001	MonoMacro
G12_P5_M89_L001	CD8T
G1_P1_M89_L001	MonoMacro
G1_P3_M89_L001	CD4_Glyco_hi
G1_P5_M89_L001	Tprolif
G2_P3_M89_L001	CD4_Glyco_lo
G2_P4_M89_L001	CD8T
G2_P5_M89_L001	MonoMacro
G3_P3_M89_L001	CD8T
G3_P4_M89_L001	MonoMacro
G3_P5_M89_L001	CD4_Glyco_hi
G4_P1_M89_L001	MonoMacro
G4_P3_M89_L001	MonoMacro
G4_P4_M89_L001	MonoMacro
G4_P5_M89_L001	MonoMacro
G5_P1_M89_L001	MonoMacro
G5_P3_M89_L001	MonoMacro
G5_P4_M89_L001	CD4_Glyco_lo
G5_P5_M89_L001	CD8T
G6_P1_M89_L001	MonoMacro
G6_P3_M89_L001	CD4_Glyco_lo
G6_P4_M89_L001	CD8T
G6_P5_M89_L001	CD4_Glyco_lo
G7_P1_M89_L001	CD4_Glyco_lo
G7_P3_M89_L001	MonoMacro
G7_P4_M89_L001	MonoMacro
G7_P5_M89_L001	CD8T
G8_P1_M89_L001	CD8T
G8_P3_M89_L001	CD4_Glyco_lo
G8_P4_M89_L001	CD8T
G9_P3_M89_L001	NK
G9_P4_M89_L001	MonoMacro
H10_P1_M89_L001	CD8T
H10_P3_M89_L001	CD8T
H10_P5_M89_L001	CD4_Glyco_hi
H11_P3_M89_L001	MonoMacro
H11_P4_M89_L001	MonoMacro
H11_P5_M89_L001	MonoMacro
H12_P4_M89_L001	Tprolif
H1_P3_M89_L001	MonoMacro
H1_P4_M89_L001	CD8T
H2_P3_M89_L001	MonoMacro
H2_P4_M89_L001	NK
H2_P5_M89_L001	MonoMacro
H3_P3_M89_L001	CD8T
H4_P1_M89_L001	CD8T
H4_P5_M89_L001	CD8T
H5_P1_M89_L001	CD4_Glyco_lo
H5_P3_M89_L001	CD4_Glyco_lo
H5_P4_M89_L001	CD4_Glyco_hi
H5_P5_M89_L001	MonoMacro
H6_P3_M89_L001	CD8T
H6_P4_M89_L001	MonoMacro
H6_P5_M89_L001	CD8T
H7_P1_M89_L001	CD8T
H7_P3_M89_L001	CD8T
H7_P5_M89_L001	CD4_Glyco_hi
H8_P3_M89_L001	MonoMacro
H8_P4_M89_L001	CD8T
H9_P4_M89_L001	MonoMacro
H9_P5_M89_L001	MonoMacro
A10_P1_M90-7-31-17	MonoMacro
A10_P2_M90-7-24-17	pDC
A10_P2_M90-7-31-17	CD8T
A11_P1_M90-7-24-17	CD8T
A11_P1_M90-7-31-17	Tprolif
A11_P2_M90-7-31-17	pDC
A12_P1_M90-7-24-17	MonoMacro
A12_P2_M90-7-24-17	CD8T
A12_P2_M90-7-31-17	CD8T
A2_P1_M90-7-24-17	MonoMacro
A2_P1_M90-7-31-17	CD8T
A2_P2_M90-7-24-17	CD8T
A2_P2_M90-7-31-17	CD8T
A3_P1_M90-7-24-17	CD8T
A3_P2_M90-7-24-17	CD8T
A3_P2_M90-7-31-17	MonoMacro
A4_P1_M90-7-24-17	CD8T
A4_P2_M90-7-24-17	CD8T
A4_P2_M90-7-31-17	Tprolif
A5_P1_M90-7-24-17	NK
A5_P1_M90-7-31-17	pDC
A6_P1_M90-7-24-17	MonoMacro
A6_P1_M90-7-31-17	CD8T
A6_P2_M90-7-24-17	CD8T
A6_P2_M90-7-31-17	MonoMacro
A7_P2_M90-7-24-17	CD8T
A7_P2_M90-7-31-17	CD8T
A8_P1_M90-7-24-17	CD8T
A8_P1_M90-7-31-17	MonoMacro
A8_P2_M90-7-31-17	CD8T
A9_P1_M90-7-24-17	CD4_Glyco_hi
A9_P1_M90-7-31-17	Tprolif
A9_P2_M90-7-24-17	CD8T
A9_P2_M90-7-31-17	MonoMacro
B10_P1_M90-7-24-17	Tprolif
B10_P1_M90-7-31-17	Tprolif
B10_P2_M90-7-24-17	CD8T
B10_P2_M90-7-31-17	MonoMacro
B11_P1_M90-7-24-17	CD8T
B11_P1_M90-7-31-17	MonoMacro
B12_P1_M90-7-24-17	NK
B12_P1_M90-7-31-17	Tprolif
B12_P2_M90-7-24-17	Tprolif
B12_P2_M90-7-31-17	CD8T
B1_P1_M90-7-24-17	NK
B1_P1_M90-7-31-17	CD8T
B1_P2_M90-7-31-17	CD4_Glyco_hi
B2_P1_M90-7-24-17	MonoMacro
B2_P1_M90-7-31-17	MonoMacro
B2_P2_M90-7-24-17	CD4_Glyco_hi
B2_P2_M90-7-31-17	CD8T
B3_P1_M90-7-31-17	NK
B3_P2_M90-7-24-17	MonoMacro
B3_P2_M90-7-31-17	MonoMacro
B4_P1_M90-7-24-17	NK
B4_P2_M90-7-31-17	CD8T
B5_P1_M90-7-24-17	B
B5_P1_M90-7-31-17	MonoMacro
B5_P2_M90-7-31-17	CD8T
B6_P1_M90-7-31-17	CD8T
B6_P2_M90-7-24-17	CD8T
B6_P2_M90-7-31-17	CD4_Glyco_hi
B7_P1_M90-7-24-17	CD4_Glyco_lo
B7_P1_M90-7-31-17	CD4_Glyco_hi
B7_P2_M90-7-24-17	CD4_Glyco_lo
B7_P2_M90-7-31-17	CD4_Glyco_lo
B8_P1_M90-7-24-17	CD8T
B8_P1_M90-7-31-17	CD8T
B8_P2_M90-7-24-17	CD8T
B9_P1_M90-7-31-17	CD8T
B9_P2_M90-7-24-17	pDC
C10_P1_M90-7-31-17	CD8T
C10_P2_M90-7-24-17	MonoMacro
C10_P2_M90-7-31-17	CD8T
C11_P1_M90-7-24-17	CD8T
C11_P1_M90-7-31-17	MonoMacro
C11_P2_M90-7-31-17	CD8T
C12_P2_M90-7-31-17	CD8T
C1_P1_M90-7-24-17	pDC
C1_P2_M90-7-31-17	CD8T
C2_P1_M90-7-24-17	MonoMacro
C2_P2_M90-7-31-17	CD8T
C3_P1_M90-7-31-17	MonoMacro
C3_P2_M90-7-24-17	CD8T
C4_P1_M90-7-31-17	MonoMacro
C4_P2_M90-7-24-17	Tprolif
C4_P2_M90-7-31-17	CD8T
C5_P1_M90-7-31-17	Tprolif
C6_P1_M90-7-24-17	Tprolif
C6_P1_M90-7-31-17	CD4_Glyco_lo
C7_P1_M90-7-31-17	CD8T
C7_P2_M90-7-24-17	NK
C7_P2_M90-7-31-17	CD4_Glyco_hi
C8_P1_M90-7-24-17	CD8T
C8_P2_M90-7-24-17	CD4_Glyco_hi
C8_P2_M90-7-31-17	CD8T
C9_P1_M90-7-24-17	CD8T
C9_P1_M90-7-31-17	MonoMacro
C9_P2_M90-7-31-17	Tprolif
D10_P1_M90-7-31-17	CD8T
D10_P2_M90-7-24-17	CD8T
D11_P1_M90-7-24-17	CD4_Glyco_lo
D11_P1_M90-7-31-17	MonoMacro
D11_P2_M90-7-24-17	CD4_Glyco_hi
D11_P2_M90-7-31-17	CD8T
D12_P2_M90-7-31-17	Plasma
D1_P1_M90-7-24-17	MonoMacro
D1_P1_M90-7-31-17	MonoMacro
D1_P2_M90-7-24-17	CD8T
D1_P2_M90-7-31-17	CD8T
D2_P1_M90-7-24-17	CD8T
D2_P1_M90-7-31-17	CD8T
D3_P1_M90-7-24-17	CD4_Glyco_hi
D3_P1_M90-7-31-17	NK
D3_P2_M90-7-24-17	MonoMacro
D4_P1_M90-7-31-17	CD8T
D4_P2_M90-7-24-17	MonoMacro
D5_P1_M90-7-24-17	CD4_Glyco_lo
D5_P1_M90-7-31-17	MonoMacro
D5_P2_M90-7-24-17	MonoMacro
D6_P1_M90-7-24-17	CD8T
D6_P1_M90-7-31-17	pDC
D6_P2_M90-7-31-17	CD4_Glyco_hi
D7_P1_M90-7-24-17	CD4_Glyco_lo
D7_P1_M90-7-31-17	pDC
D8_P1_M90-7-24-17	MonoMacro
D8_P2_M90-7-24-17	CD8T
D8_P2_M90-7-31-17	MonoMacro
D9_P1_M90-7-31-17	MonoMacro
D9_P2_M90-7-24-17	CD8T
D9_P2_M90-7-31-17	CD4_Glyco_lo
E10_P1_M90-7-24-17	CD8T
E10_P1_M90-7-31-17	CD8T
E10_P2_M90-7-24-17	CD4_Glyco_lo
E10_P2_M90-7-31-17	CD8T
E11_P1_M90-7-24-17	MonoMacro
E11_P1_M90-7-31-17	CD4_Glyco_lo
E12_P1_M90-7-24-17	MonoMacro
E12_P1_M90-7-31-17	CD8T
E12_P2_M90-7-24-17	MonoMacro
E12_P2_M90-7-31-17	MonoMacro
E1_P1_M90-7-24-17	Tprolif
E1_P1_M90-7-31-17	CD4_Glyco_hi
E1_P2_M90-7-24-17	Tprolif
E2_P1_M90-7-31-17	CD8T
E2_P2_M90-7-31-17	CD8T
E3_P1_M90-7-24-17	CD4_Glyco_hi
E3_P1_M90-7-31-17	MonoMacro
E3_P2_M90-7-24-17	CD8T
E4_P1_M90-7-24-17	CD8T
E4_P2_M90-7-24-17	CD8T
E5_P1_M90-7-24-17	NK
E5_P2_M90-7-24-17	MonoMacro
E5_P2_M90-7-31-17	MonoMacro
E6_P1_M90-7-31-17	CD8T
E6_P2_M90-7-24-17	B
E6_P2_M90-7-31-17	pDC
E7_P1_M90-7-24-17	B
E7_P1_M90-7-31-17	CD8T
E7_P2_M90-7-24-17	CD4_Glyco_hi
E8_P1_M90-7-24-17	CD8T
E8_P2_M90-7-24-17	CD4_Glyco_hi
E8_P2_M90-7-31-17	MonoMacro
E9_P1_M90-7-24-17	CD8T
E9_P2_M90-7-24-17	MonoMacro
F10_P1_M90-7-24-17	CD4_Glyco_lo
F10_P1_M90-7-31-17	CD8T
F10_P2_M90-7-24-17	CD8T
F11_P1_M90-7-24-17	CD8T
F11_P1_M90-7-31-17	CD8T
F11_P2_M90-7-24-17	MonoMacro
F11_P2_M90-7-31-17	MonoMacro
F12_P1_M90-7-24-17	CD8T
F12_P1_M90-7-31-17	CD8T
F12_P2_M90-7-24-17	CD8T
F2_P1_M90-7-24-17	NK
F2_P1_M90-7-31-17	CD4_Glyco_hi
F2_P2_M90-7-24-17	B
F2_P2_M90-7-31-17	CD4_Glyco_hi
F3_P2_M90-7-24-17	CD8T
F3_P2_M90-7-31-17	CD8T
F4_P1_M90-7-31-17	CD8T
F4_P2_M90-7-24-17	CD8T
F5_P1_M90-7-24-17	CD8T
F5_P1_M90-7-31-17	CD8T
F5_P2_M90-7-24-17	CD8T
F5_P2_M90-7-31-17	MonoMacro
F6_P1_M90-7-24-17	CD8T
F6_P2_M90-7-24-17	CD8T
F7_P1_M90-7-24-17	CD4_Glyco_lo
F7_P1_M90-7-31-17	pDC
F8_P1_M90-7-31-17	CD4_Glyco_lo
F8_P2_M90-7-24-17	CD4_Glyco_lo
F8_P2_M90-7-31-17	MonoMacro
F9_P1_M90-7-24-17	MonoMacro
F9_P1_M90-7-31-17	CD8T
F9_P2_M90-7-24-17	NK
F9_P2_M90-7-31-17	pDC
G10_P1_M90-7-31-17	CD4_Glyco_hi
G10_P2_M90-7-24-17	MonoMacro
G11_P1_M90-7-24-17	MonoMacro
G11_P1_M90-7-31-17	CD8T
G11_P2_M90-7-24-17	MonoMacro
G11_P2_M90-7-31-17	Tprolif
G12_P1_M90-7-24-17	CD8T
G12_P1_M90-7-31-17	CD8T
G12_P2_M90-7-24-17	CD4_Glyco_lo
G12_P2_M90-7-31-17	NK
G1_P1_M90-7-24-17	CD8T
G1_P2_M90-7-24-17	CD4_Glyco_hi
G1_P2_M90-7-31-17	CD4_Glyco_lo
G2_P1_M90-7-24-17	pDC
G2_P2_M90-7-24-17	MonoMacro
G2_P2_M90-7-31-17	MonoMacro
G3_P1_M90-7-24-17	MonoMacro
G3_P1_M90-7-31-17	CD8T
G3_P2_M90-7-24-17	CD8T
G4_P1_M90-7-24-17	CD8T
G4_P1_M90-7-31-17	CD8T
G4_P2_M90-7-24-17	CD8T
G5_P1_M90-7-31-17	MonoMacro
G5_P2_M90-7-24-17	CD4_Glyco_lo
G5_P2_M90-7-31-17	CD4_Glyco_hi
G6_P1_M90-7-24-17	CD8T
G6_P1_M90-7-31-17	NK
G6_P2_M90-7-24-17	MonoMacro
G7_P1_M90-7-24-17	MonoMacro
G7_P1_M90-7-31-17	MonoMacro
G7_P2_M90-7-24-17	MonoMacro
G7_P2_M90-7-31-17	CD4_Glyco_lo
G8_P1_M90-7-24-17	Tprolif
G8_P1_M90-7-31-17	MonoMacro
G8_P2_M90-7-24-17	CD8T
G8_P2_M90-7-31-17	MonoMacro
G9_P1_M90-7-24-17	CD4_Glyco_lo
G9_P1_M90-7-31-17	MonoMacro
G9_P2_M90-7-24-17	CD8T
G9_P2_M90-7-31-17	CD8T
H10_P1_M90-7-24-17	NK
H10_P1_M90-7-31-17	CD4_Glyco_hi
H10_P2_M90-7-24-17	CD4_Glyco_lo
H11_P2_M90-7-31-17	CD8T
H12_P1_M90-7-24-17	CD8T
H12_P1_M90-7-31-17	CD8T
H12_P2_M90-7-31-17	CD8T
H1_P1_M90-7-24-17	MonoMacro
H1_P1_M90-7-31-17	CD8T
H1_P2_M90-7-24-17	CD4_Glyco_lo
H2_P1_M90-7-24-17	Tprolif
H2_P1_M90-7-31-17	CD8T
H2_P2_M90-7-24-17	Tprolif
H2_P2_M90-7-31-17	CD8T
H3_P1_M90-7-24-17	CD8T
H3_P2_M90-7-24-17	Tprolif
H4_P1_M90-7-31-17	CD4_Glyco_lo
H4_P2_M90-7-24-17	CD8T
H4_P2_M90-7-31-17	CD8T
H5_P2_M90-7-24-17	CD4_Glyco_hi
H5_P2_M90-7-31-17	pDC
H6_P2_M90-7-24-17	CD4_Glyco_hi
H7_P1_M90-7-31-17	NK
H8_P2_M90-7-24-17	CD8T
H9_P1_M90-7-24-17	Tprolif
H9_P2_M90-7-24-17	CD8T
H9_P2_M90-7-31-17	CD8T
A3_P7_MMD9_L001_myeloid_enriched	B
A5_P7_MMD9_L001_myeloid_enriched	B
A8_P7_MMD9_L001_myeloid_enriched	B
B10_P7_MMD9_L001_myeloid_enriched	Plasma
B12_P7_MMD9_L001_myeloid_enriched	B
B1_P7_MMD9_L001_myeloid_enriched	Plasma
B3_P7_MMD9_L001_myeloid_enriched	Plasma
B4_P7_MMD9_L001_myeloid_enriched	B
B5_P7_MMD9_L001_myeloid_enriched	Plasma
B6_P7_MMD9_L001_myeloid_enriched	Plasma
B8_P7_MMD9_L001_myeloid_enriched	B
B9_P7_MMD9_L001_myeloid_enriched	B
C10_P7_MMD9_L001_myeloid_enriched	B
C12_P7_MMD9_L001_myeloid_enriched	B
C2_P7_MMD9_L001_myeloid_enriched	CD4_Glyco_lo
C5_P7_MMD9_L001_myeloid_enriched	B
D10_P7_MMD9_L001_myeloid_enriched	B
E10_P7_MMD9_L001_myeloid_enriched	Plasma
E12_P7_MMD9_L001_myeloid_enriched	Plasma
E2_P7_MMD9_L001_myeloid_enriched	B
E3_P7_MMD9_L001_myeloid_enriched	MonoMacro
E4_P7_MMD9_L001_myeloid_enriched	B
E5_P7_MMD9_L001_myeloid_enriched	B
E7_P7_MMD9_L001_myeloid_enriched	B
F10_P7_MMD9_L001_myeloid_enriched	Plasma
F11_P7_MMD9_L001_myeloid_enriched	Plasma
F3_P7_MMD9_L001_myeloid_enriched	CD4_Glyco_hi
F4_P7_MMD9_L001_myeloid_enriched	Plasma
F5_P7_MMD9_L001_myeloid_enriched	Plasma
F8_P7_MMD9_L001_myeloid_enriched	Plasma
G10_P7_MMD9_L001_myeloid_enriched	B
G12_P7_MMD9_L001_myeloid_enriched	B
G2_P7_MMD9_L001_myeloid_enriched	B
G3_P7_MMD9_L001_myeloid_enriched	B
G4_P7_MMD9_L001_myeloid_enriched	Plasma
G5_P7_MMD9_L001_myeloid_enriched	B
G8_P7_MMD9_L001_myeloid_enriched	B
H10_P7_MMD9_L001_myeloid_enriched	Plasma
H12_P7_MMD9_L001_myeloid_enriched	Plasma
H3_P7_MMD9_L001_myeloid_enriched	Plasma
H7_P7_MMD9_L001_myeloid_enriched	B
H8_P7_MMD9_L001_myeloid_enriched	Plasma
A10_P7_MMD7_L001_myeloid_enriched	B
A11_P7_MMD7_L001_myeloid_enriched	B
A2_P7_MMD7_L001_myeloid_enriched	NK
A4_P7_MMD7_L001_myeloid_enriched	NK
A5_P7_MMD7_L001_myeloid_enriched	MonoMacro
A6_P7_MMD7_L001_myeloid_enriched	NK
A7_P7_MMD7_L001_myeloid_enriched	NK
A9_P7_MMD7_L001_myeloid_enriched	Plasma
B10_P7_MMD7_L001_myeloid_enriched	B
B11_P7_MMD7_L001_myeloid_enriched	B
B12_P7_MMD7_L001_myeloid_enriched	B
B1_P7_MMD7_L001_myeloid_enriched	pDC
B2_P7_MMD7_L001_myeloid_enriched	NK
B3_P7_MMD7_L001_myeloid_enriched	B
B4_P7_MMD7_L001_myeloid_enriched	B
B6_P7_MMD7_L001_myeloid_enriched	B
B7_P7_MMD7_L001_myeloid_enriched	pDC
B8_P7_MMD7_L001_myeloid_enriched	NK
B9_P7_MMD7_L001_myeloid_enriched	CD4_Glyco_lo
C10_P7_MMD7_L001_myeloid_enriched	B
C1_P7_MMD7_L001_myeloid_enriched	B
C2_P7_MMD7_L001_myeloid_enriched	NK
C3_P7_MMD7_L001_myeloid_enriched	B
C6_P7_MMD7_L001_myeloid_enriched	B
C7_P7_MMD7_L001_myeloid_enriched	NK
C8_P7_MMD7_L001_myeloid_enriched	B
C9_P7_MMD7_L001_myeloid_enriched	B
D11_P7_MMD7_L001_myeloid_enriched	B
D12_P7_MMD7_L001_myeloid_enriched	NK
D1_P7_MMD7_L001_myeloid_enriched	B
D2_P7_MMD7_L001_myeloid_enriched	MonoMacro
D5_P7_MMD7_L001_myeloid_enriched	NK
D6_P7_MMD7_L001_myeloid_enriched	B
D7_P7_MMD7_L001_myeloid_enriched	B
D8_P7_MMD7_L001_myeloid_enriched	B
D9_P7_MMD7_L001_myeloid_enriched	pDC
E10_P7_MMD7_L001_myeloid_enriched	B
E11_P7_MMD7_L001_myeloid_enriched	B
E12_P7_MMD7_L001_myeloid_enriched	B
E1_P7_MMD7_L001_myeloid_enriched	B
E2_P7_MMD7_L001_myeloid_enriched	B
E4_P7_MMD7_L001_myeloid_enriched	MonoMacro
E5_P7_MMD7_L001_myeloid_enriched	B
E6_P7_MMD7_L001_myeloid_enriched	B
E7_P7_MMD7_L001_myeloid_enriched	B
E8_P7_MMD7_L001_myeloid_enriched	B
E9_P7_MMD7_L001_myeloid_enriched	B
F12_P7_MMD7_L001_myeloid_enriched	NK
F3_P7_MMD7_L001_myeloid_enriched	B
F6_P7_MMD7_L001_myeloid_enriched	B
F9_P7_MMD7_L001_myeloid_enriched	B
G11_P7_MMD7_L001_myeloid_enriched	B
G12_P7_MMD7_L001_myeloid_enriched	pDC
G1_P7_MMD7_L001_myeloid_enriched	B
G2_P7_MMD7_L001_myeloid_enriched	B
G5_P7_MMD7_L001_myeloid_enriched	MonoMacro
G8_P7_MMD7_L001_myeloid_enriched	pDC
G9_P7_MMD7_L001_myeloid_enriched	MonoMacro
H10_P7_MMD7_L001_myeloid_enriched	B
H11_P7_MMD7_L001_myeloid_enriched	MonoMacro
H12_P7_MMD7_L001_myeloid_enriched	B
H1_P7_MMD7_L001_myeloid_enriched	NK
H2_P7_MMD7_L001_myeloid_enriched	B
H4_P7_MMD7_L001_myeloid_enriched	B
H5_P7_MMD7_L001_myeloid_enriched	B
H6_P7_MMD7_L001_myeloid_enriched	B
H7_P7_MMD7_L001_myeloid_enriched	pDC
H8_P7_MMD7_L001_myeloid_enriched	B
H9_P7_MMD7_L001_myeloid_enriched	B
A10_P1_M39_T_enriched	Tprolif
A12_P1_M39_T_enriched	CD4_Glyco_lo
A3_P1_M39_T_enriched	Tprolif
A4_P1_M39_T_enriched	Tprolif
A7_P1_M39_T_enriched	Tprolif
B10_P1_M39_T_enriched	CD4_Glyco_lo
B11_P1_M39_T_enriched	Tprolif
B3_P1_M39_T_enriched	Tprolif
B4_P1_M39_T_enriched	CD4_Glyco_lo
B5_P1_M39_T_enriched	Tprolif
B9_P1_M39_T_enriched	Tprolif
C1_P1_M39_T_enriched	Tprolif
C2_P1_M39_T_enriched	CD4_Glyco_hi
C3_P1_M39_T_enriched	Tprolif
C4_P1_M39_T_enriched	Tprolif
C7_P1_M39_T_enriched	Tprolif
D11_P1_M39_T_enriched	Tprolif
D12_P1_M39_T_enriched	Tprolif
D1_P1_M39_T_enriched	B
D2_P1_M39_T_enriched	CD8T
D4_P1_M39_T_enriched	Tprolif
D5_P1_M39_T_enriched	Tprolif
E10_P1_M39_T_enriched	Tprolif
E11_P1_M39_T_enriched	B
E3_P1_M39_T_enriched	Tprolif
E4_P1_M39_T_enriched	Tprolif
E5_P1_M39_T_enriched	Tprolif
E8_P1_M39_T_enriched	Tprolif
E9_P1_M39_T_enriched	Tprolif
F11_P1_M39_T_enriched	Tprolif
F5_P1_M39_T_enriched	Tprolif
F9_P1_M39_T_enriched	Tprolif
G10_P1_M39_T_enriched	Tprolif
G3_P1_M39_T_enriched	Tprolif
G4_P1_M39_T_enriched	Tprolif
G8_P1_M39_T_enriched	Tprolif
H10_P1_M39_T_enriched	CD4_Glyco_lo
H11_P1_M39_T_enriched	NK
H1_P1_M39_T_enriched	Tprolif
H3_P1_M39_T_enriched	Tprolif
H5_P1_M39_T_enriched	NK
H6_P1_M39_T_enriched	Tprolif
A10_P7_M47_T_enriched	CD4_Glyco_hi
A10_P8_M47_T_enriched	Tprolif
A10_P9_M47_T_enriched	CD4_Glyco_lo
A11_P7_M47_T_enriched	Tprolif
A12_P7_M47_T_enriched	B
A12_P9_M47_T_enriched	CD4_Glyco_lo
A1_P9_M47_T_enriched	CD8T
A2_P7_M47_T_enriched	Tprolif
A3_P9_M47_T_enriched	Tprolif
A4_P7_M47_T_enriched	Tprolif
A4_P8_M47_T_enriched	Tprolif
A5_P7_M47_T_enriched	Tprolif
A6_P7_M47_T_enriched	CD8T
A6_P8_M47_T_enriched	Tprolif
A6_P9_M47_T_enriched	Tprolif
A7_P7_M47_T_enriched	Tprolif
A7_P9_M47_T_enriched	Tprolif
A8_P7_M47_T_enriched	CD8T
A8_P8_M47_T_enriched	Tprolif
A8_P9_M47_T_enriched	CD4_Glyco_hi
A9_P7_M47_T_enriched	Tprolif
A9_P9_M47_T_enriched	Tprolif
B10_P7_M47_T_enriched	CD4_Glyco_hi
B10_P8_M47_T_enriched	Tprolif
B10_P9_M47_T_enriched	Tprolif
B12_P7_M47_T_enriched	Tprolif
B2_P7_M47_T_enriched	CD4_Glyco_lo
B2_P9_M47_T_enriched	Tprolif
B3_P7_M47_T_enriched	CD8T
B4_P7_M47_T_enriched	CD4_Glyco_hi
B4_P8_M47_T_enriched	B
B5_P7_M47_T_enriched	CD8T
B5_P8_M47_T_enriched	Tprolif
B6_P7_M47_T_enriched	Tprolif
B7_P7_M47_T_enriched	CD8T
B7_P8_M47_T_enriched	CD8T
B9_P7_M47_T_enriched	CD8T
C10_P7_M47_T_enriched	Tprolif
C10_P8_M47_T_enriched	B
C11_P7_M47_T_enriched	Tprolif
C11_P9_M47_T_enriched	Tprolif
C12_P8_M47_T_enriched	CD8T
C1_P8_M47_T_enriched	CD4_Glyco_lo
C1_P9_M47_T_enriched	MonoMacro
C2_P7_M47_T_enriched	CD8T
C2_P8_M47_T_enriched	B
C3_P7_M47_T_enriched	Tprolif
C3_P8_M47_T_enriched	CD8T
C4_P7_M47_T_enriched	Tprolif
C4_P8_M47_T_enriched	CD4_Glyco_lo
C4_P9_M47_T_enriched	CD8T
C5_P8_M47_T_enriched	CD8T
C6_P8_M47_T_enriched	Tprolif
C6_P9_M47_T_enriched	Tprolif
C7_P7_M47_T_enriched	Tprolif
C7_P9_M47_T_enriched	CD4_Glyco_lo
C8_P8_M47_T_enriched	CD4_Glyco_hi
C8_P9_M47_T_enriched	Tprolif
C9_P7_M47_T_enriched	CD4_Glyco_lo
C9_P8_M47_T_enriched	Tprolif
D10_P7_M47_T_enriched	Tprolif
D10_P8_M47_T_enriched	CD4_Glyco_hi
D12_P7_M47_T_enriched	B
D12_P8_M47_T_enriched	Tprolif
D1_P7_M47_T_enriched	Tprolif
D1_P9_M47_T_enriched	Tprolif
D2_P7_M47_T_enriched	CD4_Glyco_hi
D3_P7_M47_T_enriched	Tprolif
D3_P9_M47_T_enriched	CD4_Glyco_lo
D4_P7_M47_T_enriched	Tprolif
D4_P9_M47_T_enriched	Tprolif
D5_P8_M47_T_enriched	Tprolif
D6_P8_M47_T_enriched	Tprolif
D7_P7_M47_T_enriched	Tprolif
D7_P9_M47_T_enriched	Tprolif
D8_P7_M47_T_enriched	CD8T
D9_P7_M47_T_enriched	Tprolif
D9_P9_M47_T_enriched	Tprolif
E10_P8_M47_T_enriched	CD4_Glyco_hi
E11_P7_M47_T_enriched	CD8T
E11_P8_M47_T_enriched	CD4_Glyco_lo
E11_P9_M47_T_enriched	Tprolif
E12_P7_M47_T_enriched	Tprolif
E12_P8_M47_T_enriched	Tprolif
E12_P9_M47_T_enriched	Tprolif
E1_P8_M47_T_enriched	Tprolif
E1_P9_M47_T_enriched	CD4_Glyco_hi
E2_P8_M47_T_enriched	CD4_Glyco_lo
E3_P7_M47_T_enriched	Tprolif
E3_P9_M47_T_enriched	Tprolif
E4_P7_M47_T_enriched	B
E4_P8_M47_T_enriched	Tprolif
E5_P7_M47_T_enriched	CD4_Glyco_hi
E5_P8_M47_T_enriched	Plasma
E5_P9_M47_T_enriched	Tprolif
E6_P9_M47_T_enriched	CD8T
E7_P7_M47_T_enriched	Tprolif
E7_P8_M47_T_enriched	CD4_Glyco_lo
E8_P7_M47_T_enriched	Tprolif
E9_P7_M47_T_enriched	Tprolif
E9_P8_M47_T_enriched	Tprolif
E9_P9_M47_T_enriched	Tprolif
F10_P8_M47_T_enriched	Tprolif
F11_P7_M47_T_enriched	Tprolif
F11_P8_M47_T_enriched	Tprolif
F11_P9_M47_T_enriched	CD8T
F12_P7_M47_T_enriched	CD8T
F12_P9_M47_T_enriched	Tprolif
F1_P8_M47_T_enriched	Tprolif
F2_P7_M47_T_enriched	Tprolif
F2_P9_M47_T_enriched	CD4_Glyco_lo
F3_P7_M47_T_enriched	Tprolif
F4_P7_M47_T_enriched	Tprolif
F4_P9_M47_T_enriched	CD8T
F5_P8_M47_T_enriched	Tprolif
F5_P9_M47_T_enriched	Tprolif
F6_P9_M47_T_enriched	Tprolif
F7_P7_M47_T_enriched	Tprolif
F8_P8_M47_T_enriched	Tprolif
F9_P7_M47_T_enriched	CD4_Glyco_hi
F9_P8_M47_T_enriched	Tprolif
F9_P9_M47_T_enriched	CD4_Glyco_lo
G10_P7_M47_T_enriched	CD8T
G10_P8_M47_T_enriched	Tprolif
G10_P9_M47_T_enriched	Tprolif
G12_P7_M47_T_enriched	Tprolif
G12_P8_M47_T_enriched	Tprolif
G1_P8_M47_T_enriched	Tprolif
G2_P9_M47_T_enriched	Tprolif
G3_P9_M47_T_enriched	Tprolif
G4_P7_M47_T_enriched	Tprolif
G5_P7_M47_T_enriched	Tprolif
G5_P8_M47_T_enriched	CD4_Glyco_lo
G6_P8_M47_T_enriched	Tprolif
G6_P9_M47_T_enriched	Tprolif
G7_P7_M47_T_enriched	CD4_Glyco_lo
G7_P9_M47_T_enriched	CD4_Glyco_lo
G8_P7_M47_T_enriched	Tprolif
G8_P8_M47_T_enriched	Tprolif
G8_P9_M47_T_enriched	Tprolif
G9_P7_M47_T_enriched	Tprolif
G9_P9_M47_T_enriched	CD8T
H10_P8_M47_T_enriched	B
H11_P8_M47_T_enriched	CD4_Glyco_hi
H12_P7_M47_T_enriched	Tprolif
H12_P8_M47_T_enriched	CD8T
H1_P7_M47_T_enriched	CD4_Glyco_hi
H1_P8_M47_T_enriched	Tprolif
H2_P7_M47_T_enriched	Tprolif
H2_P9_M47_T_enriched	Tprolif
H3_P7_M47_T_enriched	Tprolif
H3_P9_M47_T_enriched	Tprolif
H4_P7_M47_T_enriched	Tprolif
H4_P8_M47_T_enriched	B
H5_P7_M47_T_enriched	Tprolif
H5_P8_M47_T_enriched	Tprolif
H5_P9_M47_T_enriched	CD4_Glyco_hi
H6_P7_M47_T_enriched	Tprolif
H7_P8_M47_T_enriched	CD8T
H8_P7_M47_T_enriched	Tprolif
H8_P8_M47_T_enriched	CD8T
H8_P9_M47_T_enriched	Tprolif
H9_P7_M47_T_enriched	CD4_Glyco_lo
H9_P9_M47_T_enriched	CD8T
A10_P12_MMD2-36B_T_enriched	Plasma
A11_P12_MMD2-36B_T_enriched	Tprolif
A12_P12_MMD2-36B_T_enriched	Tprolif
A2_P12_MMD2-36B_T_enriched	CD4_Glyco_lo
A3_P12_MMD2-36B_T_enriched	Tprolif
A4_P12_MMD2-36B_T_enriched	Tprolif
A5_P12_MMD2-36B_T_enriched	Tprolif
A7_P12_MMD2-36B_T_enriched	Tprolif
A8_P12_MMD2-36B_T_enriched	CD8T
B10_P12_MMD2-36B_T_enriched	Tprolif
B11_P12_MMD2-36B_T_enriched	CD8T
B12_P12_MMD2-36B_T_enriched	CD8T
B2_P12_MMD2-36B_T_enriched	CD4_Glyco_lo
B3_P12_MMD2-36B_T_enriched	Tprolif
B4_P12_MMD2-36B_T_enriched	Tprolif
B5_P12_MMD2-36B_T_enriched	Tprolif
B6_P12_MMD2-36B_T_enriched	Tprolif
B7_P12_MMD2-36B_T_enriched	Tprolif
B8_P12_MMD2-36B_T_enriched	CD8T
B9_P12_MMD2-36B_T_enriched	CD4_Glyco_hi
C10_P12_MMD2-36B_T_enriched	CD8T
C11_P12_MMD2-36B_T_enriched	Tprolif
C12_P12_MMD2-36B_T_enriched	Tprolif
C2_P12_MMD2-36B_T_enriched	Tprolif
C3_P12_MMD2-36B_T_enriched	Tprolif
C4_P12_MMD2-36B_T_enriched	Tprolif
C5_P12_MMD2-36B_T_enriched	Tprolif
C6_P12_MMD2-36B_T_enriched	Tprolif
C7_P12_MMD2-36B_T_enriched	Tprolif
C8_P12_MMD2-36B_T_enriched	Tprolif
C9_P12_MMD2-36B_T_enriched	CD4_Glyco_lo
D10_P12_MMD2-36B_T_enriched	Tprolif
D11_P12_MMD2-36B_T_enriched	Tprolif
D12_P12_MMD2-36B_T_enriched	Tprolif
D1_P12_MMD2-36B_T_enriched	NK
D2_P12_MMD2-36B_T_enriched	Tprolif
D3_P12_MMD2-36B_T_enriched	Tprolif
D7_P12_MMD2-36B_T_enriched	Tprolif
D8_P12_MMD2-36B_T_enriched	Tprolif
E10_P12_MMD2-36B_T_enriched	Tprolif
E11_P12_MMD2-36B_T_enriched	Tprolif
E12_P12_MMD2-36B_T_enriched	Tprolif
E1_P12_MMD2-36B_T_enriched	Tprolif
E2_P12_MMD2-36B_T_enriched	Tprolif
E3_P12_MMD2-36B_T_enriched	Tprolif
E4_P12_MMD2-36B_T_enriched	Tprolif
E5_P12_MMD2-36B_T_enriched	CD8T
E6_P12_MMD2-36B_T_enriched	Tprolif
E7_P12_MMD2-36B_T_enriched	Tprolif
E8_P12_MMD2-36B_T_enriched	Tprolif
F10_P12_MMD2-36B_T_enriched	Tprolif
F11_P12_MMD2-36B_T_enriched	Tprolif
F12_P12_MMD2-36B_T_enriched	NK
F1_P12_MMD2-36B_T_enriched	Tprolif
F2_P12_MMD2-36B_T_enriched	Tprolif
F3_P12_MMD2-36B_T_enriched	Tprolif
F4_P12_MMD2-36B_T_enriched	Tprolif
F5_P12_MMD2-36B_T_enriched	Tprolif
F7_P12_MMD2-36B_T_enriched	Tprolif
F8_P12_MMD2-36B_T_enriched	Tprolif
F9_P12_MMD2-36B_T_enriched	CD4_Glyco_lo
G11_P12_MMD2-36B_T_enriched	Tprolif
G12_P12_MMD2-36B_T_enriched	Tprolif
G1_P12_MMD2-36B_T_enriched	Tprolif
G2_P12_MMD2-36B_T_enriched	Tprolif
G4_P12_MMD2-36B_T_enriched	Tprolif
G5_P12_MMD2-36B_T_enriched	Tprolif
G6_P12_MMD2-36B_T_enriched	Tprolif
G7_P12_MMD2-36B_T_enriched	Tprolif
G8_P12_MMD2-36B_T_enriched	Tprolif
H10_P12_MMD2-36B_T_enriched	CD8T
H11_P12_MMD2-36B_T_enriched	NK
H12_P12_MMD2-36B_T_enriched	Tprolif
H1_P12_MMD2-36B_T_enriched	CD8T
H2_P12_MMD2-36B_T_enriched	Tprolif
H3_P12_MMD2-36B_T_enriched	Tprolif
H4_P12_MMD2-36B_T_enriched	Tprolif
H6_P12_MMD2-36B_T_enriched	Tprolif
H8_P12_MMD2-36B_T_enriched	Tprolif
H9_P12_MMD2-36B_T_enriched	Tprolif
A10_P7_M74_T_enriched	Tprolif
A11_P6_M74_T_enriched	Tprolif
A11_P7_M74_T_enriched	CD8T
A12_P7_M74_T_enriched	Tprolif
A2_P6_M74_T_enriched	Tprolif
A2_P7_M74_T_enriched	Tprolif
A3_P7_M74_T_enriched	Tprolif
A4_P6_M74_T_enriched	Tprolif
A4_P7_M74_T_enriched	Tprolif
A5_P6_M74_T_enriched	Tprolif
A5_P7_M74_T_enriched	Tprolif
A6_P6_M74_T_enriched	Tprolif
A6_P7_M74_T_enriched	Tprolif
A8_P6_M74_T_enriched	Tprolif
A8_P7_M74_T_enriched	Tprolif
A9_P6_M74_T_enriched	CD8T
B10_P6_M74_T_enriched	Tprolif
B10_P7_M74_T_enriched	Tprolif
B11_P7_M74_T_enriched	Tprolif
B12_P6_M74_T_enriched	Tprolif
B12_P7_M74_T_enriched	Tprolif
B1_P6_M74_T_enriched	Tprolif
B1_P7_M74_T_enriched	Tprolif
B2_P7_M74_T_enriched	Tprolif
B3_P6_M74_T_enriched	Tprolif
B3_P7_M74_T_enriched	Tprolif
B4_P6_M74_T_enriched	Tprolif
B5_P6_M74_T_enriched	CD4_Glyco_lo
B6_P6_M74_T_enriched	Tprolif
B6_P7_M74_T_enriched	Tprolif
B7_P6_M74_T_enriched	Tprolif
B7_P7_M74_T_enriched	Tprolif
B8_P6_M74_T_enriched	Tprolif
B8_P7_M74_T_enriched	Tprolif
B9_P7_M74_T_enriched	CD8T
C10_P6_M74_T_enriched	Tprolif
C10_P7_M74_T_enriched	Tprolif
C11_P6_M74_T_enriched	Tprolif
C11_P7_M74_T_enriched	Tprolif
C12_P6_M74_T_enriched	Tprolif
C12_P7_M74_T_enriched	Tprolif
C1_P6_M74_T_enriched	Tprolif
C1_P7_M74_T_enriched	CD8T
C2_P6_M74_T_enriched	Tprolif
C2_P7_M74_T_enriched	Tprolif
C3_P6_M74_T_enriched	Tprolif
C3_P7_M74_T_enriched	Tprolif
C4_P6_M74_T_enriched	Tprolif
C4_P7_M74_T_enriched	Tprolif
C5_P6_M74_T_enriched	Tprolif
C5_P7_M74_T_enriched	Tprolif
C6_P7_M74_T_enriched	CD8T
C7_P6_M74_T_enriched	Tprolif
C7_P7_M74_T_enriched	Tprolif
C8_P6_M74_T_enriched	Tprolif
C9_P6_M74_T_enriched	Tprolif
D10_P6_M74_T_enriched	Tprolif
D10_P7_M74_T_enriched	Tprolif
D11_P6_M74_T_enriched	Tprolif
D11_P7_M74_T_enriched	Tprolif
D12_P6_M74_T_enriched	Tprolif
D12_P7_M74_T_enriched	Tprolif
D1_P7_M74_T_enriched	Tprolif
D2_P6_M74_T_enriched	CD8T
D3_P6_M74_T_enriched	Tprolif
D3_P7_M74_T_enriched	CD4_Glyco_lo
D4_P6_M74_T_enriched	Tprolif
D4_P7_M74_T_enriched	Tprolif
D5_P6_M74_T_enriched	Tprolif
D5_P7_M74_T_enriched	Tprolif
D6_P6_M74_T_enriched	Tprolif
D7_P6_M74_T_enriched	Tprolif
D7_P7_M74_T_enriched	Tprolif
D8_P6_M74_T_enriched	Tprolif
D8_P7_M74_T_enriched	Tprolif
D9_P6_M74_T_enriched	Tprolif
D9_P7_M74_T_enriched	Tprolif
E10_P6_M74_T_enriched	Tprolif
E10_P7_M74_T_enriched	Tprolif
E11_P6_M74_T_enriched	Tprolif
E12_P6_M74_T_enriched	Tprolif
E12_P7_M74_T_enriched	Tprolif
E1_P7_M74_T_enriched	Tprolif
E2_P6_M74_T_enriched	Tprolif
E3_P6_M74_T_enriched	Tprolif
E3_P7_M74_T_enriched	Tprolif
E4_P6_M74_T_enriched	Tprolif
E4_P7_M74_T_enriched	Tprolif
E5_P6_M74_T_enriched	Tprolif
E5_P7_M74_T_enriched	Tprolif
E6_P6_M74_T_enriched	Tprolif
E6_P7_M74_T_enriched	Tprolif
E7_P6_M74_T_enriched	CD8T
E8_P7_M74_T_enriched	Tprolif
E9_P7_M74_T_enriched	CD8T
F10_P6_M74_T_enriched	Tprolif
F10_P7_M74_T_enriched	Tprolif
F11_P6_M74_T_enriched	Tprolif
F11_P7_M74_T_enriched	Tprolif
F12_P6_M74_T_enriched	Tprolif
F12_P7_M74_T_enriched	Tprolif
F1_P6_M74_T_enriched	Tprolif
F1_P7_M74_T_enriched	Tprolif
F2_P7_M74_T_enriched	Tprolif
F3_P6_M74_T_enriched	CD8T
F3_P7_M74_T_enriched	Tprolif
F4_P6_M74_T_enriched	Tprolif
F4_P7_M74_T_enriched	Tprolif
F5_P6_M74_T_enriched	Tprolif
F5_P7_M74_T_enriched	Tprolif
F6_P6_M74_T_enriched	Tprolif
F7_P6_M74_T_enriched	Tprolif
F7_P7_M74_T_enriched	CD8T
F8_P6_M74_T_enriched	Tprolif
F8_P7_M74_T_enriched	CD4_Glyco_lo
F9_P7_M74_T_enriched	Tprolif
G10_P6_M74_T_enriched	Tprolif
G11_P7_M74_T_enriched	Tprolif
G12_P6_M74_T_enriched	Tprolif
G12_P7_M74_T_enriched	Tprolif
G1_P6_M74_T_enriched	Tprolif
G1_P7_M74_T_enriched	Tprolif
G2_P7_M74_T_enriched	CD4_Glyco_lo
G3_P7_M74_T_enriched	Tprolif
G4_P6_M74_T_enriched	Tprolif
G4_P7_M74_T_enriched	Tprolif
G5_P6_M74_T_enriched	Tprolif
G5_P7_M74_T_enriched	Tprolif
G6_P6_M74_T_enriched	CD8T
G6_P7_M74_T_enriched	Tprolif
G7_P6_M74_T_enriched	CD8T
G7_P7_M74_T_enriched	Tprolif
G8_P6_M74_T_enriched	Tprolif
G8_P7_M74_T_enriched	Tprolif
G9_P6_M74_T_enriched	Tprolif
G9_P7_M74_T_enriched	Tprolif
H10_P6_M74_T_enriched	Tprolif
H11_P6_M74_T_enriched	Tprolif
H11_P7_M74_T_enriched	Tprolif
H12_P6_M74_T_enriched	Tprolif
H12_P7_M74_T_enriched	Tprolif
H1_P6_M74_T_enriched	Tprolif
H1_P7_M74_T_enriched	Tprolif
H2_P7_M74_T_enriched	CD8T
H3_P6_M74_T_enriched	Tprolif
H3_P7_M74_T_enriched	Tprolif
H4_P6_M74_T_enriched	CD4_Glyco_lo
H4_P7_M74_T_enriched	Tprolif
H5_P6_M74_T_enriched	Tprolif
H5_P7_M74_T_enriched	CD8T
H6_P7_M74_T_enriched	Tprolif
H7_P6_M74_T_enriched	CD8T
H7_P7_M74_T_enriched	CD4_Glyco_hi
H8_P6_M74_T_enriched	Tprolif
H8_P7_M74_T_enriched	Tprolif
H9_P6_M74_T_enriched	CD8T
H9_P7_M74_T_enriched	CD4_Glyco_hi
A10_P8_MMD5_T_enriched	Tprolif
A11_P8_MMD5_T_enriched	Tprolif
A12_P8_MMD5_T_enriched	CD8T
A2_P8_MMD5_T_enriched	Tprolif
A3_P8_MMD5_T_enriched	CD4_Glyco_lo
A4_P8_MMD5_T_enriched	CD8T
A5_P8_MMD5_T_enriched	Tprolif
A6_P8_MMD5_T_enriched	Tprolif
A8_P8_MMD5_T_enriched	Tprolif
A9_P8_MMD5_T_enriched	Tprolif
B10_P8_MMD5_T_enriched	Tprolif
B11_P8_MMD5_T_enriched	Tprolif
B12_P8_MMD5_T_enriched	Tprolif
B1_P8_MMD5_T_enriched	Tprolif
B2_P8_MMD5_T_enriched	Tprolif
B3_P8_MMD5_T_enriched	Tprolif
B4_P8_MMD5_T_enriched	Tprolif
B7_P8_MMD5_T_enriched	Tprolif
B8_P8_MMD5_T_enriched	Tprolif
B9_P8_MMD5_T_enriched	Tprolif
C10_P8_MMD5_T_enriched	Tprolif
C12_P8_MMD5_T_enriched	Tprolif
C2_P8_MMD5_T_enriched	Tprolif
C3_P8_MMD5_T_enriched	Tprolif
C5_P8_MMD5_T_enriched	Tprolif
C6_P8_MMD5_T_enriched	Tprolif
C7_P8_MMD5_T_enriched	Tprolif
C8_P8_MMD5_T_enriched	Tprolif
C9_P8_MMD5_T_enriched	Tprolif
D11_P8_MMD5_T_enriched	CD4_Glyco_hi
D12_P8_MMD5_T_enriched	Tprolif
D1_P8_MMD5_T_enriched	Tprolif
D5_P8_MMD5_T_enriched	Tprolif
D6_P8_MMD5_T_enriched	Tprolif
D9_P8_MMD5_T_enriched	Tprolif
E10_P8_MMD5_T_enriched	Tprolif
E12_P8_MMD5_T_enriched	Tprolif
E1_P8_MMD5_T_enriched	Tprolif
E5_P8_MMD5_T_enriched	Tprolif
E6_P8_MMD5_T_enriched	CD4_Glyco_lo
E8_P8_MMD5_T_enriched	Tprolif
E9_P8_MMD5_T_enriched	Tprolif
F10_P8_MMD5_T_enriched	Tprolif
F11_P8_MMD5_T_enriched	Tprolif
F12_P8_MMD5_T_enriched	CD8T
F1_P8_MMD5_T_enriched	Tprolif
F2_P8_MMD5_T_enriched	Tprolif
F3_P8_MMD5_T_enriched	Tprolif
F5_P8_MMD5_T_enriched	Tprolif
F6_P8_MMD5_T_enriched	Tprolif
F7_P8_MMD5_T_enriched	Tprolif
G10_P8_MMD5_T_enriched	Tprolif
G11_P8_MMD5_T_enriched	Tprolif
G12_P8_MMD5_T_enriched	Tprolif
G1_P8_MMD5_T_enriched	Tprolif
G2_P8_MMD5_T_enriched	Tprolif
G3_P8_MMD5_T_enriched	Tprolif
G4_P8_MMD5_T_enriched	Tprolif
G6_P8_MMD5_T_enriched	Tprolif
G8_P8_MMD5_T_enriched	CD8T
G9_P8_MMD5_T_enriched	CD8T
H11_P8_MMD5_T_enriched	Tprolif
H12_P8_MMD5_T_enriched	CD8T
H1_P8_MMD5_T_enriched	Tprolif
H2_P8_MMD5_T_enriched	Tprolif
H3_P8_MMD5_T_enriched	Tprolif
H4_P8_MMD5_T_enriched	Tprolif
H5_P8_MMD5_T_enriched	Tprolif
H6_P8_MMD5_T_enriched	Tprolif
H7_P8_MMD5_T_enriched	Tprolif
H8_P8_MMD5_T_enriched	Tprolif
H9_P8_MMD5_T_enriched	Tprolif
A10_P6_MMD8_L001_T_enriched	Tprolif
A3_P6_MMD8_L001_T_enriched	Tprolif
A4_P6_MMD8_L001_T_enriched	Tprolif
A5_P6_MMD8_L001_T_enriched	CD4_Glyco_hi
A6_P6_MMD8_L001_T_enriched	Tprolif
A7_P6_MMD8_L001_T_enriched	Tprolif
A8_P6_MMD8_L001_T_enriched	Tprolif
A9_P6_MMD8_L001_T_enriched	Tprolif
B10_P6_MMD8_L001_T_enriched	Tprolif
B12_P6_MMD8_L001_T_enriched	Tprolif
B1_P6_MMD8_L001_T_enriched	CD8T
B3_P6_MMD8_L001_T_enriched	Tprolif
B4_P6_MMD8_L001_T_enriched	Tprolif
B6_P6_MMD8_L001_T_enriched	Tprolif
B7_P6_MMD8_L001_T_enriched	CD8T
B8_P6_MMD8_L001_T_enriched	Tprolif
C10_P6_MMD8_L001_T_enriched	Tprolif
C11_P6_MMD8_L001_T_enriched	Tprolif
C12_P6_MMD8_L001_T_enriched	CD8T
C1_P6_MMD8_L001_T_enriched	Tprolif
C2_P6_MMD8_L001_T_enriched	CD8T
C3_P6_MMD8_L001_T_enriched	Tprolif
C4_P6_MMD8_L001_T_enriched	Tprolif
C5_P6_MMD8_L001_T_enriched	Tprolif
C6_P6_MMD8_L001_T_enriched	Tprolif
C7_P6_MMD8_L001_T_enriched	Tprolif
C9_P6_MMD8_L001_T_enriched	Tprolif
D11_P6_MMD8_L001_T_enriched	Tprolif
D12_P6_MMD8_L001_T_enriched	Tprolif
D2_P6_MMD8_L001_T_enriched	Tprolif
D3_P6_MMD8_L001_T_enriched	CD8T
D4_P6_MMD8_L001_T_enriched	CD4_Glyco_lo
D5_P6_MMD8_L001_T_enriched	CD8T
D6_P6_MMD8_L001_T_enriched	CD8T
D7_P6_MMD8_L001_T_enriched	Tprolif
D9_P6_MMD8_L001_T_enriched	CD8T
E10_P6_MMD8_L001_T_enriched	CD8T
E11_P6_MMD8_L001_T_enriched	CD8T
E1_P6_MMD8_L001_T_enriched	CD4_Glyco_lo
E2_P6_MMD8_L001_T_enriched	CD8T
E3_P6_MMD8_L001_T_enriched	CD8T
E4_P6_MMD8_L001_T_enriched	Tprolif
E6_P6_MMD8_L001_T_enriched	Tprolif
E7_P6_MMD8_L001_T_enriched	Tprolif
E9_P6_MMD8_L001_T_enriched	Tprolif
F10_P6_MMD8_L001_T_enriched	Tprolif
F11_P6_MMD8_L001_T_enriched	CD4_Glyco_lo
F12_P6_MMD8_L001_T_enriched	Tprolif
F1_P6_MMD8_L001_T_enriched	B
F2_P6_MMD8_L001_T_enriched	Tprolif
F3_P6_MMD8_L001_T_enriched	Tprolif
F4_P6_MMD8_L001_T_enriched	Tprolif
F5_P6_MMD8_L001_T_enriched	CD8T
F6_P6_MMD8_L001_T_enriched	Tprolif
F8_P6_MMD8_L001_T_enriched	Tprolif
F9_P6_MMD8_L001_T_enriched	CD8T
G10_P6_MMD8_L001_T_enriched	Tprolif
G11_P6_MMD8_L001_T_enriched	Tprolif
G12_P6_MMD8_L001_T_enriched	Tprolif
G2_P6_MMD8_L001_T_enriched	Tprolif
G3_P6_MMD8_L001_T_enriched	CD4_Glyco_hi
G5_P6_MMD8_L001_T_enriched	Tprolif
G7_P6_MMD8_L001_T_enriched	Tprolif
G8_P6_MMD8_L001_T_enriched	Tprolif
G9_P6_MMD8_L001_T_enriched	Tprolif
H10_P6_MMD8_L001_T_enriched	CD8T
H12_P6_MMD8_L001_T_enriched	Tprolif
H2_P6_MMD8_L001_T_enriched	Tprolif
H3_P6_MMD8_L001_T_enriched	Tprolif
H4_P6_MMD8_L001_T_enriched	Tprolif
H5_P6_MMD8_L001_T_enriched	CD8T
H6_P6_MMD8_L001_T_enriched	Tprolif
H7_P6_MMD8_L001_T_enriched	Tprolif
H8_P6_MMD8_L001_T_enriched	Tprolif
H9_P6_MMD8_L001_T_enriched	Tprolif
A10_P5_M67_L001_T_enriched	Tprolif
A11_P5_M67_L001_T_enriched	Tprolif
A12_P5_M67_L001_T_enriched	Tprolif
A3_P5_M67_L001_T_enriched	Tprolif
A4_P5_M67_L001_T_enriched	Tprolif
A5_P5_M67_L001_T_enriched	Tprolif
A7_P5_M67_L001_T_enriched	Tprolif
A9_P5_M67_L001_T_enriched	Tprolif
B11_P5_M67_L001_T_enriched	Tprolif
B12_P5_M67_L001_T_enriched	Tprolif
B1_P5_M67_L001_T_enriched	Tprolif
B2_P5_M67_L001_T_enriched	Tprolif
B3_P5_M67_L001_T_enriched	Tprolif
B4_P5_M67_L001_T_enriched	Tprolif
B5_P5_M67_L001_T_enriched	Tprolif
B7_P5_M67_L001_T_enriched	Tprolif
B8_P5_M67_L001_T_enriched	Tprolif
B9_P5_M67_L001_T_enriched	Tprolif
C10_P5_M67_L001_T_enriched	CD4_Glyco_lo
C11_P5_M67_L001_T_enriched	Tprolif
C1_P5_M67_L001_T_enriched	Tprolif
C2_P5_M67_L001_T_enriched	Tprolif
C3_P5_M67_L001_T_enriched	Tprolif
C4_P5_M67_L001_T_enriched	Tprolif
C5_P5_M67_L001_T_enriched	Tprolif
C6_P5_M67_L001_T_enriched	Tprolif
C7_P5_M67_L001_T_enriched	Tprolif
C8_P5_M67_L001_T_enriched	Tprolif
C9_P5_M67_L001_T_enriched	CD8T
D10_P5_M67_L001_T_enriched	Tprolif
D12_P5_M67_L001_T_enriched	Tprolif
D1_P5_M67_L001_T_enriched	Tprolif
D2_P5_M67_L001_T_enriched	Tprolif
D3_P5_M67_L001_T_enriched	Tprolif
D5_P5_M67_L001_T_enriched	Tprolif
D6_P5_M67_L001_T_enriched	Tprolif
D7_P5_M67_L001_T_enriched	Tprolif
D8_P5_M67_L001_T_enriched	Tprolif
E10_P5_M67_L001_T_enriched	Tprolif
E11_P5_M67_L001_T_enriched	Tprolif
E12_P5_M67_L001_T_enriched	CD4_Glyco_hi
E1_P5_M67_L001_T_enriched	Tprolif
E2_P5_M67_L001_T_enriched	Tprolif
E3_P5_M67_L001_T_enriched	Tprolif
E5_P5_M67_L001_T_enriched	Tprolif
E6_P5_M67_L001_T_enriched	Tprolif
E7_P5_M67_L001_T_enriched	Tprolif
E9_P5_M67_L001_T_enriched	Tprolif
F10_P5_M67_L001_T_enriched	Tprolif
F11_P5_M67_L001_T_enriched	Tprolif
F12_P5_M67_L001_T_enriched	Tprolif
F1_P5_M67_L001_T_enriched	Tprolif
F2_P5_M67_L001_T_enriched	Tprolif
F3_P5_M67_L001_T_enriched	Tprolif
F5_P5_M67_L001_T_enriched	Tprolif
F6_P5_M67_L001_T_enriched	Tprolif
F7_P5_M67_L001_T_enriched	Tprolif
F8_P5_M67_L001_T_enriched	Tprolif
F9_P5_M67_L001_T_enriched	Tprolif
G10_P5_M67_L001_T_enriched	Tprolif
G11_P5_M67_L001_T_enriched	Tprolif
G12_P5_M67_L001_T_enriched	CD4_Glyco_lo
G1_P5_M67_L001_T_enriched	Tprolif
G2_P5_M67_L001_T_enriched	Tprolif
G3_P5_M67_L001_T_enriched	Tprolif
G4_P5_M67_L001_T_enriched	Tprolif
G5_P5_M67_L001_T_enriched	CD4_Glyco_lo
G6_P5_M67_L001_T_enriched	Tprolif
G7_P5_M67_L001_T_enriched	Tprolif
G8_P5_M67_L001_T_enriched	Tprolif
G9_P5_M67_L001_T_enriched	Tprolif
H10_P5_M67_L001_T_enriched	Tprolif
H11_P5_M67_L001_T_enriched	Tprolif
H12_P5_M67_L001_T_enriched	Tprolif
H1_P5_M67_L001_T_enriched	Tprolif
H2_P5_M67_L001_T_enriched	Tprolif
H3_P5_M67_L001_T_enriched	Tprolif
H4_P5_M67_L001_T_enriched	Tprolif
H5_P5_M67_L001_T_enriched	Tprolif
H6_P5_M67_L001_T_enriched	Tprolif
H7_P5_M67_L001_T_enriched	Tprolif
