direction	partner	pathway	n_LR	raw_sum_hi	raw_sum_lo	raw_delta_sum	raw_mean_hi	raw_mean_lo	raw_delta_mean	n_sig_hi	n_sig_lo	threshold_sum_hi	threshold_sum_lo	threshold_delta	threshold_effect	raw_relative_pct	netP_hi	netP_lo	netP_delta	error_hi	error_lo
Incoming_partner_to_CD4	B	ACTIVIN	20	0	0	0	0	0	0	0	0	0	0	0	0						
Incoming_partner_to_CD4	B	ADIPONECTIN	2	0	0	0	0	0	0	0	0	0	0	0	0						
Incoming_partner_to_CD4	B	ADM	6	0	0	0	0	0	0	0	0	0	0	0	0						
Incoming_partner_to_CD4	B	AGRN	1	0	0	0	0	0	0	0	0	0	0	0	0						
Incoming_partner_to_CD4	B	AGT	3	0	0	0	0	0	0	0	0	0	0	0	0						
Incoming_partner_to_CD4	B	AMH	2	0	0	0	0	0	0	0	0	0	0	0	0						
Incoming_partner_to_CD4	B	ANGPT	2	0	0	0	0	0	0	0	0	0	0	0	0						
Incoming_partner_to_CD4	B	ANGPTL	15	0	0	0	0	0	0	0	0	0	0	0	0						
Incoming_partner_to_CD4	B	ANNEXIN	6	0	0	0	0	0	0	0	0	0	0	0	0		0	0	0	0	0
Incoming_partner_to_CD4	B	APP	4	0	0	0	0	0	0	0	0	0	0	0	0		0	0	0	0	0
Incoming_partner_to_CD4	B	APRIL	2	0	0	0	0	0	0	0	0	0	0	0	0		0	0	0	0	0
Incoming_partner_to_CD4	B	ApoA	4	0	0	0	0	0	0	0	0	0	0	0	0						
Incoming_partner_to_CD4	B	ApoB	2	0	0	0	0	0	0	0	0	0	0	0	0						
Incoming_partner_to_CD4	B	ApoE	1	0	0	0	0	0	0	0	0	0	0	0	0						
Incoming_partner_to_CD4	B	BAFF	3	0	0	0	0	0	0	0	0	0	0	0	0		0	0	0	0	0
Incoming_partner_to_CD4	B	BAG	1	0	0	0	0	0	0	0	0	0	0	0	0						
Incoming_partner_to_CD4	B	BMP	75	0	0	0	0	0	0	0	0	0	0	0	0						
Incoming_partner_to_CD4	B	BMP10	4	0	0	0	0	0	0	0	0	0	0	0	0						
Incoming_partner_to_CD4	B	BRADYKININ	2	0	0	0	0	0	0	0	0	0	0	0	0						
Incoming_partner_to_CD4	B	BSP	2	0	0	0	0	0	0	0	0	0	0	0	0						
Incoming_partner_to_CD4	B	BTLA	1	0.0074105353524183	0.00746301024267642	-5.24748902581166e-05	0.0074105353524183	0.00746301024267642	-5.24748902581166e-05	1	1	0.0074105353524183	0.00746301024267642	-5.24748902581166e-05	0	-0.705613734433609	0.0074105353524183	0.00746301024267642	-5.24748902581166e-05	0	0
Incoming_partner_to_CD4	B	CADM	6	0	0	0	0	0	0	0	0	0	0	0	0		0	0	0	0	0
Incoming_partner_to_CD4	B	CALC	12	0	0	0	0	0	0	0	0	0	0	0	0						
Incoming_partner_to_CD4	B	CALCR	8	0	0	0	0	0	0	0	0	0	0	0	0		0	0	0	0	0
Incoming_partner_to_CD4	B	CCL	55	0	0	0	0	0	0	0	0	0	0	0	0		0	0	0	0	0
Incoming_partner_to_CD4	B	CD137	1	0	0	0	0	0	0	0	0	0	0	0	0		0	0	0	0	0
Incoming_partner_to_CD4	B	CD160	1	0	0	0	0	0	0	0	0	0	0	0	0						
Incoming_partner_to_CD4	B	CD200	1	0	0	0	0	0	0	0	0	0	0	0	0						
Incoming_partner_to_CD4	B	CD23	4	0	0	0	0	0	0	0	0	0	0	0	0		0	0	0	0	0
Incoming_partner_to_CD4	B	CD276	1	0	0	0	0	0	0	0	0	0	0	0	0						
Incoming_partner_to_CD4	B	CD30	1	0	0	0	0	0	0	0	0	0	0	0	0						
Incoming_partner_to_CD4	B	CD34	1	0	0	0	0	0	0	0	0	0	0	0	0						
Incoming_partner_to_CD4	B	CD39	4	0.00106790949914256	0	0.00106790949914256	0.000266977374785639	0	0.000266977374785639	1	0	0.00106790949914256	0	0.00106790949914256	0	200	0.00106790949914256	0	0.00106790949914256	0	0
Incoming_partner_to_CD4	B	CD40	4	0	0	0	0	0	0	0	0	0	0	0	0						
Incoming_partner_to_CD4	B	CD45	2	0	0	0	0	0	0	0	0	0	0	0	0		0	0	0	0	0
Incoming_partner_to_CD4	B	CD46	1	0	0	0	0	0	0	0	0	0	0	0	0						
Incoming_partner_to_CD4	B	CD48	1	0	0	0	0	0	0	0	0	0	0	0	0		0	0	0	0	0
Incoming_partner_to_CD4	B	CD6	1	0	0	0	0	0	0	0	0	0	0	0	0		0	0	0	0	0
Incoming_partner_to_CD4	B	CD70	1	0	0	0	0	0	0	0	0	0	0	0	0						
Incoming_partner_to_CD4	B	CD80	3	0	0	0	0	0	0	0	0	0	0	0	0						
Incoming_partner_to_CD4	B	CD86	2	0	0	0	0	0	0	0	0	0	0	0	0		0	0	0	0	0
Incoming_partner_to_CD4	B	CD96	1	0	0	0	0	0	0	0	0	0	0	0	0						
Incoming_partner_to_CD4	B	CD99	4	0.0640784187756734	0.0659143820343901	-0.00183596325871667	0.0160196046939184	0.0164785955085975	-0.000458990814679166	0	0	0	0	0	0.00183596325871667	-2.82471528773235	0	0	0	0	0
Incoming_partner_to_CD4	B	CDH	4	0	0	0	0	0	0	0	0	0	0	0	0		0	0	0	0	0
Incoming_partner_to_CD4	B	CDH1	3	0	0	0	0	0	0	0	0	0	0	0	0		0	0	0	0	0
Incoming_partner_to_CD4	B	CEACAM	7	0	0	0	0	0	0	0	0	0	0	0	0						
Incoming_partner_to_CD4	B	CHAD	1	0	0	0	0	0	0	0	0	0	0	0	0						
Incoming_partner_to_CD4	B	CHEMERIN	2	0	0	0	0	0	0	0	0	0	0	0	0						
Incoming_partner_to_CD4	B	CLDN	4	0	0	0	0	0	0	0	0	0	0	0	0						
Incoming_partner_to_CD4	B	CLEC	6	0	0	0	0	0	0	0	0	0	0	0	0		0	0	0	0	0
Incoming_partner_to_CD4	B	CNTN	7	0	0	0	0	0	0	0	0	0	0	0	0						
Incoming_partner_to_CD4	B	COLLAGEN	187	0	0	0	0	0	0	0	0	0	0	0	0						
Incoming_partner_to_CD4	B	COMPLEMENT	7	0	0	0	0	0	0	0	0	0	0	0	0		0	0	0	0	0
Incoming_partner_to_CD4	B	CRH	1	0	0	0	0	0	0	0	0	0	0	0	0						
Incoming_partner_to_CD4	B	CSF	2	0	0	0	0	0	0	0	0	0	0	0	0						
Incoming_partner_to_CD4	B	CSF3	1	0	0	0	0	0	0	0	0	0	0	0	0						
Incoming_partner_to_CD4	B	CSPG4	1	0	0	0	0	0	0	0	0	0	0	0	0						
Incoming_partner_to_CD4	B	CTSG	1	0	0	0	0	0	0	0	0	0	0	0	0						
Incoming_partner_to_CD4	B	CX3C	1	0	0	0	0	0	0	0	0	0	0	0	0						
Incoming_partner_to_CD4	B	CXCL	22	0	0	0	0	0	0	0	0	0	0	0	0		0	0	0	0	0
Incoming_partner_to_CD4	B	CypA	1	0.0924194073842325	0.0892902978817766	0.0031291095024559	0.0924194073842325	0.0892902978817766	0.0031291095024559	0	0	0	0	0	-0.0031291095024559	3.44407526045472	0	0	0	0	0
Incoming_partner_to_CD4	B	DESMOSOME	11	0	0	0	0	0	0	0	0	0	0	0	0						
Incoming_partner_to_CD4	B	DMP1	1	0	0	0	0	0	0	0	0	0	0	0	0						
Incoming_partner_to_CD4	B	DSPP	2	0	0	0	0	0	0	0	0	0	0	0	0						
Incoming_partner_to_CD4	B	EDN	5	0	0	0	0	0	0	0	0	0	0	0	0						
Incoming_partner_to_CD4	B	EGF	18	0	0	0	0	0	0	0	0	0	0	0	0						
Incoming_partner_to_CD4	B	ENHO	1	0	0	0	0	0	0	0	0	0	0	0	0						
Incoming_partner_to_CD4	B	EPGN	1	0	0	0	0	0	0	0	0	0	0	0	0						
Incoming_partner_to_CD4	B	EPHA	32	0	0	0	0	0	0	0	0	0	0	0	0						
Incoming_partner_to_CD4	B	EPHB	16	0	0	0	0	0	0	0	0	0	0	0	0						
Incoming_partner_to_CD4	B	EPO	1	0	0	0	0	0	0	0	0	0	0	0	0						
Incoming_partner_to_CD4	B	ESAM	1	0	0	0	0	0	0	0	0	0	0	0	0						
Incoming_partner_to_CD4	B	FASLG	1	0	0	0	0	0	0	0	0	0	0	0	0		0	0	0	0	0
Incoming_partner_to_CD4	B	FGF	46	0	0	0	0	0	0	0	0	0	0	0	0						
Incoming_partner_to_CD4	B	FLRT	1	0	0	0	0	0	0	0	0	0	0	0	0						
Incoming_partner_to_CD4	B	FLT3	1	0	0	0	0	0	0	0	0	0	0	0	0						
Incoming_partner_to_CD4	B	FN1	13	0	0	0	0	0	0	0	0	0	0	0	0						
Incoming_partner_to_CD4	B	FSH	2	0	0	0	0	0	0	0	0	0	0	0	0						
Incoming_partner_to_CD4	B	GALANIN	6	0	0	0	0	0	0	0	0	0	0	0	0						
Incoming_partner_to_CD4	B	GALECTIN	5	0.204620013639386	0.207505771642955	-0.00288575800356904	0.0409240027278772	0.041501154328591	-0.000577151600713809	3	4	0.191535257617858	0.207505771642955	-0.0159705140250969	-0.0130847560215278	-1.40042584406217	0.191535257617858	0.207505771642955	-0.0159705140250969	0	0
Incoming_partner_to_CD4	B	GAP	4	0	0	0	0	0	0	0	0	0	0	0	0						
Incoming_partner_to_CD4	B	GAS	3	0	0	0	0	0	0	0	0	0	0	0	0		0	0	0	0	0
Incoming_partner_to_CD4	B	GCG	3	0	0	0	0	0	0	0	0	0	0	0	0						
Incoming_partner_to_CD4	B	GDF	6	0	0	0	0	0	0	0	0	0	0	0	0						
Incoming_partner_to_CD4	B	GDNF	5	0	0	0	0	0	0	0	0	0	0	0	0						
Incoming_partner_to_CD4	B	GH	2	0	0	0	0	0	0	0	0	0	0	0	0						
Incoming_partner_to_CD4	B	GHRELIN	1	0	0	0	0	0	0	0	0	0	0	0	0						
Incoming_partner_to_CD4	B	GHRH	4	0	0	0	0	0	0	0	0	0	0	0	0						
Incoming_partner_to_CD4	B	GIPR	1	0	0	0	0	0	0	0	0	0	0	0	0						
Incoming_partner_to_CD4	B	GITRL	1	0	0	0	0	0	0	0	0	0	0	0	0						
Incoming_partner_to_CD4	B	GNRH	1	0	0	0	0	0	0	0	0	0	0	0	0						
Incoming_partner_to_CD4	B	GP1BA	1	0	0	0	0	0	0	0	0	0	0	0	0						
Incoming_partner_to_CD4	B	GPR	2	0	0	0	0	0	0	0	0	0	0	0	0						
Incoming_partner_to_CD4	B	GRN	1	0	0	0	0	0	0	0	0	0	0	0	0		0	0	0	0	0
Incoming_partner_to_CD4	B	GRP	1	0	0	0	0	0	0	0	0	0	0	0	0						
Incoming_partner_to_CD4	B	GUCA	2	0	0	0	0	0	0	0	0	0	0	0	0						
Incoming_partner_to_CD4	B	HCRT	1	0	0	0	0	0	0	0	0	0	0	0	0						
Incoming_partner_to_CD4	B	HGF	1	0	0	0	0	0	0	0	0	0	0	0	0						
Incoming_partner_to_CD4	B	HH	6	0	0	0	0	0	0	0	0	0	0	0	0						
Incoming_partner_to_CD4	B	HSPG	1	0	0	0	0	0	0	0	0	0	0	0	0						
Incoming_partner_to_CD4	B	IAPP	6	0	0	0	0	0	0	0	0	0	0	0	0						
Incoming_partner_to_CD4	B	ICAM	8	0	0	0	0	0	0	0	0	0	0	0	0		0	0	0	0	0
Incoming_partner_to_CD4	B	ICOS	3	0	0	0	0	0	0	0	0	0	0	0	0		0	0	0	0	0
Incoming_partner_to_CD4	B	IFN-I	17	0	0	0	0	0	0	0	0	0	0	0	0						
Incoming_partner_to_CD4	B	IFN-II	1	0	0	0	0	0	0	0	0	0	0	0	0		0	0	0	0	0
Incoming_partner_to_CD4	B	IGF	8	0	0	0	0	0	0	0	0	0	0	0	0						
Incoming_partner_to_CD4	B	IGFBP	1	0	0	0	0	0	0	0	0	0	0	0	0						
Incoming_partner_to_CD4	B	IL1	10	0	0	0	0	0	0	0	0	0	0	0	0						
Incoming_partner_to_CD4	B	IL10	8	0	0	0	0	0	0	0	0	0	0	0	0						
Incoming_partner_to_CD4	B	IL12	3	0	0	0	0	0	0	0	0	0	0	0	0						
Incoming_partner_to_CD4	B	IL16	1	0.0456555904706983	0	0.0456555904706983	0.0456555904706983	0	0.0456555904706983	1	0	0.0456555904706983	0	0.0456555904706983	0	200	0.0456555904706983	0	0.0456555904706983	0	0
Incoming_partner_to_CD4	B	IL17	6	0	0	0	0	0	0	0	0	0	0	0	0						
Incoming_partner_to_CD4	B	IL2	8	0	0	0	0	0	0	0	0	0	0	0	0						
Incoming_partner_to_CD4	B	IL4	10	0	0	0	0	0	0	0	0	0	0	0	0						
Incoming_partner_to_CD4	B	IL6	3	0	0	0	0	0	0	0	0	0	0	0	0						
Incoming_partner_to_CD4	B	INSULIN	1	0	0	0	0	0	0	0	0	0	0	0	0						
Incoming_partner_to_CD4	B	JAM	10	0	0	0	0	0	0	0	0	0	0	0	0		0	0	0	0	0
Incoming_partner_to_CD4	B	KIT	1	0	0	0	0	0	0	0	0	0	0	0	0						
Incoming_partner_to_CD4	B	KLK	12	0	0	0	0	0	0	0	0	0	0	0	0						
Incoming_partner_to_CD4	B	L1CAM	3	0	0	0	0	0	0	0	0	0	0	0	0						
Incoming_partner_to_CD4	B	LAIR1	1	0	0	0	0	0	0	0	0	0	0	0	0		0	0	0	0	0
Incoming_partner_to_CD4	B	LAMININ	139	0	0	0	0	0	0	0	0	0	0	0	0		0	0	0	0	0
Incoming_partner_to_CD4	B	LCK	1	0	0	0	0	0	0	0	0	0	0	0	0		0	0	0	0	0
Incoming_partner_to_CD4	B	LEP	1	0	0	0	0	0	0	0	0	0	0	0	0						
Incoming_partner_to_CD4	B	LIFR	4	0	0	0	0	0	0	0	0	0	0	0	0						
Incoming_partner_to_CD4	B	LIGHT	2	0	0	0	0	0	0	0	0	0	0	0	0						
Incoming_partner_to_CD4	B	LT	4	0	0	0	0	0	0	0	0	0	0	0	0						
Incoming_partner_to_CD4	B	MADCAM	1	0	0	0	0	0	0	0	0	0	0	0	0						
Incoming_partner_to_CD4	B	MELANOCORTIN	5	0	0	0	0	0	0	0	0	0	0	0	0						
Incoming_partner_to_CD4	B	MHC-I	41	1.29451041536503	2.35242441274894	-1.05791399738391	0.0315734247650007	0.0573762051889986	-0.0258027804239979	0	9	0	2.00758844628149	-2.00758844628149	-0.949674448897573	-58.0166110580604	0	2.00758844628149	-2.00758844628149	0	0
Incoming_partner_to_CD4	B	MHC-II	12	1.05883843002559	0	1.05883843002559	0.0882365358354661	0	0.0882365358354661	12	0	1.05883843002559	0	1.05883843002559	0	200	1.05883843002559	0	1.05883843002559	0	0
Incoming_partner_to_CD4	B	MIF	4	0.219368618304583	0.217494119255353	0.00187449904923052	0.0548421545761458	0.0543735298138381	0.000468624762307631	0	0	0	0	0	-0.00187449904923052	0.858163852426691	0	0	0	0	0
Incoming_partner_to_CD4	B	MK	9	0	0	0	0	0	0	0	0	0	0	0	0						
Incoming_partner_to_CD4	B	MMP	1	0	0	0	0	0	0	0	0	0	0	0	0						
Incoming_partner_to_CD4	B	MPZ	3	0	0	0	0	0	0	0	0	0	0	0	0		0	0	0	0	0
Incoming_partner_to_CD4	B	MSTN	4	0	0	0	0	0	0	0	0	0	0	0	0						
Incoming_partner_to_CD4	B	NCAM	5	0	0	0	0	0	0	0	0	0	0	0	0		0	0	0	0	0
Incoming_partner_to_CD4	B	NEGR	1	0	0	0	0	0	0	0	0	0	0	0	0						
Incoming_partner_to_CD4	B	NGF	2	0	0	0	0	0	0	0	0	0	0	0	0						
Incoming_partner_to_CD4	B	NGL	3	0	0	0	0	0	0	0	0	0	0	0	0						
Incoming_partner_to_CD4	B	NMU	2	0	0	0	0	0	0	0	0	0	0	0	0						
Incoming_partner_to_CD4	B	NODAL	12	0	0	0	0	0	0	0	0	0	0	0	0						
Incoming_partner_to_CD4	B	NOTCH	24	0	0	0	0	0	0	0	0	0	0	0	0						
Incoming_partner_to_CD4	B	NPFF	2	0	0	0	0	0	0	0	0	0	0	0	0						
Incoming_partner_to_CD4	B	NPNT	2	0	0	0	0	0	0	0	0	0	0	0	0						
Incoming_partner_to_CD4	B	NPR1	1	0	0	0	0	0	0	0	0	0	0	0	0						
Incoming_partner_to_CD4	B	NPR2	1	0	0	0	0	0	0	0	0	0	0	0	0						
Incoming_partner_to_CD4	B	NPVF	1	0	0	0	0	0	0	0	0	0	0	0	0						
Incoming_partner_to_CD4	B	NPW-B	2	0	0	0	0	0	0	0	0	0	0	0	0						
Incoming_partner_to_CD4	B	NPY	16	0	0	0	0	0	0	0	0	0	0	0	0						
Incoming_partner_to_CD4	B	NRG	13	0	0	0	0	0	0	0	0	0	0	0	0						
Incoming_partner_to_CD4	B	NRXN	24	0	0	0	0	0	0	0	0	0	0	0	0						
Incoming_partner_to_CD4	B	NT	9	0	0	0	0	0	0	0	0	0	0	0	0						
Incoming_partner_to_CD4	B	NTS	3	0	0	0	0	0	0	0	0	0	0	0	0						
Incoming_partner_to_CD4	B	Netrin	8	0	0	0	0	0	0	0	0	0	0	0	0						
Incoming_partner_to_CD4	B	OPIOID	12	0	0	0	0	0	0	0	0	0	0	0	0						
Incoming_partner_to_CD4	B	OSM	2	0	0	0	0	0	0	0	0	0	0	0	0						
Incoming_partner_to_CD4	B	OX40	1	0	0	0	0	0	0	0	0	0	0	0	0						
Incoming_partner_to_CD4	B	OXT	1	0	0	0	0	0	0	0	0	0	0	0	0						
Incoming_partner_to_CD4	B	PARs	29	0	0	0	0	0	0	0	0	0	0	0	0		0	0	0	0	0
Incoming_partner_to_CD4	B	PCDH	27	0	0	0	0	0	0	0	0	0	0	0	0						
Incoming_partner_to_CD4	B	PD-L1	1	0	0	0	0	0	0	0	0	0	0	0	0						
Incoming_partner_to_CD4	B	PDGF	6	0	0	0	0	0	0	0	0	0	0	0	0						
Incoming_partner_to_CD4	B	PDL2	1	0	0	0	0	0	0	0	0	0	0	0	0						
Incoming_partner_to_CD4	B	PERIOSTIN	2	0	0	0	0	0	0	0	0	0	0	0	0						
Incoming_partner_to_CD4	B	PLAU	1	0	0	0	0	0	0	0	0	0	0	0	0						
Incoming_partner_to_CD4	B	PMCH	2	0	0	0	0	0	0	0	0	0	0	0	0						
Incoming_partner_to_CD4	B	PRL	1	0	0	0	0	0	0	0	0	0	0	0	0						
Incoming_partner_to_CD4	B	PROC	1	0	0	0	0	0	0	0	0	0	0	0	0						
Incoming_partner_to_CD4	B	PROCR	2	0	0	0	0	0	0	0	0	0	0	0	0						
Incoming_partner_to_CD4	B	PROK	4	0	0	0	0	0	0	0	0	0	0	0	0						
Incoming_partner_to_CD4	B	PROS	3	0	0	0	0	0	0	0	0	0	0	0	0						
Incoming_partner_to_CD4	B	PSAP	2	0	0	0	0	0	0	0	0	0	0	0	0						
Incoming_partner_to_CD4	B	PTH	3	0	0	0	0	0	0	0	0	0	0	0	0						
Incoming_partner_to_CD4	B	PTN	8	0	0	0	0	0	0	0	0	0	0	0	0						
Incoming_partner_to_CD4	B	PTPR	11	0	0	0	0	0	0	0	0	0	0	0	0						
Incoming_partner_to_CD4	B	PTPRM	1	0	0	0	0	0	0	0	0	0	0	0	0						
Incoming_partner_to_CD4	B	PVR	2	0	0	0	0	0	0	0	0	0	0	0	0						
Incoming_partner_to_CD4	B	QRFP	1	0	0	0	0	0	0	0	0	0	0	0	0						
Incoming_partner_to_CD4	B	RANKL	2	0	0	0	0	0	0	0	0	0	0	0	0						
Incoming_partner_to_CD4	B	RBP4	1	0	0	0	0	0	0	0	0	0	0	0	0						
Incoming_partner_to_CD4	B	RELN	3	0	0	0	0	0	0	0	0	0	0	0	0						
Incoming_partner_to_CD4	B	RESISTIN	2	0	0	0	0	0	0	0	0	0	0	0	0						
Incoming_partner_to_CD4	B	RLN	16	0	0	0	0	0	0	0	0	0	0	0	0						
Incoming_partner_to_CD4	B	SAA	1	0	0	0	0	0	0	0	0	0	0	0	0						
Incoming_partner_to_CD4	B	SCT	1	0	0	0	0	0	0	0	0	0	0	0	0						
Incoming_partner_to_CD4	B	SELE	2	0	0	0	0	0	0	0	0	0	0	0	0						
Incoming_partner_to_CD4	B	SELL	4	0	0	0	0	0	0	0	0	0	0	0	0						
Incoming_partner_to_CD4	B	SELPLG	3	0	0	0	0	0	0	0	0	0	0	0	0		0	0	0	0	0
Incoming_partner_to_CD4	B	SEMA3	39	0	0	0	0	0	0	0	0	0	0	0	0		0	0	0	0	0
Incoming_partner_to_CD4	B	SEMA4	13	0	0	0	0	0	0	0	0	0	0	0	0		0	0	0	0	0
Incoming_partner_to_CD4	B	SEMA5	5	0	0	0	0	0	0	0	0	0	0	0	0						
Incoming_partner_to_CD4	B	SEMA6	7	0	0	0	0	0	0	0	0	0	0	0	0						
Incoming_partner_to_CD4	B	SEMA7	2	0	0	0	0	0	0	0	0	0	0	0	0		0	0	0	0	0
Incoming_partner_to_CD4	B	SIRP	1	0	0	0	0	0	0	0	0	0	0	0	0		0	0	0	0	0
Incoming_partner_to_CD4	B	SLIT	3	0	0	0	0	0	0	0	0	0	0	0	0						
Incoming_partner_to_CD4	B	SLITRK	8	0	0	0	0	0	0	0	0	0	0	0	0						
Incoming_partner_to_CD4	B	SLURP	16	0	0	0	0	0	0	0	0	0	0	0	0						
Incoming_partner_to_CD4	B	SN	1	0	0	0	0	0	0	0	0	0	0	0	0						
Incoming_partner_to_CD4	B	SOMATOSTATIN	7	0	0	0	0	0	0	0	0	0	0	0	0						
Incoming_partner_to_CD4	B	SPP1	9	0	0	0	0	0	0	0	0	0	0	0	0						
Incoming_partner_to_CD4	B	TAC	4	0	0	0	0	0	0	0	0	0	0	0	0						
Incoming_partner_to_CD4	B	TENASCIN	28	0	0	0	0	0	0	0	0	0	0	0	0						
Incoming_partner_to_CD4	B	TGFb	12	0	0	0	0	0	0	0	0	0	0	0	0						
Incoming_partner_to_CD4	B	THBS	30	0	0	0	0	0	0	0	0	0	0	0	0						
Incoming_partner_to_CD4	B	THY1	3	0	0	0	0	0	0	0	0	0	0	0	0						
Incoming_partner_to_CD4	B	TNF	2	0	0	0	0	0	0	0	0	0	0	0	0		0	0	0	0	0
Incoming_partner_to_CD4	B	TRAIL	1	0	0	0	0	0	0	0	0	0	0	0	0						
Incoming_partner_to_CD4	B	TRH	1	0	0	0	0	0	0	0	0	0	0	0	0						
Incoming_partner_to_CD4	B	TSH	2	0	0	0	0	0	0	0	0	0	0	0	0						
Incoming_partner_to_CD4	B	TULP	5	0	0	0	0	0	0	0	0	0	0	0	0						
Incoming_partner_to_CD4	B	TWEAK	1	0	0	0	0	0	0	0	0	0	0	0	0						
Incoming_partner_to_CD4	B	UCN	4	0	0	0	0	0	0	0	0	0	0	0	0						
Incoming_partner_to_CD4	B	UGRP1	1	0	0	0	0	0	0	0	0	0	0	0	0						
Incoming_partner_to_CD4	B	UNC5	12	0	0	0	0	0	0	0	0	0	0	0	0						
Incoming_partner_to_CD4	B	UROTENSIN	2	0	0	0	0	0	0	0	0	0	0	0	0						
Incoming_partner_to_CD4	B	UTS2	1	0	0	0	0	0	0	0	0	0	0	0	0						
Incoming_partner_to_CD4	B	VCAM	4	0	0	0	0	0	0	0	0	0	0	0	0		0	0	0	0	0
Incoming_partner_to_CD4	B	VEGF	8	0	0	0	0	0	0	0	0	0	0	0	0						
Incoming_partner_to_CD4	B	VEGI	1	0	0	0	0	0	0	0	0	0	0	0	0						
Incoming_partner_to_CD4	B	VISFATIN	1	0	0	0	0	0	0	0	0	0	0	0	0		0	0	0	0	0
Incoming_partner_to_CD4	B	VTN	7	0	0	0	0	0	0	0	0	0	0	0	0						
Incoming_partner_to_CD4	B	VWF	3	0	0	0	0	0	0	0	0	0	0	0	0						
Incoming_partner_to_CD4	B	WNT	320	0	0	0	0	0	0	0	0	0	0	0	0						
Incoming_partner_to_CD4	B	XCR	2	0	0	0	0	0	0	0	0	0	0	0	0						
Incoming_partner_to_CD4	B	ncWNT	31	0	0	0	0	0	0	0	0	0	0	0	0						
Incoming_partner_to_CD4	CD8T	ACTIVIN	20	0	0	0	0	0	0	0	0	0	0	0	0						
Incoming_partner_to_CD4	CD8T	ADIPONECTIN	2	0	0	0	0	0	0	0	0	0	0	0	0						
Incoming_partner_to_CD4	CD8T	ADM	6	0	0	0	0	0	0	0	0	0	0	0	0						
Incoming_partner_to_CD4	CD8T	AGRN	1	0	0	0	0	0	0	0	0	0	0	0	0						
Incoming_partner_to_CD4	CD8T	AGT	3	0	0	0	0	0	0	0	0	0	0	0	0						
Incoming_partner_to_CD4	CD8T	AMH	2	0	0	0	0	0	0	0	0	0	0	0	0						
Incoming_partner_to_CD4	CD8T	ANGPT	2	0	0	0	0	0	0	0	0	0	0	0	0						
Incoming_partner_to_CD4	CD8T	ANGPTL	15	0	0	0	0	0	0	0	0	0	0	0	0						
Incoming_partner_to_CD4	CD8T	ANNEXIN	6	0	0	0	0	0	0	0	0	0	0	0	0		0	0	0	0	0
Incoming_partner_to_CD4	CD8T	APP	4	0	0	0	0	0	0	0	0	0	0	0	0		0	0	0	0	0
Incoming_partner_to_CD4	CD8T	APRIL	2	0	0	0	0	0	0	0	0	0	0	0	0		0	0	0	0	0
Incoming_partner_to_CD4	CD8T	ApoA	4	0	0	0	0	0	0	0	0	0	0	0	0						
Incoming_partner_to_CD4	CD8T	ApoB	2	0	0	0	0	0	0	0	0	0	0	0	0						
Incoming_partner_to_CD4	CD8T	ApoE	1	0	0	0	0	0	0	0	0	0	0	0	0						
Incoming_partner_to_CD4	CD8T	BAFF	3	0	0	0	0	0	0	0	0	0	0	0	0		0	0	0	0	0
Incoming_partner_to_CD4	CD8T	BAG	1	0	0	0	0	0	0	0	0	0	0	0	0						
Incoming_partner_to_CD4	CD8T	BMP	75	0	0	0	0	0	0	0	0	0	0	0	0						
Incoming_partner_to_CD4	CD8T	BMP10	4	0	0	0	0	0	0	0	0	0	0	0	0						
Incoming_partner_to_CD4	CD8T	BRADYKININ	2	0	0	0	0	0	0	0	0	0	0	0	0						
Incoming_partner_to_CD4	CD8T	BSP	2	0	0	0	0	0	0	0	0	0	0	0	0						
Incoming_partner_to_CD4	CD8T	BTLA	1	0	0	0	0	0	0	0	0	0	0	0	0		0	0	0	0	0
Incoming_partner_to_CD4	CD8T	CADM	6	0	0	0	0	0	0	0	0	0	0	0	0		0	0	0	0	0
Incoming_partner_to_CD4	CD8T	CALC	12	0	0	0	0	0	0	0	0	0	0	0	0						
Incoming_partner_to_CD4	CD8T	CALCR	8	0	0	0	0	0	0	0	0	0	0	0	0		0	0	0	0	0
Incoming_partner_to_CD4	CD8T	CCL	55	0.0927034746174092	0.161758608087091	-0.0690551334696819	0.00168551772031653	0.00294106560158347	-0.00125554788126694	2	3	0.0865784912096712	0.161758608087091	-0.0751801168774199	-0.00612498340773797	-54.2753818059988	0.0865784912096712	0.161758608087091	-0.0751801168774199	0	0
Incoming_partner_to_CD4	CD8T	CD137	1	0.00210835757557695	0	0.00210835757557695	0.00210835757557695	0	0.00210835757557695	1	0	0.00210835757557695	0	0.00210835757557695	0	200	0.00210835757557695	0	0.00210835757557695	0	0
Incoming_partner_to_CD4	CD8T	CD160	1	0	0	0	0	0	0	0	0	0	0	0	0						
Incoming_partner_to_CD4	CD8T	CD200	1	0	0	0	0	0	0	0	0	0	0	0	0						
Incoming_partner_to_CD4	CD8T	CD23	4	0	0	0	0	0	0	0	0	0	0	0	0		0	0	0	0	0
Incoming_partner_to_CD4	CD8T	CD276	1	0	0	0	0	0	0	0	0	0	0	0	0						
Incoming_partner_to_CD4	CD8T	CD30	1	0	0	0	0	0	0	0	0	0	0	0	0						
Incoming_partner_to_CD4	CD8T	CD34	1	0	0	0	0	0	0	0	0	0	0	0	0						
Incoming_partner_to_CD4	CD8T	CD39	4	0	0	0	0	0	0	0	0	0	0	0	0		0	0	0	0	0
Incoming_partner_to_CD4	CD8T	CD40	4	0	0	0	0	0	0	0	0	0	0	0	0						
Incoming_partner_to_CD4	CD8T	CD45	2	0	0	0	0	0	0	0	0	0	0	0	0		0	0	0	0	0
Incoming_partner_to_CD4	CD8T	CD46	1	0	0	0	0	0	0	0	0	0	0	0	0						
Incoming_partner_to_CD4	CD8T	CD48	1	0	0	0	0	0	0	0	0	0	0	0	0		0	0	0	0	0
Incoming_partner_to_CD4	CD8T	CD6	1	0	0	0	0	0	0	0	0	0	0	0	0		0	0	0	0	0
Incoming_partner_to_CD4	CD8T	CD70	1	0	0	0	0	0	0	0	0	0	0	0	0						
Incoming_partner_to_CD4	CD8T	CD80	3	0	0	0	0	0	0	0	0	0	0	0	0						
Incoming_partner_to_CD4	CD8T	CD86	2	0	0	0	0	0	0	0	0	0	0	0	0		0	0	0	0	0
Incoming_partner_to_CD4	CD8T	CD96	1	0	0	0	0	0	0	0	0	0	0	0	0						
Incoming_partner_to_CD4	CD8T	CD99	4	0.194364275579643	0.200040100694783	-0.00567582511514062	0.0485910688949107	0.0500100251736959	-0.00141895627878515	1	2	0.151454253475741	0.200040100694783	-0.0485858472190421	-0.0429100221039015	-2.87817552571545	0.151454253475741	0.200040100694783	-0.0485858472190421	0	0
Incoming_partner_to_CD4	CD8T	CDH	4	0	0	0	0	0	0	0	0	0	0	0	0		0	0	0	0	0
Incoming_partner_to_CD4	CD8T	CDH1	3	0	0	0	0	0	0	0	0	0	0	0	0		0	0	0	0	0
Incoming_partner_to_CD4	CD8T	CEACAM	7	0	0	0	0	0	0	0	0	0	0	0	0						
Incoming_partner_to_CD4	CD8T	CHAD	1	0	0	0	0	0	0	0	0	0	0	0	0						
Incoming_partner_to_CD4	CD8T	CHEMERIN	2	0	0	0	0	0	0	0	0	0	0	0	0						
Incoming_partner_to_CD4	CD8T	CLDN	4	0	0	0	0	0	0	0	0	0	0	0	0						
Incoming_partner_to_CD4	CD8T	CLEC	6	0	0	0	0	0	0	0	0	0	0	0	0		0	0	0	0	0
Incoming_partner_to_CD4	CD8T	CNTN	7	0	0	0	0	0	0	0	0	0	0	0	0						
Incoming_partner_to_CD4	CD8T	COLLAGEN	187	0	0	0	0	0	0	0	0	0	0	0	0						
Incoming_partner_to_CD4	CD8T	COMPLEMENT	7	0	0	0	0	0	0	0	0	0	0	0	0		0	0	0	0	0
Incoming_partner_to_CD4	CD8T	CRH	1	0	0	0	0	0	0	0	0	0	0	0	0						
Incoming_partner_to_CD4	CD8T	CSF	2	0	0	0	0	0	0	0	0	0	0	0	0						
Incoming_partner_to_CD4	CD8T	CSF3	1	0	0	0	0	0	0	0	0	0	0	0	0						
Incoming_partner_to_CD4	CD8T	CSPG4	1	0	0	0	0	0	0	0	0	0	0	0	0						
Incoming_partner_to_CD4	CD8T	CTSG	1	0	0	0	0	0	0	0	0	0	0	0	0						
Incoming_partner_to_CD4	CD8T	CX3C	1	0	0	0	0	0	0	0	0	0	0	0	0						
Incoming_partner_to_CD4	CD8T	CXCL	22	0.0167815402346968	0.0162342221068622	0.000547318127834678	0.000762797283395311	0.000737919186675553	2.48780967197581e-05	1	1	0.0167815402346968	0.0162342221068622	0.000547318127834678	0	3.31549592689995	0.0167815402346968	0.0162342221068622	0.000547318127834678	0	0
Incoming_partner_to_CD4	CD8T	CypA	1	0.0927691932663978	0.0896294103821953	0.0031397828842025	0.0927691932663978	0.0896294103821953	0.0031397828842025	0	0	0	0	0	-0.0031397828842025	3.44277074648177	0	0	0	0	0
Incoming_partner_to_CD4	CD8T	DESMOSOME	11	0	0	0	0	0	0	0	0	0	0	0	0						
Incoming_partner_to_CD4	CD8T	DMP1	1	0	0	0	0	0	0	0	0	0	0	0	0						
Incoming_partner_to_CD4	CD8T	DSPP	2	0	0	0	0	0	0	0	0	0	0	0	0						
Incoming_partner_to_CD4	CD8T	EDN	5	0	0	0	0	0	0	0	0	0	0	0	0						
Incoming_partner_to_CD4	CD8T	EGF	18	0	0	0	0	0	0	0	0	0	0	0	0						
Incoming_partner_to_CD4	CD8T	ENHO	1	0	0	0	0	0	0	0	0	0	0	0	0						
Incoming_partner_to_CD4	CD8T	EPGN	1	0	0	0	0	0	0	0	0	0	0	0	0						
Incoming_partner_to_CD4	CD8T	EPHA	32	0	0	0	0	0	0	0	0	0	0	0	0						
Incoming_partner_to_CD4	CD8T	EPHB	16	0	0	0	0	0	0	0	0	0	0	0	0						
Incoming_partner_to_CD4	CD8T	EPO	1	0	0	0	0	0	0	0	0	0	0	0	0						
Incoming_partner_to_CD4	CD8T	ESAM	1	0	0	0	0	0	0	0	0	0	0	0	0						
Incoming_partner_to_CD4	CD8T	FASLG	1	0	0	0	0	0	0	0	0	0	0	0	0		0	0	0	0	0
Incoming_partner_to_CD4	CD8T	FGF	46	0	0	0	0	0	0	0	0	0	0	0	0						
Incoming_partner_to_CD4	CD8T	FLRT	1	0	0	0	0	0	0	0	0	0	0	0	0						
Incoming_partner_to_CD4	CD8T	FLT3	1	0	0	0	0	0	0	0	0	0	0	0	0						
Incoming_partner_to_CD4	CD8T	FN1	13	0	0	0	0	0	0	0	0	0	0	0	0						
Incoming_partner_to_CD4	CD8T	FSH	2	0	0	0	0	0	0	0	0	0	0	0	0						
Incoming_partner_to_CD4	CD8T	GALANIN	6	0	0	0	0	0	0	0	0	0	0	0	0						
Incoming_partner_to_CD4	CD8T	GALECTIN	5	0	0	0	0	0	0	0	0	0	0	0	0		0	0	0	0	0
Incoming_partner_to_CD4	CD8T	GAP	4	0	0	0	0	0	0	0	0	0	0	0	0						
Incoming_partner_to_CD4	CD8T	GAS	3	0	0	0	0	0	0	0	0	0	0	0	0		0	0	0	0	0
Incoming_partner_to_CD4	CD8T	GCG	3	0	0	0	0	0	0	0	0	0	0	0	0						
Incoming_partner_to_CD4	CD8T	GDF	6	0	0	0	0	0	0	0	0	0	0	0	0						
Incoming_partner_to_CD4	CD8T	GDNF	5	0	0	0	0	0	0	0	0	0	0	0	0						
Incoming_partner_to_CD4	CD8T	GH	2	0	0	0	0	0	0	0	0	0	0	0	0						
Incoming_partner_to_CD4	CD8T	GHRELIN	1	0	0	0	0	0	0	0	0	0	0	0	0						
Incoming_partner_to_CD4	CD8T	GHRH	4	0	0	0	0	0	0	0	0	0	0	0	0						
Incoming_partner_to_CD4	CD8T	GIPR	1	0	0	0	0	0	0	0	0	0	0	0	0						
Incoming_partner_to_CD4	CD8T	GITRL	1	0	0	0	0	0	0	0	0	0	0	0	0						
Incoming_partner_to_CD4	CD8T	GNRH	1	0	0	0	0	0	0	0	0	0	0	0	0						
Incoming_partner_to_CD4	CD8T	GP1BA	1	0	0	0	0	0	0	0	0	0	0	0	0						
Incoming_partner_to_CD4	CD8T	GPR	2	0	0	0	0	0	0	0	0	0	0	0	0						
Incoming_partner_to_CD4	CD8T	GRN	1	0	0	0	0	0	0	0	0	0	0	0	0		0	0	0	0	0
Incoming_partner_to_CD4	CD8T	GRP	1	0	0	0	0	0	0	0	0	0	0	0	0						
Incoming_partner_to_CD4	CD8T	GUCA	2	0	0	0	0	0	0	0	0	0	0	0	0						
Incoming_partner_to_CD4	CD8T	HCRT	1	0	0	0	0	0	0	0	0	0	0	0	0						
Incoming_partner_to_CD4	CD8T	HGF	1	0	0	0	0	0	0	0	0	0	0	0	0						
Incoming_partner_to_CD4	CD8T	HH	6	0	0	0	0	0	0	0	0	0	0	0	0						
Incoming_partner_to_CD4	CD8T	HSPG	1	0	0	0	0	0	0	0	0	0	0	0	0						
Incoming_partner_to_CD4	CD8T	IAPP	6	0	0	0	0	0	0	0	0	0	0	0	0						
Incoming_partner_to_CD4	CD8T	ICAM	8	0	0	0	0	0	0	0	0	0	0	0	0		0	0	0	0	0
Incoming_partner_to_CD4	CD8T	ICOS	3	0	0	0	0	0	0	0	0	0	0	0	0		0	0	0	0	0
Incoming_partner_to_CD4	CD8T	IFN-I	17	0	0	0	0	0	0	0	0	0	0	0	0						
Incoming_partner_to_CD4	CD8T	IFN-II	1	0	0	0	0	0	0	0	0	0	0	0	0		0	0	0	0	0
Incoming_partner_to_CD4	CD8T	IGF	8	0	0	0	0	0	0	0	0	0	0	0	0						
Incoming_partner_to_CD4	CD8T	IGFBP	1	0	0	0	0	0	0	0	0	0	0	0	0						
Incoming_partner_to_CD4	CD8T	IL1	10	0	0	0	0	0	0	0	0	0	0	0	0						
Incoming_partner_to_CD4	CD8T	IL10	8	0	0	0	0	0	0	0	0	0	0	0	0						
Incoming_partner_to_CD4	CD8T	IL12	3	0	0	0	0	0	0	0	0	0	0	0	0						
Incoming_partner_to_CD4	CD8T	IL16	1	0.0200868009504616	0	0.0200868009504616	0.0200868009504616	0	0.0200868009504616	1	0	0.0200868009504616	0	0.0200868009504616	0	200	0.0200868009504616	0	0.0200868009504616	0	0
Incoming_partner_to_CD4	CD8T	IL17	6	0	0	0	0	0	0	0	0	0	0	0	0						
Incoming_partner_to_CD4	CD8T	IL2	8	0	0	0	0	0	0	0	0	0	0	0	0						
Incoming_partner_to_CD4	CD8T	IL4	10	0	0	0	0	0	0	0	0	0	0	0	0						
Incoming_partner_to_CD4	CD8T	IL6	3	0	0	0	0	0	0	0	0	0	0	0	0						
Incoming_partner_to_CD4	CD8T	INSULIN	1	0	0	0	0	0	0	0	0	0	0	0	0						
Incoming_partner_to_CD4	CD8T	JAM	10	0	0	0	0	0	0	0	0	0	0	0	0		0	0	0	0	0
Incoming_partner_to_CD4	CD8T	KIT	1	0	0	0	0	0	0	0	0	0	0	0	0						
Incoming_partner_to_CD4	CD8T	KLK	12	0	0	0	0	0	0	0	0	0	0	0	0						
Incoming_partner_to_CD4	CD8T	L1CAM	3	0	0	0	0	0	0	0	0	0	0	0	0						
Incoming_partner_to_CD4	CD8T	LAIR1	1	0	0	0	0	0	0	0	0	0	0	0	0		0	0	0	0	0
Incoming_partner_to_CD4	CD8T	LAMININ	139	0	0	0	0	0	0	0	0	0	0	0	0		0	0	0	0	0
Incoming_partner_to_CD4	CD8T	LCK	1	0.08200778856792	0.13490625349503	-0.0528984649271097	0.08200778856792	0.13490625349503	-0.0528984649271097	1	1	0.08200778856792	0.13490625349503	-0.0528984649271097	0	-48.7736657562799	0.08200778856792	0.13490625349503	-0.0528984649271097	0	0
Incoming_partner_to_CD4	CD8T	LEP	1	0	0	0	0	0	0	0	0	0	0	0	0						
Incoming_partner_to_CD4	CD8T	LIFR	4	0	0	0	0	0	0	0	0	0	0	0	0						
Incoming_partner_to_CD4	CD8T	LIGHT	2	0	0	0	0	0	0	0	0	0	0	0	0						
Incoming_partner_to_CD4	CD8T	LT	4	0	0	0	0	0	0	0	0	0	0	0	0						
Incoming_partner_to_CD4	CD8T	MADCAM	1	0	0	0	0	0	0	0	0	0	0	0	0						
Incoming_partner_to_CD4	CD8T	MELANOCORTIN	5	0	0	0	0	0	0	0	0	0	0	0	0						
Incoming_partner_to_CD4	CD8T	MHC-I	41	1.40842742990171	2.52837519219995	-1.11994776229824	0.034351888534188	0.061667687614633	-0.027315799080445	11	13	1.24066050977354	2.52837519219995	-1.28771468242641	-0.16776692012817	-56.8963125563232	1.24066050977354	2.52837519219995	-1.28771468242641	0	0
Incoming_partner_to_CD4	CD8T	MHC-II	12	0.360473661756876	0	0.360473661756876	0.030039471813073	0	0.030039471813073	8	0	0.360473661756876	0	0.360473661756876	0	200	0.360473661756876	0	0.360473661756876	0	0
Incoming_partner_to_CD4	CD8T	MIF	4	0.49004564649394	0.486414518774609	0.00363112771933105	0.122511411623485	0.121603629693652	0.000907781929832763	0	0	0	0	0	-0.00363112771933105	0.743732893257844	0	0	0	0	0
Incoming_partner_to_CD4	CD8T	MK	9	0	0	0	0	0	0	0	0	0	0	0	0						
Incoming_partner_to_CD4	CD8T	MMP	1	0	0	0	0	0	0	0	0	0	0	0	0						
Incoming_partner_to_CD4	CD8T	MPZ	3	0	0	0	0	0	0	0	0	0	0	0	0		0	0	0	0	0
Incoming_partner_to_CD4	CD8T	MSTN	4	0	0	0	0	0	0	0	0	0	0	0	0						
Incoming_partner_to_CD4	CD8T	NCAM	5	0	0	0	0	0	0	0	0	0	0	0	0		0	0	0	0	0
Incoming_partner_to_CD4	CD8T	NEGR	1	0	0	0	0	0	0	0	0	0	0	0	0						
Incoming_partner_to_CD4	CD8T	NGF	2	0	0	0	0	0	0	0	0	0	0	0	0						
Incoming_partner_to_CD4	CD8T	NGL	3	0	0	0	0	0	0	0	0	0	0	0	0						
Incoming_partner_to_CD4	CD8T	NMU	2	0	0	0	0	0	0	0	0	0	0	0	0						
Incoming_partner_to_CD4	CD8T	NODAL	12	0	0	0	0	0	0	0	0	0	0	0	0						
Incoming_partner_to_CD4	CD8T	NOTCH	24	0	0	0	0	0	0	0	0	0	0	0	0						
Incoming_partner_to_CD4	CD8T	NPFF	2	0	0	0	0	0	0	0	0	0	0	0	0						
Incoming_partner_to_CD4	CD8T	NPNT	2	0	0	0	0	0	0	0	0	0	0	0	0						
Incoming_partner_to_CD4	CD8T	NPR1	1	0	0	0	0	0	0	0	0	0	0	0	0						
Incoming_partner_to_CD4	CD8T	NPR2	1	0	0	0	0	0	0	0	0	0	0	0	0						
Incoming_partner_to_CD4	CD8T	NPVF	1	0	0	0	0	0	0	0	0	0	0	0	0						
Incoming_partner_to_CD4	CD8T	NPW-B	2	0	0	0	0	0	0	0	0	0	0	0	0						
Incoming_partner_to_CD4	CD8T	NPY	16	0	0	0	0	0	0	0	0	0	0	0	0						
Incoming_partner_to_CD4	CD8T	NRG	13	0	0	0	0	0	0	0	0	0	0	0	0						
Incoming_partner_to_CD4	CD8T	NRXN	24	0	0	0	0	0	0	0	0	0	0	0	0						
Incoming_partner_to_CD4	CD8T	NT	9	0	0	0	0	0	0	0	0	0	0	0	0						
Incoming_partner_to_CD4	CD8T	NTS	3	0	0	0	0	0	0	0	0	0	0	0	0						
Incoming_partner_to_CD4	CD8T	Netrin	8	0	0	0	0	0	0	0	0	0	0	0	0						
Incoming_partner_to_CD4	CD8T	OPIOID	12	0	0	0	0	0	0	0	0	0	0	0	0						
Incoming_partner_to_CD4	CD8T	OSM	2	0	0	0	0	0	0	0	0	0	0	0	0						
Incoming_partner_to_CD4	CD8T	OX40	1	0	0	0	0	0	0	0	0	0	0	0	0						
Incoming_partner_to_CD4	CD8T	OXT	1	0	0	0	0	0	0	0	0	0	0	0	0						
Incoming_partner_to_CD4	CD8T	PARs	29	0.0133144397921661	0.0252543763573402	-0.0119399365651742	0.000459118613522968	0.000870840564046215	-0.000411721950523247	1	1	0.0133144397921661	0.0252543763573402	-0.0119399365651742	0	-61.9149756574885	0.0133144397921661	0.0252543763573402	-0.0119399365651742	0	0
Incoming_partner_to_CD4	CD8T	PCDH	27	0	0	0	0	0	0	0	0	0	0	0	0						
Incoming_partner_to_CD4	CD8T	PD-L1	1	0	0	0	0	0	0	0	0	0	0	0	0						
Incoming_partner_to_CD4	CD8T	PDGF	6	0	0	0	0	0	0	0	0	0	0	0	0						
Incoming_partner_to_CD4	CD8T	PDL2	1	0	0	0	0	0	0	0	0	0	0	0	0						
Incoming_partner_to_CD4	CD8T	PERIOSTIN	2	0	0	0	0	0	0	0	0	0	0	0	0						
Incoming_partner_to_CD4	CD8T	PLAU	1	0	0	0	0	0	0	0	0	0	0	0	0						
Incoming_partner_to_CD4	CD8T	PMCH	2	0	0	0	0	0	0	0	0	0	0	0	0						
Incoming_partner_to_CD4	CD8T	PRL	1	0	0	0	0	0	0	0	0	0	0	0	0						
Incoming_partner_to_CD4	CD8T	PROC	1	0	0	0	0	0	0	0	0	0	0	0	0						
Incoming_partner_to_CD4	CD8T	PROCR	2	0	0	0	0	0	0	0	0	0	0	0	0						
Incoming_partner_to_CD4	CD8T	PROK	4	0	0	0	0	0	0	0	0	0	0	0	0						
Incoming_partner_to_CD4	CD8T	PROS	3	0	0	0	0	0	0	0	0	0	0	0	0						
Incoming_partner_to_CD4	CD8T	PSAP	2	0	0	0	0	0	0	0	0	0	0	0	0						
Incoming_partner_to_CD4	CD8T	PTH	3	0	0	0	0	0	0	0	0	0	0	0	0						
Incoming_partner_to_CD4	CD8T	PTN	8	0	0	0	0	0	0	0	0	0	0	0	0						
Incoming_partner_to_CD4	CD8T	PTPR	11	0	0	0	0	0	0	0	0	0	0	0	0						
Incoming_partner_to_CD4	CD8T	PTPRM	1	0	0	0	0	0	0	0	0	0	0	0	0						
Incoming_partner_to_CD4	CD8T	PVR	2	0	0	0	0	0	0	0	0	0	0	0	0						
Incoming_partner_to_CD4	CD8T	QRFP	1	0	0	0	0	0	0	0	0	0	0	0	0						
Incoming_partner_to_CD4	CD8T	RANKL	2	0	0	0	0	0	0	0	0	0	0	0	0						
Incoming_partner_to_CD4	CD8T	RBP4	1	0	0	0	0	0	0	0	0	0	0	0	0						
Incoming_partner_to_CD4	CD8T	RELN	3	0	0	0	0	0	0	0	0	0	0	0	0						
Incoming_partner_to_CD4	CD8T	RESISTIN	2	0	0	0	0	0	0	0	0	0	0	0	0						
Incoming_partner_to_CD4	CD8T	RLN	16	0	0	0	0	0	0	0	0	0	0	0	0						
Incoming_partner_to_CD4	CD8T	SAA	1	0	0	0	0	0	0	0	0	0	0	0	0						
Incoming_partner_to_CD4	CD8T	SCT	1	0	0	0	0	0	0	0	0	0	0	0	0						
Incoming_partner_to_CD4	CD8T	SELE	2	0	0	0	0	0	0	0	0	0	0	0	0						
Incoming_partner_to_CD4	CD8T	SELL	4	0	0	0	0	0	0	0	0	0	0	0	0						
Incoming_partner_to_CD4	CD8T	SELPLG	3	0	0	0	0	0	0	0	0	0	0	0	0		0	0	0	0	0
Incoming_partner_to_CD4	CD8T	SEMA3	39	0	0	0	0	0	0	0	0	0	0	0	0		0	0	0	0	0
Incoming_partner_to_CD4	CD8T	SEMA4	13	0	0	0	0	0	0	0	0	0	0	0	0		0	0	0	0	0
Incoming_partner_to_CD4	CD8T	SEMA5	5	0	0	0	0	0	0	0	0	0	0	0	0						
Incoming_partner_to_CD4	CD8T	SEMA6	7	0	0	0	0	0	0	0	0	0	0	0	0						
Incoming_partner_to_CD4	CD8T	SEMA7	2	0	0	0	0	0	0	0	0	0	0	0	0		0	0	0	0	0
Incoming_partner_to_CD4	CD8T	SIRP	1	0.0386929656298036	0.0522006511098891	-0.0135076854800855	0.0386929656298036	0.0522006511098891	-0.0135076854800855	0	0	0	0	0	0.0135076854800855	-29.7219672064975	0	0	0	0	0
Incoming_partner_to_CD4	CD8T	SLIT	3	0	0	0	0	0	0	0	0	0	0	0	0						
Incoming_partner_to_CD4	CD8T	SLITRK	8	0	0	0	0	0	0	0	0	0	0	0	0						
Incoming_partner_to_CD4	CD8T	SLURP	16	0	0	0	0	0	0	0	0	0	0	0	0						
Incoming_partner_to_CD4	CD8T	SN	1	0	0	0	0	0	0	0	0	0	0	0	0						
Incoming_partner_to_CD4	CD8T	SOMATOSTATIN	7	0	0	0	0	0	0	0	0	0	0	0	0						
Incoming_partner_to_CD4	CD8T	SPP1	9	0	0	0	0	0	0	0	0	0	0	0	0						
Incoming_partner_to_CD4	CD8T	TAC	4	0	0	0	0	0	0	0	0	0	0	0	0						
Incoming_partner_to_CD4	CD8T	TENASCIN	28	0	0	0	0	0	0	0	0	0	0	0	0						
Incoming_partner_to_CD4	CD8T	TGFb	12	0	0	0	0	0	0	0	0	0	0	0	0						
Incoming_partner_to_CD4	CD8T	THBS	30	0	0	0	0	0	0	0	0	0	0	0	0						
Incoming_partner_to_CD4	CD8T	THY1	3	0	0	0	0	0	0	0	0	0	0	0	0						
Incoming_partner_to_CD4	CD8T	TNF	2	0	0	0	0	0	0	0	0	0	0	0	0		0	0	0	0	0
Incoming_partner_to_CD4	CD8T	TRAIL	1	0	0	0	0	0	0	0	0	0	0	0	0						
Incoming_partner_to_CD4	CD8T	TRH	1	0	0	0	0	0	0	0	0	0	0	0	0						
Incoming_partner_to_CD4	CD8T	TSH	2	0	0	0	0	0	0	0	0	0	0	0	0						
Incoming_partner_to_CD4	CD8T	TULP	5	0	0	0	0	0	0	0	0	0	0	0	0						
Incoming_partner_to_CD4	CD8T	TWEAK	1	0	0	0	0	0	0	0	0	0	0	0	0						
Incoming_partner_to_CD4	CD8T	UCN	4	0	0	0	0	0	0	0	0	0	0	0	0						
Incoming_partner_to_CD4	CD8T	UGRP1	1	0	0	0	0	0	0	0	0	0	0	0	0						
Incoming_partner_to_CD4	CD8T	UNC5	12	0	0	0	0	0	0	0	0	0	0	0	0						
Incoming_partner_to_CD4	CD8T	UROTENSIN	2	0	0	0	0	0	0	0	0	0	0	0	0						
Incoming_partner_to_CD4	CD8T	UTS2	1	0	0	0	0	0	0	0	0	0	0	0	0						
Incoming_partner_to_CD4	CD8T	VCAM	4	0	0	0	0	0	0	0	0	0	0	0	0		0	0	0	0	0
Incoming_partner_to_CD4	CD8T	VEGF	8	0	0	0	0	0	0	0	0	0	0	0	0						
Incoming_partner_to_CD4	CD8T	VEGI	1	0	0	0	0	0	0	0	0	0	0	0	0						
Incoming_partner_to_CD4	CD8T	VISFATIN	1	0	0	0	0	0	0	0	0	0	0	0	0		0	0	0	0	0
Incoming_partner_to_CD4	CD8T	VTN	7	0	0	0	0	0	0	0	0	0	0	0	0						
Incoming_partner_to_CD4	CD8T	VWF	3	0	0	0	0	0	0	0	0	0	0	0	0						
Incoming_partner_to_CD4	CD8T	WNT	320	0	0	0	0	0	0	0	0	0	0	0	0						
Incoming_partner_to_CD4	CD8T	XCR	2	0	0	0	0	0	0	0	0	0	0	0	0						
Incoming_partner_to_CD4	CD8T	ncWNT	31	0	0	0	0	0	0	0	0	0	0	0	0						
Incoming_partner_to_CD4	MonoMacro	ACTIVIN	20	0	0	0	0	0	0	0	0	0	0	0	0						
Incoming_partner_to_CD4	MonoMacro	ADIPONECTIN	2	0	0	0	0	0	0	0	0	0	0	0	0						
Incoming_partner_to_CD4	MonoMacro	ADM	6	0	0	0	0	0	0	0	0	0	0	0	0						
Incoming_partner_to_CD4	MonoMacro	AGRN	1	0	0	0	0	0	0	0	0	0	0	0	0						
Incoming_partner_to_CD4	MonoMacro	AGT	3	0	0	0	0	0	0	0	0	0	0	0	0						
Incoming_partner_to_CD4	MonoMacro	AMH	2	0	0	0	0	0	0	0	0	0	0	0	0						
Incoming_partner_to_CD4	MonoMacro	ANGPT	2	0	0	0	0	0	0	0	0	0	0	0	0						
Incoming_partner_to_CD4	MonoMacro	ANGPTL	15	0	0	0	0	0	0	0	0	0	0	0	0						
Incoming_partner_to_CD4	MonoMacro	ANNEXIN	6	0	0	0	0	0	0	0	0	0	0	0	0		0	0	0	0	0
Incoming_partner_to_CD4	MonoMacro	APP	4	0.0537535331800541	0.0543380203562898	-0.000584487176235722	0.0134383832950135	0.0135845050890725	-0.000146121794058931	1	1	0.0537535331800541	0.0543380203562898	-0.000584487176235722	0	-1.08146688083116	0.0537535331800541	0.0543380203562898	-0.000584487176235722	0	0
Incoming_partner_to_CD4	MonoMacro	APRIL	2	0	0	0	0	0	0	0	0	0	0	0	0		0	0	0	0	0
Incoming_partner_to_CD4	MonoMacro	ApoA	4	0	0	0	0	0	0	0	0	0	0	0	0						
Incoming_partner_to_CD4	MonoMacro	ApoB	2	0	0	0	0	0	0	0	0	0	0	0	0						
Incoming_partner_to_CD4	MonoMacro	ApoE	1	0	0	0	0	0	0	0	0	0	0	0	0						
Incoming_partner_to_CD4	MonoMacro	BAFF	3	0	0	0	0	0	0	0	0	0	0	0	0		0	0	0	0	0
Incoming_partner_to_CD4	MonoMacro	BAG	1	0	0	0	0	0	0	0	0	0	0	0	0						
Incoming_partner_to_CD4	MonoMacro	BMP	75	0	0	0	0	0	0	0	0	0	0	0	0						
Incoming_partner_to_CD4	MonoMacro	BMP10	4	0	0	0	0	0	0	0	0	0	0	0	0						
Incoming_partner_to_CD4	MonoMacro	BRADYKININ	2	0	0	0	0	0	0	0	0	0	0	0	0						
Incoming_partner_to_CD4	MonoMacro	BSP	2	0	0	0	0	0	0	0	0	0	0	0	0						
Incoming_partner_to_CD4	MonoMacro	BTLA	1	0	0	0	0	0	0	0	0	0	0	0	0		0	0	0	0	0
Incoming_partner_to_CD4	MonoMacro	CADM	6	0	0	0	0	0	0	0	0	0	0	0	0		0	0	0	0	0
Incoming_partner_to_CD4	MonoMacro	CALC	12	0	0	0	0	0	0	0	0	0	0	0	0						
Incoming_partner_to_CD4	MonoMacro	CALCR	8	0	0	0	0	0	0	0	0	0	0	0	0		0	0	0	0	0
Incoming_partner_to_CD4	MonoMacro	CCL	55	0.031726599461505	0.0564204025510303	-0.0246938030895253	0.000576847262936454	0.00102582550092782	-0.000448978237991369	1	1	0.0221588557221337	0.0392866811318993	-0.0171278254097655	0.00756597767975979	-56.0286850958666	0.0221588557221337	0.0392866811318993	-0.0171278254097655	0	0
Incoming_partner_to_CD4	MonoMacro	CD137	1	0	0	0	0	0	0	0	0	0	0	0	0		0	0	0	0	0
Incoming_partner_to_CD4	MonoMacro	CD160	1	0	0	0	0	0	0	0	0	0	0	0	0						
Incoming_partner_to_CD4	MonoMacro	CD200	1	0	0	0	0	0	0	0	0	0	0	0	0						
Incoming_partner_to_CD4	MonoMacro	CD23	4	0	0	0	0	0	0	0	0	0	0	0	0		0	0	0	0	0
Incoming_partner_to_CD4	MonoMacro	CD276	1	0	0	0	0	0	0	0	0	0	0	0	0						
Incoming_partner_to_CD4	MonoMacro	CD30	1	0	0	0	0	0	0	0	0	0	0	0	0						
Incoming_partner_to_CD4	MonoMacro	CD34	1	0	0	0	0	0	0	0	0	0	0	0	0						
Incoming_partner_to_CD4	MonoMacro	CD39	4	0.00198375157641549	0	0.00198375157641549	0.000495937894103872	0	0.000495937894103872	1	0	0.00198375157641549	0	0.00198375157641549	0	200	0.00198375157641549	0	0.00198375157641549	0	0
Incoming_partner_to_CD4	MonoMacro	CD40	4	0	0	0	0	0	0	0	0	0	0	0	0						
Incoming_partner_to_CD4	MonoMacro	CD45	2	0	0	0	0	0	0	0	0	0	0	0	0		0	0	0	0	0
Incoming_partner_to_CD4	MonoMacro	CD46	1	0	0	0	0	0	0	0	0	0	0	0	0						
Incoming_partner_to_CD4	MonoMacro	CD48	1	0	0	0	0	0	0	0	0	0	0	0	0		0	0	0	0	0
Incoming_partner_to_CD4	MonoMacro	CD6	1	0	0	0	0	0	0	0	0	0	0	0	0		0	0	0	0	0
Incoming_partner_to_CD4	MonoMacro	CD70	1	0	0	0	0	0	0	0	0	0	0	0	0						
Incoming_partner_to_CD4	MonoMacro	CD80	3	0	0	0	0	0	0	0	0	0	0	0	0						
Incoming_partner_to_CD4	MonoMacro	CD86	2	0.114502077443429	0.102598694024198	0.0119033834192312	0.0572510387217145	0.0512993470120988	0.00595169170961562	2	2	0.114502077443429	0.102598694024198	0.0119033834192312	6.93889390390723e-18	10.9657679599782	0.114502077443429	0.102598694024198	0.0119033834192312	0	0
Incoming_partner_to_CD4	MonoMacro	CD96	1	0	0	0	0	0	0	0	0	0	0	0	0						
Incoming_partner_to_CD4	MonoMacro	CD99	4	0.149882723836334	0.154232456909131	-0.00434973307279726	0.0374706809590834	0.0385581142272827	-0.00108743326819932	0	0	0	0	0	0.00434973307279726	-2.86058266616941	0	0	0	0	0
Incoming_partner_to_CD4	MonoMacro	CDH	4	0	0	0	0	0	0	0	0	0	0	0	0		0	0	0	0	0
Incoming_partner_to_CD4	MonoMacro	CDH1	3	0	0	0	0	0	0	0	0	0	0	0	0		0	0	0	0	0
Incoming_partner_to_CD4	MonoMacro	CEACAM	7	0	0	0	0	0	0	0	0	0	0	0	0						
Incoming_partner_to_CD4	MonoMacro	CHAD	1	0	0	0	0	0	0	0	0	0	0	0	0						
Incoming_partner_to_CD4	MonoMacro	CHEMERIN	2	0	0	0	0	0	0	0	0	0	0	0	0						
Incoming_partner_to_CD4	MonoMacro	CLDN	4	0	0	0	0	0	0	0	0	0	0	0	0						
Incoming_partner_to_CD4	MonoMacro	CLEC	6	0	0	0	0	0	0	0	0	0	0	0	0		0	0	0	0	0
Incoming_partner_to_CD4	MonoMacro	CNTN	7	0	0	0	0	0	0	0	0	0	0	0	0						
Incoming_partner_to_CD4	MonoMacro	COLLAGEN	187	0	0	0	0	0	0	0	0	0	0	0	0						
Incoming_partner_to_CD4	MonoMacro	COMPLEMENT	7	0	0	0	0	0	0	0	0	0	0	0	0		0	0	0	0	0
Incoming_partner_to_CD4	MonoMacro	CRH	1	0	0	0	0	0	0	0	0	0	0	0	0						
Incoming_partner_to_CD4	MonoMacro	CSF	2	0	0	0	0	0	0	0	0	0	0	0	0						
Incoming_partner_to_CD4	MonoMacro	CSF3	1	0	0	0	0	0	0	0	0	0	0	0	0						
Incoming_partner_to_CD4	MonoMacro	CSPG4	1	0	0	0	0	0	0	0	0	0	0	0	0						
Incoming_partner_to_CD4	MonoMacro	CTSG	1	0	0	0	0	0	0	0	0	0	0	0	0						
Incoming_partner_to_CD4	MonoMacro	CX3C	1	0	0	0	0	0	0	0	0	0	0	0	0						
Incoming_partner_to_CD4	MonoMacro	CXCL	22	0.0636695663028447	0.0640197041377775	-0.000350137834932762	0.00289407119558385	0.00290998655171716	-1.59153561333074e-05	1	1	0.0636695663028447	0.0640197041377775	-0.000350137834932762	0	-0.548421701720948	0.0636695663028447	0.0640197041377775	-0.000350137834932762	0	0
Incoming_partner_to_CD4	MonoMacro	CypA	1	0.0960889698359415	0.0928483277966876	0.00324064203925389	0.0960889698359415	0.0928483277966876	0.00324064203925389	0	0	0	0	0	-0.00324064203925389	3.43038889606119	0	0	0	0	0
Incoming_partner_to_CD4	MonoMacro	DESMOSOME	11	0	0	0	0	0	0	0	0	0	0	0	0						
Incoming_partner_to_CD4	MonoMacro	DMP1	1	0	0	0	0	0	0	0	0	0	0	0	0						
Incoming_partner_to_CD4	MonoMacro	DSPP	2	0	0	0	0	0	0	0	0	0	0	0	0						
Incoming_partner_to_CD4	MonoMacro	EDN	5	0	0	0	0	0	0	0	0	0	0	0	0						
Incoming_partner_to_CD4	MonoMacro	EGF	18	0	0	0	0	0	0	0	0	0	0	0	0						
Incoming_partner_to_CD4	MonoMacro	ENHO	1	0	0	0	0	0	0	0	0	0	0	0	0						
Incoming_partner_to_CD4	MonoMacro	EPGN	1	0	0	0	0	0	0	0	0	0	0	0	0						
Incoming_partner_to_CD4	MonoMacro	EPHA	32	0	0	0	0	0	0	0	0	0	0	0	0						
Incoming_partner_to_CD4	MonoMacro	EPHB	16	0	0	0	0	0	0	0	0	0	0	0	0						
Incoming_partner_to_CD4	MonoMacro	EPO	1	0	0	0	0	0	0	0	0	0	0	0	0						
Incoming_partner_to_CD4	MonoMacro	ESAM	1	0	0	0	0	0	0	0	0	0	0	0	0						
Incoming_partner_to_CD4	MonoMacro	FASLG	1	0	0	0	0	0	0	0	0	0	0	0	0		0	0	0	0	0
Incoming_partner_to_CD4	MonoMacro	FGF	46	0	0	0	0	0	0	0	0	0	0	0	0						
Incoming_partner_to_CD4	MonoMacro	FLRT	1	0	0	0	0	0	0	0	0	0	0	0	0						
Incoming_partner_to_CD4	MonoMacro	FLT3	1	0	0	0	0	0	0	0	0	0	0	0	0						
Incoming_partner_to_CD4	MonoMacro	FN1	13	0	0	0	0	0	0	0	0	0	0	0	0						
Incoming_partner_to_CD4	MonoMacro	FSH	2	0	0	0	0	0	0	0	0	0	0	0	0						
Incoming_partner_to_CD4	MonoMacro	GALANIN	6	0	0	0	0	0	0	0	0	0	0	0	0						
Incoming_partner_to_CD4	MonoMacro	GALECTIN	5	0.661499799881773	0.675699211379223	-0.0141994114974504	0.132299959976355	0.135139842275845	-0.00283988229949008	4	4	0.661499799881773	0.675699211379223	-0.0141994114974504	-1.38777878078145e-17	-2.12375441170274	0.661499799881773	0.675699211379223	-0.0141994114974504	0	0
Incoming_partner_to_CD4	MonoMacro	GAP	4	0	0	0	0	0	0	0	0	0	0	0	0						
Incoming_partner_to_CD4	MonoMacro	GAS	3	0	0	0	0	0	0	0	0	0	0	0	0		0	0	0	0	0
Incoming_partner_to_CD4	MonoMacro	GCG	3	0	0	0	0	0	0	0	0	0	0	0	0						
Incoming_partner_to_CD4	MonoMacro	GDF	6	0	0	0	0	0	0	0	0	0	0	0	0						
Incoming_partner_to_CD4	MonoMacro	GDNF	5	0	0	0	0	0	0	0	0	0	0	0	0						
Incoming_partner_to_CD4	MonoMacro	GH	2	0	0	0	0	0	0	0	0	0	0	0	0						
Incoming_partner_to_CD4	MonoMacro	GHRELIN	1	0	0	0	0	0	0	0	0	0	0	0	0						
Incoming_partner_to_CD4	MonoMacro	GHRH	4	0	0	0	0	0	0	0	0	0	0	0	0						
Incoming_partner_to_CD4	MonoMacro	GIPR	1	0	0	0	0	0	0	0	0	0	0	0	0						
Incoming_partner_to_CD4	MonoMacro	GITRL	1	0	0	0	0	0	0	0	0	0	0	0	0						
Incoming_partner_to_CD4	MonoMacro	GNRH	1	0	0	0	0	0	0	0	0	0	0	0	0						
Incoming_partner_to_CD4	MonoMacro	GP1BA	1	0	0	0	0	0	0	0	0	0	0	0	0						
Incoming_partner_to_CD4	MonoMacro	GPR	2	0	0	0	0	0	0	0	0	0	0	0	0						
Incoming_partner_to_CD4	MonoMacro	GRN	1	0	0	0	0	0	0	0	0	0	0	0	0		0	0	0	0	0
Incoming_partner_to_CD4	MonoMacro	GRP	1	0	0	0	0	0	0	0	0	0	0	0	0						
Incoming_partner_to_CD4	MonoMacro	GUCA	2	0	0	0	0	0	0	0	0	0	0	0	0						
Incoming_partner_to_CD4	MonoMacro	HCRT	1	0	0	0	0	0	0	0	0	0	0	0	0						
Incoming_partner_to_CD4	MonoMacro	HGF	1	0	0	0	0	0	0	0	0	0	0	0	0						
Incoming_partner_to_CD4	MonoMacro	HH	6	0	0	0	0	0	0	0	0	0	0	0	0						
Incoming_partner_to_CD4	MonoMacro	HSPG	1	0	0	0	0	0	0	0	0	0	0	0	0						
Incoming_partner_to_CD4	MonoMacro	IAPP	6	0	0	0	0	0	0	0	0	0	0	0	0						
Incoming_partner_to_CD4	MonoMacro	ICAM	8	0.394542119141799	0.392191458545523	0.00235066059627596	0.0493177648927248	0.0490239323181904	0.000293832574534495	4	4	0.394542119141799	0.392191458545523	0.00235066059627592	-3.46944695195361e-17	0.597574747778263	0.394542119141799	0.392191458545523	0.00235066059627592	0	0
Incoming_partner_to_CD4	MonoMacro	ICOS	3	0	0	0	0	0	0	0	0	0	0	0	0		0	0	0	0	0
Incoming_partner_to_CD4	MonoMacro	IFN-I	17	0	0	0	0	0	0	0	0	0	0	0	0						
Incoming_partner_to_CD4	MonoMacro	IFN-II	1	0	0	0	0	0	0	0	0	0	0	0	0		0	0	0	0	0
Incoming_partner_to_CD4	MonoMacro	IGF	8	0	0	0	0	0	0	0	0	0	0	0	0						
Incoming_partner_to_CD4	MonoMacro	IGFBP	1	0	0	0	0	0	0	0	0	0	0	0	0						
Incoming_partner_to_CD4	MonoMacro	IL1	10	0	0	0	0	0	0	0	0	0	0	0	0						
Incoming_partner_to_CD4	MonoMacro	IL10	8	0	0	0	0	0	0	0	0	0	0	0	0						
Incoming_partner_to_CD4	MonoMacro	IL12	3	0	0	0	0	0	0	0	0	0	0	0	0						
Incoming_partner_to_CD4	MonoMacro	IL16	1	0.0173579613645908	0	0.0173579613645908	0.0173579613645908	0	0.0173579613645908	1	0	0.0173579613645908	0	0.0173579613645908	0	200	0.0173579613645908	0	0.0173579613645908	0	0
Incoming_partner_to_CD4	MonoMacro	IL17	6	0	0	0	0	0	0	0	0	0	0	0	0						
Incoming_partner_to_CD4	MonoMacro	IL2	8	0	0	0	0	0	0	0	0	0	0	0	0						
Incoming_partner_to_CD4	MonoMacro	IL4	10	0	0	0	0	0	0	0	0	0	0	0	0						
Incoming_partner_to_CD4	MonoMacro	IL6	3	0	0	0	0	0	0	0	0	0	0	0	0						
Incoming_partner_to_CD4	MonoMacro	INSULIN	1	0	0	0	0	0	0	0	0	0	0	0	0						
Incoming_partner_to_CD4	MonoMacro	JAM	10	0.0117232574299637	0.0115230296345777	0.000200227795385989	0.00117232574299637	0.00115230296345777	2.00227795385989e-05	1	1	0.0117232574299637	0.0115230296345777	0.000200227795385989	0	1.72266474065362	0.0117232574299637	0.0115230296345777	0.000200227795385989	0	0
Incoming_partner_to_CD4	MonoMacro	KIT	1	0	0	0	0	0	0	0	0	0	0	0	0						
Incoming_partner_to_CD4	MonoMacro	KLK	12	0	0	0	0	0	0	0	0	0	0	0	0						
Incoming_partner_to_CD4	MonoMacro	L1CAM	3	0	0	0	0	0	0	0	0	0	0	0	0						
Incoming_partner_to_CD4	MonoMacro	LAIR1	1	0	0	0	0	0	0	0	0	0	0	0	0		0	0	0	0	0
Incoming_partner_to_CD4	MonoMacro	LAMININ	139	0	0	0	0	0	0	0	0	0	0	0	0		0	0	0	0	0
Incoming_partner_to_CD4	MonoMacro	LCK	1	0	0	0	0	0	0	0	0	0	0	0	0		0	0	0	0	0
Incoming_partner_to_CD4	MonoMacro	LEP	1	0	0	0	0	0	0	0	0	0	0	0	0						
Incoming_partner_to_CD4	MonoMacro	LIFR	4	0	0	0	0	0	0	0	0	0	0	0	0						
Incoming_partner_to_CD4	MonoMacro	LIGHT	2	0	0	0	0	0	0	0	0	0	0	0	0						
Incoming_partner_to_CD4	MonoMacro	LT	4	0	0	0	0	0	0	0	0	0	0	0	0						
Incoming_partner_to_CD4	MonoMacro	MADCAM	1	0	0	0	0	0	0	0	0	0	0	0	0						
Incoming_partner_to_CD4	MonoMacro	MELANOCORTIN	5	0	0	0	0	0	0	0	0	0	0	0	0						
Incoming_partner_to_CD4	MonoMacro	MHC-I	41	1.28829012408548	2.33768871772462	-1.04939859363914	0.0314217103435484	0.0570167979932835	-0.0255950876497352	0	8	0	1.72890865873947	-1.72890865873947	-0.679510065100327	-57.8822237757613	0	1.72890865873947	-1.72890865873947	0	0
Incoming_partner_to_CD4	MonoMacro	MHC-II	12	1.02229970327349	0	1.02229970327349	0.0851916419394579	0	0.0851916419394579	11	0	1.02229970327349	0	1.02229970327349	0	200	1.02229970327349	0	1.02229970327349	0	0
Incoming_partner_to_CD4	MonoMacro	MIF	4	0.525716095300334	0.521901503070641	0.00381459222969324	0.131429023825083	0.13047537576766	0.00095364805742331	1	0	0.249850921959131	0	0.249850921959131	0.246036329729438	0.728241342189146	0.249850921959131	0	0.249850921959131	0	0
Incoming_partner_to_CD4	MonoMacro	MK	9	0	0	0	0	0	0	0	0	0	0	0	0						
Incoming_partner_to_CD4	MonoMacro	MMP	1	0	0	0	0	0	0	0	0	0	0	0	0						
Incoming_partner_to_CD4	MonoMacro	MPZ	3	0	0	0	0	0	0	0	0	0	0	0	0		0	0	0	0	0
Incoming_partner_to_CD4	MonoMacro	MSTN	4	0	0	0	0	0	0	0	0	0	0	0	0						
Incoming_partner_to_CD4	MonoMacro	NCAM	5	0	0	0	0	0	0	0	0	0	0	0	0		0	0	0	0	0
Incoming_partner_to_CD4	MonoMacro	NEGR	1	0	0	0	0	0	0	0	0	0	0	0	0						
Incoming_partner_to_CD4	MonoMacro	NGF	2	0	0	0	0	0	0	0	0	0	0	0	0						
Incoming_partner_to_CD4	MonoMacro	NGL	3	0	0	0	0	0	0	0	0	0	0	0	0						
Incoming_partner_to_CD4	MonoMacro	NMU	2	0	0	0	0	0	0	0	0	0	0	0	0						
Incoming_partner_to_CD4	MonoMacro	NODAL	12	0	0	0	0	0	0	0	0	0	0	0	0						
Incoming_partner_to_CD4	MonoMacro	NOTCH	24	0	0	0	0	0	0	0	0	0	0	0	0						
Incoming_partner_to_CD4	MonoMacro	NPFF	2	0	0	0	0	0	0	0	0	0	0	0	0						
Incoming_partner_to_CD4	MonoMacro	NPNT	2	0	0	0	0	0	0	0	0	0	0	0	0						
Incoming_partner_to_CD4	MonoMacro	NPR1	1	0	0	0	0	0	0	0	0	0	0	0	0						
Incoming_partner_to_CD4	MonoMacro	NPR2	1	0	0	0	0	0	0	0	0	0	0	0	0						
Incoming_partner_to_CD4	MonoMacro	NPVF	1	0	0	0	0	0	0	0	0	0	0	0	0						
Incoming_partner_to_CD4	MonoMacro	NPW-B	2	0	0	0	0	0	0	0	0	0	0	0	0						
Incoming_partner_to_CD4	MonoMacro	NPY	16	0	0	0	0	0	0	0	0	0	0	0	0						
Incoming_partner_to_CD4	MonoMacro	NRG	13	0	0	0	0	0	0	0	0	0	0	0	0						
Incoming_partner_to_CD4	MonoMacro	NRXN	24	0	0	0	0	0	0	0	0	0	0	0	0						
Incoming_partner_to_CD4	MonoMacro	NT	9	0	0	0	0	0	0	0	0	0	0	0	0						
Incoming_partner_to_CD4	MonoMacro	NTS	3	0	0	0	0	0	0	0	0	0	0	0	0						
Incoming_partner_to_CD4	MonoMacro	Netrin	8	0	0	0	0	0	0	0	0	0	0	0	0						
Incoming_partner_to_CD4	MonoMacro	OPIOID	12	0	0	0	0	0	0	0	0	0	0	0	0						
Incoming_partner_to_CD4	MonoMacro	OSM	2	0	0	0	0	0	0	0	0	0	0	0	0						
Incoming_partner_to_CD4	MonoMacro	OX40	1	0	0	0	0	0	0	0	0	0	0	0	0						
Incoming_partner_to_CD4	MonoMacro	OXT	1	0	0	0	0	0	0	0	0	0	0	0	0						
Incoming_partner_to_CD4	MonoMacro	PARs	29	0	0	0	0	0	0	0	0	0	0	0	0		0	0	0	0	0
Incoming_partner_to_CD4	MonoMacro	PCDH	27	0	0	0	0	0	0	0	0	0	0	0	0						
Incoming_partner_to_CD4	MonoMacro	PD-L1	1	0	0	0	0	0	0	0	0	0	0	0	0						
Incoming_partner_to_CD4	MonoMacro	PDGF	6	0	0	0	0	0	0	0	0	0	0	0	0						
Incoming_partner_to_CD4	MonoMacro	PDL2	1	0	0	0	0	0	0	0	0	0	0	0	0						
Incoming_partner_to_CD4	MonoMacro	PERIOSTIN	2	0	0	0	0	0	0	0	0	0	0	0	0						
Incoming_partner_to_CD4	MonoMacro	PLAU	1	0	0	0	0	0	0	0	0	0	0	0	0						
Incoming_partner_to_CD4	MonoMacro	PMCH	2	0	0	0	0	0	0	0	0	0	0	0	0						
Incoming_partner_to_CD4	MonoMacro	PRL	1	0	0	0	0	0	0	0	0	0	0	0	0						
Incoming_partner_to_CD4	MonoMacro	PROC	1	0	0	0	0	0	0	0	0	0	0	0	0						
Incoming_partner_to_CD4	MonoMacro	PROCR	2	0	0	0	0	0	0	0	0	0	0	0	0						
Incoming_partner_to_CD4	MonoMacro	PROK	4	0	0	0	0	0	0	0	0	0	0	0	0						
Incoming_partner_to_CD4	MonoMacro	PROS	3	0	0	0	0	0	0	0	0	0	0	0	0						
Incoming_partner_to_CD4	MonoMacro	PSAP	2	0	0	0	0	0	0	0	0	0	0	0	0						
Incoming_partner_to_CD4	MonoMacro	PTH	3	0	0	0	0	0	0	0	0	0	0	0	0						
Incoming_partner_to_CD4	MonoMacro	PTN	8	0	0	0	0	0	0	0	0	0	0	0	0						
Incoming_partner_to_CD4	MonoMacro	PTPR	11	0	0	0	0	0	0	0	0	0	0	0	0						
Incoming_partner_to_CD4	MonoMacro	PTPRM	1	0	0	0	0	0	0	0	0	0	0	0	0						
Incoming_partner_to_CD4	MonoMacro	PVR	2	0	0	0	0	0	0	0	0	0	0	0	0						
Incoming_partner_to_CD4	MonoMacro	QRFP	1	0	0	0	0	0	0	0	0	0	0	0	0						
Incoming_partner_to_CD4	MonoMacro	RANKL	2	0	0	0	0	0	0	0	0	0	0	0	0						
Incoming_partner_to_CD4	MonoMacro	RBP4	1	0	0	0	0	0	0	0	0	0	0	0	0						
Incoming_partner_to_CD4	MonoMacro	RELN	3	0	0	0	0	0	0	0	0	0	0	0	0						
Incoming_partner_to_CD4	MonoMacro	RESISTIN	2	0	0	0	0	0	0	0	0	0	0	0	0						
Incoming_partner_to_CD4	MonoMacro	RLN	16	0	0	0	0	0	0	0	0	0	0	0	0						
Incoming_partner_to_CD4	MonoMacro	SAA	1	0	0	0	0	0	0	0	0	0	0	0	0						
Incoming_partner_to_CD4	MonoMacro	SCT	1	0	0	0	0	0	0	0	0	0	0	0	0						
Incoming_partner_to_CD4	MonoMacro	SELE	2	0	0	0	0	0	0	0	0	0	0	0	0						
Incoming_partner_to_CD4	MonoMacro	SELL	4	0	0	0	0	0	0	0	0	0	0	0	0						
Incoming_partner_to_CD4	MonoMacro	SELPLG	3	0	0	0	0	0	0	0	0	0	0	0	0		0	0	0	0	0
Incoming_partner_to_CD4	MonoMacro	SEMA3	39	0	0	0	0	0	0	0	0	0	0	0	0		0	0	0	0	0
Incoming_partner_to_CD4	MonoMacro	SEMA4	13	0	0	0	0	0	0	0	0	0	0	0	0		0	0	0	0	0
Incoming_partner_to_CD4	MonoMacro	SEMA5	5	0	0	0	0	0	0	0	0	0	0	0	0						
Incoming_partner_to_CD4	MonoMacro	SEMA6	7	0	0	0	0	0	0	0	0	0	0	0	0						
Incoming_partner_to_CD4	MonoMacro	SEMA7	2	0	0	0	0	0	0	0	0	0	0	0	0		0	0	0	0	0
Incoming_partner_to_CD4	MonoMacro	SIRP	1	0	0	0	0	0	0	0	0	0	0	0	0		0	0	0	0	0
Incoming_partner_to_CD4	MonoMacro	SLIT	3	0	0	0	0	0	0	0	0	0	0	0	0						
Incoming_partner_to_CD4	MonoMacro	SLITRK	8	0	0	0	0	0	0	0	0	0	0	0	0						
Incoming_partner_to_CD4	MonoMacro	SLURP	16	0	0	0	0	0	0	0	0	0	0	0	0						
Incoming_partner_to_CD4	MonoMacro	SN	1	0	0	0	0	0	0	0	0	0	0	0	0						
Incoming_partner_to_CD4	MonoMacro	SOMATOSTATIN	7	0	0	0	0	0	0	0	0	0	0	0	0						
Incoming_partner_to_CD4	MonoMacro	SPP1	9	0	0	0	0	0	0	0	0	0	0	0	0						
Incoming_partner_to_CD4	MonoMacro	TAC	4	0	0	0	0	0	0	0	0	0	0	0	0						
Incoming_partner_to_CD4	MonoMacro	TENASCIN	28	0	0	0	0	0	0	0	0	0	0	0	0						
Incoming_partner_to_CD4	MonoMacro	TGFb	12	0	0	0	0	0	0	0	0	0	0	0	0						
Incoming_partner_to_CD4	MonoMacro	THBS	30	0	0	0	0	0	0	0	0	0	0	0	0						
Incoming_partner_to_CD4	MonoMacro	THY1	3	0	0	0	0	0	0	0	0	0	0	0	0						
Incoming_partner_to_CD4	MonoMacro	TNF	2	0.0329641706600482	0.0263932508777223	0.00657091978232595	0.0164820853300241	0.0131966254388611	0.00328545989116298	1	1	0.0329641706600482	0.0263932508777223	0.00657091978232595	0	22.1401793140382	0.0329641706600482	0.0263932508777223	0.00657091978232595	0	0
Incoming_partner_to_CD4	MonoMacro	TRAIL	1	0	0	0	0	0	0	0	0	0	0	0	0						
Incoming_partner_to_CD4	MonoMacro	TRH	1	0	0	0	0	0	0	0	0	0	0	0	0						
Incoming_partner_to_CD4	MonoMacro	TSH	2	0	0	0	0	0	0	0	0	0	0	0	0						
Incoming_partner_to_CD4	MonoMacro	TULP	5	0	0	0	0	0	0	0	0	0	0	0	0						
Incoming_partner_to_CD4	MonoMacro	TWEAK	1	0	0	0	0	0	0	0	0	0	0	0	0						
Incoming_partner_to_CD4	MonoMacro	UCN	4	0	0	0	0	0	0	0	0	0	0	0	0						
Incoming_partner_to_CD4	MonoMacro	UGRP1	1	0	0	0	0	0	0	0	0	0	0	0	0						
Incoming_partner_to_CD4	MonoMacro	UNC5	12	0	0	0	0	0	0	0	0	0	0	0	0						
Incoming_partner_to_CD4	MonoMacro	UROTENSIN	2	0	0	0	0	0	0	0	0	0	0	0	0						
Incoming_partner_to_CD4	MonoMacro	UTS2	1	0	0	0	0	0	0	0	0	0	0	0	0						
Incoming_partner_to_CD4	MonoMacro	VCAM	4	0	0	0	0	0	0	0	0	0	0	0	0		0	0	0	0	0
Incoming_partner_to_CD4	MonoMacro	VEGF	8	0	0	0	0	0	0	0	0	0	0	0	0						
Incoming_partner_to_CD4	MonoMacro	VEGI	1	0	0	0	0	0	0	0	0	0	0	0	0						
Incoming_partner_to_CD4	MonoMacro	VISFATIN	1	0	0	0	0	0	0	0	0	0	0	0	0		0	0	0	0	0
Incoming_partner_to_CD4	MonoMacro	VTN	7	0	0	0	0	0	0	0	0	0	0	0	0						
Incoming_partner_to_CD4	MonoMacro	VWF	3	0	0	0	0	0	0	0	0	0	0	0	0						
Incoming_partner_to_CD4	MonoMacro	WNT	320	0	0	0	0	0	0	0	0	0	0	0	0						
Incoming_partner_to_CD4	MonoMacro	XCR	2	0	0	0	0	0	0	0	0	0	0	0	0						
Incoming_partner_to_CD4	MonoMacro	ncWNT	31	0	0	0	0	0	0	0	0	0	0	0	0						
Incoming_partner_to_CD4	NK	ACTIVIN	20	0	0	0	0	0	0	0	0	0	0	0	0						
Incoming_partner_to_CD4	NK	ADIPONECTIN	2	0	0	0	0	0	0	0	0	0	0	0	0						
Incoming_partner_to_CD4	NK	ADM	6	0	0	0	0	0	0	0	0	0	0	0	0						
Incoming_partner_to_CD4	NK	AGRN	1	0	0	0	0	0	0	0	0	0	0	0	0						
Incoming_partner_to_CD4	NK	AGT	3	0	0	0	0	0	0	0	0	0	0	0	0						
Incoming_partner_to_CD4	NK	AMH	2	0	0	0	0	0	0	0	0	0	0	0	0						
Incoming_partner_to_CD4	NK	ANGPT	2	0	0	0	0	0	0	0	0	0	0	0	0						
Incoming_partner_to_CD4	NK	ANGPTL	15	0	0	0	0	0	0	0	0	0	0	0	0						
Incoming_partner_to_CD4	NK	ANNEXIN	6	0	0	0	0	0	0	0	0	0	0	0	0		0	0	0	0	0
Incoming_partner_to_CD4	NK	APP	4	0	0	0	0	0	0	0	0	0	0	0	0		0	0	0	0	0
Incoming_partner_to_CD4	NK	APRIL	2	0	0	0	0	0	0	0	0	0	0	0	0		0	0	0	0	0
Incoming_partner_to_CD4	NK	ApoA	4	0	0	0	0	0	0	0	0	0	0	0	0						
Incoming_partner_to_CD4	NK	ApoB	2	0	0	0	0	0	0	0	0	0	0	0	0						
Incoming_partner_to_CD4	NK	ApoE	1	0	0	0	0	0	0	0	0	0	0	0	0						
Incoming_partner_to_CD4	NK	BAFF	3	0	0	0	0	0	0	0	0	0	0	0	0		0	0	0	0	0
Incoming_partner_to_CD4	NK	BAG	1	0	0	0	0	0	0	0	0	0	0	0	0						
Incoming_partner_to_CD4	NK	BMP	75	0	0	0	0	0	0	0	0	0	0	0	0						
Incoming_partner_to_CD4	NK	BMP10	4	0	0	0	0	0	0	0	0	0	0	0	0						
Incoming_partner_to_CD4	NK	BRADYKININ	2	0	0	0	0	0	0	0	0	0	0	0	0						
Incoming_partner_to_CD4	NK	BSP	2	0	0	0	0	0	0	0	0	0	0	0	0						
Incoming_partner_to_CD4	NK	BTLA	1	0	0	0	0	0	0	0	0	0	0	0	0		0	0	0	0	0
Incoming_partner_to_CD4	NK	CADM	6	0	0	0	0	0	0	0	0	0	0	0	0		0	0	0	0	0
Incoming_partner_to_CD4	NK	CALC	12	0	0	0	0	0	0	0	0	0	0	0	0						
Incoming_partner_to_CD4	NK	CALCR	8	0	0	0	0	0	0	0	0	0	0	0	0		0	0	0	0	0
Incoming_partner_to_CD4	NK	CCL	55	0.0961897676101661	0.168143451670583	-0.0719536840604164	0.00174890486563938	0.00305715366673787	-0.00130824880109848	2	3	0.0462152875822273	0.168143451670583	-0.121928164088355	-0.0499744800279388	-54.4416507741271	0.0462152875822273	0.168143451670583	-0.121928164088355	0	0
Incoming_partner_to_CD4	NK	CD137	1	0	0	0	0	0	0	0	0	0	0	0	0		0	0	0	0	0
Incoming_partner_to_CD4	NK	CD160	1	0	0	0	0	0	0	0	0	0	0	0	0						
Incoming_partner_to_CD4	NK	CD200	1	0	0	0	0	0	0	0	0	0	0	0	0						
Incoming_partner_to_CD4	NK	CD23	4	0	0	0	0	0	0	0	0	0	0	0	0		0	0	0	0	0
Incoming_partner_to_CD4	NK	CD276	1	0	0	0	0	0	0	0	0	0	0	0	0						
Incoming_partner_to_CD4	NK	CD30	1	0	0	0	0	0	0	0	0	0	0	0	0						
Incoming_partner_to_CD4	NK	CD34	1	0	0	0	0	0	0	0	0	0	0	0	0						
Incoming_partner_to_CD4	NK	CD39	4	0	0	0	0	0	0	0	0	0	0	0	0		0	0	0	0	0
Incoming_partner_to_CD4	NK	CD40	4	0	0	0	0	0	0	0	0	0	0	0	0						
Incoming_partner_to_CD4	NK	CD45	2	0	0	0	0	0	0	0	0	0	0	0	0		0	0	0	0	0
Incoming_partner_to_CD4	NK	CD46	1	0	0	0	0	0	0	0	0	0	0	0	0						
Incoming_partner_to_CD4	NK	CD48	1	0	0	0	0	0	0	0	0	0	0	0	0		0	0	0	0	0
Incoming_partner_to_CD4	NK	CD6	1	0	0	0	0	0	0	0	0	0	0	0	0		0	0	0	0	0
Incoming_partner_to_CD4	NK	CD70	1	0	0	0	0	0	0	0	0	0	0	0	0						
Incoming_partner_to_CD4	NK	CD80	3	0	0	0	0	0	0	0	0	0	0	0	0						
Incoming_partner_to_CD4	NK	CD86	2	0	0	0	0	0	0	0	0	0	0	0	0		0	0	0	0	0
Incoming_partner_to_CD4	NK	CD96	1	0	0	0	0	0	0	0	0	0	0	0	0						
Incoming_partner_to_CD4	NK	CD99	4	0.198528223215864	0.204328921313972	-0.00580069809810766	0.0496320558039661	0.051082230328493	-0.00145017452452692	1	2	0.154607767466673	0.204328921313972	-0.0497211538472988	-0.0439204557491911	-2.87977918568504	0.154607767466673	0.204328921313972	-0.0497211538472988	0	0
Incoming_partner_to_CD4	NK	CDH	4	0	0	0	0	0	0	0	0	0	0	0	0		0	0	0	0	0
Incoming_partner_to_CD4	NK	CDH1	3	0	0	0	0	0	0	0	0	0	0	0	0		0	0	0	0	0
Incoming_partner_to_CD4	NK	CEACAM	7	0	0	0	0	0	0	0	0	0	0	0	0						
Incoming_partner_to_CD4	NK	CHAD	1	0	0	0	0	0	0	0	0	0	0	0	0						
Incoming_partner_to_CD4	NK	CHEMERIN	2	0	0	0	0	0	0	0	0	0	0	0	0						
Incoming_partner_to_CD4	NK	CLDN	4	0	0	0	0	0	0	0	0	0	0	0	0						
Incoming_partner_to_CD4	NK	CLEC	6	0	0	0	0	0	0	0	0	0	0	0	0		0	0	0	0	0
Incoming_partner_to_CD4	NK	CNTN	7	0	0	0	0	0	0	0	0	0	0	0	0						
Incoming_partner_to_CD4	NK	COLLAGEN	187	0	0	0	0	0	0	0	0	0	0	0	0						
Incoming_partner_to_CD4	NK	COMPLEMENT	7	0	0	0	0	0	0	0	0	0	0	0	0		0	0	0	0	0
Incoming_partner_to_CD4	NK	CRH	1	0	0	0	0	0	0	0	0	0	0	0	0						
Incoming_partner_to_CD4	NK	CSF	2	0	0	0	0	0	0	0	0	0	0	0	0						
Incoming_partner_to_CD4	NK	CSF3	1	0	0	0	0	0	0	0	0	0	0	0	0						
Incoming_partner_to_CD4	NK	CSPG4	1	0	0	0	0	0	0	0	0	0	0	0	0						
Incoming_partner_to_CD4	NK	CTSG	1	0	0	0	0	0	0	0	0	0	0	0	0						
Incoming_partner_to_CD4	NK	CX3C	1	0	0	0	0	0	0	0	0	0	0	0	0						
Incoming_partner_to_CD4	NK	CXCL	22	0	0	0	0	0	0	0	0	0	0	0	0		0	0	0	0	0
Incoming_partner_to_CD4	NK	CypA	1	0.0954402502048216	0.0922192544317682	0.00322099577305347	0.0954402502048216	0.0922192544317682	0.00322099577305347	0	0	0	0	0	-0.00322099577305347	3.43280856388389	0	0	0	0	0
Incoming_partner_to_CD4	NK	DESMOSOME	11	0	0	0	0	0	0	0	0	0	0	0	0						
Incoming_partner_to_CD4	NK	DMP1	1	0	0	0	0	0	0	0	0	0	0	0	0						
Incoming_partner_to_CD4	NK	DSPP	2	0	0	0	0	0	0	0	0	0	0	0	0						
Incoming_partner_to_CD4	NK	EDN	5	0	0	0	0	0	0	0	0	0	0	0	0						
Incoming_partner_to_CD4	NK	EGF	18	0	0	0	0	0	0	0	0	0	0	0	0						
Incoming_partner_to_CD4	NK	ENHO	1	0	0	0	0	0	0	0	0	0	0	0	0						
Incoming_partner_to_CD4	NK	EPGN	1	0	0	0	0	0	0	0	0	0	0	0	0						
Incoming_partner_to_CD4	NK	EPHA	32	0	0	0	0	0	0	0	0	0	0	0	0						
Incoming_partner_to_CD4	NK	EPHB	16	0	0	0	0	0	0	0	0	0	0	0	0						
Incoming_partner_to_CD4	NK	EPO	1	0	0	0	0	0	0	0	0	0	0	0	0						
Incoming_partner_to_CD4	NK	ESAM	1	0	0	0	0	0	0	0	0	0	0	0	0						
Incoming_partner_to_CD4	NK	FASLG	1	0	0	0	0	0	0	0	0	0	0	0	0		0	0	0	0	0
Incoming_partner_to_CD4	NK	FGF	46	0	0	0	0	0	0	0	0	0	0	0	0						
Incoming_partner_to_CD4	NK	FLRT	1	0	0	0	0	0	0	0	0	0	0	0	0						
Incoming_partner_to_CD4	NK	FLT3	1	0	0	0	0	0	0	0	0	0	0	0	0						
Incoming_partner_to_CD4	NK	FN1	13	0	0	0	0	0	0	0	0	0	0	0	0						
Incoming_partner_to_CD4	NK	FSH	2	0	0	0	0	0	0	0	0	0	0	0	0						
Incoming_partner_to_CD4	NK	GALANIN	6	0	0	0	0	0	0	0	0	0	0	0	0						
Incoming_partner_to_CD4	NK	GALECTIN	5	0	0	0	0	0	0	0	0	0	0	0	0		0	0	0	0	0
Incoming_partner_to_CD4	NK	GAP	4	0	0	0	0	0	0	0	0	0	0	0	0						
Incoming_partner_to_CD4	NK	GAS	3	0	0	0	0	0	0	0	0	0	0	0	0		0	0	0	0	0
Incoming_partner_to_CD4	NK	GCG	3	0	0	0	0	0	0	0	0	0	0	0	0						
Incoming_partner_to_CD4	NK	GDF	6	0	0	0	0	0	0	0	0	0	0	0	0						
Incoming_partner_to_CD4	NK	GDNF	5	0	0	0	0	0	0	0	0	0	0	0	0						
Incoming_partner_to_CD4	NK	GH	2	0	0	0	0	0	0	0	0	0	0	0	0						
Incoming_partner_to_CD4	NK	GHRELIN	1	0	0	0	0	0	0	0	0	0	0	0	0						
Incoming_partner_to_CD4	NK	GHRH	4	0	0	0	0	0	0	0	0	0	0	0	0						
Incoming_partner_to_CD4	NK	GIPR	1	0	0	0	0	0	0	0	0	0	0	0	0						
Incoming_partner_to_CD4	NK	GITRL	1	0	0	0	0	0	0	0	0	0	0	0	0						
Incoming_partner_to_CD4	NK	GNRH	1	0	0	0	0	0	0	0	0	0	0	0	0						
Incoming_partner_to_CD4	NK	GP1BA	1	0	0	0	0	0	0	0	0	0	0	0	0						
Incoming_partner_to_CD4	NK	GPR	2	0	0	0	0	0	0	0	0	0	0	0	0						
Incoming_partner_to_CD4	NK	GRN	1	0	0	0	0	0	0	0	0	0	0	0	0		0	0	0	0	0
Incoming_partner_to_CD4	NK	GRP	1	0	0	0	0	0	0	0	0	0	0	0	0						
Incoming_partner_to_CD4	NK	GUCA	2	0	0	0	0	0	0	0	0	0	0	0	0						
Incoming_partner_to_CD4	NK	HCRT	1	0	0	0	0	0	0	0	0	0	0	0	0						
Incoming_partner_to_CD4	NK	HGF	1	0	0	0	0	0	0	0	0	0	0	0	0						
Incoming_partner_to_CD4	NK	HH	6	0	0	0	0	0	0	0	0	0	0	0	0						
Incoming_partner_to_CD4	NK	HSPG	1	0	0	0	0	0	0	0	0	0	0	0	0						
Incoming_partner_to_CD4	NK	IAPP	6	0	0	0	0	0	0	0	0	0	0	0	0						
Incoming_partner_to_CD4	NK	ICAM	8	0	0	0	0	0	0	0	0	0	0	0	0		0	0	0	0	0
Incoming_partner_to_CD4	NK	ICOS	3	0	0	0	0	0	0	0	0	0	0	0	0		0	0	0	0	0
Incoming_partner_to_CD4	NK	IFN-I	17	0	0	0	0	0	0	0	0	0	0	0	0						
Incoming_partner_to_CD4	NK	IFN-II	1	0	0	0	0	0	0	0	0	0	0	0	0		0	0	0	0	0
Incoming_partner_to_CD4	NK	IGF	8	0	0	0	0	0	0	0	0	0	0	0	0						
Incoming_partner_to_CD4	NK	IGFBP	1	0	0	0	0	0	0	0	0	0	0	0	0						
Incoming_partner_to_CD4	NK	IL1	10	0	0	0	0	0	0	0	0	0	0	0	0						
Incoming_partner_to_CD4	NK	IL10	8	0	0	0	0	0	0	0	0	0	0	0	0						
Incoming_partner_to_CD4	NK	IL12	3	0	0	0	0	0	0	0	0	0	0	0	0						
Incoming_partner_to_CD4	NK	IL16	1	0.0159665067469513	0	0.0159665067469513	0.0159665067469513	0	0.0159665067469513	1	0	0.0159665067469513	0	0.0159665067469513	0	200	0.0159665067469513	0	0.0159665067469513	0	0
Incoming_partner_to_CD4	NK	IL17	6	0	0	0	0	0	0	0	0	0	0	0	0						
Incoming_partner_to_CD4	NK	IL2	8	0	0	0	0	0	0	0	0	0	0	0	0						
Incoming_partner_to_CD4	NK	IL4	10	0	0	0	0	0	0	0	0	0	0	0	0						
Incoming_partner_to_CD4	NK	IL6	3	0	0	0	0	0	0	0	0	0	0	0	0						
Incoming_partner_to_CD4	NK	INSULIN	1	0	0	0	0	0	0	0	0	0	0	0	0						
Incoming_partner_to_CD4	NK	JAM	10	0	0	0	0	0	0	0	0	0	0	0	0		0	0	0	0	0
Incoming_partner_to_CD4	NK	KIT	1	0	0	0	0	0	0	0	0	0	0	0	0						
Incoming_partner_to_CD4	NK	KLK	12	0	0	0	0	0	0	0	0	0	0	0	0						
Incoming_partner_to_CD4	NK	L1CAM	3	0	0	0	0	0	0	0	0	0	0	0	0						
Incoming_partner_to_CD4	NK	LAIR1	1	0	0	0	0	0	0	0	0	0	0	0	0		0	0	0	0	0
Incoming_partner_to_CD4	NK	LAMININ	139	0	0	0	0	0	0	0	0	0	0	0	0		0	0	0	0	0
Incoming_partner_to_CD4	NK	LCK	1	0.063134385008563	0.105254567143282	-0.0421201821347194	0.063134385008563	0.105254567143282	-0.0421201821347194	0	1	0	0.105254567143282	-0.105254567143282	-0.063134385008563	-50.027251308907	0	0.105254567143282	-0.105254567143282	0	0
Incoming_partner_to_CD4	NK	LEP	1	0	0	0	0	0	0	0	0	0	0	0	0						
Incoming_partner_to_CD4	NK	LIFR	4	0	0	0	0	0	0	0	0	0	0	0	0						
Incoming_partner_to_CD4	NK	LIGHT	2	0	0	0	0	0	0	0	0	0	0	0	0						
Incoming_partner_to_CD4	NK	LT	4	0	0	0	0	0	0	0	0	0	0	0	0						
Incoming_partner_to_CD4	NK	MADCAM	1	0	0	0	0	0	0	0	0	0	0	0	0						
Incoming_partner_to_CD4	NK	MELANOCORTIN	5	0	0	0	0	0	0	0	0	0	0	0	0						
Incoming_partner_to_CD4	NK	MHC-I	41	1.42012449743123	2.54796821298006	-1.12784371554883	0.0346371828641763	0.0621455661702453	-0.027508383306069	11	13	1.19614479415881	2.54796821298006	-1.35182341882125	-0.223979703272421	-56.8456332983173	1.19614479415881	2.54796821298006	-1.35182341882125	0	0
Incoming_partner_to_CD4	NK	MHC-II	12	0.0937785480897555	0	0.0937785480897555	0.00781487900747963	0	0.00781487900747963	5	0	0.0937785480897555	0	0.0937785480897555	0	200	0.0937785480897555	0	0.0937785480897555	0	0
Incoming_partner_to_CD4	NK	MIF	4	0.22468293191867	0.222767909796949	0.00191502212172114	0.0561707329796674	0.0556919774492372	0.000478755530430284	0	0	0	0	0	-0.00191502212172114	0.855969837660176	0	0	0	0	0
Incoming_partner_to_CD4	NK	MK	9	0	0	0	0	0	0	0	0	0	0	0	0						
Incoming_partner_to_CD4	NK	MMP	1	0	0	0	0	0	0	0	0	0	0	0	0						
Incoming_partner_to_CD4	NK	MPZ	3	0	0	0	0	0	0	0	0	0	0	0	0		0	0	0	0	0
Incoming_partner_to_CD4	NK	MSTN	4	0	0	0	0	0	0	0	0	0	0	0	0						
Incoming_partner_to_CD4	NK	NCAM	5	0	0	0	0	0	0	0	0	0	0	0	0		0	0	0	0	0
Incoming_partner_to_CD4	NK	NEGR	1	0	0	0	0	0	0	0	0	0	0	0	0						
Incoming_partner_to_CD4	NK	NGF	2	0	0	0	0	0	0	0	0	0	0	0	0						
Incoming_partner_to_CD4	NK	NGL	3	0	0	0	0	0	0	0	0	0	0	0	0						
Incoming_partner_to_CD4	NK	NMU	2	0	0	0	0	0	0	0	0	0	0	0	0						
Incoming_partner_to_CD4	NK	NODAL	12	0	0	0	0	0	0	0	0	0	0	0	0						
Incoming_partner_to_CD4	NK	NOTCH	24	0	0	0	0	0	0	0	0	0	0	0	0						
Incoming_partner_to_CD4	NK	NPFF	2	0	0	0	0	0	0	0	0	0	0	0	0						
Incoming_partner_to_CD4	NK	NPNT	2	0	0	0	0	0	0	0	0	0	0	0	0						
Incoming_partner_to_CD4	NK	NPR1	1	0	0	0	0	0	0	0	0	0	0	0	0						
Incoming_partner_to_CD4	NK	NPR2	1	0	0	0	0	0	0	0	0	0	0	0	0						
Incoming_partner_to_CD4	NK	NPVF	1	0	0	0	0	0	0	0	0	0	0	0	0						
Incoming_partner_to_CD4	NK	NPW-B	2	0	0	0	0	0	0	0	0	0	0	0	0						
Incoming_partner_to_CD4	NK	NPY	16	0	0	0	0	0	0	0	0	0	0	0	0						
Incoming_partner_to_CD4	NK	NRG	13	0	0	0	0	0	0	0	0	0	0	0	0						
Incoming_partner_to_CD4	NK	NRXN	24	0	0	0	0	0	0	0	0	0	0	0	0						
Incoming_partner_to_CD4	NK	NT	9	0	0	0	0	0	0	0	0	0	0	0	0						
Incoming_partner_to_CD4	NK	NTS	3	0	0	0	0	0	0	0	0	0	0	0	0						
Incoming_partner_to_CD4	NK	Netrin	8	0	0	0	0	0	0	0	0	0	0	0	0						
Incoming_partner_to_CD4	NK	OPIOID	12	0	0	0	0	0	0	0	0	0	0	0	0						
Incoming_partner_to_CD4	NK	OSM	2	0	0	0	0	0	0	0	0	0	0	0	0						
Incoming_partner_to_CD4	NK	OX40	1	0	0	0	0	0	0	0	0	0	0	0	0						
Incoming_partner_to_CD4	NK	OXT	1	0	0	0	0	0	0	0	0	0	0	0	0						
Incoming_partner_to_CD4	NK	PARs	29	0.0154137567337906	0.0291806126927204	-0.0137668559589298	0.000531508852889329	0.00100622802388691	-0.000474719170997581	1	1	0.0154137567337906	0.0291806126927204	-0.0137668559589298	0	-61.7425748406057	0.0154137567337906	0.0291806126927204	-0.0137668559589298	0	0
Incoming_partner_to_CD4	NK	PCDH	27	0	0	0	0	0	0	0	0	0	0	0	0						
Incoming_partner_to_CD4	NK	PD-L1	1	0	0	0	0	0	0	0	0	0	0	0	0						
Incoming_partner_to_CD4	NK	PDGF	6	0	0	0	0	0	0	0	0	0	0	0	0						
Incoming_partner_to_CD4	NK	PDL2	1	0	0	0	0	0	0	0	0	0	0	0	0						
Incoming_partner_to_CD4	NK	PERIOSTIN	2	0	0	0	0	0	0	0	0	0	0	0	0						
Incoming_partner_to_CD4	NK	PLAU	1	0	0	0	0	0	0	0	0	0	0	0	0						
Incoming_partner_to_CD4	NK	PMCH	2	0	0	0	0	0	0	0	0	0	0	0	0						
Incoming_partner_to_CD4	NK	PRL	1	0	0	0	0	0	0	0	0	0	0	0	0						
Incoming_partner_to_CD4	NK	PROC	1	0	0	0	0	0	0	0	0	0	0	0	0						
Incoming_partner_to_CD4	NK	PROCR	2	0	0	0	0	0	0	0	0	0	0	0	0						
Incoming_partner_to_CD4	NK	PROK	4	0	0	0	0	0	0	0	0	0	0	0	0						
Incoming_partner_to_CD4	NK	PROS	3	0	0	0	0	0	0	0	0	0	0	0	0						
Incoming_partner_to_CD4	NK	PSAP	2	0	0	0	0	0	0	0	0	0	0	0	0						
Incoming_partner_to_CD4	NK	PTH	3	0	0	0	0	0	0	0	0	0	0	0	0						
Incoming_partner_to_CD4	NK	PTN	8	0	0	0	0	0	0	0	0	0	0	0	0						
Incoming_partner_to_CD4	NK	PTPR	11	0	0	0	0	0	0	0	0	0	0	0	0						
Incoming_partner_to_CD4	NK	PTPRM	1	0	0	0	0	0	0	0	0	0	0	0	0						
Incoming_partner_to_CD4	NK	PVR	2	0	0	0	0	0	0	0	0	0	0	0	0						
Incoming_partner_to_CD4	NK	QRFP	1	0	0	0	0	0	0	0	0	0	0	0	0						
Incoming_partner_to_CD4	NK	RANKL	2	0	0	0	0	0	0	0	0	0	0	0	0						
Incoming_partner_to_CD4	NK	RBP4	1	0	0	0	0	0	0	0	0	0	0	0	0						
Incoming_partner_to_CD4	NK	RELN	3	0	0	0	0	0	0	0	0	0	0	0	0						
Incoming_partner_to_CD4	NK	RESISTIN	2	0	0	0	0	0	0	0	0	0	0	0	0						
Incoming_partner_to_CD4	NK	RLN	16	0	0	0	0	0	0	0	0	0	0	0	0						
Incoming_partner_to_CD4	NK	SAA	1	0	0	0	0	0	0	0	0	0	0	0	0						
Incoming_partner_to_CD4	NK	SCT	1	0	0	0	0	0	0	0	0	0	0	0	0						
Incoming_partner_to_CD4	NK	SELE	2	0	0	0	0	0	0	0	0	0	0	0	0						
Incoming_partner_to_CD4	NK	SELL	4	0	0	0	0	0	0	0	0	0	0	0	0						
Incoming_partner_to_CD4	NK	SELPLG	3	0	0	0	0	0	0	0	0	0	0	0	0		0	0	0	0	0
Incoming_partner_to_CD4	NK	SEMA3	39	0	0	0	0	0	0	0	0	0	0	0	0		0	0	0	0	0
Incoming_partner_to_CD4	NK	SEMA4	13	0	0	0	0	0	0	0	0	0	0	0	0		0	0	0	0	0
Incoming_partner_to_CD4	NK	SEMA5	5	0	0	0	0	0	0	0	0	0	0	0	0						
Incoming_partner_to_CD4	NK	SEMA6	7	0	0	0	0	0	0	0	0	0	0	0	0						
Incoming_partner_to_CD4	NK	SEMA7	2	0	0	0	0	0	0	0	0	0	0	0	0		0	0	0	0	0
Incoming_partner_to_CD4	NK	SIRP	1	0	0	0	0	0	0	0	0	0	0	0	0		0	0	0	0	0
Incoming_partner_to_CD4	NK	SLIT	3	0	0	0	0	0	0	0	0	0	0	0	0						
Incoming_partner_to_CD4	NK	SLITRK	8	0	0	0	0	0	0	0	0	0	0	0	0						
Incoming_partner_to_CD4	NK	SLURP	16	0	0	0	0	0	0	0	0	0	0	0	0						
Incoming_partner_to_CD4	NK	SN	1	0	0	0	0	0	0	0	0	0	0	0	0						
Incoming_partner_to_CD4	NK	SOMATOSTATIN	7	0	0	0	0	0	0	0	0	0	0	0	0						
Incoming_partner_to_CD4	NK	SPP1	9	0	0	0	0	0	0	0	0	0	0	0	0						
Incoming_partner_to_CD4	NK	TAC	4	0	0	0	0	0	0	0	0	0	0	0	0						
Incoming_partner_to_CD4	NK	TENASCIN	28	0	0	0	0	0	0	0	0	0	0	0	0						
Incoming_partner_to_CD4	NK	TGFb	12	0	0	0	0	0	0	0	0	0	0	0	0						
Incoming_partner_to_CD4	NK	THBS	30	0	0	0	0	0	0	0	0	0	0	0	0						
Incoming_partner_to_CD4	NK	THY1	3	0	0	0	0	0	0	0	0	0	0	0	0						
Incoming_partner_to_CD4	NK	TNF	2	0	0	0	0	0	0	0	0	0	0	0	0		0	0	0	0	0
Incoming_partner_to_CD4	NK	TRAIL	1	0	0	0	0	0	0	0	0	0	0	0	0						
Incoming_partner_to_CD4	NK	TRH	1	0	0	0	0	0	0	0	0	0	0	0	0						
Incoming_partner_to_CD4	NK	TSH	2	0	0	0	0	0	0	0	0	0	0	0	0						
Incoming_partner_to_CD4	NK	TULP	5	0	0	0	0	0	0	0	0	0	0	0	0						
Incoming_partner_to_CD4	NK	TWEAK	1	0	0	0	0	0	0	0	0	0	0	0	0						
Incoming_partner_to_CD4	NK	UCN	4	0	0	0	0	0	0	0	0	0	0	0	0						
Incoming_partner_to_CD4	NK	UGRP1	1	0	0	0	0	0	0	0	0	0	0	0	0						
Incoming_partner_to_CD4	NK	UNC5	12	0	0	0	0	0	0	0	0	0	0	0	0						
Incoming_partner_to_CD4	NK	UROTENSIN	2	0	0	0	0	0	0	0	0	0	0	0	0						
Incoming_partner_to_CD4	NK	UTS2	1	0	0	0	0	0	0	0	0	0	0	0	0						
Incoming_partner_to_CD4	NK	VCAM	4	0	0	0	0	0	0	0	0	0	0	0	0		0	0	0	0	0
Incoming_partner_to_CD4	NK	VEGF	8	0	0	0	0	0	0	0	0	0	0	0	0						
Incoming_partner_to_CD4	NK	VEGI	1	0	0	0	0	0	0	0	0	0	0	0	0						
Incoming_partner_to_CD4	NK	VISFATIN	1	0	0	0	0	0	0	0	0	0	0	0	0		0	0	0	0	0
Incoming_partner_to_CD4	NK	VTN	7	0	0	0	0	0	0	0	0	0	0	0	0						
Incoming_partner_to_CD4	NK	VWF	3	0	0	0	0	0	0	0	0	0	0	0	0						
Incoming_partner_to_CD4	NK	WNT	320	0	0	0	0	0	0	0	0	0	0	0	0						
Incoming_partner_to_CD4	NK	XCR	2	0	0	0	0	0	0	0	0	0	0	0	0						
Incoming_partner_to_CD4	NK	ncWNT	31	0	0	0	0	0	0	0	0	0	0	0	0						
Incoming_partner_to_CD4	Plasma	ACTIVIN	20	0	0	0	0	0	0	0	0	0	0	0	0						
Incoming_partner_to_CD4	Plasma	ADIPONECTIN	2	0	0	0	0	0	0	0	0	0	0	0	0						
Incoming_partner_to_CD4	Plasma	ADM	6	0	0	0	0	0	0	0	0	0	0	0	0						
Incoming_partner_to_CD4	Plasma	AGRN	1	0	0	0	0	0	0	0	0	0	0	0	0						
Incoming_partner_to_CD4	Plasma	AGT	3	0	0	0	0	0	0	0	0	0	0	0	0						
Incoming_partner_to_CD4	Plasma	AMH	2	0	0	0	0	0	0	0	0	0	0	0	0						
Incoming_partner_to_CD4	Plasma	ANGPT	2	0	0	0	0	0	0	0	0	0	0	0	0						
Incoming_partner_to_CD4	Plasma	ANGPTL	15	0	0	0	0	0	0	0	0	0	0	0	0						
Incoming_partner_to_CD4	Plasma	ANNEXIN	6	0	0	0	0	0	0	0	0	0	0	0	0		0	0	0	0	0
Incoming_partner_to_CD4	Plasma	APP	4	0	0	0	0	0	0	0	0	0	0	0	0		0	0	0	0	0
Incoming_partner_to_CD4	Plasma	APRIL	2	0	0	0	0	0	0	0	0	0	0	0	0		0	0	0	0	0
Incoming_partner_to_CD4	Plasma	ApoA	4	0	0	0	0	0	0	0	0	0	0	0	0						
Incoming_partner_to_CD4	Plasma	ApoB	2	0	0	0	0	0	0	0	0	0	0	0	0						
Incoming_partner_to_CD4	Plasma	ApoE	1	0	0	0	0	0	0	0	0	0	0	0	0						
Incoming_partner_to_CD4	Plasma	BAFF	3	0	0	0	0	0	0	0	0	0	0	0	0		0	0	0	0	0
Incoming_partner_to_CD4	Plasma	BAG	1	0	0	0	0	0	0	0	0	0	0	0	0						
Incoming_partner_to_CD4	Plasma	BMP	75	0	0	0	0	0	0	0	0	0	0	0	0						
Incoming_partner_to_CD4	Plasma	BMP10	4	0	0	0	0	0	0	0	0	0	0	0	0						
Incoming_partner_to_CD4	Plasma	BRADYKININ	2	0	0	0	0	0	0	0	0	0	0	0	0						
Incoming_partner_to_CD4	Plasma	BSP	2	0	0	0	0	0	0	0	0	0	0	0	0						
Incoming_partner_to_CD4	Plasma	BTLA	1	0	0	0	0	0	0	0	0	0	0	0	0		0	0	0	0	0
Incoming_partner_to_CD4	Plasma	CADM	6	0	0	0	0	0	0	0	0	0	0	0	0		0	0	0	0	0
Incoming_partner_to_CD4	Plasma	CALC	12	0	0	0	0	0	0	0	0	0	0	0	0						
Incoming_partner_to_CD4	Plasma	CALCR	8	0	0	0	0	0	0	0	0	0	0	0	0		0	0	0	0	0
Incoming_partner_to_CD4	Plasma	CCL	55	0	0	0	0	0	0	0	0	0	0	0	0		0	0	0	0	0
Incoming_partner_to_CD4	Plasma	CD137	1	0	0	0	0	0	0	0	0	0	0	0	0		0	0	0	0	0
Incoming_partner_to_CD4	Plasma	CD160	1	0	0	0	0	0	0	0	0	0	0	0	0						
Incoming_partner_to_CD4	Plasma	CD200	1	0	0	0	0	0	0	0	0	0	0	0	0						
Incoming_partner_to_CD4	Plasma	CD23	4	0	0	0	0	0	0	0	0	0	0	0	0		0	0	0	0	0
Incoming_partner_to_CD4	Plasma	CD276	1	0	0	0	0	0	0	0	0	0	0	0	0						
Incoming_partner_to_CD4	Plasma	CD30	1	0	0	0	0	0	0	0	0	0	0	0	0						
Incoming_partner_to_CD4	Plasma	CD34	1	0	0	0	0	0	0	0	0	0	0	0	0						
Incoming_partner_to_CD4	Plasma	CD39	4	0.000883153417546235	0	0.000883153417546235	0.000220788354386559	0	0.000220788354386559	1	0	0.000883153417546235	0	0.000883153417546235	0	200	0.000883153417546235	0	0.000883153417546235	0	0
Incoming_partner_to_CD4	Plasma	CD40	4	0	0	0	0	0	0	0	0	0	0	0	0						
Incoming_partner_to_CD4	Plasma	CD45	2	0	0	0	0	0	0	0	0	0	0	0	0		0	0	0	0	0
Incoming_partner_to_CD4	Plasma	CD46	1	0	0	0	0	0	0	0	0	0	0	0	0						
Incoming_partner_to_CD4	Plasma	CD48	1	0	0	0	0	0	0	0	0	0	0	0	0		0	0	0	0	0
Incoming_partner_to_CD4	Plasma	CD6	1	0	0	0	0	0	0	0	0	0	0	0	0		0	0	0	0	0
Incoming_partner_to_CD4	Plasma	CD70	1	0	0	0	0	0	0	0	0	0	0	0	0						
Incoming_partner_to_CD4	Plasma	CD80	3	0	0	0	0	0	0	0	0	0	0	0	0						
Incoming_partner_to_CD4	Plasma	CD86	2	0	0	0	0	0	0	0	0	0	0	0	0		0	0	0	0	0
Incoming_partner_to_CD4	Plasma	CD96	1	0	0	0	0	0	0	0	0	0	0	0	0						
Incoming_partner_to_CD4	Plasma	CD99	4	0.0359964912861132	0.0370233563284516	-0.0010268650423384	0.0089991228215283	0.0092558390821129	-0.000256716260584599	0	0	0	0	0	0.0010268650423384	-2.81256418873592	0	0	0	0	0
Incoming_partner_to_CD4	Plasma	CDH	4	0	0	0	0	0	0	0	0	0	0	0	0		0	0	0	0	0
Incoming_partner_to_CD4	Plasma	CDH1	3	0	0	0	0	0	0	0	0	0	0	0	0		0	0	0	0	0
Incoming_partner_to_CD4	Plasma	CEACAM	7	0	0	0	0	0	0	0	0	0	0	0	0						
Incoming_partner_to_CD4	Plasma	CHAD	1	0	0	0	0	0	0	0	0	0	0	0	0						
Incoming_partner_to_CD4	Plasma	CHEMERIN	2	0	0	0	0	0	0	0	0	0	0	0	0						
Incoming_partner_to_CD4	Plasma	CLDN	4	0	0	0	0	0	0	0	0	0	0	0	0						
Incoming_partner_to_CD4	Plasma	CLEC	6	0	0	0	0	0	0	0	0	0	0	0	0		0	0	0	0	0
Incoming_partner_to_CD4	Plasma	CNTN	7	0	0	0	0	0	0	0	0	0	0	0	0						
Incoming_partner_to_CD4	Plasma	COLLAGEN	187	0	0	0	0	0	0	0	0	0	0	0	0						
Incoming_partner_to_CD4	Plasma	COMPLEMENT	7	0	0	0	0	0	0	0	0	0	0	0	0		0	0	0	0	0
Incoming_partner_to_CD4	Plasma	CRH	1	0	0	0	0	0	0	0	0	0	0	0	0						
Incoming_partner_to_CD4	Plasma	CSF	2	0	0	0	0	0	0	0	0	0	0	0	0						
Incoming_partner_to_CD4	Plasma	CSF3	1	0	0	0	0	0	0	0	0	0	0	0	0						
Incoming_partner_to_CD4	Plasma	CSPG4	1	0	0	0	0	0	0	0	0	0	0	0	0						
Incoming_partner_to_CD4	Plasma	CTSG	1	0	0	0	0	0	0	0	0	0	0	0	0						
Incoming_partner_to_CD4	Plasma	CX3C	1	0	0	0	0	0	0	0	0	0	0	0	0						
Incoming_partner_to_CD4	Plasma	CXCL	22	0	0	0	0	0	0	0	0	0	0	0	0		0	0	0	0	0
Incoming_partner_to_CD4	Plasma	CypA	1	0.0628110832364938	0.0606174886147172	0.00219359462177657	0.0628110832364938	0.0606174886147172	0.00219359462177657	0	0	0	0	0	-0.00219359462177657	3.55443571755959	0	0	0	0	0
Incoming_partner_to_CD4	Plasma	DESMOSOME	11	0	0	0	0	0	0	0	0	0	0	0	0						
Incoming_partner_to_CD4	Plasma	DMP1	1	0	0	0	0	0	0	0	0	0	0	0	0						
Incoming_partner_to_CD4	Plasma	DSPP	2	0	0	0	0	0	0	0	0	0	0	0	0						
Incoming_partner_to_CD4	Plasma	EDN	5	0	0	0	0	0	0	0	0	0	0	0	0						
Incoming_partner_to_CD4	Plasma	EGF	18	0	0	0	0	0	0	0	0	0	0	0	0						
Incoming_partner_to_CD4	Plasma	ENHO	1	0	0	0	0	0	0	0	0	0	0	0	0						
Incoming_partner_to_CD4	Plasma	EPGN	1	0	0	0	0	0	0	0	0	0	0	0	0						
Incoming_partner_to_CD4	Plasma	EPHA	32	0	0	0	0	0	0	0	0	0	0	0	0						
Incoming_partner_to_CD4	Plasma	EPHB	16	0	0	0	0	0	0	0	0	0	0	0	0						
Incoming_partner_to_CD4	Plasma	EPO	1	0	0	0	0	0	0	0	0	0	0	0	0						
Incoming_partner_to_CD4	Plasma	ESAM	1	0	0	0	0	0	0	0	0	0	0	0	0						
Incoming_partner_to_CD4	Plasma	FASLG	1	0	0	0	0	0	0	0	0	0	0	0	0		0	0	0	0	0
Incoming_partner_to_CD4	Plasma	FGF	46	0	0	0	0	0	0	0	0	0	0	0	0						
Incoming_partner_to_CD4	Plasma	FLRT	1	0	0	0	0	0	0	0	0	0	0	0	0						
Incoming_partner_to_CD4	Plasma	FLT3	1	0	0	0	0	0	0	0	0	0	0	0	0						
Incoming_partner_to_CD4	Plasma	FN1	13	0	0	0	0	0	0	0	0	0	0	0	0						
Incoming_partner_to_CD4	Plasma	FSH	2	0	0	0	0	0	0	0	0	0	0	0	0						
Incoming_partner_to_CD4	Plasma	GALANIN	6	0	0	0	0	0	0	0	0	0	0	0	0						
Incoming_partner_to_CD4	Plasma	GALECTIN	5	0	0	0	0	0	0	0	0	0	0	0	0		0	0	0	0	0
Incoming_partner_to_CD4	Plasma	GAP	4	0	0	0	0	0	0	0	0	0	0	0	0						
Incoming_partner_to_CD4	Plasma	GAS	3	0	0	0	0	0	0	0	0	0	0	0	0		0	0	0	0	0
Incoming_partner_to_CD4	Plasma	GCG	3	0	0	0	0	0	0	0	0	0	0	0	0						
Incoming_partner_to_CD4	Plasma	GDF	6	0	0	0	0	0	0	0	0	0	0	0	0						
Incoming_partner_to_CD4	Plasma	GDNF	5	0	0	0	0	0	0	0	0	0	0	0	0						
Incoming_partner_to_CD4	Plasma	GH	2	0	0	0	0	0	0	0	0	0	0	0	0						
Incoming_partner_to_CD4	Plasma	GHRELIN	1	0	0	0	0	0	0	0	0	0	0	0	0						
Incoming_partner_to_CD4	Plasma	GHRH	4	0	0	0	0	0	0	0	0	0	0	0	0						
Incoming_partner_to_CD4	Plasma	GIPR	1	0	0	0	0	0	0	0	0	0	0	0	0						
Incoming_partner_to_CD4	Plasma	GITRL	1	0	0	0	0	0	0	0	0	0	0	0	0						
Incoming_partner_to_CD4	Plasma	GNRH	1	0	0	0	0	0	0	0	0	0	0	0	0						
Incoming_partner_to_CD4	Plasma	GP1BA	1	0	0	0	0	0	0	0	0	0	0	0	0						
Incoming_partner_to_CD4	Plasma	GPR	2	0	0	0	0	0	0	0	0	0	0	0	0						
Incoming_partner_to_CD4	Plasma	GRN	1	0	0	0	0	0	0	0	0	0	0	0	0		0	0	0	0	0
Incoming_partner_to_CD4	Plasma	GRP	1	0	0	0	0	0	0	0	0	0	0	0	0						
Incoming_partner_to_CD4	Plasma	GUCA	2	0	0	0	0	0	0	0	0	0	0	0	0						
Incoming_partner_to_CD4	Plasma	HCRT	1	0	0	0	0	0	0	0	0	0	0	0	0						
Incoming_partner_to_CD4	Plasma	HGF	1	0	0	0	0	0	0	0	0	0	0	0	0						
Incoming_partner_to_CD4	Plasma	HH	6	0	0	0	0	0	0	0	0	0	0	0	0						
Incoming_partner_to_CD4	Plasma	HSPG	1	0	0	0	0	0	0	0	0	0	0	0	0						
Incoming_partner_to_CD4	Plasma	IAPP	6	0	0	0	0	0	0	0	0	0	0	0	0						
Incoming_partner_to_CD4	Plasma	ICAM	8	0.201779458733993	0.199261811453555	0.00251764728043835	0.0252224323417491	0.0249077264316943	0.000314705910054794	4	4	0.201779458733993	0.199261811453555	0.00251764728043835	-1.73472347597681e-18	1.25555520969748	0.201779458733993	0.199261811453555	0.00251764728043835	0	0
Incoming_partner_to_CD4	Plasma	ICOS	3	0	0	0	0	0	0	0	0	0	0	0	0		0	0	0	0	0
Incoming_partner_to_CD4	Plasma	IFN-I	17	0	0	0	0	0	0	0	0	0	0	0	0						
Incoming_partner_to_CD4	Plasma	IFN-II	1	0	0	0	0	0	0	0	0	0	0	0	0		0	0	0	0	0
Incoming_partner_to_CD4	Plasma	IGF	8	0	0	0	0	0	0	0	0	0	0	0	0						
Incoming_partner_to_CD4	Plasma	IGFBP	1	0	0	0	0	0	0	0	0	0	0	0	0						
Incoming_partner_to_CD4	Plasma	IL1	10	0	0	0	0	0	0	0	0	0	0	0	0						
Incoming_partner_to_CD4	Plasma	IL10	8	0	0	0	0	0	0	0	0	0	0	0	0						
Incoming_partner_to_CD4	Plasma	IL12	3	0	0	0	0	0	0	0	0	0	0	0	0						
Incoming_partner_to_CD4	Plasma	IL16	1	0.0361194907599737	0	0.0361194907599737	0.0361194907599737	0	0.0361194907599737	1	0	0.0361194907599737	0	0.0361194907599737	0	200	0.0361194907599737	0	0.0361194907599737	0	0
Incoming_partner_to_CD4	Plasma	IL17	6	0	0	0	0	0	0	0	0	0	0	0	0						
Incoming_partner_to_CD4	Plasma	IL2	8	0	0	0	0	0	0	0	0	0	0	0	0						
Incoming_partner_to_CD4	Plasma	IL4	10	0	0	0	0	0	0	0	0	0	0	0	0						
Incoming_partner_to_CD4	Plasma	IL6	3	0	0	0	0	0	0	0	0	0	0	0	0						
Incoming_partner_to_CD4	Plasma	INSULIN	1	0	0	0	0	0	0	0	0	0	0	0	0						
Incoming_partner_to_CD4	Plasma	JAM	10	0	0	0	0	0	0	0	0	0	0	0	0		0	0	0	0	0
Incoming_partner_to_CD4	Plasma	KIT	1	0	0	0	0	0	0	0	0	0	0	0	0						
Incoming_partner_to_CD4	Plasma	KLK	12	0	0	0	0	0	0	0	0	0	0	0	0						
Incoming_partner_to_CD4	Plasma	L1CAM	3	0	0	0	0	0	0	0	0	0	0	0	0						
Incoming_partner_to_CD4	Plasma	LAIR1	1	0	0	0	0	0	0	0	0	0	0	0	0		0	0	0	0	0
Incoming_partner_to_CD4	Plasma	LAMININ	139	0.0132247904035106	0.0125451567611161	0.000679633642394548	9.51423770036735e-05	9.02529263389645e-05	4.88945066470898e-06	1	1	0.0132247904035106	0.0125451567611161	0.000679633642394548	0	5.27462193114197	0.0132247904035106	0.0125451567611161	0.000679633642394548	0	0
Incoming_partner_to_CD4	Plasma	LCK	1	0	0	0	0	0	0	0	0	0	0	0	0		0	0	0	0	0
Incoming_partner_to_CD4	Plasma	LEP	1	0	0	0	0	0	0	0	0	0	0	0	0						
Incoming_partner_to_CD4	Plasma	LIFR	4	0	0	0	0	0	0	0	0	0	0	0	0						
Incoming_partner_to_CD4	Plasma	LIGHT	2	0	0	0	0	0	0	0	0	0	0	0	0						
Incoming_partner_to_CD4	Plasma	LT	4	0	0	0	0	0	0	0	0	0	0	0	0						
Incoming_partner_to_CD4	Plasma	MADCAM	1	0	0	0	0	0	0	0	0	0	0	0	0						
Incoming_partner_to_CD4	Plasma	MELANOCORTIN	5	0	0	0	0	0	0	0	0	0	0	0	0						
Incoming_partner_to_CD4	Plasma	MHC-I	41	0.953763707613267	1.78586585680145	-0.832102149188182	0.0232625294539821	0.0435577038244256	-0.0202951743704435	0	6	0	1.15040707376553	-1.15040707376553	-0.318304924577349	-60.7455956817249	0	1.15040707376553	-1.15040707376553	0	0
Incoming_partner_to_CD4	Plasma	MHC-II	12	0.103787053632916	0	0.103787053632916	0.00864892113607635	0	0.00864892113607635	7	0	0.103787053632916	0	0.103787053632916	0	200	0.103787053632916	0	0.103787053632916	0	0
Incoming_partner_to_CD4	Plasma	MIF	4	0.565805705063999	0.561798678075614	0.00400702698838462	0.141451426266	0.140449669518903	0.00100175674709616	2	2	0.565805705063999	0.561798678075614	0.00400702698838473	1.11022302462516e-16	0.710715043023826	0.565805705063999	0.561798678075614	0.00400702698838473	0	0
Incoming_partner_to_CD4	Plasma	MK	9	0	0	0	0	0	0	0	0	0	0	0	0						
Incoming_partner_to_CD4	Plasma	MMP	1	0	0	0	0	0	0	0	0	0	0	0	0						
Incoming_partner_to_CD4	Plasma	MPZ	3	0	0	0	0	0	0	0	0	0	0	0	0		0	0	0	0	0
Incoming_partner_to_CD4	Plasma	MSTN	4	0	0	0	0	0	0	0	0	0	0	0	0						
Incoming_partner_to_CD4	Plasma	NCAM	5	0	0	0	0	0	0	0	0	0	0	0	0		0	0	0	0	0
Incoming_partner_to_CD4	Plasma	NEGR	1	0	0	0	0	0	0	0	0	0	0	0	0						
Incoming_partner_to_CD4	Plasma	NGF	2	0	0	0	0	0	0	0	0	0	0	0	0						
Incoming_partner_to_CD4	Plasma	NGL	3	0	0	0	0	0	0	0	0	0	0	0	0						
Incoming_partner_to_CD4	Plasma	NMU	2	0	0	0	0	0	0	0	0	0	0	0	0						
Incoming_partner_to_CD4	Plasma	NODAL	12	0	0	0	0	0	0	0	0	0	0	0	0						
Incoming_partner_to_CD4	Plasma	NOTCH	24	0	0	0	0	0	0	0	0	0	0	0	0						
Incoming_partner_to_CD4	Plasma	NPFF	2	0	0	0	0	0	0	0	0	0	0	0	0						
Incoming_partner_to_CD4	Plasma	NPNT	2	0	0	0	0	0	0	0	0	0	0	0	0						
Incoming_partner_to_CD4	Plasma	NPR1	1	0	0	0	0	0	0	0	0	0	0	0	0						
Incoming_partner_to_CD4	Plasma	NPR2	1	0	0	0	0	0	0	0	0	0	0	0	0						
Incoming_partner_to_CD4	Plasma	NPVF	1	0	0	0	0	0	0	0	0	0	0	0	0						
Incoming_partner_to_CD4	Plasma	NPW-B	2	0	0	0	0	0	0	0	0	0	0	0	0						
Incoming_partner_to_CD4	Plasma	NPY	16	0	0	0	0	0	0	0	0	0	0	0	0						
Incoming_partner_to_CD4	Plasma	NRG	13	0	0	0	0	0	0	0	0	0	0	0	0						
Incoming_partner_to_CD4	Plasma	NRXN	24	0	0	0	0	0	0	0	0	0	0	0	0						
Incoming_partner_to_CD4	Plasma	NT	9	0	0	0	0	0	0	0	0	0	0	0	0						
Incoming_partner_to_CD4	Plasma	NTS	3	0	0	0	0	0	0	0	0	0	0	0	0						
Incoming_partner_to_CD4	Plasma	Netrin	8	0	0	0	0	0	0	0	0	0	0	0	0						
Incoming_partner_to_CD4	Plasma	OPIOID	12	0	0	0	0	0	0	0	0	0	0	0	0						
Incoming_partner_to_CD4	Plasma	OSM	2	0	0	0	0	0	0	0	0	0	0	0	0						
Incoming_partner_to_CD4	Plasma	OX40	1	0	0	0	0	0	0	0	0	0	0	0	0						
Incoming_partner_to_CD4	Plasma	OXT	1	0	0	0	0	0	0	0	0	0	0	0	0						
Incoming_partner_to_CD4	Plasma	PARs	29	0	0	0	0	0	0	0	0	0	0	0	0		0	0	0	0	0
Incoming_partner_to_CD4	Plasma	PCDH	27	0	0	0	0	0	0	0	0	0	0	0	0						
Incoming_partner_to_CD4	Plasma	PD-L1	1	0	0	0	0	0	0	0	0	0	0	0	0						
Incoming_partner_to_CD4	Plasma	PDGF	6	0	0	0	0	0	0	0	0	0	0	0	0						
Incoming_partner_to_CD4	Plasma	PDL2	1	0	0	0	0	0	0	0	0	0	0	0	0						
Incoming_partner_to_CD4	Plasma	PERIOSTIN	2	0	0	0	0	0	0	0	0	0	0	0	0						
Incoming_partner_to_CD4	Plasma	PLAU	1	0	0	0	0	0	0	0	0	0	0	0	0						
Incoming_partner_to_CD4	Plasma	PMCH	2	0	0	0	0	0	0	0	0	0	0	0	0						
Incoming_partner_to_CD4	Plasma	PRL	1	0	0	0	0	0	0	0	0	0	0	0	0						
Incoming_partner_to_CD4	Plasma	PROC	1	0	0	0	0	0	0	0	0	0	0	0	0						
Incoming_partner_to_CD4	Plasma	PROCR	2	0	0	0	0	0	0	0	0	0	0	0	0						
Incoming_partner_to_CD4	Plasma	PROK	4	0	0	0	0	0	0	0	0	0	0	0	0						
Incoming_partner_to_CD4	Plasma	PROS	3	0	0	0	0	0	0	0	0	0	0	0	0						
Incoming_partner_to_CD4	Plasma	PSAP	2	0	0	0	0	0	0	0	0	0	0	0	0						
Incoming_partner_to_CD4	Plasma	PTH	3	0	0	0	0	0	0	0	0	0	0	0	0						
Incoming_partner_to_CD4	Plasma	PTN	8	0	0	0	0	0	0	0	0	0	0	0	0						
Incoming_partner_to_CD4	Plasma	PTPR	11	0	0	0	0	0	0	0	0	0	0	0	0						
Incoming_partner_to_CD4	Plasma	PTPRM	1	0	0	0	0	0	0	0	0	0	0	0	0						
Incoming_partner_to_CD4	Plasma	PVR	2	0	0	0	0	0	0	0	0	0	0	0	0						
Incoming_partner_to_CD4	Plasma	QRFP	1	0	0	0	0	0	0	0	0	0	0	0	0						
Incoming_partner_to_CD4	Plasma	RANKL	2	0	0	0	0	0	0	0	0	0	0	0	0						
Incoming_partner_to_CD4	Plasma	RBP4	1	0	0	0	0	0	0	0	0	0	0	0	0						
Incoming_partner_to_CD4	Plasma	RELN	3	0	0	0	0	0	0	0	0	0	0	0	0						
Incoming_partner_to_CD4	Plasma	RESISTIN	2	0	0	0	0	0	0	0	0	0	0	0	0						
Incoming_partner_to_CD4	Plasma	RLN	16	0	0	0	0	0	0	0	0	0	0	0	0						
Incoming_partner_to_CD4	Plasma	SAA	1	0	0	0	0	0	0	0	0	0	0	0	0						
Incoming_partner_to_CD4	Plasma	SCT	1	0	0	0	0	0	0	0	0	0	0	0	0						
Incoming_partner_to_CD4	Plasma	SELE	2	0	0	0	0	0	0	0	0	0	0	0	0						
Incoming_partner_to_CD4	Plasma	SELL	4	0	0	0	0	0	0	0	0	0	0	0	0						
Incoming_partner_to_CD4	Plasma	SELPLG	3	0	0	0	0	0	0	0	0	0	0	0	0		0	0	0	0	0
Incoming_partner_to_CD4	Plasma	SEMA3	39	0	0	0	0	0	0	0	0	0	0	0	0		0	0	0	0	0
Incoming_partner_to_CD4	Plasma	SEMA4	13	0	0	0	0	0	0	0	0	0	0	0	0		0	0	0	0	0
Incoming_partner_to_CD4	Plasma	SEMA5	5	0	0	0	0	0	0	0	0	0	0	0	0						
Incoming_partner_to_CD4	Plasma	SEMA6	7	0	0	0	0	0	0	0	0	0	0	0	0						
Incoming_partner_to_CD4	Plasma	SEMA7	2	0	0	0	0	0	0	0	0	0	0	0	0		0	0	0	0	0
Incoming_partner_to_CD4	Plasma	SIRP	1	0	0	0	0	0	0	0	0	0	0	0	0		0	0	0	0	0
Incoming_partner_to_CD4	Plasma	SLIT	3	0	0	0	0	0	0	0	0	0	0	0	0						
Incoming_partner_to_CD4	Plasma	SLITRK	8	0	0	0	0	0	0	0	0	0	0	0	0						
Incoming_partner_to_CD4	Plasma	SLURP	16	0	0	0	0	0	0	0	0	0	0	0	0						
Incoming_partner_to_CD4	Plasma	SN	1	0	0	0	0	0	0	0	0	0	0	0	0						
Incoming_partner_to_CD4	Plasma	SOMATOSTATIN	7	0	0	0	0	0	0	0	0	0	0	0	0						
Incoming_partner_to_CD4	Plasma	SPP1	9	0	0	0	0	0	0	0	0	0	0	0	0						
Incoming_partner_to_CD4	Plasma	TAC	4	0	0	0	0	0	0	0	0	0	0	0	0						
Incoming_partner_to_CD4	Plasma	TENASCIN	28	0	0	0	0	0	0	0	0	0	0	0	0						
Incoming_partner_to_CD4	Plasma	TGFb	12	0	0	0	0	0	0	0	0	0	0	0	0						
Incoming_partner_to_CD4	Plasma	THBS	30	0	0	0	0	0	0	0	0	0	0	0	0						
Incoming_partner_to_CD4	Plasma	THY1	3	0	0	0	0	0	0	0	0	0	0	0	0						
Incoming_partner_to_CD4	Plasma	TNF	2	0	0	0	0	0	0	0	0	0	0	0	0		0	0	0	0	0
Incoming_partner_to_CD4	Plasma	TRAIL	1	0	0	0	0	0	0	0	0	0	0	0	0						
Incoming_partner_to_CD4	Plasma	TRH	1	0	0	0	0	0	0	0	0	0	0	0	0						
Incoming_partner_to_CD4	Plasma	TSH	2	0	0	0	0	0	0	0	0	0	0	0	0						
Incoming_partner_to_CD4	Plasma	TULP	5	0	0	0	0	0	0	0	0	0	0	0	0						
Incoming_partner_to_CD4	Plasma	TWEAK	1	0	0	0	0	0	0	0	0	0	0	0	0						
Incoming_partner_to_CD4	Plasma	UCN	4	0	0	0	0	0	0	0	0	0	0	0	0						
Incoming_partner_to_CD4	Plasma	UGRP1	1	0	0	0	0	0	0	0	0	0	0	0	0						
Incoming_partner_to_CD4	Plasma	UNC5	12	0	0	0	0	0	0	0	0	0	0	0	0						
Incoming_partner_to_CD4	Plasma	UROTENSIN	2	0	0	0	0	0	0	0	0	0	0	0	0						
Incoming_partner_to_CD4	Plasma	UTS2	1	0	0	0	0	0	0	0	0	0	0	0	0						
Incoming_partner_to_CD4	Plasma	VCAM	4	0	0	0	0	0	0	0	0	0	0	0	0		0	0	0	0	0
Incoming_partner_to_CD4	Plasma	VEGF	8	0	0	0	0	0	0	0	0	0	0	0	0						
Incoming_partner_to_CD4	Plasma	VEGI	1	0	0	0	0	0	0	0	0	0	0	0	0						
Incoming_partner_to_CD4	Plasma	VISFATIN	1	0	0	0	0	0	0	0	0	0	0	0	0		0	0	0	0	0
Incoming_partner_to_CD4	Plasma	VTN	7	0	0	0	0	0	0	0	0	0	0	0	0						
Incoming_partner_to_CD4	Plasma	VWF	3	0	0	0	0	0	0	0	0	0	0	0	0						
Incoming_partner_to_CD4	Plasma	WNT	320	0	0	0	0	0	0	0	0	0	0	0	0						
Incoming_partner_to_CD4	Plasma	XCR	2	0	0	0	0	0	0	0	0	0	0	0	0						
Incoming_partner_to_CD4	Plasma	ncWNT	31	0	0	0	0	0	0	0	0	0	0	0	0						
Incoming_partner_to_CD4	Tprolif	ACTIVIN	20	0	0	0	0	0	0	0	0	0	0	0	0						
Incoming_partner_to_CD4	Tprolif	ADIPONECTIN	2	0	0	0	0	0	0	0	0	0	0	0	0						
Incoming_partner_to_CD4	Tprolif	ADM	6	0	0	0	0	0	0	0	0	0	0	0	0						
Incoming_partner_to_CD4	Tprolif	AGRN	1	0	0	0	0	0	0	0	0	0	0	0	0						
Incoming_partner_to_CD4	Tprolif	AGT	3	0	0	0	0	0	0	0	0	0	0	0	0						
Incoming_partner_to_CD4	Tprolif	AMH	2	0	0	0	0	0	0	0	0	0	0	0	0						
Incoming_partner_to_CD4	Tprolif	ANGPT	2	0	0	0	0	0	0	0	0	0	0	0	0						
Incoming_partner_to_CD4	Tprolif	ANGPTL	15	0	0	0	0	0	0	0	0	0	0	0	0						
Incoming_partner_to_CD4	Tprolif	ANNEXIN	6	0	0	0	0	0	0	0	0	0	0	0	0		0	0	0	0	0
Incoming_partner_to_CD4	Tprolif	APP	4	0	0	0	0	0	0	0	0	0	0	0	0		0	0	0	0	0
Incoming_partner_to_CD4	Tprolif	APRIL	2	0	0	0	0	0	0	0	0	0	0	0	0		0	0	0	0	0
Incoming_partner_to_CD4	Tprolif	ApoA	4	0	0	0	0	0	0	0	0	0	0	0	0						
Incoming_partner_to_CD4	Tprolif	ApoB	2	0	0	0	0	0	0	0	0	0	0	0	0						
Incoming_partner_to_CD4	Tprolif	ApoE	1	0	0	0	0	0	0	0	0	0	0	0	0						
Incoming_partner_to_CD4	Tprolif	BAFF	3	0	0	0	0	0	0	0	0	0	0	0	0		0	0	0	0	0
Incoming_partner_to_CD4	Tprolif	BAG	1	0	0	0	0	0	0	0	0	0	0	0	0						
Incoming_partner_to_CD4	Tprolif	BMP	75	0	0	0	0	0	0	0	0	0	0	0	0						
Incoming_partner_to_CD4	Tprolif	BMP10	4	0	0	0	0	0	0	0	0	0	0	0	0						
Incoming_partner_to_CD4	Tprolif	BRADYKININ	2	0	0	0	0	0	0	0	0	0	0	0	0						
Incoming_partner_to_CD4	Tprolif	BSP	2	0	0	0	0	0	0	0	0	0	0	0	0						
Incoming_partner_to_CD4	Tprolif	BTLA	1	0	0	0	0	0	0	0	0	0	0	0	0		0	0	0	0	0
Incoming_partner_to_CD4	Tprolif	CADM	6	0	0	0	0	0	0	0	0	0	0	0	0		0	0	0	0	0
Incoming_partner_to_CD4	Tprolif	CALC	12	0	0	0	0	0	0	0	0	0	0	0	0						
Incoming_partner_to_CD4	Tprolif	CALCR	8	0	0	0	0	0	0	0	0	0	0	0	0		0	0	0	0	0
Incoming_partner_to_CD4	Tprolif	CCL	55	0.096434534658274	0.168519824956386	-0.0720852902981119	0.00175335517560498	0.00306399681738883	-0.00131064164178385	2	3	0.0447867389023066	0.168519824956386	-0.123733086054079	-0.0516477957559674	-54.4133641755887	0.0447867389023066	0.168519824956386	-0.123733086054079	0	0
Incoming_partner_to_CD4	Tprolif	CD137	1	0.00252200704298996	0	0.00252200704298996	0.00252200704298996	0	0.00252200704298996	1	0	0.00252200704298996	0	0.00252200704298996	0	200	0.00252200704298996	0	0.00252200704298996	0	0
Incoming_partner_to_CD4	Tprolif	CD160	1	0	0	0	0	0	0	0	0	0	0	0	0						
Incoming_partner_to_CD4	Tprolif	CD200	1	0	0	0	0	0	0	0	0	0	0	0	0						
Incoming_partner_to_CD4	Tprolif	CD23	4	0	0	0	0	0	0	0	0	0	0	0	0		0	0	0	0	0
Incoming_partner_to_CD4	Tprolif	CD276	1	0	0	0	0	0	0	0	0	0	0	0	0						
Incoming_partner_to_CD4	Tprolif	CD30	1	0	0	0	0	0	0	0	0	0	0	0	0						
Incoming_partner_to_CD4	Tprolif	CD34	1	0	0	0	0	0	0	0	0	0	0	0	0						
Incoming_partner_to_CD4	Tprolif	CD39	4	0.00119950652615458	0	0.00119950652615458	0.000299876631538644	0	0.000299876631538644	1	0	0.00119950652615458	0	0.00119950652615458	0	200	0.00119950652615458	0	0.00119950652615458	0	0
Incoming_partner_to_CD4	Tprolif	CD40	4	0	0	0	0	0	0	0	0	0	0	0	0						
Incoming_partner_to_CD4	Tprolif	CD45	2	0	0	0	0	0	0	0	0	0	0	0	0		0	0	0	0	0
Incoming_partner_to_CD4	Tprolif	CD46	1	0	0	0	0	0	0	0	0	0	0	0	0						
Incoming_partner_to_CD4	Tprolif	CD48	1	0	0	0	0	0	0	0	0	0	0	0	0		0	0	0	0	0
Incoming_partner_to_CD4	Tprolif	CD6	1	0	0	0	0	0	0	0	0	0	0	0	0		0	0	0	0	0
Incoming_partner_to_CD4	Tprolif	CD70	1	0	0	0	0	0	0	0	0	0	0	0	0						
Incoming_partner_to_CD4	Tprolif	CD80	3	0	0	0	0	0	0	0	0	0	0	0	0						
Incoming_partner_to_CD4	Tprolif	CD86	2	0	0	0	0	0	0	0	0	0	0	0	0		0	0	0	0	0
Incoming_partner_to_CD4	Tprolif	CD96	1	0	0	0	0	0	0	0	0	0	0	0	0						
Incoming_partner_to_CD4	Tprolif	CD99	4	0.233128395905366	0.23997126606621	-0.00684287016084377	0.0582820989763415	0.0599928165165525	-0.00171071754021094	2	2	0.233128395905366	0.23997126606621	-0.00684287016084376	1.38777878078145e-17	-2.89278167408832	0.233128395905366	0.23997126606621	-0.00684287016084376	0	0
Incoming_partner_to_CD4	Tprolif	CDH	4	0	0	0	0	0	0	0	0	0	0	0	0		0	0	0	0	0
Incoming_partner_to_CD4	Tprolif	CDH1	3	0	0	0	0	0	0	0	0	0	0	0	0		0	0	0	0	0
Incoming_partner_to_CD4	Tprolif	CEACAM	7	0	0	0	0	0	0	0	0	0	0	0	0						
Incoming_partner_to_CD4	Tprolif	CHAD	1	0	0	0	0	0	0	0	0	0	0	0	0						
Incoming_partner_to_CD4	Tprolif	CHEMERIN	2	0	0	0	0	0	0	0	0	0	0	0	0						
Incoming_partner_to_CD4	Tprolif	CLDN	4	0	0	0	0	0	0	0	0	0	0	0	0						
Incoming_partner_to_CD4	Tprolif	CLEC	6	0	0	0	0	0	0	0	0	0	0	0	0		0	0	0	0	0
Incoming_partner_to_CD4	Tprolif	CNTN	7	0	0	0	0	0	0	0	0	0	0	0	0						
Incoming_partner_to_CD4	Tprolif	COLLAGEN	187	0	0	0	0	0	0	0	0	0	0	0	0						
Incoming_partner_to_CD4	Tprolif	COMPLEMENT	7	0	0	0	0	0	0	0	0	0	0	0	0		0	0	0	0	0
Incoming_partner_to_CD4	Tprolif	CRH	1	0	0	0	0	0	0	0	0	0	0	0	0						
Incoming_partner_to_CD4	Tprolif	CSF	2	0	0	0	0	0	0	0	0	0	0	0	0						
Incoming_partner_to_CD4	Tprolif	CSF3	1	0	0	0	0	0	0	0	0	0	0	0	0						
Incoming_partner_to_CD4	Tprolif	CSPG4	1	0	0	0	0	0	0	0	0	0	0	0	0						
Incoming_partner_to_CD4	Tprolif	CTSG	1	0	0	0	0	0	0	0	0	0	0	0	0						
Incoming_partner_to_CD4	Tprolif	CX3C	1	0	0	0	0	0	0	0	0	0	0	0	0						
Incoming_partner_to_CD4	Tprolif	CXCL	22	0	0	0	0	0	0	0	0	0	0	0	0		0	0	0	0	0
Incoming_partner_to_CD4	Tprolif	CypA	1	0.097225811697126	0.0939508142125214	0.00327499748460462	0.097225811697126	0.0939508142125214	0.00327499748460462	0	0	0	0	0	-0.00327499748460462	3.42614843108742	0	0	0	0	0
Incoming_partner_to_CD4	Tprolif	DESMOSOME	11	0	0	0	0	0	0	0	0	0	0	0	0						
Incoming_partner_to_CD4	Tprolif	DMP1	1	0	0	0	0	0	0	0	0	0	0	0	0						
Incoming_partner_to_CD4	Tprolif	DSPP	2	0	0	0	0	0	0	0	0	0	0	0	0						
Incoming_partner_to_CD4	Tprolif	EDN	5	0	0	0	0	0	0	0	0	0	0	0	0						
Incoming_partner_to_CD4	Tprolif	EGF	18	0	0	0	0	0	0	0	0	0	0	0	0						
Incoming_partner_to_CD4	Tprolif	ENHO	1	0	0	0	0	0	0	0	0	0	0	0	0						
Incoming_partner_to_CD4	Tprolif	EPGN	1	0	0	0	0	0	0	0	0	0	0	0	0						
Incoming_partner_to_CD4	Tprolif	EPHA	32	0	0	0	0	0	0	0	0	0	0	0	0						
Incoming_partner_to_CD4	Tprolif	EPHB	16	0	0	0	0	0	0	0	0	0	0	0	0						
Incoming_partner_to_CD4	Tprolif	EPO	1	0	0	0	0	0	0	0	0	0	0	0	0						
Incoming_partner_to_CD4	Tprolif	ESAM	1	0	0	0	0	0	0	0	0	0	0	0	0						
Incoming_partner_to_CD4	Tprolif	FASLG	1	0.00916199601793093	0.000434485747602445	0.00872751027032848	0.00916199601793093	0.000434485747602445	0.00872751027032848	1	1	0.00916199601793093	0.000434485747602445	0.00872751027032848	0	181.88979010358	0.00916199601793093	0.000434485747602445	0.00872751027032848	0	0
Incoming_partner_to_CD4	Tprolif	FGF	46	0	0	0	0	0	0	0	0	0	0	0	0						
Incoming_partner_to_CD4	Tprolif	FLRT	1	0	0	0	0	0	0	0	0	0	0	0	0						
Incoming_partner_to_CD4	Tprolif	FLT3	1	0	0	0	0	0	0	0	0	0	0	0	0						
Incoming_partner_to_CD4	Tprolif	FN1	13	0	0	0	0	0	0	0	0	0	0	0	0						
Incoming_partner_to_CD4	Tprolif	FSH	2	0	0	0	0	0	0	0	0	0	0	0	0						
Incoming_partner_to_CD4	Tprolif	GALANIN	6	0	0	0	0	0	0	0	0	0	0	0	0						
Incoming_partner_to_CD4	Tprolif	GALECTIN	5	0.130213586135474	0.131895348421893	-0.00168176228641918	0.0260427172270948	0.0263790696843786	-0.000336352457283836	0	0	0	0	0	0.00168176228641918	-1.28325445239723	0	0	0	0	0
Incoming_partner_to_CD4	Tprolif	GAP	4	0	0	0	0	0	0	0	0	0	0	0	0						
Incoming_partner_to_CD4	Tprolif	GAS	3	0	0	0	0	0	0	0	0	0	0	0	0		0	0	0	0	0
Incoming_partner_to_CD4	Tprolif	GCG	3	0	0	0	0	0	0	0	0	0	0	0	0						
Incoming_partner_to_CD4	Tprolif	GDF	6	0	0	0	0	0	0	0	0	0	0	0	0						
Incoming_partner_to_CD4	Tprolif	GDNF	5	0	0	0	0	0	0	0	0	0	0	0	0						
Incoming_partner_to_CD4	Tprolif	GH	2	0	0	0	0	0	0	0	0	0	0	0	0						
Incoming_partner_to_CD4	Tprolif	GHRELIN	1	0	0	0	0	0	0	0	0	0	0	0	0						
Incoming_partner_to_CD4	Tprolif	GHRH	4	0	0	0	0	0	0	0	0	0	0	0	0						
Incoming_partner_to_CD4	Tprolif	GIPR	1	0	0	0	0	0	0	0	0	0	0	0	0						
Incoming_partner_to_CD4	Tprolif	GITRL	1	0	0	0	0	0	0	0	0	0	0	0	0						
Incoming_partner_to_CD4	Tprolif	GNRH	1	0	0	0	0	0	0	0	0	0	0	0	0						
Incoming_partner_to_CD4	Tprolif	GP1BA	1	0	0	0	0	0	0	0	0	0	0	0	0						
Incoming_partner_to_CD4	Tprolif	GPR	2	0	0	0	0	0	0	0	0	0	0	0	0						
Incoming_partner_to_CD4	Tprolif	GRN	1	0	0	0	0	0	0	0	0	0	0	0	0		0	0	0	0	0
Incoming_partner_to_CD4	Tprolif	GRP	1	0	0	0	0	0	0	0	0	0	0	0	0						
Incoming_partner_to_CD4	Tprolif	GUCA	2	0	0	0	0	0	0	0	0	0	0	0	0						
Incoming_partner_to_CD4	Tprolif	HCRT	1	0	0	0	0	0	0	0	0	0	0	0	0						
Incoming_partner_to_CD4	Tprolif	HGF	1	0	0	0	0	0	0	0	0	0	0	0	0						
Incoming_partner_to_CD4	Tprolif	HH	6	0	0	0	0	0	0	0	0	0	0	0	0						
Incoming_partner_to_CD4	Tprolif	HSPG	1	0	0	0	0	0	0	0	0	0	0	0	0						
Incoming_partner_to_CD4	Tprolif	IAPP	6	0	0	0	0	0	0	0	0	0	0	0	0						
Incoming_partner_to_CD4	Tprolif	ICAM	8	0	0	0	0	0	0	0	0	0	0	0	0		0	0	0	0	0
Incoming_partner_to_CD4	Tprolif	ICOS	3	0	0	0	0	0	0	0	0	0	0	0	0		0	0	0	0	0
Incoming_partner_to_CD4	Tprolif	IFN-I	17	0	0	0	0	0	0	0	0	0	0	0	0						
Incoming_partner_to_CD4	Tprolif	IFN-II	1	0	0	0	0	0	0	0	0	0	0	0	0		0	0	0	0	0
Incoming_partner_to_CD4	Tprolif	IGF	8	0	0	0	0	0	0	0	0	0	0	0	0						
Incoming_partner_to_CD4	Tprolif	IGFBP	1	0	0	0	0	0	0	0	0	0	0	0	0						
Incoming_partner_to_CD4	Tprolif	IL1	10	0	0	0	0	0	0	0	0	0	0	0	0						
Incoming_partner_to_CD4	Tprolif	IL10	8	0	0	0	0	0	0	0	0	0	0	0	0						
Incoming_partner_to_CD4	Tprolif	IL12	3	0	0	0	0	0	0	0	0	0	0	0	0						
Incoming_partner_to_CD4	Tprolif	IL16	1	0.0211642496856347	0	0.0211642496856347	0.0211642496856347	0	0.0211642496856347	1	0	0.0211642496856347	0	0.0211642496856347	0	200	0.0211642496856347	0	0.0211642496856347	0	0
Incoming_partner_to_CD4	Tprolif	IL17	6	0	0	0	0	0	0	0	0	0	0	0	0						
Incoming_partner_to_CD4	Tprolif	IL2	8	0	0	0	0	0	0	0	0	0	0	0	0						
Incoming_partner_to_CD4	Tprolif	IL4	10	0	0	0	0	0	0	0	0	0	0	0	0						
Incoming_partner_to_CD4	Tprolif	IL6	3	0	0	0	0	0	0	0	0	0	0	0	0						
Incoming_partner_to_CD4	Tprolif	INSULIN	1	0	0	0	0	0	0	0	0	0	0	0	0						
Incoming_partner_to_CD4	Tprolif	JAM	10	0	0	0	0	0	0	0	0	0	0	0	0		0	0	0	0	0
Incoming_partner_to_CD4	Tprolif	KIT	1	0	0	0	0	0	0	0	0	0	0	0	0						
Incoming_partner_to_CD4	Tprolif	KLK	12	0	0	0	0	0	0	0	0	0	0	0	0						
Incoming_partner_to_CD4	Tprolif	L1CAM	3	0	0	0	0	0	0	0	0	0	0	0	0						
Incoming_partner_to_CD4	Tprolif	LAIR1	1	0	0	0	0	0	0	0	0	0	0	0	0		0	0	0	0	0
Incoming_partner_to_CD4	Tprolif	LAMININ	139	0	0	0	0	0	0	0	0	0	0	0	0		0	0	0	0	0
Incoming_partner_to_CD4	Tprolif	LCK	1	0.102632768547743	0.166423325456233	-0.0637905569084904	0.102632768547743	0.166423325456233	-0.0637905569084904	1	1	0.102632768547743	0.166423325456233	-0.0637905569084904	0	-47.4180353688979	0.102632768547743	0.166423325456233	-0.0637905569084904	0	0
Incoming_partner_to_CD4	Tprolif	LEP	1	0	0	0	0	0	0	0	0	0	0	0	0						
Incoming_partner_to_CD4	Tprolif	LIFR	4	0	0	0	0	0	0	0	0	0	0	0	0						
Incoming_partner_to_CD4	Tprolif	LIGHT	2	0	0	0	0	0	0	0	0	0	0	0	0						
Incoming_partner_to_CD4	Tprolif	LT	4	0	0	0	0	0	0	0	0	0	0	0	0						
Incoming_partner_to_CD4	Tprolif	MADCAM	1	0	0	0	0	0	0	0	0	0	0	0	0						
Incoming_partner_to_CD4	Tprolif	MELANOCORTIN	5	0	0	0	0	0	0	0	0	0	0	0	0						
Incoming_partner_to_CD4	Tprolif	MHC-I	41	1.42029357431682	2.54892875943542	-1.1286351851186	0.0346413066906542	0.0621689941325712	-0.027527687441917	10	13	1.0726107784544	2.54892875943542	-1.47631798098102	-0.347682795862424	-56.8693356137428	1.0726107784544	2.54892875943542	-1.47631798098102	0	0
Incoming_partner_to_CD4	Tprolif	MHC-II	12	0.471405224052854	0	0.471405224052854	0.0392837686710711	0	0.0392837686710711	9	0	0.471405224052854	0	0.471405224052854	0	200	0.471405224052854	0	0.471405224052854	0	0
Incoming_partner_to_CD4	Tprolif	MIF	4	0.536135096083698	0.532269085399383	0.00386601068431497	0.134033774020925	0.133067271349846	0.000966502671078742	2	2	0.536135096083698	0.532269085399383	0.00386601068431491	-5.55111512312578e-17	0.723698156805873	0.536135096083698	0.532269085399383	0.00386601068431491	0	0
Incoming_partner_to_CD4	Tprolif	MK	9	0	0	0	0	0	0	0	0	0	0	0	0						
Incoming_partner_to_CD4	Tprolif	MMP	1	0	0	0	0	0	0	0	0	0	0	0	0						
Incoming_partner_to_CD4	Tprolif	MPZ	3	0	0	0	0	0	0	0	0	0	0	0	0		0	0	0	0	0
Incoming_partner_to_CD4	Tprolif	MSTN	4	0	0	0	0	0	0	0	0	0	0	0	0						
Incoming_partner_to_CD4	Tprolif	NCAM	5	0	0	0	0	0	0	0	0	0	0	0	0		0	0	0	0	0
Incoming_partner_to_CD4	Tprolif	NEGR	1	0	0	0	0	0	0	0	0	0	0	0	0						
Incoming_partner_to_CD4	Tprolif	NGF	2	0	0	0	0	0	0	0	0	0	0	0	0						
Incoming_partner_to_CD4	Tprolif	NGL	3	0	0	0	0	0	0	0	0	0	0	0	0						
Incoming_partner_to_CD4	Tprolif	NMU	2	0	0	0	0	0	0	0	0	0	0	0	0						
Incoming_partner_to_CD4	Tprolif	NODAL	12	0	0	0	0	0	0	0	0	0	0	0	0						
Incoming_partner_to_CD4	Tprolif	NOTCH	24	0	0	0	0	0	0	0	0	0	0	0	0						
Incoming_partner_to_CD4	Tprolif	NPFF	2	0	0	0	0	0	0	0	0	0	0	0	0						
Incoming_partner_to_CD4	Tprolif	NPNT	2	0	0	0	0	0	0	0	0	0	0	0	0						
Incoming_partner_to_CD4	Tprolif	NPR1	1	0	0	0	0	0	0	0	0	0	0	0	0						
Incoming_partner_to_CD4	Tprolif	NPR2	1	0	0	0	0	0	0	0	0	0	0	0	0						
Incoming_partner_to_CD4	Tprolif	NPVF	1	0	0	0	0	0	0	0	0	0	0	0	0						
Incoming_partner_to_CD4	Tprolif	NPW-B	2	0	0	0	0	0	0	0	0	0	0	0	0						
Incoming_partner_to_CD4	Tprolif	NPY	16	0	0	0	0	0	0	0	0	0	0	0	0						
Incoming_partner_to_CD4	Tprolif	NRG	13	0	0	0	0	0	0	0	0	0	0	0	0						
Incoming_partner_to_CD4	Tprolif	NRXN	24	0	0	0	0	0	0	0	0	0	0	0	0						
Incoming_partner_to_CD4	Tprolif	NT	9	0	0	0	0	0	0	0	0	0	0	0	0						
Incoming_partner_to_CD4	Tprolif	NTS	3	0	0	0	0	0	0	0	0	0	0	0	0						
Incoming_partner_to_CD4	Tprolif	Netrin	8	0	0	0	0	0	0	0	0	0	0	0	0						
Incoming_partner_to_CD4	Tprolif	OPIOID	12	0	0	0	0	0	0	0	0	0	0	0	0						
Incoming_partner_to_CD4	Tprolif	OSM	2	0	0	0	0	0	0	0	0	0	0	0	0						
Incoming_partner_to_CD4	Tprolif	OX40	1	0	0	0	0	0	0	0	0	0	0	0	0						
Incoming_partner_to_CD4	Tprolif	OXT	1	0	0	0	0	0	0	0	0	0	0	0	0						
Incoming_partner_to_CD4	Tprolif	PARs	29	0.0167897915225766	0.0317460312172056	-0.0149562396946289	0.000578958328364712	0.00109469073162778	-0.000515732403263066	1	1	0.0167897915225766	0.0317460312172056	-0.0149562396946289	0	-61.6296947300745	0.0167897915225766	0.0317460312172056	-0.0149562396946289	0	0
Incoming_partner_to_CD4	Tprolif	PCDH	27	0	0	0	0	0	0	0	0	0	0	0	0						
Incoming_partner_to_CD4	Tprolif	PD-L1	1	0	0	0	0	0	0	0	0	0	0	0	0						
Incoming_partner_to_CD4	Tprolif	PDGF	6	0	0	0	0	0	0	0	0	0	0	0	0						
Incoming_partner_to_CD4	Tprolif	PDL2	1	0	0	0	0	0	0	0	0	0	0	0	0						
Incoming_partner_to_CD4	Tprolif	PERIOSTIN	2	0	0	0	0	0	0	0	0	0	0	0	0						
Incoming_partner_to_CD4	Tprolif	PLAU	1	0	0	0	0	0	0	0	0	0	0	0	0						
Incoming_partner_to_CD4	Tprolif	PMCH	2	0	0	0	0	0	0	0	0	0	0	0	0						
Incoming_partner_to_CD4	Tprolif	PRL	1	0	0	0	0	0	0	0	0	0	0	0	0						
Incoming_partner_to_CD4	Tprolif	PROC	1	0	0	0	0	0	0	0	0	0	0	0	0						
Incoming_partner_to_CD4	Tprolif	PROCR	2	0	0	0	0	0	0	0	0	0	0	0	0						
Incoming_partner_to_CD4	Tprolif	PROK	4	0	0	0	0	0	0	0	0	0	0	0	0						
Incoming_partner_to_CD4	Tprolif	PROS	3	0	0	0	0	0	0	0	0	0	0	0	0						
Incoming_partner_to_CD4	Tprolif	PSAP	2	0	0	0	0	0	0	0	0	0	0	0	0						
Incoming_partner_to_CD4	Tprolif	PTH	3	0	0	0	0	0	0	0	0	0	0	0	0						
Incoming_partner_to_CD4	Tprolif	PTN	8	0	0	0	0	0	0	0	0	0	0	0	0						
Incoming_partner_to_CD4	Tprolif	PTPR	11	0	0	0	0	0	0	0	0	0	0	0	0						
Incoming_partner_to_CD4	Tprolif	PTPRM	1	0	0	0	0	0	0	0	0	0	0	0	0						
Incoming_partner_to_CD4	Tprolif	PVR	2	0	0	0	0	0	0	0	0	0	0	0	0						
Incoming_partner_to_CD4	Tprolif	QRFP	1	0	0	0	0	0	0	0	0	0	0	0	0						
Incoming_partner_to_CD4	Tprolif	RANKL	2	0	0	0	0	0	0	0	0	0	0	0	0						
Incoming_partner_to_CD4	Tprolif	RBP4	1	0	0	0	0	0	0	0	0	0	0	0	0						
Incoming_partner_to_CD4	Tprolif	RELN	3	0	0	0	0	0	0	0	0	0	0	0	0						
Incoming_partner_to_CD4	Tprolif	RESISTIN	2	0	0	0	0	0	0	0	0	0	0	0	0						
Incoming_partner_to_CD4	Tprolif	RLN	16	0	0	0	0	0	0	0	0	0	0	0	0						
Incoming_partner_to_CD4	Tprolif	SAA	1	0	0	0	0	0	0	0	0	0	0	0	0						
Incoming_partner_to_CD4	Tprolif	SCT	1	0	0	0	0	0	0	0	0	0	0	0	0						
Incoming_partner_to_CD4	Tprolif	SELE	2	0	0	0	0	0	0	0	0	0	0	0	0						
Incoming_partner_to_CD4	Tprolif	SELL	4	0	0	0	0	0	0	0	0	0	0	0	0						
Incoming_partner_to_CD4	Tprolif	SELPLG	3	0	0	0	0	0	0	0	0	0	0	0	0		0	0	0	0	0
Incoming_partner_to_CD4	Tprolif	SEMA3	39	0	0	0	0	0	0	0	0	0	0	0	0		0	0	0	0	0
Incoming_partner_to_CD4	Tprolif	SEMA4	13	0	0	0	0	0	0	0	0	0	0	0	0		0	0	0	0	0
Incoming_partner_to_CD4	Tprolif	SEMA5	5	0	0	0	0	0	0	0	0	0	0	0	0						
Incoming_partner_to_CD4	Tprolif	SEMA6	7	0	0	0	0	0	0	0	0	0	0	0	0						
Incoming_partner_to_CD4	Tprolif	SEMA7	2	0	0	0	0	0	0	0	0	0	0	0	0		0	0	0	0	0
Incoming_partner_to_CD4	Tprolif	SIRP	1	0.101268669544062	0.133585828018302	-0.0323171584742395	0.101268669544062	0.133585828018302	-0.0323171584742395	1	1	0.101268669544062	0.133585828018302	-0.0323171584742395	0	-27.5210045450868	0.101268669544062	0.133585828018302	-0.0323171584742395	0	0
Incoming_partner_to_CD4	Tprolif	SLIT	3	0	0	0	0	0	0	0	0	0	0	0	0						
Incoming_partner_to_CD4	Tprolif	SLITRK	8	0	0	0	0	0	0	0	0	0	0	0	0						
Incoming_partner_to_CD4	Tprolif	SLURP	16	0	0	0	0	0	0	0	0	0	0	0	0						
Incoming_partner_to_CD4	Tprolif	SN	1	0	0	0	0	0	0	0	0	0	0	0	0						
Incoming_partner_to_CD4	Tprolif	SOMATOSTATIN	7	0	0	0	0	0	0	0	0	0	0	0	0						
Incoming_partner_to_CD4	Tprolif	SPP1	9	0	0	0	0	0	0	0	0	0	0	0	0						
Incoming_partner_to_CD4	Tprolif	TAC	4	0	0	0	0	0	0	0	0	0	0	0	0						
Incoming_partner_to_CD4	Tprolif	TENASCIN	28	0	0	0	0	0	0	0	0	0	0	0	0						
Incoming_partner_to_CD4	Tprolif	TGFb	12	0	0	0	0	0	0	0	0	0	0	0	0						
Incoming_partner_to_CD4	Tprolif	THBS	30	0	0	0	0	0	0	0	0	0	0	0	0						
Incoming_partner_to_CD4	Tprolif	THY1	3	0	0	0	0	0	0	0	0	0	0	0	0						
Incoming_partner_to_CD4	Tprolif	TNF	2	0	0	0	0	0	0	0	0	0	0	0	0		0	0	0	0	0
Incoming_partner_to_CD4	Tprolif	TRAIL	1	0	0	0	0	0	0	0	0	0	0	0	0						
Incoming_partner_to_CD4	Tprolif	TRH	1	0	0	0	0	0	0	0	0	0	0	0	0						
Incoming_partner_to_CD4	Tprolif	TSH	2	0	0	0	0	0	0	0	0	0	0	0	0						
Incoming_partner_to_CD4	Tprolif	TULP	5	0	0	0	0	0	0	0	0	0	0	0	0						
Incoming_partner_to_CD4	Tprolif	TWEAK	1	0	0	0	0	0	0	0	0	0	0	0	0						
Incoming_partner_to_CD4	Tprolif	UCN	4	0	0	0	0	0	0	0	0	0	0	0	0						
Incoming_partner_to_CD4	Tprolif	UGRP1	1	0	0	0	0	0	0	0	0	0	0	0	0						
Incoming_partner_to_CD4	Tprolif	UNC5	12	0	0	0	0	0	0	0	0	0	0	0	0						
Incoming_partner_to_CD4	Tprolif	UROTENSIN	2	0	0	0	0	0	0	0	0	0	0	0	0						
Incoming_partner_to_CD4	Tprolif	UTS2	1	0	0	0	0	0	0	0	0	0	0	0	0						
Incoming_partner_to_CD4	Tprolif	VCAM	4	0	0	0	0	0	0	0	0	0	0	0	0		0	0	0	0	0
Incoming_partner_to_CD4	Tprolif	VEGF	8	0	0	0	0	0	0	0	0	0	0	0	0						
Incoming_partner_to_CD4	Tprolif	VEGI	1	0	0	0	0	0	0	0	0	0	0	0	0						
Incoming_partner_to_CD4	Tprolif	VISFATIN	1	0	0	0	0	0	0	0	0	0	0	0	0		0	0	0	0	0
Incoming_partner_to_CD4	Tprolif	VTN	7	0	0	0	0	0	0	0	0	0	0	0	0						
Incoming_partner_to_CD4	Tprolif	VWF	3	0	0	0	0	0	0	0	0	0	0	0	0						
Incoming_partner_to_CD4	Tprolif	WNT	320	0	0	0	0	0	0	0	0	0	0	0	0						
Incoming_partner_to_CD4	Tprolif	XCR	2	0	0	0	0	0	0	0	0	0	0	0	0						
Incoming_partner_to_CD4	Tprolif	ncWNT	31	0	0	0	0	0	0	0	0	0	0	0	0						
Incoming_partner_to_CD4	pDC	ACTIVIN	20	0	0	0	0	0	0	0	0	0	0	0	0						
Incoming_partner_to_CD4	pDC	ADIPONECTIN	2	0	0	0	0	0	0	0	0	0	0	0	0						
Incoming_partner_to_CD4	pDC	ADM	6	0	0	0	0	0	0	0	0	0	0	0	0						
Incoming_partner_to_CD4	pDC	AGRN	1	0	0	0	0	0	0	0	0	0	0	0	0						
Incoming_partner_to_CD4	pDC	AGT	3	0	0	0	0	0	0	0	0	0	0	0	0						
Incoming_partner_to_CD4	pDC	AMH	2	0	0	0	0	0	0	0	0	0	0	0	0						
Incoming_partner_to_CD4	pDC	ANGPT	2	0	0	0	0	0	0	0	0	0	0	0	0						
Incoming_partner_to_CD4	pDC	ANGPTL	15	0	0	0	0	0	0	0	0	0	0	0	0						
Incoming_partner_to_CD4	pDC	ANNEXIN	6	0	0	0	0	0	0	0	0	0	0	0	0		0	0	0	0	0
Incoming_partner_to_CD4	pDC	APP	4	0.299800400134529	0.302205823868369	-0.00240542373384028	0.0749501000336323	0.0755514559670923	-0.000601355933460071	1	1	0.299800400134529	0.302205823868369	-0.00240542373384028	0	-0.799135835455649	0.299800400134529	0.302205823868369	-0.00240542373384028	0	0
Incoming_partner_to_CD4	pDC	APRIL	2	0	0	0	0	0	0	0	0	0	0	0	0		0	0	0	0	0
Incoming_partner_to_CD4	pDC	ApoA	4	0	0	0	0	0	0	0	0	0	0	0	0						
Incoming_partner_to_CD4	pDC	ApoB	2	0	0	0	0	0	0	0	0	0	0	0	0						
Incoming_partner_to_CD4	pDC	ApoE	1	0	0	0	0	0	0	0	0	0	0	0	0						
Incoming_partner_to_CD4	pDC	BAFF	3	0	0	0	0	0	0	0	0	0	0	0	0		0	0	0	0	0
Incoming_partner_to_CD4	pDC	BAG	1	0	0	0	0	0	0	0	0	0	0	0	0						
Incoming_partner_to_CD4	pDC	BMP	75	0	0	0	0	0	0	0	0	0	0	0	0						
Incoming_partner_to_CD4	pDC	BMP10	4	0	0	0	0	0	0	0	0	0	0	0	0						
Incoming_partner_to_CD4	pDC	BRADYKININ	2	0	0	0	0	0	0	0	0	0	0	0	0						
Incoming_partner_to_CD4	pDC	BSP	2	0	0	0	0	0	0	0	0	0	0	0	0						
Incoming_partner_to_CD4	pDC	BTLA	1	0.0130165758230359	0.0131082235160519	-9.16476930159383e-05	0.0130165758230359	0.0131082235160519	-9.16476930159383e-05	1	1	0.0130165758230359	0.0131082235160519	-9.16476930159383e-05	0	-0.70161452209752	0.0130165758230359	0.0131082235160519	-9.16476930159383e-05	0	0
Incoming_partner_to_CD4	pDC	CADM	6	0	0	0	0	0	0	0	0	0	0	0	0		0	0	0	0	0
Incoming_partner_to_CD4	pDC	CALC	12	0	0	0	0	0	0	0	0	0	0	0	0						
Incoming_partner_to_CD4	pDC	CALCR	8	0	0	0	0	0	0	0	0	0	0	0	0		0	0	0	0	0
Incoming_partner_to_CD4	pDC	CCL	55	0	0	0	0	0	0	0	0	0	0	0	0		0	0	0	0	0
Incoming_partner_to_CD4	pDC	CD137	1	0.00677958259521959	0	0.00677958259521959	0.00677958259521959	0	0.00677958259521959	1	0	0.00677958259521959	0	0.00677958259521959	0	200	0.00677958259521959	0	0.00677958259521959	0	0
Incoming_partner_to_CD4	pDC	CD160	1	0	0	0	0	0	0	0	0	0	0	0	0						
Incoming_partner_to_CD4	pDC	CD200	1	0	0	0	0	0	0	0	0	0	0	0	0						
Incoming_partner_to_CD4	pDC	CD23	4	0	0	0	0	0	0	0	0	0	0	0	0		0	0	0	0	0
Incoming_partner_to_CD4	pDC	CD276	1	0	0	0	0	0	0	0	0	0	0	0	0						
Incoming_partner_to_CD4	pDC	CD30	1	0	0	0	0	0	0	0	0	0	0	0	0						
Incoming_partner_to_CD4	pDC	CD34	1	0	0	0	0	0	0	0	0	0	0	0	0						
Incoming_partner_to_CD4	pDC	CD39	4	0	0	0	0	0	0	0	0	0	0	0	0		0	0	0	0	0
Incoming_partner_to_CD4	pDC	CD40	4	0	0	0	0	0	0	0	0	0	0	0	0						
Incoming_partner_to_CD4	pDC	CD45	2	0	0	0	0	0	0	0	0	0	0	0	0		0	0	0	0	0
Incoming_partner_to_CD4	pDC	CD46	1	0	0	0	0	0	0	0	0	0	0	0	0						
Incoming_partner_to_CD4	pDC	CD48	1	0	0	0	0	0	0	0	0	0	0	0	0		0	0	0	0	0
Incoming_partner_to_CD4	pDC	CD6	1	0	0	0	0	0	0	0	0	0	0	0	0		0	0	0	0	0
Incoming_partner_to_CD4	pDC	CD70	1	0	0	0	0	0	0	0	0	0	0	0	0						
Incoming_partner_to_CD4	pDC	CD80	3	0	0	0	0	0	0	0	0	0	0	0	0						
Incoming_partner_to_CD4	pDC	CD86	2	0	0	0	0	0	0	0	0	0	0	0	0		0	0	0	0	0
Incoming_partner_to_CD4	pDC	CD96	1	0	0	0	0	0	0	0	0	0	0	0	0						
Incoming_partner_to_CD4	pDC	CD99	4	0.21881056514853	0.225221215181138	-0.00641065003260808	0.0547026412871326	0.0563053037952846	-0.00160266250815202	2	2	0.21881056514853	0.225221215181138	-0.0064106500326081	-2.08166817117217e-17	-2.88747351725524	0.21881056514853	0.225221215181138	-0.0064106500326081	0	0
Incoming_partner_to_CD4	pDC	CDH	4	0	0	0	0	0	0	0	0	0	0	0	0		0	0	0	0	0
Incoming_partner_to_CD4	pDC	CDH1	3	0	0.00210782435047302	-0.00210782435047302	0	0.00070260811682434	-0.00070260811682434	0	1	0	0.00210782435047302	-0.00210782435047302	0	-200	0	0.00210782435047302	-0.00210782435047302	0	0
Incoming_partner_to_CD4	pDC	CEACAM	7	0	0	0	0	0	0	0	0	0	0	0	0						
Incoming_partner_to_CD4	pDC	CHAD	1	0	0	0	0	0	0	0	0	0	0	0	0						
Incoming_partner_to_CD4	pDC	CHEMERIN	2	0	0	0	0	0	0	0	0	0	0	0	0						
Incoming_partner_to_CD4	pDC	CLDN	4	0	0	0	0	0	0	0	0	0	0	0	0						
Incoming_partner_to_CD4	pDC	CLEC	6	0	0	0	0	0	0	0	0	0	0	0	0		0	0	0	0	0
Incoming_partner_to_CD4	pDC	CNTN	7	0	0	0	0	0	0	0	0	0	0	0	0						
Incoming_partner_to_CD4	pDC	COLLAGEN	187	0	0	0	0	0	0	0	0	0	0	0	0						
Incoming_partner_to_CD4	pDC	COMPLEMENT	7	0	0	0	0	0	0	0	0	0	0	0	0		0	0	0	0	0
Incoming_partner_to_CD4	pDC	CRH	1	0	0	0	0	0	0	0	0	0	0	0	0						
Incoming_partner_to_CD4	pDC	CSF	2	0	0	0	0	0	0	0	0	0	0	0	0						
Incoming_partner_to_CD4	pDC	CSF3	1	0	0	0	0	0	0	0	0	0	0	0	0						
Incoming_partner_to_CD4	pDC	CSPG4	1	0	0	0	0	0	0	0	0	0	0	0	0						
Incoming_partner_to_CD4	pDC	CTSG	1	0	0	0	0	0	0	0	0	0	0	0	0						
Incoming_partner_to_CD4	pDC	CX3C	1	0	0	0	0	0	0	0	0	0	0	0	0						
Incoming_partner_to_CD4	pDC	CXCL	22	0.0143441713227475	0.0144272337470141	-8.3062424266549e-05	0.000652007787397614	0.000655783352137002	-3.77556473938859e-06	1	1	0.0143441713227475	0.0144272337470141	-8.3062424266549e-05	0	-0.577395675081901	0.0143441713227475	0.0144272337470141	-8.3062424266549e-05	0	0
Incoming_partner_to_CD4	pDC	CypA	1	0.100518166274111	0.0971442013158605	0.00337396495825031	0.100518166274111	0.0971442013158605	0.00337396495825031	0	0	0	0	0	-0.00337396495825031	3.41386678646815	0	0	0	0	0
Incoming_partner_to_CD4	pDC	DESMOSOME	11	0	0	0	0	0	0	0	0	0	0	0	0						
Incoming_partner_to_CD4	pDC	DMP1	1	0	0	0	0	0	0	0	0	0	0	0	0						
Incoming_partner_to_CD4	pDC	DSPP	2	0	0	0	0	0	0	0	0	0	0	0	0						
Incoming_partner_to_CD4	pDC	EDN	5	0	0	0	0	0	0	0	0	0	0	0	0						
Incoming_partner_to_CD4	pDC	EGF	18	0	0	0	0	0	0	0	0	0	0	0	0						
Incoming_partner_to_CD4	pDC	ENHO	1	0	0	0	0	0	0	0	0	0	0	0	0						
Incoming_partner_to_CD4	pDC	EPGN	1	0	0	0	0	0	0	0	0	0	0	0	0						
Incoming_partner_to_CD4	pDC	EPHA	32	0	0	0	0	0	0	0	0	0	0	0	0						
Incoming_partner_to_CD4	pDC	EPHB	16	0	0	0	0	0	0	0	0	0	0	0	0						
Incoming_partner_to_CD4	pDC	EPO	1	0	0	0	0	0	0	0	0	0	0	0	0						
Incoming_partner_to_CD4	pDC	ESAM	1	0	0	0	0	0	0	0	0	0	0	0	0						
Incoming_partner_to_CD4	pDC	FASLG	1	0	0	0	0	0	0	0	0	0	0	0	0		0	0	0	0	0
Incoming_partner_to_CD4	pDC	FGF	46	0	0	0	0	0	0	0	0	0	0	0	0						
Incoming_partner_to_CD4	pDC	FLRT	1	0	0	0	0	0	0	0	0	0	0	0	0						
Incoming_partner_to_CD4	pDC	FLT3	1	0	0	0	0	0	0	0	0	0	0	0	0						
Incoming_partner_to_CD4	pDC	FN1	13	0	0	0	0	0	0	0	0	0	0	0	0						
Incoming_partner_to_CD4	pDC	FSH	2	0	0	0	0	0	0	0	0	0	0	0	0						
Incoming_partner_to_CD4	pDC	GALANIN	6	0	0	0	0	0	0	0	0	0	0	0	0						
Incoming_partner_to_CD4	pDC	GALECTIN	5	0.483999590800039	0.493003008357574	-0.00900341755753541	0.0967999181600077	0.0986006016715148	-0.00180068351150708	4	4	0.483999590800039	0.493003008357574	-0.00900341755753536	4.16333634234434e-17	-1.84306931533208	0.483999590800039	0.493003008357574	-0.00900341755753536	0	0
Incoming_partner_to_CD4	pDC	GAP	4	0	0	0	0	0	0	0	0	0	0	0	0						
Incoming_partner_to_CD4	pDC	GAS	3	0	0	0	0	0	0	0	0	0	0	0	0		0	0	0	0	0
Incoming_partner_to_CD4	pDC	GCG	3	0	0	0	0	0	0	0	0	0	0	0	0						
Incoming_partner_to_CD4	pDC	GDF	6	0	0	0	0	0	0	0	0	0	0	0	0						
Incoming_partner_to_CD4	pDC	GDNF	5	0	0	0	0	0	0	0	0	0	0	0	0						
Incoming_partner_to_CD4	pDC	GH	2	0	0	0	0	0	0	0	0	0	0	0	0						
Incoming_partner_to_CD4	pDC	GHRELIN	1	0	0	0	0	0	0	0	0	0	0	0	0						
Incoming_partner_to_CD4	pDC	GHRH	4	0	0	0	0	0	0	0	0	0	0	0	0						
Incoming_partner_to_CD4	pDC	GIPR	1	0	0	0	0	0	0	0	0	0	0	0	0						
Incoming_partner_to_CD4	pDC	GITRL	1	0	0	0	0	0	0	0	0	0	0	0	0						
Incoming_partner_to_CD4	pDC	GNRH	1	0	0	0	0	0	0	0	0	0	0	0	0						
Incoming_partner_to_CD4	pDC	GP1BA	1	0	0	0	0	0	0	0	0	0	0	0	0						
Incoming_partner_to_CD4	pDC	GPR	2	0	0	0	0	0	0	0	0	0	0	0	0						
Incoming_partner_to_CD4	pDC	GRN	1	0	0	0	0	0	0	0	0	0	0	0	0		0	0	0	0	0
Incoming_partner_to_CD4	pDC	GRP	1	0	0	0	0	0	0	0	0	0	0	0	0						
Incoming_partner_to_CD4	pDC	GUCA	2	0	0	0	0	0	0	0	0	0	0	0	0						
Incoming_partner_to_CD4	pDC	HCRT	1	0	0	0	0	0	0	0	0	0	0	0	0						
Incoming_partner_to_CD4	pDC	HGF	1	0	0	0	0	0	0	0	0	0	0	0	0						
Incoming_partner_to_CD4	pDC	HH	6	0	0	0	0	0	0	0	0	0	0	0	0						
Incoming_partner_to_CD4	pDC	HSPG	1	0	0	0	0	0	0	0	0	0	0	0	0						
Incoming_partner_to_CD4	pDC	IAPP	6	0	0	0	0	0	0	0	0	0	0	0	0						
Incoming_partner_to_CD4	pDC	ICAM	8	0.354628339166117	0.35310690266204	0.0015214365040763	0.0443285423957646	0.0441383628327551	0.000190179563009538	3	3	0.354628339166117	0.35310690266204	0.00152143650407627	-3.46944695195361e-17	0.429945102110859	0.354628339166117	0.35310690266204	0.00152143650407627	0	0
Incoming_partner_to_CD4	pDC	ICOS	3	0.0352110729243639	0.0301472680223969	0.00506380490196701	0.0117370243081213	0.010049089340799	0.00168793496732234	3	3	0.0352110729243639	0.0301472680223969	0.00506380490196701	0	15.4955123664839	0.0352110729243639	0.0301472680223969	0.00506380490196701	0	0
Incoming_partner_to_CD4	pDC	IFN-I	17	0	0	0	0	0	0	0	0	0	0	0	0						
Incoming_partner_to_CD4	pDC	IFN-II	1	0	0	0	0	0	0	0	0	0	0	0	0		0	0	0	0	0
Incoming_partner_to_CD4	pDC	IGF	8	0	0	0	0	0	0	0	0	0	0	0	0						
Incoming_partner_to_CD4	pDC	IGFBP	1	0	0	0	0	0	0	0	0	0	0	0	0						
Incoming_partner_to_CD4	pDC	IL1	10	0	0	0	0	0	0	0	0	0	0	0	0						
Incoming_partner_to_CD4	pDC	IL10	8	0	0	0	0	0	0	0	0	0	0	0	0						
Incoming_partner_to_CD4	pDC	IL12	3	0	0	0	0	0	0	0	0	0	0	0	0						
Incoming_partner_to_CD4	pDC	IL16	1	0.0567064491893449	0	0.0567064491893449	0.0567064491893449	0	0.0567064491893449	1	0	0.0567064491893449	0	0.0567064491893449	0	200	0.0567064491893449	0	0.0567064491893449	0	0
Incoming_partner_to_CD4	pDC	IL17	6	0	0	0	0	0	0	0	0	0	0	0	0						
Incoming_partner_to_CD4	pDC	IL2	8	0	0	0	0	0	0	0	0	0	0	0	0						
Incoming_partner_to_CD4	pDC	IL4	10	0	0	0	0	0	0	0	0	0	0	0	0						
Incoming_partner_to_CD4	pDC	IL6	3	0	0	0	0	0	0	0	0	0	0	0	0						
Incoming_partner_to_CD4	pDC	INSULIN	1	0	0	0	0	0	0	0	0	0	0	0	0						
Incoming_partner_to_CD4	pDC	JAM	10	0.0444522556778131	0.0437177597332251	0.000734495944588041	0.00444522556778131	0.00437177597332251	7.34495944588042e-05	1	1	0.0444522556778131	0.0437177597332251	0.000734495944588041	0	1.66609009006953	0.0444522556778131	0.0437177597332251	0.000734495944588041	0	0
Incoming_partner_to_CD4	pDC	KIT	1	0	0	0	0	0	0	0	0	0	0	0	0						
Incoming_partner_to_CD4	pDC	KLK	12	0	0	0	0	0	0	0	0	0	0	0	0						
Incoming_partner_to_CD4	pDC	L1CAM	3	0	0	0	0	0	0	0	0	0	0	0	0						
Incoming_partner_to_CD4	pDC	LAIR1	1	0	0	0	0	0	0	0	0	0	0	0	0		0	0	0	0	0
Incoming_partner_to_CD4	pDC	LAMININ	139	0	0	0	0	0	0	0	0	0	0	0	0		0	0	0	0	0
Incoming_partner_to_CD4	pDC	LCK	1	0	0	0	0	0	0	0	0	0	0	0	0		0	0	0	0	0
Incoming_partner_to_CD4	pDC	LEP	1	0	0	0	0	0	0	0	0	0	0	0	0						
Incoming_partner_to_CD4	pDC	LIFR	4	0	0	0	0	0	0	0	0	0	0	0	0						
Incoming_partner_to_CD4	pDC	LIGHT	2	0	0	0	0	0	0	0	0	0	0	0	0						
Incoming_partner_to_CD4	pDC	LT	4	0	0	0	0	0	0	0	0	0	0	0	0						
Incoming_partner_to_CD4	pDC	MADCAM	1	0	0	0	0	0	0	0	0	0	0	0	0						
Incoming_partner_to_CD4	pDC	MELANOCORTIN	5	0	0	0	0	0	0	0	0	0	0	0	0						
Incoming_partner_to_CD4	pDC	MHC-I	41	1.34513478162707	2.42979376988048	-1.08465898825341	0.0328081654055382	0.0592632626800117	-0.0264550972744734	0	13	0	2.42979376988048	-2.42979376988048	-1.34513478162707	-57.4664645146856	0	2.42979376988048	-2.42979376988048	0	0
Incoming_partner_to_CD4	pDC	MHC-II	12	1.02868058229448	0	1.02868058229448	0.085723381857873	0	0.085723381857873	11	0	1.02868058229448	0	1.02868058229448	0	200	1.02868058229448	0	1.02868058229448	0	0
Incoming_partner_to_CD4	pDC	MIF	4	0.493745945373538	0.490095253274106	0.00365069209943167	0.123436486343384	0.122523813318527	0.000912673024857917	0	0	0	0	0	-0.00365069209943167	0.742130356901051	0	0	0	0	0
Incoming_partner_to_CD4	pDC	MK	9	0	0	0	0	0	0	0	0	0	0	0	0						
Incoming_partner_to_CD4	pDC	MMP	1	0	0	0	0	0	0	0	0	0	0	0	0						
Incoming_partner_to_CD4	pDC	MPZ	3	0	0	0	0	0	0	0	0	0	0	0	0		0	0	0	0	0
Incoming_partner_to_CD4	pDC	MSTN	4	0	0	0	0	0	0	0	0	0	0	0	0						
Incoming_partner_to_CD4	pDC	NCAM	5	0	0	0	0	0	0	0	0	0	0	0	0		0	0	0	0	0
Incoming_partner_to_CD4	pDC	NEGR	1	0	0	0	0	0	0	0	0	0	0	0	0						
Incoming_partner_to_CD4	pDC	NGF	2	0	0	0	0	0	0	0	0	0	0	0	0						
Incoming_partner_to_CD4	pDC	NGL	3	0	0	0	0	0	0	0	0	0	0	0	0						
Incoming_partner_to_CD4	pDC	NMU	2	0	0	0	0	0	0	0	0	0	0	0	0						
Incoming_partner_to_CD4	pDC	NODAL	12	0	0	0	0	0	0	0	0	0	0	0	0						
Incoming_partner_to_CD4	pDC	NOTCH	24	0	0	0	0	0	0	0	0	0	0	0	0						
Incoming_partner_to_CD4	pDC	NPFF	2	0	0	0	0	0	0	0	0	0	0	0	0						
Incoming_partner_to_CD4	pDC	NPNT	2	0	0	0	0	0	0	0	0	0	0	0	0						
Incoming_partner_to_CD4	pDC	NPR1	1	0	0	0	0	0	0	0	0	0	0	0	0						
Incoming_partner_to_CD4	pDC	NPR2	1	0	0	0	0	0	0	0	0	0	0	0	0						
Incoming_partner_to_CD4	pDC	NPVF	1	0	0	0	0	0	0	0	0	0	0	0	0						
Incoming_partner_to_CD4	pDC	NPW-B	2	0	0	0	0	0	0	0	0	0	0	0	0						
Incoming_partner_to_CD4	pDC	NPY	16	0	0	0	0	0	0	0	0	0	0	0	0						
Incoming_partner_to_CD4	pDC	NRG	13	0	0	0	0	0	0	0	0	0	0	0	0						
Incoming_partner_to_CD4	pDC	NRXN	24	0	0	0	0	0	0	0	0	0	0	0	0						
Incoming_partner_to_CD4	pDC	NT	9	0	0	0	0	0	0	0	0	0	0	0	0						
Incoming_partner_to_CD4	pDC	NTS	3	0	0	0	0	0	0	0	0	0	0	0	0						
Incoming_partner_to_CD4	pDC	Netrin	8	0	0	0	0	0	0	0	0	0	0	0	0						
Incoming_partner_to_CD4	pDC	OPIOID	12	0	0	0	0	0	0	0	0	0	0	0	0						
Incoming_partner_to_CD4	pDC	OSM	2	0	0	0	0	0	0	0	0	0	0	0	0						
Incoming_partner_to_CD4	pDC	OX40	1	0	0	0	0	0	0	0	0	0	0	0	0						
Incoming_partner_to_CD4	pDC	OXT	1	0	0	0	0	0	0	0	0	0	0	0	0						
Incoming_partner_to_CD4	pDC	PARs	29	0	0	0	0	0	0	0	0	0	0	0	0		0	0	0	0	0
Incoming_partner_to_CD4	pDC	PCDH	27	0	0	0	0	0	0	0	0	0	0	0	0						
Incoming_partner_to_CD4	pDC	PD-L1	1	0	0	0	0	0	0	0	0	0	0	0	0						
Incoming_partner_to_CD4	pDC	PDGF	6	0	0	0	0	0	0	0	0	0	0	0	0						
Incoming_partner_to_CD4	pDC	PDL2	1	0	0	0	0	0	0	0	0	0	0	0	0						
Incoming_partner_to_CD4	pDC	PERIOSTIN	2	0	0	0	0	0	0	0	0	0	0	0	0						
Incoming_partner_to_CD4	pDC	PLAU	1	0	0	0	0	0	0	0	0	0	0	0	0						
Incoming_partner_to_CD4	pDC	PMCH	2	0	0	0	0	0	0	0	0	0	0	0	0						
Incoming_partner_to_CD4	pDC	PRL	1	0	0	0	0	0	0	0	0	0	0	0	0						
Incoming_partner_to_CD4	pDC	PROC	1	0	0	0	0	0	0	0	0	0	0	0	0						
Incoming_partner_to_CD4	pDC	PROCR	2	0	0	0	0	0	0	0	0	0	0	0	0						
Incoming_partner_to_CD4	pDC	PROK	4	0	0	0	0	0	0	0	0	0	0	0	0						
Incoming_partner_to_CD4	pDC	PROS	3	0	0	0	0	0	0	0	0	0	0	0	0						
Incoming_partner_to_CD4	pDC	PSAP	2	0	0	0	0	0	0	0	0	0	0	0	0						
Incoming_partner_to_CD4	pDC	PTH	3	0	0	0	0	0	0	0	0	0	0	0	0						
Incoming_partner_to_CD4	pDC	PTN	8	0	0	0	0	0	0	0	0	0	0	0	0						
Incoming_partner_to_CD4	pDC	PTPR	11	0	0	0	0	0	0	0	0	0	0	0	0						
Incoming_partner_to_CD4	pDC	PTPRM	1	0	0	0	0	0	0	0	0	0	0	0	0						
Incoming_partner_to_CD4	pDC	PVR	2	0	0	0	0	0	0	0	0	0	0	0	0						
Incoming_partner_to_CD4	pDC	QRFP	1	0	0	0	0	0	0	0	0	0	0	0	0						
Incoming_partner_to_CD4	pDC	RANKL	2	0	0	0	0	0	0	0	0	0	0	0	0						
Incoming_partner_to_CD4	pDC	RBP4	1	0	0	0	0	0	0	0	0	0	0	0	0						
Incoming_partner_to_CD4	pDC	RELN	3	0	0	0	0	0	0	0	0	0	0	0	0						
Incoming_partner_to_CD4	pDC	RESISTIN	2	0	0	0	0	0	0	0	0	0	0	0	0						
Incoming_partner_to_CD4	pDC	RLN	16	0	0	0	0	0	0	0	0	0	0	0	0						
Incoming_partner_to_CD4	pDC	SAA	1	0	0	0	0	0	0	0	0	0	0	0	0						
Incoming_partner_to_CD4	pDC	SCT	1	0	0	0	0	0	0	0	0	0	0	0	0						
Incoming_partner_to_CD4	pDC	SELE	2	0	0	0	0	0	0	0	0	0	0	0	0						
Incoming_partner_to_CD4	pDC	SELL	4	0	0	0	0	0	0	0	0	0	0	0	0						
Incoming_partner_to_CD4	pDC	SELPLG	3	0	0	0	0	0	0	0	0	0	0	0	0		0	0	0	0	0
Incoming_partner_to_CD4	pDC	SEMA3	39	0	0	0	0	0	0	0	0	0	0	0	0		0	0	0	0	0
Incoming_partner_to_CD4	pDC	SEMA4	13	0	0	0	0	0	0	0	0	0	0	0	0		0	0	0	0	0
Incoming_partner_to_CD4	pDC	SEMA5	5	0	0	0	0	0	0	0	0	0	0	0	0						
Incoming_partner_to_CD4	pDC	SEMA6	7	0	0	0	0	0	0	0	0	0	0	0	0						
Incoming_partner_to_CD4	pDC	SEMA7	2	0	0	0	0	0	0	0	0	0	0	0	0		0	0	0	0	0
Incoming_partner_to_CD4	pDC	SIRP	1	0	0	0	0	0	0	0	0	0	0	0	0		0	0	0	0	0
Incoming_partner_to_CD4	pDC	SLIT	3	0	0	0	0	0	0	0	0	0	0	0	0						
Incoming_partner_to_CD4	pDC	SLITRK	8	0	0	0	0	0	0	0	0	0	0	0	0						
Incoming_partner_to_CD4	pDC	SLURP	16	0	0	0	0	0	0	0	0	0	0	0	0						
Incoming_partner_to_CD4	pDC	SN	1	0	0	0	0	0	0	0	0	0	0	0	0						
Incoming_partner_to_CD4	pDC	SOMATOSTATIN	7	0	0	0	0	0	0	0	0	0	0	0	0						
Incoming_partner_to_CD4	pDC	SPP1	9	0	0	0	0	0	0	0	0	0	0	0	0						
Incoming_partner_to_CD4	pDC	TAC	4	0	0	0	0	0	0	0	0	0	0	0	0						
Incoming_partner_to_CD4	pDC	TENASCIN	28	0	0	0	0	0	0	0	0	0	0	0	0						
Incoming_partner_to_CD4	pDC	TGFb	12	0	0	0	0	0	0	0	0	0	0	0	0						
Incoming_partner_to_CD4	pDC	THBS	30	0	0	0	0	0	0	0	0	0	0	0	0						
Incoming_partner_to_CD4	pDC	THY1	3	0	0	0	0	0	0	0	0	0	0	0	0						
Incoming_partner_to_CD4	pDC	TNF	2	0	0	0	0	0	0	0	0	0	0	0	0		0	0	0	0	0
Incoming_partner_to_CD4	pDC	TRAIL	1	0	0	0	0	0	0	0	0	0	0	0	0						
Incoming_partner_to_CD4	pDC	TRH	1	0	0	0	0	0	0	0	0	0	0	0	0						
Incoming_partner_to_CD4	pDC	TSH	2	0	0	0	0	0	0	0	0	0	0	0	0						
Incoming_partner_to_CD4	pDC	TULP	5	0	0	0	0	0	0	0	0	0	0	0	0						
Incoming_partner_to_CD4	pDC	TWEAK	1	0	0	0	0	0	0	0	0	0	0	0	0						
Incoming_partner_to_CD4	pDC	UCN	4	0	0	0	0	0	0	0	0	0	0	0	0						
Incoming_partner_to_CD4	pDC	UGRP1	1	0	0	0	0	0	0	0	0	0	0	0	0						
Incoming_partner_to_CD4	pDC	UNC5	12	0	0	0	0	0	0	0	0	0	0	0	0						
Incoming_partner_to_CD4	pDC	UROTENSIN	2	0	0	0	0	0	0	0	0	0	0	0	0						
Incoming_partner_to_CD4	pDC	UTS2	1	0	0	0	0	0	0	0	0	0	0	0	0						
Incoming_partner_to_CD4	pDC	VCAM	4	0	0	0	0	0	0	0	0	0	0	0	0		0	0	0	0	0
Incoming_partner_to_CD4	pDC	VEGF	8	0	0	0	0	0	0	0	0	0	0	0	0						
Incoming_partner_to_CD4	pDC	VEGI	1	0	0	0	0	0	0	0	0	0	0	0	0						
Incoming_partner_to_CD4	pDC	VISFATIN	1	0	0	0	0	0	0	0	0	0	0	0	0		0	0	0	0	0
Incoming_partner_to_CD4	pDC	VTN	7	0	0	0	0	0	0	0	0	0	0	0	0						
Incoming_partner_to_CD4	pDC	VWF	3	0	0	0	0	0	0	0	0	0	0	0	0						
Incoming_partner_to_CD4	pDC	WNT	320	0	0	0	0	0	0	0	0	0	0	0	0						
Incoming_partner_to_CD4	pDC	XCR	2	0	0	0	0	0	0	0	0	0	0	0	0						
Incoming_partner_to_CD4	pDC	ncWNT	31	0	0	0	0	0	0	0	0	0	0	0	0						
Outgoing_CD4_to_partner	B	ACTIVIN	20	0	0	0	0	0	0	0	0	0	0	0	0						
Outgoing_CD4_to_partner	B	ADIPONECTIN	2	0	0	0	0	0	0	0	0	0	0	0	0						
Outgoing_CD4_to_partner	B	ADM	6	0	0	0	0	0	0	0	0	0	0	0	0						
Outgoing_CD4_to_partner	B	AGRN	1	0	0	0	0	0	0	0	0	0	0	0	0						
Outgoing_CD4_to_partner	B	AGT	3	0	0	0	0	0	0	0	0	0	0	0	0						
Outgoing_CD4_to_partner	B	AMH	2	0	0	0	0	0	0	0	0	0	0	0	0						
Outgoing_CD4_to_partner	B	ANGPT	2	0	0	0	0	0	0	0	0	0	0	0	0						
Outgoing_CD4_to_partner	B	ANGPTL	15	0	0	0	0	0	0	0	0	0	0	0	0						
Outgoing_CD4_to_partner	B	ANNEXIN	6	0	0	0	0	0	0	0	0	0	0	0	0		0	0	0	0	0
Outgoing_CD4_to_partner	B	APP	4	0	0	0	0	0	0	0	0	0	0	0	0		0	0	0	0	0
Outgoing_CD4_to_partner	B	APRIL	2	0	0	0	0	0	0	0	0	0	0	0	0		0	0	0	0	0
Outgoing_CD4_to_partner	B	ApoA	4	0	0	0	0	0	0	0	0	0	0	0	0						
Outgoing_CD4_to_partner	B	ApoB	2	0	0	0	0	0	0	0	0	0	0	0	0						
Outgoing_CD4_to_partner	B	ApoE	1	0	0	0	0	0	0	0	0	0	0	0	0						
Outgoing_CD4_to_partner	B	BAFF	3	0	0	0	0	0	0	0	0	0	0	0	0		0	0	0	0	0
Outgoing_CD4_to_partner	B	BAG	1	0	0	0	0	0	0	0	0	0	0	0	0						
Outgoing_CD4_to_partner	B	BMP	75	0	0	0	0	0	0	0	0	0	0	0	0						
Outgoing_CD4_to_partner	B	BMP10	4	0	0	0	0	0	0	0	0	0	0	0	0						
Outgoing_CD4_to_partner	B	BRADYKININ	2	0	0	0	0	0	0	0	0	0	0	0	0						
Outgoing_CD4_to_partner	B	BSP	2	0	0	0	0	0	0	0	0	0	0	0	0						
Outgoing_CD4_to_partner	B	BTLA	1	0	0	0	0	0	0	0	0	0	0	0	0		0	0	0	0	0
Outgoing_CD4_to_partner	B	CADM	6	0	0	0	0	0	0	0	0	0	0	0	0		0	0	0	0	0
Outgoing_CD4_to_partner	B	CALC	12	0	0	0	0	0	0	0	0	0	0	0	0						
Outgoing_CD4_to_partner	B	CALCR	8	0	0	0	0	0	0	0	0	0	0	0	0		0	0	0	0	0
Outgoing_CD4_to_partner	B	CCL	55	0	0	0	0	0	0	0	0	0	0	0	0		0	0	0	0	0
Outgoing_CD4_to_partner	B	CD137	1	0	0	0	0	0	0	0	0	0	0	0	0		0	0	0	0	0
Outgoing_CD4_to_partner	B	CD160	1	0	0	0	0	0	0	0	0	0	0	0	0						
Outgoing_CD4_to_partner	B	CD200	1	0	0	0	0	0	0	0	0	0	0	0	0						
Outgoing_CD4_to_partner	B	CD23	4	0	0	0	0	0	0	0	0	0	0	0	0		0	0	0	0	0
Outgoing_CD4_to_partner	B	CD276	1	0	0	0	0	0	0	0	0	0	0	0	0						
Outgoing_CD4_to_partner	B	CD30	1	0	0	0	0	0	0	0	0	0	0	0	0						
Outgoing_CD4_to_partner	B	CD34	1	0	0	0	0	0	0	0	0	0	0	0	0						
Outgoing_CD4_to_partner	B	CD39	4	0	0	0	0	0	0	0	0	0	0	0	0		0	0	0	0	0
Outgoing_CD4_to_partner	B	CD40	4	0	0	0	0	0	0	0	0	0	0	0	0						
Outgoing_CD4_to_partner	B	CD45	2	0.294963623875903	0.294629124278348	0.000334499597555271	0.147481811937952	0.147314562139174	0.000167249798777636	1	1	0.294963623875903	0.294629124278348	0.000334499597555271	0	0.113468016220497	0.294963623875903	0.294629124278348	0.000334499597555271	0	0
Outgoing_CD4_to_partner	B	CD46	1	0	0	0	0	0	0	0	0	0	0	0	0						
Outgoing_CD4_to_partner	B	CD48	1	0	0	0	0	0	0	0	0	0	0	0	0		0	0	0	0	0
Outgoing_CD4_to_partner	B	CD6	1	0	0	0	0	0	0	0	0	0	0	0	0		0	0	0	0	0
Outgoing_CD4_to_partner	B	CD70	1	0	0	0	0	0	0	0	0	0	0	0	0						
Outgoing_CD4_to_partner	B	CD80	3	0	0	0	0	0	0	0	0	0	0	0	0						
Outgoing_CD4_to_partner	B	CD86	2	0	0	0	0	0	0	0	0	0	0	0	0		0	0	0	0	0
Outgoing_CD4_to_partner	B	CD96	1	0	0	0	0	0	0	0	0	0	0	0	0						
Outgoing_CD4_to_partner	B	CD99	4	0.102741432109767	0.103010777233192	-0.000269345123424879	0.0256853580274418	0.025752694308298	-6.73362808562197e-05	1	1	0.0519308548978999	0.052066916189852	-0.000136061291952094	0.000133283831472784	-0.261815048581976	0.0519308548978999	0.052066916189852	-0.000136061291952094	0	0
Outgoing_CD4_to_partner	B	CDH	4	0	0	0	0	0	0	0	0	0	0	0	0		0	0	0	0	0
Outgoing_CD4_to_partner	B	CDH1	3	0	0	0	0	0	0	0	0	0	0	0	0		0	0	0	0	0
Outgoing_CD4_to_partner	B	CEACAM	7	0	0	0	0	0	0	0	0	0	0	0	0						
Outgoing_CD4_to_partner	B	CHAD	1	0	0	0	0	0	0	0	0	0	0	0	0						
Outgoing_CD4_to_partner	B	CHEMERIN	2	0	0	0	0	0	0	0	0	0	0	0	0						
Outgoing_CD4_to_partner	B	CLDN	4	0	0	0	0	0	0	0	0	0	0	0	0						
Outgoing_CD4_to_partner	B	CLEC	6	0	0	0	0	0	0	0	0	0	0	0	0		0	0	0	0	0
Outgoing_CD4_to_partner	B	CNTN	7	0	0	0	0	0	0	0	0	0	0	0	0						
Outgoing_CD4_to_partner	B	COLLAGEN	187	0	0	0	0	0	0	0	0	0	0	0	0						
Outgoing_CD4_to_partner	B	COMPLEMENT	7	0	0	0	0	0	0	0	0	0	0	0	0		0	0	0	0	0
Outgoing_CD4_to_partner	B	CRH	1	0	0	0	0	0	0	0	0	0	0	0	0						
Outgoing_CD4_to_partner	B	CSF	2	0	0	0	0	0	0	0	0	0	0	0	0						
Outgoing_CD4_to_partner	B	CSF3	1	0	0	0	0	0	0	0	0	0	0	0	0						
Outgoing_CD4_to_partner	B	CSPG4	1	0	0	0	0	0	0	0	0	0	0	0	0						
Outgoing_CD4_to_partner	B	CTSG	1	0	0	0	0	0	0	0	0	0	0	0	0						
Outgoing_CD4_to_partner	B	CX3C	1	0	0	0	0	0	0	0	0	0	0	0	0						
Outgoing_CD4_to_partner	B	CXCL	22	0.0213327373421552	0.0278190964765515	-0.00648635913439627	0.000969669879188875	0.0012645043852978	-0.000294834506108922	1	1	0.0213327373421552	0.0278190964765515	-0.00648635913439627	0	-26.3931521184775	0.0213327373421552	0.0278190964765515	-0.00648635913439627	0	0
Outgoing_CD4_to_partner	B	CypA	1	0	0	0	0	0	0	0	0	0	0	0	0		0	0	0	0	0
Outgoing_CD4_to_partner	B	DESMOSOME	11	0	0	0	0	0	0	0	0	0	0	0	0						
Outgoing_CD4_to_partner	B	DMP1	1	0	0	0	0	0	0	0	0	0	0	0	0						
Outgoing_CD4_to_partner	B	DSPP	2	0	0	0	0	0	0	0	0	0	0	0	0						
Outgoing_CD4_to_partner	B	EDN	5	0	0	0	0	0	0	0	0	0	0	0	0						
Outgoing_CD4_to_partner	B	EGF	18	0	0	0	0	0	0	0	0	0	0	0	0						
Outgoing_CD4_to_partner	B	ENHO	1	0	0	0	0	0	0	0	0	0	0	0	0						
Outgoing_CD4_to_partner	B	EPGN	1	0	0	0	0	0	0	0	0	0	0	0	0						
Outgoing_CD4_to_partner	B	EPHA	32	0	0	0	0	0	0	0	0	0	0	0	0						
Outgoing_CD4_to_partner	B	EPHB	16	0	0	0	0	0	0	0	0	0	0	0	0						
Outgoing_CD4_to_partner	B	EPO	1	0	0	0	0	0	0	0	0	0	0	0	0						
Outgoing_CD4_to_partner	B	ESAM	1	0	0	0	0	0	0	0	0	0	0	0	0						
Outgoing_CD4_to_partner	B	FASLG	1	0	0	0	0	0	0	0	0	0	0	0	0		0	0	0	0	0
Outgoing_CD4_to_partner	B	FGF	46	0	0	0	0	0	0	0	0	0	0	0	0						
Outgoing_CD4_to_partner	B	FLRT	1	0	0	0	0	0	0	0	0	0	0	0	0						
Outgoing_CD4_to_partner	B	FLT3	1	0	0	0	0	0	0	0	0	0	0	0	0						
Outgoing_CD4_to_partner	B	FN1	13	0	0	0	0	0	0	0	0	0	0	0	0						
Outgoing_CD4_to_partner	B	FSH	2	0	0	0	0	0	0	0	0	0	0	0	0						
Outgoing_CD4_to_partner	B	GALANIN	6	0	0	0	0	0	0	0	0	0	0	0	0						
Outgoing_CD4_to_partner	B	GALECTIN	5	0	0	0	0	0	0	0	0	0	0	0	0		0	0	0	0	0
Outgoing_CD4_to_partner	B	GAP	4	0	0	0	0	0	0	0	0	0	0	0	0						
Outgoing_CD4_to_partner	B	GAS	3	0	0	0	0	0	0	0	0	0	0	0	0		0	0	0	0	0
Outgoing_CD4_to_partner	B	GCG	3	0	0	0	0	0	0	0	0	0	0	0	0						
Outgoing_CD4_to_partner	B	GDF	6	0	0	0	0	0	0	0	0	0	0	0	0						
Outgoing_CD4_to_partner	B	GDNF	5	0	0	0	0	0	0	0	0	0	0	0	0						
Outgoing_CD4_to_partner	B	GH	2	0	0	0	0	0	0	0	0	0	0	0	0						
Outgoing_CD4_to_partner	B	GHRELIN	1	0	0	0	0	0	0	0	0	0	0	0	0						
Outgoing_CD4_to_partner	B	GHRH	4	0	0	0	0	0	0	0	0	0	0	0	0						
Outgoing_CD4_to_partner	B	GIPR	1	0	0	0	0	0	0	0	0	0	0	0	0						
Outgoing_CD4_to_partner	B	GITRL	1	0	0	0	0	0	0	0	0	0	0	0	0						
Outgoing_CD4_to_partner	B	GNRH	1	0	0	0	0	0	0	0	0	0	0	0	0						
Outgoing_CD4_to_partner	B	GP1BA	1	0	0	0	0	0	0	0	0	0	0	0	0						
Outgoing_CD4_to_partner	B	GPR	2	0	0	0	0	0	0	0	0	0	0	0	0						
Outgoing_CD4_to_partner	B	GRN	1	0	0	0	0	0	0	0	0	0	0	0	0		0	0	0	0	0
Outgoing_CD4_to_partner	B	GRP	1	0	0	0	0	0	0	0	0	0	0	0	0						
Outgoing_CD4_to_partner	B	GUCA	2	0	0	0	0	0	0	0	0	0	0	0	0						
Outgoing_CD4_to_partner	B	HCRT	1	0	0	0	0	0	0	0	0	0	0	0	0						
Outgoing_CD4_to_partner	B	HGF	1	0	0	0	0	0	0	0	0	0	0	0	0						
Outgoing_CD4_to_partner	B	HH	6	0	0	0	0	0	0	0	0	0	0	0	0						
Outgoing_CD4_to_partner	B	HSPG	1	0	0	0	0	0	0	0	0	0	0	0	0						
Outgoing_CD4_to_partner	B	IAPP	6	0	0	0	0	0	0	0	0	0	0	0	0						
Outgoing_CD4_to_partner	B	ICAM	8	0	0	0	0	0	0	0	0	0	0	0	0		0	0	0	0	0
Outgoing_CD4_to_partner	B	ICOS	3	0	0	0	0	0	0	0	0	0	0	0	0		0	0	0	0	0
Outgoing_CD4_to_partner	B	IFN-I	17	0	0	0	0	0	0	0	0	0	0	0	0						
Outgoing_CD4_to_partner	B	IFN-II	1	0.0113123377541885	0.0119895864963247	-0.000677248742136117	0.0113123377541885	0.0119895864963247	-0.000677248742136117	1	1	0.0113123377541885	0.0119895864963247	-0.000677248742136117	0	-5.81281386768907	0.0113123377541885	0.0119895864963247	-0.000677248742136117	0	0
Outgoing_CD4_to_partner	B	IGF	8	0	0	0	0	0	0	0	0	0	0	0	0						
Outgoing_CD4_to_partner	B	IGFBP	1	0	0	0	0	0	0	0	0	0	0	0	0						
Outgoing_CD4_to_partner	B	IL1	10	0	0	0	0	0	0	0	0	0	0	0	0						
Outgoing_CD4_to_partner	B	IL10	8	0	0	0	0	0	0	0	0	0	0	0	0						
Outgoing_CD4_to_partner	B	IL12	3	0	0	0	0	0	0	0	0	0	0	0	0						
Outgoing_CD4_to_partner	B	IL16	1	0	0	0	0	0	0	0	0	0	0	0	0		0	0	0	0	0
Outgoing_CD4_to_partner	B	IL17	6	0	0	0	0	0	0	0	0	0	0	0	0						
Outgoing_CD4_to_partner	B	IL2	8	0	0	0	0	0	0	0	0	0	0	0	0						
Outgoing_CD4_to_partner	B	IL4	10	0	0	0	0	0	0	0	0	0	0	0	0						
Outgoing_CD4_to_partner	B	IL6	3	0	0	0	0	0	0	0	0	0	0	0	0						
Outgoing_CD4_to_partner	B	INSULIN	1	0	0	0	0	0	0	0	0	0	0	0	0						
Outgoing_CD4_to_partner	B	JAM	10	0	0	0	0	0	0	0	0	0	0	0	0		0	0	0	0	0
Outgoing_CD4_to_partner	B	KIT	1	0	0	0	0	0	0	0	0	0	0	0	0						
Outgoing_CD4_to_partner	B	KLK	12	0	0	0	0	0	0	0	0	0	0	0	0						
Outgoing_CD4_to_partner	B	L1CAM	3	0	0	0	0	0	0	0	0	0	0	0	0						
Outgoing_CD4_to_partner	B	LAIR1	1	0	0	0	0	0	0	0	0	0	0	0	0		0	0	0	0	0
Outgoing_CD4_to_partner	B	LAMININ	139	0	0	0	0	0	0	0	0	0	0	0	0		0	0	0	0	0
Outgoing_CD4_to_partner	B	LCK	1	0	0	0	0	0	0	0	0	0	0	0	0		0	0	0	0	0
Outgoing_CD4_to_partner	B	LEP	1	0	0	0	0	0	0	0	0	0	0	0	0						
Outgoing_CD4_to_partner	B	LIFR	4	0	0	0	0	0	0	0	0	0	0	0	0						
Outgoing_CD4_to_partner	B	LIGHT	2	0	0	0	0	0	0	0	0	0	0	0	0						
Outgoing_CD4_to_partner	B	LT	4	0	0	0	0	0	0	0	0	0	0	0	0						
Outgoing_CD4_to_partner	B	MADCAM	1	0	0	0	0	0	0	0	0	0	0	0	0						
Outgoing_CD4_to_partner	B	MELANOCORTIN	5	0	0	0	0	0	0	0	0	0	0	0	0						
Outgoing_CD4_to_partner	B	MHC-I	41	0.0417128186264254	0.0403161135620192	0.00139670506440624	0.00101738582015672	0.000983319842976078	3.406597718064e-05	2	2	0.0417128186264254	0.0403161135620192	0.00139670506440624	1.73472347597681e-18	3.40539618679321	0.0417128186264254	0.0403161135620192	0.00139670506440624	0	0
Outgoing_CD4_to_partner	B	MHC-II	12	0	0	0	0	0	0	0	0	0	0	0	0		0	0	0	0	0
Outgoing_CD4_to_partner	B	MIF	4	0.554052237386063	0.532700345362448	0.0213518920236152	0.138513059346516	0.133175086340612	0.0053379730059038	2	1	0.554052237386063	0.289727691174869	0.264324546211194	0.242972654187579	3.92948539760799	0.554052237386063	0.289727691174869	0.264324546211194	0	0
Outgoing_CD4_to_partner	B	MK	9	0	0	0	0	0	0	0	0	0	0	0	0						
Outgoing_CD4_to_partner	B	MMP	1	0	0	0	0	0	0	0	0	0	0	0	0						
Outgoing_CD4_to_partner	B	MPZ	3	0	0	0	0	0	0	0	0	0	0	0	0		0	0	0	0	0
Outgoing_CD4_to_partner	B	MSTN	4	0	0	0	0	0	0	0	0	0	0	0	0						
Outgoing_CD4_to_partner	B	NCAM	5	0	0	0	0	0	0	0	0	0	0	0	0		0	0	0	0	0
Outgoing_CD4_to_partner	B	NEGR	1	0	0	0	0	0	0	0	0	0	0	0	0						
Outgoing_CD4_to_partner	B	NGF	2	0	0	0	0	0	0	0	0	0	0	0	0						
Outgoing_CD4_to_partner	B	NGL	3	0	0	0	0	0	0	0	0	0	0	0	0						
Outgoing_CD4_to_partner	B	NMU	2	0	0	0	0	0	0	0	0	0	0	0	0						
Outgoing_CD4_to_partner	B	NODAL	12	0	0	0	0	0	0	0	0	0	0	0	0						
Outgoing_CD4_to_partner	B	NOTCH	24	0	0	0	0	0	0	0	0	0	0	0	0						
Outgoing_CD4_to_partner	B	NPFF	2	0	0	0	0	0	0	0	0	0	0	0	0						
Outgoing_CD4_to_partner	B	NPNT	2	0	0	0	0	0	0	0	0	0	0	0	0						
Outgoing_CD4_to_partner	B	NPR1	1	0	0	0	0	0	0	0	0	0	0	0	0						
Outgoing_CD4_to_partner	B	NPR2	1	0	0	0	0	0	0	0	0	0	0	0	0						
Outgoing_CD4_to_partner	B	NPVF	1	0	0	0	0	0	0	0	0	0	0	0	0						
Outgoing_CD4_to_partner	B	NPW-B	2	0	0	0	0	0	0	0	0	0	0	0	0						
Outgoing_CD4_to_partner	B	NPY	16	0	0	0	0	0	0	0	0	0	0	0	0						
Outgoing_CD4_to_partner	B	NRG	13	0	0	0	0	0	0	0	0	0	0	0	0						
Outgoing_CD4_to_partner	B	NRXN	24	0	0	0	0	0	0	0	0	0	0	0	0						
Outgoing_CD4_to_partner	B	NT	9	0	0	0	0	0	0	0	0	0	0	0	0						
Outgoing_CD4_to_partner	B	NTS	3	0	0	0	0	0	0	0	0	0	0	0	0						
Outgoing_CD4_to_partner	B	Netrin	8	0	0	0	0	0	0	0	0	0	0	0	0						
Outgoing_CD4_to_partner	B	OPIOID	12	0	0	0	0	0	0	0	0	0	0	0	0						
Outgoing_CD4_to_partner	B	OSM	2	0	0	0	0	0	0	0	0	0	0	0	0						
Outgoing_CD4_to_partner	B	OX40	1	0	0	0	0	0	0	0	0	0	0	0	0						
Outgoing_CD4_to_partner	B	OXT	1	0	0	0	0	0	0	0	0	0	0	0	0						
Outgoing_CD4_to_partner	B	PARs	29	0	0	0	0	0	0	0	0	0	0	0	0		0	0	0	0	0
Outgoing_CD4_to_partner	B	PCDH	27	0	0	0	0	0	0	0	0	0	0	0	0						
Outgoing_CD4_to_partner	B	PD-L1	1	0	0	0	0	0	0	0	0	0	0	0	0						
Outgoing_CD4_to_partner	B	PDGF	6	0	0	0	0	0	0	0	0	0	0	0	0						
Outgoing_CD4_to_partner	B	PDL2	1	0	0	0	0	0	0	0	0	0	0	0	0						
Outgoing_CD4_to_partner	B	PERIOSTIN	2	0	0	0	0	0	0	0	0	0	0	0	0						
Outgoing_CD4_to_partner	B	PLAU	1	0	0	0	0	0	0	0	0	0	0	0	0						
Outgoing_CD4_to_partner	B	PMCH	2	0	0	0	0	0	0	0	0	0	0	0	0						
Outgoing_CD4_to_partner	B	PRL	1	0	0	0	0	0	0	0	0	0	0	0	0						
Outgoing_CD4_to_partner	B	PROC	1	0	0	0	0	0	0	0	0	0	0	0	0						
Outgoing_CD4_to_partner	B	PROCR	2	0	0	0	0	0	0	0	0	0	0	0	0						
Outgoing_CD4_to_partner	B	PROK	4	0	0	0	0	0	0	0	0	0	0	0	0						
Outgoing_CD4_to_partner	B	PROS	3	0	0	0	0	0	0	0	0	0	0	0	0						
Outgoing_CD4_to_partner	B	PSAP	2	0	0	0	0	0	0	0	0	0	0	0	0						
Outgoing_CD4_to_partner	B	PTH	3	0	0	0	0	0	0	0	0	0	0	0	0						
Outgoing_CD4_to_partner	B	PTN	8	0	0	0	0	0	0	0	0	0	0	0	0						
Outgoing_CD4_to_partner	B	PTPR	11	0	0	0	0	0	0	0	0	0	0	0	0						
Outgoing_CD4_to_partner	B	PTPRM	1	0	0	0	0	0	0	0	0	0	0	0	0						
Outgoing_CD4_to_partner	B	PVR	2	0	0	0	0	0	0	0	0	0	0	0	0						
Outgoing_CD4_to_partner	B	QRFP	1	0	0	0	0	0	0	0	0	0	0	0	0						
Outgoing_CD4_to_partner	B	RANKL	2	0	0	0	0	0	0	0	0	0	0	0	0						
Outgoing_CD4_to_partner	B	RBP4	1	0	0	0	0	0	0	0	0	0	0	0	0						
Outgoing_CD4_to_partner	B	RELN	3	0	0	0	0	0	0	0	0	0	0	0	0						
Outgoing_CD4_to_partner	B	RESISTIN	2	0	0	0	0	0	0	0	0	0	0	0	0						
Outgoing_CD4_to_partner	B	RLN	16	0	0	0	0	0	0	0	0	0	0	0	0						
Outgoing_CD4_to_partner	B	SAA	1	0	0	0	0	0	0	0	0	0	0	0	0						
Outgoing_CD4_to_partner	B	SCT	1	0	0	0	0	0	0	0	0	0	0	0	0						
Outgoing_CD4_to_partner	B	SELE	2	0	0	0	0	0	0	0	0	0	0	0	0						
Outgoing_CD4_to_partner	B	SELL	4	0	0	0	0	0	0	0	0	0	0	0	0						
Outgoing_CD4_to_partner	B	SELPLG	3	0.130859880476474	0.0957981119484455	0.035061768528029	0.0436199601588248	0.0319327039828152	0.0116872561760097	1	1	0.130859880476474	0.0957981119484455	0.035061768528029	0	30.9380385424909	0.130859880476474	0.0957981119484455	0.035061768528029	0	0
Outgoing_CD4_to_partner	B	SEMA3	39	0	0	0	0	0	0	0	0	0	0	0	0		0	0	0	0	0
Outgoing_CD4_to_partner	B	SEMA4	13	0.0472506293821629	0.0716935200769912	-0.0244428906948283	0.00363466379862791	0.00551488615976856	-0.00188022236114064	1	1	0.0472506293821629	0.0716935200769912	-0.0244428906948283	0	-41.0997780150963	0.0472506293821629	0.0716935200769912	-0.0244428906948283	0	0
Outgoing_CD4_to_partner	B	SEMA5	5	0	0	0	0	0	0	0	0	0	0	0	0						
Outgoing_CD4_to_partner	B	SEMA6	7	0	0	0	0	0	0	0	0	0	0	0	0						
Outgoing_CD4_to_partner	B	SEMA7	2	0	0	0	0	0	0	0	0	0	0	0	0		0	0	0	0	0
Outgoing_CD4_to_partner	B	SIRP	1	0.0625190735812931	0.0644059276024043	-0.00188685402111119	0.0625190735812931	0.0644059276024043	-0.00188685402111119	1	1	0.0625190735812931	0.0644059276024043	-0.00188685402111119	0	-2.97317944221306	0.0625190735812931	0.0644059276024043	-0.00188685402111119	0	0
Outgoing_CD4_to_partner	B	SLIT	3	0	0	0	0	0	0	0	0	0	0	0	0						
Outgoing_CD4_to_partner	B	SLITRK	8	0	0	0	0	0	0	0	0	0	0	0	0						
Outgoing_CD4_to_partner	B	SLURP	16	0	0	0	0	0	0	0	0	0	0	0	0						
Outgoing_CD4_to_partner	B	SN	1	0	0	0	0	0	0	0	0	0	0	0	0						
Outgoing_CD4_to_partner	B	SOMATOSTATIN	7	0	0	0	0	0	0	0	0	0	0	0	0						
Outgoing_CD4_to_partner	B	SPP1	9	0	0	0	0	0	0	0	0	0	0	0	0						
Outgoing_CD4_to_partner	B	TAC	4	0	0	0	0	0	0	0	0	0	0	0	0						
Outgoing_CD4_to_partner	B	TENASCIN	28	0	0	0	0	0	0	0	0	0	0	0	0						
Outgoing_CD4_to_partner	B	TGFb	12	0	0	0	0	0	0	0	0	0	0	0	0						
Outgoing_CD4_to_partner	B	THBS	30	0	0	0	0	0	0	0	0	0	0	0	0						
Outgoing_CD4_to_partner	B	THY1	3	0	0	0	0	0	0	0	0	0	0	0	0						
Outgoing_CD4_to_partner	B	TNF	2	0	0	0	0	0	0	0	0	0	0	0	0		0	0	0	0	0
Outgoing_CD4_to_partner	B	TRAIL	1	0	0	0	0	0	0	0	0	0	0	0	0						
Outgoing_CD4_to_partner	B	TRH	1	0	0	0	0	0	0	0	0	0	0	0	0						
Outgoing_CD4_to_partner	B	TSH	2	0	0	0	0	0	0	0	0	0	0	0	0						
Outgoing_CD4_to_partner	B	TULP	5	0	0	0	0	0	0	0	0	0	0	0	0						
Outgoing_CD4_to_partner	B	TWEAK	1	0	0	0	0	0	0	0	0	0	0	0	0						
Outgoing_CD4_to_partner	B	UCN	4	0	0	0	0	0	0	0	0	0	0	0	0						
Outgoing_CD4_to_partner	B	UGRP1	1	0	0	0	0	0	0	0	0	0	0	0	0						
Outgoing_CD4_to_partner	B	UNC5	12	0	0	0	0	0	0	0	0	0	0	0	0						
Outgoing_CD4_to_partner	B	UROTENSIN	2	0	0	0	0	0	0	0	0	0	0	0	0						
Outgoing_CD4_to_partner	B	UTS2	1	0	0	0	0	0	0	0	0	0	0	0	0						
Outgoing_CD4_to_partner	B	VCAM	4	0	0	0	0	0	0	0	0	0	0	0	0		0	0	0	0	0
Outgoing_CD4_to_partner	B	VEGF	8	0	0	0	0	0	0	0	0	0	0	0	0						
Outgoing_CD4_to_partner	B	VEGI	1	0	0	0	0	0	0	0	0	0	0	0	0						
Outgoing_CD4_to_partner	B	VISFATIN	1	0	0	0	0	0	0	0	0	0	0	0	0		0	0	0	0	0
Outgoing_CD4_to_partner	B	VTN	7	0	0	0	0	0	0	0	0	0	0	0	0						
Outgoing_CD4_to_partner	B	VWF	3	0	0	0	0	0	0	0	0	0	0	0	0						
Outgoing_CD4_to_partner	B	WNT	320	0	0	0	0	0	0	0	0	0	0	0	0						
Outgoing_CD4_to_partner	B	XCR	2	0	0	0	0	0	0	0	0	0	0	0	0						
Outgoing_CD4_to_partner	B	ncWNT	31	0	0	0	0	0	0	0	0	0	0	0	0						
Outgoing_CD4_to_partner	CD8T	ACTIVIN	20	0	0	0	0	0	0	0	0	0	0	0	0						
Outgoing_CD4_to_partner	CD8T	ADIPONECTIN	2	0	0	0	0	0	0	0	0	0	0	0	0						
Outgoing_CD4_to_partner	CD8T	ADM	6	0	0	0	0	0	0	0	0	0	0	0	0						
Outgoing_CD4_to_partner	CD8T	AGRN	1	0	0	0	0	0	0	0	0	0	0	0	0						
Outgoing_CD4_to_partner	CD8T	AGT	3	0	0	0	0	0	0	0	0	0	0	0	0						
Outgoing_CD4_to_partner	CD8T	AMH	2	0	0	0	0	0	0	0	0	0	0	0	0						
Outgoing_CD4_to_partner	CD8T	ANGPT	2	0	0	0	0	0	0	0	0	0	0	0	0						
Outgoing_CD4_to_partner	CD8T	ANGPTL	15	0	0	0	0	0	0	0	0	0	0	0	0						
Outgoing_CD4_to_partner	CD8T	ANNEXIN	6	0	0	0	0	0	0	0	0	0	0	0	0		0	0	0	0	0
Outgoing_CD4_to_partner	CD8T	APP	4	0	0	0	0	0	0	0	0	0	0	0	0		0	0	0	0	0
Outgoing_CD4_to_partner	CD8T	APRIL	2	0	0	0	0	0	0	0	0	0	0	0	0		0	0	0	0	0
Outgoing_CD4_to_partner	CD8T	ApoA	4	0	0	0	0	0	0	0	0	0	0	0	0						
Outgoing_CD4_to_partner	CD8T	ApoB	2	0	0	0	0	0	0	0	0	0	0	0	0						
Outgoing_CD4_to_partner	CD8T	ApoE	1	0	0	0	0	0	0	0	0	0	0	0	0						
Outgoing_CD4_to_partner	CD8T	BAFF	3	0	0	0	0	0	0	0	0	0	0	0	0		0	0	0	0	0
Outgoing_CD4_to_partner	CD8T	BAG	1	0	0	0	0	0	0	0	0	0	0	0	0						
Outgoing_CD4_to_partner	CD8T	BMP	75	0	0	0	0	0	0	0	0	0	0	0	0						
Outgoing_CD4_to_partner	CD8T	BMP10	4	0	0	0	0	0	0	0	0	0	0	0	0						
Outgoing_CD4_to_partner	CD8T	BRADYKININ	2	0	0	0	0	0	0	0	0	0	0	0	0						
Outgoing_CD4_to_partner	CD8T	BSP	2	0	0	0	0	0	0	0	0	0	0	0	0						
Outgoing_CD4_to_partner	CD8T	BTLA	1	0	0	0	0	0	0	0	0	0	0	0	0		0	0	0	0	0
Outgoing_CD4_to_partner	CD8T	CADM	6	0	0	0	0	0	0	0	0	0	0	0	0		0	0	0	0	0
Outgoing_CD4_to_partner	CD8T	CALC	12	0	0	0	0	0	0	0	0	0	0	0	0						
Outgoing_CD4_to_partner	CD8T	CALCR	8	0	0	0	0	0	0	0	0	0	0	0	0		0	0	0	0	0
Outgoing_CD4_to_partner	CD8T	CCL	55	0.0872274690087238	0.115472838257227	-0.0282453692485031	0.0015859539819768	0.0020995061501314	-0.000513552168154601	2	2	0.0872274690087238	0.110676850592506	-0.0234493815837822	0.00479598766472083	-27.869093667869	0.0872274690087238	0.110676850592506	-0.0234493815837822	0	0
Outgoing_CD4_to_partner	CD8T	CD137	1	0	0.00326561510854697	-0.00326561510854697	0	0.00326561510854697	-0.00326561510854697	0	1	0	0.00326561510854697	-0.00326561510854697	0	-200	0	0.00326561510854697	-0.00326561510854697	0	0
Outgoing_CD4_to_partner	CD8T	CD160	1	0	0	0	0	0	0	0	0	0	0	0	0						
Outgoing_CD4_to_partner	CD8T	CD200	1	0	0	0	0	0	0	0	0	0	0	0	0						
Outgoing_CD4_to_partner	CD8T	CD23	4	0	0	0	0	0	0	0	0	0	0	0	0		0	0	0	0	0
Outgoing_CD4_to_partner	CD8T	CD276	1	0	0	0	0	0	0	0	0	0	0	0	0						
Outgoing_CD4_to_partner	CD8T	CD30	1	0	0	0	0	0	0	0	0	0	0	0	0						
Outgoing_CD4_to_partner	CD8T	CD34	1	0	0	0	0	0	0	0	0	0	0	0	0						
Outgoing_CD4_to_partner	CD8T	CD39	4	0	0	0	0	0	0	0	0	0	0	0	0		0	0	0	0	0
Outgoing_CD4_to_partner	CD8T	CD40	4	0	0	0	0	0	0	0	0	0	0	0	0						
Outgoing_CD4_to_partner	CD8T	CD45	2	0	0	0	0	0	0	0	0	0	0	0	0		0	0	0	0	0
Outgoing_CD4_to_partner	CD8T	CD46	1	0	0	0	0	0	0	0	0	0	0	0	0						
Outgoing_CD4_to_partner	CD8T	CD48	1	0	0	0	0	0	0	0	0	0	0	0	0		0	0	0	0	0
Outgoing_CD4_to_partner	CD8T	CD6	1	0	0	0	0	0	0	0	0	0	0	0	0		0	0	0	0	0
Outgoing_CD4_to_partner	CD8T	CD70	1	0	0	0	0	0	0	0	0	0	0	0	0						
Outgoing_CD4_to_partner	CD8T	CD80	3	0	0	0	0	0	0	0	0	0	0	0	0						
Outgoing_CD4_to_partner	CD8T	CD86	2	0	0	0	0	0	0	0	0	0	0	0	0		0	0	0	0	0
Outgoing_CD4_to_partner	CD8T	CD96	1	0	0	0	0	0	0	0	0	0	0	0	0						
Outgoing_CD4_to_partner	CD8T	CD99	4	0.197792501312813	0.198269691589633	-0.000477190276820035	0.0494481253282031	0.0495674228974082	-0.000119297569205009	2	2	0.197792501312813	0.198269691589633	-0.000477190276820055	-2.08166817117217e-17	-0.240967345720662	0.197792501312813	0.198269691589633	-0.000477190276820055	0	0
Outgoing_CD4_to_partner	CD8T	CDH	4	0	0	0	0	0	0	0	0	0	0	0	0		0	0	0	0	0
Outgoing_CD4_to_partner	CD8T	CDH1	3	0	0	0	0	0	0	0	0	0	0	0	0		0	0	0	0	0
Outgoing_CD4_to_partner	CD8T	CEACAM	7	0	0	0	0	0	0	0	0	0	0	0	0						
Outgoing_CD4_to_partner	CD8T	CHAD	1	0	0	0	0	0	0	0	0	0	0	0	0						
Outgoing_CD4_to_partner	CD8T	CHEMERIN	2	0	0	0	0	0	0	0	0	0	0	0	0						
Outgoing_CD4_to_partner	CD8T	CLDN	4	0	0	0	0	0	0	0	0	0	0	0	0						
Outgoing_CD4_to_partner	CD8T	CLEC	6	0	0	0	0	0	0	0	0	0	0	0	0		0	0	0	0	0
Outgoing_CD4_to_partner	CD8T	CNTN	7	0	0	0	0	0	0	0	0	0	0	0	0						
Outgoing_CD4_to_partner	CD8T	COLLAGEN	187	0	0	0	0	0	0	0	0	0	0	0	0						
Outgoing_CD4_to_partner	CD8T	COMPLEMENT	7	0	0	0	0	0	0	0	0	0	0	0	0		0	0	0	0	0
Outgoing_CD4_to_partner	CD8T	CRH	1	0	0	0	0	0	0	0	0	0	0	0	0						
Outgoing_CD4_to_partner	CD8T	CSF	2	0	0	0	0	0	0	0	0	0	0	0	0						
Outgoing_CD4_to_partner	CD8T	CSF3	1	0	0	0	0	0	0	0	0	0	0	0	0						
Outgoing_CD4_to_partner	CD8T	CSPG4	1	0	0	0	0	0	0	0	0	0	0	0	0						
Outgoing_CD4_to_partner	CD8T	CTSG	1	0	0	0	0	0	0	0	0	0	0	0	0						
Outgoing_CD4_to_partner	CD8T	CX3C	1	0	0	0	0	0	0	0	0	0	0	0	0						
Outgoing_CD4_to_partner	CD8T	CXCL	22	0.0100444456086341	0.0131446248292157	-0.00310017922058159	0.000456565709483369	0.000597482946782532	-0.000140917237299163	1	1	0.0100444456086341	0.0131446248292157	-0.00310017922058159	0	-26.7382793880465	0.0100444456086341	0.0131446248292157	-0.00310017922058159	0	0
Outgoing_CD4_to_partner	CD8T	CypA	1	0.0901340630455296	0.0895595816628133	0.000574481382716333	0.0901340630455296	0.0895595816628133	0.000574481382716333	0	0	0	0	0	-0.000574481382716333	0.639400891054062	0	0	0	0	0
Outgoing_CD4_to_partner	CD8T	DESMOSOME	11	0	0	0	0	0	0	0	0	0	0	0	0						
Outgoing_CD4_to_partner	CD8T	DMP1	1	0	0	0	0	0	0	0	0	0	0	0	0						
Outgoing_CD4_to_partner	CD8T	DSPP	2	0	0	0	0	0	0	0	0	0	0	0	0						
Outgoing_CD4_to_partner	CD8T	EDN	5	0	0	0	0	0	0	0	0	0	0	0	0						
Outgoing_CD4_to_partner	CD8T	EGF	18	0	0	0	0	0	0	0	0	0	0	0	0						
Outgoing_CD4_to_partner	CD8T	ENHO	1	0	0	0	0	0	0	0	0	0	0	0	0						
Outgoing_CD4_to_partner	CD8T	EPGN	1	0	0	0	0	0	0	0	0	0	0	0	0						
Outgoing_CD4_to_partner	CD8T	EPHA	32	0	0	0	0	0	0	0	0	0	0	0	0						
Outgoing_CD4_to_partner	CD8T	EPHB	16	0	0	0	0	0	0	0	0	0	0	0	0						
Outgoing_CD4_to_partner	CD8T	EPO	1	0	0	0	0	0	0	0	0	0	0	0	0						
Outgoing_CD4_to_partner	CD8T	ESAM	1	0	0	0	0	0	0	0	0	0	0	0	0						
Outgoing_CD4_to_partner	CD8T	FASLG	1	0	0	0	0	0	0	0	0	0	0	0	0		0	0	0	0	0
Outgoing_CD4_to_partner	CD8T	FGF	46	0	0	0	0	0	0	0	0	0	0	0	0						
Outgoing_CD4_to_partner	CD8T	FLRT	1	0	0	0	0	0	0	0	0	0	0	0	0						
Outgoing_CD4_to_partner	CD8T	FLT3	1	0	0	0	0	0	0	0	0	0	0	0	0						
Outgoing_CD4_to_partner	CD8T	FN1	13	0	0	0	0	0	0	0	0	0	0	0	0						
Outgoing_CD4_to_partner	CD8T	FSH	2	0	0	0	0	0	0	0	0	0	0	0	0						
Outgoing_CD4_to_partner	CD8T	GALANIN	6	0	0	0	0	0	0	0	0	0	0	0	0						
Outgoing_CD4_to_partner	CD8T	GALECTIN	5	0	0	0	0	0	0	0	0	0	0	0	0		0	0	0	0	0
Outgoing_CD4_to_partner	CD8T	GAP	4	0	0	0	0	0	0	0	0	0	0	0	0						
Outgoing_CD4_to_partner	CD8T	GAS	3	0	0	0	0	0	0	0	0	0	0	0	0		0	0	0	0	0
Outgoing_CD4_to_partner	CD8T	GCG	3	0	0	0	0	0	0	0	0	0	0	0	0						
Outgoing_CD4_to_partner	CD8T	GDF	6	0	0	0	0	0	0	0	0	0	0	0	0						
Outgoing_CD4_to_partner	CD8T	GDNF	5	0	0	0	0	0	0	0	0	0	0	0	0						
Outgoing_CD4_to_partner	CD8T	GH	2	0	0	0	0	0	0	0	0	0	0	0	0						
Outgoing_CD4_to_partner	CD8T	GHRELIN	1	0	0	0	0	0	0	0	0	0	0	0	0						
Outgoing_CD4_to_partner	CD8T	GHRH	4	0	0	0	0	0	0	0	0	0	0	0	0						
Outgoing_CD4_to_partner	CD8T	GIPR	1	0	0	0	0	0	0	0	0	0	0	0	0						
Outgoing_CD4_to_partner	CD8T	GITRL	1	0	0	0	0	0	0	0	0	0	0	0	0						
Outgoing_CD4_to_partner	CD8T	GNRH	1	0	0	0	0	0	0	0	0	0	0	0	0						
Outgoing_CD4_to_partner	CD8T	GP1BA	1	0	0	0	0	0	0	0	0	0	0	0	0						
Outgoing_CD4_to_partner	CD8T	GPR	2	0	0	0	0	0	0	0	0	0	0	0	0						
Outgoing_CD4_to_partner	CD8T	GRN	1	0	0	0	0	0	0	0	0	0	0	0	0		0	0	0	0	0
Outgoing_CD4_to_partner	CD8T	GRP	1	0	0	0	0	0	0	0	0	0	0	0	0						
Outgoing_CD4_to_partner	CD8T	GUCA	2	0	0	0	0	0	0	0	0	0	0	0	0						
Outgoing_CD4_to_partner	CD8T	HCRT	1	0	0	0	0	0	0	0	0	0	0	0	0						
Outgoing_CD4_to_partner	CD8T	HGF	1	0	0	0	0	0	0	0	0	0	0	0	0						
Outgoing_CD4_to_partner	CD8T	HH	6	0	0	0	0	0	0	0	0	0	0	0	0						
Outgoing_CD4_to_partner	CD8T	HSPG	1	0	0	0	0	0	0	0	0	0	0	0	0						
Outgoing_CD4_to_partner	CD8T	IAPP	6	0	0	0	0	0	0	0	0	0	0	0	0						
Outgoing_CD4_to_partner	CD8T	ICAM	8	0	0	0	0	0	0	0	0	0	0	0	0		0	0	0	0	0
Outgoing_CD4_to_partner	CD8T	ICOS	3	0	0	0	0	0	0	0	0	0	0	0	0		0	0	0	0	0
Outgoing_CD4_to_partner	CD8T	IFN-I	17	0	0	0	0	0	0	0	0	0	0	0	0						
Outgoing_CD4_to_partner	CD8T	IFN-II	1	0	0	0	0	0	0	0	0	0	0	0	0		0	0	0	0	0
Outgoing_CD4_to_partner	CD8T	IGF	8	0	0	0	0	0	0	0	0	0	0	0	0						
Outgoing_CD4_to_partner	CD8T	IGFBP	1	0	0	0	0	0	0	0	0	0	0	0	0						
Outgoing_CD4_to_partner	CD8T	IL1	10	0	0	0	0	0	0	0	0	0	0	0	0						
Outgoing_CD4_to_partner	CD8T	IL10	8	0	0	0	0	0	0	0	0	0	0	0	0						
Outgoing_CD4_to_partner	CD8T	IL12	3	0	0	0	0	0	0	0	0	0	0	0	0						
Outgoing_CD4_to_partner	CD8T	IL16	1	0	0	0	0	0	0	0	0	0	0	0	0		0	0	0	0	0
Outgoing_CD4_to_partner	CD8T	IL17	6	0	0	0	0	0	0	0	0	0	0	0	0						
Outgoing_CD4_to_partner	CD8T	IL2	8	0	0	0	0	0	0	0	0	0	0	0	0						
Outgoing_CD4_to_partner	CD8T	IL4	10	0	0	0	0	0	0	0	0	0	0	0	0						
Outgoing_CD4_to_partner	CD8T	IL6	3	0	0	0	0	0	0	0	0	0	0	0	0						
Outgoing_CD4_to_partner	CD8T	INSULIN	1	0	0	0	0	0	0	0	0	0	0	0	0						
Outgoing_CD4_to_partner	CD8T	JAM	10	0	0	0	0	0	0	0	0	0	0	0	0		0	0	0	0	0
Outgoing_CD4_to_partner	CD8T	KIT	1	0	0	0	0	0	0	0	0	0	0	0	0						
Outgoing_CD4_to_partner	CD8T	KLK	12	0	0	0	0	0	0	0	0	0	0	0	0						
Outgoing_CD4_to_partner	CD8T	L1CAM	3	0	0	0	0	0	0	0	0	0	0	0	0						
Outgoing_CD4_to_partner	CD8T	LAIR1	1	0	0	0	0	0	0	0	0	0	0	0	0		0	0	0	0	0
Outgoing_CD4_to_partner	CD8T	LAMININ	139	0	0	0	0	0	0	0	0	0	0	0	0		0	0	0	0	0
Outgoing_CD4_to_partner	CD8T	LCK	1	0.228325674891759	0.238811534886537	-0.0104858599947785	0.228325674891759	0.238811534886537	-0.0104858599947785	1	1	0.228325674891759	0.238811534886537	-0.0104858599947785	0	-4.48941329240508	0.228325674891759	0.238811534886537	-0.0104858599947785	0	0
Outgoing_CD4_to_partner	CD8T	LEP	1	0	0	0	0	0	0	0	0	0	0	0	0						
Outgoing_CD4_to_partner	CD8T	LIFR	4	0	0	0	0	0	0	0	0	0	0	0	0						
Outgoing_CD4_to_partner	CD8T	LIGHT	2	0	0	0	0	0	0	0	0	0	0	0	0						
Outgoing_CD4_to_partner	CD8T	LT	4	0	0	0	0	0	0	0	0	0	0	0	0						
Outgoing_CD4_to_partner	CD8T	MADCAM	1	0	0	0	0	0	0	0	0	0	0	0	0						
Outgoing_CD4_to_partner	CD8T	MELANOCORTIN	5	0	0	0	0	0	0	0	0	0	0	0	0						
Outgoing_CD4_to_partner	CD8T	MHC-I	41	3.70680583964759	3.68482896324522	0.0219768764023665	0.0904098985279899	0.0898738771523224	0.000536021375667476	13	13	3.70680583964759	3.68482896324522	0.0219768764023667	1.66533453693773e-16	0.594641834679538	3.70680583964759	3.68482896324522	0.0219768764023667	0	0
Outgoing_CD4_to_partner	CD8T	MHC-II	12	0	0	0	0	0	0	0	0	0	0	0	0		0	0	0	0	0
Outgoing_CD4_to_partner	CD8T	MIF	4	0.522462570162101	0.501866759626033	0.0205958105360683	0.130615642540525	0.125466689906508	0.00514895263401707	1	0	0.247763490938988	0	0.247763490938988	0.22716768040292	4.02132594218076	0.247763490938988	0	0.247763490938988	0	0
Outgoing_CD4_to_partner	CD8T	MK	9	0	0	0	0	0	0	0	0	0	0	0	0						
Outgoing_CD4_to_partner	CD8T	MMP	1	0	0	0	0	0	0	0	0	0	0	0	0						
Outgoing_CD4_to_partner	CD8T	MPZ	3	0	0	0	0	0	0	0	0	0	0	0	0		0	0	0	0	0
Outgoing_CD4_to_partner	CD8T	MSTN	4	0	0	0	0	0	0	0	0	0	0	0	0						
Outgoing_CD4_to_partner	CD8T	NCAM	5	0	0	0	0	0	0	0	0	0	0	0	0		0	0	0	0	0
Outgoing_CD4_to_partner	CD8T	NEGR	1	0	0	0	0	0	0	0	0	0	0	0	0						
Outgoing_CD4_to_partner	CD8T	NGF	2	0	0	0	0	0	0	0	0	0	0	0	0						
Outgoing_CD4_to_partner	CD8T	NGL	3	0	0	0	0	0	0	0	0	0	0	0	0						
Outgoing_CD4_to_partner	CD8T	NMU	2	0	0	0	0	0	0	0	0	0	0	0	0						
Outgoing_CD4_to_partner	CD8T	NODAL	12	0	0	0	0	0	0	0	0	0	0	0	0						
Outgoing_CD4_to_partner	CD8T	NOTCH	24	0	0	0	0	0	0	0	0	0	0	0	0						
Outgoing_CD4_to_partner	CD8T	NPFF	2	0	0	0	0	0	0	0	0	0	0	0	0						
Outgoing_CD4_to_partner	CD8T	NPNT	2	0	0	0	0	0	0	0	0	0	0	0	0						
Outgoing_CD4_to_partner	CD8T	NPR1	1	0	0	0	0	0	0	0	0	0	0	0	0						
Outgoing_CD4_to_partner	CD8T	NPR2	1	0	0	0	0	0	0	0	0	0	0	0	0						
Outgoing_CD4_to_partner	CD8T	NPVF	1	0	0	0	0	0	0	0	0	0	0	0	0						
Outgoing_CD4_to_partner	CD8T	NPW-B	2	0	0	0	0	0	0	0	0	0	0	0	0						
Outgoing_CD4_to_partner	CD8T	NPY	16	0	0	0	0	0	0	0	0	0	0	0	0						
Outgoing_CD4_to_partner	CD8T	NRG	13	0	0	0	0	0	0	0	0	0	0	0	0						
Outgoing_CD4_to_partner	CD8T	NRXN	24	0	0	0	0	0	0	0	0	0	0	0	0						
Outgoing_CD4_to_partner	CD8T	NT	9	0	0	0	0	0	0	0	0	0	0	0	0						
Outgoing_CD4_to_partner	CD8T	NTS	3	0	0	0	0	0	0	0	0	0	0	0	0						
Outgoing_CD4_to_partner	CD8T	Netrin	8	0	0	0	0	0	0	0	0	0	0	0	0						
Outgoing_CD4_to_partner	CD8T	OPIOID	12	0	0	0	0	0	0	0	0	0	0	0	0						
Outgoing_CD4_to_partner	CD8T	OSM	2	0	0	0	0	0	0	0	0	0	0	0	0						
Outgoing_CD4_to_partner	CD8T	OX40	1	0	0	0	0	0	0	0	0	0	0	0	0						
Outgoing_CD4_to_partner	CD8T	OXT	1	0	0	0	0	0	0	0	0	0	0	0	0						
Outgoing_CD4_to_partner	CD8T	PARs	29	0.0191063018464359	0.049288763417444	-0.0301824615710082	0.000658837994704685	0.001699612531636	-0.00104077453693132	1	1	0.0191063018464359	0.049288763417444	-0.0301824615710082	0	-88.2591790929918	0.0191063018464359	0.049288763417444	-0.0301824615710082	0	0
Outgoing_CD4_to_partner	CD8T	PCDH	27	0	0	0	0	0	0	0	0	0	0	0	0						
Outgoing_CD4_to_partner	CD8T	PD-L1	1	0	0	0	0	0	0	0	0	0	0	0	0						
Outgoing_CD4_to_partner	CD8T	PDGF	6	0	0	0	0	0	0	0	0	0	0	0	0						
Outgoing_CD4_to_partner	CD8T	PDL2	1	0	0	0	0	0	0	0	0	0	0	0	0						
Outgoing_CD4_to_partner	CD8T	PERIOSTIN	2	0	0	0	0	0	0	0	0	0	0	0	0						
Outgoing_CD4_to_partner	CD8T	PLAU	1	0	0	0	0	0	0	0	0	0	0	0	0						
Outgoing_CD4_to_partner	CD8T	PMCH	2	0	0	0	0	0	0	0	0	0	0	0	0						
Outgoing_CD4_to_partner	CD8T	PRL	1	0	0	0	0	0	0	0	0	0	0	0	0						
Outgoing_CD4_to_partner	CD8T	PROC	1	0	0	0	0	0	0	0	0	0	0	0	0						
Outgoing_CD4_to_partner	CD8T	PROCR	2	0	0	0	0	0	0	0	0	0	0	0	0						
Outgoing_CD4_to_partner	CD8T	PROK	4	0	0	0	0	0	0	0	0	0	0	0	0						
Outgoing_CD4_to_partner	CD8T	PROS	3	0	0	0	0	0	0	0	0	0	0	0	0						
Outgoing_CD4_to_partner	CD8T	PSAP	2	0	0	0	0	0	0	0	0	0	0	0	0						
Outgoing_CD4_to_partner	CD8T	PTH	3	0	0	0	0	0	0	0	0	0	0	0	0						
Outgoing_CD4_to_partner	CD8T	PTN	8	0	0	0	0	0	0	0	0	0	0	0	0						
Outgoing_CD4_to_partner	CD8T	PTPR	11	0	0	0	0	0	0	0	0	0	0	0	0						
Outgoing_CD4_to_partner	CD8T	PTPRM	1	0	0	0	0	0	0	0	0	0	0	0	0						
Outgoing_CD4_to_partner	CD8T	PVR	2	0	0	0	0	0	0	0	0	0	0	0	0						
Outgoing_CD4_to_partner	CD8T	QRFP	1	0	0	0	0	0	0	0	0	0	0	0	0						
Outgoing_CD4_to_partner	CD8T	RANKL	2	0	0	0	0	0	0	0	0	0	0	0	0						
Outgoing_CD4_to_partner	CD8T	RBP4	1	0	0	0	0	0	0	0	0	0	0	0	0						
Outgoing_CD4_to_partner	CD8T	RELN	3	0	0	0	0	0	0	0	0	0	0	0	0						
Outgoing_CD4_to_partner	CD8T	RESISTIN	2	0	0	0	0	0	0	0	0	0	0	0	0						
Outgoing_CD4_to_partner	CD8T	RLN	16	0	0	0	0	0	0	0	0	0	0	0	0						
Outgoing_CD4_to_partner	CD8T	SAA	1	0	0	0	0	0	0	0	0	0	0	0	0						
Outgoing_CD4_to_partner	CD8T	SCT	1	0	0	0	0	0	0	0	0	0	0	0	0						
Outgoing_CD4_to_partner	CD8T	SELE	2	0	0	0	0	0	0	0	0	0	0	0	0						
Outgoing_CD4_to_partner	CD8T	SELL	4	0	0	0	0	0	0	0	0	0	0	0	0						
Outgoing_CD4_to_partner	CD8T	SELPLG	3	0	0	0	0	0	0	0	0	0	0	0	0		0	0	0	0	0
Outgoing_CD4_to_partner	CD8T	SEMA3	39	0	0	0	0	0	0	0	0	0	0	0	0		0	0	0	0	0
Outgoing_CD4_to_partner	CD8T	SEMA4	13	0	0	0	0	0	0	0	0	0	0	0	0		0	0	0	0	0
Outgoing_CD4_to_partner	CD8T	SEMA5	5	0	0	0	0	0	0	0	0	0	0	0	0						
Outgoing_CD4_to_partner	CD8T	SEMA6	7	0	0	0	0	0	0	0	0	0	0	0	0						
Outgoing_CD4_to_partner	CD8T	SEMA7	2	0	0	0	0	0	0	0	0	0	0	0	0		0	0	0	0	0
Outgoing_CD4_to_partner	CD8T	SIRP	1	0.052076315345889	0.0536660439110442	-0.00158972856515521	0.052076315345889	0.0536660439110442	-0.00158972856515521	0	1	0	0.0536660439110442	-0.0536660439110442	-0.052076315345889	-3.00679609633539	0	0.0536660439110442	-0.0536660439110442	0	0
Outgoing_CD4_to_partner	CD8T	SLIT	3	0	0	0	0	0	0	0	0	0	0	0	0						
Outgoing_CD4_to_partner	CD8T	SLITRK	8	0	0	0	0	0	0	0	0	0	0	0	0						
Outgoing_CD4_to_partner	CD8T	SLURP	16	0	0	0	0	0	0	0	0	0	0	0	0						
Outgoing_CD4_to_partner	CD8T	SN	1	0	0	0	0	0	0	0	0	0	0	0	0						
Outgoing_CD4_to_partner	CD8T	SOMATOSTATIN	7	0	0	0	0	0	0	0	0	0	0	0	0						
Outgoing_CD4_to_partner	CD8T	SPP1	9	0	0	0	0	0	0	0	0	0	0	0	0						
Outgoing_CD4_to_partner	CD8T	TAC	4	0	0	0	0	0	0	0	0	0	0	0	0						
Outgoing_CD4_to_partner	CD8T	TENASCIN	28	0	0	0	0	0	0	0	0	0	0	0	0						
Outgoing_CD4_to_partner	CD8T	TGFb	12	0	0	0	0	0	0	0	0	0	0	0	0						
Outgoing_CD4_to_partner	CD8T	THBS	30	0	0	0	0	0	0	0	0	0	0	0	0						
Outgoing_CD4_to_partner	CD8T	THY1	3	0	0	0	0	0	0	0	0	0	0	0	0						
Outgoing_CD4_to_partner	CD8T	TNF	2	0	0	0	0	0	0	0	0	0	0	0	0		0	0	0	0	0
Outgoing_CD4_to_partner	CD8T	TRAIL	1	0	0	0	0	0	0	0	0	0	0	0	0						
Outgoing_CD4_to_partner	CD8T	TRH	1	0	0	0	0	0	0	0	0	0	0	0	0						
Outgoing_CD4_to_partner	CD8T	TSH	2	0	0	0	0	0	0	0	0	0	0	0	0						
Outgoing_CD4_to_partner	CD8T	TULP	5	0	0	0	0	0	0	0	0	0	0	0	0						
Outgoing_CD4_to_partner	CD8T	TWEAK	1	0	0	0	0	0	0	0	0	0	0	0	0						
Outgoing_CD4_to_partner	CD8T	UCN	4	0	0	0	0	0	0	0	0	0	0	0	0						
Outgoing_CD4_to_partner	CD8T	UGRP1	1	0	0	0	0	0	0	0	0	0	0	0	0						
Outgoing_CD4_to_partner	CD8T	UNC5	12	0	0	0	0	0	0	0	0	0	0	0	0						
Outgoing_CD4_to_partner	CD8T	UROTENSIN	2	0	0	0	0	0	0	0	0	0	0	0	0						
Outgoing_CD4_to_partner	CD8T	UTS2	1	0	0	0	0	0	0	0	0	0	0	0	0						
Outgoing_CD4_to_partner	CD8T	VCAM	4	0	0	0	0	0	0	0	0	0	0	0	0		0	0	0	0	0
Outgoing_CD4_to_partner	CD8T	VEGF	8	0	0	0	0	0	0	0	0	0	0	0	0						
Outgoing_CD4_to_partner	CD8T	VEGI	1	0	0	0	0	0	0	0	0	0	0	0	0						
Outgoing_CD4_to_partner	CD8T	VISFATIN	1	0	0	0	0	0	0	0	0	0	0	0	0		0	0	0	0	0
Outgoing_CD4_to_partner	CD8T	VTN	7	0	0	0	0	0	0	0	0	0	0	0	0						
Outgoing_CD4_to_partner	CD8T	VWF	3	0	0	0	0	0	0	0	0	0	0	0	0						
Outgoing_CD4_to_partner	CD8T	WNT	320	0	0	0	0	0	0	0	0	0	0	0	0						
Outgoing_CD4_to_partner	CD8T	XCR	2	0	0	0	0	0	0	0	0	0	0	0	0						
Outgoing_CD4_to_partner	CD8T	ncWNT	31	0	0	0	0	0	0	0	0	0	0	0	0						
Outgoing_CD4_to_partner	MonoMacro	ACTIVIN	20	0	0	0	0	0	0	0	0	0	0	0	0						
Outgoing_CD4_to_partner	MonoMacro	ADIPONECTIN	2	0	0	0	0	0	0	0	0	0	0	0	0						
Outgoing_CD4_to_partner	MonoMacro	ADM	6	0	0	0	0	0	0	0	0	0	0	0	0						
Outgoing_CD4_to_partner	MonoMacro	AGRN	1	0	0	0	0	0	0	0	0	0	0	0	0						
Outgoing_CD4_to_partner	MonoMacro	AGT	3	0	0	0	0	0	0	0	0	0	0	0	0						
Outgoing_CD4_to_partner	MonoMacro	AMH	2	0	0	0	0	0	0	0	0	0	0	0	0						
Outgoing_CD4_to_partner	MonoMacro	ANGPT	2	0	0	0	0	0	0	0	0	0	0	0	0						
Outgoing_CD4_to_partner	MonoMacro	ANGPTL	15	0	0	0	0	0	0	0	0	0	0	0	0						
Outgoing_CD4_to_partner	MonoMacro	ANNEXIN	6	0.365084807533426	0.365311093688335	-0.000226286154908266	0.0608474679222377	0.0608851822813891	-3.77143591513777e-05	6	6	0.365084807533426	0.365311093688335	-0.000226286154908273	-6.93889390390723e-18	-0.0619626026185931	0.365084807533426	0.365311093688335	-0.000226286154908273	0	0
Outgoing_CD4_to_partner	MonoMacro	APP	4	0	0	0	0	0	0	0	0	0	0	0	0		0	0	0	0	0
Outgoing_CD4_to_partner	MonoMacro	APRIL	2	0	0	0	0	0	0	0	0	0	0	0	0		0	0	0	0	0
Outgoing_CD4_to_partner	MonoMacro	ApoA	4	0	0	0	0	0	0	0	0	0	0	0	0						
Outgoing_CD4_to_partner	MonoMacro	ApoB	2	0	0	0	0	0	0	0	0	0	0	0	0						
Outgoing_CD4_to_partner	MonoMacro	ApoE	1	0	0	0	0	0	0	0	0	0	0	0	0						
Outgoing_CD4_to_partner	MonoMacro	BAFF	3	0	0	0	0	0	0	0	0	0	0	0	0		0	0	0	0	0
Outgoing_CD4_to_partner	MonoMacro	BAG	1	0	0	0	0	0	0	0	0	0	0	0	0						
Outgoing_CD4_to_partner	MonoMacro	BMP	75	0	0	0	0	0	0	0	0	0	0	0	0						
Outgoing_CD4_to_partner	MonoMacro	BMP10	4	0	0	0	0	0	0	0	0	0	0	0	0						
Outgoing_CD4_to_partner	MonoMacro	BRADYKININ	2	0	0	0	0	0	0	0	0	0	0	0	0						
Outgoing_CD4_to_partner	MonoMacro	BSP	2	0	0	0	0	0	0	0	0	0	0	0	0						
Outgoing_CD4_to_partner	MonoMacro	BTLA	1	0	0	0	0	0	0	0	0	0	0	0	0		0	0	0	0	0
Outgoing_CD4_to_partner	MonoMacro	CADM	6	0	0	0	0	0	0	0	0	0	0	0	0		0	0	0	0	0
Outgoing_CD4_to_partner	MonoMacro	CALC	12	0	0	0	0	0	0	0	0	0	0	0	0						
Outgoing_CD4_to_partner	MonoMacro	CALCR	8	0	0	0	0	0	0	0	0	0	0	0	0		0	0	0	0	0
Outgoing_CD4_to_partner	MonoMacro	CCL	55	0.117180485132503	0.16084100490153	-0.0436605197690268	0.00213055427513641	0.00292438190730054	-0.000793827632164124	1	3	0.0640074656052948	0.144109426863888	-0.0801019612585935	-0.0364414414895667	-31.408017965577	0.0640074656052948	0.144109426863888	-0.0801019612585935	0	0
Outgoing_CD4_to_partner	MonoMacro	CD137	1	0	0	0	0	0	0	0	0	0	0	0	0		0	0	0	0	0
Outgoing_CD4_to_partner	MonoMacro	CD160	1	0	0	0	0	0	0	0	0	0	0	0	0						
Outgoing_CD4_to_partner	MonoMacro	CD200	1	0	0	0	0	0	0	0	0	0	0	0	0						
Outgoing_CD4_to_partner	MonoMacro	CD23	4	0	0	0	0	0	0	0	0	0	0	0	0		0	0	0	0	0
Outgoing_CD4_to_partner	MonoMacro	CD276	1	0	0	0	0	0	0	0	0	0	0	0	0						
Outgoing_CD4_to_partner	MonoMacro	CD30	1	0	0	0	0	0	0	0	0	0	0	0	0						
Outgoing_CD4_to_partner	MonoMacro	CD34	1	0	0	0	0	0	0	0	0	0	0	0	0						
Outgoing_CD4_to_partner	MonoMacro	CD39	4	0	0	0	0	0	0	0	0	0	0	0	0		0	0	0	0	0
Outgoing_CD4_to_partner	MonoMacro	CD40	4	0	0	0	0	0	0	0	0	0	0	0	0						
Outgoing_CD4_to_partner	MonoMacro	CD45	2	0	0	0	0	0	0	0	0	0	0	0	0		0	0	0	0	0
Outgoing_CD4_to_partner	MonoMacro	CD46	1	0	0	0	0	0	0	0	0	0	0	0	0						
Outgoing_CD4_to_partner	MonoMacro	CD48	1	0	0	0	0	0	0	0	0	0	0	0	0		0	0	0	0	0
Outgoing_CD4_to_partner	MonoMacro	CD6	1	0.0197163801485183	0.0200302312184935	-0.000313851069975259	0.0197163801485183	0.0200302312184935	-0.000313851069975259	1	1	0.0197163801485183	0.0200302312184935	-0.000313851069975259	0	-1.57925951008615	0.0197163801485183	0.0200302312184935	-0.000313851069975259	0	0
Outgoing_CD4_to_partner	MonoMacro	CD70	1	0	0	0	0	0	0	0	0	0	0	0	0						
Outgoing_CD4_to_partner	MonoMacro	CD80	3	0	0	0	0	0	0	0	0	0	0	0	0						
Outgoing_CD4_to_partner	MonoMacro	CD86	2	0	0	0	0	0	0	0	0	0	0	0	0		0	0	0	0	0
Outgoing_CD4_to_partner	MonoMacro	CD96	1	0	0	0	0	0	0	0	0	0	0	0	0						
Outgoing_CD4_to_partner	MonoMacro	CD99	4	0.371330865360449	0.372225270573748	-0.000894405213299143	0.0928327163401123	0.0930563176434371	-0.000223601303324786	2	2	0.253814974420068	0.254422833937833	-0.000607859517765208	0.000286545695533935	-0.240575033968463	0.253814974420068	0.254422833937833	-0.000607859517765208	0	0
Outgoing_CD4_to_partner	MonoMacro	CDH	4	0	0	0	0	0	0	0	0	0	0	0	0		0	0	0	0	0
Outgoing_CD4_to_partner	MonoMacro	CDH1	3	0	0	0	0	0	0	0	0	0	0	0	0		0	0	0	0	0
Outgoing_CD4_to_partner	MonoMacro	CEACAM	7	0	0	0	0	0	0	0	0	0	0	0	0						
Outgoing_CD4_to_partner	MonoMacro	CHAD	1	0	0	0	0	0	0	0	0	0	0	0	0						
Outgoing_CD4_to_partner	MonoMacro	CHEMERIN	2	0	0	0	0	0	0	0	0	0	0	0	0						
Outgoing_CD4_to_partner	MonoMacro	CLDN	4	0	0	0	0	0	0	0	0	0	0	0	0						
Outgoing_CD4_to_partner	MonoMacro	CLEC	6	0	0	0	0	0	0	0	0	0	0	0	0		0	0	0	0	0
Outgoing_CD4_to_partner	MonoMacro	CNTN	7	0	0	0	0	0	0	0	0	0	0	0	0						
Outgoing_CD4_to_partner	MonoMacro	COLLAGEN	187	0	0	0	0	0	0	0	0	0	0	0	0						
Outgoing_CD4_to_partner	MonoMacro	COMPLEMENT	7	0	0	0	0	0	0	0	0	0	0	0	0		0	0	0	0	0
Outgoing_CD4_to_partner	MonoMacro	CRH	1	0	0	0	0	0	0	0	0	0	0	0	0						
Outgoing_CD4_to_partner	MonoMacro	CSF	2	0	0	0	0	0	0	0	0	0	0	0	0						
Outgoing_CD4_to_partner	MonoMacro	CSF3	1	0	0	0	0	0	0	0	0	0	0	0	0						
Outgoing_CD4_to_partner	MonoMacro	CSPG4	1	0	0	0	0	0	0	0	0	0	0	0	0						
Outgoing_CD4_to_partner	MonoMacro	CTSG	1	0	0	0	0	0	0	0	0	0	0	0	0						
Outgoing_CD4_to_partner	MonoMacro	CX3C	1	0	0	0	0	0	0	0	0	0	0	0	0						
Outgoing_CD4_to_partner	MonoMacro	CXCL	22	0	0	0	0	0	0	0	0	0	0	0	0		0	0	0	0	0
Outgoing_CD4_to_partner	MonoMacro	CypA	1	0.232895407097036	0.231642670851756	0.00125273624527966	0.232895407097036	0.231642670851756	0.00125273624527966	1	1	0.232895407097036	0.231642670851756	0.00125273624527966	0	0.539347065287405	0.232895407097036	0.231642670851756	0.00125273624527966	0	0
Outgoing_CD4_to_partner	MonoMacro	DESMOSOME	11	0	0	0	0	0	0	0	0	0	0	0	0						
Outgoing_CD4_to_partner	MonoMacro	DMP1	1	0	0	0	0	0	0	0	0	0	0	0	0						
Outgoing_CD4_to_partner	MonoMacro	DSPP	2	0	0	0	0	0	0	0	0	0	0	0	0						
Outgoing_CD4_to_partner	MonoMacro	EDN	5	0	0	0	0	0	0	0	0	0	0	0	0						
Outgoing_CD4_to_partner	MonoMacro	EGF	18	0	0	0	0	0	0	0	0	0	0	0	0						
Outgoing_CD4_to_partner	MonoMacro	ENHO	1	0	0	0	0	0	0	0	0	0	0	0	0						
Outgoing_CD4_to_partner	MonoMacro	EPGN	1	0	0	0	0	0	0	0	0	0	0	0	0						
Outgoing_CD4_to_partner	MonoMacro	EPHA	32	0	0	0	0	0	0	0	0	0	0	0	0						
Outgoing_CD4_to_partner	MonoMacro	EPHB	16	0	0	0	0	0	0	0	0	0	0	0	0						
Outgoing_CD4_to_partner	MonoMacro	EPO	1	0	0	0	0	0	0	0	0	0	0	0	0						
Outgoing_CD4_to_partner	MonoMacro	ESAM	1	0	0	0	0	0	0	0	0	0	0	0	0						
Outgoing_CD4_to_partner	MonoMacro	FASLG	1	0	0	0	0	0	0	0	0	0	0	0	0		0	0	0	0	0
Outgoing_CD4_to_partner	MonoMacro	FGF	46	0	0	0	0	0	0	0	0	0	0	0	0						
Outgoing_CD4_to_partner	MonoMacro	FLRT	1	0	0	0	0	0	0	0	0	0	0	0	0						
Outgoing_CD4_to_partner	MonoMacro	FLT3	1	0	0	0	0	0	0	0	0	0	0	0	0						
Outgoing_CD4_to_partner	MonoMacro	FN1	13	0	0	0	0	0	0	0	0	0	0	0	0						
Outgoing_CD4_to_partner	MonoMacro	FSH	2	0	0	0	0	0	0	0	0	0	0	0	0						
Outgoing_CD4_to_partner	MonoMacro	GALANIN	6	0	0	0	0	0	0	0	0	0	0	0	0						
Outgoing_CD4_to_partner	MonoMacro	GALECTIN	5	0	0	0	0	0	0	0	0	0	0	0	0		0	0	0	0	0
Outgoing_CD4_to_partner	MonoMacro	GAP	4	0	0	0	0	0	0	0	0	0	0	0	0						
Outgoing_CD4_to_partner	MonoMacro	GAS	3	0	0	0	0	0	0	0	0	0	0	0	0		0	0	0	0	0
Outgoing_CD4_to_partner	MonoMacro	GCG	3	0	0	0	0	0	0	0	0	0	0	0	0						
Outgoing_CD4_to_partner	MonoMacro	GDF	6	0	0	0	0	0	0	0	0	0	0	0	0						
Outgoing_CD4_to_partner	MonoMacro	GDNF	5	0	0	0	0	0	0	0	0	0	0	0	0						
Outgoing_CD4_to_partner	MonoMacro	GH	2	0	0	0	0	0	0	0	0	0	0	0	0						
Outgoing_CD4_to_partner	MonoMacro	GHRELIN	1	0	0	0	0	0	0	0	0	0	0	0	0						
Outgoing_CD4_to_partner	MonoMacro	GHRH	4	0	0	0	0	0	0	0	0	0	0	0	0						
Outgoing_CD4_to_partner	MonoMacro	GIPR	1	0	0	0	0	0	0	0	0	0	0	0	0						
Outgoing_CD4_to_partner	MonoMacro	GITRL	1	0	0	0	0	0	0	0	0	0	0	0	0						
Outgoing_CD4_to_partner	MonoMacro	GNRH	1	0	0	0	0	0	0	0	0	0	0	0	0						
Outgoing_CD4_to_partner	MonoMacro	GP1BA	1	0	0	0	0	0	0	0	0	0	0	0	0						
Outgoing_CD4_to_partner	MonoMacro	GPR	2	0	0	0	0	0	0	0	0	0	0	0	0						
Outgoing_CD4_to_partner	MonoMacro	GRN	1	0	0	0	0	0	0	0	0	0	0	0	0		0	0	0	0	0
Outgoing_CD4_to_partner	MonoMacro	GRP	1	0	0	0	0	0	0	0	0	0	0	0	0						
Outgoing_CD4_to_partner	MonoMacro	GUCA	2	0	0	0	0	0	0	0	0	0	0	0	0						
Outgoing_CD4_to_partner	MonoMacro	HCRT	1	0	0	0	0	0	0	0	0	0	0	0	0						
Outgoing_CD4_to_partner	MonoMacro	HGF	1	0	0	0	0	0	0	0	0	0	0	0	0						
Outgoing_CD4_to_partner	MonoMacro	HH	6	0	0	0	0	0	0	0	0	0	0	0	0						
Outgoing_CD4_to_partner	MonoMacro	HSPG	1	0	0	0	0	0	0	0	0	0	0	0	0						
Outgoing_CD4_to_partner	MonoMacro	IAPP	6	0	0	0	0	0	0	0	0	0	0	0	0						
Outgoing_CD4_to_partner	MonoMacro	ICAM	8	0	0	0	0	0	0	0	0	0	0	0	0		0	0	0	0	0
Outgoing_CD4_to_partner	MonoMacro	ICOS	3	0	0	0	0	0	0	0	0	0	0	0	0		0	0	0	0	0
Outgoing_CD4_to_partner	MonoMacro	IFN-I	17	0	0	0	0	0	0	0	0	0	0	0	0						
Outgoing_CD4_to_partner	MonoMacro	IFN-II	1	0.0606062707119625	0.0640434924615861	-0.00343722174962361	0.0606062707119625	0.0640434924615861	-0.00343722174962361	1	1	0.0606062707119625	0.0640434924615861	-0.00343722174962361	0	-5.51500726854651	0.0606062707119625	0.0640434924615861	-0.00343722174962361	0	0
Outgoing_CD4_to_partner	MonoMacro	IGF	8	0	0	0	0	0	0	0	0	0	0	0	0						
Outgoing_CD4_to_partner	MonoMacro	IGFBP	1	0	0	0	0	0	0	0	0	0	0	0	0						
Outgoing_CD4_to_partner	MonoMacro	IL1	10	0	0	0	0	0	0	0	0	0	0	0	0						
Outgoing_CD4_to_partner	MonoMacro	IL10	8	0	0	0	0	0	0	0	0	0	0	0	0						
Outgoing_CD4_to_partner	MonoMacro	IL12	3	0	0	0	0	0	0	0	0	0	0	0	0						
Outgoing_CD4_to_partner	MonoMacro	IL16	1	0.0605176434291768	0.0708936562547754	-0.0103760128255986	0.0605176434291768	0.0708936562547754	-0.0103760128255986	1	1	0.0605176434291768	0.0708936562547754	-0.0103760128255986	0	-15.7916600026834	0.0605176434291768	0.0708936562547754	-0.0103760128255986	0	0
Outgoing_CD4_to_partner	MonoMacro	IL17	6	0	0	0	0	0	0	0	0	0	0	0	0						
Outgoing_CD4_to_partner	MonoMacro	IL2	8	0	0	0	0	0	0	0	0	0	0	0	0						
Outgoing_CD4_to_partner	MonoMacro	IL4	10	0	0	0	0	0	0	0	0	0	0	0	0						
Outgoing_CD4_to_partner	MonoMacro	IL6	3	0	0	0	0	0	0	0	0	0	0	0	0						
Outgoing_CD4_to_partner	MonoMacro	INSULIN	1	0	0	0	0	0	0	0	0	0	0	0	0						
Outgoing_CD4_to_partner	MonoMacro	JAM	10	0	0	0	0	0	0	0	0	0	0	0	0		0	0	0	0	0
Outgoing_CD4_to_partner	MonoMacro	KIT	1	0	0	0	0	0	0	0	0	0	0	0	0						
Outgoing_CD4_to_partner	MonoMacro	KLK	12	0	0	0	0	0	0	0	0	0	0	0	0						
Outgoing_CD4_to_partner	MonoMacro	L1CAM	3	0	0	0	0	0	0	0	0	0	0	0	0						
Outgoing_CD4_to_partner	MonoMacro	LAIR1	1	0	0	0	0	0	0	0	0	0	0	0	0		0	0	0	0	0
Outgoing_CD4_to_partner	MonoMacro	LAMININ	139	0	0	0	0	0	0	0	0	0	0	0	0		0	0	0	0	0
Outgoing_CD4_to_partner	MonoMacro	LCK	1	0	0	0	0	0	0	0	0	0	0	0	0		0	0	0	0	0
Outgoing_CD4_to_partner	MonoMacro	LEP	1	0	0	0	0	0	0	0	0	0	0	0	0						
Outgoing_CD4_to_partner	MonoMacro	LIFR	4	0	0	0	0	0	0	0	0	0	0	0	0						
Outgoing_CD4_to_partner	MonoMacro	LIGHT	2	0	0	0	0	0	0	0	0	0	0	0	0						
Outgoing_CD4_to_partner	MonoMacro	LT	4	0	0	0	0	0	0	0	0	0	0	0	0						
Outgoing_CD4_to_partner	MonoMacro	MADCAM	1	0	0	0	0	0	0	0	0	0	0	0	0						
Outgoing_CD4_to_partner	MonoMacro	MELANOCORTIN	5	0	0	0	0	0	0	0	0	0	0	0	0						
Outgoing_CD4_to_partner	MonoMacro	MHC-I	41	0.393952457809873	0.384189550721274	0.00976290708859974	0.00960859653194813	0.00937047684686033	0.000238119685087799	3	3	0.393952457809873	0.384189550721274	0.00976290708859973	-1.38777878078145e-17	2.50928673212968	0.393952457809873	0.384189550721274	0.00976290708859973	0	0
Outgoing_CD4_to_partner	MonoMacro	MHC-II	12	0.784140790222561	0.917521920386718	-0.133381130164157	0.0653450658518801	0.0764601600322265	-0.0111150941803464	7	8	0.784140790222561	0.917521920386718	-0.133381130164157	-5.55111512312578e-17	-15.6765649658504	0.784140790222561	0.917521920386718	-0.133381130164157	0	0
Outgoing_CD4_to_partner	MonoMacro	MIF	4	0.534559203233495	0.513636601170217	0.0209226020632782	0.133639800808374	0.128409150292554	0.00523065051581956	1	1	0.273036877793757	0.262429194678101	0.0106076831156559	-0.0103149189476224	3.99211711693131	0.273036877793757	0.262429194678101	0.0106076831156559	0	0
Outgoing_CD4_to_partner	MonoMacro	MK	9	0	0	0	0	0	0	0	0	0	0	0	0						
Outgoing_CD4_to_partner	MonoMacro	MMP	1	0	0	0	0	0	0	0	0	0	0	0	0						
Outgoing_CD4_to_partner	MonoMacro	MPZ	3	0	0	0	0	0	0	0	0	0	0	0	0		0	0	0	0	0
Outgoing_CD4_to_partner	MonoMacro	MSTN	4	0	0	0	0	0	0	0	0	0	0	0	0						
Outgoing_CD4_to_partner	MonoMacro	NCAM	5	0	0	0	0	0	0	0	0	0	0	0	0		0	0	0	0	0
Outgoing_CD4_to_partner	MonoMacro	NEGR	1	0	0	0	0	0	0	0	0	0	0	0	0						
Outgoing_CD4_to_partner	MonoMacro	NGF	2	0	0	0	0	0	0	0	0	0	0	0	0						
Outgoing_CD4_to_partner	MonoMacro	NGL	3	0	0	0	0	0	0	0	0	0	0	0	0						
Outgoing_CD4_to_partner	MonoMacro	NMU	2	0	0	0	0	0	0	0	0	0	0	0	0						
Outgoing_CD4_to_partner	MonoMacro	NODAL	12	0	0	0	0	0	0	0	0	0	0	0	0						
Outgoing_CD4_to_partner	MonoMacro	NOTCH	24	0	0	0	0	0	0	0	0	0	0	0	0						
Outgoing_CD4_to_partner	MonoMacro	NPFF	2	0	0	0	0	0	0	0	0	0	0	0	0						
Outgoing_CD4_to_partner	MonoMacro	NPNT	2	0	0	0	0	0	0	0	0	0	0	0	0						
Outgoing_CD4_to_partner	MonoMacro	NPR1	1	0	0	0	0	0	0	0	0	0	0	0	0						
Outgoing_CD4_to_partner	MonoMacro	NPR2	1	0	0	0	0	0	0	0	0	0	0	0	0						
Outgoing_CD4_to_partner	MonoMacro	NPVF	1	0	0	0	0	0	0	0	0	0	0	0	0						
Outgoing_CD4_to_partner	MonoMacro	NPW-B	2	0	0	0	0	0	0	0	0	0	0	0	0						
Outgoing_CD4_to_partner	MonoMacro	NPY	16	0	0	0	0	0	0	0	0	0	0	0	0						
Outgoing_CD4_to_partner	MonoMacro	NRG	13	0	0	0	0	0	0	0	0	0	0	0	0						
Outgoing_CD4_to_partner	MonoMacro	NRXN	24	0	0	0	0	0	0	0	0	0	0	0	0						
Outgoing_CD4_to_partner	MonoMacro	NT	9	0	0	0	0	0	0	0	0	0	0	0	0						
Outgoing_CD4_to_partner	MonoMacro	NTS	3	0	0	0	0	0	0	0	0	0	0	0	0						
Outgoing_CD4_to_partner	MonoMacro	Netrin	8	0	0	0	0	0	0	0	0	0	0	0	0						
Outgoing_CD4_to_partner	MonoMacro	OPIOID	12	0	0	0	0	0	0	0	0	0	0	0	0						
Outgoing_CD4_to_partner	MonoMacro	OSM	2	0	0	0	0	0	0	0	0	0	0	0	0						
Outgoing_CD4_to_partner	MonoMacro	OX40	1	0	0	0	0	0	0	0	0	0	0	0	0						
Outgoing_CD4_to_partner	MonoMacro	OXT	1	0	0	0	0	0	0	0	0	0	0	0	0						
Outgoing_CD4_to_partner	MonoMacro	PARs	29	0	0	0	0	0	0	0	0	0	0	0	0		0	0	0	0	0
Outgoing_CD4_to_partner	MonoMacro	PCDH	27	0	0	0	0	0	0	0	0	0	0	0	0						
Outgoing_CD4_to_partner	MonoMacro	PD-L1	1	0	0	0	0	0	0	0	0	0	0	0	0						
Outgoing_CD4_to_partner	MonoMacro	PDGF	6	0	0	0	0	0	0	0	0	0	0	0	0						
Outgoing_CD4_to_partner	MonoMacro	PDL2	1	0	0	0	0	0	0	0	0	0	0	0	0						
Outgoing_CD4_to_partner	MonoMacro	PERIOSTIN	2	0	0	0	0	0	0	0	0	0	0	0	0						
Outgoing_CD4_to_partner	MonoMacro	PLAU	1	0	0	0	0	0	0	0	0	0	0	0	0						
Outgoing_CD4_to_partner	MonoMacro	PMCH	2	0	0	0	0	0	0	0	0	0	0	0	0						
Outgoing_CD4_to_partner	MonoMacro	PRL	1	0	0	0	0	0	0	0	0	0	0	0	0						
Outgoing_CD4_to_partner	MonoMacro	PROC	1	0	0	0	0	0	0	0	0	0	0	0	0						
Outgoing_CD4_to_partner	MonoMacro	PROCR	2	0	0	0	0	0	0	0	0	0	0	0	0						
Outgoing_CD4_to_partner	MonoMacro	PROK	4	0	0	0	0	0	0	0	0	0	0	0	0						
Outgoing_CD4_to_partner	MonoMacro	PROS	3	0	0	0	0	0	0	0	0	0	0	0	0						
Outgoing_CD4_to_partner	MonoMacro	PSAP	2	0	0	0	0	0	0	0	0	0	0	0	0						
Outgoing_CD4_to_partner	MonoMacro	PTH	3	0	0	0	0	0	0	0	0	0	0	0	0						
Outgoing_CD4_to_partner	MonoMacro	PTN	8	0	0	0	0	0	0	0	0	0	0	0	0						
Outgoing_CD4_to_partner	MonoMacro	PTPR	11	0	0	0	0	0	0	0	0	0	0	0	0						
Outgoing_CD4_to_partner	MonoMacro	PTPRM	1	0	0	0	0	0	0	0	0	0	0	0	0						
Outgoing_CD4_to_partner	MonoMacro	PVR	2	0	0	0	0	0	0	0	0	0	0	0	0						
Outgoing_CD4_to_partner	MonoMacro	QRFP	1	0	0	0	0	0	0	0	0	0	0	0	0						
Outgoing_CD4_to_partner	MonoMacro	RANKL	2	0	0	0	0	0	0	0	0	0	0	0	0						
Outgoing_CD4_to_partner	MonoMacro	RBP4	1	0	0	0	0	0	0	0	0	0	0	0	0						
Outgoing_CD4_to_partner	MonoMacro	RELN	3	0	0	0	0	0	0	0	0	0	0	0	0						
Outgoing_CD4_to_partner	MonoMacro	RESISTIN	2	0	0	0	0	0	0	0	0	0	0	0	0						
Outgoing_CD4_to_partner	MonoMacro	RLN	16	0	0	0	0	0	0	0	0	0	0	0	0						
Outgoing_CD4_to_partner	MonoMacro	SAA	1	0	0	0	0	0	0	0	0	0	0	0	0						
Outgoing_CD4_to_partner	MonoMacro	SCT	1	0	0	0	0	0	0	0	0	0	0	0	0						
Outgoing_CD4_to_partner	MonoMacro	SELE	2	0	0	0	0	0	0	0	0	0	0	0	0						
Outgoing_CD4_to_partner	MonoMacro	SELL	4	0	0	0	0	0	0	0	0	0	0	0	0						
Outgoing_CD4_to_partner	MonoMacro	SELPLG	3	0.0363116738716099	0.0258297007141942	0.0104819731574157	0.0121038912905366	0.00860990023806473	0.00349399105247191	1	0	0.0363116738716099	0	0.0363116738716099	0.0258297007141942	33.7358908691096	0.0363116738716099	0	0.0363116738716099	0	0
Outgoing_CD4_to_partner	MonoMacro	SEMA3	39	0	0	0	0	0	0	0	0	0	0	0	0		0	0	0	0	0
Outgoing_CD4_to_partner	MonoMacro	SEMA4	13	0.0555120483706705	0.0848427744866112	-0.0293307261159407	0.00427015756697465	0.00652636726820086	-0.00225620970122621	2	2	0.0555120483706705	0.0848427744866112	-0.0293307261159407	0	-41.7951097352249	0.0555120483706705	0.0848427744866112	-0.0293307261159407	0	0
Outgoing_CD4_to_partner	MonoMacro	SEMA5	5	0	0	0	0	0	0	0	0	0	0	0	0						
Outgoing_CD4_to_partner	MonoMacro	SEMA6	7	0	0	0	0	0	0	0	0	0	0	0	0						
Outgoing_CD4_to_partner	MonoMacro	SEMA7	2	0	0	0	0	0	0	0	0	0	0	0	0		0	0	0	0	0
Outgoing_CD4_to_partner	MonoMacro	SIRP	1	0.0597272435608071	0.0615353695464942	-0.0018081259856871	0.0597272435608071	0.0615353695464942	-0.0018081259856871	1	1	0.0597272435608071	0.0615353695464942	-0.0018081259856871	0	-2.98216563102949	0.0597272435608071	0.0615353695464942	-0.0018081259856871	0	0
Outgoing_CD4_to_partner	MonoMacro	SLIT	3	0	0	0	0	0	0	0	0	0	0	0	0						
Outgoing_CD4_to_partner	MonoMacro	SLITRK	8	0	0	0	0	0	0	0	0	0	0	0	0						
Outgoing_CD4_to_partner	MonoMacro	SLURP	16	0	0	0	0	0	0	0	0	0	0	0	0						
Outgoing_CD4_to_partner	MonoMacro	SN	1	0	0	0	0	0	0	0	0	0	0	0	0						
Outgoing_CD4_to_partner	MonoMacro	SOMATOSTATIN	7	0	0	0	0	0	0	0	0	0	0	0	0						
Outgoing_CD4_to_partner	MonoMacro	SPP1	9	0	0	0	0	0	0	0	0	0	0	0	0						
Outgoing_CD4_to_partner	MonoMacro	TAC	4	0	0	0	0	0	0	0	0	0	0	0	0						
Outgoing_CD4_to_partner	MonoMacro	TENASCIN	28	0	0	0	0	0	0	0	0	0	0	0	0						
Outgoing_CD4_to_partner	MonoMacro	TGFb	12	0	0	0	0	0	0	0	0	0	0	0	0						
Outgoing_CD4_to_partner	MonoMacro	THBS	30	0	0	0	0	0	0	0	0	0	0	0	0						
Outgoing_CD4_to_partner	MonoMacro	THY1	3	0	0	0	0	0	0	0	0	0	0	0	0						
Outgoing_CD4_to_partner	MonoMacro	TNF	2	0	0	0	0	0	0	0	0	0	0	0	0		0	0	0	0	0
Outgoing_CD4_to_partner	MonoMacro	TRAIL	1	0	0	0	0	0	0	0	0	0	0	0	0						
Outgoing_CD4_to_partner	MonoMacro	TRH	1	0	0	0	0	0	0	0	0	0	0	0	0						
Outgoing_CD4_to_partner	MonoMacro	TSH	2	0	0	0	0	0	0	0	0	0	0	0	0						
Outgoing_CD4_to_partner	MonoMacro	TULP	5	0	0	0	0	0	0	0	0	0	0	0	0						
Outgoing_CD4_to_partner	MonoMacro	TWEAK	1	0	0	0	0	0	0	0	0	0	0	0	0						
Outgoing_CD4_to_partner	MonoMacro	UCN	4	0	0	0	0	0	0	0	0	0	0	0	0						
Outgoing_CD4_to_partner	MonoMacro	UGRP1	1	0	0	0	0	0	0	0	0	0	0	0	0						
Outgoing_CD4_to_partner	MonoMacro	UNC5	12	0	0	0	0	0	0	0	0	0	0	0	0						
Outgoing_CD4_to_partner	MonoMacro	UROTENSIN	2	0	0	0	0	0	0	0	0	0	0	0	0						
Outgoing_CD4_to_partner	MonoMacro	UTS2	1	0	0	0	0	0	0	0	0	0	0	0	0						
Outgoing_CD4_to_partner	MonoMacro	VCAM	4	0	0	0	0	0	0	0	0	0	0	0	0		0	0	0	0	0
Outgoing_CD4_to_partner	MonoMacro	VEGF	8	0	0	0	0	0	0	0	0	0	0	0	0						
Outgoing_CD4_to_partner	MonoMacro	VEGI	1	0	0	0	0	0	0	0	0	0	0	0	0						
Outgoing_CD4_to_partner	MonoMacro	VISFATIN	1	0.0262574755839391	0.0231092376223908	0.00314823796154828	0.0262574755839391	0.0231092376223908	0.00314823796154828	1	1	0.0262574755839391	0.0231092376223908	0.00314823796154828	0	12.7544969355773	0.0262574755839391	0.0231092376223908	0.00314823796154828	0	0
Outgoing_CD4_to_partner	MonoMacro	VTN	7	0	0	0	0	0	0	0	0	0	0	0	0						
Outgoing_CD4_to_partner	MonoMacro	VWF	3	0	0	0	0	0	0	0	0	0	0	0	0						
Outgoing_CD4_to_partner	MonoMacro	WNT	320	0	0	0	0	0	0	0	0	0	0	0	0						
Outgoing_CD4_to_partner	MonoMacro	XCR	2	0	0	0	0	0	0	0	0	0	0	0	0						
Outgoing_CD4_to_partner	MonoMacro	ncWNT	31	0	0	0	0	0	0	0	0	0	0	0	0						
Outgoing_CD4_to_partner	NK	ACTIVIN	20	0	0	0	0	0	0	0	0	0	0	0	0						
Outgoing_CD4_to_partner	NK	ADIPONECTIN	2	0	0	0	0	0	0	0	0	0	0	0	0						
Outgoing_CD4_to_partner	NK	ADM	6	0	0	0	0	0	0	0	0	0	0	0	0						
Outgoing_CD4_to_partner	NK	AGRN	1	0	0	0	0	0	0	0	0	0	0	0	0						
Outgoing_CD4_to_partner	NK	AGT	3	0	0	0	0	0	0	0	0	0	0	0	0						
Outgoing_CD4_to_partner	NK	AMH	2	0	0	0	0	0	0	0	0	0	0	0	0						
Outgoing_CD4_to_partner	NK	ANGPT	2	0	0	0	0	0	0	0	0	0	0	0	0						
Outgoing_CD4_to_partner	NK	ANGPTL	15	0	0	0	0	0	0	0	0	0	0	0	0						
Outgoing_CD4_to_partner	NK	ANNEXIN	6	0	0	0	0	0	0	0	0	0	0	0	0		0	0	0	0	0
Outgoing_CD4_to_partner	NK	APP	4	0	0	0	0	0	0	0	0	0	0	0	0		0	0	0	0	0
Outgoing_CD4_to_partner	NK	APRIL	2	0	0	0	0	0	0	0	0	0	0	0	0		0	0	0	0	0
Outgoing_CD4_to_partner	NK	ApoA	4	0	0	0	0	0	0	0	0	0	0	0	0						
Outgoing_CD4_to_partner	NK	ApoB	2	0	0	0	0	0	0	0	0	0	0	0	0						
Outgoing_CD4_to_partner	NK	ApoE	1	0	0	0	0	0	0	0	0	0	0	0	0						
Outgoing_CD4_to_partner	NK	BAFF	3	0	0	0	0	0	0	0	0	0	0	0	0		0	0	0	0	0
Outgoing_CD4_to_partner	NK	BAG	1	0	0	0	0	0	0	0	0	0	0	0	0						
Outgoing_CD4_to_partner	NK	BMP	75	0	0	0	0	0	0	0	0	0	0	0	0						
Outgoing_CD4_to_partner	NK	BMP10	4	0	0	0	0	0	0	0	0	0	0	0	0						
Outgoing_CD4_to_partner	NK	BRADYKININ	2	0	0	0	0	0	0	0	0	0	0	0	0						
Outgoing_CD4_to_partner	NK	BSP	2	0	0	0	0	0	0	0	0	0	0	0	0						
Outgoing_CD4_to_partner	NK	BTLA	1	0	0	0	0	0	0	0	0	0	0	0	0		0	0	0	0	0
Outgoing_CD4_to_partner	NK	CADM	6	0	0	0	0	0	0	0	0	0	0	0	0		0	0	0	0	0
Outgoing_CD4_to_partner	NK	CALC	12	0	0	0	0	0	0	0	0	0	0	0	0						
Outgoing_CD4_to_partner	NK	CALCR	8	0	0	0	0	0	0	0	0	0	0	0	0		0	0	0	0	0
Outgoing_CD4_to_partner	NK	CCL	55	0	0	0	0	0	0	0	0	0	0	0	0		0	0	0	0	0
Outgoing_CD4_to_partner	NK	CD137	1	0	0	0	0	0	0	0	0	0	0	0	0		0	0	0	0	0
Outgoing_CD4_to_partner	NK	CD160	1	0	0	0	0	0	0	0	0	0	0	0	0						
Outgoing_CD4_to_partner	NK	CD200	1	0	0	0	0	0	0	0	0	0	0	0	0						
Outgoing_CD4_to_partner	NK	CD23	4	0	0	0	0	0	0	0	0	0	0	0	0		0	0	0	0	0
Outgoing_CD4_to_partner	NK	CD276	1	0	0	0	0	0	0	0	0	0	0	0	0						
Outgoing_CD4_to_partner	NK	CD30	1	0	0	0	0	0	0	0	0	0	0	0	0						
Outgoing_CD4_to_partner	NK	CD34	1	0	0	0	0	0	0	0	0	0	0	0	0						
Outgoing_CD4_to_partner	NK	CD39	4	0	0	0	0	0	0	0	0	0	0	0	0		0	0	0	0	0
Outgoing_CD4_to_partner	NK	CD40	4	0	0	0	0	0	0	0	0	0	0	0	0						
Outgoing_CD4_to_partner	NK	CD45	2	0	0	0	0	0	0	0	0	0	0	0	0		0	0	0	0	0
Outgoing_CD4_to_partner	NK	CD46	1	0	0	0	0	0	0	0	0	0	0	0	0						
Outgoing_CD4_to_partner	NK	CD48	1	0.00844182857121802	0.0084871585546117	-4.53299833936809e-05	0.00844182857121802	0.0084871585546117	-4.53299833936809e-05	1	1	0.00844182857121802	0.0084871585546117	-4.53299833936809e-05	0	-0.53553095712995	0.00844182857121802	0.0084871585546117	-4.53299833936809e-05	0	0
Outgoing_CD4_to_partner	NK	CD6	1	0	0	0	0	0	0	0	0	0	0	0	0		0	0	0	0	0
Outgoing_CD4_to_partner	NK	CD70	1	0	0	0	0	0	0	0	0	0	0	0	0						
Outgoing_CD4_to_partner	NK	CD80	3	0	0	0	0	0	0	0	0	0	0	0	0						
Outgoing_CD4_to_partner	NK	CD86	2	0	0	0	0	0	0	0	0	0	0	0	0		0	0	0	0	0
Outgoing_CD4_to_partner	NK	CD96	1	0	0	0	0	0	0	0	0	0	0	0	0						
Outgoing_CD4_to_partner	NK	CD99	4	0.206381243129342	0.206878021278902	-0.000496778149560402	0.0515953107823354	0.0517195053197256	-0.000124194537390101	2	2	0.206381243129342	0.206878021278902	-0.000496778149560423	-2.08166817117217e-17	-0.240419606936944	0.206381243129342	0.206878021278902	-0.000496778149560423	0	0
Outgoing_CD4_to_partner	NK	CDH	4	0	0	0	0	0	0	0	0	0	0	0	0		0	0	0	0	0
Outgoing_CD4_to_partner	NK	CDH1	3	0	0	0	0	0	0	0	0	0	0	0	0		0	0	0	0	0
Outgoing_CD4_to_partner	NK	CEACAM	7	0	0	0	0	0	0	0	0	0	0	0	0						
Outgoing_CD4_to_partner	NK	CHAD	1	0	0	0	0	0	0	0	0	0	0	0	0						
Outgoing_CD4_to_partner	NK	CHEMERIN	2	0	0	0	0	0	0	0	0	0	0	0	0						
Outgoing_CD4_to_partner	NK	CLDN	4	0	0	0	0	0	0	0	0	0	0	0	0						
Outgoing_CD4_to_partner	NK	CLEC	6	0.165398027229174	0.17531611048098	-0.00991808325180592	0.027566337871529	0.02921935174683	-0.00165301387530099	3	3	0.165398027229174	0.17531611048098	-0.0099180832518059	2.08166817117217e-17	-5.82193819045058	0.165398027229174	0.17531611048098	-0.0099180832518059	0	0
Outgoing_CD4_to_partner	NK	CNTN	7	0	0	0	0	0	0	0	0	0	0	0	0						
Outgoing_CD4_to_partner	NK	COLLAGEN	187	0	0	0	0	0	0	0	0	0	0	0	0						
Outgoing_CD4_to_partner	NK	COMPLEMENT	7	0	0	0	0	0	0	0	0	0	0	0	0		0	0	0	0	0
Outgoing_CD4_to_partner	NK	CRH	1	0	0	0	0	0	0	0	0	0	0	0	0						
Outgoing_CD4_to_partner	NK	CSF	2	0	0	0	0	0	0	0	0	0	0	0	0						
Outgoing_CD4_to_partner	NK	CSF3	1	0	0	0	0	0	0	0	0	0	0	0	0						
Outgoing_CD4_to_partner	NK	CSPG4	1	0	0	0	0	0	0	0	0	0	0	0	0						
Outgoing_CD4_to_partner	NK	CTSG	1	0	0	0	0	0	0	0	0	0	0	0	0						
Outgoing_CD4_to_partner	NK	CX3C	1	0	0	0	0	0	0	0	0	0	0	0	0						
Outgoing_CD4_to_partner	NK	CXCL	22	0	0	0	0	0	0	0	0	0	0	0	0		0	0	0	0	0
Outgoing_CD4_to_partner	NK	CypA	1	0.0927520059816015	0.0921625289387917	0.000589477042809775	0.0927520059816015	0.0921625289387917	0.000589477042809775	0	0	0	0	0	-0.000589477042809775	0.637567017718264	0	0	0	0	0
Outgoing_CD4_to_partner	NK	DESMOSOME	11	0	0	0	0	0	0	0	0	0	0	0	0						
Outgoing_CD4_to_partner	NK	DMP1	1	0	0	0	0	0	0	0	0	0	0	0	0						
Outgoing_CD4_to_partner	NK	DSPP	2	0	0	0	0	0	0	0	0	0	0	0	0						
Outgoing_CD4_to_partner	NK	EDN	5	0	0	0	0	0	0	0	0	0	0	0	0						
Outgoing_CD4_to_partner	NK	EGF	18	0	0	0	0	0	0	0	0	0	0	0	0						
Outgoing_CD4_to_partner	NK	ENHO	1	0	0	0	0	0	0	0	0	0	0	0	0						
Outgoing_CD4_to_partner	NK	EPGN	1	0	0	0	0	0	0	0	0	0	0	0	0						
Outgoing_CD4_to_partner	NK	EPHA	32	0	0	0	0	0	0	0	0	0	0	0	0						
Outgoing_CD4_to_partner	NK	EPHB	16	0	0	0	0	0	0	0	0	0	0	0	0						
Outgoing_CD4_to_partner	NK	EPO	1	0	0	0	0	0	0	0	0	0	0	0	0						
Outgoing_CD4_to_partner	NK	ESAM	1	0	0	0	0	0	0	0	0	0	0	0	0						
Outgoing_CD4_to_partner	NK	FASLG	1	0	0	0	0	0	0	0	0	0	0	0	0		0	0	0	0	0
Outgoing_CD4_to_partner	NK	FGF	46	0	0	0	0	0	0	0	0	0	0	0	0						
Outgoing_CD4_to_partner	NK	FLRT	1	0	0	0	0	0	0	0	0	0	0	0	0						
Outgoing_CD4_to_partner	NK	FLT3	1	0	0	0	0	0	0	0	0	0	0	0	0						
Outgoing_CD4_to_partner	NK	FN1	13	0	0	0	0	0	0	0	0	0	0	0	0						
Outgoing_CD4_to_partner	NK	FSH	2	0	0	0	0	0	0	0	0	0	0	0	0						
Outgoing_CD4_to_partner	NK	GALANIN	6	0	0	0	0	0	0	0	0	0	0	0	0						
Outgoing_CD4_to_partner	NK	GALECTIN	5	0	0	0	0	0	0	0	0	0	0	0	0		0	0	0	0	0
Outgoing_CD4_to_partner	NK	GAP	4	0	0	0	0	0	0	0	0	0	0	0	0						
Outgoing_CD4_to_partner	NK	GAS	3	0	0	0	0	0	0	0	0	0	0	0	0		0	0	0	0	0
Outgoing_CD4_to_partner	NK	GCG	3	0	0	0	0	0	0	0	0	0	0	0	0						
Outgoing_CD4_to_partner	NK	GDF	6	0	0	0	0	0	0	0	0	0	0	0	0						
Outgoing_CD4_to_partner	NK	GDNF	5	0	0	0	0	0	0	0	0	0	0	0	0						
Outgoing_CD4_to_partner	NK	GH	2	0	0	0	0	0	0	0	0	0	0	0	0						
Outgoing_CD4_to_partner	NK	GHRELIN	1	0	0	0	0	0	0	0	0	0	0	0	0						
Outgoing_CD4_to_partner	NK	GHRH	4	0	0	0	0	0	0	0	0	0	0	0	0						
Outgoing_CD4_to_partner	NK	GIPR	1	0	0	0	0	0	0	0	0	0	0	0	0						
Outgoing_CD4_to_partner	NK	GITRL	1	0	0	0	0	0	0	0	0	0	0	0	0						
Outgoing_CD4_to_partner	NK	GNRH	1	0	0	0	0	0	0	0	0	0	0	0	0						
Outgoing_CD4_to_partner	NK	GP1BA	1	0	0	0	0	0	0	0	0	0	0	0	0						
Outgoing_CD4_to_partner	NK	GPR	2	0	0	0	0	0	0	0	0	0	0	0	0						
Outgoing_CD4_to_partner	NK	GRN	1	0	0	0	0	0	0	0	0	0	0	0	0		0	0	0	0	0
Outgoing_CD4_to_partner	NK	GRP	1	0	0	0	0	0	0	0	0	0	0	0	0						
Outgoing_CD4_to_partner	NK	GUCA	2	0	0	0	0	0	0	0	0	0	0	0	0						
Outgoing_CD4_to_partner	NK	HCRT	1	0	0	0	0	0	0	0	0	0	0	0	0						
Outgoing_CD4_to_partner	NK	HGF	1	0	0	0	0	0	0	0	0	0	0	0	0						
Outgoing_CD4_to_partner	NK	HH	6	0	0	0	0	0	0	0	0	0	0	0	0						
Outgoing_CD4_to_partner	NK	HSPG	1	0	0	0	0	0	0	0	0	0	0	0	0						
Outgoing_CD4_to_partner	NK	IAPP	6	0	0	0	0	0	0	0	0	0	0	0	0						
Outgoing_CD4_to_partner	NK	ICAM	8	0	0	0	0	0	0	0	0	0	0	0	0		0	0	0	0	0
Outgoing_CD4_to_partner	NK	ICOS	3	0	0	0	0	0	0	0	0	0	0	0	0		0	0	0	0	0
Outgoing_CD4_to_partner	NK	IFN-I	17	0	0	0	0	0	0	0	0	0	0	0	0						
Outgoing_CD4_to_partner	NK	IFN-II	1	0	0	0	0	0	0	0	0	0	0	0	0		0	0	0	0	0
Outgoing_CD4_to_partner	NK	IGF	8	0	0	0	0	0	0	0	0	0	0	0	0						
Outgoing_CD4_to_partner	NK	IGFBP	1	0	0	0	0	0	0	0	0	0	0	0	0						
Outgoing_CD4_to_partner	NK	IL1	10	0	0	0	0	0	0	0	0	0	0	0	0						
Outgoing_CD4_to_partner	NK	IL10	8	0	0	0	0	0	0	0	0	0	0	0	0						
Outgoing_CD4_to_partner	NK	IL12	3	0	0	0	0	0	0	0	0	0	0	0	0						
Outgoing_CD4_to_partner	NK	IL16	1	0	0	0	0	0	0	0	0	0	0	0	0		0	0	0	0	0
Outgoing_CD4_to_partner	NK	IL17	6	0	0	0	0	0	0	0	0	0	0	0	0						
Outgoing_CD4_to_partner	NK	IL2	8	0	0	0	0	0	0	0	0	0	0	0	0						
Outgoing_CD4_to_partner	NK	IL4	10	0	0	0	0	0	0	0	0	0	0	0	0						
Outgoing_CD4_to_partner	NK	IL6	3	0	0	0	0	0	0	0	0	0	0	0	0						
Outgoing_CD4_to_partner	NK	INSULIN	1	0	0	0	0	0	0	0	0	0	0	0	0						
Outgoing_CD4_to_partner	NK	JAM	10	0	0	0	0	0	0	0	0	0	0	0	0		0	0	0	0	0
Outgoing_CD4_to_partner	NK	KIT	1	0	0	0	0	0	0	0	0	0	0	0	0						
Outgoing_CD4_to_partner	NK	KLK	12	0	0	0	0	0	0	0	0	0	0	0	0						
Outgoing_CD4_to_partner	NK	L1CAM	3	0	0	0	0	0	0	0	0	0	0	0	0						
Outgoing_CD4_to_partner	NK	LAIR1	1	0	0	0	0	0	0	0	0	0	0	0	0		0	0	0	0	0
Outgoing_CD4_to_partner	NK	LAMININ	139	0	0	0	0	0	0	0	0	0	0	0	0		0	0	0	0	0
Outgoing_CD4_to_partner	NK	LCK	1	0	0	0	0	0	0	0	0	0	0	0	0		0	0	0	0	0
Outgoing_CD4_to_partner	NK	LEP	1	0	0	0	0	0	0	0	0	0	0	0	0						
Outgoing_CD4_to_partner	NK	LIFR	4	0	0	0	0	0	0	0	0	0	0	0	0						
Outgoing_CD4_to_partner	NK	LIGHT	2	0	0	0	0	0	0	0	0	0	0	0	0						
Outgoing_CD4_to_partner	NK	LT	4	0	0	0	0	0	0	0	0	0	0	0	0						
Outgoing_CD4_to_partner	NK	MADCAM	1	0	0	0	0	0	0	0	0	0	0	0	0						
Outgoing_CD4_to_partner	NK	MELANOCORTIN	5	0	0	0	0	0	0	0	0	0	0	0	0						
Outgoing_CD4_to_partner	NK	MHC-I	41	1.49056752850796	1.48981275443064	0.000754774077321878	0.0363553055733649	0.0363368964495277	1.8409123837119e-05	6	6	0.869317505259241	0.873623568347606	-0.00430606308836468	-0.00506083716568655	0.0506495148718193	0.869317505259241	0.873623568347606	-0.00430606308836468	0	0
Outgoing_CD4_to_partner	NK	MHC-II	12	0	0	0	0	0	0	0	0	0	0	0	0		0	0	0	0	0
Outgoing_CD4_to_partner	NK	MIF	4	0.451719921529487	0.433086651224204	0.0186332703052826	0.112929980382372	0.108271662806051	0.00465831757632065	0	0	0	0	0	-0.0186332703052826	4.21182908876733	0	0	0	0	0
Outgoing_CD4_to_partner	NK	MK	9	0	0	0	0	0	0	0	0	0	0	0	0						
Outgoing_CD4_to_partner	NK	MMP	1	0	0	0	0	0	0	0	0	0	0	0	0						
Outgoing_CD4_to_partner	NK	MPZ	3	0	0	0	0	0	0	0	0	0	0	0	0		0	0	0	0	0
Outgoing_CD4_to_partner	NK	MSTN	4	0	0	0	0	0	0	0	0	0	0	0	0						
Outgoing_CD4_to_partner	NK	NCAM	5	0	0	0	0	0	0	0	0	0	0	0	0		0	0	0	0	0
Outgoing_CD4_to_partner	NK	NEGR	1	0	0	0	0	0	0	0	0	0	0	0	0						
Outgoing_CD4_to_partner	NK	NGF	2	0	0	0	0	0	0	0	0	0	0	0	0						
Outgoing_CD4_to_partner	NK	NGL	3	0	0	0	0	0	0	0	0	0	0	0	0						
Outgoing_CD4_to_partner	NK	NMU	2	0	0	0	0	0	0	0	0	0	0	0	0						
Outgoing_CD4_to_partner	NK	NODAL	12	0	0	0	0	0	0	0	0	0	0	0	0						
Outgoing_CD4_to_partner	NK	NOTCH	24	0	0	0	0	0	0	0	0	0	0	0	0						
Outgoing_CD4_to_partner	NK	NPFF	2	0	0	0	0	0	0	0	0	0	0	0	0						
Outgoing_CD4_to_partner	NK	NPNT	2	0	0	0	0	0	0	0	0	0	0	0	0						
Outgoing_CD4_to_partner	NK	NPR1	1	0	0	0	0	0	0	0	0	0	0	0	0						
Outgoing_CD4_to_partner	NK	NPR2	1	0	0	0	0	0	0	0	0	0	0	0	0						
Outgoing_CD4_to_partner	NK	NPVF	1	0	0	0	0	0	0	0	0	0	0	0	0						
Outgoing_CD4_to_partner	NK	NPW-B	2	0	0	0	0	0	0	0	0	0	0	0	0						
Outgoing_CD4_to_partner	NK	NPY	16	0	0	0	0	0	0	0	0	0	0	0	0						
Outgoing_CD4_to_partner	NK	NRG	13	0	0	0	0	0	0	0	0	0	0	0	0						
Outgoing_CD4_to_partner	NK	NRXN	24	0	0	0	0	0	0	0	0	0	0	0	0						
Outgoing_CD4_to_partner	NK	NT	9	0	0	0	0	0	0	0	0	0	0	0	0						
Outgoing_CD4_to_partner	NK	NTS	3	0	0	0	0	0	0	0	0	0	0	0	0						
Outgoing_CD4_to_partner	NK	Netrin	8	0	0	0	0	0	0	0	0	0	0	0	0						
Outgoing_CD4_to_partner	NK	OPIOID	12	0	0	0	0	0	0	0	0	0	0	0	0						
Outgoing_CD4_to_partner	NK	OSM	2	0	0	0	0	0	0	0	0	0	0	0	0						
Outgoing_CD4_to_partner	NK	OX40	1	0	0	0	0	0	0	0	0	0	0	0	0						
Outgoing_CD4_to_partner	NK	OXT	1	0	0	0	0	0	0	0	0	0	0	0	0						
Outgoing_CD4_to_partner	NK	PARs	29	0	0	0	0	0	0	0	0	0	0	0	0		0	0	0	0	0
Outgoing_CD4_to_partner	NK	PCDH	27	0	0	0	0	0	0	0	0	0	0	0	0						
Outgoing_CD4_to_partner	NK	PD-L1	1	0	0	0	0	0	0	0	0	0	0	0	0						
Outgoing_CD4_to_partner	NK	PDGF	6	0	0	0	0	0	0	0	0	0	0	0	0						
Outgoing_CD4_to_partner	NK	PDL2	1	0	0	0	0	0	0	0	0	0	0	0	0						
Outgoing_CD4_to_partner	NK	PERIOSTIN	2	0	0	0	0	0	0	0	0	0	0	0	0						
Outgoing_CD4_to_partner	NK	PLAU	1	0	0	0	0	0	0	0	0	0	0	0	0						
Outgoing_CD4_to_partner	NK	PMCH	2	0	0	0	0	0	0	0	0	0	0	0	0						
Outgoing_CD4_to_partner	NK	PRL	1	0	0	0	0	0	0	0	0	0	0	0	0						
Outgoing_CD4_to_partner	NK	PROC	1	0	0	0	0	0	0	0	0	0	0	0	0						
Outgoing_CD4_to_partner	NK	PROCR	2	0	0	0	0	0	0	0	0	0	0	0	0						
Outgoing_CD4_to_partner	NK	PROK	4	0	0	0	0	0	0	0	0	0	0	0	0						
Outgoing_CD4_to_partner	NK	PROS	3	0	0	0	0	0	0	0	0	0	0	0	0						
Outgoing_CD4_to_partner	NK	PSAP	2	0	0	0	0	0	0	0	0	0	0	0	0						
Outgoing_CD4_to_partner	NK	PTH	3	0	0	0	0	0	0	0	0	0	0	0	0						
Outgoing_CD4_to_partner	NK	PTN	8	0	0	0	0	0	0	0	0	0	0	0	0						
Outgoing_CD4_to_partner	NK	PTPR	11	0	0	0	0	0	0	0	0	0	0	0	0						
Outgoing_CD4_to_partner	NK	PTPRM	1	0	0	0	0	0	0	0	0	0	0	0	0						
Outgoing_CD4_to_partner	NK	PVR	2	0	0	0	0	0	0	0	0	0	0	0	0						
Outgoing_CD4_to_partner	NK	QRFP	1	0	0	0	0	0	0	0	0	0	0	0	0						
Outgoing_CD4_to_partner	NK	RANKL	2	0	0	0	0	0	0	0	0	0	0	0	0						
Outgoing_CD4_to_partner	NK	RBP4	1	0	0	0	0	0	0	0	0	0	0	0	0						
Outgoing_CD4_to_partner	NK	RELN	3	0	0	0	0	0	0	0	0	0	0	0	0						
Outgoing_CD4_to_partner	NK	RESISTIN	2	0	0	0	0	0	0	0	0	0	0	0	0						
Outgoing_CD4_to_partner	NK	RLN	16	0	0	0	0	0	0	0	0	0	0	0	0						
Outgoing_CD4_to_partner	NK	SAA	1	0	0	0	0	0	0	0	0	0	0	0	0						
Outgoing_CD4_to_partner	NK	SCT	1	0	0	0	0	0	0	0	0	0	0	0	0						
Outgoing_CD4_to_partner	NK	SELE	2	0	0	0	0	0	0	0	0	0	0	0	0						
Outgoing_CD4_to_partner	NK	SELL	4	0	0	0	0	0	0	0	0	0	0	0	0						
Outgoing_CD4_to_partner	NK	SELPLG	3	0.0436838917346936	0.0311425765445127	0.0125413151901808	0.0145612972448979	0.0103808588481709	0.00418043839672695	1	1	0.0436838917346936	0.0311425765445127	0.0125413151901808	0	33.5210667524341	0.0436838917346936	0.0311425765445127	0.0125413151901808	0	0
Outgoing_CD4_to_partner	NK	SEMA3	39	0	0	0	0	0	0	0	0	0	0	0	0		0	0	0	0	0
Outgoing_CD4_to_partner	NK	SEMA4	13	0	0	0	0	0	0	0	0	0	0	0	0		0	0	0	0	0
Outgoing_CD4_to_partner	NK	SEMA5	5	0	0	0	0	0	0	0	0	0	0	0	0						
Outgoing_CD4_to_partner	NK	SEMA6	7	0	0	0	0	0	0	0	0	0	0	0	0						
Outgoing_CD4_to_partner	NK	SEMA7	2	0	0	0	0	0	0	0	0	0	0	0	0		0	0	0	0	0
Outgoing_CD4_to_partner	NK	SIRP	1	0.0632274302946047	0.0651341775083595	-0.00190674721375481	0.0632274302946047	0.0651341775083595	-0.00190674721375481	1	1	0.0632274302946047	0.0651341775083595	-0.00190674721375481	0	-2.97089954915753	0.0632274302946047	0.0651341775083595	-0.00190674721375481	0	0
Outgoing_CD4_to_partner	NK	SLIT	3	0	0	0	0	0	0	0	0	0	0	0	0						
Outgoing_CD4_to_partner	NK	SLITRK	8	0	0	0	0	0	0	0	0	0	0	0	0						
Outgoing_CD4_to_partner	NK	SLURP	16	0	0	0	0	0	0	0	0	0	0	0	0						
Outgoing_CD4_to_partner	NK	SN	1	0	0	0	0	0	0	0	0	0	0	0	0						
Outgoing_CD4_to_partner	NK	SOMATOSTATIN	7	0	0	0	0	0	0	0	0	0	0	0	0						
Outgoing_CD4_to_partner	NK	SPP1	9	0	0	0	0	0	0	0	0	0	0	0	0						
Outgoing_CD4_to_partner	NK	TAC	4	0	0	0	0	0	0	0	0	0	0	0	0						
Outgoing_CD4_to_partner	NK	TENASCIN	28	0	0	0	0	0	0	0	0	0	0	0	0						
Outgoing_CD4_to_partner	NK	TGFb	12	0	0	0	0	0	0	0	0	0	0	0	0						
Outgoing_CD4_to_partner	NK	THBS	30	0	0	0	0	0	0	0	0	0	0	0	0						
Outgoing_CD4_to_partner	NK	THY1	3	0	0	0	0	0	0	0	0	0	0	0	0						
Outgoing_CD4_to_partner	NK	TNF	2	0	0	0	0	0	0	0	0	0	0	0	0		0	0	0	0	0
Outgoing_CD4_to_partner	NK	TRAIL	1	0	0	0	0	0	0	0	0	0	0	0	0						
Outgoing_CD4_to_partner	NK	TRH	1	0	0	0	0	0	0	0	0	0	0	0	0						
Outgoing_CD4_to_partner	NK	TSH	2	0	0	0	0	0	0	0	0	0	0	0	0						
Outgoing_CD4_to_partner	NK	TULP	5	0	0	0	0	0	0	0	0	0	0	0	0						
Outgoing_CD4_to_partner	NK	TWEAK	1	0	0	0	0	0	0	0	0	0	0	0	0						
Outgoing_CD4_to_partner	NK	UCN	4	0	0	0	0	0	0	0	0	0	0	0	0						
Outgoing_CD4_to_partner	NK	UGRP1	1	0	0	0	0	0	0	0	0	0	0	0	0						
Outgoing_CD4_to_partner	NK	UNC5	12	0	0	0	0	0	0	0	0	0	0	0	0						
Outgoing_CD4_to_partner	NK	UROTENSIN	2	0	0	0	0	0	0	0	0	0	0	0	0						
Outgoing_CD4_to_partner	NK	UTS2	1	0	0	0	0	0	0	0	0	0	0	0	0						
Outgoing_CD4_to_partner	NK	VCAM	4	0	0	0	0	0	0	0	0	0	0	0	0		0	0	0	0	0
Outgoing_CD4_to_partner	NK	VEGF	8	0	0	0	0	0	0	0	0	0	0	0	0						
Outgoing_CD4_to_partner	NK	VEGI	1	0	0	0	0	0	0	0	0	0	0	0	0						
Outgoing_CD4_to_partner	NK	VISFATIN	1	0	0	0	0	0	0	0	0	0	0	0	0		0	0	0	0	0
Outgoing_CD4_to_partner	NK	VTN	7	0	0	0	0	0	0	0	0	0	0	0	0						
Outgoing_CD4_to_partner	NK	VWF	3	0	0	0	0	0	0	0	0	0	0	0	0						
Outgoing_CD4_to_partner	NK	WNT	320	0	0	0	0	0	0	0	0	0	0	0	0						
Outgoing_CD4_to_partner	NK	XCR	2	0	0	0	0	0	0	0	0	0	0	0	0						
Outgoing_CD4_to_partner	NK	ncWNT	31	0	0	0	0	0	0	0	0	0	0	0	0						
Outgoing_CD4_to_partner	Plasma	ACTIVIN	20	0	0	0	0	0	0	0	0	0	0	0	0						
Outgoing_CD4_to_partner	Plasma	ADIPONECTIN	2	0	0	0	0	0	0	0	0	0	0	0	0						
Outgoing_CD4_to_partner	Plasma	ADM	6	0	0	0	0	0	0	0	0	0	0	0	0						
Outgoing_CD4_to_partner	Plasma	AGRN	1	0	0	0	0	0	0	0	0	0	0	0	0						
Outgoing_CD4_to_partner	Plasma	AGT	3	0	0	0	0	0	0	0	0	0	0	0	0						
Outgoing_CD4_to_partner	Plasma	AMH	2	0	0	0	0	0	0	0	0	0	0	0	0						
Outgoing_CD4_to_partner	Plasma	ANGPT	2	0	0	0	0	0	0	0	0	0	0	0	0						
Outgoing_CD4_to_partner	Plasma	ANGPTL	15	0	0	0	0	0	0	0	0	0	0	0	0						
Outgoing_CD4_to_partner	Plasma	ANNEXIN	6	0	0	0	0	0	0	0	0	0	0	0	0		0	0	0	0	0
Outgoing_CD4_to_partner	Plasma	APP	4	0	0	0	0	0	0	0	0	0	0	0	0		0	0	0	0	0
Outgoing_CD4_to_partner	Plasma	APRIL	2	0	0	0	0	0	0	0	0	0	0	0	0		0	0	0	0	0
Outgoing_CD4_to_partner	Plasma	ApoA	4	0	0	0	0	0	0	0	0	0	0	0	0						
Outgoing_CD4_to_partner	Plasma	ApoB	2	0	0	0	0	0	0	0	0	0	0	0	0						
Outgoing_CD4_to_partner	Plasma	ApoE	1	0	0	0	0	0	0	0	0	0	0	0	0						
Outgoing_CD4_to_partner	Plasma	BAFF	3	0	0	0	0	0	0	0	0	0	0	0	0		0	0	0	0	0
Outgoing_CD4_to_partner	Plasma	BAG	1	0	0	0	0	0	0	0	0	0	0	0	0						
Outgoing_CD4_to_partner	Plasma	BMP	75	0	0	0	0	0	0	0	0	0	0	0	0						
Outgoing_CD4_to_partner	Plasma	BMP10	4	0	0	0	0	0	0	0	0	0	0	0	0						
Outgoing_CD4_to_partner	Plasma	BRADYKININ	2	0	0	0	0	0	0	0	0	0	0	0	0						
Outgoing_CD4_to_partner	Plasma	BSP	2	0	0	0	0	0	0	0	0	0	0	0	0						
Outgoing_CD4_to_partner	Plasma	BTLA	1	0	0	0	0	0	0	0	0	0	0	0	0		0	0	0	0	0
Outgoing_CD4_to_partner	Plasma	CADM	6	0	0.00832873925933137	-0.00832873925933137	0	0.00138812320988856	-0.00138812320988856	0	1	0	0.00832873925933137	-0.00832873925933137	0	-200	0	0.00832873925933137	-0.00832873925933137	0	0
Outgoing_CD4_to_partner	Plasma	CALC	12	0	0	0	0	0	0	0	0	0	0	0	0						
Outgoing_CD4_to_partner	Plasma	CALCR	8	0	0	0	0	0	0	0	0	0	0	0	0		0	0	0	0	0
Outgoing_CD4_to_partner	Plasma	CCL	55	0	0	0	0	0	0	0	0	0	0	0	0		0	0	0	0	0
Outgoing_CD4_to_partner	Plasma	CD137	1	0	0	0	0	0	0	0	0	0	0	0	0		0	0	0	0	0
Outgoing_CD4_to_partner	Plasma	CD160	1	0	0	0	0	0	0	0	0	0	0	0	0						
Outgoing_CD4_to_partner	Plasma	CD200	1	0	0	0	0	0	0	0	0	0	0	0	0						
Outgoing_CD4_to_partner	Plasma	CD23	4	0	0	0	0	0	0	0	0	0	0	0	0		0	0	0	0	0
Outgoing_CD4_to_partner	Plasma	CD276	1	0	0	0	0	0	0	0	0	0	0	0	0						
Outgoing_CD4_to_partner	Plasma	CD30	1	0	0	0	0	0	0	0	0	0	0	0	0						
Outgoing_CD4_to_partner	Plasma	CD34	1	0	0	0	0	0	0	0	0	0	0	0	0						
Outgoing_CD4_to_partner	Plasma	CD39	4	0	0.00126090317492852	-0.00126090317492852	0	0.000315225793732131	-0.000315225793732131	0	0	0	0	0	0.00126090317492852	-200	0	0	0	0	0
Outgoing_CD4_to_partner	Plasma	CD40	4	0	0	0	0	0	0	0	0	0	0	0	0						
Outgoing_CD4_to_partner	Plasma	CD45	2	0	0	0	0	0	0	0	0	0	0	0	0		0	0	0	0	0
Outgoing_CD4_to_partner	Plasma	CD46	1	0	0	0	0	0	0	0	0	0	0	0	0						
Outgoing_CD4_to_partner	Plasma	CD48	1	0	0	0	0	0	0	0	0	0	0	0	0		0	0	0	0	0
Outgoing_CD4_to_partner	Plasma	CD6	1	0.00325152254810099	0.00330416464324432	-5.26420951433228e-05	0.00325152254810099	0.00330416464324432	-5.26420951433228e-05	1	1	0.00325152254810099	0.00330416464324432	-5.26420951433228e-05	0	-1.60599777282906	0.00325152254810099	0.00330416464324432	-5.26420951433228e-05	0	0
Outgoing_CD4_to_partner	Plasma	CD70	1	0	0	0	0	0	0	0	0	0	0	0	0						
Outgoing_CD4_to_partner	Plasma	CD80	3	0	0	0	0	0	0	0	0	0	0	0	0						
Outgoing_CD4_to_partner	Plasma	CD86	2	0	0	0	0	0	0	0	0	0	0	0	0		0	0	0	0	0
Outgoing_CD4_to_partner	Plasma	CD96	1	0	0	0	0	0	0	0	0	0	0	0	0						
Outgoing_CD4_to_partner	Plasma	CD99	4	0.0561115648145272	0.0562622900465064	-0.000150725231979128	0.0140278912036318	0.0140655725116266	-3.76813079947819e-05	0	0	0	0	0	0.000150725231979128	-0.268256761620434	0	0	0	0	0
Outgoing_CD4_to_partner	Plasma	CDH	4	0	0	0	0	0	0	0	0	0	0	0	0		0	0	0	0	0
Outgoing_CD4_to_partner	Plasma	CDH1	3	0	0	0	0	0	0	0	0	0	0	0	0		0	0	0	0	0
Outgoing_CD4_to_partner	Plasma	CEACAM	7	0	0	0	0	0	0	0	0	0	0	0	0						
Outgoing_CD4_to_partner	Plasma	CHAD	1	0	0	0	0	0	0	0	0	0	0	0	0						
Outgoing_CD4_to_partner	Plasma	CHEMERIN	2	0	0	0	0	0	0	0	0	0	0	0	0						
Outgoing_CD4_to_partner	Plasma	CLDN	4	0	0	0	0	0	0	0	0	0	0	0	0						
Outgoing_CD4_to_partner	Plasma	CLEC	6	0	0	0	0	0	0	0	0	0	0	0	0		0	0	0	0	0
Outgoing_CD4_to_partner	Plasma	CNTN	7	0	0	0	0	0	0	0	0	0	0	0	0						
Outgoing_CD4_to_partner	Plasma	COLLAGEN	187	0	0	0	0	0	0	0	0	0	0	0	0						
Outgoing_CD4_to_partner	Plasma	COMPLEMENT	7	0	0	0	0	0	0	0	0	0	0	0	0		0	0	0	0	0
Outgoing_CD4_to_partner	Plasma	CRH	1	0	0	0	0	0	0	0	0	0	0	0	0						
Outgoing_CD4_to_partner	Plasma	CSF	2	0	0	0	0	0	0	0	0	0	0	0	0						
Outgoing_CD4_to_partner	Plasma	CSF3	1	0	0	0	0	0	0	0	0	0	0	0	0						
Outgoing_CD4_to_partner	Plasma	CSPG4	1	0	0	0	0	0	0	0	0	0	0	0	0						
Outgoing_CD4_to_partner	Plasma	CTSG	1	0	0	0	0	0	0	0	0	0	0	0	0						
Outgoing_CD4_to_partner	Plasma	CX3C	1	0	0	0	0	0	0	0	0	0	0	0	0						
Outgoing_CD4_to_partner	Plasma	CXCL	22	0	0	0	0	0	0	0	0	0	0	0	0		0	0	0	0	0
Outgoing_CD4_to_partner	Plasma	CypA	1	0.215920531803838	0.214733543420867	0.00118698838297066	0.215920531803838	0.214733543420867	0.00118698838297066	1	1	0.215920531803838	0.214733543420867	0.00118698838297066	0	0.551249112109905	0.215920531803838	0.214733543420867	0.00118698838297066	0	0
Outgoing_CD4_to_partner	Plasma	DESMOSOME	11	0	0	0	0	0	0	0	0	0	0	0	0						
Outgoing_CD4_to_partner	Plasma	DMP1	1	0	0	0	0	0	0	0	0	0	0	0	0						
Outgoing_CD4_to_partner	Plasma	DSPP	2	0	0	0	0	0	0	0	0	0	0	0	0						
Outgoing_CD4_to_partner	Plasma	EDN	5	0	0	0	0	0	0	0	0	0	0	0	0						
Outgoing_CD4_to_partner	Plasma	EGF	18	0	0	0	0	0	0	0	0	0	0	0	0						
Outgoing_CD4_to_partner	Plasma	ENHO	1	0	0	0	0	0	0	0	0	0	0	0	0						
Outgoing_CD4_to_partner	Plasma	EPGN	1	0	0	0	0	0	0	0	0	0	0	0	0						
Outgoing_CD4_to_partner	Plasma	EPHA	32	0	0	0	0	0	0	0	0	0	0	0	0						
Outgoing_CD4_to_partner	Plasma	EPHB	16	0	0	0	0	0	0	0	0	0	0	0	0						
Outgoing_CD4_to_partner	Plasma	EPO	1	0	0	0	0	0	0	0	0	0	0	0	0						
Outgoing_CD4_to_partner	Plasma	ESAM	1	0	0	0	0	0	0	0	0	0	0	0	0						
Outgoing_CD4_to_partner	Plasma	FASLG	1	0	0	0	0	0	0	0	0	0	0	0	0		0	0	0	0	0
Outgoing_CD4_to_partner	Plasma	FGF	46	0	0	0	0	0	0	0	0	0	0	0	0						
Outgoing_CD4_to_partner	Plasma	FLRT	1	0	0	0	0	0	0	0	0	0	0	0	0						
Outgoing_CD4_to_partner	Plasma	FLT3	1	0	0	0	0	0	0	0	0	0	0	0	0						
Outgoing_CD4_to_partner	Plasma	FN1	13	0	0	0	0	0	0	0	0	0	0	0	0						
Outgoing_CD4_to_partner	Plasma	FSH	2	0	0	0	0	0	0	0	0	0	0	0	0						
Outgoing_CD4_to_partner	Plasma	GALANIN	6	0	0	0	0	0	0	0	0	0	0	0	0						
Outgoing_CD4_to_partner	Plasma	GALECTIN	5	0	0	0	0	0	0	0	0	0	0	0	0		0	0	0	0	0
Outgoing_CD4_to_partner	Plasma	GAP	4	0	0	0	0	0	0	0	0	0	0	0	0						
Outgoing_CD4_to_partner	Plasma	GAS	3	0	0	0	0	0	0	0	0	0	0	0	0		0	0	0	0	0
Outgoing_CD4_to_partner	Plasma	GCG	3	0	0	0	0	0	0	0	0	0	0	0	0						
Outgoing_CD4_to_partner	Plasma	GDF	6	0	0	0	0	0	0	0	0	0	0	0	0						
Outgoing_CD4_to_partner	Plasma	GDNF	5	0	0	0	0	0	0	0	0	0	0	0	0						
Outgoing_CD4_to_partner	Plasma	GH	2	0	0	0	0	0	0	0	0	0	0	0	0						
Outgoing_CD4_to_partner	Plasma	GHRELIN	1	0	0	0	0	0	0	0	0	0	0	0	0						
Outgoing_CD4_to_partner	Plasma	GHRH	4	0	0	0	0	0	0	0	0	0	0	0	0						
Outgoing_CD4_to_partner	Plasma	GIPR	1	0	0	0	0	0	0	0	0	0	0	0	0						
Outgoing_CD4_to_partner	Plasma	GITRL	1	0	0	0	0	0	0	0	0	0	0	0	0						
Outgoing_CD4_to_partner	Plasma	GNRH	1	0	0	0	0	0	0	0	0	0	0	0	0						
Outgoing_CD4_to_partner	Plasma	GP1BA	1	0	0	0	0	0	0	0	0	0	0	0	0						
Outgoing_CD4_to_partner	Plasma	GPR	2	0	0	0	0	0	0	0	0	0	0	0	0						
Outgoing_CD4_to_partner	Plasma	GRN	1	0	0	0	0	0	0	0	0	0	0	0	0		0	0	0	0	0
Outgoing_CD4_to_partner	Plasma	GRP	1	0	0	0	0	0	0	0	0	0	0	0	0						
Outgoing_CD4_to_partner	Plasma	GUCA	2	0	0	0	0	0	0	0	0	0	0	0	0						
Outgoing_CD4_to_partner	Plasma	HCRT	1	0	0	0	0	0	0	0	0	0	0	0	0						
Outgoing_CD4_to_partner	Plasma	HGF	1	0	0	0	0	0	0	0	0	0	0	0	0						
Outgoing_CD4_to_partner	Plasma	HH	6	0	0	0	0	0	0	0	0	0	0	0	0						
Outgoing_CD4_to_partner	Plasma	HSPG	1	0	0	0	0	0	0	0	0	0	0	0	0						
Outgoing_CD4_to_partner	Plasma	IAPP	6	0	0	0	0	0	0	0	0	0	0	0	0						
Outgoing_CD4_to_partner	Plasma	ICAM	8	0	0	0	0	0	0	0	0	0	0	0	0		0	0	0	0	0
Outgoing_CD4_to_partner	Plasma	ICOS	3	0	0	0	0	0	0	0	0	0	0	0	0		0	0	0	0	0
Outgoing_CD4_to_partner	Plasma	IFN-I	17	0	0	0	0	0	0	0	0	0	0	0	0						
Outgoing_CD4_to_partner	Plasma	IFN-II	1	0	0	0	0	0	0	0	0	0	0	0	0		0	0	0	0	0
Outgoing_CD4_to_partner	Plasma	IGF	8	0	0	0	0	0	0	0	0	0	0	0	0						
Outgoing_CD4_to_partner	Plasma	IGFBP	1	0	0	0	0	0	0	0	0	0	0	0	0						
Outgoing_CD4_to_partner	Plasma	IL1	10	0	0	0	0	0	0	0	0	0	0	0	0						
Outgoing_CD4_to_partner	Plasma	IL10	8	0	0	0	0	0	0	0	0	0	0	0	0						
Outgoing_CD4_to_partner	Plasma	IL12	3	0	0	0	0	0	0	0	0	0	0	0	0						
Outgoing_CD4_to_partner	Plasma	IL16	1	0	0	0	0	0	0	0	0	0	0	0	0		0	0	0	0	0
Outgoing_CD4_to_partner	Plasma	IL17	6	0	0	0	0	0	0	0	0	0	0	0	0						
Outgoing_CD4_to_partner	Plasma	IL2	8	0	0	0	0	0	0	0	0	0	0	0	0						
Outgoing_CD4_to_partner	Plasma	IL4	10	0	0	0	0	0	0	0	0	0	0	0	0						
Outgoing_CD4_to_partner	Plasma	IL6	3	0	0	0	0	0	0	0	0	0	0	0	0						
Outgoing_CD4_to_partner	Plasma	INSULIN	1	0	0	0	0	0	0	0	0	0	0	0	0						
Outgoing_CD4_to_partner	Plasma	JAM	10	0	0	0	0	0	0	0	0	0	0	0	0		0	0	0	0	0
Outgoing_CD4_to_partner	Plasma	KIT	1	0	0	0	0	0	0	0	0	0	0	0	0						
Outgoing_CD4_to_partner	Plasma	KLK	12	0	0	0	0	0	0	0	0	0	0	0	0						
Outgoing_CD4_to_partner	Plasma	L1CAM	3	0	0	0	0	0	0	0	0	0	0	0	0						
Outgoing_CD4_to_partner	Plasma	LAIR1	1	0	0	0	0	0	0	0	0	0	0	0	0		0	0	0	0	0
Outgoing_CD4_to_partner	Plasma	LAMININ	139	0	0	0	0	0	0	0	0	0	0	0	0		0	0	0	0	0
Outgoing_CD4_to_partner	Plasma	LCK	1	0	0	0	0	0	0	0	0	0	0	0	0		0	0	0	0	0
Outgoing_CD4_to_partner	Plasma	LEP	1	0	0	0	0	0	0	0	0	0	0	0	0						
Outgoing_CD4_to_partner	Plasma	LIFR	4	0	0	0	0	0	0	0	0	0	0	0	0						
Outgoing_CD4_to_partner	Plasma	LIGHT	2	0	0	0	0	0	0	0	0	0	0	0	0						
Outgoing_CD4_to_partner	Plasma	LT	4	0	0	0	0	0	0	0	0	0	0	0	0						
Outgoing_CD4_to_partner	Plasma	MADCAM	1	0	0	0	0	0	0	0	0	0	0	0	0						
Outgoing_CD4_to_partner	Plasma	MELANOCORTIN	5	0	0	0	0	0	0	0	0	0	0	0	0						
Outgoing_CD4_to_partner	Plasma	MHC-I	41	0.0166607788214277	0.0160935707470922	0.000567208074335529	0.000406360459059213	0.000392526115782736	1.38343432764763e-05	2	2	0.0166607788214277	0.0160935707470922	0.00056720807433553	1.73472347597681e-18	3.46340612350715	0.0166607788214277	0.0160935707470922	0.00056720807433553	0	0
Outgoing_CD4_to_partner	Plasma	MHC-II	12	0	0	0	0	0	0	0	0	0	0	0	0		0	0	0	0	0
Outgoing_CD4_to_partner	Plasma	MIF	4	0.297393725893686	0.283989029775113	0.0134046961185726	0.0743484314734214	0.0709972574437783	0.00335117402964315	0	0	0	0	0	-0.0134046961185726	4.61131534703068	0	0	0	0	0
Outgoing_CD4_to_partner	Plasma	MK	9	0	0	0	0	0	0	0	0	0	0	0	0						
Outgoing_CD4_to_partner	Plasma	MMP	1	0	0	0	0	0	0	0	0	0	0	0	0						
Outgoing_CD4_to_partner	Plasma	MPZ	3	0	0	0	0	0	0	0	0	0	0	0	0		0	0	0	0	0
Outgoing_CD4_to_partner	Plasma	MSTN	4	0	0	0	0	0	0	0	0	0	0	0	0						
Outgoing_CD4_to_partner	Plasma	NCAM	5	0	0	0	0	0	0	0	0	0	0	0	0		0	0	0	0	0
Outgoing_CD4_to_partner	Plasma	NEGR	1	0	0	0	0	0	0	0	0	0	0	0	0						
Outgoing_CD4_to_partner	Plasma	NGF	2	0	0	0	0	0	0	0	0	0	0	0	0						
Outgoing_CD4_to_partner	Plasma	NGL	3	0	0	0	0	0	0	0	0	0	0	0	0						
Outgoing_CD4_to_partner	Plasma	NMU	2	0	0	0	0	0	0	0	0	0	0	0	0						
Outgoing_CD4_to_partner	Plasma	NODAL	12	0	0	0	0	0	0	0	0	0	0	0	0						
Outgoing_CD4_to_partner	Plasma	NOTCH	24	0	0	0	0	0	0	0	0	0	0	0	0						
Outgoing_CD4_to_partner	Plasma	NPFF	2	0	0	0	0	0	0	0	0	0	0	0	0						
Outgoing_CD4_to_partner	Plasma	NPNT	2	0	0	0	0	0	0	0	0	0	0	0	0						
Outgoing_CD4_to_partner	Plasma	NPR1	1	0	0	0	0	0	0	0	0	0	0	0	0						
Outgoing_CD4_to_partner	Plasma	NPR2	1	0	0	0	0	0	0	0	0	0	0	0	0						
Outgoing_CD4_to_partner	Plasma	NPVF	1	0	0	0	0	0	0	0	0	0	0	0	0						
Outgoing_CD4_to_partner	Plasma	NPW-B	2	0	0	0	0	0	0	0	0	0	0	0	0						
Outgoing_CD4_to_partner	Plasma	NPY	16	0	0	0	0	0	0	0	0	0	0	0	0						
Outgoing_CD4_to_partner	Plasma	NRG	13	0	0	0	0	0	0	0	0	0	0	0	0						
Outgoing_CD4_to_partner	Plasma	NRXN	24	0	0	0	0	0	0	0	0	0	0	0	0						
Outgoing_CD4_to_partner	Plasma	NT	9	0	0	0	0	0	0	0	0	0	0	0	0						
Outgoing_CD4_to_partner	Plasma	NTS	3	0	0	0	0	0	0	0	0	0	0	0	0						
Outgoing_CD4_to_partner	Plasma	Netrin	8	0	0	0	0	0	0	0	0	0	0	0	0						
Outgoing_CD4_to_partner	Plasma	OPIOID	12	0	0	0	0	0	0	0	0	0	0	0	0						
Outgoing_CD4_to_partner	Plasma	OSM	2	0	0	0	0	0	0	0	0	0	0	0	0						
Outgoing_CD4_to_partner	Plasma	OX40	1	0	0	0	0	0	0	0	0	0	0	0	0						
Outgoing_CD4_to_partner	Plasma	OXT	1	0	0	0	0	0	0	0	0	0	0	0	0						
Outgoing_CD4_to_partner	Plasma	PARs	29	0	0	0	0	0	0	0	0	0	0	0	0		0	0	0	0	0
Outgoing_CD4_to_partner	Plasma	PCDH	27	0	0	0	0	0	0	0	0	0	0	0	0						
Outgoing_CD4_to_partner	Plasma	PD-L1	1	0	0	0	0	0	0	0	0	0	0	0	0						
Outgoing_CD4_to_partner	Plasma	PDGF	6	0	0	0	0	0	0	0	0	0	0	0	0						
Outgoing_CD4_to_partner	Plasma	PDL2	1	0	0	0	0	0	0	0	0	0	0	0	0						
Outgoing_CD4_to_partner	Plasma	PERIOSTIN	2	0	0	0	0	0	0	0	0	0	0	0	0						
Outgoing_CD4_to_partner	Plasma	PLAU	1	0	0	0	0	0	0	0	0	0	0	0	0						
Outgoing_CD4_to_partner	Plasma	PMCH	2	0	0	0	0	0	0	0	0	0	0	0	0						
Outgoing_CD4_to_partner	Plasma	PRL	1	0	0	0	0	0	0	0	0	0	0	0	0						
Outgoing_CD4_to_partner	Plasma	PROC	1	0	0	0	0	0	0	0	0	0	0	0	0						
Outgoing_CD4_to_partner	Plasma	PROCR	2	0	0	0	0	0	0	0	0	0	0	0	0						
Outgoing_CD4_to_partner	Plasma	PROK	4	0	0	0	0	0	0	0	0	0	0	0	0						
Outgoing_CD4_to_partner	Plasma	PROS	3	0	0	0	0	0	0	0	0	0	0	0	0						
Outgoing_CD4_to_partner	Plasma	PSAP	2	0	0	0	0	0	0	0	0	0	0	0	0						
Outgoing_CD4_to_partner	Plasma	PTH	3	0	0	0	0	0	0	0	0	0	0	0	0						
Outgoing_CD4_to_partner	Plasma	PTN	8	0	0	0	0	0	0	0	0	0	0	0	0						
Outgoing_CD4_to_partner	Plasma	PTPR	11	0	0	0	0	0	0	0	0	0	0	0	0						
Outgoing_CD4_to_partner	Plasma	PTPRM	1	0	0	0	0	0	0	0	0	0	0	0	0						
Outgoing_CD4_to_partner	Plasma	PVR	2	0	0	0	0	0	0	0	0	0	0	0	0						
Outgoing_CD4_to_partner	Plasma	QRFP	1	0	0	0	0	0	0	0	0	0	0	0	0						
Outgoing_CD4_to_partner	Plasma	RANKL	2	0	0	0	0	0	0	0	0	0	0	0	0						
Outgoing_CD4_to_partner	Plasma	RBP4	1	0	0	0	0	0	0	0	0	0	0	0	0						
Outgoing_CD4_to_partner	Plasma	RELN	3	0	0	0	0	0	0	0	0	0	0	0	0						
Outgoing_CD4_to_partner	Plasma	RESISTIN	2	0	0	0	0	0	0	0	0	0	0	0	0						
Outgoing_CD4_to_partner	Plasma	RLN	16	0	0	0	0	0	0	0	0	0	0	0	0						
Outgoing_CD4_to_partner	Plasma	SAA	1	0	0	0	0	0	0	0	0	0	0	0	0						
Outgoing_CD4_to_partner	Plasma	SCT	1	0	0	0	0	0	0	0	0	0	0	0	0						
Outgoing_CD4_to_partner	Plasma	SELE	2	0	0	0	0	0	0	0	0	0	0	0	0						
Outgoing_CD4_to_partner	Plasma	SELL	4	0	0	0	0	0	0	0	0	0	0	0	0						
Outgoing_CD4_to_partner	Plasma	SELPLG	3	0	0	0	0	0	0	0	0	0	0	0	0		0	0	0	0	0
Outgoing_CD4_to_partner	Plasma	SEMA3	39	0	0	0	0	0	0	0	0	0	0	0	0		0	0	0	0	0
Outgoing_CD4_to_partner	Plasma	SEMA4	13	0	0	0	0	0	0	0	0	0	0	0	0		0	0	0	0	0
Outgoing_CD4_to_partner	Plasma	SEMA5	5	0	0	0	0	0	0	0	0	0	0	0	0						
Outgoing_CD4_to_partner	Plasma	SEMA6	7	0	0	0	0	0	0	0	0	0	0	0	0						
Outgoing_CD4_to_partner	Plasma	SEMA7	2	0	0	0	0	0	0	0	0	0	0	0	0		0	0	0	0	0
Outgoing_CD4_to_partner	Plasma	SIRP	1	0.014986295561207	0.0154622495521547	-0.000475953990947657	0.014986295561207	0.0154622495521547	-0.000475953990947657	0	0	0	0	0	0.000475953990947657	-3.12628395987823	0	0	0	0	0
Outgoing_CD4_to_partner	Plasma	SLIT	3	0	0	0	0	0	0	0	0	0	0	0	0						
Outgoing_CD4_to_partner	Plasma	SLITRK	8	0	0	0	0	0	0	0	0	0	0	0	0						
Outgoing_CD4_to_partner	Plasma	SLURP	16	0	0	0	0	0	0	0	0	0	0	0	0						
Outgoing_CD4_to_partner	Plasma	SN	1	0	0	0	0	0	0	0	0	0	0	0	0						
Outgoing_CD4_to_partner	Plasma	SOMATOSTATIN	7	0	0	0	0	0	0	0	0	0	0	0	0						
Outgoing_CD4_to_partner	Plasma	SPP1	9	0	0	0	0	0	0	0	0	0	0	0	0						
Outgoing_CD4_to_partner	Plasma	TAC	4	0	0	0	0	0	0	0	0	0	0	0	0						
Outgoing_CD4_to_partner	Plasma	TENASCIN	28	0	0	0	0	0	0	0	0	0	0	0	0						
Outgoing_CD4_to_partner	Plasma	TGFb	12	0	0	0	0	0	0	0	0	0	0	0	0						
Outgoing_CD4_to_partner	Plasma	THBS	30	0	0	0	0	0	0	0	0	0	0	0	0						
Outgoing_CD4_to_partner	Plasma	THY1	3	0	0	0	0	0	0	0	0	0	0	0	0						
Outgoing_CD4_to_partner	Plasma	TNF	2	0	0	0	0	0	0	0	0	0	0	0	0		0	0	0	0	0
Outgoing_CD4_to_partner	Plasma	TRAIL	1	0	0	0	0	0	0	0	0	0	0	0	0						
Outgoing_CD4_to_partner	Plasma	TRH	1	0	0	0	0	0	0	0	0	0	0	0	0						
Outgoing_CD4_to_partner	Plasma	TSH	2	0	0	0	0	0	0	0	0	0	0	0	0						
Outgoing_CD4_to_partner	Plasma	TULP	5	0	0	0	0	0	0	0	0	0	0	0	0						
Outgoing_CD4_to_partner	Plasma	TWEAK	1	0	0	0	0	0	0	0	0	0	0	0	0						
Outgoing_CD4_to_partner	Plasma	UCN	4	0	0	0	0	0	0	0	0	0	0	0	0						
Outgoing_CD4_to_partner	Plasma	UGRP1	1	0	0	0	0	0	0	0	0	0	0	0	0						
Outgoing_CD4_to_partner	Plasma	UNC5	12	0	0	0	0	0	0	0	0	0	0	0	0						
Outgoing_CD4_to_partner	Plasma	UROTENSIN	2	0	0	0	0	0	0	0	0	0	0	0	0						
Outgoing_CD4_to_partner	Plasma	UTS2	1	0	0	0	0	0	0	0	0	0	0	0	0						
Outgoing_CD4_to_partner	Plasma	VCAM	4	0	0	0	0	0	0	0	0	0	0	0	0		0	0	0	0	0
Outgoing_CD4_to_partner	Plasma	VEGF	8	0	0	0	0	0	0	0	0	0	0	0	0						
Outgoing_CD4_to_partner	Plasma	VEGI	1	0	0	0	0	0	0	0	0	0	0	0	0						
Outgoing_CD4_to_partner	Plasma	VISFATIN	1	0	0	0	0	0	0	0	0	0	0	0	0		0	0	0	0	0
Outgoing_CD4_to_partner	Plasma	VTN	7	0	0	0	0	0	0	0	0	0	0	0	0						
Outgoing_CD4_to_partner	Plasma	VWF	3	0	0	0	0	0	0	0	0	0	0	0	0						
Outgoing_CD4_to_partner	Plasma	WNT	320	0	0	0	0	0	0	0	0	0	0	0	0						
Outgoing_CD4_to_partner	Plasma	XCR	2	0	0	0	0	0	0	0	0	0	0	0	0						
Outgoing_CD4_to_partner	Plasma	ncWNT	31	0	0	0	0	0	0	0	0	0	0	0	0						
Outgoing_CD4_to_partner	Tprolif	ACTIVIN	20	0	0	0	0	0	0	0	0	0	0	0	0						
Outgoing_CD4_to_partner	Tprolif	ADIPONECTIN	2	0	0	0	0	0	0	0	0	0	0	0	0						
Outgoing_CD4_to_partner	Tprolif	ADM	6	0	0	0	0	0	0	0	0	0	0	0	0						
Outgoing_CD4_to_partner	Tprolif	AGRN	1	0	0	0	0	0	0	0	0	0	0	0	0						
Outgoing_CD4_to_partner	Tprolif	AGT	3	0	0	0	0	0	0	0	0	0	0	0	0						
Outgoing_CD4_to_partner	Tprolif	AMH	2	0	0	0	0	0	0	0	0	0	0	0	0						
Outgoing_CD4_to_partner	Tprolif	ANGPT	2	0	0	0	0	0	0	0	0	0	0	0	0						
Outgoing_CD4_to_partner	Tprolif	ANGPTL	15	0	0	0	0	0	0	0	0	0	0	0	0						
Outgoing_CD4_to_partner	Tprolif	ANNEXIN	6	0	0	0	0	0	0	0	0	0	0	0	0		0	0	0	0	0
Outgoing_CD4_to_partner	Tprolif	APP	4	0	0	0	0	0	0	0	0	0	0	0	0		0	0	0	0	0
Outgoing_CD4_to_partner	Tprolif	APRIL	2	0	0	0	0	0	0	0	0	0	0	0	0		0	0	0	0	0
Outgoing_CD4_to_partner	Tprolif	ApoA	4	0	0	0	0	0	0	0	0	0	0	0	0						
Outgoing_CD4_to_partner	Tprolif	ApoB	2	0	0	0	0	0	0	0	0	0	0	0	0						
Outgoing_CD4_to_partner	Tprolif	ApoE	1	0	0	0	0	0	0	0	0	0	0	0	0						
Outgoing_CD4_to_partner	Tprolif	BAFF	3	0	0	0	0	0	0	0	0	0	0	0	0		0	0	0	0	0
Outgoing_CD4_to_partner	Tprolif	BAG	1	0	0	0	0	0	0	0	0	0	0	0	0						
Outgoing_CD4_to_partner	Tprolif	BMP	75	0	0	0	0	0	0	0	0	0	0	0	0						
Outgoing_CD4_to_partner	Tprolif	BMP10	4	0	0	0	0	0	0	0	0	0	0	0	0						
Outgoing_CD4_to_partner	Tprolif	BRADYKININ	2	0	0	0	0	0	0	0	0	0	0	0	0						
Outgoing_CD4_to_partner	Tprolif	BSP	2	0	0	0	0	0	0	0	0	0	0	0	0						
Outgoing_CD4_to_partner	Tprolif	BTLA	1	0	0	0	0	0	0	0	0	0	0	0	0		0	0	0	0	0
Outgoing_CD4_to_partner	Tprolif	CADM	6	0	0.0103735042887219	-0.0103735042887219	0	0.00172891738145365	-0.00172891738145365	0	1	0	0.0103735042887219	-0.0103735042887219	0	-200	0	0.0103735042887219	-0.0103735042887219	0	0
Outgoing_CD4_to_partner	Tprolif	CALC	12	0	0	0	0	0	0	0	0	0	0	0	0						
Outgoing_CD4_to_partner	Tprolif	CALCR	8	0	0	0	0	0	0	0	0	0	0	0	0		0	0	0	0	0
Outgoing_CD4_to_partner	Tprolif	CCL	55	0.092268832107053	0.122024461222043	-0.0297556291149904	0.00167761512921915	0.00221862656767352	-0.000541011438454371	2	2	0.092268832107053	0.11693570499388	-0.0246668728868275	0.00508875622816293	-27.7709382806431	0.092268832107053	0.11693570499388	-0.0246668728868275	0	0
Outgoing_CD4_to_partner	Tprolif	CD137	1	0	0.00471144081913491	-0.00471144081913491	0	0.00471144081913491	-0.00471144081913491	0	1	0	0.00471144081913491	-0.00471144081913491	0	-200	0	0.00471144081913491	-0.00471144081913491	0	0
Outgoing_CD4_to_partner	Tprolif	CD160	1	0	0	0	0	0	0	0	0	0	0	0	0						
Outgoing_CD4_to_partner	Tprolif	CD200	1	0	0	0	0	0	0	0	0	0	0	0	0						
Outgoing_CD4_to_partner	Tprolif	CD23	4	0	0	0	0	0	0	0	0	0	0	0	0		0	0	0	0	0
Outgoing_CD4_to_partner	Tprolif	CD276	1	0	0	0	0	0	0	0	0	0	0	0	0						
Outgoing_CD4_to_partner	Tprolif	CD30	1	0	0	0	0	0	0	0	0	0	0	0	0						
Outgoing_CD4_to_partner	Tprolif	CD34	1	0	0	0	0	0	0	0	0	0	0	0	0						
Outgoing_CD4_to_partner	Tprolif	CD39	4	0	0.0013747308663251	-0.0013747308663251	0	0.000343682716581274	-0.000343682716581274	0	1	0	0.0013747308663251	-0.0013747308663251	0	-200	0	0.0013747308663251	-0.0013747308663251	0	0
Outgoing_CD4_to_partner	Tprolif	CD40	4	0	0	0	0	0	0	0	0	0	0	0	0						
Outgoing_CD4_to_partner	Tprolif	CD45	2	0	0	0	0	0	0	0	0	0	0	0	0		0	0	0	0	0
Outgoing_CD4_to_partner	Tprolif	CD46	1	0	0	0	0	0	0	0	0	0	0	0	0						
Outgoing_CD4_to_partner	Tprolif	CD48	1	0	0	0	0	0	0	0	0	0	0	0	0		0	0	0	0	0
Outgoing_CD4_to_partner	Tprolif	CD6	1	0	0	0	0	0	0	0	0	0	0	0	0		0	0	0	0	0
Outgoing_CD4_to_partner	Tprolif	CD70	1	0	0	0	0	0	0	0	0	0	0	0	0						
Outgoing_CD4_to_partner	Tprolif	CD80	3	0	0	0	0	0	0	0	0	0	0	0	0						
Outgoing_CD4_to_partner	Tprolif	CD86	2	0	0	0	0	0	0	0	0	0	0	0	0		0	0	0	0	0
Outgoing_CD4_to_partner	Tprolif	CD96	1	0	0	0	0	0	0	0	0	0	0	0	0						
Outgoing_CD4_to_partner	Tprolif	CD99	4	0.230040909733656	0.230579567074167	-0.000538657340510562	0.057510227433414	0.0576448917685416	-0.000134664335127641	2	2	0.230040909733656	0.230579567074167	-0.000538657340510562	0	-0.233883367167499	0.230040909733656	0.230579567074167	-0.000538657340510562	0	0
Outgoing_CD4_to_partner	Tprolif	CDH	4	0	0	0	0	0	0	0	0	0	0	0	0		0	0	0	0	0
Outgoing_CD4_to_partner	Tprolif	CDH1	3	0	0	0	0	0	0	0	0	0	0	0	0		0	0	0	0	0
Outgoing_CD4_to_partner	Tprolif	CEACAM	7	0	0	0	0	0	0	0	0	0	0	0	0						
Outgoing_CD4_to_partner	Tprolif	CHAD	1	0	0	0	0	0	0	0	0	0	0	0	0						
Outgoing_CD4_to_partner	Tprolif	CHEMERIN	2	0	0	0	0	0	0	0	0	0	0	0	0						
Outgoing_CD4_to_partner	Tprolif	CLDN	4	0	0	0	0	0	0	0	0	0	0	0	0						
Outgoing_CD4_to_partner	Tprolif	CLEC	6	0	0	0	0	0	0	0	0	0	0	0	0		0	0	0	0	0
Outgoing_CD4_to_partner	Tprolif	CNTN	7	0	0	0	0	0	0	0	0	0	0	0	0						
Outgoing_CD4_to_partner	Tprolif	COLLAGEN	187	0	0	0	0	0	0	0	0	0	0	0	0						
Outgoing_CD4_to_partner	Tprolif	COMPLEMENT	7	0	0	0	0	0	0	0	0	0	0	0	0		0	0	0	0	0
Outgoing_CD4_to_partner	Tprolif	CRH	1	0	0	0	0	0	0	0	0	0	0	0	0						
Outgoing_CD4_to_partner	Tprolif	CSF	2	0	0	0	0	0	0	0	0	0	0	0	0						
Outgoing_CD4_to_partner	Tprolif	CSF3	1	0	0	0	0	0	0	0	0	0	0	0	0						
Outgoing_CD4_to_partner	Tprolif	CSPG4	1	0	0	0	0	0	0	0	0	0	0	0	0						
Outgoing_CD4_to_partner	Tprolif	CTSG	1	0	0	0	0	0	0	0	0	0	0	0	0						
Outgoing_CD4_to_partner	Tprolif	CX3C	1	0	0	0	0	0	0	0	0	0	0	0	0						
Outgoing_CD4_to_partner	Tprolif	CXCL	22	0.0218490005464989	0.0284877636130214	-0.00663876306652246	0.000993136388477223	0.00129489834604643	-0.000301761957569203	1	1	0.0218490005464989	0.0284877636130214	-0.00663876306652246	0	-26.3773930540462	0.0218490005464989	0.0284877636130214	-0.00663876306652246	0	0
Outgoing_CD4_to_partner	Tprolif	CypA	1	0.203615729722752	0.202478916860454	0.00113681286229794	0.203615729722752	0.202478916860454	0.00113681286229794	1	1	0.203615729722752	0.202478916860454	0.00113681286229794	0	0.559875818045299	0.203615729722752	0.202478916860454	0.00113681286229794	0	0
Outgoing_CD4_to_partner	Tprolif	DESMOSOME	11	0	0	0	0	0	0	0	0	0	0	0	0						
Outgoing_CD4_to_partner	Tprolif	DMP1	1	0	0	0	0	0	0	0	0	0	0	0	0						
Outgoing_CD4_to_partner	Tprolif	DSPP	2	0	0	0	0	0	0	0	0	0	0	0	0						
Outgoing_CD4_to_partner	Tprolif	EDN	5	0	0	0	0	0	0	0	0	0	0	0	0						
Outgoing_CD4_to_partner	Tprolif	EGF	18	0	0	0	0	0	0	0	0	0	0	0	0						
Outgoing_CD4_to_partner	Tprolif	ENHO	1	0	0	0	0	0	0	0	0	0	0	0	0						
Outgoing_CD4_to_partner	Tprolif	EPGN	1	0	0	0	0	0	0	0	0	0	0	0	0						
Outgoing_CD4_to_partner	Tprolif	EPHA	32	0	0	0	0	0	0	0	0	0	0	0	0						
Outgoing_CD4_to_partner	Tprolif	EPHB	16	0	0	0	0	0	0	0	0	0	0	0	0						
Outgoing_CD4_to_partner	Tprolif	EPO	1	0	0	0	0	0	0	0	0	0	0	0	0						
Outgoing_CD4_to_partner	Tprolif	ESAM	1	0	0	0	0	0	0	0	0	0	0	0	0						
Outgoing_CD4_to_partner	Tprolif	FASLG	1	0	0	0	0	0	0	0	0	0	0	0	0		0	0	0	0	0
Outgoing_CD4_to_partner	Tprolif	FGF	46	0	0	0	0	0	0	0	0	0	0	0	0						
Outgoing_CD4_to_partner	Tprolif	FLRT	1	0	0	0	0	0	0	0	0	0	0	0	0						
Outgoing_CD4_to_partner	Tprolif	FLT3	1	0	0	0	0	0	0	0	0	0	0	0	0						
Outgoing_CD4_to_partner	Tprolif	FN1	13	0	0	0	0	0	0	0	0	0	0	0	0						
Outgoing_CD4_to_partner	Tprolif	FSH	2	0	0	0	0	0	0	0	0	0	0	0	0						
Outgoing_CD4_to_partner	Tprolif	GALANIN	6	0	0	0	0	0	0	0	0	0	0	0	0						
Outgoing_CD4_to_partner	Tprolif	GALECTIN	5	0	0	0	0	0	0	0	0	0	0	0	0		0	0	0	0	0
Outgoing_CD4_to_partner	Tprolif	GAP	4	0	0	0	0	0	0	0	0	0	0	0	0						
Outgoing_CD4_to_partner	Tprolif	GAS	3	0	0	0	0	0	0	0	0	0	0	0	0		0	0	0	0	0
Outgoing_CD4_to_partner	Tprolif	GCG	3	0	0	0	0	0	0	0	0	0	0	0	0						
Outgoing_CD4_to_partner	Tprolif	GDF	6	0	0	0	0	0	0	0	0	0	0	0	0						
Outgoing_CD4_to_partner	Tprolif	GDNF	5	0	0	0	0	0	0	0	0	0	0	0	0						
Outgoing_CD4_to_partner	Tprolif	GH	2	0	0	0	0	0	0	0	0	0	0	0	0						
Outgoing_CD4_to_partner	Tprolif	GHRELIN	1	0	0	0	0	0	0	0	0	0	0	0	0						
Outgoing_CD4_to_partner	Tprolif	GHRH	4	0	0	0	0	0	0	0	0	0	0	0	0						
Outgoing_CD4_to_partner	Tprolif	GIPR	1	0	0	0	0	0	0	0	0	0	0	0	0						
Outgoing_CD4_to_partner	Tprolif	GITRL	1	0	0	0	0	0	0	0	0	0	0	0	0						
Outgoing_CD4_to_partner	Tprolif	GNRH	1	0	0	0	0	0	0	0	0	0	0	0	0						
Outgoing_CD4_to_partner	Tprolif	GP1BA	1	0	0	0	0	0	0	0	0	0	0	0	0						
Outgoing_CD4_to_partner	Tprolif	GPR	2	0	0	0	0	0	0	0	0	0	0	0	0						
Outgoing_CD4_to_partner	Tprolif	GRN	1	0	0	0	0	0	0	0	0	0	0	0	0		0	0	0	0	0
Outgoing_CD4_to_partner	Tprolif	GRP	1	0	0	0	0	0	0	0	0	0	0	0	0						
Outgoing_CD4_to_partner	Tprolif	GUCA	2	0	0	0	0	0	0	0	0	0	0	0	0						
Outgoing_CD4_to_partner	Tprolif	HCRT	1	0	0	0	0	0	0	0	0	0	0	0	0						
Outgoing_CD4_to_partner	Tprolif	HGF	1	0	0	0	0	0	0	0	0	0	0	0	0						
Outgoing_CD4_to_partner	Tprolif	HH	6	0	0	0	0	0	0	0	0	0	0	0	0						
Outgoing_CD4_to_partner	Tprolif	HSPG	1	0	0	0	0	0	0	0	0	0	0	0	0						
Outgoing_CD4_to_partner	Tprolif	IAPP	6	0	0	0	0	0	0	0	0	0	0	0	0						
Outgoing_CD4_to_partner	Tprolif	ICAM	8	0	0	0	0	0	0	0	0	0	0	0	0		0	0	0	0	0
Outgoing_CD4_to_partner	Tprolif	ICOS	3	0	0	0	0	0	0	0	0	0	0	0	0		0	0	0	0	0
Outgoing_CD4_to_partner	Tprolif	IFN-I	17	0	0	0	0	0	0	0	0	0	0	0	0						
Outgoing_CD4_to_partner	Tprolif	IFN-II	1	0	0	0	0	0	0	0	0	0	0	0	0		0	0	0	0	0
Outgoing_CD4_to_partner	Tprolif	IGF	8	0	0	0	0	0	0	0	0	0	0	0	0						
Outgoing_CD4_to_partner	Tprolif	IGFBP	1	0	0	0	0	0	0	0	0	0	0	0	0						
Outgoing_CD4_to_partner	Tprolif	IL1	10	0	0	0	0	0	0	0	0	0	0	0	0						
Outgoing_CD4_to_partner	Tprolif	IL10	8	0	0	0	0	0	0	0	0	0	0	0	0						
Outgoing_CD4_to_partner	Tprolif	IL12	3	0	0	0	0	0	0	0	0	0	0	0	0						
Outgoing_CD4_to_partner	Tprolif	IL16	1	0	0	0	0	0	0	0	0	0	0	0	0		0	0	0	0	0
Outgoing_CD4_to_partner	Tprolif	IL17	6	0	0	0	0	0	0	0	0	0	0	0	0						
Outgoing_CD4_to_partner	Tprolif	IL2	8	0	0	0	0	0	0	0	0	0	0	0	0						
Outgoing_CD4_to_partner	Tprolif	IL4	10	0	0	0	0	0	0	0	0	0	0	0	0						
Outgoing_CD4_to_partner	Tprolif	IL6	3	0	0	0	0	0	0	0	0	0	0	0	0						
Outgoing_CD4_to_partner	Tprolif	INSULIN	1	0	0	0	0	0	0	0	0	0	0	0	0						
Outgoing_CD4_to_partner	Tprolif	JAM	10	0	0	0	0	0	0	0	0	0	0	0	0		0	0	0	0	0
Outgoing_CD4_to_partner	Tprolif	KIT	1	0	0	0	0	0	0	0	0	0	0	0	0						
Outgoing_CD4_to_partner	Tprolif	KLK	12	0	0	0	0	0	0	0	0	0	0	0	0						
Outgoing_CD4_to_partner	Tprolif	L1CAM	3	0	0	0	0	0	0	0	0	0	0	0	0						
Outgoing_CD4_to_partner	Tprolif	LAIR1	1	0	0	0	0	0	0	0	0	0	0	0	0		0	0	0	0	0
Outgoing_CD4_to_partner	Tprolif	LAMININ	139	0	0	0	0	0	0	0	0	0	0	0	0		0	0	0	0	0
Outgoing_CD4_to_partner	Tprolif	LCK	1	0	0	0	0	0	0	0	0	0	0	0	0		0	0	0	0	0
Outgoing_CD4_to_partner	Tprolif	LEP	1	0	0	0	0	0	0	0	0	0	0	0	0						
Outgoing_CD4_to_partner	Tprolif	LIFR	4	0	0	0	0	0	0	0	0	0	0	0	0						
Outgoing_CD4_to_partner	Tprolif	LIGHT	2	0	0	0	0	0	0	0	0	0	0	0	0						
Outgoing_CD4_to_partner	Tprolif	LT	4	0	0	0	0	0	0	0	0	0	0	0	0						
Outgoing_CD4_to_partner	Tprolif	MADCAM	1	0	0	0	0	0	0	0	0	0	0	0	0						
Outgoing_CD4_to_partner	Tprolif	MELANOCORTIN	5	0	0	0	0	0	0	0	0	0	0	0	0						
Outgoing_CD4_to_partner	Tprolif	MHC-I	41	0.937700140695591	0.934307945780743	0.00339219491484728	0.0228707351389168	0.0227879986775791	8.27364613377386e-05	1	1	0.349851196861955	0.351267975440694	-0.00141677857873812	-0.0048089734935854	0.362412421116448	0.349851196861955	0.351267975440694	-0.00141677857873812	0	0
Outgoing_CD4_to_partner	Tprolif	MHC-II	12	0	0	0	0	0	0	0	0	0	0	0	0		0	0	0	0	0
Outgoing_CD4_to_partner	Tprolif	MIF	4	0.52037283604338	0.499836201900202	0.0205366341431789	0.130093209010845	0.12495905047505	0.00513415853579474	0	0	0	0	0	-0.0205366341431789	4.02596593038899	0	0	0	0	0
Outgoing_CD4_to_partner	Tprolif	MK	9	0	0	0	0	0	0	0	0	0	0	0	0						
Outgoing_CD4_to_partner	Tprolif	MMP	1	0	0	0	0	0	0	0	0	0	0	0	0						
Outgoing_CD4_to_partner	Tprolif	MPZ	3	0	0	0	0	0	0	0	0	0	0	0	0		0	0	0	0	0
Outgoing_CD4_to_partner	Tprolif	MSTN	4	0	0	0	0	0	0	0	0	0	0	0	0						
Outgoing_CD4_to_partner	Tprolif	NCAM	5	0	0	0	0	0	0	0	0	0	0	0	0		0	0	0	0	0
Outgoing_CD4_to_partner	Tprolif	NEGR	1	0	0	0	0	0	0	0	0	0	0	0	0						
Outgoing_CD4_to_partner	Tprolif	NGF	2	0	0	0	0	0	0	0	0	0	0	0	0						
Outgoing_CD4_to_partner	Tprolif	NGL	3	0	0	0	0	0	0	0	0	0	0	0	0						
Outgoing_CD4_to_partner	Tprolif	NMU	2	0	0	0	0	0	0	0	0	0	0	0	0						
Outgoing_CD4_to_partner	Tprolif	NODAL	12	0	0	0	0	0	0	0	0	0	0	0	0						
Outgoing_CD4_to_partner	Tprolif	NOTCH	24	0	0	0	0	0	0	0	0	0	0	0	0						
Outgoing_CD4_to_partner	Tprolif	NPFF	2	0	0	0	0	0	0	0	0	0	0	0	0						
Outgoing_CD4_to_partner	Tprolif	NPNT	2	0	0	0	0	0	0	0	0	0	0	0	0						
Outgoing_CD4_to_partner	Tprolif	NPR1	1	0	0	0	0	0	0	0	0	0	0	0	0						
Outgoing_CD4_to_partner	Tprolif	NPR2	1	0	0	0	0	0	0	0	0	0	0	0	0						
Outgoing_CD4_to_partner	Tprolif	NPVF	1	0	0	0	0	0	0	0	0	0	0	0	0						
Outgoing_CD4_to_partner	Tprolif	NPW-B	2	0	0	0	0	0	0	0	0	0	0	0	0						
Outgoing_CD4_to_partner	Tprolif	NPY	16	0	0	0	0	0	0	0	0	0	0	0	0						
Outgoing_CD4_to_partner	Tprolif	NRG	13	0	0	0	0	0	0	0	0	0	0	0	0						
Outgoing_CD4_to_partner	Tprolif	NRXN	24	0	0	0	0	0	0	0	0	0	0	0	0						
Outgoing_CD4_to_partner	Tprolif	NT	9	0	0	0	0	0	0	0	0	0	0	0	0						
Outgoing_CD4_to_partner	Tprolif	NTS	3	0	0	0	0	0	0	0	0	0	0	0	0						
Outgoing_CD4_to_partner	Tprolif	Netrin	8	0	0	0	0	0	0	0	0	0	0	0	0						
Outgoing_CD4_to_partner	Tprolif	OPIOID	12	0	0	0	0	0	0	0	0	0	0	0	0						
Outgoing_CD4_to_partner	Tprolif	OSM	2	0	0	0	0	0	0	0	0	0	0	0	0						
Outgoing_CD4_to_partner	Tprolif	OX40	1	0	0	0	0	0	0	0	0	0	0	0	0						
Outgoing_CD4_to_partner	Tprolif	OXT	1	0	0	0	0	0	0	0	0	0	0	0	0						
Outgoing_CD4_to_partner	Tprolif	PARs	29	0.0198380956696247	0.0511163382857993	-0.0312782426161746	0.000684072264469816	0.00176263235468273	-0.00107856009021292	1	1	0.0198380956696247	0.0511163382857993	-0.0312782426161746	0	-88.1643073520245	0.0198380956696247	0.0511163382857993	-0.0312782426161746	0	0
Outgoing_CD4_to_partner	Tprolif	PCDH	27	0	0	0	0	0	0	0	0	0	0	0	0						
Outgoing_CD4_to_partner	Tprolif	PD-L1	1	0	0	0	0	0	0	0	0	0	0	0	0						
Outgoing_CD4_to_partner	Tprolif	PDGF	6	0	0	0	0	0	0	0	0	0	0	0	0						
Outgoing_CD4_to_partner	Tprolif	PDL2	1	0	0	0	0	0	0	0	0	0	0	0	0						
Outgoing_CD4_to_partner	Tprolif	PERIOSTIN	2	0	0	0	0	0	0	0	0	0	0	0	0						
Outgoing_CD4_to_partner	Tprolif	PLAU	1	0	0	0	0	0	0	0	0	0	0	0	0						
Outgoing_CD4_to_partner	Tprolif	PMCH	2	0	0	0	0	0	0	0	0	0	0	0	0						
Outgoing_CD4_to_partner	Tprolif	PRL	1	0	0	0	0	0	0	0	0	0	0	0	0						
Outgoing_CD4_to_partner	Tprolif	PROC	1	0	0	0	0	0	0	0	0	0	0	0	0						
Outgoing_CD4_to_partner	Tprolif	PROCR	2	0	0	0	0	0	0	0	0	0	0	0	0						
Outgoing_CD4_to_partner	Tprolif	PROK	4	0	0	0	0	0	0	0	0	0	0	0	0						
Outgoing_CD4_to_partner	Tprolif	PROS	3	0	0	0	0	0	0	0	0	0	0	0	0						
Outgoing_CD4_to_partner	Tprolif	PSAP	2	0	0	0	0	0	0	0	0	0	0	0	0						
Outgoing_CD4_to_partner	Tprolif	PTH	3	0	0	0	0	0	0	0	0	0	0	0	0						
Outgoing_CD4_to_partner	Tprolif	PTN	8	0	0	0	0	0	0	0	0	0	0	0	0						
Outgoing_CD4_to_partner	Tprolif	PTPR	11	0	0	0	0	0	0	0	0	0	0	0	0						
Outgoing_CD4_to_partner	Tprolif	PTPRM	1	0	0	0	0	0	0	0	0	0	0	0	0						
Outgoing_CD4_to_partner	Tprolif	PVR	2	0	0	0	0	0	0	0	0	0	0	0	0						
Outgoing_CD4_to_partner	Tprolif	QRFP	1	0	0	0	0	0	0	0	0	0	0	0	0						
Outgoing_CD4_to_partner	Tprolif	RANKL	2	0	0	0	0	0	0	0	0	0	0	0	0						
Outgoing_CD4_to_partner	Tprolif	RBP4	1	0	0	0	0	0	0	0	0	0	0	0	0						
Outgoing_CD4_to_partner	Tprolif	RELN	3	0	0	0	0	0	0	0	0	0	0	0	0						
Outgoing_CD4_to_partner	Tprolif	RESISTIN	2	0	0	0	0	0	0	0	0	0	0	0	0						
Outgoing_CD4_to_partner	Tprolif	RLN	16	0	0	0	0	0	0	0	0	0	0	0	0						
Outgoing_CD4_to_partner	Tprolif	SAA	1	0	0	0	0	0	0	0	0	0	0	0	0						
Outgoing_CD4_to_partner	Tprolif	SCT	1	0	0	0	0	0	0	0	0	0	0	0	0						
Outgoing_CD4_to_partner	Tprolif	SELE	2	0	0	0	0	0	0	0	0	0	0	0	0						
Outgoing_CD4_to_partner	Tprolif	SELL	4	0	0	0	0	0	0	0	0	0	0	0	0						
Outgoing_CD4_to_partner	Tprolif	SELPLG	3	0	0	0	0	0	0	0	0	0	0	0	0		0	0	0	0	0
Outgoing_CD4_to_partner	Tprolif	SEMA3	39	0	0	0	0	0	0	0	0	0	0	0	0		0	0	0	0	0
Outgoing_CD4_to_partner	Tprolif	SEMA4	13	0	0	0	0	0	0	0	0	0	0	0	0		0	0	0	0	0
Outgoing_CD4_to_partner	Tprolif	SEMA5	5	0	0	0	0	0	0	0	0	0	0	0	0						
Outgoing_CD4_to_partner	Tprolif	SEMA6	7	0	0	0	0	0	0	0	0	0	0	0	0						
Outgoing_CD4_to_partner	Tprolif	SEMA7	2	0	0	0	0	0	0	0	0	0	0	0	0		0	0	0	0	0
Outgoing_CD4_to_partner	Tprolif	SIRP	1	0.0579640397136049	0.0597221784552127	-0.00175813874160788	0.0579640397136049	0.0597221784552127	-0.00175813874160788	1	1	0.0579640397136049	0.0597221784552127	-0.00175813874160788	0	-2.98784134449095	0.0579640397136049	0.0597221784552127	-0.00175813874160788	0	0
Outgoing_CD4_to_partner	Tprolif	SLIT	3	0	0	0	0	0	0	0	0	0	0	0	0						
Outgoing_CD4_to_partner	Tprolif	SLITRK	8	0	0	0	0	0	0	0	0	0	0	0	0						
Outgoing_CD4_to_partner	Tprolif	SLURP	16	0	0	0	0	0	0	0	0	0	0	0	0						
Outgoing_CD4_to_partner	Tprolif	SN	1	0	0	0	0	0	0	0	0	0	0	0	0						
Outgoing_CD4_to_partner	Tprolif	SOMATOSTATIN	7	0	0	0	0	0	0	0	0	0	0	0	0						
Outgoing_CD4_to_partner	Tprolif	SPP1	9	0	0	0	0	0	0	0	0	0	0	0	0						
Outgoing_CD4_to_partner	Tprolif	TAC	4	0	0	0	0	0	0	0	0	0	0	0	0						
Outgoing_CD4_to_partner	Tprolif	TENASCIN	28	0	0	0	0	0	0	0	0	0	0	0	0						
Outgoing_CD4_to_partner	Tprolif	TGFb	12	0	0	0	0	0	0	0	0	0	0	0	0						
Outgoing_CD4_to_partner	Tprolif	THBS	30	0	0	0	0	0	0	0	0	0	0	0	0						
Outgoing_CD4_to_partner	Tprolif	THY1	3	0	0	0	0	0	0	0	0	0	0	0	0						
Outgoing_CD4_to_partner	Tprolif	TNF	2	0	0	0	0	0	0	0	0	0	0	0	0		0	0	0	0	0
Outgoing_CD4_to_partner	Tprolif	TRAIL	1	0	0	0	0	0	0	0	0	0	0	0	0						
Outgoing_CD4_to_partner	Tprolif	TRH	1	0	0	0	0	0	0	0	0	0	0	0	0						
Outgoing_CD4_to_partner	Tprolif	TSH	2	0	0	0	0	0	0	0	0	0	0	0	0						
Outgoing_CD4_to_partner	Tprolif	TULP	5	0	0	0	0	0	0	0	0	0	0	0	0						
Outgoing_CD4_to_partner	Tprolif	TWEAK	1	0	0	0	0	0	0	0	0	0	0	0	0						
Outgoing_CD4_to_partner	Tprolif	UCN	4	0	0	0	0	0	0	0	0	0	0	0	0						
Outgoing_CD4_to_partner	Tprolif	UGRP1	1	0	0	0	0	0	0	0	0	0	0	0	0						
Outgoing_CD4_to_partner	Tprolif	UNC5	12	0	0	0	0	0	0	0	0	0	0	0	0						
Outgoing_CD4_to_partner	Tprolif	UROTENSIN	2	0	0	0	0	0	0	0	0	0	0	0	0						
Outgoing_CD4_to_partner	Tprolif	UTS2	1	0	0	0	0	0	0	0	0	0	0	0	0						
Outgoing_CD4_to_partner	Tprolif	VCAM	4	0.0241911567871267	0.025976795099361	-0.00178563831223435	0.00604778919678167	0.00649419877484026	-0.000446409578058586	1	1	0.0241911567871267	0.025976795099361	-0.00178563831223435	0	-7.1186414636763	0.0241911567871267	0.025976795099361	-0.00178563831223435	0	0
Outgoing_CD4_to_partner	Tprolif	VEGF	8	0	0	0	0	0	0	0	0	0	0	0	0						
Outgoing_CD4_to_partner	Tprolif	VEGI	1	0	0	0	0	0	0	0	0	0	0	0	0						
Outgoing_CD4_to_partner	Tprolif	VISFATIN	1	0	0	0	0	0	0	0	0	0	0	0	0		0	0	0	0	0
Outgoing_CD4_to_partner	Tprolif	VTN	7	0	0	0	0	0	0	0	0	0	0	0	0						
Outgoing_CD4_to_partner	Tprolif	VWF	3	0	0	0	0	0	0	0	0	0	0	0	0						
Outgoing_CD4_to_partner	Tprolif	WNT	320	0	0	0	0	0	0	0	0	0	0	0	0						
Outgoing_CD4_to_partner	Tprolif	XCR	2	0	0	0	0	0	0	0	0	0	0	0	0						
Outgoing_CD4_to_partner	Tprolif	ncWNT	31	0	0	0	0	0	0	0	0	0	0	0	0						
Outgoing_CD4_to_partner	pDC	ACTIVIN	20	0	0	0	0	0	0	0	0	0	0	0	0						
Outgoing_CD4_to_partner	pDC	ADIPONECTIN	2	0	0	0	0	0	0	0	0	0	0	0	0						
Outgoing_CD4_to_partner	pDC	ADM	6	0	0	0	0	0	0	0	0	0	0	0	0						
Outgoing_CD4_to_partner	pDC	AGRN	1	0	0	0	0	0	0	0	0	0	0	0	0						
Outgoing_CD4_to_partner	pDC	AGT	3	0	0	0	0	0	0	0	0	0	0	0	0						
Outgoing_CD4_to_partner	pDC	AMH	2	0	0	0	0	0	0	0	0	0	0	0	0						
Outgoing_CD4_to_partner	pDC	ANGPT	2	0	0	0	0	0	0	0	0	0	0	0	0						
Outgoing_CD4_to_partner	pDC	ANGPTL	15	0	0	0	0	0	0	0	0	0	0	0	0						
Outgoing_CD4_to_partner	pDC	ANNEXIN	6	0	0	0	0	0	0	0	0	0	0	0	0		0	0	0	0	0
Outgoing_CD4_to_partner	pDC	APP	4	0	0	0	0	0	0	0	0	0	0	0	0		0	0	0	0	0
Outgoing_CD4_to_partner	pDC	APRIL	2	0	0	0	0	0	0	0	0	0	0	0	0		0	0	0	0	0
Outgoing_CD4_to_partner	pDC	ApoA	4	0	0	0	0	0	0	0	0	0	0	0	0						
Outgoing_CD4_to_partner	pDC	ApoB	2	0	0	0	0	0	0	0	0	0	0	0	0						
Outgoing_CD4_to_partner	pDC	ApoE	1	0	0	0	0	0	0	0	0	0	0	0	0						
Outgoing_CD4_to_partner	pDC	BAFF	3	0	0	0	0	0	0	0	0	0	0	0	0		0	0	0	0	0
Outgoing_CD4_to_partner	pDC	BAG	1	0	0	0	0	0	0	0	0	0	0	0	0						
Outgoing_CD4_to_partner	pDC	BMP	75	0	0	0	0	0	0	0	0	0	0	0	0						
Outgoing_CD4_to_partner	pDC	BMP10	4	0	0	0	0	0	0	0	0	0	0	0	0						
Outgoing_CD4_to_partner	pDC	BRADYKININ	2	0	0	0	0	0	0	0	0	0	0	0	0						
Outgoing_CD4_to_partner	pDC	BSP	2	0	0	0	0	0	0	0	0	0	0	0	0						
Outgoing_CD4_to_partner	pDC	BTLA	1	0	0	0	0	0	0	0	0	0	0	0	0		0	0	0	0	0
Outgoing_CD4_to_partner	pDC	CADM	6	0	0	0	0	0	0	0	0	0	0	0	0		0	0	0	0	0
Outgoing_CD4_to_partner	pDC	CALC	12	0	0	0	0	0	0	0	0	0	0	0	0						
Outgoing_CD4_to_partner	pDC	CALCR	8	0	0	0	0	0	0	0	0	0	0	0	0		0	0	0	0	0
Outgoing_CD4_to_partner	pDC	CCL	55	0	0	0	0	0	0	0	0	0	0	0	0		0	0	0	0	0
Outgoing_CD4_to_partner	pDC	CD137	1	0	0	0	0	0	0	0	0	0	0	0	0		0	0	0	0	0
Outgoing_CD4_to_partner	pDC	CD160	1	0	0	0	0	0	0	0	0	0	0	0	0						
Outgoing_CD4_to_partner	pDC	CD200	1	0	0	0	0	0	0	0	0	0	0	0	0						
Outgoing_CD4_to_partner	pDC	CD23	4	0	0	0	0	0	0	0	0	0	0	0	0		0	0	0	0	0
Outgoing_CD4_to_partner	pDC	CD276	1	0	0	0	0	0	0	0	0	0	0	0	0						
Outgoing_CD4_to_partner	pDC	CD30	1	0	0	0	0	0	0	0	0	0	0	0	0						
Outgoing_CD4_to_partner	pDC	CD34	1	0	0	0	0	0	0	0	0	0	0	0	0						
Outgoing_CD4_to_partner	pDC	CD39	4	0	0	0	0	0	0	0	0	0	0	0	0		0	0	0	0	0
Outgoing_CD4_to_partner	pDC	CD40	4	0	0	0	0	0	0	0	0	0	0	0	0						
Outgoing_CD4_to_partner	pDC	CD45	2	0	0	0	0	0	0	0	0	0	0	0	0		0	0	0	0	0
Outgoing_CD4_to_partner	pDC	CD46	1	0	0	0	0	0	0	0	0	0	0	0	0						
Outgoing_CD4_to_partner	pDC	CD48	1	0	0	0	0	0	0	0	0	0	0	0	0		0	0	0	0	0
Outgoing_CD4_to_partner	pDC	CD6	1	0.0188606985806317	0.0191611949064641	-0.000300496325832386	0.0188606985806317	0.0191611949064641	-0.000300496325832386	1	1	0.0188606985806317	0.0191611949064641	-0.000300496325832386	0	-1.58064892762046	0.0188606985806317	0.0191611949064641	-0.000300496325832386	0	0
Outgoing_CD4_to_partner	pDC	CD70	1	0	0	0	0	0	0	0	0	0	0	0	0						
Outgoing_CD4_to_partner	pDC	CD80	3	0	0	0	0	0	0	0	0	0	0	0	0						
Outgoing_CD4_to_partner	pDC	CD86	2	0	0	0	0	0	0	0	0	0	0	0	0		0	0	0	0	0
Outgoing_CD4_to_partner	pDC	CD96	1	0	0	0	0	0	0	0	0	0	0	0	0						
Outgoing_CD4_to_partner	pDC	CD99	4	0.215752207097242	0.216262736826009	-0.000510529728766931	0.0539380517743105	0.0540656842065023	-0.000127632432191733	1	1	0.169909552305431	0.170299198772219	-0.00038964646678849	0.000120883261978441	-0.236348180056303	0.169909552305431	0.170299198772219	-0.00038964646678849	0	0
Outgoing_CD4_to_partner	pDC	CDH	4	0	0	0	0	0	0	0	0	0	0	0	0		0	0	0	0	0
Outgoing_CD4_to_partner	pDC	CDH1	3	0	0	0	0	0	0	0	0	0	0	0	0		0	0	0	0	0
Outgoing_CD4_to_partner	pDC	CEACAM	7	0	0	0	0	0	0	0	0	0	0	0	0						
Outgoing_CD4_to_partner	pDC	CHAD	1	0	0	0	0	0	0	0	0	0	0	0	0						
Outgoing_CD4_to_partner	pDC	CHEMERIN	2	0	0	0	0	0	0	0	0	0	0	0	0						
Outgoing_CD4_to_partner	pDC	CLDN	4	0	0	0	0	0	0	0	0	0	0	0	0						
Outgoing_CD4_to_partner	pDC	CLEC	6	0	0	0	0	0	0	0	0	0	0	0	0		0	0	0	0	0
Outgoing_CD4_to_partner	pDC	CNTN	7	0	0	0	0	0	0	0	0	0	0	0	0						
Outgoing_CD4_to_partner	pDC	COLLAGEN	187	0	0	0	0	0	0	0	0	0	0	0	0						
Outgoing_CD4_to_partner	pDC	COMPLEMENT	7	0	0	0	0	0	0	0	0	0	0	0	0		0	0	0	0	0
Outgoing_CD4_to_partner	pDC	CRH	1	0	0	0	0	0	0	0	0	0	0	0	0						
Outgoing_CD4_to_partner	pDC	CSF	2	0	0	0	0	0	0	0	0	0	0	0	0						
Outgoing_CD4_to_partner	pDC	CSF3	1	0	0	0	0	0	0	0	0	0	0	0	0						
Outgoing_CD4_to_partner	pDC	CSPG4	1	0	0	0	0	0	0	0	0	0	0	0	0						
Outgoing_CD4_to_partner	pDC	CTSG	1	0	0	0	0	0	0	0	0	0	0	0	0						
Outgoing_CD4_to_partner	pDC	CX3C	1	0	0	0	0	0	0	0	0	0	0	0	0						
Outgoing_CD4_to_partner	pDC	CXCL	22	0.0359932180136036	0.0467243734313592	-0.0107311554177556	0.00163605536425471	0.00212383515597087	-0.000487779791716165	1	1	0.0359932180136036	0.0467243734313592	-0.0107311554177556	0	-25.9464890848417	0.0359932180136036	0.0467243734313592	-0.0107311554177556	0	0
Outgoing_CD4_to_partner	pDC	CypA	1	0.218671155818231	0.217473240332688	0.00119791548554229	0.218671155818231	0.217473240332688	0.00119791548554229	1	1	0.218671155818231	0.217473240332688	0.00119791548554229	0	0.549320590205534	0.218671155818231	0.217473240332688	0.00119791548554229	0	0
Outgoing_CD4_to_partner	pDC	DESMOSOME	11	0	0	0	0	0	0	0	0	0	0	0	0						
Outgoing_CD4_to_partner	pDC	DMP1	1	0	0	0	0	0	0	0	0	0	0	0	0						
Outgoing_CD4_to_partner	pDC	DSPP	2	0	0	0	0	0	0	0	0	0	0	0	0						
Outgoing_CD4_to_partner	pDC	EDN	5	0	0	0	0	0	0	0	0	0	0	0	0						
Outgoing_CD4_to_partner	pDC	EGF	18	0	0	0	0	0	0	0	0	0	0	0	0						
Outgoing_CD4_to_partner	pDC	ENHO	1	0	0	0	0	0	0	0	0	0	0	0	0						
Outgoing_CD4_to_partner	pDC	EPGN	1	0	0	0	0	0	0	0	0	0	0	0	0						
Outgoing_CD4_to_partner	pDC	EPHA	32	0	0	0	0	0	0	0	0	0	0	0	0						
Outgoing_CD4_to_partner	pDC	EPHB	16	0	0	0	0	0	0	0	0	0	0	0	0						
Outgoing_CD4_to_partner	pDC	EPO	1	0	0	0	0	0	0	0	0	0	0	0	0						
Outgoing_CD4_to_partner	pDC	ESAM	1	0	0	0	0	0	0	0	0	0	0	0	0						
Outgoing_CD4_to_partner	pDC	FASLG	1	0	0	0	0	0	0	0	0	0	0	0	0		0	0	0	0	0
Outgoing_CD4_to_partner	pDC	FGF	46	0	0	0	0	0	0	0	0	0	0	0	0						
Outgoing_CD4_to_partner	pDC	FLRT	1	0	0	0	0	0	0	0	0	0	0	0	0						
Outgoing_CD4_to_partner	pDC	FLT3	1	0	0	0	0	0	0	0	0	0	0	0	0						
Outgoing_CD4_to_partner	pDC	FN1	13	0	0	0	0	0	0	0	0	0	0	0	0						
Outgoing_CD4_to_partner	pDC	FSH	2	0	0	0	0	0	0	0	0	0	0	0	0						
Outgoing_CD4_to_partner	pDC	GALANIN	6	0	0	0	0	0	0	0	0	0	0	0	0						
Outgoing_CD4_to_partner	pDC	GALECTIN	5	0	0	0	0	0	0	0	0	0	0	0	0		0	0	0	0	0
Outgoing_CD4_to_partner	pDC	GAP	4	0	0	0	0	0	0	0	0	0	0	0	0						
Outgoing_CD4_to_partner	pDC	GAS	3	0	0	0	0	0	0	0	0	0	0	0	0		0	0	0	0	0
Outgoing_CD4_to_partner	pDC	GCG	3	0	0	0	0	0	0	0	0	0	0	0	0						
Outgoing_CD4_to_partner	pDC	GDF	6	0	0	0	0	0	0	0	0	0	0	0	0						
Outgoing_CD4_to_partner	pDC	GDNF	5	0	0	0	0	0	0	0	0	0	0	0	0						
Outgoing_CD4_to_partner	pDC	GH	2	0	0	0	0	0	0	0	0	0	0	0	0						
Outgoing_CD4_to_partner	pDC	GHRELIN	1	0	0	0	0	0	0	0	0	0	0	0	0						
Outgoing_CD4_to_partner	pDC	GHRH	4	0	0	0	0	0	0	0	0	0	0	0	0						
Outgoing_CD4_to_partner	pDC	GIPR	1	0	0	0	0	0	0	0	0	0	0	0	0						
Outgoing_CD4_to_partner	pDC	GITRL	1	0	0	0	0	0	0	0	0	0	0	0	0						
Outgoing_CD4_to_partner	pDC	GNRH	1	0	0	0	0	0	0	0	0	0	0	0	0						
Outgoing_CD4_to_partner	pDC	GP1BA	1	0	0	0	0	0	0	0	0	0	0	0	0						
Outgoing_CD4_to_partner	pDC	GPR	2	0	0	0	0	0	0	0	0	0	0	0	0						
Outgoing_CD4_to_partner	pDC	GRN	1	0	0	0	0	0	0	0	0	0	0	0	0		0	0	0	0	0
Outgoing_CD4_to_partner	pDC	GRP	1	0	0	0	0	0	0	0	0	0	0	0	0						
Outgoing_CD4_to_partner	pDC	GUCA	2	0	0	0	0	0	0	0	0	0	0	0	0						
Outgoing_CD4_to_partner	pDC	HCRT	1	0	0	0	0	0	0	0	0	0	0	0	0						
Outgoing_CD4_to_partner	pDC	HGF	1	0	0	0	0	0	0	0	0	0	0	0	0						
Outgoing_CD4_to_partner	pDC	HH	6	0	0	0	0	0	0	0	0	0	0	0	0						
Outgoing_CD4_to_partner	pDC	HSPG	1	0	0	0	0	0	0	0	0	0	0	0	0						
Outgoing_CD4_to_partner	pDC	IAPP	6	0	0	0	0	0	0	0	0	0	0	0	0						
Outgoing_CD4_to_partner	pDC	ICAM	8	0	0	0	0	0	0	0	0	0	0	0	0		0	0	0	0	0
Outgoing_CD4_to_partner	pDC	ICOS	3	0	0	0	0	0	0	0	0	0	0	0	0		0	0	0	0	0
Outgoing_CD4_to_partner	pDC	IFN-I	17	0	0	0	0	0	0	0	0	0	0	0	0						
Outgoing_CD4_to_partner	pDC	IFN-II	1	0.0128264212095793	0.013593069081458	-0.000766647871878646	0.0128264212095793	0.013593069081458	-0.000766647871878646	1	1	0.0128264212095793	0.013593069081458	-0.000766647871878646	0	-5.80365376798149	0.0128264212095793	0.013593069081458	-0.000766647871878646	0	0
Outgoing_CD4_to_partner	pDC	IGF	8	0	0	0	0	0	0	0	0	0	0	0	0						
Outgoing_CD4_to_partner	pDC	IGFBP	1	0	0	0	0	0	0	0	0	0	0	0	0						
Outgoing_CD4_to_partner	pDC	IL1	10	0	0	0	0	0	0	0	0	0	0	0	0						
Outgoing_CD4_to_partner	pDC	IL10	8	0	0	0	0	0	0	0	0	0	0	0	0						
Outgoing_CD4_to_partner	pDC	IL12	3	0	0	0	0	0	0	0	0	0	0	0	0						
Outgoing_CD4_to_partner	pDC	IL16	1	0.0780315829599243	0.0911191950725328	-0.0130876121126085	0.0780315829599243	0.0911191950725328	-0.0130876121126085	1	1	0.0780315829599243	0.0911191950725328	-0.0130876121126085	0	-15.4744923610073	0.0780315829599243	0.0911191950725328	-0.0130876121126085	0	0
Outgoing_CD4_to_partner	pDC	IL17	6	0	0	0	0	0	0	0	0	0	0	0	0						
Outgoing_CD4_to_partner	pDC	IL2	8	0	0	0	0	0	0	0	0	0	0	0	0						
Outgoing_CD4_to_partner	pDC	IL4	10	0	0	0	0	0	0	0	0	0	0	0	0						
Outgoing_CD4_to_partner	pDC	IL6	3	0	0	0	0	0	0	0	0	0	0	0	0						
Outgoing_CD4_to_partner	pDC	INSULIN	1	0	0	0	0	0	0	0	0	0	0	0	0						
Outgoing_CD4_to_partner	pDC	JAM	10	0	0	0	0	0	0	0	0	0	0	0	0		0	0	0	0	0
Outgoing_CD4_to_partner	pDC	KIT	1	0	0	0	0	0	0	0	0	0	0	0	0						
Outgoing_CD4_to_partner	pDC	KLK	12	0	0	0	0	0	0	0	0	0	0	0	0						
Outgoing_CD4_to_partner	pDC	L1CAM	3	0	0	0	0	0	0	0	0	0	0	0	0						
Outgoing_CD4_to_partner	pDC	LAIR1	1	0	0	0	0	0	0	0	0	0	0	0	0		0	0	0	0	0
Outgoing_CD4_to_partner	pDC	LAMININ	139	0	0	0	0	0	0	0	0	0	0	0	0		0	0	0	0	0
Outgoing_CD4_to_partner	pDC	LCK	1	0	0	0	0	0	0	0	0	0	0	0	0		0	0	0	0	0
Outgoing_CD4_to_partner	pDC	LEP	1	0	0	0	0	0	0	0	0	0	0	0	0						
Outgoing_CD4_to_partner	pDC	LIFR	4	0	0	0	0	0	0	0	0	0	0	0	0						
Outgoing_CD4_to_partner	pDC	LIGHT	2	0	0	0	0	0	0	0	0	0	0	0	0						
Outgoing_CD4_to_partner	pDC	LT	4	0	0	0	0	0	0	0	0	0	0	0	0						
Outgoing_CD4_to_partner	pDC	MADCAM	1	0	0	0	0	0	0	0	0	0	0	0	0						
Outgoing_CD4_to_partner	pDC	MELANOCORTIN	5	0	0	0	0	0	0	0	0	0	0	0	0						
Outgoing_CD4_to_partner	pDC	MHC-I	41	0.191030021702583	0.185402542251011	0.00562747945157241	0.00465926882201422	0.00452201322563441	0.000137255596379815	3	3	0.191030021702583	0.185402542251011	0.00562747945157241	3.46944695195361e-18	2.98990044456736	0.191030021702583	0.185402542251011	0.00562747945157241	0	0
Outgoing_CD4_to_partner	pDC	MHC-II	12	0.989924076811774	1.15396524474687	-0.164041167935092	0.0824936730676478	0.0961637703955721	-0.0136700973279243	7	8	0.989924076811774	1.15396524474687	-0.164041167935092	1.11022302462516e-16	-15.3031377399493	0.989924076811774	1.15396524474687	-0.164041167935092	0	0
Outgoing_CD4_to_partner	pDC	MIF	4	0.494655726863964	0.475162907542727	0.0194928193212374	0.123663931715991	0.118790726885682	0.00487320483030934	1	1	0.307612792892354	0.296209152385589	0.0114036405067647	-0.00808917881447269	4.01988962259166	0.307612792892354	0.296209152385589	0.0114036405067647	0	0
Outgoing_CD4_to_partner	pDC	MK	9	0	0	0	0	0	0	0	0	0	0	0	0						
Outgoing_CD4_to_partner	pDC	MMP	1	0	0	0	0	0	0	0	0	0	0	0	0						
Outgoing_CD4_to_partner	pDC	MPZ	3	0	0	0	0	0	0	0	0	0	0	0	0		0	0	0	0	0
Outgoing_CD4_to_partner	pDC	MSTN	4	0	0	0	0	0	0	0	0	0	0	0	0						
Outgoing_CD4_to_partner	pDC	NCAM	5	0	0	0	0	0	0	0	0	0	0	0	0		0	0	0	0	0
Outgoing_CD4_to_partner	pDC	NEGR	1	0	0	0	0	0	0	0	0	0	0	0	0						
Outgoing_CD4_to_partner	pDC	NGF	2	0	0	0	0	0	0	0	0	0	0	0	0						
Outgoing_CD4_to_partner	pDC	NGL	3	0	0	0	0	0	0	0	0	0	0	0	0						
Outgoing_CD4_to_partner	pDC	NMU	2	0	0	0	0	0	0	0	0	0	0	0	0						
Outgoing_CD4_to_partner	pDC	NODAL	12	0	0	0	0	0	0	0	0	0	0	0	0						
Outgoing_CD4_to_partner	pDC	NOTCH	24	0	0	0	0	0	0	0	0	0	0	0	0						
Outgoing_CD4_to_partner	pDC	NPFF	2	0	0	0	0	0	0	0	0	0	0	0	0						
Outgoing_CD4_to_partner	pDC	NPNT	2	0	0	0	0	0	0	0	0	0	0	0	0						
Outgoing_CD4_to_partner	pDC	NPR1	1	0	0	0	0	0	0	0	0	0	0	0	0						
Outgoing_CD4_to_partner	pDC	NPR2	1	0	0	0	0	0	0	0	0	0	0	0	0						
Outgoing_CD4_to_partner	pDC	NPVF	1	0	0	0	0	0	0	0	0	0	0	0	0						
Outgoing_CD4_to_partner	pDC	NPW-B	2	0	0	0	0	0	0	0	0	0	0	0	0						
Outgoing_CD4_to_partner	pDC	NPY	16	0	0	0	0	0	0	0	0	0	0	0	0						
Outgoing_CD4_to_partner	pDC	NRG	13	0	0	0	0	0	0	0	0	0	0	0	0						
Outgoing_CD4_to_partner	pDC	NRXN	24	0	0	0	0	0	0	0	0	0	0	0	0						
Outgoing_CD4_to_partner	pDC	NT	9	0	0	0	0	0	0	0	0	0	0	0	0						
Outgoing_CD4_to_partner	pDC	NTS	3	0	0	0	0	0	0	0	0	0	0	0	0						
Outgoing_CD4_to_partner	pDC	Netrin	8	0	0	0	0	0	0	0	0	0	0	0	0						
Outgoing_CD4_to_partner	pDC	OPIOID	12	0	0	0	0	0	0	0	0	0	0	0	0						
Outgoing_CD4_to_partner	pDC	OSM	2	0	0	0	0	0	0	0	0	0	0	0	0						
Outgoing_CD4_to_partner	pDC	OX40	1	0	0	0	0	0	0	0	0	0	0	0	0						
Outgoing_CD4_to_partner	pDC	OXT	1	0	0	0	0	0	0	0	0	0	0	0	0						
Outgoing_CD4_to_partner	pDC	PARs	29	0	0	0	0	0	0	0	0	0	0	0	0		0	0	0	0	0
Outgoing_CD4_to_partner	pDC	PCDH	27	0	0	0	0	0	0	0	0	0	0	0	0						
Outgoing_CD4_to_partner	pDC	PD-L1	1	0	0	0	0	0	0	0	0	0	0	0	0						
Outgoing_CD4_to_partner	pDC	PDGF	6	0	0	0	0	0	0	0	0	0	0	0	0						
Outgoing_CD4_to_partner	pDC	PDL2	1	0	0	0	0	0	0	0	0	0	0	0	0						
Outgoing_CD4_to_partner	pDC	PERIOSTIN	2	0	0	0	0	0	0	0	0	0	0	0	0						
Outgoing_CD4_to_partner	pDC	PLAU	1	0	0	0	0	0	0	0	0	0	0	0	0						
Outgoing_CD4_to_partner	pDC	PMCH	2	0	0	0	0	0	0	0	0	0	0	0	0						
Outgoing_CD4_to_partner	pDC	PRL	1	0	0	0	0	0	0	0	0	0	0	0	0						
Outgoing_CD4_to_partner	pDC	PROC	1	0	0	0	0	0	0	0	0	0	0	0	0						
Outgoing_CD4_to_partner	pDC	PROCR	2	0	0	0	0	0	0	0	0	0	0	0	0						
Outgoing_CD4_to_partner	pDC	PROK	4	0	0	0	0	0	0	0	0	0	0	0	0						
Outgoing_CD4_to_partner	pDC	PROS	3	0	0	0	0	0	0	0	0	0	0	0	0						
Outgoing_CD4_to_partner	pDC	PSAP	2	0	0	0	0	0	0	0	0	0	0	0	0						
Outgoing_CD4_to_partner	pDC	PTH	3	0	0	0	0	0	0	0	0	0	0	0	0						
Outgoing_CD4_to_partner	pDC	PTN	8	0	0	0	0	0	0	0	0	0	0	0	0						
Outgoing_CD4_to_partner	pDC	PTPR	11	0	0	0	0	0	0	0	0	0	0	0	0						
Outgoing_CD4_to_partner	pDC	PTPRM	1	0	0	0	0	0	0	0	0	0	0	0	0						
Outgoing_CD4_to_partner	pDC	PVR	2	0	0	0	0	0	0	0	0	0	0	0	0						
Outgoing_CD4_to_partner	pDC	QRFP	1	0	0	0	0	0	0	0	0	0	0	0	0						
Outgoing_CD4_to_partner	pDC	RANKL	2	0	0	0	0	0	0	0	0	0	0	0	0						
Outgoing_CD4_to_partner	pDC	RBP4	1	0	0	0	0	0	0	0	0	0	0	0	0						
Outgoing_CD4_to_partner	pDC	RELN	3	0	0	0	0	0	0	0	0	0	0	0	0						
Outgoing_CD4_to_partner	pDC	RESISTIN	2	0	0	0	0	0	0	0	0	0	0	0	0						
Outgoing_CD4_to_partner	pDC	RLN	16	0	0	0	0	0	0	0	0	0	0	0	0						
Outgoing_CD4_to_partner	pDC	SAA	1	0	0	0	0	0	0	0	0	0	0	0	0						
Outgoing_CD4_to_partner	pDC	SCT	1	0	0	0	0	0	0	0	0	0	0	0	0						
Outgoing_CD4_to_partner	pDC	SELE	2	0	0	0	0	0	0	0	0	0	0	0	0						
Outgoing_CD4_to_partner	pDC	SELL	4	0	0	0	0	0	0	0	0	0	0	0	0						
Outgoing_CD4_to_partner	pDC	SELPLG	3	0.166011063535987	0.122862473059414	0.0431485904765731	0.0553370211786623	0.0409541576864713	0.014382863492191	1	1	0.166011063535987	0.122862473059414	0.0431485904765731	0	29.8736886632903	0.166011063535987	0.122862473059414	0.0431485904765731	0	0
Outgoing_CD4_to_partner	pDC	SEMA3	39	0	0	0	0	0	0	0	0	0	0	0	0		0	0	0	0	0
Outgoing_CD4_to_partner	pDC	SEMA4	13	0.045137529338088	0.0685659745525658	-0.0234284452144778	0.00347211764139138	0.00527430573481275	-0.00180218809342137	1	1	0.045137529338088	0.0685659745525658	-0.0234284452144778	0	-41.2097154666552	0.045137529338088	0.0685659745525658	-0.0234284452144778	0	0
Outgoing_CD4_to_partner	pDC	SEMA5	5	0	0	0	0	0	0	0	0	0	0	0	0						
Outgoing_CD4_to_partner	pDC	SEMA6	7	0	0	0	0	0	0	0	0	0	0	0	0						
Outgoing_CD4_to_partner	pDC	SEMA7	2	0	0	0	0	0	0	0	0	0	0	0	0		0	0	0	0	0
Outgoing_CD4_to_partner	pDC	SIRP	1	0.0760247464565217	0.0782851702062085	-0.00226042374968677	0.0760247464565217	0.0782851702062085	-0.00226042374968677	1	1	0.0760247464565217	0.0782851702062085	-0.00226042374968677	0	-2.92971935773551	0.0760247464565217	0.0782851702062085	-0.00226042374968677	0	0
Outgoing_CD4_to_partner	pDC	SLIT	3	0	0	0	0	0	0	0	0	0	0	0	0						
Outgoing_CD4_to_partner	pDC	SLITRK	8	0	0	0	0	0	0	0	0	0	0	0	0						
Outgoing_CD4_to_partner	pDC	SLURP	16	0	0	0	0	0	0	0	0	0	0	0	0						
Outgoing_CD4_to_partner	pDC	SN	1	0	0	0	0	0	0	0	0	0	0	0	0						
Outgoing_CD4_to_partner	pDC	SOMATOSTATIN	7	0	0	0	0	0	0	0	0	0	0	0	0						
Outgoing_CD4_to_partner	pDC	SPP1	9	0	0	0	0	0	0	0	0	0	0	0	0						
Outgoing_CD4_to_partner	pDC	TAC	4	0	0	0	0	0	0	0	0	0	0	0	0						
Outgoing_CD4_to_partner	pDC	TENASCIN	28	0	0	0	0	0	0	0	0	0	0	0	0						
Outgoing_CD4_to_partner	pDC	TGFb	12	0	0	0	0	0	0	0	0	0	0	0	0						
Outgoing_CD4_to_partner	pDC	THBS	30	0	0	0	0	0	0	0	0	0	0	0	0						
Outgoing_CD4_to_partner	pDC	THY1	3	0	0	0	0	0	0	0	0	0	0	0	0						
Outgoing_CD4_to_partner	pDC	TNF	2	0	0	0	0	0	0	0	0	0	0	0	0		0	0	0	0	0
Outgoing_CD4_to_partner	pDC	TRAIL	1	0	0	0	0	0	0	0	0	0	0	0	0						
Outgoing_CD4_to_partner	pDC	TRH	1	0	0	0	0	0	0	0	0	0	0	0	0						
Outgoing_CD4_to_partner	pDC	TSH	2	0	0	0	0	0	0	0	0	0	0	0	0						
Outgoing_CD4_to_partner	pDC	TULP	5	0	0	0	0	0	0	0	0	0	0	0	0						
Outgoing_CD4_to_partner	pDC	TWEAK	1	0	0	0	0	0	0	0	0	0	0	0	0						
Outgoing_CD4_to_partner	pDC	UCN	4	0	0	0	0	0	0	0	0	0	0	0	0						
Outgoing_CD4_to_partner	pDC	UGRP1	1	0	0	0	0	0	0	0	0	0	0	0	0						
Outgoing_CD4_to_partner	pDC	UNC5	12	0	0	0	0	0	0	0	0	0	0	0	0						
Outgoing_CD4_to_partner	pDC	UROTENSIN	2	0	0	0	0	0	0	0	0	0	0	0	0						
Outgoing_CD4_to_partner	pDC	UTS2	1	0	0	0	0	0	0	0	0	0	0	0	0						
Outgoing_CD4_to_partner	pDC	VCAM	4	0	0	0	0	0	0	0	0	0	0	0	0		0	0	0	0	0
Outgoing_CD4_to_partner	pDC	VEGF	8	0	0	0	0	0	0	0	0	0	0	0	0						
Outgoing_CD4_to_partner	pDC	VEGI	1	0	0	0	0	0	0	0	0	0	0	0	0						
Outgoing_CD4_to_partner	pDC	VISFATIN	1	0	0	0	0	0	0	0	0	0	0	0	0		0	0	0	0	0
Outgoing_CD4_to_partner	pDC	VTN	7	0	0	0	0	0	0	0	0	0	0	0	0						
Outgoing_CD4_to_partner	pDC	VWF	3	0	0	0	0	0	0	0	0	0	0	0	0						
Outgoing_CD4_to_partner	pDC	WNT	320	0	0	0	0	0	0	0	0	0	0	0	0						
Outgoing_CD4_to_partner	pDC	XCR	2	0	0	0	0	0	0	0	0	0	0	0	0						
Outgoing_CD4_to_partner	pDC	ncWNT	31	0	0	0	0	0	0	0	0	0	0	0	0						
