direction	partner	pathway	n_LR	raw_sum_hi	raw_sum_lo	raw_delta_sum	raw_delta_mean	n_sig_hi	n_sig_lo
Outgoing_CD4_to_partner	B	TGFb	12	0	0	0	0	0	0
Outgoing_CD4_to_partner	B	BMP	75	0	0	0	0	0	0
Outgoing_CD4_to_partner	B	BMP10	4	0	0	0	0	0	0
Outgoing_CD4_to_partner	B	GDF	6	0	0	0	0	0	0
Outgoing_CD4_to_partner	B	MSTN	4	0	0	0	0	0	0
Outgoing_CD4_to_partner	B	AMH	2	0	0	0	0	0	0
Outgoing_CD4_to_partner	B	GDNF	5	0	0	0	0	0	0
Outgoing_CD4_to_partner	B	NODAL	12	0	0	0	0	0	0
Outgoing_CD4_to_partner	B	ACTIVIN	20	0	0	0	0	0	0
Outgoing_CD4_to_partner	B	WNT	320	0	0	0	0	0	0
Outgoing_CD4_to_partner	B	ncWNT	31	0	0	0	0	0	0
Outgoing_CD4_to_partner	B	EGF	18	0	0	0	0	0	0
Outgoing_CD4_to_partner	B	NRG	13	0	0	0	0	0	0
Outgoing_CD4_to_partner	B	FGF	46	0	0	0	0	0	0
Outgoing_CD4_to_partner	B	PDGF	6	0	0	0	0	0	0
Outgoing_CD4_to_partner	B	VEGF	8	0	0	0	0	0	0
Outgoing_CD4_to_partner	B	IGF	8	0	0	0	0	0	0
Outgoing_CD4_to_partner	B	INSULIN	1	0	0	0	0	0	0
Outgoing_CD4_to_partner	B	HH	6	0	0	0	0	0	0
Outgoing_CD4_to_partner	B	CCL	55	0	0	0	0	0	0
Outgoing_CD4_to_partner	B	CXCL	22	0.0454391979330316	0	0.0454391979330316	0.00206541808786507	1	0
Outgoing_CD4_to_partner	B	MIF	4	0.560885280456917	0.512873396707701	0.0480118837492152	0.0120029709373038	2	1
Outgoing_CD4_to_partner	B	CX3C	1	0	0	0	0	0	0
Outgoing_CD4_to_partner	B	XCR	2	0	0	0	0	0	0
Outgoing_CD4_to_partner	B	IL2	8	0	0	0	0	0	0
Outgoing_CD4_to_partner	B	IL4	10	0	0	0	0	0	0
Outgoing_CD4_to_partner	B	IL6	3	0	0	0	0	0	0
Outgoing_CD4_to_partner	B	IL12	3	0	0	0	0	0	0
Outgoing_CD4_to_partner	B	LIFR	4	0	0	0	0	0	0
Outgoing_CD4_to_partner	B	OSM	2	0	0	0	0	0	0
Outgoing_CD4_to_partner	B	IL10	8	0	0	0	0	0	0
Outgoing_CD4_to_partner	B	IL1	10	0	0	0	0	0	0
Outgoing_CD4_to_partner	B	IL17	6	0	0	0	0	0	0
Outgoing_CD4_to_partner	B	CSF	2	0	0	0	0	0	0
Outgoing_CD4_to_partner	B	IL16	1	0	0	0	0	0	0
Outgoing_CD4_to_partner	B	EPO	1	0	0	0	0	0	0
Outgoing_CD4_to_partner	B	GH	2	0	0	0	0	0	0
Outgoing_CD4_to_partner	B	PRL	1	0	0	0	0	0	0
Outgoing_CD4_to_partner	B	CSF3	1	0	0	0	0	0	0
Outgoing_CD4_to_partner	B	IFN-I	17	0	0	0	0	0	0
Outgoing_CD4_to_partner	B	IFN-II	1	0.0119349362514363	0.0118130023777063	0.000121933873729939	0.000121933873729939	1	1
Outgoing_CD4_to_partner	B	TNF	2	0	0	0	0	0	0
Outgoing_CD4_to_partner	B	LT	4	0	0	0	0	0	0
Outgoing_CD4_to_partner	B	LIGHT	2	0	0	0	0	0	0
Outgoing_CD4_to_partner	B	FASLG	1	0	0	0	0	0	0
Outgoing_CD4_to_partner	B	VEGI	1	0	0	0	0	0	0
Outgoing_CD4_to_partner	B	TRAIL	1	0	0	0	0	0	0
Outgoing_CD4_to_partner	B	NGF	2	0	0	0	0	0	0
Outgoing_CD4_to_partner	B	RANKL	2	0	0	0	0	0	0
Outgoing_CD4_to_partner	B	TWEAK	1	0	0	0	0	0	0
Outgoing_CD4_to_partner	B	CD70	1	0	0	0	0	0	0
Outgoing_CD4_to_partner	B	CD30	1	0	0	0	0	0	0
Outgoing_CD4_to_partner	B	CD137	1	0	0	0	0	0	0
Outgoing_CD4_to_partner	B	OX40	1	0	0	0	0	0	0
Outgoing_CD4_to_partner	B	GITRL	1	0	0	0	0	0	0
Outgoing_CD4_to_partner	B	APRIL	2	0	0	0	0	0	0
Outgoing_CD4_to_partner	B	BAFF	3	0	0	0	0	0	0
Outgoing_CD4_to_partner	B	CD40	4	0	0	0	0	0	0
Outgoing_CD4_to_partner	B	SPP1	9	0	0	0	0	0	0
Outgoing_CD4_to_partner	B	ADIPONECTIN	2	0	0	0	0	0	0
Outgoing_CD4_to_partner	B	RESISTIN	2	0	0	0	0	0	0
Outgoing_CD4_to_partner	B	VISFATIN	1	0	0	0	0	0	0
Outgoing_CD4_to_partner	B	ANGPTL	15	0	0	0	0	0	0
Outgoing_CD4_to_partner	B	ANGPT	2	0	0	0	0	0	0
Outgoing_CD4_to_partner	B	MK	9	0	0	0	0	0	0
Outgoing_CD4_to_partner	B	PTN	8	0	0	0	0	0	0
Outgoing_CD4_to_partner	B	PERIOSTIN	2	0	0	0	0	0	0
Outgoing_CD4_to_partner	B	AGT	3	0	0	0	0	0	0
Outgoing_CD4_to_partner	B	GPR	2	0	0	0	0	0	0
Outgoing_CD4_to_partner	B	BRADYKININ	2	0	0	0	0	0	0
Outgoing_CD4_to_partner	B	COMPLEMENT	7	0	0	0	0	0	0
Outgoing_CD4_to_partner	B	EDN	5	0	0	0	0	0	0
Outgoing_CD4_to_partner	B	GALANIN	6	0	0	0	0	0	0
Outgoing_CD4_to_partner	B	GHRELIN	1	0	0	0	0	0	0
Outgoing_CD4_to_partner	B	MELANOCORTIN	5	0	0	0	0	0	0
Outgoing_CD4_to_partner	B	NMU	2	0	0	0	0	0	0
Outgoing_CD4_to_partner	B	NPFF	2	0	0	0	0	0	0
Outgoing_CD4_to_partner	B	NPY	16	0	0	0	0	0	0
Outgoing_CD4_to_partner	B	NPW-B	2	0	0	0	0	0	0
Outgoing_CD4_to_partner	B	NTS	3	0	0	0	0	0	0
Outgoing_CD4_to_partner	B	OPIOID	12	0	0	0	0	0	0
Outgoing_CD4_to_partner	B	HCRT	1	0	0	0	0	0	0
Outgoing_CD4_to_partner	B	OXT	1	0	0	0	0	0	0
Outgoing_CD4_to_partner	B	SOMATOSTATIN	7	0	0	0	0	0	0
Outgoing_CD4_to_partner	B	TAC	4	0	0	0	0	0	0
Outgoing_CD4_to_partner	B	UTS2	1	0	0	0	0	0	0
Outgoing_CD4_to_partner	B	PARs	29	0	0	0	0	0	0
Outgoing_CD4_to_partner	B	PMCH	2	0	0	0	0	0	0
Outgoing_CD4_to_partner	B	PROK	4	0	0	0	0	0	0
Outgoing_CD4_to_partner	B	NPR1	1	0	0	0	0	0	0
Outgoing_CD4_to_partner	B	NPR2	1	0	0	0	0	0	0
Outgoing_CD4_to_partner	B	KIT	1	0	0	0	0	0	0
Outgoing_CD4_to_partner	B	GIPR	1	0	0	0	0	0	0
Outgoing_CD4_to_partner	B	FSH	2	0	0	0	0	0	0
Outgoing_CD4_to_partner	B	TSH	2	0	0	0	0	0	0
Outgoing_CD4_to_partner	B	NT	9	0	0	0	0	0	0
Outgoing_CD4_to_partner	B	FLT3	1	0	0	0	0	0	0
Outgoing_CD4_to_partner	B	HGF	1	0	0	0	0	0	0
Outgoing_CD4_to_partner	B	SEMA3	39	0	0	0	0	0	0
Outgoing_CD4_to_partner	B	CALCR	8	0	0	0	0	0	0
Outgoing_CD4_to_partner	B	ANNEXIN	6	0	0	0	0	0	0
Outgoing_CD4_to_partner	B	CRH	1	0	0	0	0	0	0
Outgoing_CD4_to_partner	B	ENHO	1	0	0	0	0	0	0
Outgoing_CD4_to_partner	B	GAS	3	0	0	0	0	0	0
Outgoing_CD4_to_partner	B	GCG	3	0	0	0	0	0	0
Outgoing_CD4_to_partner	B	GHRH	4	0	0	0	0	0	0
Outgoing_CD4_to_partner	B	GNRH	1	0	0	0	0	0	0
Outgoing_CD4_to_partner	B	GRN	1	0	0	0	0	0	0
Outgoing_CD4_to_partner	B	GUCA	2	0	0	0	0	0	0
Outgoing_CD4_to_partner	B	RLN	16	0	0	0	0	0	0
Outgoing_CD4_to_partner	B	LEP	1	0	0	0	0	0	0
Outgoing_CD4_to_partner	B	GALECTIN	5	0	0	0	0	0	0
Outgoing_CD4_to_partner	B	NPVF	1	0	0	0	0	0	0
Outgoing_CD4_to_partner	B	PROS	3	0	0	0	0	0	0
Outgoing_CD4_to_partner	B	PSAP	2	0	0	0	0	0	0
Outgoing_CD4_to_partner	B	PTH	3	0	0	0	0	0	0
Outgoing_CD4_to_partner	B	QRFP	1	0	0	0	0	0	0
Outgoing_CD4_to_partner	B	CHEMERIN	2	0	0	0	0	0	0
Outgoing_CD4_to_partner	B	SAA	1	0	0	0	0	0	0
Outgoing_CD4_to_partner	B	UGRP1	1	0	0	0	0	0	0
Outgoing_CD4_to_partner	B	SCT	1	0	0	0	0	0	0
Outgoing_CD4_to_partner	B	SLURP	16	0	0	0	0	0	0
Outgoing_CD4_to_partner	B	BTLA	1	0	0	0	0	0	0
Outgoing_CD4_to_partner	B	TRH	1	0	0	0	0	0	0
Outgoing_CD4_to_partner	B	UCN	4	0	0	0	0	0	0
Outgoing_CD4_to_partner	B	UROTENSIN	2	0	0	0	0	0	0
Outgoing_CD4_to_partner	B	BAG	1	0	0	0	0	0	0
Outgoing_CD4_to_partner	B	KLK	12	0	0	0	0	0	0
Outgoing_CD4_to_partner	B	ADM	6	0	0	0	0	0	0
Outgoing_CD4_to_partner	B	CALC	12	0	0	0	0	0	0
Outgoing_CD4_to_partner	B	IAPP	6	0	0	0	0	0	0
Outgoing_CD4_to_partner	B	PROCR	2	0	0	0	0	0	0
Outgoing_CD4_to_partner	B	CTSG	1	0	0	0	0	0	0
Outgoing_CD4_to_partner	B	GRP	1	0	0	0	0	0	0
Outgoing_CD4_to_partner	B	PTPR	11	0	0	0	0	0	0
Outgoing_CD4_to_partner	B	SLITRK	8	0	0	0	0	0	0
Outgoing_CD4_to_partner	B	IGFBP	1	0	0	0	0	0	0
Outgoing_CD4_to_partner	B	CypA	1	0	0	0	0	0	0
Outgoing_CD4_to_partner	B	PROC	1	0	0	0	0	0	0
Outgoing_CD4_to_partner	B	MHC-I	41	0.0406089121961608	0.0406100848962509	-1.17270009008554e-06	-2.86024412215984e-08	2	2
Outgoing_CD4_to_partner	B	RBP4	1	0	0	0	0	0	0
Outgoing_CD4_to_partner	B	SLIT	3	0	0	0	0	0	0
Outgoing_CD4_to_partner	B	TULP	5	0	0	0	0	0	0
Outgoing_CD4_to_partner	B	PLAU	1	0	0	0	0	0	0
Outgoing_CD4_to_partner	B	COLLAGEN	187	0	0	0	0	0	0
Outgoing_CD4_to_partner	B	FN1	13	0	0	0	0	0	0
Outgoing_CD4_to_partner	B	LAMININ	139	0	0	0	0	0	0
Outgoing_CD4_to_partner	B	CHAD	1	0	0	0	0	0	0
Outgoing_CD4_to_partner	B	RELN	3	0	0	0	0	0	0
Outgoing_CD4_to_partner	B	THBS	30	0	0	0	0	0	0
Outgoing_CD4_to_partner	B	VTN	7	0	0	0	0	0	0
Outgoing_CD4_to_partner	B	TENASCIN	28	0	0	0	0	0	0
Outgoing_CD4_to_partner	B	NPNT	2	0	0	0	0	0	0
Outgoing_CD4_to_partner	B	DSPP	2	0	0	0	0	0	0
Outgoing_CD4_to_partner	B	VWF	3	0	0	0	0	0	0
Outgoing_CD4_to_partner	B	BSP	2	0	0	0	0	0	0
Outgoing_CD4_to_partner	B	DMP1	1	0	0	0	0	0	0
Outgoing_CD4_to_partner	B	AGRN	1	0	0	0	0	0	0
Outgoing_CD4_to_partner	B	HSPG	1	0	0	0	0	0	0
Outgoing_CD4_to_partner	B	APP	4	0	0	0	0	0	0
Outgoing_CD4_to_partner	B	CADM	6	0	0	0	0	0	0
Outgoing_CD4_to_partner	B	CD23	4	0	0	0	0	0	0
Outgoing_CD4_to_partner	B	CD34	1	0	0	0	0	0	0
Outgoing_CD4_to_partner	B	CD39	4	0	0	0	0	0	0
Outgoing_CD4_to_partner	B	CD45	2	0.294698837866563	0.294405948156404	0.000292889710159006	0.000146444855079503	1	1
Outgoing_CD4_to_partner	B	CD46	1	0	0	0	0	0	0
Outgoing_CD4_to_partner	B	CD48	1	0	0	0	0	0	0
Outgoing_CD4_to_partner	B	CD6	1	0	0	0	0	0	0
Outgoing_CD4_to_partner	B	CD80	3	0	0	0	0	0	0
Outgoing_CD4_to_partner	B	CD86	2	0	0	0	0	0	0
Outgoing_CD4_to_partner	B	CD96	1	0	0	0	0	0	0
Outgoing_CD4_to_partner	B	CD99	4	0.101857442918585	0.102633672640484	-0.000776229721898995	-0.000194057430474749	1	1
Outgoing_CD4_to_partner	B	CDH	4	0	0	0	0	0	0
Outgoing_CD4_to_partner	B	CDH1	3	0	0	0	0	0	0
Outgoing_CD4_to_partner	B	CEACAM	7	0	0	0	0	0	0
Outgoing_CD4_to_partner	B	CLDN	4	0	0	0	0	0	0
Outgoing_CD4_to_partner	B	CLEC	6	0	0	0	0	0	0
Outgoing_CD4_to_partner	B	CNTN	7	0	0	0	0	0	0
Outgoing_CD4_to_partner	B	CSPG4	1	0	0	0	0	0	0
Outgoing_CD4_to_partner	B	DESMOSOME	11	0	0	0	0	0	0
Outgoing_CD4_to_partner	B	EPGN	1	0	0	0	0	0	0
Outgoing_CD4_to_partner	B	EPHA	32	0	0	0	0	0	0
Outgoing_CD4_to_partner	B	EPHB	16	0	0	0	0	0	0
Outgoing_CD4_to_partner	B	ESAM	1	0	0	0	0	0	0
Outgoing_CD4_to_partner	B	GP1BA	1	0	0	0	0	0	0
Outgoing_CD4_to_partner	B	ICAM	8	0	0	0	0	0	0
Outgoing_CD4_to_partner	B	ICOS	3	0	0	0	0	0	0
Outgoing_CD4_to_partner	B	JAM	10	0	0	0	0	0	0
Outgoing_CD4_to_partner	B	L1CAM	3	0	0	0	0	0	0
Outgoing_CD4_to_partner	B	LCK	1	0	0	0	0	0	0
Outgoing_CD4_to_partner	B	MADCAM	1	0	0	0	0	0	0
Outgoing_CD4_to_partner	B	MHC-II	12	0	0	0	0	0	0
Outgoing_CD4_to_partner	B	MPZ	3	0	0	0	0	0	0
Outgoing_CD4_to_partner	B	NCAM	5	0	0	0	0	0	0
Outgoing_CD4_to_partner	B	NEGR	1	0	0	0	0	0	0
Outgoing_CD4_to_partner	B	NGL	3	0	0	0	0	0	0
Outgoing_CD4_to_partner	B	NOTCH	24	0	0	0	0	0	0
Outgoing_CD4_to_partner	B	NRXN	24	0	0	0	0	0	0
Outgoing_CD4_to_partner	B	PD-L1	1	0	0	0	0	0	0
Outgoing_CD4_to_partner	B	PDL2	1	0	0	0	0	0	0
Outgoing_CD4_to_partner	B	PTPRM	1	0	0	0	0	0	0
Outgoing_CD4_to_partner	B	PVR	2	0	0	0	0	0	0
Outgoing_CD4_to_partner	B	SELE	2	0	0	0	0	0	0
Outgoing_CD4_to_partner	B	SELL	4	0	0	0	0	0	0
Outgoing_CD4_to_partner	B	SELPLG	3	0.0777949314303121	0.134654355122097	-0.0568594236917849	-0.018953141230595	1	1
Outgoing_CD4_to_partner	B	SEMA4	13	0.0553796722254485	0.066538848490736	-0.0111591762652875	-0.000858398174252886	1	1
Outgoing_CD4_to_partner	B	SEMA5	5	0	0	0	0	0	0
Outgoing_CD4_to_partner	B	SEMA6	7	0	0	0	0	0	0
Outgoing_CD4_to_partner	B	SEMA7	2	0	0	0	0	0	0
Outgoing_CD4_to_partner	B	SN	1	0	0	0	0	0	0
Outgoing_CD4_to_partner	B	THY1	3	0	0	0	0	0	0
Outgoing_CD4_to_partner	B	VCAM	4	0	0	0	0	0	0
Outgoing_CD4_to_partner	B	GAP	4	0	0	0	0	0	0
Outgoing_CD4_to_partner	B	PCDH	27	0	0	0	0	0	0
Outgoing_CD4_to_partner	B	FLRT	1	0	0	0	0	0	0
Outgoing_CD4_to_partner	B	UNC5	12	0	0	0	0	0	0
Outgoing_CD4_to_partner	B	ApoA	4	0	0	0	0	0	0
Outgoing_CD4_to_partner	B	ApoB	2	0	0	0	0	0	0
Outgoing_CD4_to_partner	B	ApoE	1	0	0	0	0	0	0
Outgoing_CD4_to_partner	B	CD160	1	0	0	0	0	0	0
Outgoing_CD4_to_partner	B	CD276	1	0	0	0	0	0	0
Outgoing_CD4_to_partner	B	LAIR1	1	0	0	0	0	0	0
Outgoing_CD4_to_partner	B	MMP	1	0	0	0	0	0	0
Outgoing_CD4_to_partner	B	Netrin	8	0	0	0	0	0	0
Outgoing_CD4_to_partner	B	CD200	1	0	0	0	0	0	0
Outgoing_CD4_to_partner	B	SIRP	1	0.0645416236935292	0.0617860833487226	0.00275554034480655	0.00275554034480655	1	1
Incoming_partner_to_CD4	B	TGFb	12	0	0	0	0	0	0
Incoming_partner_to_CD4	B	BMP	75	0	0	0	0	0	0
Incoming_partner_to_CD4	B	BMP10	4	0	0	0	0	0	0
Incoming_partner_to_CD4	B	GDF	6	0	0	0	0	0	0
Incoming_partner_to_CD4	B	MSTN	4	0	0	0	0	0	0
Incoming_partner_to_CD4	B	AMH	2	0	0	0	0	0	0
Incoming_partner_to_CD4	B	GDNF	5	0	0	0	0	0	0
Incoming_partner_to_CD4	B	NODAL	12	0	0	0	0	0	0
Incoming_partner_to_CD4	B	ACTIVIN	20	0	0	0	0	0	0
Incoming_partner_to_CD4	B	WNT	320	0	0	0	0	0	0
Incoming_partner_to_CD4	B	ncWNT	31	0	0	0	0	0	0
Incoming_partner_to_CD4	B	EGF	18	0	0	0	0	0	0
Incoming_partner_to_CD4	B	NRG	13	0	0	0	0	0	0
Incoming_partner_to_CD4	B	FGF	46	0	0	0	0	0	0
Incoming_partner_to_CD4	B	PDGF	6	0	0	0	0	0	0
Incoming_partner_to_CD4	B	VEGF	8	0	0	0	0	0	0
Incoming_partner_to_CD4	B	IGF	8	0	0	0	0	0	0
Incoming_partner_to_CD4	B	INSULIN	1	0	0	0	0	0	0
Incoming_partner_to_CD4	B	HH	6	0	0	0	0	0	0
Incoming_partner_to_CD4	B	CCL	55	0	0	0	0	0	0
Incoming_partner_to_CD4	B	CXCL	22	0	0	0	0	0	0
Incoming_partner_to_CD4	B	MIF	4	0.217463979043371	0.218892707625254	-0.00142872858188219	-0.000357182145470546	0	0
Incoming_partner_to_CD4	B	CX3C	1	0	0	0	0	0	0
Incoming_partner_to_CD4	B	XCR	2	0	0	0	0	0	0
Incoming_partner_to_CD4	B	IL2	8	0	0	0	0	0	0
Incoming_partner_to_CD4	B	IL4	10	0	0	0	0	0	0
Incoming_partner_to_CD4	B	IL6	3	0	0	0	0	0	0
Incoming_partner_to_CD4	B	IL12	3	0	0	0	0	0	0
Incoming_partner_to_CD4	B	LIFR	4	0	0	0	0	0	0
Incoming_partner_to_CD4	B	OSM	2	0	0	0	0	0	0
Incoming_partner_to_CD4	B	IL10	8	0	0	0	0	0	0
Incoming_partner_to_CD4	B	IL1	10	0	0	0	0	0	0
Incoming_partner_to_CD4	B	IL17	6	0	0	0	0	0	0
Incoming_partner_to_CD4	B	CSF	2	0	0	0	0	0	0
Incoming_partner_to_CD4	B	IL16	1	0.0423129121359127	0.0301435443343004	0.0121693678016123	0.0121693678016123	1	1
Incoming_partner_to_CD4	B	EPO	1	0	0	0	0	0	0
Incoming_partner_to_CD4	B	GH	2	0	0	0	0	0	0
Incoming_partner_to_CD4	B	PRL	1	0	0	0	0	0	0
Incoming_partner_to_CD4	B	CSF3	1	0	0	0	0	0	0
Incoming_partner_to_CD4	B	IFN-I	17	0	0	0	0	0	0
Incoming_partner_to_CD4	B	IFN-II	1	0	0	0	0	0	0
Incoming_partner_to_CD4	B	TNF	2	0	0	0	0	0	0
Incoming_partner_to_CD4	B	LT	4	0	0	0	0	0	0
Incoming_partner_to_CD4	B	LIGHT	2	0	0	0	0	0	0
Incoming_partner_to_CD4	B	FASLG	1	0	0	0	0	0	0
Incoming_partner_to_CD4	B	VEGI	1	0	0	0	0	0	0
Incoming_partner_to_CD4	B	TRAIL	1	0	0	0	0	0	0
Incoming_partner_to_CD4	B	NGF	2	0	0	0	0	0	0
Incoming_partner_to_CD4	B	RANKL	2	0	0	0	0	0	0
Incoming_partner_to_CD4	B	TWEAK	1	0	0	0	0	0	0
Incoming_partner_to_CD4	B	CD70	1	0	0	0	0	0	0
Incoming_partner_to_CD4	B	CD30	1	0	0	0	0	0	0
Incoming_partner_to_CD4	B	CD137	1	0	0	0	0	0	0
Incoming_partner_to_CD4	B	OX40	1	0	0	0	0	0	0
Incoming_partner_to_CD4	B	GITRL	1	0	0	0	0	0	0
Incoming_partner_to_CD4	B	APRIL	2	0	0	0	0	0	0
Incoming_partner_to_CD4	B	BAFF	3	0	0	0	0	0	0
Incoming_partner_to_CD4	B	CD40	4	0	0	0	0	0	0
Incoming_partner_to_CD4	B	SPP1	9	0	0	0	0	0	0
Incoming_partner_to_CD4	B	ADIPONECTIN	2	0	0	0	0	0	0
Incoming_partner_to_CD4	B	RESISTIN	2	0	0	0	0	0	0
Incoming_partner_to_CD4	B	VISFATIN	1	0	0	0	0	0	0
Incoming_partner_to_CD4	B	ANGPTL	15	0	0	0	0	0	0
Incoming_partner_to_CD4	B	ANGPT	2	0	0	0	0	0	0
Incoming_partner_to_CD4	B	MK	9	0	0	0	0	0	0
Incoming_partner_to_CD4	B	PTN	8	0	0	0	0	0	0
Incoming_partner_to_CD4	B	PERIOSTIN	2	0	0	0	0	0	0
Incoming_partner_to_CD4	B	AGT	3	0	0	0	0	0	0
Incoming_partner_to_CD4	B	GPR	2	0	0	0	0	0	0
Incoming_partner_to_CD4	B	BRADYKININ	2	0	0	0	0	0	0
Incoming_partner_to_CD4	B	COMPLEMENT	7	0	0	0	0	0	0
Incoming_partner_to_CD4	B	EDN	5	0	0	0	0	0	0
Incoming_partner_to_CD4	B	GALANIN	6	0	0	0	0	0	0
Incoming_partner_to_CD4	B	GHRELIN	1	0	0	0	0	0	0
Incoming_partner_to_CD4	B	MELANOCORTIN	5	0	0	0	0	0	0
Incoming_partner_to_CD4	B	NMU	2	0	0	0	0	0	0
Incoming_partner_to_CD4	B	NPFF	2	0	0	0	0	0	0
Incoming_partner_to_CD4	B	NPY	16	0	0	0	0	0	0
Incoming_partner_to_CD4	B	NPW-B	2	0	0	0	0	0	0
Incoming_partner_to_CD4	B	NTS	3	0	0	0	0	0	0
Incoming_partner_to_CD4	B	OPIOID	12	0	0	0	0	0	0
Incoming_partner_to_CD4	B	HCRT	1	0	0	0	0	0	0
Incoming_partner_to_CD4	B	OXT	1	0	0	0	0	0	0
Incoming_partner_to_CD4	B	SOMATOSTATIN	7	0	0	0	0	0	0
Incoming_partner_to_CD4	B	TAC	4	0	0	0	0	0	0
Incoming_partner_to_CD4	B	UTS2	1	0	0	0	0	0	0
Incoming_partner_to_CD4	B	PARs	29	0	0	0	0	0	0
Incoming_partner_to_CD4	B	PMCH	2	0	0	0	0	0	0
Incoming_partner_to_CD4	B	PROK	4	0	0	0	0	0	0
Incoming_partner_to_CD4	B	NPR1	1	0	0	0	0	0	0
Incoming_partner_to_CD4	B	NPR2	1	0	0	0	0	0	0
Incoming_partner_to_CD4	B	KIT	1	0	0	0	0	0	0
Incoming_partner_to_CD4	B	GIPR	1	0	0	0	0	0	0
Incoming_partner_to_CD4	B	FSH	2	0	0	0	0	0	0
Incoming_partner_to_CD4	B	TSH	2	0	0	0	0	0	0
Incoming_partner_to_CD4	B	NT	9	0	0	0	0	0	0
Incoming_partner_to_CD4	B	FLT3	1	0	0	0	0	0	0
Incoming_partner_to_CD4	B	HGF	1	0	0	0	0	0	0
Incoming_partner_to_CD4	B	SEMA3	39	0	0	0	0	0	0
Incoming_partner_to_CD4	B	CALCR	8	0	0	0	0	0	0
Incoming_partner_to_CD4	B	ANNEXIN	6	0	0	0	0	0	0
Incoming_partner_to_CD4	B	CRH	1	0	0	0	0	0	0
Incoming_partner_to_CD4	B	ENHO	1	0	0	0	0	0	0
Incoming_partner_to_CD4	B	GAS	3	0	0	0	0	0	0
Incoming_partner_to_CD4	B	GCG	3	0	0	0	0	0	0
Incoming_partner_to_CD4	B	GHRH	4	0	0	0	0	0	0
Incoming_partner_to_CD4	B	GNRH	1	0	0	0	0	0	0
Incoming_partner_to_CD4	B	GRN	1	0	0	0	0	0	0
Incoming_partner_to_CD4	B	GUCA	2	0	0	0	0	0	0
Incoming_partner_to_CD4	B	RLN	16	0	0	0	0	0	0
Incoming_partner_to_CD4	B	LEP	1	0	0	0	0	0	0
Incoming_partner_to_CD4	B	GALECTIN	5	0.207730846621301	0.207024039257145	0.000706807364155487	0.000141361472831097	4	4
Incoming_partner_to_CD4	B	NPVF	1	0	0	0	0	0	0
Incoming_partner_to_CD4	B	PROS	3	0	0	0	0	0	0
Incoming_partner_to_CD4	B	PSAP	2	0	0	0	0	0	0
Incoming_partner_to_CD4	B	PTH	3	0	0	0	0	0	0
Incoming_partner_to_CD4	B	QRFP	1	0	0	0	0	0	0
Incoming_partner_to_CD4	B	CHEMERIN	2	0	0	0	0	0	0
Incoming_partner_to_CD4	B	SAA	1	0	0	0	0	0	0
Incoming_partner_to_CD4	B	UGRP1	1	0	0	0	0	0	0
Incoming_partner_to_CD4	B	SCT	1	0	0	0	0	0	0
Incoming_partner_to_CD4	B	SLURP	16	0	0	0	0	0	0
Incoming_partner_to_CD4	B	BTLA	1	0.00751985177966206	0.00751329347304838	6.55830661368002e-06	6.55830661368002e-06	1	1
Incoming_partner_to_CD4	B	TRH	1	0	0	0	0	0	0
Incoming_partner_to_CD4	B	UCN	4	0	0	0	0	0	0
Incoming_partner_to_CD4	B	UROTENSIN	2	0	0	0	0	0	0
Incoming_partner_to_CD4	B	BAG	1	0	0	0	0	0	0
Incoming_partner_to_CD4	B	KLK	12	0	0	0	0	0	0
Incoming_partner_to_CD4	B	ADM	6	0	0	0	0	0	0
Incoming_partner_to_CD4	B	CALC	12	0	0	0	0	0	0
Incoming_partner_to_CD4	B	IAPP	6	0	0	0	0	0	0
Incoming_partner_to_CD4	B	PROCR	2	0	0	0	0	0	0
Incoming_partner_to_CD4	B	CTSG	1	0	0	0	0	0	0
Incoming_partner_to_CD4	B	GRP	1	0	0	0	0	0	0
Incoming_partner_to_CD4	B	PTPR	11	0	0	0	0	0	0
Incoming_partner_to_CD4	B	SLITRK	8	0	0	0	0	0	0
Incoming_partner_to_CD4	B	IGFBP	1	0	0	0	0	0	0
Incoming_partner_to_CD4	B	CypA	1	0.0901906738268028	0.0887375731848738	0.001453100641929	0.001453100641929	0	0
Incoming_partner_to_CD4	B	PROC	1	0	0	0	0	0	0
Incoming_partner_to_CD4	B	MHC-I	41	2.02139168144411	2.2930805096703	-0.271688828226184	-0.00662655678600448	7	7
Incoming_partner_to_CD4	B	RBP4	1	0	0	0	0	0	0
Incoming_partner_to_CD4	B	SLIT	3	0	0	0	0	0	0
Incoming_partner_to_CD4	B	TULP	5	0	0	0	0	0	0
Incoming_partner_to_CD4	B	PLAU	1	0	0	0	0	0	0
Incoming_partner_to_CD4	B	COLLAGEN	187	0	0	0	0	0	0
Incoming_partner_to_CD4	B	FN1	13	0	0	0	0	0	0
Incoming_partner_to_CD4	B	LAMININ	139	0	0	0	0	0	0
Incoming_partner_to_CD4	B	CHAD	1	0	0	0	0	0	0
Incoming_partner_to_CD4	B	RELN	3	0	0	0	0	0	0
Incoming_partner_to_CD4	B	THBS	30	0	0	0	0	0	0
Incoming_partner_to_CD4	B	VTN	7	0	0	0	0	0	0
Incoming_partner_to_CD4	B	TENASCIN	28	0	0	0	0	0	0
Incoming_partner_to_CD4	B	NPNT	2	0	0	0	0	0	0
Incoming_partner_to_CD4	B	DSPP	2	0	0	0	0	0	0
Incoming_partner_to_CD4	B	VWF	3	0	0	0	0	0	0
Incoming_partner_to_CD4	B	BSP	2	0	0	0	0	0	0
Incoming_partner_to_CD4	B	DMP1	1	0	0	0	0	0	0
Incoming_partner_to_CD4	B	AGRN	1	0	0	0	0	0	0
Incoming_partner_to_CD4	B	HSPG	1	0	0	0	0	0	0
Incoming_partner_to_CD4	B	APP	4	0	0	0	0	0	0
Incoming_partner_to_CD4	B	CADM	6	0	0	0	0	0	0
Incoming_partner_to_CD4	B	CD23	4	0	0	0	0	0	0
Incoming_partner_to_CD4	B	CD34	1	0	0	0	0	0	0
Incoming_partner_to_CD4	B	CD39	4	0	0	0	0	0	0
Incoming_partner_to_CD4	B	CD45	2	0	0	0	0	0	0
Incoming_partner_to_CD4	B	CD46	1	0	0	0	0	0	0
Incoming_partner_to_CD4	B	CD48	1	0	0	0	0	0	0
Incoming_partner_to_CD4	B	CD6	1	0	0	0	0	0	0
Incoming_partner_to_CD4	B	CD80	3	0	0	0	0	0	0
Incoming_partner_to_CD4	B	CD86	2	0	0	0	0	0	0
Incoming_partner_to_CD4	B	CD96	1	0	0	0	0	0	0
Incoming_partner_to_CD4	B	CD99	4	0.0626835251630162	0.0654980258395232	-0.00281450067650706	-0.000703625169126764	0	0
Incoming_partner_to_CD4	B	CDH	4	0	0	0	0	0	0
Incoming_partner_to_CD4	B	CDH1	3	0	0	0	0	0	0
Incoming_partner_to_CD4	B	CEACAM	7	0	0	0	0	0	0
Incoming_partner_to_CD4	B	CLDN	4	0	0	0	0	0	0
Incoming_partner_to_CD4	B	CLEC	6	0	0	0	0	0	0
Incoming_partner_to_CD4	B	CNTN	7	0	0	0	0	0	0
Incoming_partner_to_CD4	B	CSPG4	1	0	0	0	0	0	0
Incoming_partner_to_CD4	B	DESMOSOME	11	0	0	0	0	0	0
Incoming_partner_to_CD4	B	EPGN	1	0	0	0	0	0	0
Incoming_partner_to_CD4	B	EPHA	32	0	0	0	0	0	0
Incoming_partner_to_CD4	B	EPHB	16	0	0	0	0	0	0
Incoming_partner_to_CD4	B	ESAM	1	0	0	0	0	0	0
Incoming_partner_to_CD4	B	GP1BA	1	0	0	0	0	0	0
Incoming_partner_to_CD4	B	ICAM	8	0	0	0	0	0	0
Incoming_partner_to_CD4	B	ICOS	3	0	0	0	0	0	0
Incoming_partner_to_CD4	B	JAM	10	0	0	0	0	0	0
Incoming_partner_to_CD4	B	L1CAM	3	0	0	0	0	0	0
Incoming_partner_to_CD4	B	LCK	1	0	0	0	0	0	0
Incoming_partner_to_CD4	B	MADCAM	1	0	0	0	0	0	0
Incoming_partner_to_CD4	B	MHC-II	12	0.985333008947999	0.712612788567158	0.272720220380841	0.0227266850317368	12	12
Incoming_partner_to_CD4	B	MPZ	3	0	0	0	0	0	0
Incoming_partner_to_CD4	B	NCAM	5	0	0	0	0	0	0
Incoming_partner_to_CD4	B	NEGR	1	0	0	0	0	0	0
Incoming_partner_to_CD4	B	NGL	3	0	0	0	0	0	0
Incoming_partner_to_CD4	B	NOTCH	24	0	0	0	0	0	0
Incoming_partner_to_CD4	B	NRXN	24	0	0	0	0	0	0
Incoming_partner_to_CD4	B	PD-L1	1	0	0	0	0	0	0
Incoming_partner_to_CD4	B	PDL2	1	0	0	0	0	0	0
Incoming_partner_to_CD4	B	PTPRM	1	0	0	0	0	0	0
Incoming_partner_to_CD4	B	PVR	2	0	0	0	0	0	0
Incoming_partner_to_CD4	B	SELE	2	0	0	0	0	0	0
Incoming_partner_to_CD4	B	SELL	4	0	0	0	0	0	0
Incoming_partner_to_CD4	B	SELPLG	3	0	0	0	0	0	0
Incoming_partner_to_CD4	B	SEMA4	13	0	0	0	0	0	0
Incoming_partner_to_CD4	B	SEMA5	5	0	0	0	0	0	0
Incoming_partner_to_CD4	B	SEMA6	7	0	0	0	0	0	0
Incoming_partner_to_CD4	B	SEMA7	2	0	0	0	0	0	0
Incoming_partner_to_CD4	B	SN	1	0	0	0	0	0	0
Incoming_partner_to_CD4	B	THY1	3	0	0	0	0	0	0
Incoming_partner_to_CD4	B	VCAM	4	0	0	0	0	0	0
Incoming_partner_to_CD4	B	GAP	4	0	0	0	0	0	0
Incoming_partner_to_CD4	B	PCDH	27	0	0	0	0	0	0
Incoming_partner_to_CD4	B	FLRT	1	0	0	0	0	0	0
Incoming_partner_to_CD4	B	UNC5	12	0	0	0	0	0	0
Incoming_partner_to_CD4	B	ApoA	4	0	0	0	0	0	0
Incoming_partner_to_CD4	B	ApoB	2	0	0	0	0	0	0
Incoming_partner_to_CD4	B	ApoE	1	0	0	0	0	0	0
Incoming_partner_to_CD4	B	CD160	1	0	0	0	0	0	0
Incoming_partner_to_CD4	B	CD276	1	0	0	0	0	0	0
Incoming_partner_to_CD4	B	LAIR1	1	0	0	0	0	0	0
Incoming_partner_to_CD4	B	MMP	1	0	0	0	0	0	0
Incoming_partner_to_CD4	B	Netrin	8	0	0	0	0	0	0
Incoming_partner_to_CD4	B	CD200	1	0	0	0	0	0	0
Incoming_partner_to_CD4	B	SIRP	1	0	0	0	0	0	0
Outgoing_CD4_to_partner	CD8T	TGFb	12	0	0	0	0	0	0
Outgoing_CD4_to_partner	CD8T	BMP	75	0	0	0	0	0	0
Outgoing_CD4_to_partner	CD8T	BMP10	4	0	0	0	0	0	0
Outgoing_CD4_to_partner	CD8T	GDF	6	0	0	0	0	0	0
Outgoing_CD4_to_partner	CD8T	MSTN	4	0	0	0	0	0	0
Outgoing_CD4_to_partner	CD8T	AMH	2	0	0	0	0	0	0
Outgoing_CD4_to_partner	CD8T	GDNF	5	0	0	0	0	0	0
Outgoing_CD4_to_partner	CD8T	NODAL	12	0	0	0	0	0	0
Outgoing_CD4_to_partner	CD8T	ACTIVIN	20	0	0	0	0	0	0
Outgoing_CD4_to_partner	CD8T	WNT	320	0	0	0	0	0	0
Outgoing_CD4_to_partner	CD8T	ncWNT	31	0	0	0	0	0	0
Outgoing_CD4_to_partner	CD8T	EGF	18	0	0	0	0	0	0
Outgoing_CD4_to_partner	CD8T	NRG	13	0	0	0	0	0	0
Outgoing_CD4_to_partner	CD8T	FGF	46	0	0	0	0	0	0
Outgoing_CD4_to_partner	CD8T	PDGF	6	0	0	0	0	0	0
Outgoing_CD4_to_partner	CD8T	VEGF	8	0	0	0	0	0	0
Outgoing_CD4_to_partner	CD8T	IGF	8	0	0	0	0	0	0
Outgoing_CD4_to_partner	CD8T	INSULIN	1	0	0	0	0	0	0
Outgoing_CD4_to_partner	CD8T	HH	6	0	0	0	0	0	0
Outgoing_CD4_to_partner	CD8T	CCL	55	0.0906920780858288	0.0929794600375692	-0.00228738195174032	-4.15887627589149e-05	2	2
Outgoing_CD4_to_partner	CD8T	CXCL	22	0.0216774344008877	0	0.0216774344008877	0.000985337927313078	1	0
Outgoing_CD4_to_partner	CD8T	MIF	4	0.529061394075273	0.482774743231116	0.0462866508441571	0.0115716627110393	2	0
Outgoing_CD4_to_partner	CD8T	CX3C	1	0	0	0	0	0	0
Outgoing_CD4_to_partner	CD8T	XCR	2	0	0	0	0	0	0
Outgoing_CD4_to_partner	CD8T	IL2	8	0	0	0	0	0	0
Outgoing_CD4_to_partner	CD8T	IL4	10	0	0	0	0	0	0
Outgoing_CD4_to_partner	CD8T	IL6	3	0	0	0	0	0	0
Outgoing_CD4_to_partner	CD8T	IL12	3	0	0	0	0	0	0
Outgoing_CD4_to_partner	CD8T	LIFR	4	0	0	0	0	0	0
Outgoing_CD4_to_partner	CD8T	OSM	2	0	0	0	0	0	0
Outgoing_CD4_to_partner	CD8T	IL10	8	0	0	0	0	0	0
Outgoing_CD4_to_partner	CD8T	IL1	10	0	0	0	0	0	0
Outgoing_CD4_to_partner	CD8T	IL17	6	0	0	0	0	0	0
Outgoing_CD4_to_partner	CD8T	CSF	2	0	0	0	0	0	0
Outgoing_CD4_to_partner	CD8T	IL16	1	0	0	0	0	0	0
Outgoing_CD4_to_partner	CD8T	EPO	1	0	0	0	0	0	0
Outgoing_CD4_to_partner	CD8T	GH	2	0	0	0	0	0	0
Outgoing_CD4_to_partner	CD8T	PRL	1	0	0	0	0	0	0
Outgoing_CD4_to_partner	CD8T	CSF3	1	0	0	0	0	0	0
Outgoing_CD4_to_partner	CD8T	IFN-I	17	0	0	0	0	0	0
Outgoing_CD4_to_partner	CD8T	IFN-II	1	0	0	0	0	0	0
Outgoing_CD4_to_partner	CD8T	TNF	2	0	0	0	0	0	0
Outgoing_CD4_to_partner	CD8T	LT	4	0	0	0	0	0	0
Outgoing_CD4_to_partner	CD8T	LIGHT	2	0	0	0	0	0	0
Outgoing_CD4_to_partner	CD8T	FASLG	1	0	0	0	0	0	0
Outgoing_CD4_to_partner	CD8T	VEGI	1	0	0	0	0	0	0
Outgoing_CD4_to_partner	CD8T	TRAIL	1	0	0	0	0	0	0
Outgoing_CD4_to_partner	CD8T	NGF	2	0	0	0	0	0	0
Outgoing_CD4_to_partner	CD8T	RANKL	2	0	0	0	0	0	0
Outgoing_CD4_to_partner	CD8T	TWEAK	1	0	0	0	0	0	0
Outgoing_CD4_to_partner	CD8T	CD70	1	0	0	0	0	0	0
Outgoing_CD4_to_partner	CD8T	CD30	1	0	0	0	0	0	0
Outgoing_CD4_to_partner	CD8T	CD137	1	0	0.00145119769248675	-0.00145119769248675	-0.00145119769248675	0	1
Outgoing_CD4_to_partner	CD8T	OX40	1	0	0	0	0	0	0
Outgoing_CD4_to_partner	CD8T	GITRL	1	0	0	0	0	0	0
Outgoing_CD4_to_partner	CD8T	APRIL	2	0	0	0	0	0	0
Outgoing_CD4_to_partner	CD8T	BAFF	3	0	0	0	0	0	0
Outgoing_CD4_to_partner	CD8T	CD40	4	0	0	0	0	0	0
Outgoing_CD4_to_partner	CD8T	SPP1	9	0	0	0	0	0	0
Outgoing_CD4_to_partner	CD8T	ADIPONECTIN	2	0	0	0	0	0	0
Outgoing_CD4_to_partner	CD8T	RESISTIN	2	0	0	0	0	0	0
Outgoing_CD4_to_partner	CD8T	VISFATIN	1	0	0	0	0	0	0
Outgoing_CD4_to_partner	CD8T	ANGPTL	15	0	0	0	0	0	0
Outgoing_CD4_to_partner	CD8T	ANGPT	2	0	0	0	0	0	0
Outgoing_CD4_to_partner	CD8T	MK	9	0	0	0	0	0	0
Outgoing_CD4_to_partner	CD8T	PTN	8	0	0	0	0	0	0
Outgoing_CD4_to_partner	CD8T	PERIOSTIN	2	0	0	0	0	0	0
Outgoing_CD4_to_partner	CD8T	AGT	3	0	0	0	0	0	0
Outgoing_CD4_to_partner	CD8T	GPR	2	0	0	0	0	0	0
Outgoing_CD4_to_partner	CD8T	BRADYKININ	2	0	0	0	0	0	0
Outgoing_CD4_to_partner	CD8T	COMPLEMENT	7	0	0	0	0	0	0
Outgoing_CD4_to_partner	CD8T	EDN	5	0	0	0	0	0	0
Outgoing_CD4_to_partner	CD8T	GALANIN	6	0	0	0	0	0	0
Outgoing_CD4_to_partner	CD8T	GHRELIN	1	0	0	0	0	0	0
Outgoing_CD4_to_partner	CD8T	MELANOCORTIN	5	0	0	0	0	0	0
Outgoing_CD4_to_partner	CD8T	NMU	2	0	0	0	0	0	0
Outgoing_CD4_to_partner	CD8T	NPFF	2	0	0	0	0	0	0
Outgoing_CD4_to_partner	CD8T	NPY	16	0	0	0	0	0	0
Outgoing_CD4_to_partner	CD8T	NPW-B	2	0	0	0	0	0	0
Outgoing_CD4_to_partner	CD8T	NTS	3	0	0	0	0	0	0
Outgoing_CD4_to_partner	CD8T	OPIOID	12	0	0	0	0	0	0
Outgoing_CD4_to_partner	CD8T	HCRT	1	0	0	0	0	0	0
Outgoing_CD4_to_partner	CD8T	OXT	1	0	0	0	0	0	0
Outgoing_CD4_to_partner	CD8T	SOMATOSTATIN	7	0	0	0	0	0	0
Outgoing_CD4_to_partner	CD8T	TAC	4	0	0	0	0	0	0
Outgoing_CD4_to_partner	CD8T	UTS2	1	0	0	0	0	0	0
Outgoing_CD4_to_partner	CD8T	PARs	29	0.019041061924512	0.0233560803222385	-0.00431501839772646	-0.000148793737852637	1	1
Outgoing_CD4_to_partner	CD8T	PMCH	2	0	0	0	0	0	0
Outgoing_CD4_to_partner	CD8T	PROK	4	0	0	0	0	0	0
Outgoing_CD4_to_partner	CD8T	NPR1	1	0	0	0	0	0	0
Outgoing_CD4_to_partner	CD8T	NPR2	1	0	0	0	0	0	0
Outgoing_CD4_to_partner	CD8T	KIT	1	0	0	0	0	0	0
Outgoing_CD4_to_partner	CD8T	GIPR	1	0	0	0	0	0	0
Outgoing_CD4_to_partner	CD8T	FSH	2	0	0	0	0	0	0
Outgoing_CD4_to_partner	CD8T	TSH	2	0	0	0	0	0	0
Outgoing_CD4_to_partner	CD8T	NT	9	0	0	0	0	0	0
Outgoing_CD4_to_partner	CD8T	FLT3	1	0	0	0	0	0	0
Outgoing_CD4_to_partner	CD8T	HGF	1	0	0	0	0	0	0
Outgoing_CD4_to_partner	CD8T	SEMA3	39	0	0	0	0	0	0
Outgoing_CD4_to_partner	CD8T	CALCR	8	0	0	0	0	0	0
Outgoing_CD4_to_partner	CD8T	ANNEXIN	6	0	0	0	0	0	0
Outgoing_CD4_to_partner	CD8T	CRH	1	0	0	0	0	0	0
Outgoing_CD4_to_partner	CD8T	ENHO	1	0	0	0	0	0	0
Outgoing_CD4_to_partner	CD8T	GAS	3	0	0	0	0	0	0
Outgoing_CD4_to_partner	CD8T	GCG	3	0	0	0	0	0	0
Outgoing_CD4_to_partner	CD8T	GHRH	4	0	0	0	0	0	0
Outgoing_CD4_to_partner	CD8T	GNRH	1	0	0	0	0	0	0
Outgoing_CD4_to_partner	CD8T	GRN	1	0	0	0	0	0	0
Outgoing_CD4_to_partner	CD8T	GUCA	2	0	0	0	0	0	0
Outgoing_CD4_to_partner	CD8T	RLN	16	0	0	0	0	0	0
Outgoing_CD4_to_partner	CD8T	LEP	1	0	0	0	0	0	0
Outgoing_CD4_to_partner	CD8T	GALECTIN	5	0	0	0	0	0	0
Outgoing_CD4_to_partner	CD8T	NPVF	1	0	0	0	0	0	0
Outgoing_CD4_to_partner	CD8T	PROS	3	0	0	0	0	0	0
Outgoing_CD4_to_partner	CD8T	PSAP	2	0	0	0	0	0	0
Outgoing_CD4_to_partner	CD8T	PTH	3	0	0	0	0	0	0
Outgoing_CD4_to_partner	CD8T	QRFP	1	0	0	0	0	0	0
Outgoing_CD4_to_partner	CD8T	CHEMERIN	2	0	0	0	0	0	0
Outgoing_CD4_to_partner	CD8T	SAA	1	0	0	0	0	0	0
Outgoing_CD4_to_partner	CD8T	UGRP1	1	0	0	0	0	0	0
Outgoing_CD4_to_partner	CD8T	SCT	1	0	0	0	0	0	0
Outgoing_CD4_to_partner	CD8T	SLURP	16	0	0	0	0	0	0
Outgoing_CD4_to_partner	CD8T	BTLA	1	0	0	0	0	0	0
Outgoing_CD4_to_partner	CD8T	TRH	1	0	0	0	0	0	0
Outgoing_CD4_to_partner	CD8T	UCN	4	0	0	0	0	0	0
Outgoing_CD4_to_partner	CD8T	UROTENSIN	2	0	0	0	0	0	0
Outgoing_CD4_to_partner	CD8T	BAG	1	0	0	0	0	0	0
Outgoing_CD4_to_partner	CD8T	KLK	12	0	0	0	0	0	0
Outgoing_CD4_to_partner	CD8T	ADM	6	0	0	0	0	0	0
Outgoing_CD4_to_partner	CD8T	CALC	12	0	0	0	0	0	0
Outgoing_CD4_to_partner	CD8T	IAPP	6	0	0	0	0	0	0
Outgoing_CD4_to_partner	CD8T	PROCR	2	0	0	0	0	0	0
Outgoing_CD4_to_partner	CD8T	CTSG	1	0	0	0	0	0	0
Outgoing_CD4_to_partner	CD8T	GRP	1	0	0	0	0	0	0
Outgoing_CD4_to_partner	CD8T	PTPR	11	0	0	0	0	0	0
Outgoing_CD4_to_partner	CD8T	SLITRK	8	0	0	0	0	0	0
Outgoing_CD4_to_partner	CD8T	IGFBP	1	0	0	0	0	0	0
Outgoing_CD4_to_partner	CD8T	CypA	1	0.0900053630235931	0.0894307190579281	0.000574643965664992	0.000574643965664992	0	0
Outgoing_CD4_to_partner	CD8T	PROC	1	0	0	0	0	0	0
Outgoing_CD4_to_partner	CD8T	MHC-I	41	3.68713537106786	3.68829582144435	-0.0011604503764911	-2.8303667719295e-05	13	13
Outgoing_CD4_to_partner	CD8T	RBP4	1	0	0	0	0	0	0
Outgoing_CD4_to_partner	CD8T	SLIT	3	0	0	0	0	0	0
Outgoing_CD4_to_partner	CD8T	TULP	5	0	0	0	0	0	0
Outgoing_CD4_to_partner	CD8T	PLAU	1	0	0	0	0	0	0
Outgoing_CD4_to_partner	CD8T	COLLAGEN	187	0	0	0	0	0	0
Outgoing_CD4_to_partner	CD8T	FN1	13	0	0	0	0	0	0
Outgoing_CD4_to_partner	CD8T	LAMININ	139	0	0	0	0	0	0
Outgoing_CD4_to_partner	CD8T	CHAD	1	0	0	0	0	0	0
Outgoing_CD4_to_partner	CD8T	RELN	3	0	0	0	0	0	0
Outgoing_CD4_to_partner	CD8T	THBS	30	0	0	0	0	0	0
Outgoing_CD4_to_partner	CD8T	VTN	7	0	0	0	0	0	0
Outgoing_CD4_to_partner	CD8T	TENASCIN	28	0	0	0	0	0	0
Outgoing_CD4_to_partner	CD8T	NPNT	2	0	0	0	0	0	0
Outgoing_CD4_to_partner	CD8T	DSPP	2	0	0	0	0	0	0
Outgoing_CD4_to_partner	CD8T	VWF	3	0	0	0	0	0	0
Outgoing_CD4_to_partner	CD8T	BSP	2	0	0	0	0	0	0
Outgoing_CD4_to_partner	CD8T	DMP1	1	0	0	0	0	0	0
Outgoing_CD4_to_partner	CD8T	AGRN	1	0	0	0	0	0	0
Outgoing_CD4_to_partner	CD8T	HSPG	1	0	0	0	0	0	0
Outgoing_CD4_to_partner	CD8T	APP	4	0	0	0	0	0	0
Outgoing_CD4_to_partner	CD8T	CADM	6	0	0	0	0	0	0
Outgoing_CD4_to_partner	CD8T	CD23	4	0	0	0	0	0	0
Outgoing_CD4_to_partner	CD8T	CD34	1	0	0	0	0	0	0
Outgoing_CD4_to_partner	CD8T	CD39	4	0	0	0	0	0	0
Outgoing_CD4_to_partner	CD8T	CD45	2	0	0	0	0	0	0
Outgoing_CD4_to_partner	CD8T	CD46	1	0	0	0	0	0	0
Outgoing_CD4_to_partner	CD8T	CD48	1	0	0	0	0	0	0
Outgoing_CD4_to_partner	CD8T	CD6	1	0	0	0	0	0	0
Outgoing_CD4_to_partner	CD8T	CD80	3	0	0	0	0	0	0
Outgoing_CD4_to_partner	CD8T	CD86	2	0	0	0	0	0	0
Outgoing_CD4_to_partner	CD8T	CD96	1	0	0	0	0	0	0
Outgoing_CD4_to_partner	CD8T	CD99	4	0.196225008071659	0.197601533193145	-0.00137652512148589	-0.000344131280371472	2	2
Outgoing_CD4_to_partner	CD8T	CDH	4	0	0	0	0	0	0
Outgoing_CD4_to_partner	CD8T	CDH1	3	0	0	0	0	0	0
Outgoing_CD4_to_partner	CD8T	CEACAM	7	0	0	0	0	0	0
Outgoing_CD4_to_partner	CD8T	CLDN	4	0	0	0	0	0	0
Outgoing_CD4_to_partner	CD8T	CLEC	6	0	0	0	0	0	0
Outgoing_CD4_to_partner	CD8T	CNTN	7	0	0	0	0	0	0
Outgoing_CD4_to_partner	CD8T	CSPG4	1	0	0	0	0	0	0
Outgoing_CD4_to_partner	CD8T	DESMOSOME	11	0	0	0	0	0	0
Outgoing_CD4_to_partner	CD8T	EPGN	1	0	0	0	0	0	0
Outgoing_CD4_to_partner	CD8T	EPHA	32	0	0	0	0	0	0
Outgoing_CD4_to_partner	CD8T	EPHB	16	0	0	0	0	0	0
Outgoing_CD4_to_partner	CD8T	ESAM	1	0	0	0	0	0	0
Outgoing_CD4_to_partner	CD8T	GP1BA	1	0	0	0	0	0	0
Outgoing_CD4_to_partner	CD8T	ICAM	8	0	0	0	0	0	0
Outgoing_CD4_to_partner	CD8T	ICOS	3	0	0	0	0	0	0
Outgoing_CD4_to_partner	CD8T	JAM	10	0	0	0	0	0	0
Outgoing_CD4_to_partner	CD8T	L1CAM	3	0	0	0	0	0	0
Outgoing_CD4_to_partner	CD8T	LCK	1	0.22823145089666	0.227303687862788	0.000927763033871876	0.000927763033871876	1	1
Outgoing_CD4_to_partner	CD8T	MADCAM	1	0	0	0	0	0	0
Outgoing_CD4_to_partner	CD8T	MHC-II	12	0	0	0	0	0	0
Outgoing_CD4_to_partner	CD8T	MPZ	3	0	0	0	0	0	0
Outgoing_CD4_to_partner	CD8T	NCAM	5	0	0	0	0	0	0
Outgoing_CD4_to_partner	CD8T	NEGR	1	0	0	0	0	0	0
Outgoing_CD4_to_partner	CD8T	NGL	3	0	0	0	0	0	0
Outgoing_CD4_to_partner	CD8T	NOTCH	24	0	0	0	0	0	0
Outgoing_CD4_to_partner	CD8T	NRXN	24	0	0	0	0	0	0
Outgoing_CD4_to_partner	CD8T	PD-L1	1	0	0	0	0	0	0
Outgoing_CD4_to_partner	CD8T	PDL2	1	0	0	0	0	0	0
Outgoing_CD4_to_partner	CD8T	PTPRM	1	0	0	0	0	0	0
Outgoing_CD4_to_partner	CD8T	PVR	2	0	0	0	0	0	0
Outgoing_CD4_to_partner	CD8T	SELE	2	0	0	0	0	0	0
Outgoing_CD4_to_partner	CD8T	SELL	4	0	0	0	0	0	0
Outgoing_CD4_to_partner	CD8T	SELPLG	3	0	0	0	0	0	0
Outgoing_CD4_to_partner	CD8T	SEMA4	13	0	0	0	0	0	0
Outgoing_CD4_to_partner	CD8T	SEMA5	5	0	0	0	0	0	0
Outgoing_CD4_to_partner	CD8T	SEMA6	7	0	0	0	0	0	0
Outgoing_CD4_to_partner	CD8T	SEMA7	2	0	0	0	0	0	0
Outgoing_CD4_to_partner	CD8T	SN	1	0	0	0	0	0	0
Outgoing_CD4_to_partner	CD8T	THY1	3	0	0	0	0	0	0
Outgoing_CD4_to_partner	CD8T	VCAM	4	0	0	0	0	0	0
Outgoing_CD4_to_partner	CD8T	GAP	4	0	0	0	0	0	0
Outgoing_CD4_to_partner	CD8T	PCDH	27	0	0	0	0	0	0
Outgoing_CD4_to_partner	CD8T	FLRT	1	0	0	0	0	0	0
Outgoing_CD4_to_partner	CD8T	UNC5	12	0	0	0	0	0	0
Outgoing_CD4_to_partner	CD8T	ApoA	4	0	0	0	0	0	0
Outgoing_CD4_to_partner	CD8T	ApoB	2	0	0	0	0	0	0
Outgoing_CD4_to_partner	CD8T	ApoE	1	0	0	0	0	0	0
Outgoing_CD4_to_partner	CD8T	CD160	1	0	0	0	0	0	0
Outgoing_CD4_to_partner	CD8T	CD276	1	0	0	0	0	0	0
Outgoing_CD4_to_partner	CD8T	LAIR1	1	0	0	0	0	0	0
Outgoing_CD4_to_partner	CD8T	MMP	1	0	0	0	0	0	0
Outgoing_CD4_to_partner	CD8T	Netrin	8	0	0	0	0	0	0
Outgoing_CD4_to_partner	CD8T	CD200	1	0	0	0	0	0	0
Outgoing_CD4_to_partner	CD8T	SIRP	1	0.0537804129693935	0.0514590383088942	0.00232137466049933	0.00232137466049933	1	0
Incoming_partner_to_CD4	CD8T	TGFb	12	0	0	0	0	0	0
Incoming_partner_to_CD4	CD8T	BMP	75	0	0	0	0	0	0
Incoming_partner_to_CD4	CD8T	BMP10	4	0	0	0	0	0	0
Incoming_partner_to_CD4	CD8T	GDF	6	0	0	0	0	0	0
Incoming_partner_to_CD4	CD8T	MSTN	4	0	0	0	0	0	0
Incoming_partner_to_CD4	CD8T	AMH	2	0	0	0	0	0	0
Incoming_partner_to_CD4	CD8T	GDNF	5	0	0	0	0	0	0
Incoming_partner_to_CD4	CD8T	NODAL	12	0	0	0	0	0	0
Incoming_partner_to_CD4	CD8T	ACTIVIN	20	0	0	0	0	0	0
Incoming_partner_to_CD4	CD8T	WNT	320	0	0	0	0	0	0
Incoming_partner_to_CD4	CD8T	ncWNT	31	0	0	0	0	0	0
Incoming_partner_to_CD4	CD8T	EGF	18	0	0	0	0	0	0
Incoming_partner_to_CD4	CD8T	NRG	13	0	0	0	0	0	0
Incoming_partner_to_CD4	CD8T	FGF	46	0	0	0	0	0	0
Incoming_partner_to_CD4	CD8T	PDGF	6	0	0	0	0	0	0
Incoming_partner_to_CD4	CD8T	VEGF	8	0	0	0	0	0	0
Incoming_partner_to_CD4	CD8T	IGF	8	0	0	0	0	0	0
Incoming_partner_to_CD4	CD8T	INSULIN	1	0	0	0	0	0	0
Incoming_partner_to_CD4	CD8T	HH	6	0	0	0	0	0	0
Incoming_partner_to_CD4	CD8T	CCL	55	0.0883263862200577	0.150326655993542	-0.0620002697734847	-0.00112727763224518	1	3
Incoming_partner_to_CD4	CD8T	CXCL	22	0.0165328347825781	0.0163735972520575	0.000159237530520575	7.23806956911704e-06	1	1
Incoming_partner_to_CD4	CD8T	MIF	4	0.486368798739269	0.489136760218412	-0.0027679614791434	-0.000691990369785851	0	0
Incoming_partner_to_CD4	CD8T	CX3C	1	0	0	0	0	0	0
Incoming_partner_to_CD4	CD8T	XCR	2	0	0	0	0	0	0
Incoming_partner_to_CD4	CD8T	IL2	8	0	0	0	0	0	0
Incoming_partner_to_CD4	CD8T	IL4	10	0	0	0	0	0	0
Incoming_partner_to_CD4	CD8T	IL6	3	0	0	0	0	0	0
Incoming_partner_to_CD4	CD8T	IL12	3	0	0	0	0	0	0
Incoming_partner_to_CD4	CD8T	LIFR	4	0	0	0	0	0	0
Incoming_partner_to_CD4	CD8T	OSM	2	0	0	0	0	0	0
Incoming_partner_to_CD4	CD8T	IL10	8	0	0	0	0	0	0
Incoming_partner_to_CD4	CD8T	IL1	10	0	0	0	0	0	0
Incoming_partner_to_CD4	CD8T	IL17	6	0	0	0	0	0	0
Incoming_partner_to_CD4	CD8T	CSF	2	0	0	0	0	0	0
Incoming_partner_to_CD4	CD8T	IL16	1	0.0185796984025857	0.0131424299354334	0.00543726846715229	0.00543726846715229	1	1
Incoming_partner_to_CD4	CD8T	EPO	1	0	0	0	0	0	0
Incoming_partner_to_CD4	CD8T	GH	2	0	0	0	0	0	0
Incoming_partner_to_CD4	CD8T	PRL	1	0	0	0	0	0	0
Incoming_partner_to_CD4	CD8T	CSF3	1	0	0	0	0	0	0
Incoming_partner_to_CD4	CD8T	IFN-I	17	0	0	0	0	0	0
Incoming_partner_to_CD4	CD8T	IFN-II	1	0	0	0	0	0	0
Incoming_partner_to_CD4	CD8T	TNF	2	0	0	0	0	0	0
Incoming_partner_to_CD4	CD8T	LT	4	0	0	0	0	0	0
Incoming_partner_to_CD4	CD8T	LIGHT	2	0	0	0	0	0	0
Incoming_partner_to_CD4	CD8T	FASLG	1	0	0	0	0	0	0
Incoming_partner_to_CD4	CD8T	VEGI	1	0	0	0	0	0	0
Incoming_partner_to_CD4	CD8T	TRAIL	1	0	0	0	0	0	0
Incoming_partner_to_CD4	CD8T	NGF	2	0	0	0	0	0	0
Incoming_partner_to_CD4	CD8T	RANKL	2	0	0	0	0	0	0
Incoming_partner_to_CD4	CD8T	TWEAK	1	0	0	0	0	0	0
Incoming_partner_to_CD4	CD8T	CD70	1	0	0	0	0	0	0
Incoming_partner_to_CD4	CD8T	CD30	1	0	0	0	0	0	0
Incoming_partner_to_CD4	CD8T	CD137	1	0.000890658318469547	0	0.000890658318469547	0.000890658318469547	1	0
Incoming_partner_to_CD4	CD8T	OX40	1	0	0	0	0	0	0
Incoming_partner_to_CD4	CD8T	GITRL	1	0	0	0	0	0	0
Incoming_partner_to_CD4	CD8T	APRIL	2	0	0	0	0	0	0
Incoming_partner_to_CD4	CD8T	BAFF	3	0	0	0	0	0	0
Incoming_partner_to_CD4	CD8T	CD40	4	0	0	0	0	0	0
Incoming_partner_to_CD4	CD8T	SPP1	9	0	0	0	0	0	0
Incoming_partner_to_CD4	CD8T	ADIPONECTIN	2	0	0	0	0	0	0
Incoming_partner_to_CD4	CD8T	RESISTIN	2	0	0	0	0	0	0
Incoming_partner_to_CD4	CD8T	VISFATIN	1	0	0	0	0	0	0
Incoming_partner_to_CD4	CD8T	ANGPTL	15	0	0	0	0	0	0
Incoming_partner_to_CD4	CD8T	ANGPT	2	0	0	0	0	0	0
Incoming_partner_to_CD4	CD8T	MK	9	0	0	0	0	0	0
Incoming_partner_to_CD4	CD8T	PTN	8	0	0	0	0	0	0
Incoming_partner_to_CD4	CD8T	PERIOSTIN	2	0	0	0	0	0	0
Incoming_partner_to_CD4	CD8T	AGT	3	0	0	0	0	0	0
Incoming_partner_to_CD4	CD8T	GPR	2	0	0	0	0	0	0
Incoming_partner_to_CD4	CD8T	BRADYKININ	2	0	0	0	0	0	0
Incoming_partner_to_CD4	CD8T	COMPLEMENT	7	0	0	0	0	0	0
Incoming_partner_to_CD4	CD8T	EDN	5	0	0	0	0	0	0
Incoming_partner_to_CD4	CD8T	GALANIN	6	0	0	0	0	0	0
Incoming_partner_to_CD4	CD8T	GHRELIN	1	0	0	0	0	0	0
Incoming_partner_to_CD4	CD8T	MELANOCORTIN	5	0	0	0	0	0	0
Incoming_partner_to_CD4	CD8T	NMU	2	0	0	0	0	0	0
Incoming_partner_to_CD4	CD8T	NPFF	2	0	0	0	0	0	0
Incoming_partner_to_CD4	CD8T	NPY	16	0	0	0	0	0	0
Incoming_partner_to_CD4	CD8T	NPW-B	2	0	0	0	0	0	0
Incoming_partner_to_CD4	CD8T	NTS	3	0	0	0	0	0	0
Incoming_partner_to_CD4	CD8T	OPIOID	12	0	0	0	0	0	0
Incoming_partner_to_CD4	CD8T	HCRT	1	0	0	0	0	0	0
Incoming_partner_to_CD4	CD8T	OXT	1	0	0	0	0	0	0
Incoming_partner_to_CD4	CD8T	SOMATOSTATIN	7	0	0	0	0	0	0
Incoming_partner_to_CD4	CD8T	TAC	4	0	0	0	0	0	0
Incoming_partner_to_CD4	CD8T	UTS2	1	0	0	0	0	0	0
Incoming_partner_to_CD4	CD8T	PARs	29	0	0.00679058650323857	-0.00679058650323857	-0.000234158155284089	0	1
Incoming_partner_to_CD4	CD8T	PMCH	2	0	0	0	0	0	0
Incoming_partner_to_CD4	CD8T	PROK	4	0	0	0	0	0	0
Incoming_partner_to_CD4	CD8T	NPR1	1	0	0	0	0	0	0
Incoming_partner_to_CD4	CD8T	NPR2	1	0	0	0	0	0	0
Incoming_partner_to_CD4	CD8T	KIT	1	0	0	0	0	0	0
Incoming_partner_to_CD4	CD8T	GIPR	1	0	0	0	0	0	0
Incoming_partner_to_CD4	CD8T	FSH	2	0	0	0	0	0	0
Incoming_partner_to_CD4	CD8T	TSH	2	0	0	0	0	0	0
Incoming_partner_to_CD4	CD8T	NT	9	0	0	0	0	0	0
Incoming_partner_to_CD4	CD8T	FLT3	1	0	0	0	0	0	0
Incoming_partner_to_CD4	CD8T	HGF	1	0	0	0	0	0	0
Incoming_partner_to_CD4	CD8T	SEMA3	39	0	0	0	0	0	0
Incoming_partner_to_CD4	CD8T	CALCR	8	0	0	0	0	0	0
Incoming_partner_to_CD4	CD8T	ANNEXIN	6	0	0	0	0	0	0
Incoming_partner_to_CD4	CD8T	CRH	1	0	0	0	0	0	0
Incoming_partner_to_CD4	CD8T	ENHO	1	0	0	0	0	0	0
Incoming_partner_to_CD4	CD8T	GAS	3	0	0	0	0	0	0
Incoming_partner_to_CD4	CD8T	GCG	3	0	0	0	0	0	0
Incoming_partner_to_CD4	CD8T	GHRH	4	0	0	0	0	0	0
Incoming_partner_to_CD4	CD8T	GNRH	1	0	0	0	0	0	0
Incoming_partner_to_CD4	CD8T	GRN	1	0	0	0	0	0	0
Incoming_partner_to_CD4	CD8T	GUCA	2	0	0	0	0	0	0
Incoming_partner_to_CD4	CD8T	RLN	16	0	0	0	0	0	0
Incoming_partner_to_CD4	CD8T	LEP	1	0	0	0	0	0	0
Incoming_partner_to_CD4	CD8T	GALECTIN	5	0	0	0	0	0	0
Incoming_partner_to_CD4	CD8T	NPVF	1	0	0	0	0	0	0
Incoming_partner_to_CD4	CD8T	PROS	3	0	0	0	0	0	0
Incoming_partner_to_CD4	CD8T	PSAP	2	0	0	0	0	0	0
Incoming_partner_to_CD4	CD8T	PTH	3	0	0	0	0	0	0
Incoming_partner_to_CD4	CD8T	QRFP	1	0	0	0	0	0	0
Incoming_partner_to_CD4	CD8T	CHEMERIN	2	0	0	0	0	0	0
Incoming_partner_to_CD4	CD8T	SAA	1	0	0	0	0	0	0
Incoming_partner_to_CD4	CD8T	UGRP1	1	0	0	0	0	0	0
Incoming_partner_to_CD4	CD8T	SCT	1	0	0	0	0	0	0
Incoming_partner_to_CD4	CD8T	SLURP	16	0	0	0	0	0	0
Incoming_partner_to_CD4	CD8T	BTLA	1	0	0	0	0	0	0
Incoming_partner_to_CD4	CD8T	TRH	1	0	0	0	0	0	0
Incoming_partner_to_CD4	CD8T	UCN	4	0	0	0	0	0	0
Incoming_partner_to_CD4	CD8T	UROTENSIN	2	0	0	0	0	0	0
Incoming_partner_to_CD4	CD8T	BAG	1	0	0	0	0	0	0
Incoming_partner_to_CD4	CD8T	KLK	12	0	0	0	0	0	0
Incoming_partner_to_CD4	CD8T	ADM	6	0	0	0	0	0	0
Incoming_partner_to_CD4	CD8T	CALC	12	0	0	0	0	0	0
Incoming_partner_to_CD4	CD8T	IAPP	6	0	0	0	0	0	0
Incoming_partner_to_CD4	CD8T	PROCR	2	0	0	0	0	0	0
Incoming_partner_to_CD4	CD8T	CTSG	1	0	0	0	0	0	0
Incoming_partner_to_CD4	CD8T	GRP	1	0	0	0	0	0	0
Incoming_partner_to_CD4	CD8T	PTPR	11	0	0	0	0	0	0
Incoming_partner_to_CD4	CD8T	SLITRK	8	0	0	0	0	0	0
Incoming_partner_to_CD4	CD8T	IGFBP	1	0	0	0	0	0	0
Incoming_partner_to_CD4	CD8T	CypA	1	0.0905328659033691	0.0890747918277068	0.0014580740756623	0.0014580740756623	0	0
Incoming_partner_to_CD4	CD8T	PROC	1	0	0	0	0	0	0
Incoming_partner_to_CD4	CD8T	MHC-I	41	2.18455310664733	2.46658071816049	-0.282027611513155	-0.00687872223202816	12	12
Incoming_partner_to_CD4	CD8T	RBP4	1	0	0	0	0	0	0
Incoming_partner_to_CD4	CD8T	SLIT	3	0	0	0	0	0	0
Incoming_partner_to_CD4	CD8T	TULP	5	0	0	0	0	0	0
Incoming_partner_to_CD4	CD8T	PLAU	1	0	0	0	0	0	0
Incoming_partner_to_CD4	CD8T	COLLAGEN	187	0	0	0	0	0	0
Incoming_partner_to_CD4	CD8T	FN1	13	0	0	0	0	0	0
Incoming_partner_to_CD4	CD8T	LAMININ	139	0	0	0	0	0	0
Incoming_partner_to_CD4	CD8T	CHAD	1	0	0	0	0	0	0
Incoming_partner_to_CD4	CD8T	RELN	3	0	0	0	0	0	0
Incoming_partner_to_CD4	CD8T	THBS	30	0	0	0	0	0	0
Incoming_partner_to_CD4	CD8T	VTN	7	0	0	0	0	0	0
Incoming_partner_to_CD4	CD8T	TENASCIN	28	0	0	0	0	0	0
Incoming_partner_to_CD4	CD8T	NPNT	2	0	0	0	0	0	0
Incoming_partner_to_CD4	CD8T	DSPP	2	0	0	0	0	0	0
Incoming_partner_to_CD4	CD8T	VWF	3	0	0	0	0	0	0
Incoming_partner_to_CD4	CD8T	BSP	2	0	0	0	0	0	0
Incoming_partner_to_CD4	CD8T	DMP1	1	0	0	0	0	0	0
Incoming_partner_to_CD4	CD8T	AGRN	1	0	0	0	0	0	0
Incoming_partner_to_CD4	CD8T	HSPG	1	0	0	0	0	0	0
Incoming_partner_to_CD4	CD8T	APP	4	0	0	0	0	0	0
Incoming_partner_to_CD4	CD8T	CADM	6	0	0	0	0	0	0
Incoming_partner_to_CD4	CD8T	CD23	4	0	0	0	0	0	0
Incoming_partner_to_CD4	CD8T	CD34	1	0	0	0	0	0	0
Incoming_partner_to_CD4	CD8T	CD39	4	0	0	0	0	0	0
Incoming_partner_to_CD4	CD8T	CD45	2	0	0	0	0	0	0
Incoming_partner_to_CD4	CD8T	CD46	1	0	0	0	0	0	0
Incoming_partner_to_CD4	CD8T	CD48	1	0	0	0	0	0	0
Incoming_partner_to_CD4	CD8T	CD6	1	0	0	0	0	0	0
Incoming_partner_to_CD4	CD8T	CD80	3	0	0	0	0	0	0
Incoming_partner_to_CD4	CD8T	CD86	2	0	0	0	0	0	0
Incoming_partner_to_CD4	CD8T	CD96	1	0	0	0	0	0	0
Incoming_partner_to_CD4	CD8T	CD99	4	0.190187517980353	0.198827366007062	-0.00863984802670901	-0.00215996200667725	1	2
Incoming_partner_to_CD4	CD8T	CDH	4	0	0	0	0	0	0
Incoming_partner_to_CD4	CD8T	CDH1	3	0	0	0	0	0	0
Incoming_partner_to_CD4	CD8T	CEACAM	7	0	0	0	0	0	0
Incoming_partner_to_CD4	CD8T	CLDN	4	0	0	0	0	0	0
Incoming_partner_to_CD4	CD8T	CLEC	6	0	0	0	0	0	0
Incoming_partner_to_CD4	CD8T	CNTN	7	0	0	0	0	0	0
Incoming_partner_to_CD4	CD8T	CSPG4	1	0	0	0	0	0	0
Incoming_partner_to_CD4	CD8T	DESMOSOME	11	0	0	0	0	0	0
Incoming_partner_to_CD4	CD8T	EPGN	1	0	0	0	0	0	0
Incoming_partner_to_CD4	CD8T	EPHA	32	0	0	0	0	0	0
Incoming_partner_to_CD4	CD8T	EPHB	16	0	0	0	0	0	0
Incoming_partner_to_CD4	CD8T	ESAM	1	0	0	0	0	0	0
Incoming_partner_to_CD4	CD8T	GP1BA	1	0	0	0	0	0	0
Incoming_partner_to_CD4	CD8T	ICAM	8	0	0	0	0	0	0
Incoming_partner_to_CD4	CD8T	ICOS	3	0	0	0	0	0	0
Incoming_partner_to_CD4	CD8T	JAM	10	0	0	0	0	0	0
Incoming_partner_to_CD4	CD8T	L1CAM	3	0	0	0	0	0	0
Incoming_partner_to_CD4	CD8T	LCK	1	0.123788203056649	0.132526474072555	-0.00873827101590577	-0.00873827101590577	1	1
Incoming_partner_to_CD4	CD8T	MADCAM	1	0	0	0	0	0	0
Incoming_partner_to_CD4	CD8T	MHC-II	12	0.33436222591841	0.238938988292261	0.0954232376261484	0.0079519364688457	8	8
Incoming_partner_to_CD4	CD8T	MPZ	3	0	0	0	0	0	0
Incoming_partner_to_CD4	CD8T	NCAM	5	0	0	0	0	0	0
Incoming_partner_to_CD4	CD8T	NEGR	1	0	0	0	0	0	0
Incoming_partner_to_CD4	CD8T	NGL	3	0	0	0	0	0	0
Incoming_partner_to_CD4	CD8T	NOTCH	24	0	0	0	0	0	0
Incoming_partner_to_CD4	CD8T	NRXN	24	0	0	0	0	0	0
Incoming_partner_to_CD4	CD8T	PD-L1	1	0	0	0	0	0	0
Incoming_partner_to_CD4	CD8T	PDL2	1	0	0	0	0	0	0
Incoming_partner_to_CD4	CD8T	PTPRM	1	0	0	0	0	0	0
Incoming_partner_to_CD4	CD8T	PVR	2	0	0	0	0	0	0
Incoming_partner_to_CD4	CD8T	SELE	2	0	0	0	0	0	0
Incoming_partner_to_CD4	CD8T	SELL	4	0	0	0	0	0	0
Incoming_partner_to_CD4	CD8T	SELPLG	3	0	0.00728691946514588	-0.00728691946514588	-0.00242897315504863	0	0
Incoming_partner_to_CD4	CD8T	SEMA4	13	0	0	0	0	0	0
Incoming_partner_to_CD4	CD8T	SEMA5	5	0	0	0	0	0	0
Incoming_partner_to_CD4	CD8T	SEMA6	7	0	0	0	0	0	0
Incoming_partner_to_CD4	CD8T	SEMA7	2	0	0	0	0	0	0
Incoming_partner_to_CD4	CD8T	SN	1	0	0	0	0	0	0
Incoming_partner_to_CD4	CD8T	THY1	3	0	0	0	0	0	0
Incoming_partner_to_CD4	CD8T	VCAM	4	0	0	0	0	0	0
Incoming_partner_to_CD4	CD8T	GAP	4	0	0	0	0	0	0
Incoming_partner_to_CD4	CD8T	PCDH	27	0	0	0	0	0	0
Incoming_partner_to_CD4	CD8T	FLRT	1	0	0	0	0	0	0
Incoming_partner_to_CD4	CD8T	UNC5	12	0	0	0	0	0	0
Incoming_partner_to_CD4	CD8T	ApoA	4	0	0	0	0	0	0
Incoming_partner_to_CD4	CD8T	ApoB	2	0	0	0	0	0	0
Incoming_partner_to_CD4	CD8T	ApoE	1	0	0	0	0	0	0
Incoming_partner_to_CD4	CD8T	CD160	1	0	0	0	0	0	0
Incoming_partner_to_CD4	CD8T	CD276	1	0	0	0	0	0	0
Incoming_partner_to_CD4	CD8T	LAIR1	1	0	0	0	0	0	0
Incoming_partner_to_CD4	CD8T	MMP	1	0	0	0	0	0	0
Incoming_partner_to_CD4	CD8T	Netrin	8	0	0	0	0	0	0
Incoming_partner_to_CD4	CD8T	CD200	1	0	0	0	0	0	0
Incoming_partner_to_CD4	CD8T	SIRP	1	0.0355697815213412	0.0516067790203103	-0.0160369974989691	-0.0160369974989691	0	0
Outgoing_CD4_to_partner	MonoMacro	TGFb	12	0	0	0	0	0	0
Outgoing_CD4_to_partner	MonoMacro	BMP	75	0	0	0	0	0	0
Outgoing_CD4_to_partner	MonoMacro	BMP10	4	0	0	0	0	0	0
Outgoing_CD4_to_partner	MonoMacro	GDF	6	0	0	0	0	0	0
Outgoing_CD4_to_partner	MonoMacro	MSTN	4	0	0	0	0	0	0
Outgoing_CD4_to_partner	MonoMacro	AMH	2	0	0	0	0	0	0
Outgoing_CD4_to_partner	MonoMacro	GDNF	5	0	0	0	0	0	0
Outgoing_CD4_to_partner	MonoMacro	NODAL	12	0	0	0	0	0	0
Outgoing_CD4_to_partner	MonoMacro	ACTIVIN	20	0	0	0	0	0	0
Outgoing_CD4_to_partner	MonoMacro	WNT	320	0	0	0	0	0	0
Outgoing_CD4_to_partner	MonoMacro	ncWNT	31	0	0	0	0	0	0
Outgoing_CD4_to_partner	MonoMacro	EGF	18	0	0	0	0	0	0
Outgoing_CD4_to_partner	MonoMacro	NRG	13	0	0	0	0	0	0
Outgoing_CD4_to_partner	MonoMacro	FGF	46	0	0	0	0	0	0
Outgoing_CD4_to_partner	MonoMacro	PDGF	6	0	0	0	0	0	0
Outgoing_CD4_to_partner	MonoMacro	VEGF	8	0	0	0	0	0	0
Outgoing_CD4_to_partner	MonoMacro	IGF	8	0	0	0	0	0	0
Outgoing_CD4_to_partner	MonoMacro	INSULIN	1	0	0	0	0	0	0
Outgoing_CD4_to_partner	MonoMacro	HH	6	0	0	0	0	0	0
Outgoing_CD4_to_partner	MonoMacro	CCL	55	0.122373442657809	0.125001473917948	-0.00262803126013917	-4.77823865479848e-05	1	1
Outgoing_CD4_to_partner	MonoMacro	CXCL	22	0	0	0	0	0	0
Outgoing_CD4_to_partner	MonoMacro	MIF	4	0.541260048570825	0.494230359578328	0.0470296889924965	0.0117574222481241	1	1
Outgoing_CD4_to_partner	MonoMacro	CX3C	1	0	0	0	0	0	0
Outgoing_CD4_to_partner	MonoMacro	XCR	2	0	0	0	0	0	0
Outgoing_CD4_to_partner	MonoMacro	IL2	8	0	0	0	0	0	0
Outgoing_CD4_to_partner	MonoMacro	IL4	10	0	0	0	0	0	0
Outgoing_CD4_to_partner	MonoMacro	IL6	3	0	0	0	0	0	0
Outgoing_CD4_to_partner	MonoMacro	IL12	3	0	0	0	0	0	0
Outgoing_CD4_to_partner	MonoMacro	LIFR	4	0	0	0	0	0	0
Outgoing_CD4_to_partner	MonoMacro	OSM	2	0	0	0	0	0	0
Outgoing_CD4_to_partner	MonoMacro	IL10	8	0	0	0	0	0	0
Outgoing_CD4_to_partner	MonoMacro	IL1	10	0	0	0	0	0	0
Outgoing_CD4_to_partner	MonoMacro	IL17	6	0	0	0	0	0	0
Outgoing_CD4_to_partner	MonoMacro	CSF	2	0	0	0	0	0	0
Outgoing_CD4_to_partner	MonoMacro	IL16	1	0.062958013084681	0.06468751480399	-0.00172950171930905	-0.00172950171930905	1	1
Outgoing_CD4_to_partner	MonoMacro	EPO	1	0	0	0	0	0	0
Outgoing_CD4_to_partner	MonoMacro	GH	2	0	0	0	0	0	0
Outgoing_CD4_to_partner	MonoMacro	PRL	1	0	0	0	0	0	0
Outgoing_CD4_to_partner	MonoMacro	CSF3	1	0	0	0	0	0	0
Outgoing_CD4_to_partner	MonoMacro	IFN-I	17	0	0	0	0	0	0
Outgoing_CD4_to_partner	MonoMacro	IFN-II	1	0.0637668866069309	0.0631492532362505	0.000617633370680409	0.000617633370680409	1	1
Outgoing_CD4_to_partner	MonoMacro	TNF	2	0	0	0	0	0	0
Outgoing_CD4_to_partner	MonoMacro	LT	4	0	0	0	0	0	0
Outgoing_CD4_to_partner	MonoMacro	LIGHT	2	0	0	0	0	0	0
Outgoing_CD4_to_partner	MonoMacro	FASLG	1	0	0	0	0	0	0
Outgoing_CD4_to_partner	MonoMacro	VEGI	1	0	0	0	0	0	0
Outgoing_CD4_to_partner	MonoMacro	TRAIL	1	0	0	0	0	0	0
Outgoing_CD4_to_partner	MonoMacro	NGF	2	0	0	0	0	0	0
Outgoing_CD4_to_partner	MonoMacro	RANKL	2	0	0	0	0	0	0
Outgoing_CD4_to_partner	MonoMacro	TWEAK	1	0	0	0	0	0	0
Outgoing_CD4_to_partner	MonoMacro	CD70	1	0	0	0	0	0	0
Outgoing_CD4_to_partner	MonoMacro	CD30	1	0	0	0	0	0	0
Outgoing_CD4_to_partner	MonoMacro	CD137	1	0	0	0	0	0	0
Outgoing_CD4_to_partner	MonoMacro	OX40	1	0	0	0	0	0	0
Outgoing_CD4_to_partner	MonoMacro	GITRL	1	0	0	0	0	0	0
Outgoing_CD4_to_partner	MonoMacro	APRIL	2	0	0	0	0	0	0
Outgoing_CD4_to_partner	MonoMacro	BAFF	3	0	0	0	0	0	0
Outgoing_CD4_to_partner	MonoMacro	CD40	4	0	0	0	0	0	0
Outgoing_CD4_to_partner	MonoMacro	SPP1	9	0	0	0	0	0	0
Outgoing_CD4_to_partner	MonoMacro	ADIPONECTIN	2	0	0	0	0	0	0
Outgoing_CD4_to_partner	MonoMacro	RESISTIN	2	0	0	0	0	0	0
Outgoing_CD4_to_partner	MonoMacro	VISFATIN	1	0.02545262014088	0.026231251266868	-0.000778631125988073	-0.000778631125988073	1	1
Outgoing_CD4_to_partner	MonoMacro	ANGPTL	15	0	0	0	0	0	0
Outgoing_CD4_to_partner	MonoMacro	ANGPT	2	0	0	0	0	0	0
Outgoing_CD4_to_partner	MonoMacro	MK	9	0	0	0	0	0	0
Outgoing_CD4_to_partner	MonoMacro	PTN	8	0	0	0	0	0	0
Outgoing_CD4_to_partner	MonoMacro	PERIOSTIN	2	0	0	0	0	0	0
Outgoing_CD4_to_partner	MonoMacro	AGT	3	0	0	0	0	0	0
Outgoing_CD4_to_partner	MonoMacro	GPR	2	0	0	0	0	0	0
Outgoing_CD4_to_partner	MonoMacro	BRADYKININ	2	0	0	0	0	0	0
Outgoing_CD4_to_partner	MonoMacro	COMPLEMENT	7	0	0	0	0	0	0
Outgoing_CD4_to_partner	MonoMacro	EDN	5	0	0	0	0	0	0
Outgoing_CD4_to_partner	MonoMacro	GALANIN	6	0	0	0	0	0	0
Outgoing_CD4_to_partner	MonoMacro	GHRELIN	1	0	0	0	0	0	0
Outgoing_CD4_to_partner	MonoMacro	MELANOCORTIN	5	0	0	0	0	0	0
Outgoing_CD4_to_partner	MonoMacro	NMU	2	0	0	0	0	0	0
Outgoing_CD4_to_partner	MonoMacro	NPFF	2	0	0	0	0	0	0
Outgoing_CD4_to_partner	MonoMacro	NPY	16	0	0	0	0	0	0
Outgoing_CD4_to_partner	MonoMacro	NPW-B	2	0	0	0	0	0	0
Outgoing_CD4_to_partner	MonoMacro	NTS	3	0	0	0	0	0	0
Outgoing_CD4_to_partner	MonoMacro	OPIOID	12	0	0	0	0	0	0
Outgoing_CD4_to_partner	MonoMacro	HCRT	1	0	0	0	0	0	0
Outgoing_CD4_to_partner	MonoMacro	OXT	1	0	0	0	0	0	0
Outgoing_CD4_to_partner	MonoMacro	SOMATOSTATIN	7	0	0	0	0	0	0
Outgoing_CD4_to_partner	MonoMacro	TAC	4	0	0	0	0	0	0
Outgoing_CD4_to_partner	MonoMacro	UTS2	1	0	0	0	0	0	0
Outgoing_CD4_to_partner	MonoMacro	PARs	29	0	0	0	0	0	0
Outgoing_CD4_to_partner	MonoMacro	PMCH	2	0	0	0	0	0	0
Outgoing_CD4_to_partner	MonoMacro	PROK	4	0	0	0	0	0	0
Outgoing_CD4_to_partner	MonoMacro	NPR1	1	0	0	0	0	0	0
Outgoing_CD4_to_partner	MonoMacro	NPR2	1	0	0	0	0	0	0
Outgoing_CD4_to_partner	MonoMacro	KIT	1	0	0	0	0	0	0
Outgoing_CD4_to_partner	MonoMacro	GIPR	1	0	0	0	0	0	0
Outgoing_CD4_to_partner	MonoMacro	FSH	2	0	0	0	0	0	0
Outgoing_CD4_to_partner	MonoMacro	TSH	2	0	0	0	0	0	0
Outgoing_CD4_to_partner	MonoMacro	NT	9	0	0	0	0	0	0
Outgoing_CD4_to_partner	MonoMacro	FLT3	1	0	0	0	0	0	0
Outgoing_CD4_to_partner	MonoMacro	HGF	1	0	0	0	0	0	0
Outgoing_CD4_to_partner	MonoMacro	SEMA3	39	0	0	0	0	0	0
Outgoing_CD4_to_partner	MonoMacro	CALCR	8	0	0	0	0	0	0
Outgoing_CD4_to_partner	MonoMacro	ANNEXIN	6	0.366144425831036	0.367856815733907	-0.00171238990287064	-0.000285398317145106	6	6
Outgoing_CD4_to_partner	MonoMacro	CRH	1	0	0	0	0	0	0
Outgoing_CD4_to_partner	MonoMacro	ENHO	1	0	0	0	0	0	0
Outgoing_CD4_to_partner	MonoMacro	GAS	3	0	0	0	0	0	0
Outgoing_CD4_to_partner	MonoMacro	GCG	3	0	0	0	0	0	0
Outgoing_CD4_to_partner	MonoMacro	GHRH	4	0	0	0	0	0	0
Outgoing_CD4_to_partner	MonoMacro	GNRH	1	0	0	0	0	0	0
Outgoing_CD4_to_partner	MonoMacro	GRN	1	0	0	0	0	0	0
Outgoing_CD4_to_partner	MonoMacro	GUCA	2	0	0	0	0	0	0
Outgoing_CD4_to_partner	MonoMacro	RLN	16	0	0	0	0	0	0
Outgoing_CD4_to_partner	MonoMacro	LEP	1	0	0	0	0	0	0
Outgoing_CD4_to_partner	MonoMacro	GALECTIN	5	0	0	0	0	0	0
Outgoing_CD4_to_partner	MonoMacro	NPVF	1	0	0	0	0	0	0
Outgoing_CD4_to_partner	MonoMacro	PROS	3	0	0	0	0	0	0
Outgoing_CD4_to_partner	MonoMacro	PSAP	2	0	0	0	0	0	0
Outgoing_CD4_to_partner	MonoMacro	PTH	3	0	0	0	0	0	0
Outgoing_CD4_to_partner	MonoMacro	QRFP	1	0	0	0	0	0	0
Outgoing_CD4_to_partner	MonoMacro	CHEMERIN	2	0	0	0	0	0	0
Outgoing_CD4_to_partner	MonoMacro	SAA	1	0	0	0	0	0	0
Outgoing_CD4_to_partner	MonoMacro	UGRP1	1	0	0	0	0	0	0
Outgoing_CD4_to_partner	MonoMacro	SCT	1	0	0	0	0	0	0
Outgoing_CD4_to_partner	MonoMacro	SLURP	16	0	0	0	0	0	0
Outgoing_CD4_to_partner	MonoMacro	BTLA	1	0	0	0	0	0	0
Outgoing_CD4_to_partner	MonoMacro	TRH	1	0	0	0	0	0	0
Outgoing_CD4_to_partner	MonoMacro	UCN	4	0	0	0	0	0	0
Outgoing_CD4_to_partner	MonoMacro	UROTENSIN	2	0	0	0	0	0	0
Outgoing_CD4_to_partner	MonoMacro	BAG	1	0	0	0	0	0	0
Outgoing_CD4_to_partner	MonoMacro	KLK	12	0	0	0	0	0	0
Outgoing_CD4_to_partner	MonoMacro	ADM	6	0	0	0	0	0	0
Outgoing_CD4_to_partner	MonoMacro	CALC	12	0	0	0	0	0	0
Outgoing_CD4_to_partner	MonoMacro	IAPP	6	0	0	0	0	0	0
Outgoing_CD4_to_partner	MonoMacro	PROCR	2	0	0	0	0	0	0
Outgoing_CD4_to_partner	MonoMacro	CTSG	1	0	0	0	0	0	0
Outgoing_CD4_to_partner	MonoMacro	GRP	1	0	0	0	0	0	0
Outgoing_CD4_to_partner	MonoMacro	PTPR	11	0	0	0	0	0	0
Outgoing_CD4_to_partner	MonoMacro	SLITRK	8	0	0	0	0	0	0
Outgoing_CD4_to_partner	MonoMacro	IGFBP	1	0	0	0	0	0	0
Outgoing_CD4_to_partner	MonoMacro	CypA	1	0.232614976702804	0.231361323616199	0.00125365308660466	0.00125365308660466	1	1
Outgoing_CD4_to_partner	MonoMacro	PROC	1	0	0	0	0	0	0
Outgoing_CD4_to_partner	MonoMacro	MHC-I	41	0.386225140782812	0.384757404779201	0.00146773600361123	3.57984391124691e-05	3	3
Outgoing_CD4_to_partner	MonoMacro	RBP4	1	0	0	0	0	0	0
Outgoing_CD4_to_partner	MonoMacro	SLIT	3	0	0	0	0	0	0
Outgoing_CD4_to_partner	MonoMacro	TULP	5	0	0	0	0	0	0
Outgoing_CD4_to_partner	MonoMacro	PLAU	1	0	0	0	0	0	0
Outgoing_CD4_to_partner	MonoMacro	COLLAGEN	187	0	0	0	0	0	0
Outgoing_CD4_to_partner	MonoMacro	FN1	13	0	0	0	0	0	0
Outgoing_CD4_to_partner	MonoMacro	LAMININ	139	0	0	0	0	0	0
Outgoing_CD4_to_partner	MonoMacro	CHAD	1	0	0	0	0	0	0
Outgoing_CD4_to_partner	MonoMacro	RELN	3	0	0	0	0	0	0
Outgoing_CD4_to_partner	MonoMacro	THBS	30	0	0	0	0	0	0
Outgoing_CD4_to_partner	MonoMacro	VTN	7	0	0	0	0	0	0
Outgoing_CD4_to_partner	MonoMacro	TENASCIN	28	0	0	0	0	0	0
Outgoing_CD4_to_partner	MonoMacro	NPNT	2	0	0	0	0	0	0
Outgoing_CD4_to_partner	MonoMacro	DSPP	2	0	0	0	0	0	0
Outgoing_CD4_to_partner	MonoMacro	VWF	3	0	0	0	0	0	0
Outgoing_CD4_to_partner	MonoMacro	BSP	2	0	0	0	0	0	0
Outgoing_CD4_to_partner	MonoMacro	DMP1	1	0	0	0	0	0	0
Outgoing_CD4_to_partner	MonoMacro	AGRN	1	0	0	0	0	0	0
Outgoing_CD4_to_partner	MonoMacro	HSPG	1	0	0	0	0	0	0
Outgoing_CD4_to_partner	MonoMacro	APP	4	0	0	0	0	0	0
Outgoing_CD4_to_partner	MonoMacro	CADM	6	0	0	0	0	0	0
Outgoing_CD4_to_partner	MonoMacro	CD23	4	0	0	0	0	0	0
Outgoing_CD4_to_partner	MonoMacro	CD34	1	0	0	0	0	0	0
Outgoing_CD4_to_partner	MonoMacro	CD39	4	0	0	0	0	0	0
Outgoing_CD4_to_partner	MonoMacro	CD45	2	0	0	0	0	0	0
Outgoing_CD4_to_partner	MonoMacro	CD46	1	0	0	0	0	0	0
Outgoing_CD4_to_partner	MonoMacro	CD48	1	0	0	0	0	0	0
Outgoing_CD4_to_partner	MonoMacro	CD6	1	0.0186871091320186	0.021725468615189	-0.00303835948317035	-0.00303835948317035	1	1
Outgoing_CD4_to_partner	MonoMacro	CD80	3	0	0	0	0	0	0
Outgoing_CD4_to_partner	MonoMacro	CD86	2	0	0	0	0	0	0
Outgoing_CD4_to_partner	MonoMacro	CD96	1	0	0	0	0	0	0
Outgoing_CD4_to_partner	MonoMacro	CD99	4	0.368392783197738	0.370972926623583	-0.00258014342584549	-0.000645035856461373	2	2
Outgoing_CD4_to_partner	MonoMacro	CDH	4	0	0	0	0	0	0
Outgoing_CD4_to_partner	MonoMacro	CDH1	3	0	0	0	0	0	0
Outgoing_CD4_to_partner	MonoMacro	CEACAM	7	0	0	0	0	0	0
Outgoing_CD4_to_partner	MonoMacro	CLDN	4	0	0	0	0	0	0
Outgoing_CD4_to_partner	MonoMacro	CLEC	6	0	0	0	0	0	0
Outgoing_CD4_to_partner	MonoMacro	CNTN	7	0	0	0	0	0	0
Outgoing_CD4_to_partner	MonoMacro	CSPG4	1	0	0	0	0	0	0
Outgoing_CD4_to_partner	MonoMacro	DESMOSOME	11	0	0	0	0	0	0
Outgoing_CD4_to_partner	MonoMacro	EPGN	1	0	0	0	0	0	0
Outgoing_CD4_to_partner	MonoMacro	EPHA	32	0	0	0	0	0	0
Outgoing_CD4_to_partner	MonoMacro	EPHB	16	0	0	0	0	0	0
Outgoing_CD4_to_partner	MonoMacro	ESAM	1	0	0	0	0	0	0
Outgoing_CD4_to_partner	MonoMacro	GP1BA	1	0	0	0	0	0	0
Outgoing_CD4_to_partner	MonoMacro	ICAM	8	0	0	0	0	0	0
Outgoing_CD4_to_partner	MonoMacro	ICOS	3	0	0	0	0	0	0
Outgoing_CD4_to_partner	MonoMacro	JAM	10	0	0	0	0	0	0
Outgoing_CD4_to_partner	MonoMacro	L1CAM	3	0	0	0	0	0	0
Outgoing_CD4_to_partner	MonoMacro	LCK	1	0	0	0	0	0	0
Outgoing_CD4_to_partner	MonoMacro	MADCAM	1	0	0	0	0	0	0
Outgoing_CD4_to_partner	MonoMacro	MHC-II	12	0.762005583502978	0.828822226469844	-0.066816642966866	-0.00556805358057217	7	7
Outgoing_CD4_to_partner	MonoMacro	MPZ	3	0	0	0	0	0	0
Outgoing_CD4_to_partner	MonoMacro	NCAM	5	0	0	0	0	0	0
Outgoing_CD4_to_partner	MonoMacro	NEGR	1	0	0	0	0	0	0
Outgoing_CD4_to_partner	MonoMacro	NGL	3	0	0	0	0	0	0
Outgoing_CD4_to_partner	MonoMacro	NOTCH	24	0	0	0	0	0	0
Outgoing_CD4_to_partner	MonoMacro	NRXN	24	0	0	0	0	0	0
Outgoing_CD4_to_partner	MonoMacro	PD-L1	1	0	0	0	0	0	0
Outgoing_CD4_to_partner	MonoMacro	PDL2	1	0	0	0	0	0	0
Outgoing_CD4_to_partner	MonoMacro	PTPRM	1	0	0	0	0	0	0
Outgoing_CD4_to_partner	MonoMacro	PVR	2	0	0	0	0	0	0
Outgoing_CD4_to_partner	MonoMacro	SELE	2	0	0	0	0	0	0
Outgoing_CD4_to_partner	MonoMacro	SELL	4	0	0	0	0	0	0
Outgoing_CD4_to_partner	MonoMacro	SELPLG	3	0.0206749100089254	0.0374828178339925	-0.0168079078250671	-0.00560263594168905	0	1
Outgoing_CD4_to_partner	MonoMacro	SEMA4	13	0.0652188245081479	0.0786212545221671	-0.0134024300140192	-0.00103095615492456	2	2
Outgoing_CD4_to_partner	MonoMacro	SEMA5	5	0	0	0	0	0	0
Outgoing_CD4_to_partner	MonoMacro	SEMA6	7	0	0	0	0	0	0
Outgoing_CD4_to_partner	MonoMacro	SEMA7	2	0	0	0	0	0	0
Outgoing_CD4_to_partner	MonoMacro	SN	1	0	0	0	0	0	0
Outgoing_CD4_to_partner	MonoMacro	THY1	3	0	0	0	0	0	0
Outgoing_CD4_to_partner	MonoMacro	VCAM	4	0	0	0	0	0	0
Outgoing_CD4_to_partner	MonoMacro	GAP	4	0	0	0	0	0	0
Outgoing_CD4_to_partner	MonoMacro	PCDH	27	0	0	0	0	0	0
Outgoing_CD4_to_partner	MonoMacro	FLRT	1	0	0	0	0	0	0
Outgoing_CD4_to_partner	MonoMacro	UNC5	12	0	0	0	0	0	0
Outgoing_CD4_to_partner	MonoMacro	ApoA	4	0	0	0	0	0	0
Outgoing_CD4_to_partner	MonoMacro	ApoB	2	0	0	0	0	0	0
Outgoing_CD4_to_partner	MonoMacro	ApoE	1	0	0	0	0	0	0
Outgoing_CD4_to_partner	MonoMacro	CD160	1	0	0	0	0	0	0
Outgoing_CD4_to_partner	MonoMacro	CD276	1	0	0	0	0	0	0
Outgoing_CD4_to_partner	MonoMacro	LAIR1	1	0	0	0	0	0	0
Outgoing_CD4_to_partner	MonoMacro	MMP	1	0	0	0	0	0	0
Outgoing_CD4_to_partner	MonoMacro	Netrin	8	0	0	0	0	0	0
Outgoing_CD4_to_partner	MonoMacro	CD200	1	0	0	0	0	0	0
Outgoing_CD4_to_partner	MonoMacro	SIRP	1	0.061665416315335	0.0590249246293958	0.00264049168593912	0.00264049168593912	1	1
Incoming_partner_to_CD4	MonoMacro	TGFb	12	0	0	0	0	0	0
Incoming_partner_to_CD4	MonoMacro	BMP	75	0	0	0	0	0	0
Incoming_partner_to_CD4	MonoMacro	BMP10	4	0	0	0	0	0	0
Incoming_partner_to_CD4	MonoMacro	GDF	6	0	0	0	0	0	0
Incoming_partner_to_CD4	MonoMacro	MSTN	4	0	0	0	0	0	0
Incoming_partner_to_CD4	MonoMacro	AMH	2	0	0	0	0	0	0
Incoming_partner_to_CD4	MonoMacro	GDNF	5	0	0	0	0	0	0
Incoming_partner_to_CD4	MonoMacro	NODAL	12	0	0	0	0	0	0
Incoming_partner_to_CD4	MonoMacro	ACTIVIN	20	0	0	0	0	0	0
Incoming_partner_to_CD4	MonoMacro	WNT	320	0	0	0	0	0	0
Incoming_partner_to_CD4	MonoMacro	ncWNT	31	0	0	0	0	0	0
Incoming_partner_to_CD4	MonoMacro	EGF	18	0	0	0	0	0	0
Incoming_partner_to_CD4	MonoMacro	NRG	13	0	0	0	0	0	0
Incoming_partner_to_CD4	MonoMacro	FGF	46	0	0	0	0	0	0
Incoming_partner_to_CD4	MonoMacro	PDGF	6	0	0	0	0	0	0
Incoming_partner_to_CD4	MonoMacro	VEGF	8	0	0	0	0	0	0
Incoming_partner_to_CD4	MonoMacro	IGF	8	0	0	0	0	0	0
Incoming_partner_to_CD4	MonoMacro	INSULIN	1	0	0	0	0	0	0
Incoming_partner_to_CD4	MonoMacro	HH	6	0	0	0	0	0	0
Incoming_partner_to_CD4	MonoMacro	CCL	55	0.0301924487894975	0.0522678762035707	-0.0220754274140732	-0.000401371407528604	1	1
Incoming_partner_to_CD4	MonoMacro	CXCL	22	0.0630211202277357	0.061563225676859	0.00145789455087675	6.62679341307613e-05	1	1
Incoming_partner_to_CD4	MonoMacro	MIF	4	0.521855191122561	0.524763055258697	-0.00290786413613675	-0.000726966034034188	0	1
Incoming_partner_to_CD4	MonoMacro	CX3C	1	0	0	0	0	0	0
Incoming_partner_to_CD4	MonoMacro	XCR	2	0	0	0	0	0	0
Incoming_partner_to_CD4	MonoMacro	IL2	8	0	0	0	0	0	0
Incoming_partner_to_CD4	MonoMacro	IL4	10	0	0	0	0	0	0
Incoming_partner_to_CD4	MonoMacro	IL6	3	0	0	0	0	0	0
Incoming_partner_to_CD4	MonoMacro	IL12	3	0	0	0	0	0	0
Incoming_partner_to_CD4	MonoMacro	LIFR	4	0	0	0	0	0	0
Incoming_partner_to_CD4	MonoMacro	OSM	2	0	0	0	0	0	0
Incoming_partner_to_CD4	MonoMacro	IL10	8	0	0	0	0	0	0
Incoming_partner_to_CD4	MonoMacro	IL1	10	0	0	0	0	0	0
Incoming_partner_to_CD4	MonoMacro	IL17	6	0	0	0	0	0	0
Incoming_partner_to_CD4	MonoMacro	CSF	2	0	0	0	0	0	0
Incoming_partner_to_CD4	MonoMacro	IL16	1	0.0160522483117819	0.0113460762246479	0.00470617208713404	0.00470617208713404	1	1
Incoming_partner_to_CD4	MonoMacro	EPO	1	0	0	0	0	0	0
Incoming_partner_to_CD4	MonoMacro	GH	2	0	0	0	0	0	0
Incoming_partner_to_CD4	MonoMacro	PRL	1	0	0	0	0	0	0
Incoming_partner_to_CD4	MonoMacro	CSF3	1	0	0	0	0	0	0
Incoming_partner_to_CD4	MonoMacro	IFN-I	17	0	0	0	0	0	0
Incoming_partner_to_CD4	MonoMacro	IFN-II	1	0	0	0	0	0	0
Incoming_partner_to_CD4	MonoMacro	TNF	2	0.0364253400078634	0.022670131495121	0.0137552085127424	0.00687760425637119	1	1
Incoming_partner_to_CD4	MonoMacro	LT	4	0	0	0	0	0	0
Incoming_partner_to_CD4	MonoMacro	LIGHT	2	0	0	0	0	0	0
Incoming_partner_to_CD4	MonoMacro	FASLG	1	0	0	0	0	0	0
Incoming_partner_to_CD4	MonoMacro	VEGI	1	0	0	0	0	0	0
Incoming_partner_to_CD4	MonoMacro	TRAIL	1	0	0	0	0	0	0
Incoming_partner_to_CD4	MonoMacro	NGF	2	0	0	0	0	0	0
Incoming_partner_to_CD4	MonoMacro	RANKL	2	0	0	0	0	0	0
Incoming_partner_to_CD4	MonoMacro	TWEAK	1	0	0	0	0	0	0
Incoming_partner_to_CD4	MonoMacro	CD70	1	0	0	0	0	0	0
Incoming_partner_to_CD4	MonoMacro	CD30	1	0	0	0	0	0	0
Incoming_partner_to_CD4	MonoMacro	CD137	1	0	0	0	0	0	0
Incoming_partner_to_CD4	MonoMacro	OX40	1	0	0	0	0	0	0
Incoming_partner_to_CD4	MonoMacro	GITRL	1	0	0	0	0	0	0
Incoming_partner_to_CD4	MonoMacro	APRIL	2	0	0	0	0	0	0
Incoming_partner_to_CD4	MonoMacro	BAFF	3	0	0	0	0	0	0
Incoming_partner_to_CD4	MonoMacro	CD40	4	0	0	0	0	0	0
Incoming_partner_to_CD4	MonoMacro	SPP1	9	0	0	0	0	0	0
Incoming_partner_to_CD4	MonoMacro	ADIPONECTIN	2	0	0	0	0	0	0
Incoming_partner_to_CD4	MonoMacro	RESISTIN	2	0	0	0	0	0	0
Incoming_partner_to_CD4	MonoMacro	VISFATIN	1	0	0	0	0	0	0
Incoming_partner_to_CD4	MonoMacro	ANGPTL	15	0	0	0	0	0	0
Incoming_partner_to_CD4	MonoMacro	ANGPT	2	0	0	0	0	0	0
Incoming_partner_to_CD4	MonoMacro	MK	9	0	0	0	0	0	0
Incoming_partner_to_CD4	MonoMacro	PTN	8	0	0	0	0	0	0
Incoming_partner_to_CD4	MonoMacro	PERIOSTIN	2	0	0	0	0	0	0
Incoming_partner_to_CD4	MonoMacro	AGT	3	0	0	0	0	0	0
Incoming_partner_to_CD4	MonoMacro	GPR	2	0	0	0	0	0	0
Incoming_partner_to_CD4	MonoMacro	BRADYKININ	2	0	0	0	0	0	0
Incoming_partner_to_CD4	MonoMacro	COMPLEMENT	7	0	0	0	0	0	0
Incoming_partner_to_CD4	MonoMacro	EDN	5	0	0	0	0	0	0
Incoming_partner_to_CD4	MonoMacro	GALANIN	6	0	0	0	0	0	0
Incoming_partner_to_CD4	MonoMacro	GHRELIN	1	0	0	0	0	0	0
Incoming_partner_to_CD4	MonoMacro	MELANOCORTIN	5	0	0	0	0	0	0
Incoming_partner_to_CD4	MonoMacro	NMU	2	0	0	0	0	0	0
Incoming_partner_to_CD4	MonoMacro	NPFF	2	0	0	0	0	0	0
Incoming_partner_to_CD4	MonoMacro	NPY	16	0	0	0	0	0	0
Incoming_partner_to_CD4	MonoMacro	NPW-B	2	0	0	0	0	0	0
Incoming_partner_to_CD4	MonoMacro	NTS	3	0	0	0	0	0	0
Incoming_partner_to_CD4	MonoMacro	OPIOID	12	0	0	0	0	0	0
Incoming_partner_to_CD4	MonoMacro	HCRT	1	0	0	0	0	0	0
Incoming_partner_to_CD4	MonoMacro	OXT	1	0	0	0	0	0	0
Incoming_partner_to_CD4	MonoMacro	SOMATOSTATIN	7	0	0	0	0	0	0
Incoming_partner_to_CD4	MonoMacro	TAC	4	0	0	0	0	0	0
Incoming_partner_to_CD4	MonoMacro	UTS2	1	0	0	0	0	0	0
Incoming_partner_to_CD4	MonoMacro	PARs	29	0	0	0	0	0	0
Incoming_partner_to_CD4	MonoMacro	PMCH	2	0	0	0	0	0	0
Incoming_partner_to_CD4	MonoMacro	PROK	4	0	0	0	0	0	0
Incoming_partner_to_CD4	MonoMacro	NPR1	1	0	0	0	0	0	0
Incoming_partner_to_CD4	MonoMacro	NPR2	1	0	0	0	0	0	0
Incoming_partner_to_CD4	MonoMacro	KIT	1	0	0	0	0	0	0
Incoming_partner_to_CD4	MonoMacro	GIPR	1	0	0	0	0	0	0
Incoming_partner_to_CD4	MonoMacro	FSH	2	0	0	0	0	0	0
Incoming_partner_to_CD4	MonoMacro	TSH	2	0	0	0	0	0	0
Incoming_partner_to_CD4	MonoMacro	NT	9	0	0	0	0	0	0
Incoming_partner_to_CD4	MonoMacro	FLT3	1	0	0	0	0	0	0
Incoming_partner_to_CD4	MonoMacro	HGF	1	0	0	0	0	0	0
Incoming_partner_to_CD4	MonoMacro	SEMA3	39	0	0	0	0	0	0
Incoming_partner_to_CD4	MonoMacro	CALCR	8	0	0	0	0	0	0
Incoming_partner_to_CD4	MonoMacro	ANNEXIN	6	0	0	0	0	0	0
Incoming_partner_to_CD4	MonoMacro	CRH	1	0	0	0	0	0	0
Incoming_partner_to_CD4	MonoMacro	ENHO	1	0	0	0	0	0	0
Incoming_partner_to_CD4	MonoMacro	GAS	3	0	0	0	0	0	0
Incoming_partner_to_CD4	MonoMacro	GCG	3	0	0	0	0	0	0
Incoming_partner_to_CD4	MonoMacro	GHRH	4	0	0	0	0	0	0
Incoming_partner_to_CD4	MonoMacro	GNRH	1	0	0	0	0	0	0
Incoming_partner_to_CD4	MonoMacro	GRN	1	0	0	0	0	0	0
Incoming_partner_to_CD4	MonoMacro	GUCA	2	0	0	0	0	0	0
Incoming_partner_to_CD4	MonoMacro	RLN	16	0	0	0	0	0	0
Incoming_partner_to_CD4	MonoMacro	LEP	1	0	0	0	0	0	0
Incoming_partner_to_CD4	MonoMacro	GALECTIN	5	0.675696510035665	0.671033617466478	0.00466289256918709	0.000932578513837418	4	4
Incoming_partner_to_CD4	MonoMacro	NPVF	1	0	0	0	0	0	0
Incoming_partner_to_CD4	MonoMacro	PROS	3	0	0	0	0	0	0
Incoming_partner_to_CD4	MonoMacro	PSAP	2	0	0	0	0	0	0
Incoming_partner_to_CD4	MonoMacro	PTH	3	0	0	0	0	0	0
Incoming_partner_to_CD4	MonoMacro	QRFP	1	0	0	0	0	0	0
Incoming_partner_to_CD4	MonoMacro	CHEMERIN	2	0	0	0	0	0	0
Incoming_partner_to_CD4	MonoMacro	SAA	1	0	0	0	0	0	0
Incoming_partner_to_CD4	MonoMacro	UGRP1	1	0	0	0	0	0	0
Incoming_partner_to_CD4	MonoMacro	SCT	1	0	0	0	0	0	0
Incoming_partner_to_CD4	MonoMacro	SLURP	16	0	0	0	0	0	0
Incoming_partner_to_CD4	MonoMacro	BTLA	1	0	0	0	0	0	0
Incoming_partner_to_CD4	MonoMacro	TRH	1	0	0	0	0	0	0
Incoming_partner_to_CD4	MonoMacro	UCN	4	0	0	0	0	0	0
Incoming_partner_to_CD4	MonoMacro	UROTENSIN	2	0	0	0	0	0	0
Incoming_partner_to_CD4	MonoMacro	BAG	1	0	0	0	0	0	0
Incoming_partner_to_CD4	MonoMacro	KLK	12	0	0	0	0	0	0
Incoming_partner_to_CD4	MonoMacro	ADM	6	0	0	0	0	0	0
Incoming_partner_to_CD4	MonoMacro	CALC	12	0	0	0	0	0	0
Incoming_partner_to_CD4	MonoMacro	IAPP	6	0	0	0	0	0	0
Incoming_partner_to_CD4	MonoMacro	PROCR	2	0	0	0	0	0	0
Incoming_partner_to_CD4	MonoMacro	CTSG	1	0	0	0	0	0	0
Incoming_partner_to_CD4	MonoMacro	GRP	1	0	0	0	0	0	0
Incoming_partner_to_CD4	MonoMacro	PTPR	11	0	0	0	0	0	0
Incoming_partner_to_CD4	MonoMacro	SLITRK	8	0	0	0	0	0	0
Incoming_partner_to_CD4	MonoMacro	IGFBP	1	0	0	0	0	0	0
Incoming_partner_to_CD4	MonoMacro	CypA	1	0.0937808872555033	0.0922758098167007	0.00150507743880256	0.00150507743880256	0	0
Incoming_partner_to_CD4	MonoMacro	PROC	1	0	0	0	0	0	0
Incoming_partner_to_CD4	MonoMacro	MHC-I	41	2.01306780951023	2.27898800716094	-0.265920197650711	-0.00648585847928564	6	8
Incoming_partner_to_CD4	MonoMacro	RBP4	1	0	0	0	0	0	0
Incoming_partner_to_CD4	MonoMacro	SLIT	3	0	0	0	0	0	0
Incoming_partner_to_CD4	MonoMacro	TULP	5	0	0	0	0	0	0
Incoming_partner_to_CD4	MonoMacro	PLAU	1	0	0	0	0	0	0
Incoming_partner_to_CD4	MonoMacro	COLLAGEN	187	0	0	0	0	0	0
Incoming_partner_to_CD4	MonoMacro	FN1	13	0	0	0	0	0	0
Incoming_partner_to_CD4	MonoMacro	LAMININ	139	0	0	0	0	0	0
Incoming_partner_to_CD4	MonoMacro	CHAD	1	0	0	0	0	0	0
Incoming_partner_to_CD4	MonoMacro	RELN	3	0	0	0	0	0	0
Incoming_partner_to_CD4	MonoMacro	THBS	30	0	0	0	0	0	0
Incoming_partner_to_CD4	MonoMacro	VTN	7	0	0	0	0	0	0
Incoming_partner_to_CD4	MonoMacro	TENASCIN	28	0	0	0	0	0	0
Incoming_partner_to_CD4	MonoMacro	NPNT	2	0	0	0	0	0	0
Incoming_partner_to_CD4	MonoMacro	DSPP	2	0	0	0	0	0	0
Incoming_partner_to_CD4	MonoMacro	VWF	3	0	0	0	0	0	0
Incoming_partner_to_CD4	MonoMacro	BSP	2	0	0	0	0	0	0
Incoming_partner_to_CD4	MonoMacro	DMP1	1	0	0	0	0	0	0
Incoming_partner_to_CD4	MonoMacro	AGRN	1	0	0	0	0	0	0
Incoming_partner_to_CD4	MonoMacro	HSPG	1	0	0	0	0	0	0
Incoming_partner_to_CD4	MonoMacro	APP	4	0.053874622660681	0.0540118115491478	-0.000137188888466782	-3.42972221166956e-05	1	2
Incoming_partner_to_CD4	MonoMacro	CADM	6	0	0	0	0	0	0
Incoming_partner_to_CD4	MonoMacro	CD23	4	0	0	0	0	0	0
Incoming_partner_to_CD4	MonoMacro	CD34	1	0	0	0	0	0	0
Incoming_partner_to_CD4	MonoMacro	CD39	4	0	0	0	0	0	0
Incoming_partner_to_CD4	MonoMacro	CD45	2	0	0	0	0	0	0
Incoming_partner_to_CD4	MonoMacro	CD46	1	0	0	0	0	0	0
Incoming_partner_to_CD4	MonoMacro	CD48	1	0	0	0	0	0	0
Incoming_partner_to_CD4	MonoMacro	CD6	1	0	0	0	0	0	0
Incoming_partner_to_CD4	MonoMacro	CD80	3	0	0	0	0	0	0
Incoming_partner_to_CD4	MonoMacro	CD86	2	0.127789209790066	0.106402043704371	0.0213871660856951	0.0106935830428476	2	2
Incoming_partner_to_CD4	MonoMacro	CD96	1	0	0	0	0	0	0
Incoming_partner_to_CD4	MonoMacro	CD99	4	0.146647833574658	0.153284156630628	-0.00663632305597048	-0.00165908076399262	0	0
Incoming_partner_to_CD4	MonoMacro	CDH	4	0	0	0	0	0	0
Incoming_partner_to_CD4	MonoMacro	CDH1	3	0	0	0	0	0	0
Incoming_partner_to_CD4	MonoMacro	CEACAM	7	0	0	0	0	0	0
Incoming_partner_to_CD4	MonoMacro	CLDN	4	0	0	0	0	0	0
Incoming_partner_to_CD4	MonoMacro	CLEC	6	0	0	0	0	0	0
Incoming_partner_to_CD4	MonoMacro	CNTN	7	0	0	0	0	0	0
Incoming_partner_to_CD4	MonoMacro	CSPG4	1	0	0	0	0	0	0
Incoming_partner_to_CD4	MonoMacro	DESMOSOME	11	0	0	0	0	0	0
Incoming_partner_to_CD4	MonoMacro	EPGN	1	0	0	0	0	0	0
Incoming_partner_to_CD4	MonoMacro	EPHA	32	0	0	0	0	0	0
Incoming_partner_to_CD4	MonoMacro	EPHB	16	0	0	0	0	0	0
Incoming_partner_to_CD4	MonoMacro	ESAM	1	0	0	0	0	0	0
Incoming_partner_to_CD4	MonoMacro	GP1BA	1	0	0	0	0	0	0
Incoming_partner_to_CD4	MonoMacro	ICAM	8	0.384996222868998	0.405477445379694	-0.0204812225106969	-0.00256015281383712	4	4
Incoming_partner_to_CD4	MonoMacro	ICOS	3	0	0	0	0	0	0
Incoming_partner_to_CD4	MonoMacro	JAM	10	0.0113913528123428	0.0117302528993613	-0.000338900087018529	-3.38900087018529e-05	1	1
Incoming_partner_to_CD4	MonoMacro	L1CAM	3	0	0	0	0	0	0
Incoming_partner_to_CD4	MonoMacro	LCK	1	0	0	0	0	0	0
Incoming_partner_to_CD4	MonoMacro	MADCAM	1	0	0	0	0	0	0
Incoming_partner_to_CD4	MonoMacro	MHC-II	12	0.951686021106937	0.689226217795131	0.262459803311806	0.0218716502759838	11	11
Incoming_partner_to_CD4	MonoMacro	MPZ	3	0	0	0	0	0	0
Incoming_partner_to_CD4	MonoMacro	NCAM	5	0	0	0	0	0	0
Incoming_partner_to_CD4	MonoMacro	NEGR	1	0	0	0	0	0	0
Incoming_partner_to_CD4	MonoMacro	NGL	3	0	0	0	0	0	0
Incoming_partner_to_CD4	MonoMacro	NOTCH	24	0	0	0	0	0	0
Incoming_partner_to_CD4	MonoMacro	NRXN	24	0	0	0	0	0	0
Incoming_partner_to_CD4	MonoMacro	PD-L1	1	0	0	0	0	0	0
Incoming_partner_to_CD4	MonoMacro	PDL2	1	0	0	0	0	0	0
Incoming_partner_to_CD4	MonoMacro	PTPRM	1	0	0	0	0	0	0
Incoming_partner_to_CD4	MonoMacro	PVR	2	0	0	0	0	0	0
Incoming_partner_to_CD4	MonoMacro	SELE	2	0	0	0	0	0	0
Incoming_partner_to_CD4	MonoMacro	SELL	4	0	0	0	0	0	0
Incoming_partner_to_CD4	MonoMacro	SELPLG	3	0	0.00864365890586777	-0.00864365890586777	-0.00288121963528926	0	0
Incoming_partner_to_CD4	MonoMacro	SEMA4	13	0	0	0	0	0	0
Incoming_partner_to_CD4	MonoMacro	SEMA5	5	0	0	0	0	0	0
Incoming_partner_to_CD4	MonoMacro	SEMA6	7	0	0	0	0	0	0
Incoming_partner_to_CD4	MonoMacro	SEMA7	2	0	0	0	0	0	0
Incoming_partner_to_CD4	MonoMacro	SN	1	0	0	0	0	0	0
Incoming_partner_to_CD4	MonoMacro	THY1	3	0	0	0	0	0	0
Incoming_partner_to_CD4	MonoMacro	VCAM	4	0	0	0	0	0	0
Incoming_partner_to_CD4	MonoMacro	GAP	4	0	0	0	0	0	0
Incoming_partner_to_CD4	MonoMacro	PCDH	27	0	0	0	0	0	0
Incoming_partner_to_CD4	MonoMacro	FLRT	1	0	0	0	0	0	0
Incoming_partner_to_CD4	MonoMacro	UNC5	12	0	0	0	0	0	0
Incoming_partner_to_CD4	MonoMacro	ApoA	4	0	0	0	0	0	0
Incoming_partner_to_CD4	MonoMacro	ApoB	2	0	0	0	0	0	0
Incoming_partner_to_CD4	MonoMacro	ApoE	1	0	0	0	0	0	0
Incoming_partner_to_CD4	MonoMacro	CD160	1	0	0	0	0	0	0
Incoming_partner_to_CD4	MonoMacro	CD276	1	0	0	0	0	0	0
Incoming_partner_to_CD4	MonoMacro	LAIR1	1	0	0	0	0	0	0
Incoming_partner_to_CD4	MonoMacro	MMP	1	0	0	0	0	0	0
Incoming_partner_to_CD4	MonoMacro	Netrin	8	0	0	0	0	0	0
Incoming_partner_to_CD4	MonoMacro	CD200	1	0	0	0	0	0	0
Incoming_partner_to_CD4	MonoMacro	SIRP	1	0	0	0	0	0	0
Outgoing_CD4_to_partner	NK	TGFb	12	0	0	0	0	0	0
Outgoing_CD4_to_partner	NK	BMP	75	0	0	0	0	0	0
Outgoing_CD4_to_partner	NK	BMP10	4	0	0	0	0	0	0
Outgoing_CD4_to_partner	NK	GDF	6	0	0	0	0	0	0
Outgoing_CD4_to_partner	NK	MSTN	4	0	0	0	0	0	0
Outgoing_CD4_to_partner	NK	AMH	2	0	0	0	0	0	0
Outgoing_CD4_to_partner	NK	GDNF	5	0	0	0	0	0	0
Outgoing_CD4_to_partner	NK	NODAL	12	0	0	0	0	0	0
Outgoing_CD4_to_partner	NK	ACTIVIN	20	0	0	0	0	0	0
Outgoing_CD4_to_partner	NK	WNT	320	0	0	0	0	0	0
Outgoing_CD4_to_partner	NK	ncWNT	31	0	0	0	0	0	0
Outgoing_CD4_to_partner	NK	EGF	18	0	0	0	0	0	0
Outgoing_CD4_to_partner	NK	NRG	13	0	0	0	0	0	0
Outgoing_CD4_to_partner	NK	FGF	46	0	0	0	0	0	0
Outgoing_CD4_to_partner	NK	PDGF	6	0	0	0	0	0	0
Outgoing_CD4_to_partner	NK	VEGF	8	0	0	0	0	0	0
Outgoing_CD4_to_partner	NK	IGF	8	0	0	0	0	0	0
Outgoing_CD4_to_partner	NK	INSULIN	1	0	0	0	0	0	0
Outgoing_CD4_to_partner	NK	HH	6	0	0	0	0	0	0
Outgoing_CD4_to_partner	NK	CCL	55	0	0	0	0	0	0
Outgoing_CD4_to_partner	NK	CXCL	22	0	0	0	0	0	0
Outgoing_CD4_to_partner	NK	MIF	4	0.457704940768629	0.415876911056604	0.0418280297120247	0.0104570074280062	0	0
Outgoing_CD4_to_partner	NK	CX3C	1	0	0	0	0	0	0
Outgoing_CD4_to_partner	NK	XCR	2	0	0	0	0	0	0
Outgoing_CD4_to_partner	NK	IL2	8	0	0	0	0	0	0
Outgoing_CD4_to_partner	NK	IL4	10	0	0	0	0	0	0
Outgoing_CD4_to_partner	NK	IL6	3	0	0	0	0	0	0
Outgoing_CD4_to_partner	NK	IL12	3	0	0	0	0	0	0
Outgoing_CD4_to_partner	NK	LIFR	4	0	0	0	0	0	0
Outgoing_CD4_to_partner	NK	OSM	2	0	0	0	0	0	0
Outgoing_CD4_to_partner	NK	IL10	8	0	0	0	0	0	0
Outgoing_CD4_to_partner	NK	IL1	10	0	0	0	0	0	0
Outgoing_CD4_to_partner	NK	IL17	6	0	0	0	0	0	0
Outgoing_CD4_to_partner	NK	CSF	2	0	0	0	0	0	0
Outgoing_CD4_to_partner	NK	IL16	1	0	0	0	0	0	0
Outgoing_CD4_to_partner	NK	EPO	1	0	0	0	0	0	0
Outgoing_CD4_to_partner	NK	GH	2	0	0	0	0	0	0
Outgoing_CD4_to_partner	NK	PRL	1	0	0	0	0	0	0
Outgoing_CD4_to_partner	NK	CSF3	1	0	0	0	0	0	0
Outgoing_CD4_to_partner	NK	IFN-I	17	0	0	0	0	0	0
Outgoing_CD4_to_partner	NK	IFN-II	1	0	0	0	0	0	0
Outgoing_CD4_to_partner	NK	TNF	2	0	0	0	0	0	0
Outgoing_CD4_to_partner	NK	LT	4	0	0	0	0	0	0
Outgoing_CD4_to_partner	NK	LIGHT	2	0	0	0	0	0	0
Outgoing_CD4_to_partner	NK	FASLG	1	0	0	0	0	0	0
Outgoing_CD4_to_partner	NK	VEGI	1	0	0	0	0	0	0
Outgoing_CD4_to_partner	NK	TRAIL	1	0	0	0	0	0	0
Outgoing_CD4_to_partner	NK	NGF	2	0	0	0	0	0	0
Outgoing_CD4_to_partner	NK	RANKL	2	0	0	0	0	0	0
Outgoing_CD4_to_partner	NK	TWEAK	1	0	0	0	0	0	0
Outgoing_CD4_to_partner	NK	CD70	1	0	0	0	0	0	0
Outgoing_CD4_to_partner	NK	CD30	1	0	0	0	0	0	0
Outgoing_CD4_to_partner	NK	CD137	1	0	0	0	0	0	0
Outgoing_CD4_to_partner	NK	OX40	1	0	0	0	0	0	0
Outgoing_CD4_to_partner	NK	GITRL	1	0	0	0	0	0	0
Outgoing_CD4_to_partner	NK	APRIL	2	0	0	0	0	0	0
Outgoing_CD4_to_partner	NK	BAFF	3	0	0	0	0	0	0
Outgoing_CD4_to_partner	NK	CD40	4	0	0	0	0	0	0
Outgoing_CD4_to_partner	NK	SPP1	9	0	0	0	0	0	0
Outgoing_CD4_to_partner	NK	ADIPONECTIN	2	0	0	0	0	0	0
Outgoing_CD4_to_partner	NK	RESISTIN	2	0	0	0	0	0	0
Outgoing_CD4_to_partner	NK	VISFATIN	1	0	0	0	0	0	0
Outgoing_CD4_to_partner	NK	ANGPTL	15	0	0	0	0	0	0
Outgoing_CD4_to_partner	NK	ANGPT	2	0	0	0	0	0	0
Outgoing_CD4_to_partner	NK	MK	9	0	0	0	0	0	0
Outgoing_CD4_to_partner	NK	PTN	8	0	0	0	0	0	0
Outgoing_CD4_to_partner	NK	PERIOSTIN	2	0	0	0	0	0	0
Outgoing_CD4_to_partner	NK	AGT	3	0	0	0	0	0	0
Outgoing_CD4_to_partner	NK	GPR	2	0	0	0	0	0	0
Outgoing_CD4_to_partner	NK	BRADYKININ	2	0	0	0	0	0	0
Outgoing_CD4_to_partner	NK	COMPLEMENT	7	0	0	0	0	0	0
Outgoing_CD4_to_partner	NK	EDN	5	0	0	0	0	0	0
Outgoing_CD4_to_partner	NK	GALANIN	6	0	0	0	0	0	0
Outgoing_CD4_to_partner	NK	GHRELIN	1	0	0	0	0	0	0
Outgoing_CD4_to_partner	NK	MELANOCORTIN	5	0	0	0	0	0	0
Outgoing_CD4_to_partner	NK	NMU	2	0	0	0	0	0	0
Outgoing_CD4_to_partner	NK	NPFF	2	0	0	0	0	0	0
Outgoing_CD4_to_partner	NK	NPY	16	0	0	0	0	0	0
Outgoing_CD4_to_partner	NK	NPW-B	2	0	0	0	0	0	0
Outgoing_CD4_to_partner	NK	NTS	3	0	0	0	0	0	0
Outgoing_CD4_to_partner	NK	OPIOID	12	0	0	0	0	0	0
Outgoing_CD4_to_partner	NK	HCRT	1	0	0	0	0	0	0
Outgoing_CD4_to_partner	NK	OXT	1	0	0	0	0	0	0
Outgoing_CD4_to_partner	NK	SOMATOSTATIN	7	0	0	0	0	0	0
Outgoing_CD4_to_partner	NK	TAC	4	0	0	0	0	0	0
Outgoing_CD4_to_partner	NK	UTS2	1	0	0	0	0	0	0
Outgoing_CD4_to_partner	NK	PARs	29	0	0	0	0	0	0
Outgoing_CD4_to_partner	NK	PMCH	2	0	0	0	0	0	0
Outgoing_CD4_to_partner	NK	PROK	4	0	0	0	0	0	0
Outgoing_CD4_to_partner	NK	NPR1	1	0	0	0	0	0	0
Outgoing_CD4_to_partner	NK	NPR2	1	0	0	0	0	0	0
Outgoing_CD4_to_partner	NK	KIT	1	0	0	0	0	0	0
Outgoing_CD4_to_partner	NK	GIPR	1	0	0	0	0	0	0
Outgoing_CD4_to_partner	NK	FSH	2	0	0	0	0	0	0
Outgoing_CD4_to_partner	NK	TSH	2	0	0	0	0	0	0
Outgoing_CD4_to_partner	NK	NT	9	0	0	0	0	0	0
Outgoing_CD4_to_partner	NK	FLT3	1	0	0	0	0	0	0
Outgoing_CD4_to_partner	NK	HGF	1	0	0	0	0	0	0
Outgoing_CD4_to_partner	NK	SEMA3	39	0	0	0	0	0	0
Outgoing_CD4_to_partner	NK	CALCR	8	0	0	0	0	0	0
Outgoing_CD4_to_partner	NK	ANNEXIN	6	0	0	0	0	0	0
Outgoing_CD4_to_partner	NK	CRH	1	0	0	0	0	0	0
Outgoing_CD4_to_partner	NK	ENHO	1	0	0	0	0	0	0
Outgoing_CD4_to_partner	NK	GAS	3	0	0	0	0	0	0
Outgoing_CD4_to_partner	NK	GCG	3	0	0	0	0	0	0
Outgoing_CD4_to_partner	NK	GHRH	4	0	0	0	0	0	0
Outgoing_CD4_to_partner	NK	GNRH	1	0	0	0	0	0	0
Outgoing_CD4_to_partner	NK	GRN	1	0	0	0	0	0	0
Outgoing_CD4_to_partner	NK	GUCA	2	0	0	0	0	0	0
Outgoing_CD4_to_partner	NK	RLN	16	0	0	0	0	0	0
Outgoing_CD4_to_partner	NK	LEP	1	0	0	0	0	0	0
Outgoing_CD4_to_partner	NK	GALECTIN	5	0	0	0	0	0	0
Outgoing_CD4_to_partner	NK	NPVF	1	0	0	0	0	0	0
Outgoing_CD4_to_partner	NK	PROS	3	0	0	0	0	0	0
Outgoing_CD4_to_partner	NK	PSAP	2	0	0	0	0	0	0
Outgoing_CD4_to_partner	NK	PTH	3	0	0	0	0	0	0
Outgoing_CD4_to_partner	NK	QRFP	1	0	0	0	0	0	0
Outgoing_CD4_to_partner	NK	CHEMERIN	2	0	0	0	0	0	0
Outgoing_CD4_to_partner	NK	SAA	1	0	0	0	0	0	0
Outgoing_CD4_to_partner	NK	UGRP1	1	0	0	0	0	0	0
Outgoing_CD4_to_partner	NK	SCT	1	0	0	0	0	0	0
Outgoing_CD4_to_partner	NK	SLURP	16	0	0	0	0	0	0
Outgoing_CD4_to_partner	NK	BTLA	1	0	0	0	0	0	0
Outgoing_CD4_to_partner	NK	TRH	1	0	0	0	0	0	0
Outgoing_CD4_to_partner	NK	UCN	4	0	0	0	0	0	0
Outgoing_CD4_to_partner	NK	UROTENSIN	2	0	0	0	0	0	0
Outgoing_CD4_to_partner	NK	BAG	1	0	0	0	0	0	0
Outgoing_CD4_to_partner	NK	KLK	12	0	0	0	0	0	0
Outgoing_CD4_to_partner	NK	ADM	6	0	0	0	0	0	0
Outgoing_CD4_to_partner	NK	CALC	12	0	0	0	0	0	0
Outgoing_CD4_to_partner	NK	IAPP	6	0	0	0	0	0	0
Outgoing_CD4_to_partner	NK	PROCR	2	0	0	0	0	0	0
Outgoing_CD4_to_partner	NK	CTSG	1	0	0	0	0	0	0
Outgoing_CD4_to_partner	NK	GRP	1	0	0	0	0	0	0
Outgoing_CD4_to_partner	NK	PTPR	11	0	0	0	0	0	0
Outgoing_CD4_to_partner	NK	SLITRK	8	0	0	0	0	0	0
Outgoing_CD4_to_partner	NK	IGFBP	1	0	0	0	0	0	0
Outgoing_CD4_to_partner	NK	CypA	1	0.0926199483884004	0.0920302996706298	0.000589648717770661	0.000589648717770661	0	0
Outgoing_CD4_to_partner	NK	PROC	1	0	0	0	0	0	0
Outgoing_CD4_to_partner	NK	MHC-I	41	1.48348878725502	1.49073197475659	-0.00724318750157684	-0.000176663109794557	6	6
Outgoing_CD4_to_partner	NK	RBP4	1	0	0	0	0	0	0
Outgoing_CD4_to_partner	NK	SLIT	3	0	0	0	0	0	0
Outgoing_CD4_to_partner	NK	TULP	5	0	0	0	0	0	0
Outgoing_CD4_to_partner	NK	PLAU	1	0	0	0	0	0	0
Outgoing_CD4_to_partner	NK	COLLAGEN	187	0	0	0	0	0	0
Outgoing_CD4_to_partner	NK	FN1	13	0	0	0	0	0	0
Outgoing_CD4_to_partner	NK	LAMININ	139	0	0	0	0	0	0
Outgoing_CD4_to_partner	NK	CHAD	1	0	0	0	0	0	0
Outgoing_CD4_to_partner	NK	RELN	3	0	0	0	0	0	0
Outgoing_CD4_to_partner	NK	THBS	30	0	0	0	0	0	0
Outgoing_CD4_to_partner	NK	VTN	7	0	0	0	0	0	0
Outgoing_CD4_to_partner	NK	TENASCIN	28	0	0	0	0	0	0
Outgoing_CD4_to_partner	NK	NPNT	2	0	0	0	0	0	0
Outgoing_CD4_to_partner	NK	DSPP	2	0	0	0	0	0	0
Outgoing_CD4_to_partner	NK	VWF	3	0	0	0	0	0	0
Outgoing_CD4_to_partner	NK	BSP	2	0	0	0	0	0	0
Outgoing_CD4_to_partner	NK	DMP1	1	0	0	0	0	0	0
Outgoing_CD4_to_partner	NK	AGRN	1	0	0	0	0	0	0
Outgoing_CD4_to_partner	NK	HSPG	1	0	0	0	0	0	0
Outgoing_CD4_to_partner	NK	APP	4	0	0	0	0	0	0
Outgoing_CD4_to_partner	NK	CADM	6	0	0	0	0	0	0
Outgoing_CD4_to_partner	NK	CD23	4	0	0	0	0	0	0
Outgoing_CD4_to_partner	NK	CD34	1	0	0	0	0	0	0
Outgoing_CD4_to_partner	NK	CD39	4	0	0	0	0	0	0
Outgoing_CD4_to_partner	NK	CD45	2	0	0	0	0	0	0
Outgoing_CD4_to_partner	NK	CD46	1	0	0	0	0	0	0
Outgoing_CD4_to_partner	NK	CD48	1	0.0084123618593012	0.00848262574278031	-7.02638834791051e-05	-7.02638834791051e-05	1	1
Outgoing_CD4_to_partner	NK	CD6	1	0	0	0	0	0	0
Outgoing_CD4_to_partner	NK	CD80	3	0	0	0	0	0	0
Outgoing_CD4_to_partner	NK	CD86	2	0	0	0	0	0	0
Outgoing_CD4_to_partner	NK	CD96	1	0	0	0	0	0	0
Outgoing_CD4_to_partner	NK	CD99	4	0.204749368794779	0.206182434567549	-0.0014330657727698	-0.000358266443192451	2	2
Outgoing_CD4_to_partner	NK	CDH	4	0	0	0	0	0	0
Outgoing_CD4_to_partner	NK	CDH1	3	0	0	0	0	0	0
Outgoing_CD4_to_partner	NK	CEACAM	7	0	0	0	0	0	0
Outgoing_CD4_to_partner	NK	CLDN	4	0	0	0	0	0	0
Outgoing_CD4_to_partner	NK	CLEC	6	0.168393542124698	0.171921840846915	-0.00352829872221716	-0.000588049787036194	3	3
Outgoing_CD4_to_partner	NK	CNTN	7	0	0	0	0	0	0
Outgoing_CD4_to_partner	NK	CSPG4	1	0	0	0	0	0	0
Outgoing_CD4_to_partner	NK	DESMOSOME	11	0	0	0	0	0	0
Outgoing_CD4_to_partner	NK	EPGN	1	0	0	0	0	0	0
Outgoing_CD4_to_partner	NK	EPHA	32	0	0	0	0	0	0
Outgoing_CD4_to_partner	NK	EPHB	16	0	0	0	0	0	0
Outgoing_CD4_to_partner	NK	ESAM	1	0	0	0	0	0	0
Outgoing_CD4_to_partner	NK	GP1BA	1	0	0	0	0	0	0
Outgoing_CD4_to_partner	NK	ICAM	8	0	0	0	0	0	0
Outgoing_CD4_to_partner	NK	ICOS	3	0	0	0	0	0	0
Outgoing_CD4_to_partner	NK	JAM	10	0	0	0	0	0	0
Outgoing_CD4_to_partner	NK	L1CAM	3	0	0	0	0	0	0
Outgoing_CD4_to_partner	NK	LCK	1	0	0	0	0	0	0
Outgoing_CD4_to_partner	NK	MADCAM	1	0	0	0	0	0	0
Outgoing_CD4_to_partner	NK	MHC-II	12	0	0	0	0	0	0
Outgoing_CD4_to_partner	NK	MPZ	3	0	0	0	0	0	0
Outgoing_CD4_to_partner	NK	NCAM	5	0	0	0	0	0	0
Outgoing_CD4_to_partner	NK	NEGR	1	0	0	0	0	0	0
Outgoing_CD4_to_partner	NK	NGL	3	0	0	0	0	0	0
Outgoing_CD4_to_partner	NK	NOTCH	24	0	0	0	0	0	0
Outgoing_CD4_to_partner	NK	NRXN	24	0	0	0	0	0	0
Outgoing_CD4_to_partner	NK	PD-L1	1	0	0	0	0	0	0
Outgoing_CD4_to_partner	NK	PDL2	1	0	0	0	0	0	0
Outgoing_CD4_to_partner	NK	PTPRM	1	0	0	0	0	0	0
Outgoing_CD4_to_partner	NK	PVR	2	0	0	0	0	0	0
Outgoing_CD4_to_partner	NK	SELE	2	0	0	0	0	0	0
Outgoing_CD4_to_partner	NK	SELL	4	0	0	0	0	0	0
Outgoing_CD4_to_partner	NK	SELPLG	3	0.0249546645119576	0.0450816854020976	-0.0201270208901399	-0.00670900696337998	0	1
Outgoing_CD4_to_partner	NK	SEMA4	13	0	0	0	0	0	0
Outgoing_CD4_to_partner	NK	SEMA5	5	0	0	0	0	0	0
Outgoing_CD4_to_partner	NK	SEMA6	7	0	0	0	0	0	0
Outgoing_CD4_to_partner	NK	SEMA7	2	0	0	0	0	0	0
Outgoing_CD4_to_partner	NK	SN	1	0	0	0	0	0	0
Outgoing_CD4_to_partner	NK	THY1	3	0	0	0	0	0	0
Outgoing_CD4_to_partner	NK	VCAM	4	0	0	0	0	0	0
Outgoing_CD4_to_partner	NK	GAP	4	0	0	0	0	0	0
Outgoing_CD4_to_partner	NK	PCDH	27	0	0	0	0	0	0
Outgoing_CD4_to_partner	NK	FLRT	1	0	0	0	0	0	0
Outgoing_CD4_to_partner	NK	UNC5	12	0	0	0	0	0	0
Outgoing_CD4_to_partner	NK	ApoA	4	0	0	0	0	0	0
Outgoing_CD4_to_partner	NK	ApoB	2	0	0	0	0	0	0
Outgoing_CD4_to_partner	NK	ApoE	1	0	0	0	0	0	0
Outgoing_CD4_to_partner	NK	CD160	1	0	0	0	0	0	0
Outgoing_CD4_to_partner	NK	CD276	1	0	0	0	0	0	0
Outgoing_CD4_to_partner	NK	LAIR1	1	0	0	0	0	0	0
Outgoing_CD4_to_partner	NK	MMP	1	0	0	0	0	0	0
Outgoing_CD4_to_partner	NK	Netrin	8	0	0	0	0	0	0
Outgoing_CD4_to_partner	NK	CD200	1	0	0	0	0	0	0
Outgoing_CD4_to_partner	NK	SIRP	1	0.0652713008980204	0.0624866886571861	0.00278461224083432	0.00278461224083432	1	1
Incoming_partner_to_CD4	NK	TGFb	12	0	0	0	0	0	0
Incoming_partner_to_CD4	NK	BMP	75	0	0	0	0	0	0
Incoming_partner_to_CD4	NK	BMP10	4	0	0	0	0	0	0
Incoming_partner_to_CD4	NK	GDF	6	0	0	0	0	0	0
Incoming_partner_to_CD4	NK	MSTN	4	0	0	0	0	0	0
Incoming_partner_to_CD4	NK	AMH	2	0	0	0	0	0	0
Incoming_partner_to_CD4	NK	GDNF	5	0	0	0	0	0	0
Incoming_partner_to_CD4	NK	NODAL	12	0	0	0	0	0	0
Incoming_partner_to_CD4	NK	ACTIVIN	20	0	0	0	0	0	0
Incoming_partner_to_CD4	NK	WNT	320	0	0	0	0	0	0
Incoming_partner_to_CD4	NK	ncWNT	31	0	0	0	0	0	0
Incoming_partner_to_CD4	NK	EGF	18	0	0	0	0	0	0
Incoming_partner_to_CD4	NK	NRG	13	0	0	0	0	0	0
Incoming_partner_to_CD4	NK	FGF	46	0	0	0	0	0	0
Incoming_partner_to_CD4	NK	PDGF	6	0	0	0	0	0	0
Incoming_partner_to_CD4	NK	VEGF	8	0	0	0	0	0	0
Incoming_partner_to_CD4	NK	IGF	8	0	0	0	0	0	0
Incoming_partner_to_CD4	NK	INSULIN	1	0	0	0	0	0	0
Incoming_partner_to_CD4	NK	HH	6	0	0	0	0	0	0
Incoming_partner_to_CD4	NK	CCL	55	0.0916375953754761	0.156213991999657	-0.0645763966241805	-0.00117411630225783	2	3
Incoming_partner_to_CD4	NK	CXCL	22	0	0	0	0	0	0
Incoming_partner_to_CD4	NK	MIF	4	0.222737251464262	0.22419686982409	-0.00145961835982805	-0.000364904589957013	0	0
Incoming_partner_to_CD4	NK	CX3C	1	0	0	0	0	0	0
Incoming_partner_to_CD4	NK	XCR	2	0	0	0	0	0	0
Incoming_partner_to_CD4	NK	IL2	8	0	0	0	0	0	0
Incoming_partner_to_CD4	NK	IL4	10	0	0	0	0	0	0
Incoming_partner_to_CD4	NK	IL6	3	0	0	0	0	0	0
Incoming_partner_to_CD4	NK	IL12	3	0	0	0	0	0	0
Incoming_partner_to_CD4	NK	LIFR	4	0	0	0	0	0	0
Incoming_partner_to_CD4	NK	OSM	2	0	0	0	0	0	0
Incoming_partner_to_CD4	NK	IL10	8	0	0	0	0	0	0
Incoming_partner_to_CD4	NK	IL1	10	0	0	0	0	0	0
Incoming_partner_to_CD4	NK	IL17	6	0	0	0	0	0	0
Incoming_partner_to_CD4	NK	CSF	2	0	0	0	0	0	0
Incoming_partner_to_CD4	NK	IL16	1	0.0147638900749901	0.0104314323351819	0.00433245773980823	0.00433245773980823	1	1
Incoming_partner_to_CD4	NK	EPO	1	0	0	0	0	0	0
Incoming_partner_to_CD4	NK	GH	2	0	0	0	0	0	0
Incoming_partner_to_CD4	NK	PRL	1	0	0	0	0	0	0
Incoming_partner_to_CD4	NK	CSF3	1	0	0	0	0	0	0
Incoming_partner_to_CD4	NK	IFN-I	17	0	0	0	0	0	0
Incoming_partner_to_CD4	NK	IFN-II	1	0	0	0	0	0	0
Incoming_partner_to_CD4	NK	TNF	2	0	0	0	0	0	0
Incoming_partner_to_CD4	NK	LT	4	0	0	0	0	0	0
Incoming_partner_to_CD4	NK	LIGHT	2	0	0	0	0	0	0
Incoming_partner_to_CD4	NK	FASLG	1	0	0	0	0	0	0
Incoming_partner_to_CD4	NK	VEGI	1	0	0	0	0	0	0
Incoming_partner_to_CD4	NK	TRAIL	1	0	0	0	0	0	0
Incoming_partner_to_CD4	NK	NGF	2	0	0	0	0	0	0
Incoming_partner_to_CD4	NK	RANKL	2	0	0	0	0	0	0
Incoming_partner_to_CD4	NK	TWEAK	1	0	0	0	0	0	0
Incoming_partner_to_CD4	NK	CD70	1	0	0	0	0	0	0
Incoming_partner_to_CD4	NK	CD30	1	0	0	0	0	0	0
Incoming_partner_to_CD4	NK	CD137	1	0	0	0	0	0	0
Incoming_partner_to_CD4	NK	OX40	1	0	0	0	0	0	0
Incoming_partner_to_CD4	NK	GITRL	1	0	0	0	0	0	0
Incoming_partner_to_CD4	NK	APRIL	2	0	0	0	0	0	0
Incoming_partner_to_CD4	NK	BAFF	3	0	0	0	0	0	0
Incoming_partner_to_CD4	NK	CD40	4	0	0	0	0	0	0
Incoming_partner_to_CD4	NK	SPP1	9	0	0	0	0	0	0
Incoming_partner_to_CD4	NK	ADIPONECTIN	2	0	0	0	0	0	0
Incoming_partner_to_CD4	NK	RESISTIN	2	0	0	0	0	0	0
Incoming_partner_to_CD4	NK	VISFATIN	1	0	0	0	0	0	0
Incoming_partner_to_CD4	NK	ANGPTL	15	0	0	0	0	0	0
Incoming_partner_to_CD4	NK	ANGPT	2	0	0	0	0	0	0
Incoming_partner_to_CD4	NK	MK	9	0	0	0	0	0	0
Incoming_partner_to_CD4	NK	PTN	8	0	0	0	0	0	0
Incoming_partner_to_CD4	NK	PERIOSTIN	2	0	0	0	0	0	0
Incoming_partner_to_CD4	NK	AGT	3	0	0	0	0	0	0
Incoming_partner_to_CD4	NK	GPR	2	0	0	0	0	0	0
Incoming_partner_to_CD4	NK	BRADYKININ	2	0	0	0	0	0	0
Incoming_partner_to_CD4	NK	COMPLEMENT	7	0	0	0	0	0	0
Incoming_partner_to_CD4	NK	EDN	5	0	0	0	0	0	0
Incoming_partner_to_CD4	NK	GALANIN	6	0	0	0	0	0	0
Incoming_partner_to_CD4	NK	GHRELIN	1	0	0	0	0	0	0
Incoming_partner_to_CD4	NK	MELANOCORTIN	5	0	0	0	0	0	0
Incoming_partner_to_CD4	NK	NMU	2	0	0	0	0	0	0
Incoming_partner_to_CD4	NK	NPFF	2	0	0	0	0	0	0
Incoming_partner_to_CD4	NK	NPY	16	0	0	0	0	0	0
Incoming_partner_to_CD4	NK	NPW-B	2	0	0	0	0	0	0
Incoming_partner_to_CD4	NK	NTS	3	0	0	0	0	0	0
Incoming_partner_to_CD4	NK	OPIOID	12	0	0	0	0	0	0
Incoming_partner_to_CD4	NK	HCRT	1	0	0	0	0	0	0
Incoming_partner_to_CD4	NK	OXT	1	0	0	0	0	0	0
Incoming_partner_to_CD4	NK	SOMATOSTATIN	7	0	0	0	0	0	0
Incoming_partner_to_CD4	NK	TAC	4	0	0	0	0	0	0
Incoming_partner_to_CD4	NK	UTS2	1	0	0	0	0	0	0
Incoming_partner_to_CD4	NK	PARs	29	0	0.00786947719395146	-0.00786947719395146	-0.00027136128255005	0	0
Incoming_partner_to_CD4	NK	PMCH	2	0	0	0	0	0	0
Incoming_partner_to_CD4	NK	PROK	4	0	0	0	0	0	0
Incoming_partner_to_CD4	NK	NPR1	1	0	0	0	0	0	0
Incoming_partner_to_CD4	NK	NPR2	1	0	0	0	0	0	0
Incoming_partner_to_CD4	NK	KIT	1	0	0	0	0	0	0
Incoming_partner_to_CD4	NK	GIPR	1	0	0	0	0	0	0
Incoming_partner_to_CD4	NK	FSH	2	0	0	0	0	0	0
Incoming_partner_to_CD4	NK	TSH	2	0	0	0	0	0	0
Incoming_partner_to_CD4	NK	NT	9	0	0	0	0	0	0
Incoming_partner_to_CD4	NK	FLT3	1	0	0	0	0	0	0
Incoming_partner_to_CD4	NK	HGF	1	0	0	0	0	0	0
Incoming_partner_to_CD4	NK	SEMA3	39	0	0	0	0	0	0
Incoming_partner_to_CD4	NK	CALCR	8	0	0	0	0	0	0
Incoming_partner_to_CD4	NK	ANNEXIN	6	0	0	0	0	0	0
Incoming_partner_to_CD4	NK	CRH	1	0	0	0	0	0	0
Incoming_partner_to_CD4	NK	ENHO	1	0	0	0	0	0	0
Incoming_partner_to_CD4	NK	GAS	3	0	0	0	0	0	0
Incoming_partner_to_CD4	NK	GCG	3	0	0	0	0	0	0
Incoming_partner_to_CD4	NK	GHRH	4	0	0	0	0	0	0
Incoming_partner_to_CD4	NK	GNRH	1	0	0	0	0	0	0
Incoming_partner_to_CD4	NK	GRN	1	0	0	0	0	0	0
Incoming_partner_to_CD4	NK	GUCA	2	0	0	0	0	0	0
Incoming_partner_to_CD4	NK	RLN	16	0	0	0	0	0	0
Incoming_partner_to_CD4	NK	LEP	1	0	0	0	0	0	0
Incoming_partner_to_CD4	NK	GALECTIN	5	0	0	0	0	0	0
Incoming_partner_to_CD4	NK	NPVF	1	0	0	0	0	0	0
Incoming_partner_to_CD4	NK	PROS	3	0	0	0	0	0	0
Incoming_partner_to_CD4	NK	PSAP	2	0	0	0	0	0	0
Incoming_partner_to_CD4	NK	PTH	3	0	0	0	0	0	0
Incoming_partner_to_CD4	NK	QRFP	1	0	0	0	0	0	0
Incoming_partner_to_CD4	NK	CHEMERIN	2	0	0	0	0	0	0
Incoming_partner_to_CD4	NK	SAA	1	0	0	0	0	0	0
Incoming_partner_to_CD4	NK	UGRP1	1	0	0	0	0	0	0
Incoming_partner_to_CD4	NK	SCT	1	0	0	0	0	0	0
Incoming_partner_to_CD4	NK	SLURP	16	0	0	0	0	0	0
Incoming_partner_to_CD4	NK	BTLA	1	0	0	0	0	0	0
Incoming_partner_to_CD4	NK	TRH	1	0	0	0	0	0	0
Incoming_partner_to_CD4	NK	UCN	4	0	0	0	0	0	0
Incoming_partner_to_CD4	NK	UROTENSIN	2	0	0	0	0	0	0
Incoming_partner_to_CD4	NK	BAG	1	0	0	0	0	0	0
Incoming_partner_to_CD4	NK	KLK	12	0	0	0	0	0	0
Incoming_partner_to_CD4	NK	ADM	6	0	0	0	0	0	0
Incoming_partner_to_CD4	NK	CALC	12	0	0	0	0	0	0
Incoming_partner_to_CD4	NK	IAPP	6	0	0	0	0	0	0
Incoming_partner_to_CD4	NK	PROCR	2	0	0	0	0	0	0
Incoming_partner_to_CD4	NK	CTSG	1	0	0	0	0	0	0
Incoming_partner_to_CD4	NK	GRP	1	0	0	0	0	0	0
Incoming_partner_to_CD4	NK	PTPR	11	0	0	0	0	0	0
Incoming_partner_to_CD4	NK	SLITRK	8	0	0	0	0	0	0
Incoming_partner_to_CD4	NK	IGFBP	1	0	0	0	0	0	0
Incoming_partner_to_CD4	NK	CypA	1	0.0931461443066231	0.0916502235258531	0.00149592078076997	0.00149592078076997	0	0
Incoming_partner_to_CD4	NK	PROC	1	0	0	0	0	0	0
Incoming_partner_to_CD4	NK	MHC-I	41	2.20056658981168	2.48575892283554	-0.285192333023858	-0.00695591056155751	12	13
Incoming_partner_to_CD4	NK	RBP4	1	0	0	0	0	0	0
Incoming_partner_to_CD4	NK	SLIT	3	0	0	0	0	0	0
Incoming_partner_to_CD4	NK	TULP	5	0	0	0	0	0	0
Incoming_partner_to_CD4	NK	PLAU	1	0	0	0	0	0	0
Incoming_partner_to_CD4	NK	COLLAGEN	187	0	0	0	0	0	0
Incoming_partner_to_CD4	NK	FN1	13	0	0	0	0	0	0
Incoming_partner_to_CD4	NK	LAMININ	139	0	0	0	0	0	0
Incoming_partner_to_CD4	NK	CHAD	1	0	0	0	0	0	0
Incoming_partner_to_CD4	NK	RELN	3	0	0	0	0	0	0
Incoming_partner_to_CD4	NK	THBS	30	0	0	0	0	0	0
Incoming_partner_to_CD4	NK	VTN	7	0	0	0	0	0	0
Incoming_partner_to_CD4	NK	TENASCIN	28	0	0	0	0	0	0
Incoming_partner_to_CD4	NK	NPNT	2	0	0	0	0	0	0
Incoming_partner_to_CD4	NK	DSPP	2	0	0	0	0	0	0
Incoming_partner_to_CD4	NK	VWF	3	0	0	0	0	0	0
Incoming_partner_to_CD4	NK	BSP	2	0	0	0	0	0	0
Incoming_partner_to_CD4	NK	DMP1	1	0	0	0	0	0	0
Incoming_partner_to_CD4	NK	AGRN	1	0	0	0	0	0	0
Incoming_partner_to_CD4	NK	HSPG	1	0	0	0	0	0	0
Incoming_partner_to_CD4	NK	APP	4	0	0	0	0	0	0
Incoming_partner_to_CD4	NK	CADM	6	0	0	0	0	0	0
Incoming_partner_to_CD4	NK	CD23	4	0	0	0	0	0	0
Incoming_partner_to_CD4	NK	CD34	1	0	0	0	0	0	0
Incoming_partner_to_CD4	NK	CD39	4	0	0	0	0	0	0
Incoming_partner_to_CD4	NK	CD45	2	0	0	0	0	0	0
Incoming_partner_to_CD4	NK	CD46	1	0	0	0	0	0	0
Incoming_partner_to_CD4	NK	CD48	1	0	0	0	0	0	0
Incoming_partner_to_CD4	NK	CD6	1	0	0	0	0	0	0
Incoming_partner_to_CD4	NK	CD80	3	0	0	0	0	0	0
Incoming_partner_to_CD4	NK	CD86	2	0	0	0	0	0	0
Incoming_partner_to_CD4	NK	CD96	1	0	0	0	0	0	0
Incoming_partner_to_CD4	NK	CD99	4	0.194263709983539	0.203091825522664	-0.00882811553912469	-0.00220702888478117	1	2
Incoming_partner_to_CD4	NK	CDH	4	0	0	0	0	0	0
Incoming_partner_to_CD4	NK	CDH1	3	0	0	0	0	0	0
Incoming_partner_to_CD4	NK	CEACAM	7	0	0	0	0	0	0
Incoming_partner_to_CD4	NK	CLDN	4	0	0	0	0	0	0
Incoming_partner_to_CD4	NK	CLEC	6	0	0	0	0	0	0
Incoming_partner_to_CD4	NK	CNTN	7	0	0	0	0	0	0
Incoming_partner_to_CD4	NK	CSPG4	1	0	0	0	0	0	0
Incoming_partner_to_CD4	NK	DESMOSOME	11	0	0	0	0	0	0
Incoming_partner_to_CD4	NK	EPGN	1	0	0	0	0	0	0
Incoming_partner_to_CD4	NK	EPHA	32	0	0	0	0	0	0
Incoming_partner_to_CD4	NK	EPHB	16	0	0	0	0	0	0
Incoming_partner_to_CD4	NK	ESAM	1	0	0	0	0	0	0
Incoming_partner_to_CD4	NK	GP1BA	1	0	0	0	0	0	0
Incoming_partner_to_CD4	NK	ICAM	8	0	0	0	0	0	0
Incoming_partner_to_CD4	NK	ICOS	3	0	0	0	0	0	0
Incoming_partner_to_CD4	NK	JAM	10	0	0	0	0	0	0
Incoming_partner_to_CD4	NK	L1CAM	3	0	0	0	0	0	0
Incoming_partner_to_CD4	NK	LCK	1	0.0963081576281079	0.103335370913943	-0.0070272132858346	-0.0070272132858346	1	1
Incoming_partner_to_CD4	NK	MADCAM	1	0	0	0	0	0	0
Incoming_partner_to_CD4	NK	MHC-II	12	0.0867581777522961	0.0614092826719639	0.0253488950803322	0.00211240792336102	5	5
Incoming_partner_to_CD4	NK	MPZ	3	0	0	0	0	0	0
Incoming_partner_to_CD4	NK	NCAM	5	0	0	0	0	0	0
Incoming_partner_to_CD4	NK	NEGR	1	0	0	0	0	0	0
Incoming_partner_to_CD4	NK	NGL	3	0	0	0	0	0	0
Incoming_partner_to_CD4	NK	NOTCH	24	0	0	0	0	0	0
Incoming_partner_to_CD4	NK	NRXN	24	0	0	0	0	0	0
Incoming_partner_to_CD4	NK	PD-L1	1	0	0	0	0	0	0
Incoming_partner_to_CD4	NK	PDL2	1	0	0	0	0	0	0
Incoming_partner_to_CD4	NK	PTPRM	1	0	0	0	0	0	0
Incoming_partner_to_CD4	NK	PVR	2	0	0	0	0	0	0
Incoming_partner_to_CD4	NK	SELE	2	0	0	0	0	0	0
Incoming_partner_to_CD4	NK	SELL	4	0	0	0	0	0	0
Incoming_partner_to_CD4	NK	SELPLG	3	0	0.0115361109881739	-0.0115361109881739	-0.00384537032939131	0	0
Incoming_partner_to_CD4	NK	SEMA4	13	0	0	0	0	0	0
Incoming_partner_to_CD4	NK	SEMA5	5	0	0	0	0	0	0
Incoming_partner_to_CD4	NK	SEMA6	7	0	0	0	0	0	0
Incoming_partner_to_CD4	NK	SEMA7	2	0	0	0	0	0	0
Incoming_partner_to_CD4	NK	SN	1	0	0	0	0	0	0
Incoming_partner_to_CD4	NK	THY1	3	0	0	0	0	0	0
Incoming_partner_to_CD4	NK	VCAM	4	0	0	0	0	0	0
Incoming_partner_to_CD4	NK	GAP	4	0	0	0	0	0	0
Incoming_partner_to_CD4	NK	PCDH	27	0	0	0	0	0	0
Incoming_partner_to_CD4	NK	FLRT	1	0	0	0	0	0	0
Incoming_partner_to_CD4	NK	UNC5	12	0	0	0	0	0	0
Incoming_partner_to_CD4	NK	ApoA	4	0	0	0	0	0	0
Incoming_partner_to_CD4	NK	ApoB	2	0	0	0	0	0	0
Incoming_partner_to_CD4	NK	ApoE	1	0	0	0	0	0	0
Incoming_partner_to_CD4	NK	CD160	1	0	0	0	0	0	0
Incoming_partner_to_CD4	NK	CD276	1	0	0	0	0	0	0
Incoming_partner_to_CD4	NK	LAIR1	1	0	0	0	0	0	0
Incoming_partner_to_CD4	NK	MMP	1	0	0	0	0	0	0
Incoming_partner_to_CD4	NK	Netrin	8	0	0	0	0	0	0
Incoming_partner_to_CD4	NK	CD200	1	0	0	0	0	0	0
Incoming_partner_to_CD4	NK	SIRP	1	0	0	0	0	0	0
Outgoing_CD4_to_partner	pDC	TGFb	12	0	0	0	0	0	0
Outgoing_CD4_to_partner	pDC	BMP	75	0	0	0	0	0	0
Outgoing_CD4_to_partner	pDC	BMP10	4	0	0	0	0	0	0
Outgoing_CD4_to_partner	pDC	GDF	6	0	0	0	0	0	0
Outgoing_CD4_to_partner	pDC	MSTN	4	0	0	0	0	0	0
Outgoing_CD4_to_partner	pDC	AMH	2	0	0	0	0	0	0
Outgoing_CD4_to_partner	pDC	GDNF	5	0	0	0	0	0	0
Outgoing_CD4_to_partner	pDC	NODAL	12	0	0	0	0	0	0
Outgoing_CD4_to_partner	pDC	ACTIVIN	20	0	0	0	0	0	0
Outgoing_CD4_to_partner	pDC	WNT	320	0	0	0	0	0	0
Outgoing_CD4_to_partner	pDC	ncWNT	31	0	0	0	0	0	0
Outgoing_CD4_to_partner	pDC	EGF	18	0	0	0	0	0	0
Outgoing_CD4_to_partner	pDC	NRG	13	0	0	0	0	0	0
Outgoing_CD4_to_partner	pDC	FGF	46	0	0	0	0	0	0
Outgoing_CD4_to_partner	pDC	PDGF	6	0	0	0	0	0	0
Outgoing_CD4_to_partner	pDC	VEGF	8	0	0	0	0	0	0
Outgoing_CD4_to_partner	pDC	IGF	8	0	0	0	0	0	0
Outgoing_CD4_to_partner	pDC	INSULIN	1	0	0	0	0	0	0
Outgoing_CD4_to_partner	pDC	HH	6	0	0	0	0	0	0
Outgoing_CD4_to_partner	pDC	CCL	55	0	0	0	0	0	0
Outgoing_CD4_to_partner	pDC	CXCL	22	0.0753901549930359	0	0.0753901549930359	0.00342682522695618	1	0
Outgoing_CD4_to_partner	pDC	MIF	4	0.500902992728915	0.457100352913047	0.043802639815868	0.010950659953967	1	1
Outgoing_CD4_to_partner	pDC	CX3C	1	0	0	0	0	0	0
Outgoing_CD4_to_partner	pDC	XCR	2	0	0	0	0	0	0
Outgoing_CD4_to_partner	pDC	IL2	8	0	0	0	0	0	0
Outgoing_CD4_to_partner	pDC	IL4	10	0	0	0	0	0	0
Outgoing_CD4_to_partner	pDC	IL6	3	0	0	0	0	0	0
Outgoing_CD4_to_partner	pDC	IL12	3	0	0	0	0	0	0
Outgoing_CD4_to_partner	pDC	LIFR	4	0	0	0	0	0	0
Outgoing_CD4_to_partner	pDC	OSM	2	0	0	0	0	0	0
Outgoing_CD4_to_partner	pDC	IL10	8	0	0	0	0	0	0
Outgoing_CD4_to_partner	pDC	IL1	10	0	0	0	0	0	0
Outgoing_CD4_to_partner	pDC	IL17	6	0	0	0	0	0	0
Outgoing_CD4_to_partner	pDC	CSF	2	0	0	0	0	0	0
Outgoing_CD4_to_partner	pDC	IL16	1	0.0811172217540364	0.0833012234557294	-0.002184001701693	-0.002184001701693	1	1
Outgoing_CD4_to_partner	pDC	EPO	1	0	0	0	0	0	0
Outgoing_CD4_to_partner	pDC	GH	2	0	0	0	0	0	0
Outgoing_CD4_to_partner	pDC	PRL	1	0	0	0	0	0	0
Outgoing_CD4_to_partner	pDC	CSF3	1	0	0	0	0	0	0
Outgoing_CD4_to_partner	pDC	IFN-I	17	0	0	0	0	0	0
Outgoing_CD4_to_partner	pDC	IFN-II	1	0.0135312100327307	0.0133931888079618	0.000138021224768945	0.000138021224768945	1	1
Outgoing_CD4_to_partner	pDC	TNF	2	0	0	0	0	0	0
Outgoing_CD4_to_partner	pDC	LT	4	0	0	0	0	0	0
Outgoing_CD4_to_partner	pDC	LIGHT	2	0	0	0	0	0	0
Outgoing_CD4_to_partner	pDC	FASLG	1	0	0	0	0	0	0
Outgoing_CD4_to_partner	pDC	VEGI	1	0	0	0	0	0	0
Outgoing_CD4_to_partner	pDC	TRAIL	1	0	0	0	0	0	0
Outgoing_CD4_to_partner	pDC	NGF	2	0	0	0	0	0	0
Outgoing_CD4_to_partner	pDC	RANKL	2	0	0	0	0	0	0
Outgoing_CD4_to_partner	pDC	TWEAK	1	0	0	0	0	0	0
Outgoing_CD4_to_partner	pDC	CD70	1	0	0	0	0	0	0
Outgoing_CD4_to_partner	pDC	CD30	1	0	0	0	0	0	0
Outgoing_CD4_to_partner	pDC	CD137	1	0	0	0	0	0	0
Outgoing_CD4_to_partner	pDC	OX40	1	0	0	0	0	0	0
Outgoing_CD4_to_partner	pDC	GITRL	1	0	0	0	0	0	0
Outgoing_CD4_to_partner	pDC	APRIL	2	0	0	0	0	0	0
Outgoing_CD4_to_partner	pDC	BAFF	3	0	0	0	0	0	0
Outgoing_CD4_to_partner	pDC	CD40	4	0	0	0	0	0	0
Outgoing_CD4_to_partner	pDC	SPP1	9	0	0	0	0	0	0
Outgoing_CD4_to_partner	pDC	ADIPONECTIN	2	0	0	0	0	0	0
Outgoing_CD4_to_partner	pDC	RESISTIN	2	0	0	0	0	0	0
Outgoing_CD4_to_partner	pDC	VISFATIN	1	0	0	0	0	0	0
Outgoing_CD4_to_partner	pDC	ANGPTL	15	0	0	0	0	0	0
Outgoing_CD4_to_partner	pDC	ANGPT	2	0	0	0	0	0	0
Outgoing_CD4_to_partner	pDC	MK	9	0	0	0	0	0	0
Outgoing_CD4_to_partner	pDC	PTN	8	0	0	0	0	0	0
Outgoing_CD4_to_partner	pDC	PERIOSTIN	2	0	0	0	0	0	0
Outgoing_CD4_to_partner	pDC	AGT	3	0	0	0	0	0	0
Outgoing_CD4_to_partner	pDC	GPR	2	0	0	0	0	0	0
Outgoing_CD4_to_partner	pDC	BRADYKININ	2	0	0	0	0	0	0
Outgoing_CD4_to_partner	pDC	COMPLEMENT	7	0	0	0	0	0	0
Outgoing_CD4_to_partner	pDC	EDN	5	0	0	0	0	0	0
Outgoing_CD4_to_partner	pDC	GALANIN	6	0	0	0	0	0	0
Outgoing_CD4_to_partner	pDC	GHRELIN	1	0	0	0	0	0	0
Outgoing_CD4_to_partner	pDC	MELANOCORTIN	5	0	0	0	0	0	0
Outgoing_CD4_to_partner	pDC	NMU	2	0	0	0	0	0	0
Outgoing_CD4_to_partner	pDC	NPFF	2	0	0	0	0	0	0
Outgoing_CD4_to_partner	pDC	NPY	16	0	0	0	0	0	0
Outgoing_CD4_to_partner	pDC	NPW-B	2	0	0	0	0	0	0
Outgoing_CD4_to_partner	pDC	NTS	3	0	0	0	0	0	0
Outgoing_CD4_to_partner	pDC	OPIOID	12	0	0	0	0	0	0
Outgoing_CD4_to_partner	pDC	HCRT	1	0	0	0	0	0	0
Outgoing_CD4_to_partner	pDC	OXT	1	0	0	0	0	0	0
Outgoing_CD4_to_partner	pDC	SOMATOSTATIN	7	0	0	0	0	0	0
Outgoing_CD4_to_partner	pDC	TAC	4	0	0	0	0	0	0
Outgoing_CD4_to_partner	pDC	UTS2	1	0	0	0	0	0	0
Outgoing_CD4_to_partner	pDC	PARs	29	0	0	0	0	0	0
Outgoing_CD4_to_partner	pDC	PMCH	2	0	0	0	0	0	0
Outgoing_CD4_to_partner	pDC	PROK	4	0	0	0	0	0	0
Outgoing_CD4_to_partner	pDC	NPR1	1	0	0	0	0	0	0
Outgoing_CD4_to_partner	pDC	NPR2	1	0	0	0	0	0	0
Outgoing_CD4_to_partner	pDC	KIT	1	0	0	0	0	0	0
Outgoing_CD4_to_partner	pDC	GIPR	1	0	0	0	0	0	0
Outgoing_CD4_to_partner	pDC	FSH	2	0	0	0	0	0	0
Outgoing_CD4_to_partner	pDC	TSH	2	0	0	0	0	0	0
Outgoing_CD4_to_partner	pDC	NT	9	0	0	0	0	0	0
Outgoing_CD4_to_partner	pDC	FLT3	1	0	0	0	0	0	0
Outgoing_CD4_to_partner	pDC	HGF	1	0	0	0	0	0	0
Outgoing_CD4_to_partner	pDC	SEMA3	39	0	0	0	0	0	0
Outgoing_CD4_to_partner	pDC	CALCR	8	0	0	0	0	0	0
Outgoing_CD4_to_partner	pDC	ANNEXIN	6	0	0	0	0	0	0
Outgoing_CD4_to_partner	pDC	CRH	1	0	0	0	0	0	0
Outgoing_CD4_to_partner	pDC	ENHO	1	0	0	0	0	0	0
Outgoing_CD4_to_partner	pDC	GAS	3	0	0	0	0	0	0
Outgoing_CD4_to_partner	pDC	GCG	3	0	0	0	0	0	0
Outgoing_CD4_to_partner	pDC	GHRH	4	0	0	0	0	0	0
Outgoing_CD4_to_partner	pDC	GNRH	1	0	0	0	0	0	0
Outgoing_CD4_to_partner	pDC	GRN	1	0	0	0	0	0	0
Outgoing_CD4_to_partner	pDC	GUCA	2	0	0	0	0	0	0
Outgoing_CD4_to_partner	pDC	RLN	16	0	0	0	0	0	0
Outgoing_CD4_to_partner	pDC	LEP	1	0	0	0	0	0	0
Outgoing_CD4_to_partner	pDC	GALECTIN	5	0	0	0	0	0	0
Outgoing_CD4_to_partner	pDC	NPVF	1	0	0	0	0	0	0
Outgoing_CD4_to_partner	pDC	PROS	3	0	0	0	0	0	0
Outgoing_CD4_to_partner	pDC	PSAP	2	0	0	0	0	0	0
Outgoing_CD4_to_partner	pDC	PTH	3	0	0	0	0	0	0
Outgoing_CD4_to_partner	pDC	QRFP	1	0	0	0	0	0	0
Outgoing_CD4_to_partner	pDC	CHEMERIN	2	0	0	0	0	0	0
Outgoing_CD4_to_partner	pDC	SAA	1	0	0	0	0	0	0
Outgoing_CD4_to_partner	pDC	UGRP1	1	0	0	0	0	0	0
Outgoing_CD4_to_partner	pDC	SCT	1	0	0	0	0	0	0
Outgoing_CD4_to_partner	pDC	SLURP	16	0	0	0	0	0	0
Outgoing_CD4_to_partner	pDC	BTLA	1	0	0	0	0	0	0
Outgoing_CD4_to_partner	pDC	TRH	1	0	0	0	0	0	0
Outgoing_CD4_to_partner	pDC	UCN	4	0	0	0	0	0	0
Outgoing_CD4_to_partner	pDC	UROTENSIN	2	0	0	0	0	0	0
Outgoing_CD4_to_partner	pDC	BAG	1	0	0	0	0	0	0
Outgoing_CD4_to_partner	pDC	KLK	12	0	0	0	0	0	0
Outgoing_CD4_to_partner	pDC	ADM	6	0	0	0	0	0	0
Outgoing_CD4_to_partner	pDC	CALC	12	0	0	0	0	0	0
Outgoing_CD4_to_partner	pDC	IAPP	6	0	0	0	0	0	0
Outgoing_CD4_to_partner	pDC	PROCR	2	0	0	0	0	0	0
Outgoing_CD4_to_partner	pDC	CTSG	1	0	0	0	0	0	0
Outgoing_CD4_to_partner	pDC	GRP	1	0	0	0	0	0	0
Outgoing_CD4_to_partner	pDC	PTPR	11	0	0	0	0	0	0
Outgoing_CD4_to_partner	pDC	SLITRK	8	0	0	0	0	0	0
Outgoing_CD4_to_partner	pDC	IGFBP	1	0	0	0	0	0	0
Outgoing_CD4_to_partner	pDC	CypA	1	0.218402976528118	0.217204237937936	0.00119873859018146	0.00119873859018146	1	1
Outgoing_CD4_to_partner	pDC	PROC	1	0	0	0	0	0	0
Outgoing_CD4_to_partner	pDC	MHC-I	41	0.186581558528312	0.186312637083764	0.000268921444548435	6.55905962313255e-06	3	3
Outgoing_CD4_to_partner	pDC	RBP4	1	0	0	0	0	0	0
Outgoing_CD4_to_partner	pDC	SLIT	3	0	0	0	0	0	0
Outgoing_CD4_to_partner	pDC	TULP	5	0	0	0	0	0	0
Outgoing_CD4_to_partner	pDC	PLAU	1	0	0	0	0	0	0
Outgoing_CD4_to_partner	pDC	COLLAGEN	187	0	0	0	0	0	0
Outgoing_CD4_to_partner	pDC	FN1	13	0	0	0	0	0	0
Outgoing_CD4_to_partner	pDC	LAMININ	139	0	0	0	0	0	0
Outgoing_CD4_to_partner	pDC	CHAD	1	0	0	0	0	0	0
Outgoing_CD4_to_partner	pDC	RELN	3	0	0	0	0	0	0
Outgoing_CD4_to_partner	pDC	THBS	30	0	0	0	0	0	0
Outgoing_CD4_to_partner	pDC	VTN	7	0	0	0	0	0	0
Outgoing_CD4_to_partner	pDC	TENASCIN	28	0	0	0	0	0	0
Outgoing_CD4_to_partner	pDC	NPNT	2	0	0	0	0	0	0
Outgoing_CD4_to_partner	pDC	DSPP	2	0	0	0	0	0	0
Outgoing_CD4_to_partner	pDC	VWF	3	0	0	0	0	0	0
Outgoing_CD4_to_partner	pDC	BSP	2	0	0	0	0	0	0
Outgoing_CD4_to_partner	pDC	DMP1	1	0	0	0	0	0	0
Outgoing_CD4_to_partner	pDC	AGRN	1	0	0	0	0	0	0
Outgoing_CD4_to_partner	pDC	HSPG	1	0	0	0	0	0	0
Outgoing_CD4_to_partner	pDC	APP	4	0	0	0	0	0	0
Outgoing_CD4_to_partner	pDC	CADM	6	0	0	0	0	0	0
Outgoing_CD4_to_partner	pDC	CD23	4	0	0	0	0	0	0
Outgoing_CD4_to_partner	pDC	CD34	1	0	0	0	0	0	0
Outgoing_CD4_to_partner	pDC	CD39	4	0	0	0	0	0	0
Outgoing_CD4_to_partner	pDC	CD45	2	0	0	0	0	0	0
Outgoing_CD4_to_partner	pDC	CD46	1	0	0	0	0	0	0
Outgoing_CD4_to_partner	pDC	CD48	1	0	0	0	0	0	0
Outgoing_CD4_to_partner	pDC	CD6	1	0.0178752828925945	0.0207844422766882	-0.00290915938409367	-0.00290915938409367	1	1
Outgoing_CD4_to_partner	pDC	CD80	3	0	0	0	0	0	0
Outgoing_CD4_to_partner	pDC	CD86	2	0	0	0	0	0	0
Outgoing_CD4_to_partner	pDC	CD96	1	0	0	0	0	0	0
Outgoing_CD4_to_partner	pDC	CD99	4	0.214074881668245	0.215547884135995	-0.00147300246774963	-0.000368250616937408	1	1
Outgoing_CD4_to_partner	pDC	CDH	4	0	0	0	0	0	0
Outgoing_CD4_to_partner	pDC	CDH1	3	0	0	0	0	0	0
Outgoing_CD4_to_partner	pDC	CEACAM	7	0	0	0	0	0	0
Outgoing_CD4_to_partner	pDC	CLDN	4	0	0	0	0	0	0
Outgoing_CD4_to_partner	pDC	CLEC	6	0	0	0	0	0	0
Outgoing_CD4_to_partner	pDC	CNTN	7	0	0	0	0	0	0
Outgoing_CD4_to_partner	pDC	CSPG4	1	0	0	0	0	0	0
Outgoing_CD4_to_partner	pDC	DESMOSOME	11	0	0	0	0	0	0
Outgoing_CD4_to_partner	pDC	EPGN	1	0	0	0	0	0	0
Outgoing_CD4_to_partner	pDC	EPHA	32	0	0	0	0	0	0
Outgoing_CD4_to_partner	pDC	EPHB	16	0	0	0	0	0	0
Outgoing_CD4_to_partner	pDC	ESAM	1	0	0	0	0	0	0
Outgoing_CD4_to_partner	pDC	GP1BA	1	0	0	0	0	0	0
Outgoing_CD4_to_partner	pDC	ICAM	8	0	0	0	0	0	0
Outgoing_CD4_to_partner	pDC	ICOS	3	0	0	0	0	0	0
Outgoing_CD4_to_partner	pDC	JAM	10	0	0	0	0	0	0
Outgoing_CD4_to_partner	pDC	L1CAM	3	0	0	0	0	0	0
Outgoing_CD4_to_partner	pDC	LCK	1	0	0	0	0	0	0
Outgoing_CD4_to_partner	pDC	MADCAM	1	0	0	0	0	0	0
Outgoing_CD4_to_partner	pDC	MHC-II	12	0.964227928474396	1.04291158436035	-0.0786836558859495	-0.00655697132382913	7	7
Outgoing_CD4_to_partner	pDC	MPZ	3	0	0	0	0	0	0
Outgoing_CD4_to_partner	pDC	NCAM	5	0	0	0	0	0	0
Outgoing_CD4_to_partner	pDC	NEGR	1	0	0	0	0	0	0
Outgoing_CD4_to_partner	pDC	NGL	3	0	0	0	0	0	0
Outgoing_CD4_to_partner	pDC	NOTCH	24	0	0	0	0	0	0
Outgoing_CD4_to_partner	pDC	NRXN	24	0	0	0	0	0	0
Outgoing_CD4_to_partner	pDC	PD-L1	1	0	0	0	0	0	0
Outgoing_CD4_to_partner	pDC	PDL2	1	0	0	0	0	0	0
Outgoing_CD4_to_partner	pDC	PTPRM	1	0	0	0	0	0	0
Outgoing_CD4_to_partner	pDC	PVR	2	0	0	0	0	0	0
Outgoing_CD4_to_partner	pDC	SELE	2	0	0	0	0	0	0
Outgoing_CD4_to_partner	pDC	SELL	4	0	0	0	0	0	0
Outgoing_CD4_to_partner	pDC	SELPLG	3	0.100337533374263	0.170624702978549	-0.0702871696042862	-0.0234290565347621	1	1
Outgoing_CD4_to_partner	pDC	SEMA4	13	0.0529232263249207	0.0636207584051707	-0.0106975320802499	-0.000822887083096147	1	1
Outgoing_CD4_to_partner	pDC	SEMA5	5	0	0	0	0	0	0
Outgoing_CD4_to_partner	pDC	SEMA6	7	0	0	0	0	0	0
Outgoing_CD4_to_partner	pDC	SEMA7	2	0	0	0	0	0	0
Outgoing_CD4_to_partner	pDC	SN	1	0	0	0	0	0	0
Outgoing_CD4_to_partner	pDC	THY1	3	0	0	0	0	0	0
Outgoing_CD4_to_partner	pDC	VCAM	4	0	0	0	0	0	0
Outgoing_CD4_to_partner	pDC	GAP	4	0	0	0	0	0	0
Outgoing_CD4_to_partner	pDC	PCDH	27	0	0	0	0	0	0
Outgoing_CD4_to_partner	pDC	FLRT	1	0	0	0	0	0	0
Outgoing_CD4_to_partner	pDC	UNC5	12	0	0	0	0	0	0
Outgoing_CD4_to_partner	pDC	ApoA	4	0	0	0	0	0	0
Outgoing_CD4_to_partner	pDC	ApoB	2	0	0	0	0	0	0
Outgoing_CD4_to_partner	pDC	ApoE	1	0	0	0	0	0	0
Outgoing_CD4_to_partner	pDC	CD160	1	0	0	0	0	0	0
Outgoing_CD4_to_partner	pDC	CD276	1	0	0	0	0	0	0
Outgoing_CD4_to_partner	pDC	LAIR1	1	0	0	0	0	0	0
Outgoing_CD4_to_partner	pDC	MMP	1	0	0	0	0	0	0
Outgoing_CD4_to_partner	pDC	Netrin	8	0	0	0	0	0	0
Outgoing_CD4_to_partner	pDC	CD200	1	0	0	0	0	0	0
Outgoing_CD4_to_partner	pDC	SIRP	1	0.078447656427088	0.0751461045893201	0.00330155183776794	0.00330155183776794	1	1
Incoming_partner_to_CD4	pDC	TGFb	12	0	0	0	0	0	0
Incoming_partner_to_CD4	pDC	BMP	75	0	0	0	0	0	0
Incoming_partner_to_CD4	pDC	BMP10	4	0	0	0	0	0	0
Incoming_partner_to_CD4	pDC	GDF	6	0	0	0	0	0	0
Incoming_partner_to_CD4	pDC	MSTN	4	0	0	0	0	0	0
Incoming_partner_to_CD4	pDC	AMH	2	0	0	0	0	0	0
Incoming_partner_to_CD4	pDC	GDNF	5	0	0	0	0	0	0
Incoming_partner_to_CD4	pDC	NODAL	12	0	0	0	0	0	0
Incoming_partner_to_CD4	pDC	ACTIVIN	20	0	0	0	0	0	0
Incoming_partner_to_CD4	pDC	WNT	320	0	0	0	0	0	0
Incoming_partner_to_CD4	pDC	ncWNT	31	0	0	0	0	0	0
Incoming_partner_to_CD4	pDC	EGF	18	0	0	0	0	0	0
Incoming_partner_to_CD4	pDC	NRG	13	0	0	0	0	0	0
Incoming_partner_to_CD4	pDC	FGF	46	0	0	0	0	0	0
Incoming_partner_to_CD4	pDC	PDGF	6	0	0	0	0	0	0
Incoming_partner_to_CD4	pDC	VEGF	8	0	0	0	0	0	0
Incoming_partner_to_CD4	pDC	IGF	8	0	0	0	0	0	0
Incoming_partner_to_CD4	pDC	INSULIN	1	0	0	0	0	0	0
Incoming_partner_to_CD4	pDC	HH	6	0	0	0	0	0	0
Incoming_partner_to_CD4	pDC	CCL	55	0	0	0	0	0	0
Incoming_partner_to_CD4	pDC	CXCL	22	0.0141904689226891	0.0138455026131865	0.000344966309502651	1.56802867955751e-05	1	1
Incoming_partner_to_CD4	pDC	MIF	4	0.490049457834045	0.49283233792969	-0.00278288009564509	-0.000695720023911273	0	0
Incoming_partner_to_CD4	pDC	CX3C	1	0	0	0	0	0	0
Incoming_partner_to_CD4	pDC	XCR	2	0	0	0	0	0	0
Incoming_partner_to_CD4	pDC	IL2	8	0	0	0	0	0	0
Incoming_partner_to_CD4	pDC	IL4	10	0	0	0	0	0	0
Incoming_partner_to_CD4	pDC	IL6	3	0	0	0	0	0	0
Incoming_partner_to_CD4	pDC	IL12	3	0	0	0	0	0	0
Incoming_partner_to_CD4	pDC	LIFR	4	0	0	0	0	0	0
Incoming_partner_to_CD4	pDC	OSM	2	0	0	0	0	0	0
Incoming_partner_to_CD4	pDC	IL10	8	0	0	0	0	0	0
Incoming_partner_to_CD4	pDC	IL1	10	0	0	0	0	0	0
Incoming_partner_to_CD4	pDC	IL17	6	0	0	0	0	0	0
Incoming_partner_to_CD4	pDC	CSF	2	0	0	0	0	0	0
Incoming_partner_to_CD4	pDC	IL16	1	0.052599274668177	0.037587618905177	0.015011655763	0.015011655763	1	1
Incoming_partner_to_CD4	pDC	EPO	1	0	0	0	0	0	0
Incoming_partner_to_CD4	pDC	GH	2	0	0	0	0	0	0
Incoming_partner_to_CD4	pDC	PRL	1	0	0	0	0	0	0
Incoming_partner_to_CD4	pDC	CSF3	1	0	0	0	0	0	0
Incoming_partner_to_CD4	pDC	IFN-I	17	0	0	0	0	0	0
Incoming_partner_to_CD4	pDC	IFN-II	1	0	0	0	0	0	0
Incoming_partner_to_CD4	pDC	TNF	2	0	0	0	0	0	0
Incoming_partner_to_CD4	pDC	LT	4	0	0	0	0	0	0
Incoming_partner_to_CD4	pDC	LIGHT	2	0	0	0	0	0	0
Incoming_partner_to_CD4	pDC	FASLG	1	0	0	0	0	0	0
Incoming_partner_to_CD4	pDC	VEGI	1	0	0	0	0	0	0
Incoming_partner_to_CD4	pDC	TRAIL	1	0	0	0	0	0	0
Incoming_partner_to_CD4	pDC	NGF	2	0	0	0	0	0	0
Incoming_partner_to_CD4	pDC	RANKL	2	0	0	0	0	0	0
Incoming_partner_to_CD4	pDC	TWEAK	1	0	0	0	0	0	0
Incoming_partner_to_CD4	pDC	CD70	1	0	0	0	0	0	0
Incoming_partner_to_CD4	pDC	CD30	1	0	0	0	0	0	0
Incoming_partner_to_CD4	pDC	CD137	1	0.0028717429688969	0	0.0028717429688969	0.0028717429688969	1	0
Incoming_partner_to_CD4	pDC	OX40	1	0	0	0	0	0	0
Incoming_partner_to_CD4	pDC	GITRL	1	0	0	0	0	0	0
Incoming_partner_to_CD4	pDC	APRIL	2	0	0	0	0	0	0
Incoming_partner_to_CD4	pDC	BAFF	3	0	0	0	0	0	0
Incoming_partner_to_CD4	pDC	CD40	4	0	0	0	0	0	0
Incoming_partner_to_CD4	pDC	SPP1	9	0	0	0	0	0	0
Incoming_partner_to_CD4	pDC	ADIPONECTIN	2	0	0	0	0	0	0
Incoming_partner_to_CD4	pDC	RESISTIN	2	0	0	0	0	0	0
Incoming_partner_to_CD4	pDC	VISFATIN	1	0	0	0	0	0	0
Incoming_partner_to_CD4	pDC	ANGPTL	15	0	0	0	0	0	0
Incoming_partner_to_CD4	pDC	ANGPT	2	0	0	0	0	0	0
Incoming_partner_to_CD4	pDC	MK	9	0	0	0	0	0	0
Incoming_partner_to_CD4	pDC	PTN	8	0	0	0	0	0	0
Incoming_partner_to_CD4	pDC	PERIOSTIN	2	0	0	0	0	0	0
Incoming_partner_to_CD4	pDC	AGT	3	0	0	0	0	0	0
Incoming_partner_to_CD4	pDC	GPR	2	0	0	0	0	0	0
Incoming_partner_to_CD4	pDC	BRADYKININ	2	0	0	0	0	0	0
Incoming_partner_to_CD4	pDC	COMPLEMENT	7	0	0	0	0	0	0
Incoming_partner_to_CD4	pDC	EDN	5	0	0	0	0	0	0
Incoming_partner_to_CD4	pDC	GALANIN	6	0	0	0	0	0	0
Incoming_partner_to_CD4	pDC	GHRELIN	1	0	0	0	0	0	0
Incoming_partner_to_CD4	pDC	MELANOCORTIN	5	0	0	0	0	0	0
Incoming_partner_to_CD4	pDC	NMU	2	0	0	0	0	0	0
Incoming_partner_to_CD4	pDC	NPFF	2	0	0	0	0	0	0
Incoming_partner_to_CD4	pDC	NPY	16	0	0	0	0	0	0
Incoming_partner_to_CD4	pDC	NPW-B	2	0	0	0	0	0	0
Incoming_partner_to_CD4	pDC	NTS	3	0	0	0	0	0	0
Incoming_partner_to_CD4	pDC	OPIOID	12	0	0	0	0	0	0
Incoming_partner_to_CD4	pDC	HCRT	1	0	0	0	0	0	0
Incoming_partner_to_CD4	pDC	OXT	1	0	0	0	0	0	0
Incoming_partner_to_CD4	pDC	SOMATOSTATIN	7	0	0	0	0	0	0
Incoming_partner_to_CD4	pDC	TAC	4	0	0	0	0	0	0
Incoming_partner_to_CD4	pDC	UTS2	1	0	0	0	0	0	0
Incoming_partner_to_CD4	pDC	PARs	29	0	0	0	0	0	0
Incoming_partner_to_CD4	pDC	PMCH	2	0	0	0	0	0	0
Incoming_partner_to_CD4	pDC	PROK	4	0	0	0	0	0	0
Incoming_partner_to_CD4	pDC	NPR1	1	0	0	0	0	0	0
Incoming_partner_to_CD4	pDC	NPR2	1	0	0	0	0	0	0
Incoming_partner_to_CD4	pDC	KIT	1	0	0	0	0	0	0
Incoming_partner_to_CD4	pDC	GIPR	1	0	0	0	0	0	0
Incoming_partner_to_CD4	pDC	FSH	2	0	0	0	0	0	0
Incoming_partner_to_CD4	pDC	TSH	2	0	0	0	0	0	0
Incoming_partner_to_CD4	pDC	NT	9	0	0	0	0	0	0
Incoming_partner_to_CD4	pDC	FLT3	1	0	0	0	0	0	0
Incoming_partner_to_CD4	pDC	HGF	1	0	0	0	0	0	0
Incoming_partner_to_CD4	pDC	SEMA3	39	0	0	0	0	0	0
Incoming_partner_to_CD4	pDC	CALCR	8	0	0	0	0	0	0
Incoming_partner_to_CD4	pDC	ANNEXIN	6	0	0	0	0	0	0
Incoming_partner_to_CD4	pDC	CRH	1	0	0	0	0	0	0
Incoming_partner_to_CD4	pDC	ENHO	1	0	0	0	0	0	0
Incoming_partner_to_CD4	pDC	GAS	3	0	0	0	0	0	0
Incoming_partner_to_CD4	pDC	GCG	3	0	0	0	0	0	0
Incoming_partner_to_CD4	pDC	GHRH	4	0	0	0	0	0	0
Incoming_partner_to_CD4	pDC	GNRH	1	0	0	0	0	0	0
Incoming_partner_to_CD4	pDC	GRN	1	0	0	0	0	0	0
Incoming_partner_to_CD4	pDC	GUCA	2	0	0	0	0	0	0
Incoming_partner_to_CD4	pDC	RLN	16	0	0	0	0	0	0
Incoming_partner_to_CD4	pDC	LEP	1	0	0	0	0	0	0
Incoming_partner_to_CD4	pDC	GALECTIN	5	0.493206959147074	0.49046483866194	0.0027421204851338	0.000548424097026759	4	4
Incoming_partner_to_CD4	pDC	NPVF	1	0	0	0	0	0	0
Incoming_partner_to_CD4	pDC	PROS	3	0	0	0	0	0	0
Incoming_partner_to_CD4	pDC	PSAP	2	0	0	0	0	0	0
Incoming_partner_to_CD4	pDC	PTH	3	0	0	0	0	0	0
Incoming_partner_to_CD4	pDC	QRFP	1	0	0	0	0	0	0
Incoming_partner_to_CD4	pDC	CHEMERIN	2	0	0	0	0	0	0
Incoming_partner_to_CD4	pDC	SAA	1	0	0	0	0	0	0
Incoming_partner_to_CD4	pDC	UGRP1	1	0	0	0	0	0	0
Incoming_partner_to_CD4	pDC	SCT	1	0	0	0	0	0	0
Incoming_partner_to_CD4	pDC	SLURP	16	0	0	0	0	0	0
Incoming_partner_to_CD4	pDC	BTLA	1	0.0132074893119921	0.0131960365854545	1.14527265376359e-05	1.14527265376359e-05	1	1
Incoming_partner_to_CD4	pDC	TRH	1	0	0	0	0	0	0
Incoming_partner_to_CD4	pDC	UCN	4	0	0	0	0	0	0
Incoming_partner_to_CD4	pDC	UROTENSIN	2	0	0	0	0	0	0
Incoming_partner_to_CD4	pDC	BAG	1	0	0	0	0	0	0
Incoming_partner_to_CD4	pDC	KLK	12	0	0	0	0	0	0
Incoming_partner_to_CD4	pDC	ADM	6	0	0	0	0	0	0
Incoming_partner_to_CD4	pDC	CALC	12	0	0	0	0	0	0
Incoming_partner_to_CD4	pDC	IAPP	6	0	0	0	0	0	0
Incoming_partner_to_CD4	pDC	PROCR	2	0	0	0	0	0	0
Incoming_partner_to_CD4	pDC	CTSG	1	0	0	0	0	0	0
Incoming_partner_to_CD4	pDC	GRP	1	0	0	0	0	0	0
Incoming_partner_to_CD4	pDC	PTPR	11	0	0	0	0	0	0
Incoming_partner_to_CD4	pDC	SLITRK	8	0	0	0	0	0	0
Incoming_partner_to_CD4	pDC	IGFBP	1	0	0	0	0	0	0
Incoming_partner_to_CD4	pDC	CypA	1	0.0981152413985033	0.0965480135033996	0.0015672278951038	0.0015672278951038	0	0
Incoming_partner_to_CD4	pDC	PROC	1	0	0	0	0	0	0
Incoming_partner_to_CD4	pDC	MHC-I	41	2.09586258920233	2.36950272569543	-0.273640136493102	-0.00667414967056345	9	10
Incoming_partner_to_CD4	pDC	RBP4	1	0	0	0	0	0	0
Incoming_partner_to_CD4	pDC	SLIT	3	0	0	0	0	0	0
Incoming_partner_to_CD4	pDC	TULP	5	0	0	0	0	0	0
Incoming_partner_to_CD4	pDC	PLAU	1	0	0	0	0	0	0
Incoming_partner_to_CD4	pDC	COLLAGEN	187	0	0	0	0	0	0
Incoming_partner_to_CD4	pDC	FN1	13	0	0	0	0	0	0
Incoming_partner_to_CD4	pDC	LAMININ	139	0	0	0	0	0	0
Incoming_partner_to_CD4	pDC	CHAD	1	0	0	0	0	0	0
Incoming_partner_to_CD4	pDC	RELN	3	0	0	0	0	0	0
Incoming_partner_to_CD4	pDC	THBS	30	0	0	0	0	0	0
Incoming_partner_to_CD4	pDC	VTN	7	0	0	0	0	0	0
Incoming_partner_to_CD4	pDC	TENASCIN	28	0	0	0	0	0	0
Incoming_partner_to_CD4	pDC	NPNT	2	0	0	0	0	0	0
Incoming_partner_to_CD4	pDC	DSPP	2	0	0	0	0	0	0
Incoming_partner_to_CD4	pDC	VWF	3	0	0	0	0	0	0
Incoming_partner_to_CD4	pDC	BSP	2	0	0	0	0	0	0
Incoming_partner_to_CD4	pDC	DMP1	1	0	0	0	0	0	0
Incoming_partner_to_CD4	pDC	AGRN	1	0	0	0	0	0	0
Incoming_partner_to_CD4	pDC	HSPG	1	0	0	0	0	0	0
Incoming_partner_to_CD4	pDC	APP	4	0.300299853429567	0.301773791458401	-0.0014739380288341	-0.000368484507208525	1	2
Incoming_partner_to_CD4	pDC	CADM	6	0	0	0	0	0	0
Incoming_partner_to_CD4	pDC	CD23	4	0	0	0	0	0	0
Incoming_partner_to_CD4	pDC	CD34	1	0	0	0	0	0	0
Incoming_partner_to_CD4	pDC	CD39	4	0	0	0	0	0	0
Incoming_partner_to_CD4	pDC	CD45	2	0	0	0	0	0	0
Incoming_partner_to_CD4	pDC	CD46	1	0	0	0	0	0	0
Incoming_partner_to_CD4	pDC	CD48	1	0	0	0	0	0	0
Incoming_partner_to_CD4	pDC	CD6	1	0	0	0	0	0	0
Incoming_partner_to_CD4	pDC	CD80	3	0	0	0	0	0	0
Incoming_partner_to_CD4	pDC	CD86	2	0	0	0	0	0	0
Incoming_partner_to_CD4	pDC	CD96	1	0	0	0	0	0	0
Incoming_partner_to_CD4	pDC	CD99	4	0.214119611040845	0.223866417123307	-0.00974680608246189	-0.00243670152061547	1	2
Incoming_partner_to_CD4	pDC	CDH	4	0	0	0	0	0	0
Incoming_partner_to_CD4	pDC	CDH1	3	0	0.0027303979774108	-0.0027303979774108	-0.000910132659136935	0	1
Incoming_partner_to_CD4	pDC	CEACAM	7	0	0	0	0	0	0
Incoming_partner_to_CD4	pDC	CLDN	4	0	0	0	0	0	0
Incoming_partner_to_CD4	pDC	CLEC	6	0	0	0	0	0	0
Incoming_partner_to_CD4	pDC	CNTN	7	0	0	0	0	0	0
Incoming_partner_to_CD4	pDC	CSPG4	1	0	0	0	0	0	0
Incoming_partner_to_CD4	pDC	DESMOSOME	11	0	0	0	0	0	0
Incoming_partner_to_CD4	pDC	EPGN	1	0	0	0	0	0	0
Incoming_partner_to_CD4	pDC	EPHA	32	0	0	0	0	0	0
Incoming_partner_to_CD4	pDC	EPHB	16	0	0	0	0	0	0
Incoming_partner_to_CD4	pDC	ESAM	1	0	0	0	0	0	0
Incoming_partner_to_CD4	pDC	GP1BA	1	0	0	0	0	0	0
Incoming_partner_to_CD4	pDC	ICAM	8	0.346289224799118	0.365863055713822	-0.0195738309147042	-0.00244672886433802	3	3
Incoming_partner_to_CD4	pDC	ICOS	3	0.0379765929753597	0.0327203338936913	0.00525625908166846	0.00175208636055615	3	3
Incoming_partner_to_CD4	pDC	JAM	10	0.0432342761181172	0.0444779021478307	-0.00124362602971358	-0.000124362602971358	1	1
Incoming_partner_to_CD4	pDC	L1CAM	3	0	0	0	0	0	0
Incoming_partner_to_CD4	pDC	LCK	1	0	0	0	0	0	0
Incoming_partner_to_CD4	pDC	MADCAM	1	0	0	0	0	0	0
Incoming_partner_to_CD4	pDC	MHC-II	12	0.957280897897514	0.692341314528548	0.264939583368966	0.0220782986140805	11	11
Incoming_partner_to_CD4	pDC	MPZ	3	0	0	0	0	0	0
Incoming_partner_to_CD4	pDC	NCAM	5	0	0	0	0	0	0
Incoming_partner_to_CD4	pDC	NEGR	1	0	0	0	0	0	0
Incoming_partner_to_CD4	pDC	NGL	3	0	0	0	0	0	0
Incoming_partner_to_CD4	pDC	NOTCH	24	0	0	0	0	0	0
Incoming_partner_to_CD4	pDC	NRXN	24	0	0	0	0	0	0
Incoming_partner_to_CD4	pDC	PD-L1	1	0	0	0	0	0	0
Incoming_partner_to_CD4	pDC	PDL2	1	0	0	0	0	0	0
Incoming_partner_to_CD4	pDC	PTPRM	1	0	0	0	0	0	0
Incoming_partner_to_CD4	pDC	PVR	2	0	0	0	0	0	0
Incoming_partner_to_CD4	pDC	SELE	2	0	0	0	0	0	0
Incoming_partner_to_CD4	pDC	SELL	4	0	0	0	0	0	0
Incoming_partner_to_CD4	pDC	SELPLG	3	0	0.0153931799263438	-0.0153931799263438	-0.00513105997544792	0	0
Incoming_partner_to_CD4	pDC	SEMA4	13	0	0	0	0	0	0
Incoming_partner_to_CD4	pDC	SEMA5	5	0	0	0	0	0	0
Incoming_partner_to_CD4	pDC	SEMA6	7	0	0	0	0	0	0
Incoming_partner_to_CD4	pDC	SEMA7	2	0	0	0	0	0	0
Incoming_partner_to_CD4	pDC	SN	1	0	0	0	0	0	0
Incoming_partner_to_CD4	pDC	THY1	3	0	0	0	0	0	0
Incoming_partner_to_CD4	pDC	VCAM	4	0	0	0	0	0	0
Incoming_partner_to_CD4	pDC	GAP	4	0	0	0	0	0	0
Incoming_partner_to_CD4	pDC	PCDH	27	0	0	0	0	0	0
Incoming_partner_to_CD4	pDC	FLRT	1	0	0	0	0	0	0
Incoming_partner_to_CD4	pDC	UNC5	12	0	0	0	0	0	0
Incoming_partner_to_CD4	pDC	ApoA	4	0	0	0	0	0	0
Incoming_partner_to_CD4	pDC	ApoB	2	0	0	0	0	0	0
Incoming_partner_to_CD4	pDC	ApoE	1	0	0	0	0	0	0
Incoming_partner_to_CD4	pDC	CD160	1	0	0	0	0	0	0
Incoming_partner_to_CD4	pDC	CD276	1	0	0	0	0	0	0
Incoming_partner_to_CD4	pDC	LAIR1	1	0	0	0	0	0	0
Incoming_partner_to_CD4	pDC	MMP	1	0	0	0	0	0	0
Incoming_partner_to_CD4	pDC	Netrin	8	0	0	0	0	0	0
Incoming_partner_to_CD4	pDC	CD200	1	0	0	0	0	0	0
Incoming_partner_to_CD4	pDC	SIRP	1	0	0	0	0	0	0
Outgoing_CD4_to_partner	Plasma	TGFb	12	0	0	0	0	0	0
Outgoing_CD4_to_partner	Plasma	BMP	75	0	0	0	0	0	0
Outgoing_CD4_to_partner	Plasma	BMP10	4	0	0	0	0	0	0
Outgoing_CD4_to_partner	Plasma	GDF	6	0	0	0	0	0	0
Outgoing_CD4_to_partner	Plasma	MSTN	4	0	0	0	0	0	0
Outgoing_CD4_to_partner	Plasma	AMH	2	0	0	0	0	0	0
Outgoing_CD4_to_partner	Plasma	GDNF	5	0	0	0	0	0	0
Outgoing_CD4_to_partner	Plasma	NODAL	12	0	0	0	0	0	0
Outgoing_CD4_to_partner	Plasma	ACTIVIN	20	0	0	0	0	0	0
Outgoing_CD4_to_partner	Plasma	WNT	320	0	0	0	0	0	0
Outgoing_CD4_to_partner	Plasma	ncWNT	31	0	0	0	0	0	0
Outgoing_CD4_to_partner	Plasma	EGF	18	0	0	0	0	0	0
Outgoing_CD4_to_partner	Plasma	NRG	13	0	0	0	0	0	0
Outgoing_CD4_to_partner	Plasma	FGF	46	0	0	0	0	0	0
Outgoing_CD4_to_partner	Plasma	PDGF	6	0	0	0	0	0	0
Outgoing_CD4_to_partner	Plasma	VEGF	8	0	0	0	0	0	0
Outgoing_CD4_to_partner	Plasma	IGF	8	0	0	0	0	0	0
Outgoing_CD4_to_partner	Plasma	INSULIN	1	0	0	0	0	0	0
Outgoing_CD4_to_partner	Plasma	HH	6	0	0	0	0	0	0
Outgoing_CD4_to_partner	Plasma	CCL	55	0	0	0	0	0	0
Outgoing_CD4_to_partner	Plasma	CXCL	22	0	0	0	0	0	0
Outgoing_CD4_to_partner	Plasma	MIF	4	0.301722228944779	0.271703410810672	0.0300188181341067	0.00750470453352667	0	0
Outgoing_CD4_to_partner	Plasma	CX3C	1	0	0	0	0	0	0
Outgoing_CD4_to_partner	Plasma	XCR	2	0	0	0	0	0	0
Outgoing_CD4_to_partner	Plasma	IL2	8	0	0	0	0	0	0
Outgoing_CD4_to_partner	Plasma	IL4	10	0	0	0	0	0	0
Outgoing_CD4_to_partner	Plasma	IL6	3	0	0	0	0	0	0
Outgoing_CD4_to_partner	Plasma	IL12	3	0	0	0	0	0	0
Outgoing_CD4_to_partner	Plasma	LIFR	4	0	0	0	0	0	0
Outgoing_CD4_to_partner	Plasma	OSM	2	0	0	0	0	0	0
Outgoing_CD4_to_partner	Plasma	IL10	8	0	0	0	0	0	0
Outgoing_CD4_to_partner	Plasma	IL1	10	0	0	0	0	0	0
Outgoing_CD4_to_partner	Plasma	IL17	6	0	0	0	0	0	0
Outgoing_CD4_to_partner	Plasma	CSF	2	0	0	0	0	0	0
Outgoing_CD4_to_partner	Plasma	IL16	1	0	0	0	0	0	0
Outgoing_CD4_to_partner	Plasma	EPO	1	0	0	0	0	0	0
Outgoing_CD4_to_partner	Plasma	GH	2	0	0	0	0	0	0
Outgoing_CD4_to_partner	Plasma	PRL	1	0	0	0	0	0	0
Outgoing_CD4_to_partner	Plasma	CSF3	1	0	0	0	0	0	0
Outgoing_CD4_to_partner	Plasma	IFN-I	17	0	0	0	0	0	0
Outgoing_CD4_to_partner	Plasma	IFN-II	1	0	0	0	0	0	0
Outgoing_CD4_to_partner	Plasma	TNF	2	0	0	0	0	0	0
Outgoing_CD4_to_partner	Plasma	LT	4	0	0	0	0	0	0
Outgoing_CD4_to_partner	Plasma	LIGHT	2	0	0	0	0	0	0
Outgoing_CD4_to_partner	Plasma	FASLG	1	0	0	0	0	0	0
Outgoing_CD4_to_partner	Plasma	VEGI	1	0	0	0	0	0	0
Outgoing_CD4_to_partner	Plasma	TRAIL	1	0	0	0	0	0	0
Outgoing_CD4_to_partner	Plasma	NGF	2	0	0	0	0	0	0
Outgoing_CD4_to_partner	Plasma	RANKL	2	0	0	0	0	0	0
Outgoing_CD4_to_partner	Plasma	TWEAK	1	0	0	0	0	0	0
Outgoing_CD4_to_partner	Plasma	CD70	1	0	0	0	0	0	0
Outgoing_CD4_to_partner	Plasma	CD30	1	0	0	0	0	0	0
Outgoing_CD4_to_partner	Plasma	CD137	1	0	0	0	0	0	0
Outgoing_CD4_to_partner	Plasma	OX40	1	0	0	0	0	0	0
Outgoing_CD4_to_partner	Plasma	GITRL	1	0	0	0	0	0	0
Outgoing_CD4_to_partner	Plasma	APRIL	2	0	0	0	0	0	0
Outgoing_CD4_to_partner	Plasma	BAFF	3	0	0	0	0	0	0
Outgoing_CD4_to_partner	Plasma	CD40	4	0	0	0	0	0	0
Outgoing_CD4_to_partner	Plasma	SPP1	9	0	0	0	0	0	0
Outgoing_CD4_to_partner	Plasma	ADIPONECTIN	2	0	0	0	0	0	0
Outgoing_CD4_to_partner	Plasma	RESISTIN	2	0	0	0	0	0	0
Outgoing_CD4_to_partner	Plasma	VISFATIN	1	0	0	0	0	0	0
Outgoing_CD4_to_partner	Plasma	ANGPTL	15	0	0	0	0	0	0
Outgoing_CD4_to_partner	Plasma	ANGPT	2	0	0	0	0	0	0
Outgoing_CD4_to_partner	Plasma	MK	9	0	0	0	0	0	0
Outgoing_CD4_to_partner	Plasma	PTN	8	0	0	0	0	0	0
Outgoing_CD4_to_partner	Plasma	PERIOSTIN	2	0	0	0	0	0	0
Outgoing_CD4_to_partner	Plasma	AGT	3	0	0	0	0	0	0
Outgoing_CD4_to_partner	Plasma	GPR	2	0	0	0	0	0	0
Outgoing_CD4_to_partner	Plasma	BRADYKININ	2	0	0	0	0	0	0
Outgoing_CD4_to_partner	Plasma	COMPLEMENT	7	0	0	0	0	0	0
Outgoing_CD4_to_partner	Plasma	EDN	5	0	0	0	0	0	0
Outgoing_CD4_to_partner	Plasma	GALANIN	6	0	0	0	0	0	0
Outgoing_CD4_to_partner	Plasma	GHRELIN	1	0	0	0	0	0	0
Outgoing_CD4_to_partner	Plasma	MELANOCORTIN	5	0	0	0	0	0	0
Outgoing_CD4_to_partner	Plasma	NMU	2	0	0	0	0	0	0
Outgoing_CD4_to_partner	Plasma	NPFF	2	0	0	0	0	0	0
Outgoing_CD4_to_partner	Plasma	NPY	16	0	0	0	0	0	0
Outgoing_CD4_to_partner	Plasma	NPW-B	2	0	0	0	0	0	0
Outgoing_CD4_to_partner	Plasma	NTS	3	0	0	0	0	0	0
Outgoing_CD4_to_partner	Plasma	OPIOID	12	0	0	0	0	0	0
Outgoing_CD4_to_partner	Plasma	HCRT	1	0	0	0	0	0	0
Outgoing_CD4_to_partner	Plasma	OXT	1	0	0	0	0	0	0
Outgoing_CD4_to_partner	Plasma	SOMATOSTATIN	7	0	0	0	0	0	0
Outgoing_CD4_to_partner	Plasma	TAC	4	0	0	0	0	0	0
Outgoing_CD4_to_partner	Plasma	UTS2	1	0	0	0	0	0	0
Outgoing_CD4_to_partner	Plasma	PARs	29	0	0	0	0	0	0
Outgoing_CD4_to_partner	Plasma	PMCH	2	0	0	0	0	0	0
Outgoing_CD4_to_partner	Plasma	PROK	4	0	0	0	0	0	0
Outgoing_CD4_to_partner	Plasma	NPR1	1	0	0	0	0	0	0
Outgoing_CD4_to_partner	Plasma	NPR2	1	0	0	0	0	0	0
Outgoing_CD4_to_partner	Plasma	KIT	1	0	0	0	0	0	0
Outgoing_CD4_to_partner	Plasma	GIPR	1	0	0	0	0	0	0
Outgoing_CD4_to_partner	Plasma	FSH	2	0	0	0	0	0	0
Outgoing_CD4_to_partner	Plasma	TSH	2	0	0	0	0	0	0
Outgoing_CD4_to_partner	Plasma	NT	9	0	0	0	0	0	0
Outgoing_CD4_to_partner	Plasma	FLT3	1	0	0	0	0	0	0
Outgoing_CD4_to_partner	Plasma	HGF	1	0	0	0	0	0	0
Outgoing_CD4_to_partner	Plasma	SEMA3	39	0	0	0	0	0	0
Outgoing_CD4_to_partner	Plasma	CALCR	8	0	0	0	0	0	0
Outgoing_CD4_to_partner	Plasma	ANNEXIN	6	0	0	0	0	0	0
Outgoing_CD4_to_partner	Plasma	CRH	1	0	0	0	0	0	0
Outgoing_CD4_to_partner	Plasma	ENHO	1	0	0	0	0	0	0
Outgoing_CD4_to_partner	Plasma	GAS	3	0	0	0	0	0	0
Outgoing_CD4_to_partner	Plasma	GCG	3	0	0	0	0	0	0
Outgoing_CD4_to_partner	Plasma	GHRH	4	0	0	0	0	0	0
Outgoing_CD4_to_partner	Plasma	GNRH	1	0	0	0	0	0	0
Outgoing_CD4_to_partner	Plasma	GRN	1	0	0	0	0	0	0
Outgoing_CD4_to_partner	Plasma	GUCA	2	0	0	0	0	0	0
Outgoing_CD4_to_partner	Plasma	RLN	16	0	0	0	0	0	0
Outgoing_CD4_to_partner	Plasma	LEP	1	0	0	0	0	0	0
Outgoing_CD4_to_partner	Plasma	GALECTIN	5	0	0	0	0	0	0
Outgoing_CD4_to_partner	Plasma	NPVF	1	0	0	0	0	0	0
Outgoing_CD4_to_partner	Plasma	PROS	3	0	0	0	0	0	0
Outgoing_CD4_to_partner	Plasma	PSAP	2	0	0	0	0	0	0
Outgoing_CD4_to_partner	Plasma	PTH	3	0	0	0	0	0	0
Outgoing_CD4_to_partner	Plasma	QRFP	1	0	0	0	0	0	0
Outgoing_CD4_to_partner	Plasma	CHEMERIN	2	0	0	0	0	0	0
Outgoing_CD4_to_partner	Plasma	SAA	1	0	0	0	0	0	0
Outgoing_CD4_to_partner	Plasma	UGRP1	1	0	0	0	0	0	0
Outgoing_CD4_to_partner	Plasma	SCT	1	0	0	0	0	0	0
Outgoing_CD4_to_partner	Plasma	SLURP	16	0	0	0	0	0	0
Outgoing_CD4_to_partner	Plasma	BTLA	1	0	0	0	0	0	0
Outgoing_CD4_to_partner	Plasma	TRH	1	0	0	0	0	0	0
Outgoing_CD4_to_partner	Plasma	UCN	4	0	0	0	0	0	0
Outgoing_CD4_to_partner	Plasma	UROTENSIN	2	0	0	0	0	0	0
Outgoing_CD4_to_partner	Plasma	BAG	1	0	0	0	0	0	0
Outgoing_CD4_to_partner	Plasma	KLK	12	0	0	0	0	0	0
Outgoing_CD4_to_partner	Plasma	ADM	6	0	0	0	0	0	0
Outgoing_CD4_to_partner	Plasma	CALC	12	0	0	0	0	0	0
Outgoing_CD4_to_partner	Plasma	IAPP	6	0	0	0	0	0	0
Outgoing_CD4_to_partner	Plasma	PROCR	2	0	0	0	0	0	0
Outgoing_CD4_to_partner	Plasma	CTSG	1	0	0	0	0	0	0
Outgoing_CD4_to_partner	Plasma	GRP	1	0	0	0	0	0	0
Outgoing_CD4_to_partner	Plasma	PTPR	11	0	0	0	0	0	0
Outgoing_CD4_to_partner	Plasma	SLITRK	8	0	0	0	0	0	0
Outgoing_CD4_to_partner	Plasma	IGFBP	1	0	0	0	0	0	0
Outgoing_CD4_to_partner	Plasma	CypA	1	0.215654794804477	0.214467001097266	0.001187793707211	0.001187793707211	1	1
Outgoing_CD4_to_partner	Plasma	PROC	1	0	0	0	0	0	0
Outgoing_CD4_to_partner	Plasma	MHC-I	41	0.0162124350278261	0.0162141505221254	-1.71549429930137e-06	-4.18413243732041e-08	2	2
Outgoing_CD4_to_partner	Plasma	RBP4	1	0	0	0	0	0	0
Outgoing_CD4_to_partner	Plasma	SLIT	3	0	0	0	0	0	0
Outgoing_CD4_to_partner	Plasma	TULP	5	0	0	0	0	0	0
Outgoing_CD4_to_partner	Plasma	PLAU	1	0	0	0	0	0	0
Outgoing_CD4_to_partner	Plasma	COLLAGEN	187	0	0	0	0	0	0
Outgoing_CD4_to_partner	Plasma	FN1	13	0	0	0	0	0	0
Outgoing_CD4_to_partner	Plasma	LAMININ	139	0	0	0	0	0	0
Outgoing_CD4_to_partner	Plasma	CHAD	1	0	0	0	0	0	0
Outgoing_CD4_to_partner	Plasma	RELN	3	0	0	0	0	0	0
Outgoing_CD4_to_partner	Plasma	THBS	30	0	0	0	0	0	0
Outgoing_CD4_to_partner	Plasma	VTN	7	0	0	0	0	0	0
Outgoing_CD4_to_partner	Plasma	TENASCIN	28	0	0	0	0	0	0
Outgoing_CD4_to_partner	Plasma	NPNT	2	0	0	0	0	0	0
Outgoing_CD4_to_partner	Plasma	DSPP	2	0	0	0	0	0	0
Outgoing_CD4_to_partner	Plasma	VWF	3	0	0	0	0	0	0
Outgoing_CD4_to_partner	Plasma	BSP	2	0	0	0	0	0	0
Outgoing_CD4_to_partner	Plasma	DMP1	1	0	0	0	0	0	0
Outgoing_CD4_to_partner	Plasma	AGRN	1	0	0	0	0	0	0
Outgoing_CD4_to_partner	Plasma	HSPG	1	0	0	0	0	0	0
Outgoing_CD4_to_partner	Plasma	APP	4	0	0	0	0	0	0
Outgoing_CD4_to_partner	Plasma	CADM	6	0	0.00427510540268696	-0.00427510540268696	-0.000712517567114493	0	1
Outgoing_CD4_to_partner	Plasma	CD23	4	0	0	0	0	0	0
Outgoing_CD4_to_partner	Plasma	CD34	1	0	0	0	0	0	0
Outgoing_CD4_to_partner	Plasma	CD39	4	0.00432748593708391	0.000641184468339993	0.00368630146874391	0.000921575367185979	1	0
Outgoing_CD4_to_partner	Plasma	CD45	2	0	0	0	0	0	0
Outgoing_CD4_to_partner	Plasma	CD46	1	0	0	0	0	0	0
Outgoing_CD4_to_partner	Plasma	CD48	1	0	0	0	0	0	0
Outgoing_CD4_to_partner	Plasma	CD6	1	0.00307908075275627	0.00358899351551054	-0.000509912762754276	-0.000509912762754276	1	1
Outgoing_CD4_to_partner	Plasma	CD80	3	0	0	0	0	0	0
Outgoing_CD4_to_partner	Plasma	CD86	2	0	0	0	0	0	0
Outgoing_CD4_to_partner	Plasma	CD96	1	0	0	0	0	0	0
Outgoing_CD4_to_partner	Plasma	CD99	4	0.0556170218611875	0.0560512681734667	-0.000434246312279209	-0.000108561578069802	0	0
Outgoing_CD4_to_partner	Plasma	CDH	4	0	0	0	0	0	0
Outgoing_CD4_to_partner	Plasma	CDH1	3	0	0	0	0	0	0
Outgoing_CD4_to_partner	Plasma	CEACAM	7	0	0	0	0	0	0
Outgoing_CD4_to_partner	Plasma	CLDN	4	0	0	0	0	0	0
Outgoing_CD4_to_partner	Plasma	CLEC	6	0	0	0	0	0	0
Outgoing_CD4_to_partner	Plasma	CNTN	7	0	0	0	0	0	0
Outgoing_CD4_to_partner	Plasma	CSPG4	1	0	0	0	0	0	0
Outgoing_CD4_to_partner	Plasma	DESMOSOME	11	0	0	0	0	0	0
Outgoing_CD4_to_partner	Plasma	EPGN	1	0	0	0	0	0	0
Outgoing_CD4_to_partner	Plasma	EPHA	32	0	0	0	0	0	0
Outgoing_CD4_to_partner	Plasma	EPHB	16	0	0	0	0	0	0
Outgoing_CD4_to_partner	Plasma	ESAM	1	0	0	0	0	0	0
Outgoing_CD4_to_partner	Plasma	GP1BA	1	0	0	0	0	0	0
Outgoing_CD4_to_partner	Plasma	ICAM	8	0	0	0	0	0	0
Outgoing_CD4_to_partner	Plasma	ICOS	3	0	0	0	0	0	0
Outgoing_CD4_to_partner	Plasma	JAM	10	0	0	0	0	0	0
Outgoing_CD4_to_partner	Plasma	L1CAM	3	0	0	0	0	0	0
Outgoing_CD4_to_partner	Plasma	LCK	1	0	0	0	0	0	0
Outgoing_CD4_to_partner	Plasma	MADCAM	1	0	0	0	0	0	0
Outgoing_CD4_to_partner	Plasma	MHC-II	12	0	0	0	0	0	0
Outgoing_CD4_to_partner	Plasma	MPZ	3	0	0	0	0	0	0
Outgoing_CD4_to_partner	Plasma	NCAM	5	0	0	0	0	0	0
Outgoing_CD4_to_partner	Plasma	NEGR	1	0	0	0	0	0	0
Outgoing_CD4_to_partner	Plasma	NGL	3	0	0	0	0	0	0
Outgoing_CD4_to_partner	Plasma	NOTCH	24	0	0	0	0	0	0
Outgoing_CD4_to_partner	Plasma	NRXN	24	0	0	0	0	0	0
Outgoing_CD4_to_partner	Plasma	PD-L1	1	0	0	0	0	0	0
Outgoing_CD4_to_partner	Plasma	PDL2	1	0	0	0	0	0	0
Outgoing_CD4_to_partner	Plasma	PTPRM	1	0	0	0	0	0	0
Outgoing_CD4_to_partner	Plasma	PVR	2	0	0	0	0	0	0
Outgoing_CD4_to_partner	Plasma	SELE	2	0	0	0	0	0	0
Outgoing_CD4_to_partner	Plasma	SELL	4	0	0	0	0	0	0
Outgoing_CD4_to_partner	Plasma	SELPLG	3	0	0	0	0	0	0
Outgoing_CD4_to_partner	Plasma	SEMA4	13	0	0	0	0	0	0
Outgoing_CD4_to_partner	Plasma	SEMA5	5	0	0	0	0	0	0
Outgoing_CD4_to_partner	Plasma	SEMA6	7	0	0	0	0	0	0
Outgoing_CD4_to_partner	Plasma	SEMA7	2	0	0	0	0	0	0
Outgoing_CD4_to_partner	Plasma	SN	1	0	0	0	0	0	0
Outgoing_CD4_to_partner	Plasma	THY1	3	0	0	0	0	0	0
Outgoing_CD4_to_partner	Plasma	VCAM	4	0	0	0	0	0	0
Outgoing_CD4_to_partner	Plasma	GAP	4	0	0	0	0	0	0
Outgoing_CD4_to_partner	Plasma	PCDH	27	0	0	0	0	0	0
Outgoing_CD4_to_partner	Plasma	FLRT	1	0	0	0	0	0	0
Outgoing_CD4_to_partner	Plasma	UNC5	12	0	0	0	0	0	0
Outgoing_CD4_to_partner	Plasma	ApoA	4	0	0	0	0	0	0
Outgoing_CD4_to_partner	Plasma	ApoB	2	0	0	0	0	0	0
Outgoing_CD4_to_partner	Plasma	ApoE	1	0	0	0	0	0	0
Outgoing_CD4_to_partner	Plasma	CD160	1	0	0	0	0	0	0
Outgoing_CD4_to_partner	Plasma	CD276	1	0	0	0	0	0	0
Outgoing_CD4_to_partner	Plasma	LAIR1	1	0	0	0	0	0	0
Outgoing_CD4_to_partner	Plasma	MMP	1	0	0	0	0	0	0
Outgoing_CD4_to_partner	Plasma	Netrin	8	0	0	0	0	0	0
Outgoing_CD4_to_partner	Plasma	CD200	1	0	0	0	0	0	0
Outgoing_CD4_to_partner	Plasma	SIRP	1	0.0154965347734707	0.0148017933016854	0.000694741471785266	0.000694741471785266	0	0
Incoming_partner_to_CD4	Plasma	TGFb	12	0	0	0	0	0	0
Incoming_partner_to_CD4	Plasma	BMP	75	0	0	0	0	0	0
Incoming_partner_to_CD4	Plasma	BMP10	4	0	0	0	0	0	0
Incoming_partner_to_CD4	Plasma	GDF	6	0	0	0	0	0	0
Incoming_partner_to_CD4	Plasma	MSTN	4	0	0	0	0	0	0
Incoming_partner_to_CD4	Plasma	AMH	2	0	0	0	0	0	0
Incoming_partner_to_CD4	Plasma	GDNF	5	0	0	0	0	0	0
Incoming_partner_to_CD4	Plasma	NODAL	12	0	0	0	0	0	0
Incoming_partner_to_CD4	Plasma	ACTIVIN	20	0	0	0	0	0	0
Incoming_partner_to_CD4	Plasma	WNT	320	0	0	0	0	0	0
Incoming_partner_to_CD4	Plasma	ncWNT	31	0	0	0	0	0	0
Incoming_partner_to_CD4	Plasma	EGF	18	0	0	0	0	0	0
Incoming_partner_to_CD4	Plasma	NRG	13	0	0	0	0	0	0
Incoming_partner_to_CD4	Plasma	FGF	46	0	0	0	0	0	0
Incoming_partner_to_CD4	Plasma	PDGF	6	0	0	0	0	0	0
Incoming_partner_to_CD4	Plasma	VEGF	8	0	0	0	0	0	0
Incoming_partner_to_CD4	Plasma	IGF	8	0	0	0	0	0	0
Incoming_partner_to_CD4	Plasma	INSULIN	1	0	0	0	0	0	0
Incoming_partner_to_CD4	Plasma	HH	6	0	0	0	0	0	0
Incoming_partner_to_CD4	Plasma	CCL	55	0	0	0	0	0	0
Incoming_partner_to_CD4	Plasma	CXCL	22	0	0	0	0	0	0
Incoming_partner_to_CD4	Plasma	MIF	4	0.561752048059221	0.564806665009516	-0.00305461695029491	-0.000763654237573727	2	2
Incoming_partner_to_CD4	Plasma	CX3C	1	0	0	0	0	0	0
Incoming_partner_to_CD4	Plasma	XCR	2	0	0	0	0	0	0
Incoming_partner_to_CD4	Plasma	IL2	8	0	0	0	0	0	0
Incoming_partner_to_CD4	Plasma	IL4	10	0	0	0	0	0	0
Incoming_partner_to_CD4	Plasma	IL6	3	0	0	0	0	0	0
Incoming_partner_to_CD4	Plasma	IL12	3	0	0	0	0	0	0
Incoming_partner_to_CD4	Plasma	LIFR	4	0	0	0	0	0	0
Incoming_partner_to_CD4	Plasma	OSM	2	0	0	0	0	0	0
Incoming_partner_to_CD4	Plasma	IL10	8	0	0	0	0	0	0
Incoming_partner_to_CD4	Plasma	IL1	10	0	0	0	0	0	0
Incoming_partner_to_CD4	Plasma	IL17	6	0	0	0	0	0	0
Incoming_partner_to_CD4	Plasma	CSF	2	0	0	0	0	0	0
Incoming_partner_to_CD4	Plasma	IL16	1	0.0334505268720633	0.0237667629709277	0.0096837639011356	0.0096837639011356	1	1
Incoming_partner_to_CD4	Plasma	EPO	1	0	0	0	0	0	0
Incoming_partner_to_CD4	Plasma	GH	2	0	0	0	0	0	0
Incoming_partner_to_CD4	Plasma	PRL	1	0	0	0	0	0	0
Incoming_partner_to_CD4	Plasma	CSF3	1	0	0	0	0	0	0
Incoming_partner_to_CD4	Plasma	IFN-I	17	0	0	0	0	0	0
Incoming_partner_to_CD4	Plasma	IFN-II	1	0	0	0	0	0	0
Incoming_partner_to_CD4	Plasma	TNF	2	0	0	0	0	0	0
Incoming_partner_to_CD4	Plasma	LT	4	0	0	0	0	0	0
Incoming_partner_to_CD4	Plasma	LIGHT	2	0	0	0	0	0	0
Incoming_partner_to_CD4	Plasma	FASLG	1	0	0	0	0	0	0
Incoming_partner_to_CD4	Plasma	VEGI	1	0	0	0	0	0	0
Incoming_partner_to_CD4	Plasma	TRAIL	1	0	0	0	0	0	0
Incoming_partner_to_CD4	Plasma	NGF	2	0	0	0	0	0	0
Incoming_partner_to_CD4	Plasma	RANKL	2	0	0	0	0	0	0
Incoming_partner_to_CD4	Plasma	TWEAK	1	0	0	0	0	0	0
Incoming_partner_to_CD4	Plasma	CD70	1	0	0	0	0	0	0
Incoming_partner_to_CD4	Plasma	CD30	1	0	0	0	0	0	0
Incoming_partner_to_CD4	Plasma	CD137	1	0	0	0	0	0	0
Incoming_partner_to_CD4	Plasma	OX40	1	0	0	0	0	0	0
Incoming_partner_to_CD4	Plasma	GITRL	1	0	0	0	0	0	0
Incoming_partner_to_CD4	Plasma	APRIL	2	0	0	0	0	0	0
Incoming_partner_to_CD4	Plasma	BAFF	3	0	0	0	0	0	0
Incoming_partner_to_CD4	Plasma	CD40	4	0	0	0	0	0	0
Incoming_partner_to_CD4	Plasma	SPP1	9	0	0	0	0	0	0
Incoming_partner_to_CD4	Plasma	ADIPONECTIN	2	0	0	0	0	0	0
Incoming_partner_to_CD4	Plasma	RESISTIN	2	0	0	0	0	0	0
Incoming_partner_to_CD4	Plasma	VISFATIN	1	0	0	0	0	0	0
Incoming_partner_to_CD4	Plasma	ANGPTL	15	0	0	0	0	0	0
Incoming_partner_to_CD4	Plasma	ANGPT	2	0	0	0	0	0	0
Incoming_partner_to_CD4	Plasma	MK	9	0	0	0	0	0	0
Incoming_partner_to_CD4	Plasma	PTN	8	0	0	0	0	0	0
Incoming_partner_to_CD4	Plasma	PERIOSTIN	2	0	0	0	0	0	0
Incoming_partner_to_CD4	Plasma	AGT	3	0	0	0	0	0	0
Incoming_partner_to_CD4	Plasma	GPR	2	0	0	0	0	0	0
Incoming_partner_to_CD4	Plasma	BRADYKININ	2	0	0	0	0	0	0
Incoming_partner_to_CD4	Plasma	COMPLEMENT	7	0	0	0	0	0	0
Incoming_partner_to_CD4	Plasma	EDN	5	0	0	0	0	0	0
Incoming_partner_to_CD4	Plasma	GALANIN	6	0	0	0	0	0	0
Incoming_partner_to_CD4	Plasma	GHRELIN	1	0	0	0	0	0	0
Incoming_partner_to_CD4	Plasma	MELANOCORTIN	5	0	0	0	0	0	0
Incoming_partner_to_CD4	Plasma	NMU	2	0	0	0	0	0	0
Incoming_partner_to_CD4	Plasma	NPFF	2	0	0	0	0	0	0
Incoming_partner_to_CD4	Plasma	NPY	16	0	0	0	0	0	0
Incoming_partner_to_CD4	Plasma	NPW-B	2	0	0	0	0	0	0
Incoming_partner_to_CD4	Plasma	NTS	3	0	0	0	0	0	0
Incoming_partner_to_CD4	Plasma	OPIOID	12	0	0	0	0	0	0
Incoming_partner_to_CD4	Plasma	HCRT	1	0	0	0	0	0	0
Incoming_partner_to_CD4	Plasma	OXT	1	0	0	0	0	0	0
Incoming_partner_to_CD4	Plasma	SOMATOSTATIN	7	0	0	0	0	0	0
Incoming_partner_to_CD4	Plasma	TAC	4	0	0	0	0	0	0
Incoming_partner_to_CD4	Plasma	UTS2	1	0	0	0	0	0	0
Incoming_partner_to_CD4	Plasma	PARs	29	0	0	0	0	0	0
Incoming_partner_to_CD4	Plasma	PMCH	2	0	0	0	0	0	0
Incoming_partner_to_CD4	Plasma	PROK	4	0	0	0	0	0	0
Incoming_partner_to_CD4	Plasma	NPR1	1	0	0	0	0	0	0
Incoming_partner_to_CD4	Plasma	NPR2	1	0	0	0	0	0	0
Incoming_partner_to_CD4	Plasma	KIT	1	0	0	0	0	0	0
Incoming_partner_to_CD4	Plasma	GIPR	1	0	0	0	0	0	0
Incoming_partner_to_CD4	Plasma	FSH	2	0	0	0	0	0	0
Incoming_partner_to_CD4	Plasma	TSH	2	0	0	0	0	0	0
Incoming_partner_to_CD4	Plasma	NT	9	0	0	0	0	0	0
Incoming_partner_to_CD4	Plasma	FLT3	1	0	0	0	0	0	0
Incoming_partner_to_CD4	Plasma	HGF	1	0	0	0	0	0	0
Incoming_partner_to_CD4	Plasma	SEMA3	39	0	0	0	0	0	0
Incoming_partner_to_CD4	Plasma	CALCR	8	0	0	0	0	0	0
Incoming_partner_to_CD4	Plasma	ANNEXIN	6	0	0	0	0	0	0
Incoming_partner_to_CD4	Plasma	CRH	1	0	0	0	0	0	0
Incoming_partner_to_CD4	Plasma	ENHO	1	0	0	0	0	0	0
Incoming_partner_to_CD4	Plasma	GAS	3	0	0	0	0	0	0
Incoming_partner_to_CD4	Plasma	GCG	3	0	0	0	0	0	0
Incoming_partner_to_CD4	Plasma	GHRH	4	0	0	0	0	0	0
Incoming_partner_to_CD4	Plasma	GNRH	1	0	0	0	0	0	0
Incoming_partner_to_CD4	Plasma	GRN	1	0	0	0	0	0	0
Incoming_partner_to_CD4	Plasma	GUCA	2	0	0	0	0	0	0
Incoming_partner_to_CD4	Plasma	RLN	16	0	0	0	0	0	0
Incoming_partner_to_CD4	Plasma	LEP	1	0	0	0	0	0	0
Incoming_partner_to_CD4	Plasma	GALECTIN	5	0	0	0	0	0	0
Incoming_partner_to_CD4	Plasma	NPVF	1	0	0	0	0	0	0
Incoming_partner_to_CD4	Plasma	PROS	3	0	0	0	0	0	0
Incoming_partner_to_CD4	Plasma	PSAP	2	0	0	0	0	0	0
Incoming_partner_to_CD4	Plasma	PTH	3	0	0	0	0	0	0
Incoming_partner_to_CD4	Plasma	QRFP	1	0	0	0	0	0	0
Incoming_partner_to_CD4	Plasma	CHEMERIN	2	0	0	0	0	0	0
Incoming_partner_to_CD4	Plasma	SAA	1	0	0	0	0	0	0
Incoming_partner_to_CD4	Plasma	UGRP1	1	0	0	0	0	0	0
Incoming_partner_to_CD4	Plasma	SCT	1	0	0	0	0	0	0
Incoming_partner_to_CD4	Plasma	SLURP	16	0	0	0	0	0	0
Incoming_partner_to_CD4	Plasma	BTLA	1	0	0	0	0	0	0
Incoming_partner_to_CD4	Plasma	TRH	1	0	0	0	0	0	0
Incoming_partner_to_CD4	Plasma	UCN	4	0	0	0	0	0	0
Incoming_partner_to_CD4	Plasma	UROTENSIN	2	0	0	0	0	0	0
Incoming_partner_to_CD4	Plasma	BAG	1	0	0	0	0	0	0
Incoming_partner_to_CD4	Plasma	KLK	12	0	0	0	0	0	0
Incoming_partner_to_CD4	Plasma	ADM	6	0	0	0	0	0	0
Incoming_partner_to_CD4	Plasma	CALC	12	0	0	0	0	0	0
Incoming_partner_to_CD4	Plasma	IAPP	6	0	0	0	0	0	0
Incoming_partner_to_CD4	Plasma	PROCR	2	0	0	0	0	0	0
Incoming_partner_to_CD4	Plasma	CTSG	1	0	0	0	0	0	0
Incoming_partner_to_CD4	Plasma	GRP	1	0	0	0	0	0	0
Incoming_partner_to_CD4	Plasma	PTPR	11	0	0	0	0	0	0
Incoming_partner_to_CD4	Plasma	SLITRK	8	0	0	0	0	0	0
Incoming_partner_to_CD4	Plasma	IGFBP	1	0	0	0	0	0	0
Incoming_partner_to_CD4	Plasma	CypA	1	0.0612481815384558	0.0602305158388412	0.00101766569961463	0.00101766569961463	0	0
Incoming_partner_to_CD4	Plasma	PROC	1	0	0	0	0	0	0
Incoming_partner_to_CD4	Plasma	MHC-I	41	1.52297885237691	1.73744981588184	-0.214470963504925	-0.00523099910987622	6	6
Incoming_partner_to_CD4	Plasma	RBP4	1	0	0	0	0	0	0
Incoming_partner_to_CD4	Plasma	SLIT	3	0	0	0	0	0	0
Incoming_partner_to_CD4	Plasma	TULP	5	0	0	0	0	0	0
Incoming_partner_to_CD4	Plasma	PLAU	1	0	0	0	0	0	0
Incoming_partner_to_CD4	Plasma	COLLAGEN	187	0	0	0	0	0	0
Incoming_partner_to_CD4	Plasma	FN1	13	0	0	0	0	0	0
Incoming_partner_to_CD4	Plasma	LAMININ	139	0.0126939977924575	0.0131334491996305	-0.000439451407173002	-3.16152091491369e-06	1	1
Incoming_partner_to_CD4	Plasma	CHAD	1	0	0	0	0	0	0
Incoming_partner_to_CD4	Plasma	RELN	3	0	0	0	0	0	0
Incoming_partner_to_CD4	Plasma	THBS	30	0	0	0	0	0	0
Incoming_partner_to_CD4	Plasma	VTN	7	0	0	0	0	0	0
Incoming_partner_to_CD4	Plasma	TENASCIN	28	0	0	0	0	0	0
Incoming_partner_to_CD4	Plasma	NPNT	2	0	0	0	0	0	0
Incoming_partner_to_CD4	Plasma	DSPP	2	0	0	0	0	0	0
Incoming_partner_to_CD4	Plasma	VWF	3	0	0	0	0	0	0
Incoming_partner_to_CD4	Plasma	BSP	2	0	0	0	0	0	0
Incoming_partner_to_CD4	Plasma	DMP1	1	0	0	0	0	0	0
Incoming_partner_to_CD4	Plasma	AGRN	1	0	0	0	0	0	0
Incoming_partner_to_CD4	Plasma	HSPG	1	0	0	0	0	0	0
Incoming_partner_to_CD4	Plasma	APP	4	0	0	0	0	0	0
Incoming_partner_to_CD4	Plasma	CADM	6	0	0	0	0	0	0
Incoming_partner_to_CD4	Plasma	CD23	4	0	0	0	0	0	0
Incoming_partner_to_CD4	Plasma	CD34	1	0	0	0	0	0	0
Incoming_partner_to_CD4	Plasma	CD39	4	0	0	0	0	0	0
Incoming_partner_to_CD4	Plasma	CD45	2	0	0	0	0	0	0
Incoming_partner_to_CD4	Plasma	CD46	1	0	0	0	0	0	0
Incoming_partner_to_CD4	Plasma	CD48	1	0	0	0	0	0	0
Incoming_partner_to_CD4	Plasma	CD6	1	0	0	0	0	0	0
Incoming_partner_to_CD4	Plasma	CD80	3	0	0	0	0	0	0
Incoming_partner_to_CD4	Plasma	CD86	2	0	0	0	0	0	0
Incoming_partner_to_CD4	Plasma	CD96	1	0	0	0	0	0	0
Incoming_partner_to_CD4	Plasma	CD99	4	0.0352106359110091	0.0367874300630522	-0.00157679415204308	-0.00039419853801077	0	0
Incoming_partner_to_CD4	Plasma	CDH	4	0	0	0	0	0	0
Incoming_partner_to_CD4	Plasma	CDH1	3	0	0	0	0	0	0
Incoming_partner_to_CD4	Plasma	CEACAM	7	0	0	0	0	0	0
Incoming_partner_to_CD4	Plasma	CLDN	4	0	0	0	0	0	0
Incoming_partner_to_CD4	Plasma	CLEC	6	0	0	0	0	0	0
Incoming_partner_to_CD4	Plasma	CNTN	7	0	0	0	0	0	0
Incoming_partner_to_CD4	Plasma	CSPG4	1	0	0	0	0	0	0
Incoming_partner_to_CD4	Plasma	DESMOSOME	11	0	0	0	0	0	0
Incoming_partner_to_CD4	Plasma	EPGN	1	0	0	0	0	0	0
Incoming_partner_to_CD4	Plasma	EPHA	32	0	0	0	0	0	0
Incoming_partner_to_CD4	Plasma	EPHB	16	0	0	0	0	0	0
Incoming_partner_to_CD4	Plasma	ESAM	1	0	0	0	0	0	0
Incoming_partner_to_CD4	Plasma	GP1BA	1	0	0	0	0	0	0
Incoming_partner_to_CD4	Plasma	ICAM	8	0.196397825837627	0.204159126376173	-0.00776130053854676	-0.000970162567318345	4	4
Incoming_partner_to_CD4	Plasma	ICOS	3	0	0	0	0	0	0
Incoming_partner_to_CD4	Plasma	JAM	10	0	0	0	0	0	0
Incoming_partner_to_CD4	Plasma	L1CAM	3	0	0	0	0	0	0
Incoming_partner_to_CD4	Plasma	LCK	1	0	0	0	0	0	0
Incoming_partner_to_CD4	Plasma	MADCAM	1	0	0	0	0	0	0
Incoming_partner_to_CD4	Plasma	MHC-II	12	0.0960329711674177	0.0680153745423939	0.0280175966250238	0.00233479971875198	7	7
Incoming_partner_to_CD4	Plasma	MPZ	3	0	0	0	0	0	0
Incoming_partner_to_CD4	Plasma	NCAM	5	0	0	0	0	0	0
Incoming_partner_to_CD4	Plasma	NEGR	1	0	0	0	0	0	0
Incoming_partner_to_CD4	Plasma	NGL	3	0	0	0	0	0	0
Incoming_partner_to_CD4	Plasma	NOTCH	24	0	0	0	0	0	0
Incoming_partner_to_CD4	Plasma	NRXN	24	0	0	0	0	0	0
Incoming_partner_to_CD4	Plasma	PD-L1	1	0	0	0	0	0	0
Incoming_partner_to_CD4	Plasma	PDL2	1	0	0	0	0	0	0
Incoming_partner_to_CD4	Plasma	PTPRM	1	0	0	0	0	0	0
Incoming_partner_to_CD4	Plasma	PVR	2	0	0	0	0	0	0
Incoming_partner_to_CD4	Plasma	SELE	2	0	0	0	0	0	0
Incoming_partner_to_CD4	Plasma	SELL	4	0	0	0	0	0	0
Incoming_partner_to_CD4	Plasma	SELPLG	3	0	0.00228293353045063	-0.00228293353045063	-0.000760977843483542	0	0
Incoming_partner_to_CD4	Plasma	SEMA4	13	0	0	0	0	0	0
Incoming_partner_to_CD4	Plasma	SEMA5	5	0	0	0	0	0	0
Incoming_partner_to_CD4	Plasma	SEMA6	7	0	0	0	0	0	0
Incoming_partner_to_CD4	Plasma	SEMA7	2	0	0	0	0	0	0
Incoming_partner_to_CD4	Plasma	SN	1	0	0	0	0	0	0
Incoming_partner_to_CD4	Plasma	THY1	3	0	0	0	0	0	0
Incoming_partner_to_CD4	Plasma	VCAM	4	0	0	0	0	0	0
Incoming_partner_to_CD4	Plasma	GAP	4	0	0	0	0	0	0
Incoming_partner_to_CD4	Plasma	PCDH	27	0	0	0	0	0	0
Incoming_partner_to_CD4	Plasma	FLRT	1	0	0	0	0	0	0
Incoming_partner_to_CD4	Plasma	UNC5	12	0	0	0	0	0	0
Incoming_partner_to_CD4	Plasma	ApoA	4	0	0	0	0	0	0
Incoming_partner_to_CD4	Plasma	ApoB	2	0	0	0	0	0	0
Incoming_partner_to_CD4	Plasma	ApoE	1	0	0	0	0	0	0
Incoming_partner_to_CD4	Plasma	CD160	1	0	0	0	0	0	0
Incoming_partner_to_CD4	Plasma	CD276	1	0	0	0	0	0	0
Incoming_partner_to_CD4	Plasma	LAIR1	1	0	0	0	0	0	0
Incoming_partner_to_CD4	Plasma	MMP	1	0	0	0	0	0	0
Incoming_partner_to_CD4	Plasma	Netrin	8	0	0	0	0	0	0
Incoming_partner_to_CD4	Plasma	CD200	1	0	0	0	0	0	0
Incoming_partner_to_CD4	Plasma	SIRP	1	0	0	0	0	0	0
Outgoing_CD4_to_partner	Tprolif	TGFb	12	0	0	0	0	0	0
Outgoing_CD4_to_partner	Tprolif	BMP	75	0	0	0	0	0	0
Outgoing_CD4_to_partner	Tprolif	BMP10	4	0	0	0	0	0	0
Outgoing_CD4_to_partner	Tprolif	GDF	6	0	0	0	0	0	0
Outgoing_CD4_to_partner	Tprolif	MSTN	4	0	0	0	0	0	0
Outgoing_CD4_to_partner	Tprolif	AMH	2	0	0	0	0	0	0
Outgoing_CD4_to_partner	Tprolif	GDNF	5	0	0	0	0	0	0
Outgoing_CD4_to_partner	Tprolif	NODAL	12	0	0	0	0	0	0
Outgoing_CD4_to_partner	Tprolif	ACTIVIN	20	0	0	0	0	0	0
Outgoing_CD4_to_partner	Tprolif	WNT	320	0	0	0	0	0	0
Outgoing_CD4_to_partner	Tprolif	ncWNT	31	0	0	0	0	0	0
Outgoing_CD4_to_partner	Tprolif	EGF	18	0	0	0	0	0	0
Outgoing_CD4_to_partner	Tprolif	NRG	13	0	0	0	0	0	0
Outgoing_CD4_to_partner	Tprolif	FGF	46	0	0	0	0	0	0
Outgoing_CD4_to_partner	Tprolif	PDGF	6	0	0	0	0	0	0
Outgoing_CD4_to_partner	Tprolif	VEGF	8	0	0	0	0	0	0
Outgoing_CD4_to_partner	Tprolif	IGF	8	0	0	0	0	0	0
Outgoing_CD4_to_partner	Tprolif	INSULIN	1	0	0	0	0	0	0
Outgoing_CD4_to_partner	Tprolif	HH	6	0	0	0	0	0	0
Outgoing_CD4_to_partner	Tprolif	CCL	55	0.0959179885423482	0.0983315169358846	-0.0024135283935364	-4.38823344279345e-05	2	2
Outgoing_CD4_to_partner	Tprolif	CXCL	22	0.0465111243422159	0	0.0465111243422159	0.00211414201555527	1	0
Outgoing_CD4_to_partner	Tprolif	MIF	4	0.526953131269686	0.480800851327203	0.0461522799424827	0.0115380699856207	2	0
Outgoing_CD4_to_partner	Tprolif	CX3C	1	0	0	0	0	0	0
Outgoing_CD4_to_partner	Tprolif	XCR	2	0	0	0	0	0	0
Outgoing_CD4_to_partner	Tprolif	IL2	8	0	0	0	0	0	0
Outgoing_CD4_to_partner	Tprolif	IL4	10	0	0	0	0	0	0
Outgoing_CD4_to_partner	Tprolif	IL6	3	0	0	0	0	0	0
Outgoing_CD4_to_partner	Tprolif	IL12	3	0	0	0	0	0	0
Outgoing_CD4_to_partner	Tprolif	LIFR	4	0	0	0	0	0	0
Outgoing_CD4_to_partner	Tprolif	OSM	2	0	0	0	0	0	0
Outgoing_CD4_to_partner	Tprolif	IL10	8	0	0	0	0	0	0
Outgoing_CD4_to_partner	Tprolif	IL1	10	0	0	0	0	0	0
Outgoing_CD4_to_partner	Tprolif	IL17	6	0	0	0	0	0	0
Outgoing_CD4_to_partner	Tprolif	CSF	2	0	0	0	0	0	0
Outgoing_CD4_to_partner	Tprolif	IL16	1	0	0	0	0	0	0
Outgoing_CD4_to_partner	Tprolif	EPO	1	0	0	0	0	0	0
Outgoing_CD4_to_partner	Tprolif	GH	2	0	0	0	0	0	0
Outgoing_CD4_to_partner	Tprolif	PRL	1	0	0	0	0	0	0
Outgoing_CD4_to_partner	Tprolif	CSF3	1	0	0	0	0	0	0
Outgoing_CD4_to_partner	Tprolif	IFN-I	17	0	0	0	0	0	0
Outgoing_CD4_to_partner	Tprolif	IFN-II	1	0	0	0	0	0	0
Outgoing_CD4_to_partner	Tprolif	TNF	2	0	0	0	0	0	0
Outgoing_CD4_to_partner	Tprolif	LT	4	0	0	0	0	0	0
Outgoing_CD4_to_partner	Tprolif	LIGHT	2	0	0	0	0	0	0
Outgoing_CD4_to_partner	Tprolif	FASLG	1	0	0	0	0	0	0
Outgoing_CD4_to_partner	Tprolif	VEGI	1	0	0	0	0	0	0
Outgoing_CD4_to_partner	Tprolif	TRAIL	1	0	0	0	0	0	0
Outgoing_CD4_to_partner	Tprolif	NGF	2	0	0	0	0	0	0
Outgoing_CD4_to_partner	Tprolif	RANKL	2	0	0	0	0	0	0
Outgoing_CD4_to_partner	Tprolif	TWEAK	1	0	0	0	0	0	0
Outgoing_CD4_to_partner	Tprolif	CD70	1	0	0	0	0	0	0
Outgoing_CD4_to_partner	Tprolif	CD30	1	0	0	0	0	0	0
Outgoing_CD4_to_partner	Tprolif	CD137	1	0	0.00209539297720656	-0.00209539297720656	-0.00209539297720656	0	1
Outgoing_CD4_to_partner	Tprolif	OX40	1	0	0	0	0	0	0
Outgoing_CD4_to_partner	Tprolif	GITRL	1	0	0	0	0	0	0
Outgoing_CD4_to_partner	Tprolif	APRIL	2	0	0	0	0	0	0
Outgoing_CD4_to_partner	Tprolif	BAFF	3	0	0	0	0	0	0
Outgoing_CD4_to_partner	Tprolif	CD40	4	0	0	0	0	0	0
Outgoing_CD4_to_partner	Tprolif	SPP1	9	0	0	0	0	0	0
Outgoing_CD4_to_partner	Tprolif	ADIPONECTIN	2	0	0	0	0	0	0
Outgoing_CD4_to_partner	Tprolif	RESISTIN	2	0	0	0	0	0	0
Outgoing_CD4_to_partner	Tprolif	VISFATIN	1	0	0	0	0	0	0
Outgoing_CD4_to_partner	Tprolif	ANGPTL	15	0	0	0	0	0	0
Outgoing_CD4_to_partner	Tprolif	ANGPT	2	0	0	0	0	0	0
Outgoing_CD4_to_partner	Tprolif	MK	9	0	0	0	0	0	0
Outgoing_CD4_to_partner	Tprolif	PTN	8	0	0	0	0	0	0
Outgoing_CD4_to_partner	Tprolif	PERIOSTIN	2	0	0	0	0	0	0
Outgoing_CD4_to_partner	Tprolif	AGT	3	0	0	0	0	0	0
Outgoing_CD4_to_partner	Tprolif	GPR	2	0	0	0	0	0	0
Outgoing_CD4_to_partner	Tprolif	BRADYKININ	2	0	0	0	0	0	0
Outgoing_CD4_to_partner	Tprolif	COMPLEMENT	7	0	0	0	0	0	0
Outgoing_CD4_to_partner	Tprolif	EDN	5	0	0	0	0	0	0
Outgoing_CD4_to_partner	Tprolif	GALANIN	6	0	0	0	0	0	0
Outgoing_CD4_to_partner	Tprolif	GHRELIN	1	0	0	0	0	0	0
Outgoing_CD4_to_partner	Tprolif	MELANOCORTIN	5	0	0	0	0	0	0
Outgoing_CD4_to_partner	Tprolif	NMU	2	0	0	0	0	0	0
Outgoing_CD4_to_partner	Tprolif	NPFF	2	0	0	0	0	0	0
Outgoing_CD4_to_partner	Tprolif	NPY	16	0	0	0	0	0	0
Outgoing_CD4_to_partner	Tprolif	NPW-B	2	0	0	0	0	0	0
Outgoing_CD4_to_partner	Tprolif	NTS	3	0	0	0	0	0	0
Outgoing_CD4_to_partner	Tprolif	OPIOID	12	0	0	0	0	0	0
Outgoing_CD4_to_partner	Tprolif	HCRT	1	0	0	0	0	0	0
Outgoing_CD4_to_partner	Tprolif	OXT	1	0	0	0	0	0	0
Outgoing_CD4_to_partner	Tprolif	SOMATOSTATIN	7	0	0	0	0	0	0
Outgoing_CD4_to_partner	Tprolif	TAC	4	0	0	0	0	0	0
Outgoing_CD4_to_partner	Tprolif	UTS2	1	0	0	0	0	0	0
Outgoing_CD4_to_partner	Tprolif	PARs	29	0.0197704073458748	0.0242466221231346	-0.00447621477725979	-0.000154352233698613	1	1
Outgoing_CD4_to_partner	Tprolif	PMCH	2	0	0	0	0	0	0
Outgoing_CD4_to_partner	Tprolif	PROK	4	0	0	0	0	0	0
Outgoing_CD4_to_partner	Tprolif	NPR1	1	0	0	0	0	0	0
Outgoing_CD4_to_partner	Tprolif	NPR2	1	0	0	0	0	0	0
Outgoing_CD4_to_partner	Tprolif	KIT	1	0	0	0	0	0	0
Outgoing_CD4_to_partner	Tprolif	GIPR	1	0	0	0	0	0	0
Outgoing_CD4_to_partner	Tprolif	FSH	2	0	0	0	0	0	0
Outgoing_CD4_to_partner	Tprolif	TSH	2	0	0	0	0	0	0
Outgoing_CD4_to_partner	Tprolif	NT	9	0	0	0	0	0	0
Outgoing_CD4_to_partner	Tprolif	FLT3	1	0	0	0	0	0	0
Outgoing_CD4_to_partner	Tprolif	HGF	1	0	0	0	0	0	0
Outgoing_CD4_to_partner	Tprolif	SEMA3	39	0	0	0	0	0	0
Outgoing_CD4_to_partner	Tprolif	CALCR	8	0	0	0	0	0	0
Outgoing_CD4_to_partner	Tprolif	ANNEXIN	6	0	0	0	0	0	0
Outgoing_CD4_to_partner	Tprolif	CRH	1	0	0	0	0	0	0
Outgoing_CD4_to_partner	Tprolif	ENHO	1	0	0	0	0	0	0
Outgoing_CD4_to_partner	Tprolif	GAS	3	0	0	0	0	0	0
Outgoing_CD4_to_partner	Tprolif	GCG	3	0	0	0	0	0	0
Outgoing_CD4_to_partner	Tprolif	GHRH	4	0	0	0	0	0	0
Outgoing_CD4_to_partner	Tprolif	GNRH	1	0	0	0	0	0	0
Outgoing_CD4_to_partner	Tprolif	GRN	1	0	0	0	0	0	0
Outgoing_CD4_to_partner	Tprolif	GUCA	2	0	0	0	0	0	0
Outgoing_CD4_to_partner	Tprolif	RLN	16	0	0	0	0	0	0
Outgoing_CD4_to_partner	Tprolif	LEP	1	0	0	0	0	0	0
Outgoing_CD4_to_partner	Tprolif	GALECTIN	5	0	0	0	0	0	0
Outgoing_CD4_to_partner	Tprolif	NPVF	1	0	0	0	0	0	0
Outgoing_CD4_to_partner	Tprolif	PROS	3	0	0	0	0	0	0
Outgoing_CD4_to_partner	Tprolif	PSAP	2	0	0	0	0	0	0
Outgoing_CD4_to_partner	Tprolif	PTH	3	0	0	0	0	0	0
Outgoing_CD4_to_partner	Tprolif	QRFP	1	0	0	0	0	0	0
Outgoing_CD4_to_partner	Tprolif	CHEMERIN	2	0	0	0	0	0	0
Outgoing_CD4_to_partner	Tprolif	SAA	1	0	0	0	0	0	0
Outgoing_CD4_to_partner	Tprolif	UGRP1	1	0	0	0	0	0	0
Outgoing_CD4_to_partner	Tprolif	SCT	1	0	0	0	0	0	0
Outgoing_CD4_to_partner	Tprolif	SLURP	16	0	0	0	0	0	0
Outgoing_CD4_to_partner	Tprolif	BTLA	1	0	0	0	0	0	0
Outgoing_CD4_to_partner	Tprolif	TRH	1	0	0	0	0	0	0
Outgoing_CD4_to_partner	Tprolif	UCN	4	0	0	0	0	0	0
Outgoing_CD4_to_partner	Tprolif	UROTENSIN	2	0	0	0	0	0	0
Outgoing_CD4_to_partner	Tprolif	BAG	1	0	0	0	0	0	0
Outgoing_CD4_to_partner	Tprolif	KLK	12	0	0	0	0	0	0
Outgoing_CD4_to_partner	Tprolif	ADM	6	0	0	0	0	0	0
Outgoing_CD4_to_partner	Tprolif	CALC	12	0	0	0	0	0	0
Outgoing_CD4_to_partner	Tprolif	IAPP	6	0	0	0	0	0	0
Outgoing_CD4_to_partner	Tprolif	PROCR	2	0	0	0	0	0	0
Outgoing_CD4_to_partner	Tprolif	CTSG	1	0	0	0	0	0	0
Outgoing_CD4_to_partner	Tprolif	GRP	1	0	0	0	0	0	0
Outgoing_CD4_to_partner	Tprolif	PTPR	11	0	0	0	0	0	0
Outgoing_CD4_to_partner	Tprolif	SLITRK	8	0	0	0	0	0	0
Outgoing_CD4_to_partner	Tprolif	IGFBP	1	0	0	0	0	0	0
Outgoing_CD4_to_partner	Tprolif	CypA	1	0.203361208726428	0.202223668588027	0.00113754013840162	0.00113754013840162	1	1
Outgoing_CD4_to_partner	Tprolif	PROC	1	0	0	0	0	0	0
Outgoing_CD4_to_partner	Tprolif	MHC-I	41	0.932872619549098	0.935131446218698	-0.00225882666960012	-5.50933334048809e-05	1	1
Outgoing_CD4_to_partner	Tprolif	RBP4	1	0	0	0	0	0	0
Outgoing_CD4_to_partner	Tprolif	SLIT	3	0	0	0	0	0	0
Outgoing_CD4_to_partner	Tprolif	TULP	5	0	0	0	0	0	0
Outgoing_CD4_to_partner	Tprolif	PLAU	1	0	0	0	0	0	0
Outgoing_CD4_to_partner	Tprolif	COLLAGEN	187	0	0	0	0	0	0
Outgoing_CD4_to_partner	Tprolif	FN1	13	0	0	0	0	0	0
Outgoing_CD4_to_partner	Tprolif	LAMININ	139	0	0	0	0	0	0
Outgoing_CD4_to_partner	Tprolif	CHAD	1	0	0	0	0	0	0
Outgoing_CD4_to_partner	Tprolif	RELN	3	0	0	0	0	0	0
Outgoing_CD4_to_partner	Tprolif	THBS	30	0	0	0	0	0	0
Outgoing_CD4_to_partner	Tprolif	VTN	7	0	0	0	0	0	0
Outgoing_CD4_to_partner	Tprolif	TENASCIN	28	0	0	0	0	0	0
Outgoing_CD4_to_partner	Tprolif	NPNT	2	0	0	0	0	0	0
Outgoing_CD4_to_partner	Tprolif	DSPP	2	0	0	0	0	0	0
Outgoing_CD4_to_partner	Tprolif	VWF	3	0	0	0	0	0	0
Outgoing_CD4_to_partner	Tprolif	BSP	2	0	0	0	0	0	0
Outgoing_CD4_to_partner	Tprolif	DMP1	1	0	0	0	0	0	0
Outgoing_CD4_to_partner	Tprolif	AGRN	1	0	0	0	0	0	0
Outgoing_CD4_to_partner	Tprolif	HSPG	1	0	0	0	0	0	0
Outgoing_CD4_to_partner	Tprolif	APP	4	0	0	0	0	0	0
Outgoing_CD4_to_partner	Tprolif	CADM	6	0	0.00533002330982247	-0.00533002330982247	-0.000888337218303745	0	1
Outgoing_CD4_to_partner	Tprolif	CD23	4	0	0	0	0	0	0
Outgoing_CD4_to_partner	Tprolif	CD34	1	0	0	0	0	0	0
Outgoing_CD4_to_partner	Tprolif	CD39	4	0.00471684111891295	0.000699106382783208	0.00401773473612974	0.00100443368403244	1	1
Outgoing_CD4_to_partner	Tprolif	CD45	2	0	0	0	0	0	0
Outgoing_CD4_to_partner	Tprolif	CD46	1	0	0	0	0	0	0
Outgoing_CD4_to_partner	Tprolif	CD48	1	0	0	0	0	0	0
Outgoing_CD4_to_partner	Tprolif	CD6	1	0	0	0	0	0	0
Outgoing_CD4_to_partner	Tprolif	CD80	3	0	0	0	0	0	0
Outgoing_CD4_to_partner	Tprolif	CD86	2	0	0	0	0	0	0
Outgoing_CD4_to_partner	Tprolif	CD96	1	0	0	0	0	0	0
Outgoing_CD4_to_partner	Tprolif	CD99	4	0.22827099392331	0.22982532251808	-0.00155432859477048	-0.000388582148692619	2	2
Outgoing_CD4_to_partner	Tprolif	CDH	4	0	0	0	0	0	0
Outgoing_CD4_to_partner	Tprolif	CDH1	3	0	0	0	0	0	0
Outgoing_CD4_to_partner	Tprolif	CEACAM	7	0	0	0	0	0	0
Outgoing_CD4_to_partner	Tprolif	CLDN	4	0	0	0	0	0	0
Outgoing_CD4_to_partner	Tprolif	CLEC	6	0	0	0	0	0	0
Outgoing_CD4_to_partner	Tprolif	CNTN	7	0	0	0	0	0	0
Outgoing_CD4_to_partner	Tprolif	CSPG4	1	0	0	0	0	0	0
Outgoing_CD4_to_partner	Tprolif	DESMOSOME	11	0	0	0	0	0	0
Outgoing_CD4_to_partner	Tprolif	EPGN	1	0	0	0	0	0	0
Outgoing_CD4_to_partner	Tprolif	EPHA	32	0	0	0	0	0	0
Outgoing_CD4_to_partner	Tprolif	EPHB	16	0	0	0	0	0	0
Outgoing_CD4_to_partner	Tprolif	ESAM	1	0	0	0	0	0	0
Outgoing_CD4_to_partner	Tprolif	GP1BA	1	0	0	0	0	0	0
Outgoing_CD4_to_partner	Tprolif	ICAM	8	0	0	0	0	0	0
Outgoing_CD4_to_partner	Tprolif	ICOS	3	0	0	0	0	0	0
Outgoing_CD4_to_partner	Tprolif	JAM	10	0	0	0	0	0	0
Outgoing_CD4_to_partner	Tprolif	L1CAM	3	0	0	0	0	0	0
Outgoing_CD4_to_partner	Tprolif	LCK	1	0	0	0	0	0	0
Outgoing_CD4_to_partner	Tprolif	MADCAM	1	0	0	0	0	0	0
Outgoing_CD4_to_partner	Tprolif	MHC-II	12	0	0	0	0	0	0
Outgoing_CD4_to_partner	Tprolif	MPZ	3	0	0	0	0	0	0
Outgoing_CD4_to_partner	Tprolif	NCAM	5	0	0	0	0	0	0
Outgoing_CD4_to_partner	Tprolif	NEGR	1	0	0	0	0	0	0
Outgoing_CD4_to_partner	Tprolif	NGL	3	0	0	0	0	0	0
Outgoing_CD4_to_partner	Tprolif	NOTCH	24	0	0	0	0	0	0
Outgoing_CD4_to_partner	Tprolif	NRXN	24	0	0	0	0	0	0
Outgoing_CD4_to_partner	Tprolif	PD-L1	1	0	0	0	0	0	0
Outgoing_CD4_to_partner	Tprolif	PDL2	1	0	0	0	0	0	0
Outgoing_CD4_to_partner	Tprolif	PTPRM	1	0	0	0	0	0	0
Outgoing_CD4_to_partner	Tprolif	PVR	2	0	0	0	0	0	0
Outgoing_CD4_to_partner	Tprolif	SELE	2	0	0	0	0	0	0
Outgoing_CD4_to_partner	Tprolif	SELL	4	0	0	0	0	0	0
Outgoing_CD4_to_partner	Tprolif	SELPLG	3	0	0	0	0	0	0
Outgoing_CD4_to_partner	Tprolif	SEMA4	13	0	0	0	0	0	0
Outgoing_CD4_to_partner	Tprolif	SEMA5	5	0	0	0	0	0	0
Outgoing_CD4_to_partner	Tprolif	SEMA6	7	0	0	0	0	0	0
Outgoing_CD4_to_partner	Tprolif	SEMA7	2	0	0	0	0	0	0
Outgoing_CD4_to_partner	Tprolif	SN	1	0	0	0	0	0	0
Outgoing_CD4_to_partner	Tprolif	THY1	3	0	0	0	0	0	0
Outgoing_CD4_to_partner	Tprolif	VCAM	4	0.0265167277563812	0.0315810061295253	-0.00506427837314403	-0.00126606959328601	1	2
Outgoing_CD4_to_partner	Tprolif	GAP	4	0	0	0	0	0	0
Outgoing_CD4_to_partner	Tprolif	PCDH	27	0	0	0	0	0	0
Outgoing_CD4_to_partner	Tprolif	FLRT	1	0	0	0	0	0	0
Outgoing_CD4_to_partner	Tprolif	UNC5	12	0	0	0	0	0	0
Outgoing_CD4_to_partner	Tprolif	ApoA	4	0	0	0	0	0	0
Outgoing_CD4_to_partner	Tprolif	ApoB	2	0	0	0	0	0	0
Outgoing_CD4_to_partner	Tprolif	ApoE	1	0	0	0	0	0	0
Outgoing_CD4_to_partner	Tprolif	CD160	1	0	0	0	0	0	0
Outgoing_CD4_to_partner	Tprolif	CD276	1	0	0	0	0	0	0
Outgoing_CD4_to_partner	Tprolif	LAIR1	1	0	0	0	0	0	0
Outgoing_CD4_to_partner	Tprolif	MMP	1	0	0	0	0	0	0
Outgoing_CD4_to_partner	Tprolif	Netrin	8	0	0	0	0	0	0
Outgoing_CD4_to_partner	Tprolif	CD200	1	0	0	0	0	0	0
Outgoing_CD4_to_partner	Tprolif	SIRP	1	0.0598486376611508	0.0572811908350208	0.00256744682613	0.00256744682613	1	1
Incoming_partner_to_CD4	Tprolif	TGFb	12	0	0	0	0	0	0
Incoming_partner_to_CD4	Tprolif	BMP	75	0	0	0	0	0	0
Incoming_partner_to_CD4	Tprolif	BMP10	4	0	0	0	0	0	0
Incoming_partner_to_CD4	Tprolif	GDF	6	0	0	0	0	0	0
Incoming_partner_to_CD4	Tprolif	MSTN	4	0	0	0	0	0	0
Incoming_partner_to_CD4	Tprolif	AMH	2	0	0	0	0	0	0
Incoming_partner_to_CD4	Tprolif	GDNF	5	0	0	0	0	0	0
Incoming_partner_to_CD4	Tprolif	NODAL	12	0	0	0	0	0	0
Incoming_partner_to_CD4	Tprolif	ACTIVIN	20	0	0	0	0	0	0
Incoming_partner_to_CD4	Tprolif	WNT	320	0	0	0	0	0	0
Incoming_partner_to_CD4	Tprolif	ncWNT	31	0	0	0	0	0	0
Incoming_partner_to_CD4	Tprolif	EGF	18	0	0	0	0	0	0
Incoming_partner_to_CD4	Tprolif	NRG	13	0	0	0	0	0	0
Incoming_partner_to_CD4	Tprolif	FGF	46	0	0	0	0	0	0
Incoming_partner_to_CD4	Tprolif	PDGF	6	0	0	0	0	0	0
Incoming_partner_to_CD4	Tprolif	VEGF	8	0	0	0	0	0	0
Incoming_partner_to_CD4	Tprolif	IGF	8	0	0	0	0	0	0
Incoming_partner_to_CD4	Tprolif	INSULIN	1	0	0	0	0	0	0
Incoming_partner_to_CD4	Tprolif	HH	6	0	0	0	0	0	0
Incoming_partner_to_CD4	Tprolif	CCL	55	0.0918726594031618	0.156571225808097	-0.0646985664049355	-0.00117633757099883	2	3
Incoming_partner_to_CD4	Tprolif	CXCL	22	0	0	0	0	0	0
Incoming_partner_to_CD4	Tprolif	MIF	4	0.532222656252916	0.535169731603643	-0.00294707535072686	-0.000736768837681714	2	2
Incoming_partner_to_CD4	Tprolif	CX3C	1	0	0	0	0	0	0
Incoming_partner_to_CD4	Tprolif	XCR	2	0	0	0	0	0	0
Incoming_partner_to_CD4	Tprolif	IL2	8	0	0	0	0	0	0
Incoming_partner_to_CD4	Tprolif	IL4	10	0	0	0	0	0	0
Incoming_partner_to_CD4	Tprolif	IL6	3	0	0	0	0	0	0
Incoming_partner_to_CD4	Tprolif	IL12	3	0	0	0	0	0	0
Incoming_partner_to_CD4	Tprolif	LIFR	4	0	0	0	0	0	0
Incoming_partner_to_CD4	Tprolif	OSM	2	0	0	0	0	0	0
Incoming_partner_to_CD4	Tprolif	IL10	8	0	0	0	0	0	0
Incoming_partner_to_CD4	Tprolif	IL1	10	0	0	0	0	0	0
Incoming_partner_to_CD4	Tprolif	IL17	6	0	0	0	0	0	0
Incoming_partner_to_CD4	Tprolif	CSF	2	0	0	0	0	0	0
Incoming_partner_to_CD4	Tprolif	IL16	1	0.0195779218329208	0.0138526509180703	0.00572527091485052	0.00572527091485052	1	1
Incoming_partner_to_CD4	Tprolif	EPO	1	0	0	0	0	0	0
Incoming_partner_to_CD4	Tprolif	GH	2	0	0	0	0	0	0
Incoming_partner_to_CD4	Tprolif	PRL	1	0	0	0	0	0	0
Incoming_partner_to_CD4	Tprolif	CSF3	1	0	0	0	0	0	0
Incoming_partner_to_CD4	Tprolif	IFN-I	17	0	0	0	0	0	0
Incoming_partner_to_CD4	Tprolif	IFN-II	1	0	0	0	0	0	0
Incoming_partner_to_CD4	Tprolif	TNF	2	0	0	0	0	0	0
Incoming_partner_to_CD4	Tprolif	LT	4	0	0	0	0	0	0
Incoming_partner_to_CD4	Tprolif	LIGHT	2	0	0	0	0	0	0
Incoming_partner_to_CD4	Tprolif	FASLG	1	0.00621591892969643	0.00193815916621535	0.00427775976348108	0.00427775976348108	1	1
Incoming_partner_to_CD4	Tprolif	VEGI	1	0	0	0	0	0	0
Incoming_partner_to_CD4	Tprolif	TRAIL	1	0	0	0	0	0	0
Incoming_partner_to_CD4	Tprolif	NGF	2	0	0	0	0	0	0
Incoming_partner_to_CD4	Tprolif	RANKL	2	0	0	0	0	0	0
Incoming_partner_to_CD4	Tprolif	TWEAK	1	0	0	0	0	0	0
Incoming_partner_to_CD4	Tprolif	CD70	1	0	0	0	0	0	0
Incoming_partner_to_CD4	Tprolif	CD30	1	0	0	0	0	0	0
Incoming_partner_to_CD4	Tprolif	CD137	1	0.0010656562643616	0	0.0010656562643616	0.0010656562643616	1	0
Incoming_partner_to_CD4	Tprolif	OX40	1	0	0	0	0	0	0
Incoming_partner_to_CD4	Tprolif	GITRL	1	0	0	0	0	0	0
Incoming_partner_to_CD4	Tprolif	APRIL	2	0	0	0	0	0	0
Incoming_partner_to_CD4	Tprolif	BAFF	3	0	0	0	0	0	0
Incoming_partner_to_CD4	Tprolif	CD40	4	0	0	0	0	0	0
Incoming_partner_to_CD4	Tprolif	SPP1	9	0	0	0	0	0	0
Incoming_partner_to_CD4	Tprolif	ADIPONECTIN	2	0	0	0	0	0	0
Incoming_partner_to_CD4	Tprolif	RESISTIN	2	0	0	0	0	0	0
Incoming_partner_to_CD4	Tprolif	VISFATIN	1	0	0	0	0	0	0
Incoming_partner_to_CD4	Tprolif	ANGPTL	15	0	0	0	0	0	0
Incoming_partner_to_CD4	Tprolif	ANGPT	2	0	0	0	0	0	0
Incoming_partner_to_CD4	Tprolif	MK	9	0	0	0	0	0	0
Incoming_partner_to_CD4	Tprolif	PTN	8	0	0	0	0	0	0
Incoming_partner_to_CD4	Tprolif	PERIOSTIN	2	0	0	0	0	0	0
Incoming_partner_to_CD4	Tprolif	AGT	3	0	0	0	0	0	0
Incoming_partner_to_CD4	Tprolif	GPR	2	0	0	0	0	0	0
Incoming_partner_to_CD4	Tprolif	BRADYKININ	2	0	0	0	0	0	0
Incoming_partner_to_CD4	Tprolif	COMPLEMENT	7	0	0	0	0	0	0
Incoming_partner_to_CD4	Tprolif	EDN	5	0	0	0	0	0	0
Incoming_partner_to_CD4	Tprolif	GALANIN	6	0	0	0	0	0	0
Incoming_partner_to_CD4	Tprolif	GHRELIN	1	0	0	0	0	0	0
Incoming_partner_to_CD4	Tprolif	MELANOCORTIN	5	0	0	0	0	0	0
Incoming_partner_to_CD4	Tprolif	NMU	2	0	0	0	0	0	0
Incoming_partner_to_CD4	Tprolif	NPFF	2	0	0	0	0	0	0
Incoming_partner_to_CD4	Tprolif	NPY	16	0	0	0	0	0	0
Incoming_partner_to_CD4	Tprolif	NPW-B	2	0	0	0	0	0	0
Incoming_partner_to_CD4	Tprolif	NTS	3	0	0	0	0	0	0
Incoming_partner_to_CD4	Tprolif	OPIOID	12	0	0	0	0	0	0
Incoming_partner_to_CD4	Tprolif	HCRT	1	0	0	0	0	0	0
Incoming_partner_to_CD4	Tprolif	OXT	1	0	0	0	0	0	0
Incoming_partner_to_CD4	Tprolif	SOMATOSTATIN	7	0	0	0	0	0	0
Incoming_partner_to_CD4	Tprolif	TAC	4	0	0	0	0	0	0
Incoming_partner_to_CD4	Tprolif	UTS2	1	0	0	0	0	0	0
Incoming_partner_to_CD4	Tprolif	PARs	29	0	0.00857787795752791	-0.00857787795752791	-0.000295788895087169	0	0
Incoming_partner_to_CD4	Tprolif	PMCH	2	0	0	0	0	0	0
Incoming_partner_to_CD4	Tprolif	PROK	4	0	0	0	0	0	0
Incoming_partner_to_CD4	Tprolif	NPR1	1	0	0	0	0	0	0
Incoming_partner_to_CD4	Tprolif	NPR2	1	0	0	0	0	0	0
Incoming_partner_to_CD4	Tprolif	KIT	1	0	0	0	0	0	0
Incoming_partner_to_CD4	Tprolif	GIPR	1	0	0	0	0	0	0
Incoming_partner_to_CD4	Tprolif	FSH	2	0	0	0	0	0	0
Incoming_partner_to_CD4	Tprolif	TSH	2	0	0	0	0	0	0
Incoming_partner_to_CD4	Tprolif	NT	9	0	0	0	0	0	0
Incoming_partner_to_CD4	Tprolif	FLT3	1	0	0	0	0	0	0
Incoming_partner_to_CD4	Tprolif	HGF	1	0	0	0	0	0	0
Incoming_partner_to_CD4	Tprolif	SEMA3	39	0	0	0	0	0	0
Incoming_partner_to_CD4	Tprolif	CALCR	8	0	0	0	0	0	0
Incoming_partner_to_CD4	Tprolif	ANNEXIN	6	0	0	0	0	0	0
Incoming_partner_to_CD4	Tprolif	CRH	1	0	0	0	0	0	0
Incoming_partner_to_CD4	Tprolif	ENHO	1	0	0	0	0	0	0
Incoming_partner_to_CD4	Tprolif	GAS	3	0	0	0	0	0	0
Incoming_partner_to_CD4	Tprolif	GCG	3	0	0	0	0	0	0
Incoming_partner_to_CD4	Tprolif	GHRH	4	0	0	0	0	0	0
Incoming_partner_to_CD4	Tprolif	GNRH	1	0	0	0	0	0	0
Incoming_partner_to_CD4	Tprolif	GRN	1	0	0	0	0	0	0
Incoming_partner_to_CD4	Tprolif	GUCA	2	0	0	0	0	0	0
Incoming_partner_to_CD4	Tprolif	RLN	16	0	0	0	0	0	0
Incoming_partner_to_CD4	Tprolif	LEP	1	0	0	0	0	0	0
Incoming_partner_to_CD4	Tprolif	GALECTIN	5	0.132062154407779	0.131689229469355	0.000372924938424273	7.45849876848545e-05	0	0
Incoming_partner_to_CD4	Tprolif	NPVF	1	0	0	0	0	0	0
Incoming_partner_to_CD4	Tprolif	PROS	3	0	0	0	0	0	0
Incoming_partner_to_CD4	Tprolif	PSAP	2	0	0	0	0	0	0
Incoming_partner_to_CD4	Tprolif	PTH	3	0	0	0	0	0	0
Incoming_partner_to_CD4	Tprolif	QRFP	1	0	0	0	0	0	0
Incoming_partner_to_CD4	Tprolif	CHEMERIN	2	0	0	0	0	0	0
Incoming_partner_to_CD4	Tprolif	SAA	1	0	0	0	0	0	0
Incoming_partner_to_CD4	Tprolif	UGRP1	1	0	0	0	0	0	0
Incoming_partner_to_CD4	Tprolif	SCT	1	0	0	0	0	0	0
Incoming_partner_to_CD4	Tprolif	SLURP	16	0	0	0	0	0	0
Incoming_partner_to_CD4	Tprolif	BTLA	1	0	0	0	0	0	0
Incoming_partner_to_CD4	Tprolif	TRH	1	0	0	0	0	0	0
Incoming_partner_to_CD4	Tprolif	UCN	4	0	0	0	0	0	0
Incoming_partner_to_CD4	Tprolif	UROTENSIN	2	0	0	0	0	0	0
Incoming_partner_to_CD4	Tprolif	BAG	1	0	0	0	0	0	0
Incoming_partner_to_CD4	Tprolif	KLK	12	0	0	0	0	0	0
Incoming_partner_to_CD4	Tprolif	ADM	6	0	0	0	0	0	0
Incoming_partner_to_CD4	Tprolif	CALC	12	0	0	0	0	0	0
Incoming_partner_to_CD4	Tprolif	IAPP	6	0	0	0	0	0	0
Incoming_partner_to_CD4	Tprolif	PROCR	2	0	0	0	0	0	0
Incoming_partner_to_CD4	Tprolif	CTSG	1	0	0	0	0	0	0
Incoming_partner_to_CD4	Tprolif	GRP	1	0	0	0	0	0	0
Incoming_partner_to_CD4	Tprolif	PTPR	11	0	0	0	0	0	0
Incoming_partner_to_CD4	Tprolif	SLITRK	8	0	0	0	0	0	0
Incoming_partner_to_CD4	Tprolif	IGFBP	1	0	0	0	0	0	0
Incoming_partner_to_CD4	Tprolif	CypA	1	0.0948932886090235	0.0933721978436241	0.00152109076539939	0.00152109076539939	0	0
Incoming_partner_to_CD4	Tprolif	PROC	1	0	0	0	0	0	0
Incoming_partner_to_CD4	Tprolif	MHC-I	41	2.20436718186004	2.48675824412182	-0.282391062261781	-0.00688758688443368	12	12
Incoming_partner_to_CD4	Tprolif	RBP4	1	0	0	0	0	0	0
Incoming_partner_to_CD4	Tprolif	SLIT	3	0	0	0	0	0	0
Incoming_partner_to_CD4	Tprolif	TULP	5	0	0	0	0	0	0
Incoming_partner_to_CD4	Tprolif	PLAU	1	0	0	0	0	0	0
Incoming_partner_to_CD4	Tprolif	COLLAGEN	187	0	0	0	0	0	0
Incoming_partner_to_CD4	Tprolif	FN1	13	0	0	0	0	0	0
Incoming_partner_to_CD4	Tprolif	LAMININ	139	0	0	0	0	0	0
Incoming_partner_to_CD4	Tprolif	CHAD	1	0	0	0	0	0	0
Incoming_partner_to_CD4	Tprolif	RELN	3	0	0	0	0	0	0
Incoming_partner_to_CD4	Tprolif	THBS	30	0	0	0	0	0	0
Incoming_partner_to_CD4	Tprolif	VTN	7	0	0	0	0	0	0
Incoming_partner_to_CD4	Tprolif	TENASCIN	28	0	0	0	0	0	0
Incoming_partner_to_CD4	Tprolif	NPNT	2	0	0	0	0	0	0
Incoming_partner_to_CD4	Tprolif	DSPP	2	0	0	0	0	0	0
Incoming_partner_to_CD4	Tprolif	VWF	3	0	0	0	0	0	0
Incoming_partner_to_CD4	Tprolif	BSP	2	0	0	0	0	0	0
Incoming_partner_to_CD4	Tprolif	DMP1	1	0	0	0	0	0	0
Incoming_partner_to_CD4	Tprolif	AGRN	1	0	0	0	0	0	0
Incoming_partner_to_CD4	Tprolif	HSPG	1	0	0	0	0	0	0
Incoming_partner_to_CD4	Tprolif	APP	4	0	0	0	0	0	0
Incoming_partner_to_CD4	Tprolif	CADM	6	0	0	0	0	0	0
Incoming_partner_to_CD4	Tprolif	CD23	4	0	0	0	0	0	0
Incoming_partner_to_CD4	Tprolif	CD34	1	0	0	0	0	0	0
Incoming_partner_to_CD4	Tprolif	CD39	4	0	0	0	0	0	0
Incoming_partner_to_CD4	Tprolif	CD45	2	0	0	0	0	0	0
Incoming_partner_to_CD4	Tprolif	CD46	1	0	0	0	0	0	0
Incoming_partner_to_CD4	Tprolif	CD48	1	0	0	0	0	0	0
Incoming_partner_to_CD4	Tprolif	CD6	1	0	0	0	0	0	0
Incoming_partner_to_CD4	Tprolif	CD80	3	0	0	0	0	0	0
Incoming_partner_to_CD4	Tprolif	CD86	2	0	0	0	0	0	0
Incoming_partner_to_CD4	Tprolif	CD96	1	0	0	0	0	0	0
Incoming_partner_to_CD4	Tprolif	CD99	4	0.228137419673923	0.238534336667336	-0.0103969169934133	-0.00259922924835332	2	2
Incoming_partner_to_CD4	Tprolif	CDH	4	0	0	0	0	0	0
Incoming_partner_to_CD4	Tprolif	CDH1	3	0	0	0	0	0	0
Incoming_partner_to_CD4	Tprolif	CEACAM	7	0	0	0	0	0	0
Incoming_partner_to_CD4	Tprolif	CLDN	4	0	0	0	0	0	0
Incoming_partner_to_CD4	Tprolif	CLEC	6	0	0	0	0	0	0
Incoming_partner_to_CD4	Tprolif	CNTN	7	0	0	0	0	0	0
Incoming_partner_to_CD4	Tprolif	CSPG4	1	0	0	0	0	0	0
Incoming_partner_to_CD4	Tprolif	DESMOSOME	11	0	0	0	0	0	0
Incoming_partner_to_CD4	Tprolif	EPGN	1	0	0	0	0	0	0
Incoming_partner_to_CD4	Tprolif	EPHA	32	0	0	0	0	0	0
Incoming_partner_to_CD4	Tprolif	EPHB	16	0	0	0	0	0	0
Incoming_partner_to_CD4	Tprolif	ESAM	1	0	0	0	0	0	0
Incoming_partner_to_CD4	Tprolif	GP1BA	1	0	0	0	0	0	0
Incoming_partner_to_CD4	Tprolif	ICAM	8	0	0	0	0	0	0
Incoming_partner_to_CD4	Tprolif	ICOS	3	0	0	0	0	0	0
Incoming_partner_to_CD4	Tprolif	JAM	10	0	0	0	0	0	0
Incoming_partner_to_CD4	Tprolif	L1CAM	3	0	0	0	0	0	0
Incoming_partner_to_CD4	Tprolif	LCK	1	0.153167735711476	0.163592713105177	-0.0104249773937011	-0.0104249773937011	1	1
Incoming_partner_to_CD4	Tprolif	MADCAM	1	0	0	0	0	0	0
Incoming_partner_to_CD4	Tprolif	MHC-II	12	0.437471499221854	0.313177027556827	0.124294471665027	0.0103578726387523	9	9
Incoming_partner_to_CD4	Tprolif	MPZ	3	0	0	0	0	0	0
Incoming_partner_to_CD4	Tprolif	NCAM	5	0	0	0	0	0	0
Incoming_partner_to_CD4	Tprolif	NEGR	1	0	0	0	0	0	0
Incoming_partner_to_CD4	Tprolif	NGL	3	0	0	0	0	0	0
Incoming_partner_to_CD4	Tprolif	NOTCH	24	0	0	0	0	0	0
Incoming_partner_to_CD4	Tprolif	NRXN	24	0	0	0	0	0	0
Incoming_partner_to_CD4	Tprolif	PD-L1	1	0	0	0	0	0	0
Incoming_partner_to_CD4	Tprolif	PDL2	1	0	0	0	0	0	0
Incoming_partner_to_CD4	Tprolif	PTPRM	1	0	0	0	0	0	0
Incoming_partner_to_CD4	Tprolif	PVR	2	0	0	0	0	0	0
Incoming_partner_to_CD4	Tprolif	SELE	2	0	0	0	0	0	0
Incoming_partner_to_CD4	Tprolif	SELL	4	0	0	0	0	0	0
Incoming_partner_to_CD4	Tprolif	SELPLG	3	0	0.00974545571508957	-0.00974545571508957	-0.00324848523836319	0	0
Incoming_partner_to_CD4	Tprolif	SEMA4	13	0	0	0	0	0	0
Incoming_partner_to_CD4	Tprolif	SEMA5	5	0	0	0	0	0	0
Incoming_partner_to_CD4	Tprolif	SEMA6	7	0	0	0	0	0	0
Incoming_partner_to_CD4	Tprolif	SEMA7	2	0	0	0	0	0	0
Incoming_partner_to_CD4	Tprolif	SN	1	0	0	0	0	0	0
Incoming_partner_to_CD4	Tprolif	THY1	3	0	0	0	0	0	0
Incoming_partner_to_CD4	Tprolif	VCAM	4	0	0	0	0	0	0
Incoming_partner_to_CD4	Tprolif	GAP	4	0	0	0	0	0	0
Incoming_partner_to_CD4	Tprolif	PCDH	27	0	0	0	0	0	0
Incoming_partner_to_CD4	Tprolif	FLRT	1	0	0	0	0	0	0
Incoming_partner_to_CD4	Tprolif	UNC5	12	0	0	0	0	0	0
Incoming_partner_to_CD4	Tprolif	ApoA	4	0	0	0	0	0	0
Incoming_partner_to_CD4	Tprolif	ApoB	2	0	0	0	0	0	0
Incoming_partner_to_CD4	Tprolif	ApoE	1	0	0	0	0	0	0
Incoming_partner_to_CD4	Tprolif	CD160	1	0	0	0	0	0	0
Incoming_partner_to_CD4	Tprolif	CD276	1	0	0	0	0	0	0
Incoming_partner_to_CD4	Tprolif	LAIR1	1	0	0	0	0	0	0
Incoming_partner_to_CD4	Tprolif	MMP	1	0	0	0	0	0	0
Incoming_partner_to_CD4	Tprolif	Netrin	8	0	0	0	0	0	0
Incoming_partner_to_CD4	Tprolif	CD200	1	0	0	0	0	0	0
Incoming_partner_to_CD4	Tprolif	SIRP	1	0.0935862798372118	0.132195199957104	-0.0386089201198917	-0.0386089201198917	1	1
