pmid	title	abstract	journal	year	pmc	eligible
33569077	Systematic Prioritization of Candidate Genes in Disease Loci Identifies TRAFD1 as a Master Regulator of IFN&#x3b3; Signaling in Celiac Disease.	Celiac disease (CeD) is a complex T cell-mediated enteropathy induced by gluten. Although genome-wide association studies have identified numerous genomic regions associated with CeD, it is difficult to accurately pinpoint which genes in these loci are most likely to cause CeD. We used four different in silico approaches-Mendelian randomization inverse variance weighting, COLOC, LD overlap, and DE	Frontiers in genetics	2020	PMC7868554	False
36517655	Mendelian Randomization Study Using Dopaminergic Neuron-Specific eQTL Identifies Novel Risk Genes for Schizophrenia.	Multiple integrative studies have been performed to identify the potential target genes of the non-coding schizophrenia (SCZ) risk variants. However, all the integrative studies used expression quantitative trait loci (eQTL) data from bulk tissues. Considering the cell type-specific regulatory effect of many genetic variants, it is important to conduct integrative studies using cell type-specific 	Molecular neurobiology	2023		True
37799268	Modeling of horizontal pleiotropy identifies possible causal gene expression in systemic lupus erythematosus.	Systemic lupus erythematosus (SLE) is a chronic autoimmune condition with complex causes involving genetic and environmental factors. While genome-wide association studies (GWASs) have identified genetic loci associated with SLE, the functional genomic elements responsible for disease development remain largely unknown. Mendelian Randomization (MR) is an instrumental variable approach to causal in	Frontiers in lupus	2023	PMC10554754	True
37821814	Summary-data based Mendelian randomization identifies gene expression regulatory polymorphisms associated with bovine paratuberculosis by modulation of the nuclear factor Kappa &#x3b2; (NF-&#x3ba;&#xdf;)-mediated inflammatory response.	Genome-wide association studies (GWAS) have identified host genetic variants associated with paratuberculosis (PTB) susceptibility. Most of the GWAS-identified SNPs are in non-coding regions. Connecting these non-coding variants and downstream affected genes is a challenge and, up to date, only a few functional mutations or expression quantitative loci (cis-eQTLs) associated with PTB susceptibilit	BMC genomics	2023	PMC10568764	False
38316767	Brain tissue- and cell type-specific eQTL Mendelian randomization reveals efficacy of FADS1 and FADS2 on cognitive function.	Epidemiological studies suggested an association between omega-3 fatty acids and cognitive function. However, the causal role of the fatty acid desaturase (FADS) gene, which play a key role in regulating omega-3 fatty acids biosynthesis, on cognitive function is unclear. Hence, we used two-sample Mendelian randomization (MR) to estimate the gene-specific causal effect of omega-3 fatty acids (N&#x2	Translational psychiatry	2024	PMC10844634	True
38521921	Integrative multi-omics analysis identifies genetically supported druggable targets and immune cell specificity for myasthenia gravis.	Myasthenia gravis (MG) is a chronic autoimmune disorder characterized by fluctuating muscle weakness. Despite the availability of established therapies, the management of MG symptoms remains suboptimal, partially attributed to lack of efficacy or intolerable side-effects. Therefore, new effective drugs are warranted for treatment of MG. By employing an analytical framework that combines Mendelian 	Journal of translational medicine	2024	PMC10960998	False
38533040	Comprehensive single-cell analysis reveals heterogeneity of fibroblast subpopulations in ovarian cancer tissue microenvironment.	Ovarian cancer, as a highly malignant tumor, features the critical involvement of tumor-associated fibroblasts in the ovarian cancer tissue microenvironment. However, due to the apparent heterogeneity within fibroblast subpopulations, the specific functions of these subpopulations in the ovarian cancer tissue microenvironment remain insufficiently elucidated. In this study, we integrated single-ce	Heliyon	2024	PMC10963331	False
38566986	Transcriptomics in idiopathic pulmonary fibrosis unveiled: a new perspective from differentially expressed genes to therapeutic targets.	The underlying molecular pathways of idiopathic pulmonary fibrosis (IPF), a progressive lung condition with a high death rate, are still mostly unknown. By using microarray datasets, this study aims to identify new genetic targets for IPF and provide light on the genetic factors that contribute to the development of IPF. We conducted a comprehensive analysis of three independent IPF datasets from 	Frontiers in immunology	2024	PMC10985171	True
38660678	Critical gene signature and immunological characterization in peripheral vascular atherosclerosis: novel insights from mendelian randomization and transcriptomics.	Peripheral vascular atherosclerosis (PVA) is a chronic inflammatory disease characterized by lipid accumulation in blood vessel walls, leading to vessel narrowing and inadequate blood supply. However, the molecular mechanisms underlying PVA remain poorly understood. In this study, we employed a combination of Mendelian randomization (MR) analysis and integrated transcriptomics to identify the crit	Frontiers in genetics	2024	PMC11039871	False
38671846	The Association of Redox Regulatory Drug Target Genes with Psychiatric Disorders: A Mendelian Randomization Study.	Redox regulatory drug (RRD) targets may be considered potential novel drug targets of psychosis due to the fact that the brain is highly susceptible to oxidative stress imbalance. The aim of the present study is to identify potential associations between RRD targets' perturbation and the risk of psychoses; to achieve this, Mendelian randomization analyses were conducted. The expression quantitativ	Antioxidants (Basel, Switzerland)	2024	PMC11047424	True
38701500	Association of glucagon-like peptide-1 receptor agonists with risk of cancers-evidence from a drug target Mendelian randomization and clinical trials.	Glucagon-like peptide-1 receptor (GLP1R) agonists have been approved by Food and Drug Administration for management of obesity. However, the causal relationship of GLP1R agonists (GLP1RA) with cancers still unclear. The available cis-eQTLs for drugs target genes (GLP1R) were used as proxies for exposure to GLP1RA. Mendelian randomizations (MR) were performed to reveal the association of geneticall	International journal of surgery (London, England)	2024	PMC11325911	False
38735387	Association of intestinal anti-inflammatory drug target genes with psychiatric Disorders: A Mendelian randomization study.	Psychiatric disorders present a substantial global public health burden with limited drug options. The gut-brain axis connects inflammatory bowel diseases and psychiatric disorders, which often have comorbidities. While some evidence hints at anti-inflammatory drugs aiding in treating psychiatric conditions, the specific effects of intestinal anti-inflammatory drugs remain unclear. This study inve	Journal of advanced research	2025	PMC11976564	True
38783236	Identifying potential drug targets for idiopathic pulmonary fibrosis: a mendelian randomization study based on the druggable genes.	Idiopathic pulmonary fibrosis (IPF) is a chronic fibrotic interstitial lung disease characterized by progressive dyspnea and decreased lung function, yet its exact etiology remains unclear. It is of great significance to discover new drug targets for IPF. We obtained the cis-expression quantitative trait locus (cis-eQTL) of druggable genes from eQTLGen Consortium as exposure and the genome wide as	Respiratory research	2024	PMC11118997	True
38826220	Shared genetics linking sociability with the brain's default mode network.	The brain's default mode network (DMN) plays a role in social cognition, with altered DMN function being associated with social impairments across various neuropsychiatric disorders. In the present study, we examined the genetic relationship between sociability and DMN-related resting-state functional magnetic resonance imaging (rs-fMRI) traits. To this end, we used genome-wide association summary	medRxiv : the preprint server for health sciences	2024	PMC11142265	False
38858644	Integrated multi-omics analyses revealed the association between rheumatoid arthritis and colorectal cancer: MYO9A as a shared gene signature and an immune-related therapeutic target.	Our study aims to explore the relationship, shared gene signature, and the underlying mechanisms that connect rheumatoid arthritis (RA) to colorectal cancer (CRC). Mendelian randomization (MR) analysis was conducted to assess the causality between RA and CRC. Summary statistic data-based Mendelian randomization (SMR) leveraging eQTL data was employed to identify the CRC-related causal genes. Integ	BMC cancer	2024	PMC11165834	False
38903171	Therapeutic targets for age-related macular degeneration: proteome-wide Mendelian randomization and colocalization analyses.	Currently, effective therapeutic drugs for age-related macular degeneration (AMD) are urgently needed, and it is crucial to explore new treatment targets. The proteome is indispensable for exploring disease targets, so we conducted a Mendelian randomization (MR) of the proteome to identify new targets for AMD and its related subtypes. The plasma protein level data used in this study were obtained 	Frontiers in neurology	2024	PMC11187347	True
38933282	Identification of drug targets for Sj&#xf6;gren's syndrome: multi-omics Mendelian randomization and colocalization analyses.	Targeted therapy for Sj&#xf6;gren's syndrome (SS) has become an important focus for clinicians. Multi-omics-wide Mendelian randomization (MR) analyses have provided new ideas for identifying potential drug targets. We conducted summary-data-based Mendelian randomization (SMR) analysis to evaluate therapeutic targets associated with SS by integrating DNA methylation, gene expression and protein qua	Frontiers in immunology	2024	PMC11199405	False
38962008	Integrated analysis of single-cell RNA-seq, bulk RNA-seq, Mendelian randomization, and eQTL reveals T cell-related nomogram model and subtype classification in rheumatoid arthritis.	Rheumatoid arthritis (RA) is a systemic disease that attacks the joints and causes a heavy economic burden on humans worldwide. T cells regulate RA progression and are considered crucial targets for therapy. Therefore, we aimed to integrate multiple datasets to explore the mechanisms of RA. Moreover, we established a T cell-related diagnostic model to provide a new method for RA immunotherapy. scR	Frontiers in immunology	2024	PMC11219584	False
39039470	Multi-omics Mendelian randomization integrating GWAS, eQTL and pQTL data revealed GSTM4 as a potential drug target for migraine.	Migraine, as a complex neurological disease, brings heavy burden to patients and society. Despite the availability of established therapies, existing medications have limited efficacy. Thus, we aimed to find the drug targets that improve the prognosis of migraine. We used Mendelian Randomization (MR) and Summary-data-based MR (SMR) analyses to study possible drug targets of migraine by summary sta	The journal of headache and pain	2024	PMC11265128	False
39040085	Unraveling genetic threads: Identifying novel therapeutic targets for allergic rhinitis through Mendelian randomization.	Allergic rhinitis (AR) is a pervasive global health issue, and currently, there is a scarcity of targeted drug therapies available. This study aims to identify potential druggable target genes for AR using Mendelian randomization (MR) analysis. MR analysis was conducted to assess the causal effect of expression quantitative trait loci (eQTL) in the blood on AR. Data on AR were collected from 2 dat	The World Allergy Organization journal	2024	PMC11261789	True
39043809	Effects of genetically proxied statins on diabetic nephropathy and retinopathy: a Mendelian randomization study.	There is no reliable causal evidence for the effect of statins on diabetic nephropathy (DN) and diabetic retinopathy (DR), and the results of previous observational studies are contradictory. Genetic variants linked to low-density lipoprotein cholesterol (LDL-C) from a UK biobank genome-wide association study and located within a 100kb window around HMGCR were used to proxy statins, comparing with	Scientific reports	2024	PMC11266622	False
39055656	Identification of atrial fibrillation-related genes through transcriptome data analysis and Mendelian randomization.	Atrial fibrillation (AF) is a common persistent arrhythmia characterized by rapid and chaotic atrial electrical activity, potentially leading to severe complications such as thromboembolism, heart failure, and stroke, significantly affecting patient quality of life and safety. As the global population ages, the prevalence of AF is on the rise, placing considerable strains on individuals and health	Frontiers in cardiovascular medicine	2024	PMC11269132	True
39076991	Integrated analyses of single-cell transcriptome and Mendelian randomization reveal the protective role of FCRL3 in multiple sclerosis.	Multiple sclerosis (MS) represents a multifaceted autoimmune ailment, prompting the development and widespread utilization of numerous therapeutic interventions. However, extant medications for MS have proven inadequate in mitigating relapses and halting disease progression. Innovative drug targets for preventing multiple sclerosis are still required. The objective of this study is to discover nov	Frontiers in immunology	2024	PMC11284051	True
39085621	Decoding the genetic landscape of juvenile dermatomyositis: insights from phosphorylation-associated single nucleotide polymorphisms.	Genome-wide association studies (GWASs) have identified genetic susceptibility loci associated with juvenile dermatomyositis (JDM). Single nucleotide polymorphisms related to phosphorylation (phosSNPs) are critical nonsynonymous mutations exerting substantial influence on gene expression regulation. The aim of this study was to identify JDM susceptibility genes in the GWAS loci by the use of phosS	Immunogenetics	2024		False
39086896	Shared genetic correlations between kidney diseases and sepsis.	Clinical studies have indicated a comorbidity between sepsis and kidney diseases. Individuals with specific mutations that predispose them to kidney conditions are also at an elevated risk for developing sepsis, and vice versa. This suggests a potential shared genetic etiology that has not been fully elucidated. Summary statistics data on exposure and outcomes were obtained from genome-wide associ	Frontiers in endocrinology	2024	PMC11288879	False
39110588	Identification of Potential Drug Targets for Myopia Through Mendelian Randomization.	The purpose of this study was to identify potential drug targets for myopia and explore underlying mechanisms. Mendelian randomization (MR) was implemented to assess the effect of 2684 pharmacologically targetable genes in the blood and retina on the risk of myopia from a genomewide association study (GWAS) for age-at-onset of spectacle wearing-inferred mean spherical equivalent (MSE; discovery co	Investigative ophthalmology &amp; visual science	2024	PMC11314700	False
39130628	Integrating Mendelian randomization and single-cell RNA sequencing to identify therapeutic targets of baicalin for type 2 diabetes mellitus.	Alternative and complementary therapies play an imperative role in the clinical management of Type 2 diabetes mellitus (T2DM), and exploring and utilizing natural products from a genetic perspective may yield novel insights into the mechanisms and interventions of the disorder. To identify the therapeutic target of baicalin for T2DM, we conducted a Mendelian randomization study. Druggable targets 	Frontiers in pharmacology	2024	PMC11310057	True
39175752	Integrative analysis reveals novel insights into juvenile idiopathic arthritis pathogenesis and shared molecular pathways with associated traits.	Juvenile idiopathic arthritis (JIA) is an autoimmune joint disease that frequently co-occurs with other complex phenotypes, including cancers and other autoimmune diseases. Despite the identification of numerous risk variants through genome-wide association studies (GWAS), the affected genes, their connection to JIA pathogenesis, and their role in the development of associated traits remain unclea	Frontiers in genetics	2024	PMC11338781	False
39230170	Genome-Wide Identification of Cell Type-Specific Susceptibility Genes for SLE Through the Analysis of RNA Modification-Associated SNPs.	This study aimed to elucidate the functional genes associated with systemic lupus erythematosus (SLE) in various cell types through the utilization of RNAm-SNPs. Utilizing large-scale genetic data, we identified associations between RNAm-SNPs and SLE. The association between RNAm-SNPs and bulk and single-cell mRNA expression (eQTL) and protein levels (pQTL) were examined. Mendelian randomization a	Immunological investigations	2024		False
39268462	Identification of biomarkers and potential drug targets in osteoarthritis based on bioinformatics analysis and mendelian randomization.	Osteoarthritis (OA) can lead to chronic joint pain, and currently there are no methods available for complete cure. Utilizing the Gene Expression Omnibus (GEO) database for bioinformatics analysis combined with Mendelian randomization (MR) has been widely employed for drug repurposing and discovery of novel therapeutic targets. Therefore, our research focus is to identify new diagnostic markers an	Frontiers in pharmacology	2024	PMC11390638	True
39337460	CD4+ Effective Memory T Cell Markers GBP2 and LAG3 Are Risk Factors for PTB and COVID-19 Infection: A Study Integrating Single-Cell Expression Quantitative Trait Locus and Mendelian Randomization Analyses.	Observational studies indicate that variations in peripheral blood mononuclear cell (PBMC) subsets are associated with an increased risk of pulmonary tuberculosis (PTB) and coronavirus disease 2019 (COVID-19), but causal validation is lacking. Here, we combined single-cell expression quantitative trait locus (sc-eQTL) and two-sample mendelian randomization (MR) analyses to elucidate the causal rel	International journal of molecular sciences	2024	PMC11432203	False
39354406	Exploration of protein and genetic targets causing atrioventricular block: mendelian-randomization analyses based on eQTL data and pQTL data.	Atrioventricular block (AVB) is a heterogeneous group of arrhythmias. AVB can lead to sudden arrest of the heart and subsequent syncope or sudden cardiac death. Few scholars have investigated the underlying molecular mechanisms of AVB. Finding molecular markers can facilitate understanding of AVB and exploration of therapeutic targets. Two-sample Mendelian randomization (MR) analysis was undertake	BMC cardiovascular disorders	2024	PMC11443760	True
39358799	Identifying therapeutic targets for primary ovarian insufficiency through integrated genomic analyses.	Primary ovarian insufficiency (POI) is a disorder characterized by the premature decline in ovarian function, leading to significant fertility and health impacts on women under 40. The unclear etiology of POI hinders the development of effective treatments, highlighting the need for novel therapeutic targets. This study employed genome-wide association analysis (GWAS) integrated with expression qu	Journal of ovarian research	2024	PMC11446024	True
39379957	Lipid-lowering drugs and risk of rapid renal function decline: a mendelian randomization study.	Chronic kidney disease (CKD) patients face the risk of rapid kidney function decline leading to adverse outcomes like dialysis and mortality. Lipid metabolism might contribute to acute kidney function decline in CKD patients. Here, we utilized the Mendelian Randomization approach to investigate potential causal relationships between drug target-mediated lipid phenotypes and rapid renal function de	BMC medical genomics	2024	PMC11463126	True
39426601	Biological aging accelerates hepatic fibrosis: Insights from the NHANES 2017-2020 and genome-wide association study analysis.	This study aimed to investigate the association between biological aging and liver fibrosis in patients with metabolic dysfunction-associated steatotic liver disease (MASLD). We analyzed NHANES 2017-2020 data to calculate phenotypic age. Hepatic steatosis and fibrosis were identified using controlled attenuation parameters (CAP), fatty liver index (FLI) and transient elastography (TE). The odds ra	Annals of hepatology	2025		True
39437618	GNLY as A Novel Cis-eQTL and Cis-pQTL Mediated Susceptibility Gene in Suppressing Prostatitis. Mendelian Randomization Study.	Prostatitis is characterized by high prevalence, low cure rates, and frequent recurrences, and remains one of the most clinically challenging problems. Hence, in this article, we first integrated Mendelian randomization (MR) with expression quantitative trait loci (eQTL) and protein quantitative trait loci (pQTL) data to identify novel therapeutic targets and their potential metabolic mechanisms f	Archives of medical research	2025		True
39455528	Identification of JAZF1, KNOP1, and PLEKHA1 as causally associated genes and drug targets for Alzheimer's disease: a summary data-based Mendelian randomization study.	There is a growing body of evidence indicating the significant role of the immune system and immune cells in the progression of Alzheimer's disease (AD). However, the exact role of genes from various immune cell types in AD remains unclear. We aimed to utilize summary data-based Mendelian randomization (SMR) to explore the potential causal relationships between genes in specific immune cells and t	Inflammopharmacology	2024		True
39476438	Deciphering cell-specific genetic insights: Unraveling the immunogenetic landscape of systemic lupus erythematosus.	Functional genes within genomic loci associated with systemic lupus erythematosus (SLE), as identified by genome-wide association studies, exhibit cell-specific characteristics. This study delves into the impact of genetic variants within SLE loci on gene expression in different types of immune cells, unraveling the complex interplay between genetics and immunopathogenesis. Through the integration	Molecular immunology	2024		False
39496744	ELF1 serves as a potential biomarker for the disease activity and renal involvement in systemic lupus erythematosus.	Systemic lupus erythematosus (SLE) is an autoimmune disease that affects multiple organs, yet its underlying mechanisms remain unclear, and precise biomarkers are lacking. In this study, we employed Mendelian randomization and HEIDI tools to comprehensively analyze large-scale Genome-Wide Association Study (GWAS) and expression Quantitative Trait Loci (eQTL) data, leading to the identification of 	Scientific reports	2024	PMC11535329	False
39524107	From Phenotype to Molecules: Unveiling the Genetic and Immunological Bridges Between Autoimmune Diseases and Vitiligo.	Vitiligo is an autoimmune disease characterized by the loss of skin pigmentation. This study aims to explore genetic associations between vitiligo and 21 autoimmune diseases using Mendelian randomization (MR) analysis, with a focus on identifying potential risk and protective factors. We performed univariable and multivariable Mendelian randomization analyses to assess the causal associations betw	Clinical, cosmetic and investigational dermatology	2024	PMC11546147	False
39529882	Therapeutic targets for lung cancer: genome-wide Mendelian randomization and colocalization analyses.	Lung cancer, categorized into non-small cell lung cancer (NSCLC) and small cell lung cancer (SCLC), remains a significant global health challenge. The development of drug resistance and the heterogeneity of the disease necessitate the identification of novel therapeutic targets to improve patient outcomes. We conducted a genome-wide Mendelian randomization (MR) and colocalization analysis using a 	Frontiers in pharmacology	2024	PMC11551539	False
39541744	Dissecting the association between blood pressure traits, hypertension, antihypertensive medications and epilepsy: A Mendelian randomization study.	Observational studies suggest that hypertension and epilepsy have a high co-occurrence, and antihypertensive medications may have impacts on the prevention and treatment of epilepsy. However, the directionality of causation between them is elusive. By leveraging genome-wide association studies (GWAS) summary data of each trait, we firstly performed bidirectional univariate Mendelian randomization 	Epilepsy &amp; behavior : E&amp;B	2024		True
39563277	Leveraging large-scale multi-omics evidences to identify therapeutic targets from genome-wide association studies.	Therapeutic targets supported by genetic evidence from genome-wide association studies (GWAS) show higher probability of success in clinical trials. GWAS is a powerful approach to identify links between genetic variants and phenotypic variation; however, identifying the genes driving associations identified in GWAS remains challenging. Integration of molecular quantitative trait loci (molQTL) such	BMC genomics	2024	PMC11577829	False
39565569	Genetic Insights into Therapeutic Targets for Neuromyelitis Optica Spectrum Disorders: A Mendelian Randomization Study.	Neuromyelitis optica spectrum disorder (NMOSD) is a severe central nervous system disease primarily characterized by optic neuritis and myelitis, which can result in vision loss and limb paralysis. Current treatment options are limited in their ability to prevent relapses and mitigate disease progression, underscoring the urgent need for new drug targets to develop more effective therapies. The ob	Molecular neurobiology	2025		True
39578729	Plasma pQTL and brain eQTL integration identifies PNKP as a therapeutic target and reveals mechanistic insights into migraine pathophysiology.	Migraine is a prevalent neurological disorder affecting 14.1% of the global population. Despite advances in genetic research, further investigation is needed to identify therapeutic targets and better understand its mechanisms. In this study, we aimed to identify drug targets and explore the relationships between gene expression, protein levels, and migraine pathophysiology. We utilized cis-pQTL d	The journal of headache and pain	2024	PMC11585170	False
39614330	Uncovering immune cell-associated genes in breast cancer: based on summary data-based Mendelian randomized analysis and colocalization study.	Breast cancer, which is the most prevalent form of cancer among women globally, encompasses various subtypes that demand distinct treatment approaches. The tumor microenvironment and immune response are of crucial significance in the development and progression of breast cancer. Nevertheless, there has been scant evidence concerning the genes within breast cancer - specific immune cells. We utiliz	Breast cancer research : BCR	2024	PMC11606077	True
39631652	Illuminating the enigmatic pathogenesis of Kawasaki disease: Unveiling novel therapeutic avenues by targeting FCGR3B-S100A12 pathway.	Kawasaki disease (KD) primarily affects the pediatric population and exhibits a notable incidence of drug resistance, resulting in coronary artery damage and thrombosis. This study aimed to identify innovative therapeutic targets for KD treatment. By harnessing single-cell data derived from peripheral blood mononuclear cells, we identified differentially expressed genes. Through the integration of	European journal of pharmacology	2025		False
39669798	A cross-tissue transcriptome-wide association study identifies WDPCP as a potential susceptibility gene for coronary atherosclerosis.	Coronary atherosclerosis (CAS) is a complex chronic inflammatory disease with significant genetic and environmental contributions. While genome-wide association studies (GWAS) have pinpointed many risk loci, over 75&#xa0;% are in non-coding regions, complicating functional analysis and understanding gene-disease mechanisms. We conducted a cross-tissue transcriptome-wide association study (TWAS) us	Atherosclerosis plus	2024	PMC11635022	False
39703113	Causal Relationships Between Epilepsy, Anti-Epileptic Drugs, and Serum Vitamin D and Vitamin D Binding Protein: A Bidirectional and Drug Target Mendelian Randomization Study.	Previous studies suggest potential associations between epilepsy, anti-epileptic drugs (AEDs), and levels of vitamin D and vitamin D-binding protein (VDBP). This study aims to investigate the causal relationships among these variables using Mendelian Randomization (MR) methods. Using summary data from genome-wide association studies on serum 25-hydroxyvitamin D [25(OH)D] levels (N&#x2009;=&#x2009;	CNS neuroscience &amp; therapeutics	2024	PMC11659638	False
39707330	Identifying prioritization of therapeutic targets for ankylosing spondylitis: a multi-omics Mendelian randomization study.	To investigate the associations of methylation, expression, and protein quantitative trait loci (mQTL, eQTL, and pQTL) with ankylosing spondylitis (AS) and find out genetically supported drug targets for AS. The summary-data-based Mendelian randomization (SMR) and Bayesian co-localization analysis were used to assess the potential causality between AS and relevant genes. The GWAS data obtained fro	Journal of translational medicine	2024	PMC11662797	False
39716115	Systematic druggable genome-wide Mendelian randomization identifies therapeutic targets for hyperemesis gravidarum.	Hyperemesis gravidarum (HG), excessive vomiting in pregnancy, occurs in 0.3-10.8% of pregnancies and is associated with maternal and fetal morbidity. Despite the existence of several off-label treatment options that have shown clinical effectiveness in managing HG symptoms, the variability in treatment response highlights the need for more effective therapies. Our study aims to identify novel ther	BMC pregnancy and childbirth	2024	PMC11668092	True
39716299	Integrated Mendelian randomization and single-cell RNA-sequencing analyses identified OAS1 as a novel therapeutic target for erectile dysfunction via targeting fibroblasts.	Clinically, phosphodiesterase type 5 inhibitors (PDE5-Is) remain the first-line therapy for erectile dysfunction (ED) patients; however, approximately 35% of these patients are still failing to respond to the therapeutic effects. So, urgent needs are required to identify novel therapeutic targets for ED. Hence, in this report, it was the first time for us to integrate single-cell RNA-sequencing (s	Biology direct	2024	PMC11667973	True
39721452	c-JUN interacts with HDAC1 as a potential combinatorial therapeutic target in acute myeloid leukemia.	Acute myeloid leukemia (AML) is a biologically heterogeneous disease originating from the clonal expansion of hematopoietic stem cells (HSCs). Clonal expansion of hematopoietic stem cell progenitors (HSC-Prog), along with a block in differentiation, are hallmark features of AML. The disease is characterized by poor clinical outcomes, highlighting the urgent need for effective therapeutic strategie	International immunopharmacology	2025		False
39762453	Causal genes identification of giant cell arteritis in CD4+&#x2009;Memory t cells: an integration of multi-omics and expression quantitative trait locus analysis.	Giant cell arteritis (GCA) is a prevalent artery and is strongly correlated with age. The role of CD4+&#x2009;Memory T cells in giant cell arteritis has not been elucidated. Through single-cell analysis, we focused on the CD4+&#x2009;Memory T cells in giant cell arteritis. eQTL analysis and mendelian randomization analysis identified the significant genes which have a causal effect on giant cell a	Inflammation research : official journal of the European Histamine Research Society ... [et al.]	2025	PMC11703992	True
39762845	Association of genetically proxied cancer-targeted drugs with cardiovascular diseases through Mendelian randomization analysis.	Cancer-targeted therapies are progressively pivotal in oncological care. Observational studies underscore the emergence of cancer therapy-related cardiovascular toxicity (CTR-CVT), impacting patient outcomes. We aimed to investigate the causal relationship between different types of cancer-targeted therapies and cardiovascular disease (CVD) outcomes through a two-sample Mendelian randomization (MR	Journal of translational medicine	2025	PMC11702226	False
39778696	Identification of therapeutic target genes for age-related hearing loss through systematic genome-wide mendelian randomization of druggable genes.	Age-related hearing loss (ARHL) is a common sensory disorder with significant public health implications. However, few effective treatment options are available. Mendelian randomization (MR) has been used to repurpose existing drugs and identify new therapeutic targets. Therefore, we performed a systematic genome-wide MR of drug-eligible individuals to explore potential therapeutic targets for ARH	Experimental gerontology	2025		True
39779799	Genetic associations of plasma metabolites with immune cells in hyperthyroidism revealed by Mendelian randomization and GWAS-sc-eQTLs xQTLbiolinks analysis.	Mendelian randomization (MR)&#xa0;was employed to investigate the causal relationships between immune cell phenotypes, hyperthyroidism (HD), and potential metabolic mediators. In this study, we acquired 731 immune cell phenotypes from genome-wide association studies (GWAS) (n&#x2009;=&#x2009;18,622), HD data from the research by Handan Melike D&#xf6;nerta&#x15f; et al. (3,731 cases, 480,867 contro	Scientific reports	2025	PMC11711443	False
39781526	Global trends and risk factors in gastric cancer: a comprehensive analysis of the Global Burden of Disease Study 2021 and multi-omics data.	Background: Gastric cancer (GC) remains a significant global health challenge. This study aimed to comprehensively analyze GC epidemiology and risk factors to inform prevention and intervention strategies. Methods: We analyzed the Global Burden of Disease Study 2021 data, conducted 16 different machine learning (ML) models of NHANES data, performed Mendelian randomization (MR) studies on disease p	International journal of medical sciences	2025	PMC11704698	False
39794838	Association of antihypertensive drug target genes with alzheimer's disease: a mendelian randomization study.	Epidemiological and genetic studies have elucidated associations between antihypertensive medication and Alzheimer's disease (AD), with the directionality of these associations varying upon the specific class of antihypertensive agents. Genetic instruments for the expression of antihypertensive drug target genes were identified using expression quantitative trait loci (eQTL) in blood, which are as	Alzheimer's research &amp; therapy	2025	PMC11720623	True
39799347	Possible linking and treatment between Parkinson's disease and inflammatory bowel disease: a study of Mendelian randomization based on gut-brain axis.	Mounting evidence suggests that Parkinson's disease (PD) and inflammatory bowel disease (IBD) are closely associated and becoming global health burdens. However, the causal relationships and common pathogeneses between them are uncertain. Furthermore, they are uncurable. Thus, we aimed to identify the causal relationships and novel therapeutic targets shared between them based on their common path	Journal of translational medicine	2025	PMC11725218	True
39821516	Dissecting Causal Relationships Between Antihypertensive Drug, Gut Microbiota, and Type 2 Diabetes Mellitus and Its Complications: A Mendelian Randomization Study.	Limited research has investigated the impact of antihypertensive medications on type 2 diabetes mellitus (T2DM) and whether gut microbiome (GM) mediates this association. Thus, we conducted a two-sample Mendelian randomization (MR) analysis to estimate the potential impact of various antihypertensive drug target genes on T2DM and its complications. Genetic instruments for the expression of antihyp	Journal of clinical hypertension (Greenwich, Conn.)	2025	PMC11771784	True
39830273	Multi-Omics Analysis for Identifying Cell-Type-Specific Druggable Targets in Alzheimer's Disease.	Analyzing disease-linked genetic variants via expression quantitative trait loci (eQTLs) is important for identifying potential disease-causing genes. Previous research prioritized genes by integrating Genome-Wide Association Study (GWAS) results with tissue-level eQTLs. Recent studies have explored brain cell type-specific eQTLs, but they lack a systematic analysis across various Alzheimer's dise	medRxiv : the preprint server for health sciences	2025	PMC11741481	True
39830509	Myeloid dendritic cells and periodontal disease association: integrated study of single-cell sequencing and Mendelian randomization analysis.	Periodontal disease is a widespread inflammatory condition that compromises the supporting structures of the teeth, potentially resulting in tooth loss if left untreated. Despite advancements in therapeutic interventions and an enhanced understanding of its pathophysiology, emerging techniques such as single-cell RNA sequencing (scRNA-seq) and Mendelian randomization (MR) present new opportunities	Frontiers in immunology	2024	PMC11739323	False
39833228	Brain gliomas new transcriptomic discoveries from differentially expressed genes to therapeutic targets.	Gliomas are a prevalent form of primary malignant brain tumor, yet the intricate molecular mechanisms underlying its pathogenesis remain unclear. This study aimed to identify new genetic targets linked to glioma by analyzing microarray datasets to uncover genetic factors involved in its onset and progression. We obtained two independent glioma datasets from the Gene Expression Omnibus database, pr	Scientific reports	2025	PMC11746978	True
39847889	Genetic susceptibility and potential therapeutic targets of unruptured intracranial aneurysms: A genome-wide study based on Mendelian randomization.	At present, although some studies have offered certain insights into the genetic factors related to unruptured intracranial aneurysms (uIAs), the potential genetic targets associated with uIAs remain largely unknown. Thus, this research adopted Mendelian randomization (MR) analysis to study two genome-wide association studies on uIAs, aiming to determine the reliable genetic susceptibility and pot	Clinical neurology and neurosurgery	2025		True
39853609	Integrated Analysis of Bulk RNA Sequencing, eQTL, GWAS, and Single-Cell RNA Sequencing Reveals Key Genes in Hepatocellular Carcinoma.	Hepatocellular carcinoma (HCC) poses a continual therapeutic challenge owing to its elevated incidence and unfavourable prognosis, underscoring the critical need for the discovery of new molecular targets for detection and therapy. This work included the analysis of three publically accessible HCC datasets from TCGA and GEO. Instrumental variables (IVs) were derived via expression quantitative tra	Journal of cellular and molecular medicine	2025	PMC11756993	False
39857769	Identifying MTHFD1 and LGALS4 as Potential Therapeutic Targets in Prostate Cancer Through Multi-Omics Mendelian Randomization Analysis.	Background: Prostate cancer remains one of the leading causes of cancer-related mortality in men worldwide. The treatment of it is currently based on surgical removal, radiotherapy, and hormone therapy. It is crucial to improve therapeutic prospects for the diagnosis and treatment of prostate cancer via drug target screening. Methods: We integrated eQTL data from the eQTLGen Consortium and pQTL da	Biomedicines	2025	PMC11759815	False
39863728	Genetic association of lipid-lowering drug target genes with pancreatic cancer: a Mendelian randomization study.	Previous studies have found that dyslipidemia is a risk factor for pancreatic cancer (PC), and that lipid-lowering drugs may reduce the risk of PC. However, it is not clear whether dyslipidemia causes PC. The Mendelian randomization (MR) study aimed to investigate the causal role of lipid traits in pancreatic cancer and to assess the potential impact of lipid-lowering drug targets on pancreatic ca	Scientific reports	2025	PMC11762976	False
39868518	Insights Into Causal Effects of Genetically Proxied Lipids and Lipid-Modifying Drug Targets on Cardiometabolic Diseases.	The differential impact of serum lipids and their targets for lipid modification on cardiometabolic disease risk is debated. This study used Mendelian randomization to investigate the causal relationships and underlying mechanisms. Genetic variants related to lipid profiles and targets for lipid modification were sourced from the Global Lipids Genetics Consortium. Summary data for 10 cardiometabol	Journal of the American Heart Association	2025	PMC12074789	True
39913044	Association Between Genetically Proxied SLC12A2 Inhibition and Inflammatory Bowel Disease: A Mendelian Randomization Study.	The global rise in hypertension prompts the use of medications to manage blood pressure. However, selecting first-line drugs remains challenging as their efficacy often stems from blood pressure reduction rather than specific pharmacological actions. Evaluating interactions between antihypertensive drugs and common diseases can aid tailored treatment. Here, we assess the potential link between ant	Biochemical genetics	2026		False
39926389	Associations between lipid-lowering drugs and urate and gout outcomes: a Mendelian randomization study.	Gout is a common inflammatory arthritis and lipid metabolism plays a crucial role in urate and gout. Potential associations between urate and gout and lipid-lowering drugs have been revealed in observational studies. However, the effects of lipid-lowering drugs on urate and gout remain controversial. The aim of this study was to investigate the genetic association between lipid-lowering drugs and 	Frontiers in endocrinology	2024	PMC11802419	True
39933264	Single-cell transcriptome-wide Mendelian randomization and colocalization reveals immune-mediated regulatory mechanisms and drug targets for COVID-19.	COVID-19 continues to show long-term impacts on our health. Limited effective immune-mediated antiviral drugs have been launched. We conducted a Mendelian randomization (MR) and colocalization analysis using 26,597 single-cell expression quantitative trait loci (sc-eQTL) to proxy effects of expressions of 16,597 genes in 14 peripheral blood immune cells and tested them against four COVID-19 outcom	EBioMedicine	2025	PMC11867302	True
39936431	Integrative Multi-omics Analysis and Mendelian Randomization Reveal Potential Therapeutic Targets and their Stratification in Lung Squamous Cell Carcinoma.	Lung Squamous Cell Carcinoma (LUSC), a major subtype of non-small cell lung cancer, presents significant treatment challenges due to limited targeted therapy options. This study aims to identify novel therapeutic targets to improve therapeutic strategies for LUSC. By employing bulk RNA sequencing, Weighted Gene Co-expression Network Analysis (WGCNA), survival analysis, and Mendelian Randomization 	Current medicinal chemistry	2026		False
39949133	Association Analysis of the Circulating Proteome With Sarcopenia-Related Traits Reveals Potential Drug Targets for Sarcopenia.	Sarcopenia severely affects the physical health of the elderly. Currently, there is no specific drug available for sarcopenia. This study aims to identify pathogenic proteins and druggable targets for sarcopenia through Mendelian randomization (MR)-based analytical framework. A sequential stepwise screening method that includes two-sample MR, Steiger filtering test and colocalization (MRSC) was ap	Journal of cachexia, sarcopenia and muscle	2025	PMC11825984	True
39950180	NEK4: prediction of available drug targets and common genetic linkages in bipolar disorder and major depressive disorder.	Bipolar disorder (BD) is a mental illness characterized by alternating episodes of elevated mood and depression, while major depressive disorder (MDD) is a debilitating condition that ranks second globally in terms of disease burden. Pharmacotherapy plays a crucial role in managing both BD and MDD. We investigated the genetic differences in populations of individuals with MDD and BD, and from a ge	Frontiers in psychiatry	2025	PMC11821612	True
39965531	Exploration of common molecular mechanisms of psoriatic arthritis and aging based on integrated bioinformatics and single-cell RNA-seq analysis.	This study investigated the key genes shared between Psoriatic arthritis (PSA) and aging. By integrating and analyzing single-cell RNA sequencing data from the synovial fluid of PsA patients, peripheral blood of senescent patients, and the normal population, the subpopulation of cells that were jointly upregulated in both was obtained as the core cellular subpopulation. We analyzed the proposed ch	Biochimica et biophysica acta. Molecular basis of disease	2025		False
39966747	Multi-omics integration analysis of the amino-acid metabolism-related genes identifies putatively causal variants of ACCS associated with hepatitis B virus-related hepatocellular carcinoma survival.	Amino acid metabolism (AAM) reprogramming plays a crucial role in hepatocellular carcinoma (HCC), but its genetic pathophysiology was not fully elucidated. Therefore, we employed a summary data-based Mendelian randomization (SMR) approach to identify putative causal effects of the AAM-related genes on hepatitis B virus (HBV)-HCC survival via integrating multi-omics data. Multivariate Cox proportio	BMC cancer	2025	PMC11834470	True
39985880	Genetic association of circulating lipids and lipid-lowering drug targets with vascular calcification.	Vascular calcification (VC) significantly increases the incidence and mortality of many diseases. The causal relationships of dyslipidaemia and lipid-lowering drug use with VC severity remain unclear. This study explores the genetic causal associations of different circulating lipids and lipid-lowering drug targets with coronary artery calcification (CAC) and abdominal aortic artery calcification 	Atherosclerosis	2025		True
39994764	Proteome-wide Mendelian randomization identifies causal plasma proteins in prostate cancer development.	The etiology of prostate cancer remained elusive, whether plasma protein levels are associated with prostate cancer is still unknown. We have performed Mendelian randomization analyses to calculate the causal effects of plasma proteins on the risk of prostate cancer in the PRACTICAL consortium dataset using cis-protein quantitative trait loci (cis-pQTL) variants as instrumental variables for plasm	Human genomics	2025	PMC11853923	False
40038097	Exploring druggable targets and inflammation-mediated pathways in cancer: a Mendelian randomization analysis integrating transcriptomic and proteomic data.	Cancer remains a predominant global health challenge, necessitating the ongoing exploration of novel biomarkers and therapeutic targets to improve diagnosis and treatment. By integrating expression quantitative trait loci (eQTL) and protein quantitative trait loci (pQTL) data with genome-wide association studies (GWAS) data, we performed Mendelian randomization (MR) analysis to identify potential 	Inflammation research : official journal of the European Histamine Research Society ... [et al.]	2025		True
40058366	Integrated Single-Cell Transcriptome and eQTL Analyses Reveal the Role of PZP in Aging and Chronic Kidney Disease.	Aging is a known driver of chronic kidney disease (CKD), yet the genetic mechanisms linking these two conditions remain unclear. This study aims to explore the role of CD8+ central memory T (TCM) cells and their associated gene expression in the interaction between aging and CKD. Peripheral blood samples from young controls, elderly individuals, and CKD patients were analyzed using single-cell RNA	The journal of gene medicine	2025		True
40068040	Mendelian randomization-based observational cohort study on drug targets: Impact of antihypertensive and lipid-lowering therapies on inflammatory cytokines.	This study assesses the causal effects of antihypertensive and lipid-lowering drugs on inflammatory cytokines using a Mendelian randomization (MR) approach. We conducted a drug-targeted MR analysis using data from large-scale genome-wide association studies and eQTL datasets. SNPs near drug target genes served as instrumental variables to investigate the impact of antihypertensive (angiotensin-con	Medicine	2025	PMC11903001	False
40077914	Identification of Systemic Drug Targets for Anti-cavernous Fibrosis in the Treatment of Erectile Dysfunction, Guided by Genome-Wide Mendelian Randomization.	The treatment of erectile dysfunction (ED) remains a significant challenge. Mendelian randomization (MR) is being increasingly utilized to identify novel therapeutic targets. In this study, we carried out a genome-wide MR analysis on druggable targets with the aim of pinpointing latent therapeutic alternatives for ED. We collected data on the druggable genes and filtered out those associated with 	American journal of men's health	2025	PMC11905014	False
40087664	Genetically proxied therapeutic inhibition of antihypertensive drug targets and risk of pancreatic cancer: a mendelian randomization analysis.	Conventional epidemiological studies have reported inconsistent results regarding the potential adverse effects of long-term use of antihypertensive drugs on cancer risk. Nevertheless, evidence of their impact on pancreatic cancer risk is limited and deserves further elucidation. We selected genetic variants from the genes encoding the target proteins (angiotensin-converting enzyme, beta-1 adrener	BMC cancer	2025	PMC11909985	True
40092686	Identification of GPX3 and JUN as Tumor Suppressors in Thyroid Cancer through Integrated WGCNA and Mendelian Randomization.	Background: Thyroid cancer (TC) ranks among the most common malignancies globally, with an increasing incidence among younger populations. While papillary thyroid carcinoma (PTC) generally has a favorable prognosis, other forms of TC, such as anaplastic thyroid carcinoma (ATC), are associated with poor outcomes. Although specific mutations, such as BRAFV600E, have been identified in certain types 	Journal of Cancer	2025	PMC11905407	False
40095250	Genetic association of lipids and lipid-lowering drug target genes with breast cancer.	Although several preclinical and epidemiological studies have shown that blood lipids and lipid-lowering drugs can reduce the risk of breast cancer, this finding remains controversial. This study aimed to explore the causal relationship between dyslipidemia,lipid-lowering drugs, and breast cancer. We also aimed to evaluate the potential impact of lipid-lowering drug targets on breast cancer. Data 	Discover oncology	2025	PMC11914663	True
40116326	Identifying potential drug targets for sepsis-related adult respiratory distress syndrome through comprehensive genetic analysis and druggability assessment.	Sepsis-related adult respiratory distress syndrome (ARDS) is a life-threatening condition characterised by a high mortality rate. This underscores the pressing requirement to identify and develop potential therapeutic targets for the severe condition. This study investigated the genetic predisposition to sepsis-related ARDS in this study. We utilised summary-based Mendelian randomisation (SMR), tw	Journal of global health	2025	PMC11927037	True
40126059	A Transcriptome-Wide Mendelian Randomization Study in Isolated Human Immune Cells Highlights Risk Genes Involved in Viral Infections and Potential Drug Repurposing Opportunities for Schizophrenia.	Schizophrenia is a neurodevelopmental psychiatric disorder characterized by symptoms of psychosis, thought disorder, and flattened affect. Immune mechanisms are associated with schizophrenia, though the precise nature of this relationship (causal, correlated, consequential) and the mechanisms involved are not fully understood. To elucidate these mechanisms, we conducted a transcriptome-wide Mendel	American journal of medical genetics. Part B, Neuropsychiatric genetics : the official publication of the International Society of Psychiatric Genetics	2025		False
40129067	Identification of RCC2 as a Risk Gene Associated With Basal Cell Carcinoma and Experimental Validation.	Basal cell carcinoma (BCC) is a common type of skin cancer that is increasing in prevalence worldwide. Previous genome-wide association studies (GWAS) have identified certain genetic loci associated with BCC. However, many potential disease-causing genes of BCC remain to be discovered. While the sonic hedgehog (SHH) signalling pathway and mutations in PTCH1/2 and SMO are well-established drivers o	Experimental dermatology	2025		True
40131544	DNA methylation-regulated HLA-C expression modulates immune responses and metabolic alterations to influence prognosis in mesothelioma.	Malignant mesothelioma is a highly aggressive cancer with a poor prognosis and limited therapeutic options. The tumor microenvironment (TME) plays a pivotal role in driving tumor progression, with immune cells influencing disease outcomes. However, the molecular mechanisms underpinning mesothelioma's progression remain insufficiently understood. HLA-C, a class I major histocompatibility complex (M	Cancer immunology, immunotherapy : CII	2025	PMC11937463	True
40140823	Druggable genome-wide Mendelian randomization identifies therapeutic targets for metabolic dysfunction-associated steatotic liver disease.	Metabolic dysfunction-associated steatotic liver disease (MASLD) affects&#x2009;&gt;&#x2009;25% of the global population, potentially leading to severe hepatic and extrahepatic complications, including metabolic dysfunction-associated steatohepatitis. Given that the pathophysiology of MASLD is incompletely understood, identifying therapeutic targets and optimizing treatment strategies are crucial 	Lipids in health and disease	2025	PMC11938603	True
40149725	Multi-Omics Integration Reveals Mitochondrial Gene Regulation as a Determinant of Tuberculosis Susceptibility: A Mendelian Randomization Approach.	Background/Objectives: Mitochondrial dysfunction has been implicated in the pathogenesis of tuberculosis (TB). Despite emerging evidence of the importance of mitochondrial gene regulation in the immune response, the specific role of mitochondrial-related genes in TB susceptibility remains to be fully elucidated. Methods: We employed a multi-omics approach integrating genetic, methylation, and prot	Biomedicines	2025	PMC11939929	True
40156736	Uncovering somatic genetic drivers in prostate cancer through comprehensive genome-wide analysis.	Given that hereditary prostate cancer (PCa) accounts for only a small fraction of PCa phenotypes, there is still a substantial journey ahead in exploring the somatic genetic drivers contributing to sporadic PCa. The expression quantitative trait loci (eQTLs) data were sourced from the GTEx dataset for prostate-specific genes, and the summary statistic information was collected for 5854 genes. Gene	GeroScience	2025	PMC12181140	True
40174283	Exploring glucagon-like peptide-1 receptor agonists as potential disease-modifying agents in autoimmune diseases.	Glucagon-like peptide-1 receptor (GLP-1R) agonists are emerging with therapeutic agents for the treatment of two of the most prevalent metabolic disorders: diabetes and obesity. However, the causal relationship between GLP-1R agonists and autoimmune diseases is still unclear. The available cis-eQTLs for drug target genes (GLP-1Rs) were used as proxies for exposure to GLP-1R agonists. Obesity and t	Journal of autoimmunity	2025		False
40177401	Exploring the Relationship Between Immune Cells and Scoliosis by Mendelian Randomization, Colocalization Analysis, and SMR.	Background: Scoliosis is a condition that can have severe consequences for millions of individuals on an annual basis. Current research in this field is increasingly focusing on the role of the immune system in the development of the disease. However, the precise relationship between immunity and scoliosis remains to be fully elucidated. Method: Our investigation involved a comprehensive Mendelian	Mediators of inflammation	2025	PMC11964722	False
40198489	Exploration of the multiomics-based mechanisms of Gancao Nourishing-Yin decoction in regulating mitochondrial metabolic genes CYB5R3 and PICK1 to influence glioma progression.	Glioma is the most common malignancy of the central nervous system, characterised by its high invasiveness and recurrence, which significantly limit therapeutic outcomes. Energy metabolism reprogramming, especially mitochondrial dysfunction, plays a pivotal role in tumour growth, survival, and progression. Mitochondria serve as the central hub for energy production and biosynthesis, adapting throu	Discover oncology	2025	PMC11979009	False
40201453	Causal Characteristics of Immune Cells Associated with Aortic Dissection: A Mendelian Randomisation Analysis.	This study investigates the causal relationships between 731 immune cell traits and aortic dissection (AD) using Mendelian randomisation (MR). By identifying specific immune cell phenotypes contributing to AD, we explore their clinical implications for risk stratification and therapeutic interventions. A bivariate MR framework analysed the causal dynamics between immune cell attributes and AD, usi	European cardiology	2025	PMC11976737	False
40211130	Investigating potential drug targets for the treatment of glioblastoma: a Mendelian randomization study.	Glioblastoma (GBM), one of the most aggressive brain tumors, has a 5-year survival rate of less than 5%. Current standard therapies, including surgery, radiotherapy, and temozolomide (TMZ) chemotherapy, are limited by drug resistance and the blood-brain barrier. Integrating expression quantitative trait loci (eQTL) and protein quantitative trait loci (pQTL) data has shown promise in uncovering dis	BMC cancer	2025	PMC11983800	True
40218405	Early Growth Response Factor 4 (EGR4) Expression in Gut Tissues and Regional Lymph Nodes of Cattle with Different Types of Paratuberculosis-Associated Lesions: Potential Role of EGR4 in Resilience to Paratuberculosis.	Summary-data-based Mendelian randomization (SMR) analysis identified a novel cis-expression quantitative loci (cis-eQTL) associated with the upregulation of the expression of the early growth response factor 4 (EGR4) gene in animals with paratuberculosis (PTB)-associated multifocal lesions, which has been suggested to be modulating the NF-k&#x3b2;-induced proinflammatory immune response to Mycobac	Animals : an open access journal from MDPI	2025	PMC11988129	False
40223054	Integrative eQTL and Mendelian randomization analysis reveals key genetic markers in mesothelioma.	Mesothelioma is a rare cancer that originates from the pleura and peritoneum, with its incidence increasing due to asbestos exposure. Patients are frequently diagnosed at advanced stages, resulting in poor survival rates. Therefore, the identification of molecular markers for early detection and diagnosis is essential. Three mesothelioma datasets were downloaded from the GEO database for different	Respiratory research	2025	PMC11995628	False
40248742	Single cell RNA-seq and bulk RNA-seq analysis identifies MUC1 as a key gene for lung adenocarcinoma to neuroendocrine transformation.	Tyrosine kinase inhibitors (TKIs) have demonstrated significant effectiveness in treating advanced non-small cell lung cancer (NSCLC) harboring epidermal growth factor receptor (EGFR) mutations. Despite initial success, resistance to EGFR-TKIs inevitably occurs. One observed phenomenon in resistant lung cancers is the histological transformation from NSCLC to neuroendocrine carcinoma (NEC). The ob	Translational lung cancer research	2025	PMC12000963	True
40261562	Identification of novel biomarkers and prognostic model for neuroblastoma using Mendelian randomization and transcriptomic analysis.	Neuroblastoma (NB) is the most common extracranial malignant tumor in children, presenting significant challenges in prognosis and treatment stratification. This study aims to identify novel biomarkers for NB and develop a prognostic model using comprehensive analytical methods, including Mendelian randomization (MR) analysis. Utilizing bioinformatics and Mendelian randomization methods, we explor	Discover oncology	2025	PMC12014998	False
40267292	Drug-targeted Mendelian randomization analysis combined with transcriptome sequencing to explore the molecular mechanisms associated with cognitive impairment.	BackgroundCurrent therapies for cognitive impairment, including Alzheimer's disease (AD) and mild cognitive impairment, are limited by a lack of universal treatment and adverse effects associated with polypharmacy. Investigating genetic and molecular mechanisms underlying cognitive decline is critical for the development of targeted therapeutics.ObjectiveTo identify causal genes and potential ther	Journal of Alzheimer's disease : JAD	2025		True
40270514	Exploring the Relationship Between Immune Cells and Chronic Kidney Disease by Mendelian Randomization, Colocalization Analysis, and SMR.	Background: Chronic kidney disease (CKD) impacts millions of individuals annually. Current research suggests that immune factors played a significant role in CKD. However, the potential causal relationship between them remains unclear. Methods: We conducted a comprehensive Mendelian randomization (MR) analysis to assess the potential causal association between 731 immune cells and CKD. Sensitivity	Mediators of inflammation	2025	PMC12017953	False
40282270	Exploring Novel Therapeutic Targets in Breast Cancer via Comprehensive Omics Profiling and Experimental Verification.	Breast cancer is the leading cause of cancer-related deaths among women worldwide. Deciphering the molecular mechanisms of breast cancer is crucial for developing targeted therapeutic approaches. This study analyzed gene expression profiles from the Gene Expression Omnibus (GEO) database to identify differentially expressed genes (DEGs) in breast cancer. Mendelian randomization (MR) analysis was t	Biology	2025	PMC12025194	False
40285908	Immune-related gene expression with colorectal cancer risk: a Mendelian randomization analysis.	The potential role of immune cells and the precise contributions of genes from various immune cells in the development of colorectal cancer (CRC) remains unclear. We aimed to investigate the potential causal relationships between specific immune cell genes and the development of CRC by performing Mendelian randomization (MR) analysis. The cis-expression quantitative trait loci (eQTLs) data for typ	Discover oncology	2025	PMC12033153	False
40301928	Identifying therapeutic target genes for diabetic retinopathy using systematic druggable genome-wide Mendelian randomization.	The treatment and prevention of diabetic retinopathy (DR) remain significant challenges. Mendelian randomization (MR) has been widely used to explore novel therapeutic targets. In this study, we conducted a systematic druggable genome-wide MR analysis to explore potential therapeutic targets for DR. We obtained data on druggable genes and screened for genes within blood expression quantitative tra	Diabetology &amp; metabolic syndrome	2025	PMC12039192	True
40304330	Integrating Transcriptomic Data and Mendelian Randomization Analyses Reveals Potentially Novel Sepsis-related Targets.	Sepsis remains a leading cause of global morbidity and mortality. To identify candidate biomarkers that may be mechanistically related to the pathogenesis of sepsis. The Gene Expression Omnibus database was leveraged to identify differentially expressed genes (DEGs) between the healthy control and septicemia groups. Genes causally related to sepsis were probed through the integration of GWAS and e	Current medicinal chemistry	2026		True
40304996	Identification of druggable genetic targets for prostate cancer risk based on mendelian randomization and single-cell RNA sequencing.	This study aimed to identify genetic targets linked to prostate cancer risk using advanced genetic analysis techniques. The goal was to conduct a comprehensive analysis using Mendelian Randomization (MR), colocalization, and single-cell RNA sequencing to identify druggable genes as potential therapeutic targets or diagnostic markers. The study involved selecting 2608 druggable genes by intersectin	International urology and nephrology	2025		True
40311809	Investigating causal relationships between gene expression and major depressive disorder via brain bulk-tissue and cell type-specific eQTL: A Mendelian randomization and Bayesian colocalization study.	Major depressive disorder (MDD) is a highly prevalent psychiatric disorder with complex genetic underpinnings. While genome-wide association studies (GWAS) have identified multiple risk loci, pinpointing causal genes within the human brain remains challenging, particularly given the regulatory complexity across different cell types. We performed summary data-based MR (SMR) and Bayesian colocalizat	Journal of affective disorders	2025		False
40330585	TEX10: A Novel Drug Target and Potential Therapeutic Direction for Sleep Apnea Syndrome.	Sleep apnea syndrome (SAS) is a prevalent sleep disorder strongly associated with obesity, metabolic dysregulation, and cardiovascular diseases. While its underlying pathophysiological mechanisms remain incompletely understood, genetic factors likely play a pivotal role in SAS pathogenesis. This study investigates the causal relationships between potential drug target genes and SAS using multiple 	Nature and science of sleep	2025	PMC12053781	False
40338406	New therapeutic targets and mechanisms of papillary thyroid carcinoma identified by multi-omics analysis.	The treatment of papillary thyroid carcinoma (PTC) presents ongoing challenges, underscoring the need for novel therapeutic targets. This study employed proteomic MR analysis, utilizing publicly available data from genome-wide association studies (GWAS) and protein quantitative trait loci (pQTL) studies. We analyzed proteomic data from deCODE and the UK Biobank Protein Project (UKB-PP), along with	Discover oncology	2025	PMC12061824	False
40353459	Integrative Analysis Reveals Genes Causal Relation with Ovarian Cancer and aging.	Exploring the correlation between ovarian cancer and aging has great significance for understanding the pathogenesis of ovarian cancer and formulating targeted therapeutic regimens. This computational study aims to identify and validate key genes in monocyte subtypes related to ovarian cancer and aging, exploring potential causal relationships. We collected single-cell RNA sequencing data (GSE1570	Current topics in medicinal chemistry	2026		False
40354008	Multi-omics identify ribosome related causal genes methylation, splicing, and expression in prostate cancer.	Understanding the molecular underpinnings of prostate cancer remains a critical challenge in oncology. Ribosomes, essential cellular organelles responsible for protein synthesis, have emerged as potential regulators in cancer development. Previous studies suggest that dysfunction in ribosomal processes may contribute significantly to prostate cancer progression. We used summary-data-based Mendelia	Discover oncology	2025	PMC12069195	False
40360443	Revealing Putative Causal Genes by Establishing the Causality Between Different Lymphomas and Immune Cells.	The tumour immune microenvironment (TIME) is critical for lymphoma progression and therapy resistance, yet causal relationships between specific immune cell types and lymphoma subtypes remain poorly defined. In this study, using bidirectional Mendelian randomization (MR), genetic correlation (LDSC), and expression-QTL integration (SMR), we systematically evaluated causal relationships and genetic 	Journal of cellular and molecular medicine	2025	PMC12074867	True
40374962	Deciphering the role of acetylation-related gene NAT10 in colon cancer progression and immune evasion: implications for overcoming drug resistance.	Colon cancer (CC) is one of the most common and lethal cancers worldwide, with rising incidence rates in both developed and developing countries. Although advances in treatments such as surgery, chemotherapy, and targeted therapies have been made, prognosis for advanced colon cancer, particularly with metastasis, remains poor. Recent studies highlight the significant role of post-transcriptional m	Discover oncology	2025	PMC12081795	True
40381082	Integrating single-cell with transcriptome-proteome Mendelian randomization reveals colorectal cancer targets.	Colorectal carcinogenesis involves dynamic interactions between genetic susceptibility and cellular heterogeneity, yet current studies rarely disentangle causal genes from passive associations. While GWAS have mapped numerous risk loci, only a minority colocalize with eQTL/pQTL. A multi-omics framework combining single-cell transcriptomics, transcriptomics, proteomics, and MR is urgently needed to	Discover oncology	2025	PMC12085524	False
40394429	Mendelian randomization analysis reveals the potential of the IKZF1 gene as a therapeutic target in colorectal cancer.	Colorectal cancer (CRC) is a global health burden, highlighting the urgent need for the discovery of new biomarkers and therapeutic targets. This study integrates genetic epidemiology methods, such as Mendelian randomization (MR), with GWAS data to predict treatment efficacy and identify novel CRC therapeutic targets. We utilized cis-eQTL data from the eQTLGen consortium and CRC GWAS data from the	Discover oncology	2025	PMC12092330	False
40399559	Genetic insights support PARP1 as a mediator in the protective association of ATP-citrate lyase inhibitors with melanoma.	ATP-citrate lyase (ACLY) inhibitors emerge as a promising anti-cancer strategy, yet their causal effects across various cancer types remain unclear. Here, we employ a drug-target Mendelian randomization (MR) approach using four cis-expression quantitative trait loci for blood ACLY gene expression as genetic instruments to mimic ACLY inhibition. We utilize genetic data from the eQTLGen consortium (	Communications biology	2025	PMC12095509	False
40412796	Multi-omics analysis unraveling stemness features associated with oncogenic dedifferentiation in 12 cancers.	Tumorigenesis is typically accompanied by cellular dedifferentiation and the acquisition of stem cell-like attributes. However, few studies have comprehensively evaluated the putative relationships between these characteristics and various cancers. Here, we integrated gene expression and DNA methylation quantitative trait loci (cis-eQTL and cis-mQTL) data from the blood to perform multi-omics Mend	Cancer letters	2025		False
40426943	DBI as a Novel Immunotherapeutic Candidate in Colorectal Cancer: Dissecting Genetic Risk and the Immune Landscape via GWAS, eQTL, and pQTL.	Background: Colorectal cancer (CRC) is a leading cause of cancer-related mortality worldwide. Identifying drug targets associated with CRC is crucial for developing targeted therapies. Methods: MR (IVW, Wald ratio, weighted median, and MR-Egger) and SMR analyses were used to screen candidate genes associated with CRC risk. Further validation was performed using The Cancer Genome Atlas (TCGA) to as	Biomedicines	2025	PMC12109284	False
40443776	Mendelian Randomization Assessment of the Genetic Effects of Lipid-Lowering Drugs on Digestive System Cancers.	The relationship between lipid-lowering drugs and the risk of digestive system cancers remains unclear. This study aims to assess the risk association between lipid-lowering drugs and digestive system cancers through mendelian randomization (MR) analysis. We utilized genetic instruments to substitute for the exposure to lipid-lowering drugs, including expression quantitative trait loci (eQTL) for 	Food science &amp; nutrition	2025	PMC12121511	True
40462656	Exploring the Causal Association Between 91 Circulating Inflammatory Proteins and Neurodegenerative Diseases: A Bidirectional Two-Sample Mendelian Randomization and Bioinformatics Analysis.	Circulating inflammatory proteins play a significant role in the pathogenesis of neurodegenerative diseases (NDDs). However, the precise causal relationship and the underlying mechanisms of their interaction remain elusive. Genome-wide association study (GWAS) data for 91 circulating inflammatory proteins were obtained from the GWAS Catalog. Additionally, GWAS data for Parkinson's disease (PD), Al	Brain and behavior	2025	PMC12134489	False
40463915	Causal Association Between Lung Cancer and Rash: A Bidirectional Mendelian Randomization Study.	Skin involvement is one of the many clinical manifestations of lung cancer patients. However, there are fewer in-depth studies exploring the causal relationship between skin rashes and lung cancer subtypes, and the causal relationship is unknown. This study aims to explore the potential causal relationship between rash development and lung cancer diagnosis. From the Genome-wide Association Studies	Clinical Medicine Insights. Oncology	2025	PMC12130657	True
40466363	Significance of PFKFB4 and gene risk signature in cervical cancer prognosis and progression.	Cervical cancer (CC) ranks among the most prevalent malignant gynecological neoplasms. Given the significant challenges in treating and detecting CC at an early stage, this study aims to identify key biomarkers associated with the prognosis and progression of this malignancy. Mendelian randomization (MR), expression quantitative trait locus (eQTL) data, survival assessments, and differential expre	Biochemical and biophysical research communications	2025		False
40480287	Integrating Expression Quantitative Trait Loci and Genome-Wide Association Study Identifies Druggable Genes for Tinnitus.	The investigation of druggable target genes through large-scale expression quantitative trait loci (eQTL) and genome-wide association study (GWAS) data has demonstrated promise across various diseases. This approach has yet to be explored in the context of tinnitus. We obtained cis-eQTL data for 3,453 druggable genes from eQTLGen. Tinnitus phenotype derived from the UK Biobank was used as the disc	Otology &amp; neurotology : official publication of the American Otological Society, American Neurotology Society [and] European Academy of Otology and Neurotology	2025		True
40487928	Identifying core genes in keloid and investigating immune infiltration and pan-cancer associations using eQTL and machine learning.	Keloid is a fibroproliferative skin disorder characterized by excessive fibroblast proliferation and abnormal extracellular matrix accumulation. It manifests as continuous growth, redness, itching, and pain, with a high recurrence rate. The pathogenesis of keloid is complex, with genetics and gene mutations increasingly recognized as critical risk factors. This condition exhibits familial predispo	Bioinformatics advances	2025	PMC12145169	False
40495162	Integrative multi-omics investigation of sleep apnea: gut microbiome metabolomics, proteomics and phenome-wide association study.	Sleep apnea (SA) is linked to various diseases. This study examines the causal link between the gut microbiome and SA, exploring potential predictive factors and target proteins using a multi-omics approach with a Phenome-wide association study (PheWAS). Bidirectional Mendelian Randomization (MR) and Linkage Disequilibrium Score Regression (LDSC) were used to assess the genetic correlation and cau	Nutrition &amp; metabolism	2025	PMC12150496	True
40496862	Integrative genomic and single-cell framework identifies druggable targets for colorectal cancer precision therapy.	Colorectal cancer (CRC) remains a leading cause of cancer-related mortality worldwide. Despite therapeutic advances, there is a critical need to identify novel, effective, and safe drug targets to improve precision treatment strategies. We developed a multi-layered framework integrating Mendelian randomization (MR), colocalization analysis, genome-wide association study (GWAS) data, and expression	Frontiers in immunology	2025	PMC12149120	True
40498118	Comprehensive Mendelian randomization analysis and experimental investigation identifies the causal relationship between immunity and kidney stone disease.	This study investigated the causal relationship between immunity and kidney stone disease (KSD) by utilizing a Mendelian Randomization (MR) framework. We conducted a proteome-wide analysis to identify proteins associated with kidney stone disease risk using data from 4907 plasma proteins. Additionally, genetic instruments were employed to assess the impact of immune traits, including circulating i	Urolithiasis	2025		False
40513936	Decoding aortic dissection from potential drug targets to genetic risk factors: A Mendelian randomization study.	The aortic dissection (AD) is defined as the destruction of the tunica media and separation of the aortic wall, which can be fatal. To date, there is no clinical medication that has been developed to effectively prevent the progression of AD. Therefore, it is imperative to identify risk factors associated with AD and to discover potential therapeutic targets. To identify therapeutic targets for AD	European journal of pharmacology	2025		True
40514687	A multi-omics and mediation-based genetic screening approach identifies STX4 as a key link between epigenetic regulation, immune cells, and childhood asthma.	Childhood asthma presents a multifaceted immune-driven pathology shaped by genetic, epigenetic, and immune regulatory interactions. Despite extensive genome-wide analyses pinpointing multiple susceptibility loci, the precise functional contributors to asthma pathogenesis remain elusive. This study employs a comprehensive multi-omics framework and Mendelian randomization (MR) analysis to systematic	Clinical epigenetics	2025	PMC12164099	False
40517355	Elevated CD14 in B cells associates with reduced ovarian cancer risk via CD80&#xa0;+&#xa0;dendritic cell interaction: a multi-omics study.	Ovarian cancer (OC) is a highly aggressive malignancy characterized by a complex immune microenvironment. B cells, essential components of immunological regulation, have been implicated in the progression of ovarian cancer. However, the precise mechanisms by which B cells and immune molecules influence ovarian cancer risk remain poorly understood. This study employed single-cell RNA sequencing (sc	Discover oncology	2025	PMC12167730	False
40535814	Two-Sample Network Mendelian Randomization and Single-Cell Analysis Reveal the Causal Associations and Underlying Mechanisms Between Antihypertensive Drugs and Kidney Cancer.	Background: Antihypertensive drugs represent the most widely used drugs worldwide. However, the association between antihypertensive drugs and the risk of kidney cancer remains unclear. This study innovatively integrates multi-omics and causal inference approaches to investigate the long-term effects and potential mechanisms of 12 antihypertensive drug classes on kidney cancer risk. Methods: In th	Journal of Cancer	2025	PMC12170992	False
40536885	DNA methylation and bronchiectasis: a Mendelian randomization analysis to investigate causal link and therapeutic target.	This study aims to discover drug targeted genes and explore the potential epigenetics mechanisms in bronchiectasis. Cis-expression quantitative trait locus (eQTL) was obtained as exposure, and bronchiectasis from the FinnGen cohort was used as outcome. Mendelian Randomization (MR) was performed to identify therapeutic targets associated with bronchiectasis. Colocalization and summary-data-based MR	Epigenetics	2025	PMC12184172	True
40541940	Saliva as a potential diagnostic medium: DNA methylation biomarkers for disorders beyond the oral cavity.	Saliva is an accessible biofluid with potential for non-invasive disease diagnostics. This study explores how genetic susceptibility to common diseases is reflected in DNA methylation (DNAm) and gene expression profiles in saliva. We constructed cis-mQTL (n&#x2009;=&#x2009;345) and cis-eQTL (n&#x2009;=&#x2009;277) datasets and examined correlations between DNAm and gene expression. Saliva QTLs wer	NPJ genomic medicine	2025	PMC12181411	False
40555237	Single-cell transcriptome-wide Mendelian randomization and colocalization analyses uncover cell-specific mechanisms in atherosclerotic cardiovascular disease.	Genome-wide association studies (GWASs) have identified numerous genetic loci influencing human disease risk; however, linking these to causal genes remains challenging, limiting opportunities for drug target discovery. Transcriptome-wide association studies (TWASs) address this by linking variants to gene expression but typically rely on bulk RNA sequencing, limiting cell-specific resolution. Her	American journal of human genetics	2025	PMC12256824	True
40557537	Comprehensive multi-omics approach reveals critical genes and immunometabolic networks in glioblastoma.	Glioblastoma multiforme (GBM) is the most aggressive primary brain tumor, with a 5-year survival rate of 4%-7% and median survival of 12-18&#xa0;months despite treatment advances. Its complex genetic profile and immunosuppressive microenvironment underscore the urgent need to identify novel therapeutic targets. We conducted an integrative multi-omics study combining bioinformatics, transcriptomics	International journal of surgery (London, England)	2025		True
40573242	Exploring the Potential Association Between Inhaled Corticosteroid and Face Aging Risk: A Mendelian Randomization Study.	Background: Asthma is one of the most prevalent chronic diseases, affecting more than 300 million individuals globally. Inhaled corticosteroids (ICSs) are recommended as the primary therapy for managing and preventing asthma symptoms in current treatment guidelines. However, long-term use of ICSs could lead to multiple side effects, including skin changes. Methods: We identified ICS target genes u	Pharmaceuticals (Basel, Switzerland)	2025	PMC12196389	False
40576180	Genomic evidence based on eQTL data implicates endocrine disruptors as environmental risk factors for estrogen receptor-positive breast cancer.	Estrogen receptor-positive (ER+) breast cancer is the most common molecular subtype of breast cancer and is strongly influenced by hormonal and environmental factors. Endocrine-disrupting chemicals (EDCs), which interfere with hormone signaling, have been suggested to contribute to ER+&#xa0;breast cancer risk, but causal mechanisms remain unclear. We integrated chemical-gene interaction data from 	International journal of surgery (London, England)	2025		False
40583027	Single-Cell Analysis Combined with Mendelian Randomization Identifies Genes Associated with Prostate Cancer Cells.	Prostate cancer is the second most common male cancer, with incidence increasing with age. When prostate cancer extends beyond the prostatic capsule, treatment options and prognosis change significantly. This study aims to investigate prognostic genes related to capsular invasion in prostate cancer by integrating single-cell data with Mendelian randomization (MR) analysis. Single-cell sequencing d	The world journal of men's health	2026	PMC12798317	False
40592148	Investigation of potential toxicity associated with long-term amitriptyline exposure: Evidence from genomics.	The increasing environmental detection of antidepressants such as amitriptyline (AT) has raised toxicological concerns, yet its long-term safety profile remains poorly characterized. We applied an integrative strategy combining phenome-wide association studies (PheWAS), Mendelian randomization (MR), network toxicology, and molecular docking to systematically evaluate potential adverse effects of A	Ecotoxicology and environmental safety	2025		False
40593373	Integrated eQTL-pQTL Mendelian randomization and single-cell sequencing reveal therapeutic targets in ovarian clear cell cancer.	Ovarian clear cell cancer (OCCC) is a pathological type of ovarian cancer. OCCC responds poorly to platinum-based chemotherapy drugs and immunotherapy. Currently, there is a lack of targeted drugs for OCCC. It is very urgent to find new therapeutic targets for OCCC. We used data from the eQTLGen consortium and deCODE, combined with large Genome-Wide Association Study (GWAS) cohort data, to perform	Discover oncology	2025	PMC12214076	False
40596422	Genetic association analysis between LDL-c lowering drugs and portal hypertension using Mendelian randomization analysis.	Clinical guidelines recommend the use of statins to reduce portal pressure and alleviate portal hypertension (PH). However, there is a lack of population-level studies on the use of non-statin Low-Density Lipoprotein Cholesterol (LDL-c) reduction agents for the treatment of PH. This study utilized a novel method, Mendelian Randomization (MR) analysis, to investigate the impact of commonly used LDL	Scientific reports	2025	PMC12217002	True
40611294	Identification of key genes as diagnostic biomarkers for IBD using bioinformatics and machine learning.	The pathogenesis of inflammatory bowel disease (IBD) involves complex molecular mechanisms, and achieving clinical remission remains challenging. This study aims to identify IBD-potential biomarkers, analyze their correlation with immune cell infiltration, and identify genes that have a causal relationship with IBD. RNA-seq datasets for IBD were retrieved from GEO, stratified into discovery (GSE75	Journal of translational medicine	2025	PMC12231756	True
40615535	Multi-omics analysis identifies SNP-associated immune-related signatures by integrating Mendelian randomization and machine learning in hepatocellular carcinoma.	Hepatocellular carcinoma (HCC) is a leading cause of cancer-related death globally, characterized by high morbidity and poor prognosis. The complex molecular and immune landscape of HCC makes accurate patient stratification and personalized treatment essential. In this study, we utilized large-scale gene expression data from TCGA and GSE54236, alongside eQTL GWAS data, to identify key genes that i	Scientific reports	2025	PMC12227606	False
40616157	Cathepsin H increases the risk of diabetic retinopathy: evidence from Mendelian randomization and bioinformatic analysis.	BACKGROUND: While lysosomal cathepsins are crucial in cellular homeostasis and may contribute to diabetic chronic complications, their precise causal relationships remain insufficiently characterized. METHODS: This study employed comprehensive multidimensional Mendelian randomization (MR) analyses to investigate potential causal associations between nine cathepsins (B, E, F, G, H, L2, O, S, and Z)	Diabetology &amp; metabolic syndrome	2025	PMC12231758	True
40616607	An integrative multi-omics study to identify candidate DNA methylation biomarkers associated with gastric cancer prognosis.	Aberrant DNA methylation (DNAm) is the most well-defined epigenetic hallmark in gastric cancer (GC), which may be associated with a variety of risk factors exposure. In this study, leveraging the multi-omics data of Genome-wide association studies (GWAS), methylation quantitative trait locus (mQTL) and expression quantitative trait locus (eQTL) collected from The Cancer Genome Atlas (TCGA), Genoty	Archives of toxicology	2025		False
40624693	Multi-omics integration reveals the role of N6-methyladenosine in epilepsy, ischemic stroke, and vascular dementia.	N6-methyladenosine (m6A) methylation is an essential epigenetic modification that regulates mRNA stability, splicing, and translation. Its role in neurological diseases, including epilepsy, ischemic stroke, and vascular dementia (VaD), remains poorly understood. We integrated multi-omics data, including GWAS, m6A quantitative trait loci (QTL), expression QTL (eQTL), and protein QTL (pQTL), and usi	Molecular brain	2025	PMC12236031	False
40627109	Mendelian Randomization-Based Discovery of Novel Protein Biomarkers and Drug Targets in Colorectal Cancer: Validation Through Prognostic Modeling, Single-Cell Analysis, and In Vitro Cell Experiments.	RNA modification plays a crucial role in biological processes. This study uses Mendelian randomization to investigate the relationship between RNAm-SNPs and CRC to identify potential protein markers and therapeutic targets. We analyzed RNAm-SNPs and CRC using RMVar and GWAS datasets. eQTL and pQTL analyses were performed to assess associations with gene expression and protein levels. Two-sample MR	Applied biochemistry and biotechnology	2025		False
40629249	EP300 Regulates CD8br AC (TBNK Panel) to Facilitate Insomnia.	Insomnia is a prevalent clinical condition that is caused by the interaction of environmental, inflammatory, immune system, physiological, and psychological factors. Nevertheless, the significance of lactylation-related gene in the pathogenesis of insomnia remains unknown. The causal relationship between lactylation-related gene and insomnia was initially analyzed using Mendelian randomization. Ex	Molecular neurobiology	2025	PMC12511179	True
40630931	ti-scMR: trajectory-inference-based dynamic single-cell Mendelian randomization identifies causal genes underlying phenotypic differences.	The selective expression of genes is the basis of cellular and individual phenotypic differences, serving as a mediator in the causal pathways from genotypes to phenotypes. Single-cell differential expression analysis identifies distinct transcriptomic landscapes, but fails to establish causal relationships due to the presence of confounders. On the other hand, causal inference methods in populati	NAR genomics and bioinformatics	2025	PMC12231591	False
40635520	Integrated Genomic and GEO Data Analysis Reveals Therapeutic Targets for Rosacea.	Rosacea is a chronic inflammatory facial disorder with limited therapeutic options, severely impacting patients' quality of life. The identification of druggable genes plays a crucial role in facilitating the development of effective therapeutic strategies. We conducted Mendelian randomization (MR) and Summary-based Mendelian randomization (SMR) analyses by integrating data on 5883 druggable genes	Journal of cosmetic dermatology	2025	PMC12242367	False
40638267	Integrative multi-omics analysis reveal novel therapeutic targets for glioblastoma.	Glioblastoma (GBM) is the most common and aggressive primary malignant brain tumor in adults, yet effective therapeutic strategies remain limited. A comprehensive exploration of brain proteomic profiles may offer new insights into GBM pathogenesis and treatment. We integrated the largest available summary-level GWAS data for GBM, derived from eight studies of European ancestry, with brain proteomi	International journal of surgery (London, England)	2025	PMC12626534	True
40639752	From brain to heart: Causality and therapeutic potential in atrial fibrillation.	To elucidate the causal relationship between resting-state brain function and atrial fibrillation (AF), and to pinpoint potential genetic targets and therapeutic compounds for AF. Employing GTEx V8 eQTL and deCODE Genetics pQTL datasets, key genes associated with AF were identified through Mendelian Randomization (MR) and Summary-based Mendelian Randomization (SMR) analyses. Colocalization analysi	Journal of stroke and cerebrovascular diseases : the official journal of National Stroke Association	2025		False
40652422	Integrative genomic analysis identifies novel causal genes of Hodgkin's and non-Hodgkin's lymphoma.	The genetic mechanisms underlying non-Hodgkin lymphoma (NHL) and Hodgkin lymphoma (HL) remain understudied. While numerous genes associated with these lymphoid tumors have been identified, little research has focused on the genetic networks that directly drive NHL and HL pathogenesis. We conducted integrative genomic analyses, including a transcriptome-wide association study (TWAS), a proteome-wid	Discover oncology	2025	PMC12256388	False
40653474	Identification of potential drug targets for achalasia from genetic insights: a Mendelian randomization study.	Achalasia (AC) is an esophageal dyskinetic disorder characterized by loss of function of ganglion cells of the intermuscular plexus of the distal esophagus and lower esophageal sphincter. Although there have been some advances in its diagnosis and treatment, the maintenance of pharmacologic therapy is very short-lived, the indications for surgical treatment are more limited, and postoperative comp	Journal of cardiothoracic surgery	2025	PMC12257857	True
40653482	Multi-omics analysis for identifying cell-type-specific and bulk-level druggable targets in Alzheimer's disease.	Analyzing disease-linked genetic variants via expression quantitative trait loci (eQTLs) helps identify potential disease-causing genes. Previous research prioritized genes by integrating Genome-Wide Association Study (GWAS) results with tissue-level eQTLs. Recent studies have explored brain cell type-specific eQTLs, but a systematic analysis across multiple Alzheimer's disease (AD) genome-wide as	Journal of translational medicine	2025	PMC12257706	True
40657364	PARK7 is a Key Regulator of Oxidative Stress - Related Breast Cancer Risk: A Multi-Omics Study.	Background: Oxidative stress (OS) is closely associated with the occurrence and progression of breast cancer (BC). However, its role as a potential etiological factor or trigger remains unclear. This study aims to systematically investigate the potential causal effects and mechanisms of OS-related genes in BC by integrating multi-omics data. Methods: This study obtained summary data for blood meth	Journal of Cancer	2025	PMC12244032	False
40659289	Mapping the immune-genetic architecture of aging: A single-cell causal framework for biomarker discovery and therapeutic targeting.	Aging is a complex biological process driven by genetic and immune-mediated mechanisms, yet the causal roles of immune-cell-specific gene regulation remain unclear. In this study, we integrate single-cell expression quantitative trait loci (sc-eQTL) data with Mendelian randomization (MR) and colocalization analyses to identify immune-mediated regulatory mechanisms and therapeutic targets for aging	Ageing research reviews	2025		True
40665272	Immune and genetic landscapes of biliary atresia: a pathway to precision medicine.	Biliary atresia (BA) is a rare pediatric cholestatic disorder characterized by progressive bile duct inflammation and fibrosis. The underlying molecular mechanisms of BA remain poorly defined. This study aimed to identify susceptibility genes causally associated with BA by integrating genome-wide association study (GWAS) and transcriptomic data, and to explore their potential immunopathological ro	BMC pediatrics	2025	PMC12261710	False
40669713	Antidepressants and risk of inflammatory bowel disease: A drug-target Mendelian randomization study.	Previous studies have found that antidepressants could reduce the risk of IBD, but the results are controversial. Therefore, a drug-target Mendelian randomization was applied to explore the casual relationship between antidepressants and IBD, aiming to identify new preventive uses for the drugs. Target genes corresponding to classic SSRI drugs were obtained from the DrugBank database. eQTL Data wa	Journal of affective disorders	2025		False
40676348	Cross-tissue transcriptome-wide analysis reveals novel insights into thyroid cancer etiology.	Despite significant advances made by genome-wide association studies (GWAS) in the genetic exploration of tumors such as thyroid cancer (TC), the precise pathogenic genes and underlying biological mechanisms of TC remain unclear. We performed a transcriptome-wide association study (TWAS) to identify the susceptibility genes for TC. Three complementary methods: FUSION (Functional Summary-based Impu	Discover oncology	2025	PMC12270988	True
40676822	Bidirectional mendelian randomization and single-cell sequencing reveal T cell-mediated causal links between COPD and lung adenocarcinoma.	Chronic obstructive pulmonary disease (COPD) and lung cancer are the leading causes of lung disease-related deaths globally, sharing common risk factors like smoking. While COPD is known to increase lung cancer risk, the exact underlying mechanism remains unclear. We aim to explore the potential relationship between lung adenocarcinoma (LA) and COPD by application of Mendelian randomization analys	International journal of surgery (London, England)	2025		False
40682633	Targeted screening and single-cell analysis of genetic variants in melanoma using Mendelian randomization.	This study utilizes Mendelian randomization to investigate melanoma's epidemiological patterns and genetic variants for improved disease prevention and control. We combined SNP data from GTEx V8 eQTL and FinnGen databases for Mendelian randomization analysis, and performed single-cell analysis on melanoma samples. Melanoma rates were higher in men than women and increased with age. Key SNPs like r	Discover oncology	2025	PMC12276172	False
40685710	Multiple sclerosis as a genetic risk factor for Alzheimer's disease: Insights from Mendelian randomisation.	Inflammation is implicated in neurodegeneration, but the causal link between multiple sclerosis and Alzheimer's disease remains unclear. To investigate the genetic relationship between MS and AD using Mendelian Randomization and assess downstream molecular effects. Two-sample MR was conducted using GWAS summary statistics, with IVW and MR Egger methods. Sensitivity analyses assessed pleiotropy and	Neurodegenerative disease management	2025	PMC12456208	False
40687153	Characterizing Duodenal Immune Microenvironment in Functional Dyspepsia: An AutoML-Driven Diagnostic Framework.	Functional dyspepsia (FD) is a prevalent gastroduodenal disorder with an unclear pathogenesis. Recent studies suggest that duodenal immune activation plays a pivotal role in its development. Mendelian randomization analysis using genome-wide association studies (GWAS) and expression quantitative trait loci (eQTL) data identified genes associated with FD. Expression data from 40 FD patients and 24&	Journal of inflammation research	2025	PMC12275929	True
40692979	Integrating GEO Database, Mendelian Randomization, and Molecular Docking to Identify HLA-C as a Potential Therapeutic Target for Periodontitis.	Background: Periodontitis is a chronic inflammatory disease that leads to the destruction of periodontal tissues, ultimately resulting in tooth loss. Current treatments primarily focus on mitigating inflammation and alleviating symptoms, but they often lack specificity. This study aims to explore the molecular mechanisms of periodontitis using gene expression databases (GEOs) and bioinformatics me	Mediators of inflammation	2025	PMC12279435	False
40696559	Exploring Immunogenetic Mechanisms in Parkinson's Disease Using Single-Cell Transcriptomics and Mendelian Randomization.	Parkinson's disease (PD) is a prevalent neurodegenerative disorder characterized by the progressive loss of dopaminergic neuron. Although the role of immunity in PD has been increasingly recognized, the immunogenetic mechanisms underpinning its progression remain largely unresolved. We employed an integrative approach combining Mendelian randomization (MR), expression quantitative trait loci analy	Current pharmaceutical biotechnology	2025		True
40705138	Application of Mendelian randomization and bioinformatic analysis to construct a prognostic model for thyroid cancer and perform pan-cancer analysis.	This study aimed to identify causal effects and potential molecular mechanisms of genes associated with THCA development. Bioinformatic analyses were performed to identify differentially expressed genes (DEGs) associated with THCA. Subsequently, Mendelian randomization (MR) analysis was conducted using large-scale eQTL data and THCA GWAS summary statistics to screen for candidate genes. The inters	Discover oncology	2025	PMC12290152	False
40715499	Exploration of potential therapeutic target genes for preeclampsia through genetic analysis.	Preeclampsia (PE) is a prevalent and severe pregnancy-related complication, for which effective intervention targets remain limited, posing significant risks to maternal and fetal health. This study aimed to identify potential therapeutic target genes through genetic analyses. Specifically, we utilized cis-expression quantitative trait loci (cis-eQTL) of druggable genes derived from blood samples 	Journal of human hypertension	2025		True
40716288	Therapeutic targets in lung diseases identified through single-cell analysis and mendelian randomization.	The global rise in lung diseases necessitates identification of therapeutic targets, yet systematic studies integrating diverse pathologies and lung function traits to uncover causal targets remain limited. To identify causal therapeutic targets across 12 lung traits (10 diseases, 2 functional measures: Forced Vital Capacity [FVC] and the FEV1/FVC ratio) and validate their genetic roles. Single-ce	Heart &amp; lung : the journal of critical care	2025		True
40728677	Associations of genetic proxies for non-steroidal anti-inflammatory drugs with increased kidney stone risk: a Mendelian randomization study.	Kidney stones are increasingly common globally, and drug-induced kidney stones are often under-recognized. Non-steroidal anti-inflammatory drugs (NSAIDs) are widely used, and their potential link to kidney stones is an area of concern. The aim of this study is to explore the potential relationship between NSAIDs and kidney stones using Mendelian randomization (MR). NSAIDs target genes were identif	Inflammopharmacology	2025	PMC12397129	False
40729369	Identification of hub gene associated with colorectal cancer: Integrating Mendelian randomization, transcriptome analysis and experimental verification.	Colorectal cancer (CRC) is a prevalent malignancy with significant mortality rates globally. Understanding the genetic and molecular mechanisms underlying CRC development is crucial for improving therapeutic strategies. In this study, we utilized cis-eQTL summary data to identify genes potentially causally associated with CRC. The expression levels of candidate genes in tumor and normal tissues we	PLoS genetics	2025	PMC12349882	False
40731231	Impact of fatty acid desaturase 1 (FADS1) on chronic kidney disease via very low-density lipoprotein: A drug target-related mediation Mendelian randomization study.	Chronic kidney disease (CKD) is a globally prevalent condition and still lacks effective specific medications. Metabolic dysregulation plays a crucial role in CKD. To Identify new potential targets for CKD through metabolites and their regulatory genes. A total of 233 metabolites from the genome-wide association studies (GWAS) Catalog were utilized for Mendelian randomization (MR) with CKD. Extern	Journal of clinical lipidology	2025		False
40760609	Mendelian randomization reveals causal circulatory microRNAs in prostate cancer pathogenesis and prognosis.	Prostate cancer (PCa) lacks precise diagnostic tools, necessitating noninvasive biomarkers. MicroRNAs (miRNAs) show promise due to fluid stability and oncogenic regulation. Using 2-sample Mendelian randomization (MR), we analyzed plasma miRNA expression quantitative trait loci (eQTLs) from discovery and validation cohorts. Cis-acting eQTLs served as instrumental variables, with causal effects asse	Medicine	2025	PMC12323976	True
40760788	Causal Association Between Immune Cell Traits and Risk of Multiple Malignant and Nonmalignant CNS Diseases: A Mendelian Randomization and Single-Cell Transcriptomic Analysis.	The influence of immune cell traits (ICTs) on the onset of multiple brain diseases has been previously investigated; however, it is limited by the sample size or colocalization evidence. Besides, the impact remains inconclusive. We performed a Mendelian randomization (MR) study to elucidate the causal correlation between significant ICTs and diverse brain disorders and explored the biomarkers link	Brain and behavior	2025	PMC12321959	False
40768106	Systematic druggable genome-wide Mendelian randomization identifies therapeutic targets for calcium pyrophosphate deposition disease.	There are no effective pharmacological treatments for calcium pyrophosphate deposition (CPPD) disease. We aim to identify potential therapeutic targets for CPPD disease by integrating various publicly available datasets. We integrated data from druggable genomes, cis-expression quantitative trait loci (cis-eQTL)/cis-protein quantitative trait loci (cis-pQTL) in human blood and skeletal muscle tiss	Clinical rheumatology	2025		True
40771899	VOPP1 as a Novel Susceptibility Gene in Rheumatoid Arthritis: Insights Into Its Mechanisms From Mendelian Randomization and Experimental Validation.	Genetic factors are key determinants of vulnerability to rheumatoid arthritis (RA), a systemic inflammatory disease that causes inflammation, pain, swelling, and destruction of the joints. Expression quantitative trait loci (eQTLs) have been shown to detect novel disease-risk loci in previous studies. In this paper, we identified new susceptibility genes in RA and investigated their underlying mec	Journal of inflammation research	2025	PMC12327419	True
40775174	Genetic Association of CANT1 Gene with Scoliosis: An Integrative Study Involving Methylation, Immune Factors, and Metabolites.	The CANT1 gene, encoding a nucleotidase linked to calcium signaling, is crucial for spinal development, with its deficiency causing skeletal developmental issues. However, the relationship between CANT1 and scoliosis remains unclear. This study aims to explore the role of CANT1 in scoliosis from a genetic perspective and its potential as a therapeutic target. This study employed a multi-method app	Journal of molecular neuroscience : MN	2025		False
40775364	TRP channels in hepatocellular carcinoma: integrative Mendelian randomization and multi-omics analyses highlight MCOLN3/TRPV4 as candidate dual-effect biomarkers.	The causal relationship between Transient receptor potential (TRP) and hepatocellular carcinoma (HCC) remains unclear. Our study aimed to identify potential drug targets for HCC within the TRP family using Mendelian randomization (MR). The gene expression quantitative trait loci (eQTL) data for TRP was sourced from eQTLGen Consortium. Summary statistics for HCC came from European (nCase&#x2009;=&#	Human genomics	2025	PMC12329876	True
40783865	[Identification of prognostic genes in prostate cancer by single-cell sequencing combined with Mendelian randomization].	To identify the key genes involved in the development and progression of prostate cancer (PCa) and those associated with the prognosis of the malignancy. We obtained the single-cell sequencing data on 4 cases of PCa from the GSE156632 database. Using R language and the Seurat package, we performed cell clustering and annotation, selected the subpopulations of epithelial cells for differential anal	Zhonghua nan ke xue = National journal of andrology	2024		True
40788210	[Relationship between sterol carrier protein 2 gene and prostate cancer: Based on single-cell RNA sequencing combined with Mendelian randomization].	Objective&#xff1a; To investigate the relationship between the lipid metabolism-related gene sterol carrier protein 2(SCP2) and prostate cancer (PCa) from a multi-omics perspective using single-cell transcriptomes combined with Mendelian randomization. Methods&#xff1a; Single-cell transcriptome data of benign and malignant prostate tissues were obtained from GSE120716, GSE157703 and GSE141445 datase	Zhonghua nan ke xue = National journal of andrology	2025		False
40797068	Genetic insights into causal effects of lipids and lipid-modifying targets on calcific aortic valve stenosis: a Mendelian randomized study.	Calcific aortic valve stenosis (CAVS) is steadily rising worldwide with no effective pharmacological agents available. Observational studies implicated dyslipidaemia as a risk factor for CAVS. Whether dyslipidaemia is causative for CAVS and the therapeutic potential of different lipid-modifying drug targets for CAVS treatment remains unclear. We appraised the relationship of genetically-proxied li	Scientific reports	2025	PMC12343787	False
40799911	Role of ferroptosis-related IREB2 in the shared genetic etiology between smoking and facial aging: Insights from large-scale genome-wide cross-trait analysis.	While the association between smoking and accelerated facial aging is well documented, the specific pathways underlying this association remain poorly understood. To investigate the shared genetic architecture between smoking and facial aging, we performed genetic analyses based on genome-wide association studies (GWAS) data. These analyses included linkage disequilibrium score regression (LDSC), 	Computational and structural biotechnology journal	2025	PMC12341527	False
40817807	Integrative Genomic and Functional Approaches Identify FUOM as a Key Driver and Therapeutic Target in Cervical Cancer.	Cervical cancer remains a global public health challenge, particularly in regions with limited access to screening and vaccination. While high-risk HPV infection is the primary cause, the genetic and molecular mechanisms driving cervical cancer progression are not fully understood. This study integrates Mendelian randomization (MR) and single-cell RNA sequencing (scRNA-seq) to identify causal eQTL	Cancer reports (Hoboken, N.J.)	2025	PMC12357170	False
40820226	Druggable genome-wide Mendelian randomization integrating GWAS and eQTL/pQTL data identifies targets for lung squamous cell carcinoma.	Lung squamous cell carcinoma (LUSC) is one of the most common types of non-small cell lung cancer with poor prognosis. Druggable genome-wide Mendelian randomization (MR) was conducted to discover LUSC-related targets using expression quantitative trait loci (eQTL) and protein QTL (pQTL) in the ieu_b_4953 dataset and finngen dataset. Bayesian co-localization analysis, summary&#x2011;data&#x2011;bas	Scientific reports	2025	PMC12358570	False
40820460	Investigating the Causal Role of Neurotrophic Factors in Low Back Pain and Sciatica: A Mendelian Randomization Study.	Low back pain (LBP) and sciatica are among the most prevalent musculoskeletal disorders, leading to significant disability and an economic burden. Neurotrophic factors, including nerve growth factor (NGF), brain-derived neurotrophic factor (BDNF), and glial cell-derived neurotrophic factor (GDNF), play critical roles in pain modulation and neuronal function. While NGF-targeting monoclonal antibodi	Current medicinal chemistry	2025		True
40822862	Multiomics Identifies Potential Biomarkers in Ankylosing Spondylitis Bone Formation.	Objective: Ankylosing spondylitis (AS) is a long-term inflammatory condition characterized by intricate pathogenesis and significant genetic predisposition. Current treatment methods cannot completely halt the progression of the disease. The purpose of this research is to discover possible therapeutic targets for AS by integrating Mendelian Randomization (MR), transcriptomics analysis, and machine	Human mutation	2025	PMC12356670	False
40823550	Genetic insights into alcohol-associated liver disease: integrative transcriptome-wide analysis identifies novel susceptibility genes.	Alcohol-associated liver disease (ALD) is a chronic condition influenced by both genetic and environmental factors. While GWAS has identified ALD-related loci (PNPLA3, MBOAT7, TM6SF2), underlying genetic mechanisms and therapeutic targets remain unclear. This study utilized the FinnGen R12 dataset (488,982 participants) and GTEx v8 eQTL data to perform a cross-tissue transcriptome-wide association	Frontiers in medicine	2025	PMC12351384	False
40842128	Multi-Omics Mendelian Randomization Identifies a DNA Methylation-ZDHHC20-Immune Axis Associated With Schizophrenia Risk.	Schizophrenia is a severe psychiatric disorder with a complex etiology involving genetic and environmental factors. Despite its profound impact, the molecular mechanisms underlying schizophrenia remain elusive. Emerging evidence suggests that DNA methylation, palmitoylation, and immune cell activity play critical roles in its pathogenesis. This study employs a multi-omics approach to investigate t	Brain and behavior	2025	PMC12370846	False
40853405	Identification of potential drug targets and possible drugs for esophageal carcinoma from genetic insights: a comprehensive two-sample Mendelian randomization study.	Esophageal carcinoma (EC) is the eighth most common cancer, which is a major health problem on a global scale. Comprehensive treatments such as surgery, radiotherapy and chemotherapy have demonstrated efficacy in certain patients with early-stage esophageal carcinoma. However, it is crucial to explore improved treatment modalities for individuals with advanced, recurrent and metastatic esophageal 	Discover oncology	2025	PMC12379196	False
40853611	Multi-omics integration reveals CYTL1 and H6PD as key regulators of tumor metabolism in mesothelioma.	Mesothelioma is a rare and aggressive cancer with limited therapeutic options and poor prognosis. Despite advancements in understanding its molecular mechanisms, effective biomarkers and therapeutic targets remain elusive. This study utilizes a multi-omics approach to identify potential biomarkers and therapeutic targets for mesothelioma. A multi-omics framework integrating druggable genomics, Men	Genes &amp; genomics	2025		True
40855105	Identifying potential drug targets for postoperative abdominal wall hernia using Mendelian randomization: a multi-omics study.	This study aims to identify potential drug targets for postoperative abdominal wall hernia. Mendelian Randomization (MR) was applied to integrate data from druggable gene libraries, cis-pQTL data, and cis-eQTL data to analyze postoperative abdominal wall hernia in the FinnGen R11 population. Sensitivity and heterogeneity tests were conducted, along with reverse causality validation, to explore pot	Scientific reports	2025	PMC12379127	False
40855282	Integrative multi-omics analysis identifies key genes and colocalized signals associated with colorectal cancer risk.	BACKGROUND: Colorectal cancer (CRC) affects approximately 1.9&#xa0;million people globally each year. While CRC development involves complex genetic and environmental interactions, the underlying molecular mechanisms remain incompletely understood. This study integrated multi-omics data to investigate gene-CRC associations across methylation, expression, and protein levels. METHODS: We obtained su	BMC cancer	2025	PMC12376460	False
40859573	A multilevel genomic approach to uncover causal connections between CPFE and lung cancer subtypes: A two-sample Mendelian randomization study.	Combined pulmonary fibrosis and emphysema (CPFE) and lung cancer cast intertwined shadows, yet the molecular nexus binding them remains largely obscured. By integrating high-resolution transcriptomic landscapes, extensive genome-wide association resources, and a stratified Mendelian randomization (MR) framework, we distilled 809 differentially expressed genes and, in successive steps, confirmed th	Medicine	2025	PMC12385043	False
40861421	Identification and verification of biomarkers associated with neutrophils in acute myocardial infarction: integrated analysis of bulk RNA-seq, expression quantitative trait loci, and mendelian randomization.	Immune infiltration is closely related to the progression of acute myocardial infarction (AMI), among which neutrophils have received extensive attention. However, the concrete association between AMI and neutrophils remains uncertain. Bulk RNA-seq data for patients with AMI were downloaded from the Gene Expression Omnibus (GEO) database. CIBERSORT was utilized to measure 22 degrees of immune cell	Frontiers in molecular biosciences	2025	PMC12371120	False
40861805	"HLA-DOB: A Key ""Coordinator"" Between Cutaneous Melanoma and Psoriasis."	Background: Psoriasis is a chronic inflammatory skin disease associated with immune dysfunction, and its relationship to cutaneous melanoma is unclear. This study used Mendelian randomization (MR) to explore the causal link between the two and identify risk genes. Methods: SNPs from a psoriasis GWAS (5,072 cases, 478,102 controls) were used as instrumental variables, and melanoma GWAS data (3,751 	Journal of Cancer	2025	PMC12374949	False
40895540	eQTL and multi-omics integration reveal PPIH as a prognostic and immunotherapeutic biomarker.	Malignant tumors remain a major threat to global human health. This study aimed to systematically integrate multi-omics data to identify a candidate gene with biomarker potential across diverse cancer types and to evaluate its possible clinical applications in oncology. We first performed Mendelian randomization based on summary statistics to integrate blood expression quantitative trait loci data	Frontiers in immunology	2025	PMC12391104	True
40898659	ZDHHC5 Mediates Immune Dysregulation Driving Generalized Anxiety Disorder Risk.	To investigate genes associated with palmitoylation modification implicated in generalized anxiety disorder (GAD), and to elucidate the mechanistic roles of these genes via immune cell-mediated pathways. Utilizing large-scale genetic datasets, genes categorized as palmitoylation-expression quantitative trait loci (eQTL) were identified by intersecting palmitoylation-related genes (as compiled from	Brain and behavior	2025	PMC12405600	False
40908527	Circulating proteins and bone mineral density: A Proteome-Wide Mendelian Randomization Study.	Current osteoporosis medications often prove ineffective for various reasons. Alongside optimizing available agents, new genetic targets should be proposed for drug development. Mendelian randomization (MR) may resolve throughput and confounding issues in traditional observational studies for druggable targets. We employed two-sample MR with protein quantitative trait loci (pQTLs) and expression q	Current medicinal chemistry	2025		True
40917066	Immune Characteristics of eQTL and Gene Risk Model and the Inhibitory Effect of DCTD and RRAS on Ferroptosis in Glioblastoma.	Glioblastoma (GBM) is an extremely aggressive brain tumor, marked by restricted therapeutic possibilities and a generally unfavorable prognosis. GBM's complexity and heterogeneity necessitate comprehensive genetic and immunological profiling to enhance therapeutic strategies. The study integrated The Cancer Genome Atlas (TCGA) and Integrative Epidemiology Unit Open Genome-Wide Association Studies 	Frontiers in bioscience (Landmark edition)	2025		True
40922373	Integration of summary data from GWAS and eQTLs studies predicts causality of S1PR1 and breast cancer.	Breast cancer is a major health threat to women, with limited effective indicators for early screening and prognosis. The role of sphingosine 1-phosphate receptor 1 (S1PR1) in breast cancer remains controversial. This study aims to explore the potential causal relationship between S1PR1 and breast cancer risk, considering estrogen receptor (ER) status. Summary-level data for genome-wide associatio	Medicine	2025	PMC12419331	False
40929757	Analyzing the toxicological effects of PET-MPs on male infertility: Insights from network toxicology, mendelian randomization, and transcriptomics.	Current research indicates that polyethylene terephthalate microplastics (PET-MPs) may significantly impair male reproductive function. This study aimed to investigate the potential molecular mechanisms underlying this impairment. Potential gene targets of PET-MPs were predicted via the SwissTargetPrediction database. GWAS summary statistics for male infertility were obtained from the GWAS Catalog	Reproductive biology	2025		False
40934270	Genetic association of lipids characteristics and lipid lowering drug target genes with sepsis.	Sepsis is a severe systemic infection that can result in organ dysfunction and mortality. Dyslipidemia emerges as a key player in the intricate web of sepsis pathogenesis. Yet, the causal relationship between blood lipid profiles and sepsis risk remains uncertain. This study aims to investigate the association between genetically predicted lipid traits, drug targets, and sepsis. The UK Biobank's G	PloS one	2025	PMC12425328	True
40947455	Identifying potential therapeutic targets for prostate cancer with mediating role in tumor immunity.	Prostate cancer (PCa) is a leading malignancy with a rising global incidence, posing significant challenges in treatment. The immunosuppressive tumor microenvironment (TME) in castration-resistant prostate cancer (CRPC) is a major barrier to effective immunotherapy. Identifying therapeutic targets that modulate the immune response within TME is crucial for advancing PCa treatment. In this study, w	Discover oncology	2025	PMC12433928	False
40948612	MAIT Cells with High PFN1 Expression Mediate Immune Activation and Metabolic Reprogramming in Psoriasis.	Psoriasis is a chronic inflammatory skin disease involving dysregulated immune responses and complex genetic factors. This study combines single-cell RNA sequencing (scRNA-seq), gene expression profiling, and genetic analysis to explore cellular and molecular contributors to psoriasis. Single-cell RNA-seq data (n = 3 psoriasis, n = 2 control; GSE228421) were used for cell-type annotation and funct	Clinical, cosmetic and investigational dermatology	2025	PMC12433214	False
40958316	The m6A regulatory gene YTHDF3 alleviates acute pancreatitis by modulating CD45RA+ resting treg cells: A novel immunomodulatory biomarker.	Acute pancreatitis (AP) is an inflammatory disorder with a rising global incidence and substantial morbidity and mortality; however, its molecular pathogenesis remains unclear. Epigenetic regulation by N6-methyladenosine (m6A) RNA modification is increasingly being recognized as a key mechanism in immune and inflammatory diseases. However, the causal role of m6A-related genes and their immunologic	Medicine	2025	PMC12440514	False
40988222	Inhibition of lactylation by LRP1 expression increases the risk of intervertebral disc degeneration: A multi-omics summary-based Mendelian randomization analysis.	Intervertebral disc degeneration (IVDD) causes neck, back and low back pain, and is a major global public health problem. Lactate, a metabolic product of disc cells, relates closely to degeneration. Lactylation, driven by lactic acid, associates with IVDD; targeting related genes may offer new therapies. This study aimed to identify causal lactylation-related genes in IVDD via multi-omics summary-	Medicine	2025	PMC12459491	True
40994653	Druggable Targets for Pelvic Inflammatory Disease: Mendelian Randomization and Experimental Validation.	Pelvic inflammatory disease (PID) is a common gynecological disorder that seriously affects women's physical and mental health, yet there are few effective therapeutic options. Mendelian randomization (MR) has been used to repurpose existing drugs and identify new therapeutic targets. Therefore, we performed a systematic drugable genome-wide MR analysis to explore potential therapeutic targets for	Journal of inflammation research	2025	PMC12456439	False
40996626	Integrated single-cell transcriptomics and Mendelian randomization identify neutrophil-associated biomarker genes in colorectal cancer.	Colorectal cancer (CRC) is a prevalent digestive malignancy imposing significant economic burdens worldwide. However, the role and underlying mechanisms of neutrophil infiltration in CRC remain unclear. We therefore integrated single-cell RNA sequencing (scRNA-seq), Mendelian randomization (MR), and colocalization (coloc) analyses to uncover key neutrophil-related genes in CRC. Neutrophil marker g	Discover oncology	2025	PMC12463778	True
41006511	Multiomics Mendelian randomization integrating pQTL, eQTL and mQTL data revealed BTN3A2 as a potential drug target for nephrolithiasis.	Nephrolithiasis has a high recurrence rate and imposes a heavy burden on patients and society. Therefore, there is an urgent need to explore new effective targets for nephrolithiasis prevention and treatment. Protein quantitative trait loci (pQTL) data of plasma proteins and plasma protein-protein ratios were used as plasma protein related targets (PPRTs), and genome-wide association studies (GWAS	Scientific reports	2025	PMC12475057	False
41020869	Integration of eQTL and GEO Datasets to Identify Genes Associated with Breast Ductal Carcinoma In Situ.	Breast ductal carcinoma in situ (DCIS), a common precursor of breast cancer, has poorly understood susceptible driver genes. This study aimed to identify genes influencing DCIS progression by integrating Mendelian randomization (MR) and Gene Expression Omnibus (GEO) datasets. The GEO database was searched for DCIS-related datasets to extract differentially expressed genes (DEGs). MR was employed t	Current issues in molecular biology	2025	PMC12468441	False
41021153	Mendelian randomization analysis of druggable gene expression in liver cancer risk and autoimmune hepatitis.	Liver cancer remains one of the most prevalent and lethal malignancies worldwide, while autoimmune hepatitis is an immune-mediated inflammatory liver disease characterized by circulating autoantibodies and distinctive histopathological features. Mendelian Randomization (MR), as an innovative epidemiological research method, providing a reliable approach for exploring causal relationships between g	Discover oncology	2025	PMC12480330	False
41023518	Genetic insights into the relationship between anti-inflammatory drug target genes and oral diseases.	Glucocorticoids and nonsteroidal anti-inflammatory drugs (NSAIDs) are cornerstones in the management of oral inflammatory pathologies. However, their precise causal effects on a range of oral diseases and the underlying genetic mechanisms remain poorly understood. Concurrently, emerging evidence on the gut-brain axis suggests a potential connection between intestinal inflammation and the pathogene	Inflammopharmacology	2025	PMC12552295	True
41029126	The m6A demethylase METTL14 inhibits the development and progression of lung squamous cell carcinoma by upregulating CD19+ IgD- CD38dim.	N6-methyladenosine (m6A) RNA modification plays a critical role in cancer biology, yet its causal impact on lung squamous cell carcinoma (LSCC) remains poorly understood. To address this, we intersected 19 known m6A-related genes with cis-expression quantitative trait loci datasets and identified 12 genes with reliable expression quantitative trait loci data. These genes were then used as exposure	Medicine	2025		False
41029193	Dissecting immune cell-specific genetics in migraine: a multi-omics framework for target discovery and therapeutic prioritization.	Migraine is a highly prevalent neurological disorder with complex pathophysiology and limited treatment efficacy. Emerging evidence suggests immune cell involvement in migraine, but the specific regulatory mechanisms remain unclear. This study aimed to identify immune cell-type-specific genetic drivers of migraine and prioritize potential therapeutic targets. We conducted a Mendelian randomization	The journal of headache and pain	2025	PMC12487071	True
41029778	Multi-omics Mendelian randomization integrating RNA-seq, eQTL and pQTL data revealed CPXM1 as a potential drug target for osteoporosis.	Osteoporosis, a prevalent skeletal disorder characterized by decreased bone mineral density and increased fracture risk, continues to be a major global health concern. Traditional treatments for osteoporosis have limited efficacy and safety profiles, highlighting the need for novel therapeutic targets. This study integrates multi-omics data, including RNA-seq, expression quantitative trait loci (e	Hereditas	2025	PMC12487246	True
41040038	Exploring the Causal Relationship Between Atopic Dermatitis and Malignancies: A Comprehensive Observational and Genetic Study.	Background: Atopic dermatitis (AD) is a chronic inflammatory skin disease characterized by immune dysregulation. The global rise in the incidence of both AD and cancer suggests a potential link through shared immune-inflammatory pathways.Objective: This study aimed to investigate the causal relationship between AD and multiple cancer types and to explore potential underlying biological mechanisms.	Dermatitis : contact, atopic, occupational, drug	2026		False
41050213	Identification of novel high-risk genes in gastric cancer through single-cell RNA sequencing, eQTL Mendelian randomization, and in vitro validation.	Current targeted therapies for gastric cancer have limited efficacy, and recently discovered markers have not significantly improved survival rates in patients with gastric cancer. Therefore, it is imperative to identify more specific genes associated with the occurrence and progression of gastric cancer to achieve prevention and treatment. The aim of this study is to discover high-risk genes for 	Global medical genetics	2025	PMC12494826	False
41053817	Identification of C4BPA as a genetically informed drug target in NSCLC: an integrative single-cell and multi-omics study based on the druggable genes.	Non-small cell lung cancer (NSCLC) remains a leading cause of cancer-related mortality worldwide. Despite advancements in treatment, drug resistance and limited therapeutic efficacy persist, underscoring the urgent need for novel and mechanistically informed therapeutic strategies. Identifying genetically supported drug targets may accelerate the development of precision therapies in NSCLC. We imp	Human genomics	2025	PMC12502296	False
41056019	Elucidating the causal effects of plasma metabolites on breast cancer from multiple perspectives.	Early studies found common metabolic reprogramming in breast cancer. However, the causal effects of plasma metabolites on breast cancer remain unclear. Mendelian randomization (MR) and linkage disequilibrium score (LDSC) regression were performed based on previously published genome-wide association study (GWAS) summary statistics. The robustness of the causal inference was validated by sensitivit	International journal of surgery (London, England)	2026	PMC12825853	True
41060947	Exploring the Causal Relationship Between Circulating miRNAs and Sepsis Through Mendelian Randomization Analysis.	BackgroundMicroRNAs (miRNAs) play a crucial role in the pathophysiology of sepsis, with aberrant expression documented in peripheral blood samples from sepsis patients. This study aims to investigate the causal relationship between circulating miRNAs and sepsis using Mendelian Randomization (MR) approaches.MethodsWe utilized miRNA expression quantitative trait loci (eQTL) data and genome-wide asso	Clinical and applied thrombosis/hemostasis : official journal of the International Academy of Clinical and Applied Thrombosis/Hemostasis	2025	PMC12511739	True
41074451	Identification of TRIM59 as a Key Biomarker for Ferroptosis Resistance and Immunotherapy Response in Bladder Cancer via Multi-Omics Integration and Machine Learning.	Bladder cancer (BCa) is a highly heterogeneous malignancy, and precision treatment remains challenging. Identifying molecular biomarkers and risk factors is essential for improving prognosis and therapeutic strategies. We integrated expression quantitative trait loci (eQTL) data with Mendelian randomization (MR) analysis to identify candidate risk genes associated with BCa. Subsequently, a prognos	Frontiers in bioscience (Landmark edition)	2025		True
41080621	Role of OAF and smoking initiation in COPD risk: Insights from Mendelian randomization.	Chronic Obstructive Pulmonary Disease (COPD) is a complex condition influenced by both genetic and environmental factors. This study aims to identify potential biomarkers and explore the associations between specific maker genes, smoking initiation, and COPD. We used Mendelian randomization (MR) with inverse variance weighting (IVW) to identify significant associations (p&lt;0.05). Genetic instrum	Tobacco induced diseases	2025	PMC12510324	False
41083787	Single-cell RNA sequencing and Mendelian randomization, revealing molecular mechanisms and causal correlation of immune-related genes in periodontitis.	The immune system has been linked to periodontitis risk in oral inflammation and systemic consequences. Specifically, this study investigated whether hub genes were associated with immune cells via integrating single-cell RNA sequencing (scRNA-seq) and Mendelian randomization (MR). We analyzed scRNA-seq data to identify differentially expressed genes (DEGs) and immune cell subtypes in periodontiti	Scientific reports	2025	PMC12518570	False
41085868	Causal association between mitochondrial genes and colorectal cancer: a multi-omics Mendelian randomization study.	Colorectal cancer (CRC) is the leading cause of cancer-related morbidity and mortality globally. Despite the established link between mitochondrial dysfunction and various cancers, including CRC, the precise role of mitochondrial genes remains unclear. This study aimed to elucidate the influence of mitochondrial-related genes on CRC through a multi-omics approach. The MitoCarta3.0 database, methyl	Discover oncology	2025	PMC12521712	False
41088904	GPR65 as a Laryngeal Cancer Risk Gene Identified through Single-Cell Transcriptomics, Mendelian Randomization Analysis, and Experimental Validation.	Laryngeal cancer is a common malignant tumor of the head and neck worldwide. This study aimed to identify potential risk genes, with a particular focus on GPR65, and to investigate its functional mechanism in pathogenesis of laryngeal cancer. Comprehensive analyses, including scRNA-seq analysis, genome-wide association study (GWAS), eQTL, and TCGA data, were conducted to identify risk genes for la	Anti-cancer agents in medicinal chemistry	2026		False
41089542	Identification of Potential Therapeutic Targets for Sepsis Using Mendelian Randomization and Integrated eQTL/pQTL Analysis.	Sepsis significantly contributes to global morbidity, yet effective treatments remain limited. Mendelian randomization (MR), integrated with genetic data, offers promise for uncovering novel therapeutic targets. We utilized eQTL (eQTLGen) and pQTL (DECODE) data as exposures, and GWAS summaries for sepsis (UK Biobank, FinnGen) as outcomes. GEO datasets (GSE57065, GSE95233) underwent batch correctio	International journal of general medicine	2025	PMC12517198	False
41098863	Integrated Mendelian randomization analysis reveals causal relationship between LAMA5 and bladder cancer and its metabolic mechanisms.	Previous research has shown that laminin &#x3b1;5 (LAMA5) is es-sential for a variety of biological processes, including cellular adhesion, cell differentiation, migration, and metastasis. However, the role of LAMA5 in bladder cancer (BC) has not been explored before. Therefore, we employed Mendelian randomization (MR) to investigate its involvement and identify underlying metabolic mechanisms. Ut	Contemporary oncology (Poznan, Poland)	2025	PMC12518207	False
41099937	Integrated single-cell and Mendelian randomization analyses: dissecting underlying causes of varied efficacy in immune neoadjuvant therapy for esophageal carcinoma.	Esophageal cancer has a low 5-year survival rate despite treatments. scRNA-seq and MR offer insights into neoadjuvant treatment efficacy for precision medicine. Three post-neoadjuvant treatment datasets underwent QC for Seurat analysis. Marker genes identified cell subsets. MR analyzed eQTL data from GWAS cohorts for causal links. Single-cell and MR-derived genes intersected to reveal PLTP in CD4&	Discover oncology	2025	PMC12532960	False
41102678	Uncovering Novel Susceptible Genes and Therapeutic Targets of Prostate Cancer: a Multi-omics Study Integrating Summary-based Mendelian Randomization Analysis and Molecular Docking.	Understanding the role of causal genes of prostate cancer (PrCa) can reveal key biological pathways and identify potential targets for treatment. We investigated associations between genetically predicted gene expression levels and PrCa risk using cis-eQTL summary-based Mendelian randomization (SMR) and colocalization analysis. Findings were replicated using two independent PrCa GWAS. We then inte	Biological procedures online	2025	PMC12532825	False
41104896	Exploring the role of cytochrome P450 family 1 subfamily B member 1 and quercetin in modulating neuropathic pain after spinal cord injury.	Spinal cord injury (SCI) represents a notable global health challenge, with neuropathic pain (NP) being a common complication that intensifies patient suffering. Existing research tends to overlook the temporal aspects of NP and fails to offer targeted treatment options. To tackle this issue, the present study initially examined genome&#x2011;wide association study summaries related to NP, incorpo	Molecular medicine reports	2026	PMC12572761	True
41118084	Association of antipsychotic drug target genes and risk of lung cancer: a Mendelian randomization study.	Antipsychotic drugs are associated with various tumors, but their causal relationship with lung cancer risk remains unclear. We aimed to investigate this association using Mendelian randomization (MR) analyses. We performed summary-data-based MR (SMR) using blood-derived expression quantitative trait loci (eQTL) and two sample-MR using single nucleotide polymorphism (SNP) of antipsychotic drug tar	Discover oncology	2025	PMC12540951	True
41120349	Peripheral immune cell-specific genes in Parkinson's disease uncovered by multi-omics with therapeutic implications.	Parkinson's disease (PD) is a complex neurodegenerative disorder with growing evidence suggests peripheral immunity plays a role in its pathogenesis. However, the specific peripheral immune cell types and gene expression profiles associated with PD remain unclear. In this study, we integrated single-cell expression quantitative trait loci (sc-eQTL) data from 14 immune cell types in the OneK1K coho	NPJ Parkinson's disease	2025	PMC12540756	True
41120779	The Causal Relationship Between Palmitoylation Genes and Parkinson's Disease: A Mendelian Randomization Study.	This work examined the causal link between palmitoylation-related genes and Parkinson's disease (PD) by Mendelian randomization (MR). We conducted two-sample Mendelian randomization utilizing genome-wide association study (GWAS) summary statistics. Expression quantitative trait loci (eQTL) data for palmitoylation genes were sourced from eQTLGen, whilst PD data were derived from the GWAS Catalogue 	Journal of molecular neuroscience : MN	2025		True
41124083	COL6A1, LAPTM5, and ZFAND2A as Crucial Biomolecules Driving Immunoregulation in Human Nucleus Pulposus Degeneration.	Intervertebral disc degeneration (IVDD) is a major contributor to chronic low back pain, driven by complex interactions among immune cells and various molecular mechanisms. In this study, we integrated single-cell RNA sequencing (scRNA-Seq), transcriptomics, and Mendelian randomization (MR) analysis to investigate the immune mechanisms and identify key biomolecules involved in IVDD. Single-cell an	FASEB journal : official publication of the Federation of American Societies for Experimental Biology	2025	PMC12543048	False
41129479	&lt;italic&gt;PDIA5&lt;/italic&gt; and &lt;italic&gt;ARFIP1&lt;/italic&gt; as Immunogenetic Biomarkers and Therapeutic Targets in Pancreatic Neuroendocrine Neoplasms: A Multi-Omics Study Integrating MR, Gene Expression Microarray, and Single-Cell Transcriptomics.	Pancreatic neuroendocrine neoplasms (PanNENs) are characterized by significant clinical heterogeneity and limited therapeutic options, particularly in metastatic or recurrent cases. Identifying actionable molecular targets and biomarkers is essential for improving patient outcomes. We employed a multi-omics approach to identify biomarkers and therapeutic targets for PanNENs. Two-sample Mendelian r	Neuroendocrinology	2025		True
41137358	Genetic variation in targets of granulocyte colony-stimulating factor drugs and 14 cancers risk: A Mendelian randomization study.	Previous studies suggest that granulocyte colony-stimulating factor (G-CSF) drugs may increase the risk of certain cancers, but findings remain controversial. We employed a drug-target Mendelian randomization approach to investigate the causal relationship between G-CSF and 14 cancer types. The target gene of G-CSF drugs was sourced from the DrugBank database. Expression quantitative trait loci da	Medicine	2025	PMC12558334	False
41143248	Deciphering Alzheimer's disease transcriptomics: exploration and validation of core genes in tau and A&#x3b2; pathological models toward novel therapeutic targets.	To decode the pathology of Alzheimer's disease (AD), this study employs multi-omics approaches and bioinformatics analyses to explore AD-associated differentially expressed genes (DEGs), dissect the underlying mechanisms, and thereby facilitate the identification of core genes as well as the development of targeted therapeutic strategies. Six independent AD datasets were collected from the Gene Ex	Frontiers in aging neuroscience	2025	PMC12549628	True
41158309	Metabolic-immune crosstalk in myocardial infarction: RLF and SMCHD1 identified as causal therapeutic targets via integrated lactylation-MR analysis.	The diagnosis of Myocardial Infarction (MI) requires the discovery of specific diagnostic biomarkers beyond high-sensitivity cardiac troponins. To identify causal MI-associated genes regulated by lactylation modification and elucidate their roles in metabolic-immune dysregulation. This multi-omics study combined bioinformatic analyses of human MI datasets (GSE60993/GSE61144/GSE66360) with experime	Frontiers in cell and developmental biology	2025	PMC12554677	False
41160232	Multi-omics reveals cross-tissue regulatory mechanisms of autism risk loci via gut microbiota-immunity-brain axis.	Autism Spectrum Disorder (ASD) involves a multi-system interaction mechanism among genetics, immunity, and gut microbiota, yet its regulatory network remains undefined. This study conducted a meta-analysis on Genome-Wide Association Study data from four independent ASD cohorts to identify potential genetic loci. By integrating Polygenic Priority Score, brain region, and brain cell eQTL enrichment 	AMB Express	2025	PMC12572420	False
41163284	Identification of Potential Drug Targets for Generalized Anxiety Disorder: A Mendelian Randomization Study Based on Druggable Genes.	Generalized anxiety disorder (GAD) is a prevalent and intricate mental disorder that significantly impairs the quality of life of patients. Currently, the exact etiology of GAD remains incompletely understood. Consequently, the discovery of novel drug targets for GAD is highly important. We obtained cis-eQTL data of druggable genes from the eQTLGen Consortium as the exposure data and GWAS data of 	Current pharmaceutical biotechnology	2025		False
41165397	Druggable Genome Mendelian Randomization and GWAS-sceQTLs MR Analysis Reveal Genetic Associations Between Open-Angle Glaucoma and Immune Cells, and Identify Potential Drugs.	The purpose of this study was to identify therapeutic targets and repurposable drugs for primary open-angle glaucoma (POAG) by investigating its immunometabolic mechanisms using druggable genomic and single-cell transcriptomic approaches. We integrated druggable genome-wide and single-cell Mendelian randomization (MR) using POAG genome-wide association study (GWAS) data, blood and single-cell expr	Translational vision science &amp; technology	2025	PMC12584030	True
41188790	Cross-tissue transcriptome-wide association studies identify genetic susceptibility genes for prostate cancer.	Despite significantPlease check if article title presented correctly. advances made by genome-wide association studies (GWAS) in the genetic exploration of tumors such as prostate cancer (PCa), the precise pathogenic genes and underlying biological mechanisms of PCa remain unclear. To address this complex issue, we used a cross-tissue transcriptome-wide association study (TWAS) strategy within the	BMC cancer	2025	PMC12587738	False
41191606	A multi-dimensional bioinformatic dissection of the molecular mechanisms in high-BMI-associated colorectal cancer: identification and validation of EGLN1 as a key target.	Colorectal cancer (CRC) represents a major global health burden, and a high body mass index (BMI) has been established as an independent risk factor. Despite this clear epidemiological association, the complex molecular mechanisms driving CRC progression in the context of high BMI remain to be fully elucidated. This study aimed to systematically investigate the genetic association and potential mo	International journal of surgery (London, England)	2026		True
41204543	Development and validation of a prognostic model for endometrial carcinoma using causal genes identified by Mendelian randomization.	Endometrial carcinoma (EC) remains an ambiguous pathogenesis. This study aimed to investigate the potential of causal genes in predicting EC prognosis. The prognostic biomarkers of EC were identified using univariate Cox regression analyses based on data from The Cancer Genome Atlas Uterine Corpus Endometrial Carcinoma (TCGA-UCEC). Mendelian randomization (MR) analyses were conducted to infer caus	Medicine	2025	PMC12599766	True
41209747	Druggable Genome-Wide Mendelian Randomization Identifies Distinct Therapeutic Targets for Low Back Pain, Intervertebral Disk Degeneration, and Sciatica.	There are no effective drugs for the treatment of low back pain (LBP), intervertebral disk degeneration (IVDD), or sciatica. We aimed to identify potential therapeutic targets through druggable genome-wide Mendelian randomization (MR) analysis. This study utilized large-scale expression quantitative trait loci (eQTLs) and protein quantitative trait loci (pQTLs), integrating existing druggable geno	Journal of pain research	2025	PMC12595932	True
41210684	Integrative Analysis of GEO Datasets and Mendelian Randomization Reveals a Potential Role ofISOC1 in Renal Cell Carcinoma.	Background: Renal cell carcinoma (RCC) is a leading malignancy of the urinary system, with clear cell RCC (ccRCC) being the most prevalent subtype. Despite advances in treatment, the prognosis of advanced RCC remains poor, and the molecular mechanisms underlying its pathogenesis are not fully understood. Methods: This study utilized multiple renal cancer cohorts from the Gene Expression Omnibus (G	Journal of Cancer	2025	PMC12595268	True
41212276	Systematic druggable genome-wide Mendelian randomization identifies therapeutic targets for gout.	Gout is a prevalent and debilitating form of inflammatory arthritis caused by the deposition of monosodium urate crystals resulting from sustained hyperuricemia. Despite the availability of urate-lowering therapies, a substantial proportion of patients continue to experience recurrent flares or face treatment limitations, underscoring the urgent need for alternative therapeutic strategies. Recent 	Naunyn-Schmiedeberg's archives of pharmacology	2026		False
41216857	Integrating Single-Cell Transcriptome-Wide Mendelian Randomization and Differentially Expressed Gene Analyses to Prioritize Dynamic Immune-Related Drug Targets for Cancers.	Single-cell expression quantitative trait loci data offer promising opportunities to inform immune-related drug development in cancer. However, pleiotropy can complicate causal inference. We introduce MR-DEG, a framework that integrates Mendelian randomization (MR) and differential expressed gene (DEG) to strengthen causal inference. Using eight conventional MR and colocalization methods, we estim	Advanced science (Weinheim, Baden-Wurttemberg, Germany)	2025	PMC12697907	True
41233745	A single-cell multi-omics framework identifies immune cell drivers of migraine and repurposable therapeutics.	Migraine, a complex neurovascular disorder, is closely associated with neuroinflammation and immune dysregulation. However, the high heterogeneity of immune cell populations means that the specific cellular immune mechanisms driving migraine susceptibility remain unclear. We integrated single-cell expression quantitative trait locus (sc-eQTL) data by applying single-cell Mendelian randomization (M	The journal of headache and pain	2025	PMC12613605	True
41233983	Single-cell transcriptome-wide Mendelian randomization and colocalization reveal cell-specific mechanisms in systemic lupus erythematosus.	SLE is a multifactorial autoimmune disease with complex genetic architecture and immune cell involvement. While genome-wide association studies (GWAS) have identified numerous risk loci, most are non-coding, making it challenging to pinpoint causal eGenes [genes with expression quantitative trait loci (eQTLs)] and therapeutic targets. We integrated single-cell expression quantitative trait loci (s	Rheumatology (Oxford, England)	2026		True
41239582	Multi-omics evidence supports PROC as a potential predictor of VTE risk: A Mendelian randomization study.	Venous thromboembolism (VTE) is a common cardiovascular condition whose etiology is closely linked to a range of factors, including trauma, immobilization, and environmental influences. The application of multi-omics Mendelian randomization may prove to be a valuable approach in clarifying the fundamental pathogenic mechanisms associated with VTE. Based on multi-omics data of mQTL, eQTL and pQTL, 	Medicine	2025	PMC12622633	False
41239652	Immune cell-specific gene expression and its causal role in osteoporosis and bone mineral density: Insights from single-cell eQTL and GWAS data integration.	Osteoporosis (OP) is a common metabolic bone disease, with genetic and immune system factors playing crucial roles in its pathogenesis. With the advancement of single-cell RNA sequencing (scRNA-seq), gene expression regulation at the immune cell subtype level has been more deeply explored. In this study, we integrated single-cell expression quantitative trait loci data with genome-wide association	Medicine	2025	PMC12622667	False
41252059	Integrative eQTL and Mendelian randomization analysis reveals key genes in colorectal cancer.	Colorectal cancer (CRC) represents a crucial global public health concern, yet its molecular mechanisms underlying CRC are not completely comprehended. This study utilizes Mendelian randomization (MR) in conjunction with comprehensive transcriptome profiling to discover crucial genetic markers associated with CRC. Using CRC datasets from The Cancer Genome Atlas (TCGA), R software analyzed differen	Discover oncology	2025	PMC12627289	False
41254692	Integrative multi-omics and Mendelian randomization identify WWOX and THBS2 as potential therapeutic targets in mature T/NK-cell lymphoma.	Mature T/NK-cell lymphoma is a highly heterogeneous, aggressive non-Hodgkin lymphoma. Due to the lack of specific therapeutic targets, treatment outcomes for patients with relapsed/refractory (R/R) disease are limited, and survival rates are low. Therefore, there is an urgent need to explore specific therapeutic targets and treatment strategies based on molecular mechanisms. Multi-omics data inclu	Journal of translational medicine	2025	PMC12625014	True
41254735	HLA-A drives diabetic retinopathy pathogenesis: multi-omics integration reveals resveratrol's therapeutic potential via immunomodulation.	Diabetic retinopathy (DR) remains a leading cause of vision impairment worldwide, with limited therapeutic options and early detection methods. This study aims to identify novel biomarkers for DR to address the critical need for therapeutic targets. We employed a multi-omics strategy combining scRNA-seq analysis of DR-related immune cell populations with bidirectional MR integrating quantitative t	Journal of translational medicine	2025	PMC12625036	True
41258624	Integrative genomic analysis reveals causal relationships between breast mammary tissue gene expression and breast cancer risk using multi-method Mendelian randomization.	Understanding the causal relationships between gene expression levels in breast mammary tissue and breast cancer susceptibility is crucial for identifying therapeutic targets and developing prevention strategies. However, traditional observational studies are limited by confounding factors and reverse causation. We conducted a comprehensive multi-analytical approach combining Mendelian randomizati	Discover oncology	2025	PMC12630431	True
41261637	Identifying potential drug targets for cerebral amyloid angiopathy: A Mendelian randomization study based on the druggable genes.	Cerebral amyloid angiopathy (CAA), which is prevalent among older adults, constitutes a major cause of brain hemorrhage, dementia, and cognitive decline. Currently, no effective treatments for alleviating the disease of CAA exist. Hence, the discovery of novel drug targets for CAA is of utmost significance. Cis-expression quantitative trait locus (cis-eQTL) of druggable genes from eQTLGen Consorti	Medicine	2025	PMC12582833	True
41283971	CXCL10 promotes non-small cell lung cancer (NSCLC) progression by modulating the phosphate to urate ratio (PUR).	This study aims to explore the causal relationships and mechanisms between NSCLC-related genes, metabolites, and NSCLC using Mendelian Randomization (MR). The study employed differential gene expression analysis, two-sample MR analysis, and mediation analysis, utilizing NSCLC Genome-Wide Association Study (GWAS) data from the Finngen database, gene data from the eQTLGen and pQTL databases, and NSC	Discover oncology	2025	PMC12748452	False
41288822	Integration of Mendelian randomization and transcriptome wide association studies for causal gene identification in ovarian cancer genetic architecture.	Ovarian cancer remains one of the most lethal gynecological malignancies with limited understanding of its genetic architecture and causal mechanisms. While genome-wide association studies have identified numerous susceptibility loci, the causal relationships between gene expression and ovarian cancer risk remain poorly understood. We conducted a comprehensive genetic analysis integrating two-samp	Discover oncology	2025	PMC12647496	True
41289788	Identification of SARS2, PKN1, and IL11RA as causally-associated genes for patients with gastric cancer via immune cell activity: A multi-omics Mendelian randomization study integrating GWAS, eQTL, and pQTL data.	Gastric cancer (GC) is a highly heterogeneous gastrointestinal malignancy associated with poor prognosis. A comprehensive understanding of its molecular mechanisms is crucial for identifying novel therapeutic targets. This study employed a multi-omics Mendelian randomization (MR) approach to investigate the causal associations among gene expression, protein expression levels, and immune cells in G	Cancer treatment and research communications	2025		False
41296236	Identification of potential bladder cancer drug targets through Mendelian randomization and molecular docking.	Bladder cancer is a common and lethal malignancy with high treatment costs due to frequent recurrence and prolonged therapy. Despite therapeutic advances, many patients develop drug-resistant metastatic disease, underscoring the need for new treatments. Using the STROBE-MR guidelines, we performed Mendelian randomization with cis- expression quantitative trait loci (eQTLs) from the eQTLGen Consort	Discover oncology	2025	PMC12657707	True
41310897	Integrative multi-omics and single-cell transcriptomics reveal ARHGEF12 driving chemoresistance in bladder cancer.	Bladder cancer (BLCA) is the predominant type of urothelial carcinoma in urinary system, and resistance to cisplatin-based chemotherapy substantially worsens clinical outcomes, presenting a major therapeutic obstacle. In this study, we integrated genome-wide association study (GWAS) data with expression quantitative trait loci (eQTL) analyses, and applied Mendelian randomization (MR) to assess the	Hereditas	2025	PMC12661753	True
41321627	Identifying CTSF and GSTM3 as chemoresistance therapeutic targets in breast cancer through multi-omics MR analysis.	Breast cancer is a leading cause of cancer-related mortality worldwide, with drug resistance remaining a major therapeutic challenge. We integrated multi-omics data-including GWAS, eQTL, and pQTL-with Mendelian randomization to identify genes associated with breast cancer risk and therapy response. Our analyses revealed CTSF and GSTM3 as key candidates, showing consistent associations at both RNA 	iScience	2025	PMC12661990	False
41335165	Mendelian randomization analysis integrating GWAS and eQTL data identified potential regulatory genes associated with prostate cancer in neural cells.	OBJECTIVE: Although studies have suggested a potential link between the nervous system and prostate cancer, the underlying regulatory mechanisms remain unclear. Therefore, it is crucial to identify the genes involved in regulating prostate cancer within the nervous system. METHODS: We utilized eQTL data from eight neural cell types as exposure factors and GWAS data for prostate cancer as outcome e	Discover oncology	2025	PMC12779851	False
41346997	Neuromedin B identified as a therapeutic target for atopic dermatitis: evidence from Mendelian randomization and PCR validation.	Atopic dermatitis (AD) is a long-standing inflammatory dermatosis marked by intense itching and immune imbalance. Despite recent advances in targeted biologic therapies, limitations in efficacy and cost highlight the urgent need for novel therapeutic targets. We employed Mendelian randomization (MR) by combining genome-wide association studies (GWAS), expression quantitative trait loci (eQTL), and	Frontiers in medicine	2025	PMC12672242	True
41349740	Multi-omics data mining reveals macrophage-mediated effects of cathepsin B on esophageal adenocarcinoma risk.	Esophageal adenocarcinoma (EAC), a predominant esophageal cancer subtype, has risen markedly in Western populations, yet its pathogenesis remains poorly defined. Cathepsins, a family of lysosomal proteolytic enzymes, have been implicated in the progression of various tumors. However, the causal relationship between the cathepsin family and EAC remains unresolved. In order to explore the associatio	International journal of biological macromolecules	2026		False
41358260	Tissue- and Cell-Type-Specific Genetic Regulation of CTBP1 in Breast Cancer: Integrative Analyses with Exploratory Single-Cell and Imaging Data.	CTBP1, an NADH-dependent transcriptional co-repressor subject to succinylation, may orchestrate both systemic and cell-type-specific effects on tumor development. This integrative study represents a novel approach, combining genetic regulation, single-cell expression quantitative trait loci (eQTLs), and imaging radiomics to investigate CTBP1 in breast cancer. We integrated tissue-relevant eQTLs wi	Breast cancer (Dove Medical Press)	2025	PMC12679871	False
41361055	Identifying putative causal links between serum circulating microRNAs and thyroid cancer using Mendelian randomization.	Thyroid cancer, the most common malignancy in the endocrine system, has seen a global increase in incidence. This study aims to investigate the causal relationship between serum circulating microRNAs (miRNAs) and thyroid cancer risk using a Mendelian randomization (MR) approach. We conducted a two-sample MR analysis using miRNA expression quantitative trait loci (eQTL) data from two independent co	Discover oncology	2025	PMC12796038	False
41366589	Exploring the pathogenic mechanism of RNH1 in colorectal cancer based on eQTL, Multi-omics and deep learning.	Colorectal cancer (CRC) is a major global health concern with increasing incidence. Current treatments, though improved, require novel biomarkers for better diagnosis and management. Disulfidptosis, a recently characterized form of cell death, may play a critical role in CRC progression. Utilizing summary-data-based Mendelian randomization (SMR), we identified RNH1 as a gene linked to CRC and disu	Journal of applied genetics	2025		False
41366697	Multi-omics and comprehensive multi-trait analysis identify shared genetic etiology of heart failure and related cancers.	BACKGROUND: Heart failure (HF) and cancer exhibit a significant bidirectional risk synergy, with their comorbidity forming a vicious cycle. Although the mechanisms of their pathological interactions have attracted considerable attention, their shared genetic determinants remain unclear. Therefore, this study integrates multi-omics data and employs multi-trait analytical approaches to investigate t	Human genomics	2025	PMC12801670	True
41367007	Identification of breast cancer susceptibility genes via trans-ethnic Mendelian randomization and colocalization analyses.	Breast cancer remains a major global health burden, with persistent challenges including recurrence, metastasis, and drug resistance limiting the efficacy of current treatments. The identification of novel therapeutic targets is essential for advancing precision oncology. We employed a 2-sample Mendelian randomization (MR) framework utilizing large-scale eQTL and genome-wide association study (GWA	Medicine	2025	PMC12689003	False
41368242	Integration of genetic, proteomic, and transcriptomic data identifies therapeutic targets and prognostic biomarkers in bladder cancer.	Bladder cancer (BC) is a prevalent urinary tract malignancy with high morbidity and mortality. Despite advances in therapeutic modalities, early diagnosis and precise treatment remain challenging, highlighting the need for reliable biomarkers and therapeutic targets. This study aims to identify molecular targets and drug candidates for BC by integrating cross-omics quantitative trait loci (xQTLs),	Translational andrology and urology	2025	PMC12683474	True
41369912	From genetic causality to druggable targets: A multiomics framework identifies ZSCAN16 in gout pathogenesis.	ObjectiveGout is a prevalent form of inflammatory arthritis in which many patients respond suboptimally to current therapies. Drug development is hampered by a lack of genetically validated targets, leading to high clinical trial attrition. This study aimed to systematically identify and prioritize novel, druggable targets for gout via a multilayered genetic and functional genomics approach.Method	Science progress	2025	PMC12696314	True
41372872	New drug targets for acute myeloid leukemia identified through a comprehensive analysis of the plasma protein.	OBJECTIVE: Acute myeloid leukemia (AML) is a malignant blood disease with a poor prognosis. With the development of targeted therapies, many refractory/relapsed or unfit AML patients have achieved better survival rates. However, primary or acquired resistance frequently occurs, and some targets become unavailable. This study aimed to identify and verify novel targets for AML using Mendelian Random	BMC cancer	2025	PMC12822165	True
41376620	Identification of locally advanced rectal cancer-related genes based on transcriptome and mendelian randomization analysis with biological validation.	Colorectal cancer remains one of the leading causes of cancer-related mortality worldwide, with locally advanced rectal cancer (LARC) representing a particularly challenging clinical subset. Deciphering the molecular mechanisms of LARC is essential for the development of more effective and personalized therapeutic strategies. Gene expression profiles from the Gene Expression Omnibus (GEO) database	Frontiers in immunology	2025	PMC12685808	False
41378022	Genetic insights into colorectal cancer pathogenesis: a multi-omics and immunity perspective.	Colorectal cancer (CRC) is a global health issue influenced by both genetic and environmental factors. Identifying key genes closely associated with CRC is crucial for understanding its pathological mechanisms and discovering therapeutic targets. This study aimed to integrate multi-omics datasets and Mendelian randomization (MR) approaches to identify CRC-related genes and to clarify their roles i	Translational cancer research	2025	PMC12686208	True
41378860	Integrating multi-omics to reveal the causal effect of gut microbiota on post-traumatic stress disorder and potential drug target analysis.	Background: Observational evidence indicates genetic factors influence both gut microbiota composition and post-traumatic stress disorder (PTSD) susceptibility. But robust common variants have not been identified. This study aimed to investigate the common genetic variant loci and potential drug targets between the gut microbiota and PTSD.Methods: Based on public databases, we conducted a genome-w	European journal of psychotraumatology	2025	PMC12699778	True
41378907	Single-Cell Transcriptome-Wide Mendelian Randomization and Colocalization Analyses Uncover Cell-Specific Mechanisms in Epigenetic Age Acceleration.	Epigenetic age acceleration (EAA) reflects biological aging processes beyond chronological age and is associated with morbidity and mortality. However, the causal gene regulatory mechanisms underlying epigenetic age remain unclear. Here, we integrated single-cell expression quantitative trait loci (sc-eQTL) data across 14 immune cell types with Mendelian randomization (MR) and Bayesian colocalizat	FASEB journal : official publication of the Federation of American Societies for Experimental Biology	2025		True
41382013	L3MBTL2 as a novel therapeutic target for trigeminal neuralgia: evidence from integrated TWAS, multi-tissue MR, and experimental validation.	BACKGROUND: Trigeminal neuralgia (TN) is a neurological disorder affecting the maxillofacial region. Current treatment relies on pharmacotherapy and invasive interventions; however, the growing prevalence of drug-resistant cases highlights the need for a mechanistic understanding and novel biomarkers. In the present study, transcriptome-wide association study (TWAS) and Mendelian randomization (MR	The journal of headache and pain	2025	PMC12696905	True
41388152	ZDHHC5 and ZDHHC14 promote depression via the mediation of double-negative T cells.	This study aims to identify palmitoylation modification-related genes involved in depression and to explore the mechanism of gene action through the mediation of immune cells. We analyzed the latest reviews on palmitoylation, integrated palmitoylation-related gene loci, and extracted expression quantitative trait locus (eQTL) data for palmitoylation genes associated with depression. Through batch 	Mammalian genome : official journal of the International Mammalian Genome Society	2025		False
41388545	Integrative multi-omics analysis of druggable genes for therapeutic target identification in polycystic ovary syndrome.	BACKGROUND: Polycystic ovary syndrome (PCOS) is a common endocrine disorders in women of reproductive age with limited targeted therapies. This study aimed to identify and prioritize potential druggable genes for PCOS through a purely computational, multi-omics approach. METHOD: We conducted an integrated in silico analysis leveraging publicly available datasets. A multi-omics Mendelian randomizat	Journal of ovarian research	2025	PMC12699805	True
41390018	GSTM4 in oral cancer therapy: genome-wide Mendelian randomization and network pharmacology unveil mechanistic and therapeutic insights.	Oral cancer (OC) is a prevalent malignancy influenced by environmental factors such as smoking, alcohol consumption, poor oral hygiene, and HPV infection, as well as genetic susceptibility. This study integrates expression quantitative trait locus and genome-wide association study data using Mendelian Randomization, summary data-based Mendelian Randomization, and meta-analysis to identify genes as	International journal of biological macromolecules	2026		True
41403635	A multi-stage genomic approach to uncover druggable gene targets and neural pathways in postpartum depression.	Postpartum depression (PPD) is a severe emotional disorder affecting women worldwide, with significant impacts on maternal and infant health. Its genetic contributors and biological mechanisms are poorly understood. Identifying druggable genes and clarifying their causal roles may offer insights for developing more effective treatments. We identified drug-related genes and screened gene expression	Archives of medical science : AMS	2025	PMC12703596	False
41415264	Integrative Analysis of eQTL Genes Reveals Key Biomarkers and Mechanisms for Early Diagnosis of Pancreatic Ductal Adenocarcinoma.	Pancreatic ductal adenocarcinoma (PDAC) is a highly lethal malignancy with a dismal 5-year survival rate, largely due to the absence of reliable biomarkers for early detection. The molecular mechanisms underpinning PDAC pathogenesis remain incompletely understood, highlighting the urgent need for novel diagnostic strategies. This study aimed to integrate eQTL-driven Mendelian randomization (MR) wi	Cancer informatics	2025	PMC12709030	True
41415292	Causal inference of CLEC5A and ISG20 in atherosclerosis: integrating Mendelian randomization and eQTL evidence.	Atherosclerosis (AS) is a vascular disorder characterized by lipid accumulation and chronic inflammation, with pathogenesis closely linked to genetic factors and immune regulatory mechanisms. This study comprehensively identified ASassociated genes by integrating data from the Gene Expression Omnibus (GEO) database and expression quantitative trait locus (eQTL) analyses, complemented by Mendelian 	Frontiers in immunology	2025	PMC12708247	True
41422660	GCHFR-gut microbiota axis in gout: an integrative multi-omics and Mendelian randomization study with clinical and molecular validation.	Gout is a systemic metabolic disease with rising prevalence and complex etiology, yet its molecular mechanisms remain incompletely defined. Multi-omics Mendelian randomization (MR) enables causal prioritization of genes implicated in gout. Because the gut microbiota (GM) can modulate urate metabolism and inflammation, integrating microbiome analyses may help nominate potential therapeutic candidat	International immunopharmacology	2026		False
41426305	Differential risk of adverse drug reactions with baricitinib across age groups: integrating real-world pharmacovigilance and genetic causal inference.	Baricitinib is widely used for immune-mediated diseases, yet real-world safety in underrepresented age groups and the temporal dynamics of adverse drug reactions (ADRs) remain insufficiently characterized. To identify age-stratified ADR signals of baricitinib and to examine potential causal roles of Janus kinase (JAK) 1/2 inhibition in key ADRs. A retrospective pharmacovigilance study integrating 	Therapeutic advances in drug safety	2025	PMC12717373	False
41431740	Mendelian Randomization Integrating GWAS and eQTL Data Reveals DAAM1, a Potential Immune-Related Biomarker for Breast Cancer Prognosis.	The immune response plays a critical role in determining the prognosis of breast cancer (BC) patients. However, the underlying molecular mechanisms linking immune regulation to BC progression remain uncleared. This study aims to identify and functionally validate key immune-related genes that mechanistically impact on BC prognosis. We used the Mendelian randomization (MR) integrating genome-wide a	Breast cancer (Dove Medical Press)	2025	PMC12718510	True
41436647	Unveiling novel potential drug targets for lung cancer through Mendelian randomization analysis.	Lung cancer (LC) is among the most prevalent cancers globally, posing a significant threat to human health. This study employed Mendelian randomization (MR) analysis to identify key drug targets for LC treatment. MR results from the inverse variance weighted (IVW) algorithm highlighted 352 expression quantitative trait loci (eQTLs) and 31 protein quantitative trait loci (pQTLs) causally associated	Scientific reports	2025	PMC12848082	True
41442179	Single-Cell Genetic Mapping of Gasdermin Expression Across Immune-Mediated Inflammatory Diseases.	The gasdermin (GSDM) family mediates pyroptosis and membrane pore formation, but the causal, cell-type-specific roles of individual paralogues in immune-mediated inflammatory diseases (IMIDs) remain poorly defined. We combined single-cell cis-eQTL data from 14 peripheral blood immune subsets (OneK1K) with genome-wide association data from FinnGen release 12 to perform lineage-resolved Mendelian ra	FASEB journal : official publication of the Federation of American Societies for Experimental Biology	2026	PMC12733618	False
41444670	Characterization of m6A-regulated targets and immune cells in dental caries: insights from multi-omics analysis.	Dental caries is one of the most common oral diseases worldwide. N6-Methyladenosine (m6A), a type of RNA modification, plays an important role in various biological processes and cellular responses. This study aimed to investigate the causal relationship between specific genetic loci related to m6A and dental caries. Caries-associated genetic loci and signaling pathways were explored by integratin	European journal of medical research	2025	PMC12729324	False
41447823	Crotonylation and the Risk of Head and Neck Cancer: Insights from a Two-Sample Mendelian Randomization Study.	Head and neck cancer (HNC) remains a major global health burden with limited improvement in survival. Crotonylation has been implicated in tumour biology, but its causal contribution to HNC risk is unclear. We conducted a two-sample Mendelian randomization (MR) study using expression quantitative trait loci (eQTL)-instrumented expression of crotonylation-related genes. Differential expression was 	International dental journal	2026	PMC12797063	False
41448503	Context-specific expression quantitative trait loci dynamics uncover genetic pleiotropy in schizophrenia.	Schizophrenia (SCZ) is a highly heritable psychiatric disorder, yet the mechanisms linking genetic risk to pathogenesis remain unclear. This study employs context-specific expression quantitative trait loci (eQTL) analysis using the BrainSeq Phase 1 dataset to dissect schizophrenia-associated regulatory dynamics. We identified widespread loss and gain of regulatory associations in schizophrenia gr	Neurobiology of disease	2026		True
41465920	Causal relationship between palmitoylation genes mediated by immune cell phenotypes and oral cancer: A Mendelian randomized study.	Palmitoylation plays a crucial role in the development of cancer, but the causal relationship with oral cancer is still uncertain. The aim of this study was to describe the causal relationship between palmitoylation modified genes and oral cancer, while identifying intermediate factors. Genome-wide association studies of immune cells, oral cancer, and palmitoylation gene expression quantitative tr	Medicine	2025	PMC12746970	True
41469306	Repurposing dipeptidyl peptidase-4 inhibitor for Parkinson's disease prevention: A drug-target Mendelian randomization study.	Parkinson's disease (PD) remains without effective disease-modifying therapies, primarily due to limited understanding of its underlying mechanisms. Emerging evidence suggests that dipeptidyl peptidase-4 inhibitors (DPP-4Is), commonly used as anti-diabetics, may offer neuroprotective effects. We aimed to evaluate the potential of repurposing DPP-4Is for reducing the PD risk, using a drug-target Me	Neurotherapeutics : the journal of the American Society for Experimental NeuroTherapeutics	2026	PMC12976525	False
41479897	Dynamic genetic regulation of CD4+ T cells in obstructive sleep apnea: integrating context-specific eQTL, Mendelian randomization, single-cell sequencing, and experimental validation.	To investigate the dynamic genetic regulatory mechanisms of CD4+ T cells in the pathogenesis of obstructive sleep apnea (OSA), particularly in the immune and inflammatory response induced by intermittent hypoxia (IH). This study integrated context-specific expression quantitative trait locus analysis, Mendelian randomization, colocalization analysis, single-cell RNA sequencing, and qPCR experiment	Frontiers in immunology	2025	PMC12753881	False
41487509	Identification of novel therapeutic targets and effective anticancer agents for gallbladder cancer by integrating bioinformatics analysis and experimental validation.	Although significant progress has been made in the treatment of biliary tract tumors (BTC), most patients still respond poorly to existing therapies. Therefore, the development of new therapeutic targets and drugs remains an urgent need. Previous studies have extensively applied multi-omics approaches to identify pathogenic targets and drug candidates; however, experimental validation has often be	Frontiers in pharmacology	2025	PMC12756669	False
41492412	Decoding ulcerative colitis pathogenesis through transcriptomics: from dysregulated gene networks to targeted intervention strategies.	Ulcerative colitis (UC) is an immune-mediated chronic inflammatory bowel disease, and with the rising global incidence and the risk of malignant transformation, the treatment of UC is challenged by heterogeneous progression and limited targeted therapies, and its underlying pathogenesis remains unclear. This study aims to identify novel therapeutic targets for UC, elucidate the genetic factors ass	Journal of translational autoimmunity	2026	PMC12765179	False
41496077	Mendelian randomization identifies circulating miRNAs as causal mediators of gastric cancer susceptibility and survival outcomes.	Gastric cancer (GC) remains a leading cause of cancer mortality, yet the causal roles of microRNAs (miRNAs) in its pathogenesis are poorly characterized. While observational studies implicate miRNAs in GC progression, confounding biases and tissue-specific limitations hinder causal inference and clinical translation. We conducted a 2-sample Mendelian randomization (MR) analysis using genetic instr	Medicine	2026	PMC12778131	False
41496791	The exploration of immunological landscape and drug targets in chronic rhinosinusitis with nasal polyps.	Chronic rhinosinusitis with nasal polyps (CRSwNP) is a prevalent inflammatory disorder characterized by nasal obstruction and polyp formation. Despite its prevalence, the complex pathogenesis of CRSwNP remains not fully understood, hindering the development of effective treatments. This study aims to delineate the immunological landscape of CRSwNP by integrating single-cell RNA sequencing (scRNA-s	The World Allergy Organization journal	2026	PMC12767815	True
41498379	Integrative Human Genomic and Pharmacological Analyses Identify CACNB4 as a Druggable Target for Periodontitis.	To identify and validate druggable gene targets for periodontitis using integrative human genomic analyses and to explore their therapeutic potential through pharmacological evaluation. To identify therapeutic targets for periodontitis, we performed Mendelian randomization (MR) and colocalization analyses using the cis-expression quantitative trait loci (cis-eQTL) data of druggable genes and genom	Journal of periodontal research	2026		True
41499168	Network toxicology and Mendelian randomization reveal pathogenic factors of monoethyl phthalate-induced thyroid cancer.	Monoethyl phthalate, a major metabolite of phthalate esters, is commonly found in the environment and has been linked to an increased risk of thyroid cancer. This study uses network toxicology to predict molecular initiators involved in monoethyl phthalate-induced thyroid cancer and to explore causal relationships and biological mechanisms. We identified 72 common candidate genes of monoethyl phth	European thyroid journal	2026	PMC13138598	True
41503897	DNA Methylation-mediated BTN3A2 Regulation via CD14+CD16+ Monocytes Protects Against Primary Sclerosing Cholangitis.	Primary Sclerosing Cholangitis (PSC) remains a significant challenge in hepatology with an unclear pathogenesis and limited treatment options. This study employed Mendelian Randomization (MR) to explore novel pathogenic mechanisms of PSC. We analyzed publicly available datasets, including cis-eQTL, cis-pQTL, 731 immune cell profiles, DNA methylation data, and PSC GWAS summary statistics. Using Inv	Current topics in medicinal chemistry	2026		False
41507915	Identification of novel circulating protein biomarkers for hepatocellular carcinoma superior to alpha-fetoprotein through a stemness index and secretome analysis.	This study aimed to identify novel circulating protein biomarkers for hepatocellular carcinoma (HCC) superior to alpha-fetoprotein (AFP) by integrating tumor stemness index and secreted protein screening, and to explore their roles in prognosis, immune microenvironment, and tumor mechanisms. Stemness-associated differentially expressed genes were identified from TCGA (The Cancer Genome Atlas) and 	World journal of surgical oncology	2026	PMC12964953	True
41508967	FKBP5 is a Biomarker for Idiopathic Pulmonary Fibrosis based on a Multi-omic Study Integrating xQTLs.	Idiopathic pulmonary fibrosis (IPF) is associated with poor prognosis. From related methylation, expression, and protein quantitative trait loci investigations (eQTL, mQTL, and pQTL), summary-level data were extracted. We obtained Genome-wide association study (GWAS) summary statistics of IPF from the Allen's study (discovery), the FinnGen study (finngen_R10_IPF) (replication), and the GWAS catalo	Current medicinal chemistry	2026		False
41519384	Multi-omics integration uncovers key molecular mechanisms and therapeutic targets in myopia and pathological myopia.	Myopia, particularly pathological myopia (PM), poses a significant global health burden due to its increasing prevalence and associated vision-threatening complications. Despite extensive genetic research, the molecular mechanisms underlying myopia progression remain unclear. This study aims to identify key causal proteins and metabolic pathways in myopia and PM and explore potential therapeutic t	Asia-Pacific journal of ophthalmology (Philadelphia, Pa.)	2026		False
41528614	Mendelian randomization analysis of PKD1 in endometrial cancer and comparative multi-cancer study with renal cell carcinoma.	BACKGROUND: Polycystic kidney disease 1 (PKD1) has emerged as a potential oncogene in various malignancies, but its causal relationship with endometrial cancer risk and clinical outcomes remains unclear. This study employed Mendelian randomization (MR) analysis to investigate the causal effects of gene expression on endometrial cancer susceptibility, with comparative analysis to renal cell carcino	Discover oncology	2026	PMC12886693	True
41577183	Transcriptomics reveals new therapeutic targets for ovarian cancer.	Ovarian cancer (OC) remains the most lethal gynecologic malignancy, primarily due to late-stage diagnosis resulting from nonspecific early symptoms. This study aims to identify novel genetic targets and elucidate the underlying mechanisms driving OC progression by integrating multi-omics datasets. We comprehensively analyzed OC datasets from the Gene Expression Omnibus (GEO) database and applied M	SLAS technology	2026		True
41593677	Human blood cell traits and sporadic lymphangioleiomyomatosis: results from mediation joint multi-omics and eQTL Mendelian randomization analysis.	BACKGROUND: To investigate the genetic causality between Human blood cell (HBC) traits and sporadic lymphangioleiomyomatosis (sLAM) by mediation joint multi-omics and eQTL Mendelian randomization analysis. METHODS: Quality control processes were followed to select eligible instrumental variables strongly associated with 35 kinds of HBC traits. Independent cohort of European ancestry with sLAM and 	Orphanet journal of rare diseases	2026	PMC12918586	False
41595533	Gene Expression-Based Colorectal Cancer Prediction Using Machine Learning and SHAP Analysis.	Objective: To develop and validate a genetic diagnostic model for colorectal cancer (CRC). Methods: First, differential expression genes (DEGs) between colorectal cancer and normal groups were screened using the TCGA database. Subsequently, a two-sample Mendelian randomization analysis was performed using the eQTL genomic data from the IEU OpenGWAS database and colorectal cancer outcomes from the 	Genes	2026	PMC12841458	False
41596712	Gut Microbiota and Type 2 Diabetes: Genetic Associations, Biological Mechanisms, Drug Repurposing, and Diagnostic Modeling.	Gut microbiota is a potential therapeutic target for type 2 diabetes (T2D), but its role remains unclear. Investigating causal associations between them could further our understanding of their biological and clinical significance. A two-sample Mendelian randomization (MR) analysis was conducted to assess the causal relationship between gut microbiota and T2D. Key genes and mechanisms were identif	International journal of molecular sciences	2026	PMC12842411	True
41601681	Single-cell transcriptome-wide Mendelian randomization identifies mitochondrial targets in immune cells for Major Depressive Disorder.	A critical need exists for objective biomarkers and novel therapeutic targets in major depressive disorder (MDD). Although dysfunction in mitochondrial immunometabolism is implicated in MDD, the specific causal genes suitable for clinical translation remain largely unidentified. This study aimed to bridge this gap by identifying mitochondria-related genes that have a causal impact on MDD risk thro	Frontiers in immunology	2025	PMC12832325	False
41603583	Mining Potential Therapeutic Targets for T Cell Exhaustion in Osteoarthritis by Integrating Mendelian Randomization and Single-Cell Sequencing.	Studies have shown that T cell exhaustion (TEX) indirectly influences the onset and progression of osteoarthritis (OA). This study aimed to ascertain biomarkers associated with TEX-related genes (TEXRGs) in OA, offering potential targets for therapy and prognosis. OA related datasets were obtained from public databases. Candidate genes were ascertained by intersecting differentially expressed gene	FASEB journal : official publication of the Federation of American Societies for Experimental Biology	2026	PMC12850000	True
41611629	PRISM-xQTL: Pleiotropic Relationships Integrated with System-level Multiomic QTL analysis for causal genes and molecular mediators in Alzheimer's disease.	Most Alzheimer's disease (AD) risk variants identified by genome-wide association studies (GWAS) reside in noncoding regions, complicating causal interpretation. We developed PRISM-xQTL (Pleiotropic Relationships Integrated with System-level Multiomic QTL), integrating pleiotropy, co-localization, Mendelian randomization, and mediation analyses across multiomic quantitative trait loci (QTLs; expre	Alzheimer's &amp; dementia : the journal of the Alzheimer's Association	2026	PMC12854938	False
41612005	Genetic evidence for POR-mediated ferroptosis in lung cancer prevention: a causal role of granulocyte modulation.	Cytochrome P450 oxidoreductase (POR) plays a vital role in ferroptosis within lung cancer. A potential link exists between ferroptosis-related genes and immune cell activity. This research aimed to confirm whether POR influences lung cancer by modulating immune cells. Genetic variants of the POR gene were identified from lung tissue expression quantitative trait loci (eQTL) data using single nucle	Clinical &amp; translational oncology : official publication of the Federation of Spanish Oncology Societies and of the National Cancer Institute of Mexico	2026		False
41621040	Single-cell and Mendelian analyses reveal shared mechanisms between head and neck neoplasms and aging.	This study aims to explore shared key genes between head and neck neoplasm (HNN) and aging. Using single-cell RNA sequencing data of peripheral blood from HNSCC patients, aging individuals, and healthy controls, we identified cross-group co-expressed, downregulated cell subpopulations as core targets. Integrated pseudotime trajectory analysis and intercellular communication modeling were employed 	Discover oncology	2026	PMC12868321	False
41628713	Impact of metformin use during pregnancy on fetal congenital malformations across 11 organ systems: a meta-analysis and drug-target Mendelian randomization study.	Metformin is a cost-effective alternative to insulin for gestational diabetes mellitus (GDM), yet concerns regarding potential teratogenicity persist. This study aimed to evaluate the association between prenatal metformin exposure and multisystem congenital malformations (CMs), and to explore biologically relevant pathways. This study first conducted a meta-analysis of RCTs and cohort studies ass	Diabetes research and clinical practice	2026		False
41632246	Genetic insights into therapeutic targets for gestational diabetes mellitus: a multi-omics analysis.	Gestational diabetes mellitus (GDM) is a prevalent metabolic disorder during pregnancy associated with adverse maternal and fetal outcomes, highlighting the urgent need for novel, genetically supported drug targets due to suboptimal glycemic control and safety concerns with existing therapies. This study integrated cis-expression quantitative trait loci (cis-eQTL) of druggable genes with genome-wi	Naunyn-Schmiedeberg's archives of pharmacology	2026		True
41632363	Multi-omics Analysis Reveals the Prognostic and Therapeutic Value of TGF-&#x3b2; Signaling-related Genes in Idiopathic Pulmonary Fibrosis.	Idiopathic pulmonary fibrosis (IPF) is a chronic, progressive lung disease with a survival rate comparable to or worse than that of many cancers. Proper TGF-&#x3b2; signaling is essential for normal lung function, but its disruption plays a key role in pulmonary fibrosis and cancer progression. This study aims to elucidate the role of TGF-&#x3b2; signaling-related genes in the prognosis and treatm	Biochemical genetics	2026		False
41640369	A systems biology framework uncovers multi-level genetic regulation of dizziness/vertigo through eQTL-GWAS integration and single-cell analysis.	Dizziness/vertigo is a multifactorial neurological disorder with complex ge-netic and cellular bases, yet its molecular mechanisms remain unclear. Understanding how gene regulation contributes to dizziness/vertigo may reveal novel neurobiological and therapeutic insights. We established a multi-omics integrative framework combining genome-wide association study (GWAS) data with expression quantita	The International journal of neuroscience	2026		True
41650073	Identification of putative causal associations between MicroRNAs and breast cancer via Mendelian randomization and bioinformatic analysis.	MicroRNAs (miRNAs) are implicated in breast cancer progression and prognosis. This study employed a Mendelian randomization (MR) framework to investigate causal relationships between plasma circulating miRNAs and breast cancer. miRNA expression quantitative trait loci were extracted from 2 independent cohorts. High-confidence miRNAs and their associated single-nucleotide polymorphisms were selecte	Medicine	2026	PMC12885728	True
41674976	Key genes and pathway differences between serrated polyps and conventional adenomas: insights from multi-omics.	As two major colorectal cancer (CRC) pathways, serrated polyps (SP) and traditional adenomas show distinct cellular and molecular features, yet the key cell types and causal genes driving their malignant progression remain unknown. This study aimed to investigate the pivotal cellular groups and genes in the cancerous transformation of SP and traditional adenomas using multi-omics approach. scPagwa	Translational cancer research	2026	PMC12885902	True
41677388	MTG2 as a Causal and Druggable Target in Uveal Melanoma via Mitochondrial DNA Dynamics: Evidence From Functional Validation and DMSA Identification.	Mitochondrial dysfunction is increasingly recognized as a pivotal factor in cancer pathogenesis. We thus explored the causal role of mitochondrial-related genes (MRGs) in uveal melanoma (UM) and the underlying mechanisms. We performed Mendelian randomization (MR) analysis using 1693 cis-expression quantitative trait loci (cis-eQTLs) of MRGs as instrumental variables and genome-wide association dat	Investigative ophthalmology &amp; visual science	2026	PMC12908717	False
41680825	Comprehensive analysis of the causal risk factor from hypertension associated with prognosis and therapeutic response in renal cell carcinoma by multi-omics analysis and validation.	BACKGROUND: Hypertension is one of the known renal cell carcinoma (RCC)-associated factors. However, the gene expression patterns in hypertension tissues and the mechanisms of hypertension and RCC comorbidity have not been fully analyzed. This study aims to use single-cell RNA sequencing (scRNA-seq) integrated with multi-omics to explore RCC-associated hypertension gene modules and the causative r	Biology direct	2026	PMC12998095	True
41685341	PSMA4 as a Druggable Target in Hidradenitis Suppurativa: Evidence From Mendelian Randomization and Single-Cell Transcriptomics.	Hidradenitis suppurativa (HS) is a chronic inflammatory skin disease with limited treatment options and frequent drug resistance. Novel therapeutic targets are urgently needed. We performed a druggable genome-wide Mendelian randomization (MR) analysis using blood cis-expression quantitative trait locus (eQTL) and HS genome-wide association study (GWAS) data. Colocalization, transcriptomic validati	Mediators of inflammation	2026	PMC12891442	True
41699549	Multi-omics SMR and experimental supportive analyses decipher causal drivers hepatocellular carcinoma.	BACKGROUND: Hepatocellular carcinoma (HCC) is a highly prevalent and fatal digestive system malignancy, challenging to treat due to its latent onset and non-specific symptoms in advanced stages. Somatic mutations play a crucial role in hepatocarcinogenesis, with nearly half of HCC patients carrying oncogenic driver mutations such as TP53, CTNNB1, or TERT. In parallel, germline susceptibility varia	BMC cancer	2026	PMC13101365	False
41699659	Integrative genomics establishes GNL3 as a pleiotropic hub and causal gene for osteoarthritis.	BACKGROUND: Osteoarthritis (OA) is a leading cause of disability, yet there are no approved disease-modifying therapies (DMOADs) capable of halting its progression. While genome-wide association studies (GWAS) have robustly linked the 3q21 locus to OA, the causal effector gene and its underlying mechanism have remained elusive, hindering translational progress. METHODS: We implemented a multi-tier	Human genomics	2026	PMC13014845	False
41704487	Integrative multi-omics Mendelian randomization and functional validation identifies RNASET2 as a novel therapeutic target for autoimmune thyroiditis.	Autoimmune thyroiditis (AIT), a prevalent autoimmune disorder that frequently leads to hypothyroidism. A critical unmet need exists for disease-modifying therapies that target its underlying pathogenesis. This study aimed to identify and validate novel therapeutic targets for AIT. We employed an integrative genomics approach, combining genome-wide association studies (GWAS) with molecular quantita	Frontiers in endocrinology	2026	PMC12907157	False
41729831	Genome-wide analysis highlights epigenetic link to age at menarche.	Do genome-wide DNA methylation patterns influence age at menarche? An epigenome-wide association study identified 63 differentially methylated regions (DMRs), with replication and Mendelian randomization supporting suggestive causal effects of TRIM61 methylation on age at menarche. Age at menarche is a key reproductive milestone, associated with cancer and metabolic outcomes. Genome-wide studies h	Human reproduction (Oxford, England)	2026		True
41732417	Glycolysis-related genes for bladder cancer: A Mendelian randomization analysis.	Glycolysis contributes to tumor progression and treatment resistance in bladder cancer (BLCA). This study aims to identify glycolysis-related genes associated with BLCA risk. We employed Mendelian randomization (MR) and summary-based MR (SMR) to explore glycolysis-related genes from MSigDB associated with BLCA risk. Genome-wide association study (GWAS) summary statistics for BLCA were obtained fro	Biochemistry and biophysics reports	2026	PMC12924904	False
41747595	Single-cell transcriptomic mendelian randomization and co-localization reveal immune-mediated regulatory mechanisms and drug targets in atopic dermatitis.	Atopic dermatitis (AD) is a chronic inflammatory skin condition with increasing prevalence; however, the underlying immune mechanisms remain poorly understood. Precision therapeutics have shown promise, yet significant unmet clinical needs remain. Single-cell expression quantitative trait loci (sc-eQTL) combined with genome-wide association studies (GWAS) and mendelian randomization (MR) can provi	International immunopharmacology	2026		True
41749353	Programmed cell death and risk of diabetic retinopathy: a Mendelian randomization study.	Programmed cell death (PCD) plays an important role in diabetic retinopathy (DR); however, the underlying genetic mechanisms remain unclear. We used Mendelian randomization (MR) to investigate the causal relationships between PCD-related genes and DR. This study aimed to investigate the effects of PCD on the risk of DR by conducting MR analysis. Summary statistics from gene expression quantitative	Journal of translational medicine	2026	PMC13041394	True
41772215	Integrated multi-omics and machine learning prioritize key immune genes for multiple sclerosis risk prediction.	Multiple sclerosis (MS) is a complex autoimmune disease with strong genetic components, but its genetic mechanisms remain largely underexplored. We aimed to pinpoint causal genes and evaluate their utility for MS risk prediction. We integrated MS genome-wide association study summaries with brain-derived splicing quantitative trait loci (sQTLs) and expression quantitative trait loci (eQTLs) via su	Mammalian genome : official journal of the International Mammalian Genome Society	2026		True
41773807	Identification of Novel Biomarkers for Crohn's Disease Through the Integration of Machine Learning, Colocalization, and SMR Analysis.	Crohn's disease (CD) is a chronic inflammatory bowel disease with a prevalence rate increasing with time, thus demanding improved diagnostic and therapeutic strategies. The present work focused on identifying the candidate biomarkers for CD diagnosis and treatment. Gene Expression Omnibus (GEO)-derived CD-related gene expression datasets were analyzed. Differential protein-protein interaction netw	FASEB journal : official publication of the Federation of American Societies for Experimental Biology	2026		False
41778435	Potential Therapeutic Targets for Neuroblastoma Screened through Mendelian Randomization Analysis.	Neuroblastoma (NB) is the most prevalent extracranial solid tumor in children. Therefore, urgent exploration of novel therapeutic targets and more effective approaches is imperative to enhance the prognosis of these children. NB datasets were obtained from OpenGWAS-ieu-a-816 (1,627 cases; 3,254 controls; European ancestry) and prot-a-2003 (N=3,301; European ancestry)-and were combined by inverse-v	Archives of Iranian medicine	2025	PMC12958419	True
41779063	Single-cell transcriptomic profiling combined with Mendelian randomization illuminates molecular drivers of bladder cancer.	Bladder cancer exhibits marked cellular heterogeneity, which complicates the identification of molecular drivers with both functional and genetic relevance. The link between genetic susceptibility and transcriptional activity in tumorigenesis remains incompletely understood. Single-cell transcriptomes of bladder carcinoma and adjacent normal tissues were processed using Seurat and Harmony for data	Molecular genetics and genomics : MGG	2026	PMC12960442	True
41789069	Identification of immune-mediated aging genes associated with cervical spondylosis through single-cell eQTL Mendelian randomization.	Cervical spondylosis (CS) is an age-related degenerative spinal disorder with increasing evidence linking its pathogenesis to immune aging. The genetic mechanisms connecting immune dysregulation to CS remain largely undefined. We integrated GWAS data from 484,598 individuals with single-cell eQTL profiles across 14 immune cell types, using Mendelian randomization (MR) and Bayesian colocalization t	Frontiers in immunology	2026	PMC12956539	False
41792142	Functional genomics integration of glycolysis-related gene networks reveals prognostic biomarkers and immune microenvironment regulation in breast cancer.	Breast cancer (BC) is the most common malignancy among women worldwide, with metabolic reprogramming, particularly alterations in glycolytic pathways, playing a crucial role in its development and progression. This study aimed to perform an integrative multi-omics analysis of glycolysis-related genes (GRGs) expression profiles in breast cancer, construct a prognostic prediction model, explore the 	Scientific reports	2026	PMC13009203	False
41801343	Identification of circadian rhythm-related genes in colorectal cancer by integrating bioinformatics and multi-omics mendelian randomization.	Circadian rhythm disorders are epidemiologically linked to colorectal cancer (CRC), but causal relationships and molecular mechanisms remain unclear. We applied a multi-omics Mendelian Randomization (SMR) framework to assess the causal effects of circadian rhythm-related genes on CRC. Instrumental variables were derived from blood-based QTLs for methylation (mQTL), expression (eQTL), and protein l	Naunyn-Schmiedeberg's archives of pharmacology	2026	PMC13269306	False
41804832	Integrating NHANES and network toxicology to assess the impact of organophosphate flame retardants on cardiovascular disease.	Cardiovascular disease (CVD) pathogenesis involves multifactorial determinants, including environmental pollutants. This study integrated National Health and Nutrition Examination Survey (NHANES) data and network toxicology approaches to investigate the association and underlying molecular mechanisms between organophosphate flame retardant (OPFR) metabolites and CVD risk. Weighted multivariable lo	Toxicology mechanisms and methods	2026		False
41809732	Integrative Mendelian Randomization and Pathomics Analysis Using Expression Quantitative Trait Loci and Genome-Wide Association Study Data Identifies Mismatch Repair Genes as Prognostic Biomarkers in Gastric Adenocarcinoma.	Mismatch repair (MMR) genes are implicated in stomach adenocarcinoma (STAD). This study assessed their causal role in STAD, prognostic value, and developed a histopathology-based model to predict MutS homolog 2 (MSH2) expression. Using data from the IEU OpenGWAS database, five Mendelian randomization (MR) models evaluated causal links between MMR genes and gastric cancer (GC). Prognostic relevance	International journal of genomics	2026	PMC12968895	False
41810643	Exploring the causal impact of mitochondrial dysfunction on epilepsy: a mendelian randomization study.	Mitochondrial dysfunction contributes critically to epileptogenesis. Therefore, identifying key mitochondrial function-associated genes in epilepsy may provide novel insights into its pathogenesis. We employed expression quantitative trait loci (eQTLs) and Mendelian randomization analyses to assess mitochondrial-epilepsy causality, with leave-one-out validation confirming the reliability and direc	Brazilian journal of medical and biological research = Revista brasileira de pesquisas medicas e biologicas	2026	PMC12971012	True
41822323	Multi-Omics and Single-Cell Mendelian Randomization Reveal a Potential Role of VNN2 in Lung Adenocarcinoma in Resting Natural Killer Cells.	We aimed to evaluate the potential association between genetically predicted vanin-2 (VNN2) expression and lung adenocarcinoma (LUAD) risk, and to explore the immune cell subtype that may underlie this relationship. We integrated whole-blood expression quantitative trait loci (eQTL) data from eQTLGen, plasma protein quantitative trait loci (pQTL) data from deCODE, and LUAD genome-wide association 	World journal of oncology	2026	PMC12978397	True
41824808	Erythropoietin drug targets and cancer risk: A two-sample Mendelian randomization study.	Erythropoiesis-stimulating agents (ESAs) are widely used to treat anemia, but their on-target effects on tumor risk via erythropoietin (EPO)/erythropoietin receptor (EPOR) signaling remain debated. This study aims to evaluate the potential causal relationship between EPO signaling and the risk of 14 site-specific cancers using a drug-target Mendelian randomization (MR) approach. We proxied EPO sig	Medicine	2026	PMC12991644	True
41828452	Single-Cell cis-Mendelian Randomization Reveals Cell-Specific Genetic Mechanisms Underlying Atopic Dermatitis.	Atopic dermatitis (AD) is a chronic inflammatory skin disease with a complex and highly polygenic genetic architecture, in which immune-mediated mechanisms play a central role. Here, we integrated single-cell cis-expression quantitative trait loci from 14 immune cell types with AD GWAS summary statistics using a two-sample Mendelian Randomization (MR) framework to resolve cell-specific genetically	International journal of molecular sciences	2026	PMC12985171	True
41832569	Multi-omics Mendelian randomization prioritizes BMP6 as a candidate therapeutic target in intervertebral disc degeneration.	Intervertebral disc degeneration (IVDD) is a prevalent condition causing substantial pain, muscle weakness, and functional impairment; however, the efficacy of current treatments remains limited. Therefore, candidate therapeutic targets must urgently be prioritized to guide future mechanistic and translational research. This study aims to identify genetic factors associated with IVDD and explore t	Journal of orthopaedic surgery and research	2026	PMC13101377	True
41836872	Integrated bioinformatics and mendelian randomization reveal a six-gene diagnostic signature and key role of CYP26B1 in sarcopenia.	The pathogenesis of sarcopenia involves complex molecular mechanisms, and treatment remains challenging, with a lack of reliable diagnostic biomarkers. The objective of this study is to identify biomarkers that may be linked to sarcopenia, examine how these biomarkers correlate with immune cell infiltration, and investigate the genes that exhibit a causal relationship with sarcopenia. Four transcr	Frontiers in molecular biosciences	2026	PMC12979158	True
41837832	Mendelian Randomization Identified SLC2A9 as a Novel cis-eQTL-Mediated Susceptibility Gene in Suppressing Renal Cancer and Its Related Metabolic Mechanisms.	Mendelian randomization (MR) analysis has currently been widely used in combination with expression quantitative trait loci (eQTLs) or cis-eQTLs for identifying novel drug targets in various diseases. Hence in this article, we first integrated MR analysis with eQTLs and cis-eQTLs to reveal the causal effects among SLC2A9 and renal cancer (RC), along with its related metabolic mechanisms. Related g	Mediators of inflammation	2026	PMC13140309	True
41845457	Targeting the PINK1/Parkin-FNDC5 pathway: a novel mechanism of icariin in regulating muscle-bone metabolic coupling in osteosarcopenia.	BACKGROUND: Osteosarcopenia (OS) significantly elevates fracture risk in the elderly due to concurrent skeletal and muscular metabolic decline. Mitochondrial autophagy dysregulation is a significant mechanism driving myoskeletal metabolic imbalance, and myofibroblast-derived factor 5 (FNDC5)/irisin is a crucial mediator in the myoskeletal dialogue. It is unclear if the medicinal ingredient icariin	Journal of translational medicine	2026	PMC12998140	True
41855073	PCSK9 Inhibitors and Bipolar Disorder: A Drug Target Mendelian Randomization Study.	Bipolar disorder (BD) patients remain symptomatic. As lipid-lowering drug targets have been linked to BD risk, we used Mendelian randomization (MR) to assess their therapeutic potential. We conducted MR analyses utilizing genetic variants associated with lipid traits and variants in genes encoding the protein targets of various classes of lipid-lowering drugs. The specific drug classes investigate	Clinical neuropharmacology	2026	PMC13166066	False
41861662	The brain imaging feature-related gene NRP2 drives the malignant progression of glioblastoma through the FAK pathway: a Mendelian randomization study.	Glioblastoma (GBM) is an aggressive primary brain tumor with poor prognosis. Although brain imaging features are related to biological behaviors of GBM, the causal relationship between them remain unclear. To explore the causal relationship between brain imaging features and GBM, identify key pathogenic genes, and provide a perspective for GBM therapy. Two-sample MR analysis was employed. Causal r	Translational oncology	2026	PMC13018971	False
41863696	Public Transcriptomic Data Mining for SCLC: From Candidate Ma rkers to Therapeutic Exploration.	Lung cancer, especially small-cell lung cancer (SCLC), is a widespread and deadly disease often detected at advanced stages, resulting in low five-year survival rates. This study aims to identify new genetic targets to enhance understanding of the genetic drivers of SCLC progression. Data from 215 samples (82 normal, 133 tumor) across four datasets were retrieved from the GEO database. Using R sof	Clinical &amp; translational oncology : official publication of the Federation of Spanish Oncology Societies and of the National Cancer Institute of Mexico	2026		True
41884417	Identification of Potential Therapeutic Targets for Xihuang Pill in Breast Cancer: A Mendelian Randomization and Experimental Study.	Breast cancer remains a major threat to women's health worldwide, with drug resistance posing a significant challenge to treatment efficacy. Xihuang Pill (XHP), a traditional Chinese medicine formula, has demonstrated anti-tumor potential in breast cancer. However, its complex composition makes elucidating its precise molecular mechanisms difficult. This study aimed to identify key targets and mec	Breast cancer (Dove Medical Press)	2026	PMC13012330	True
41890150	Multi-Omics Bioinformatic Analyses Linking LOXL4 with Spondylolisthesis.	Spondylolisthesis is a spinal disorder characterized by abnormal vertebral displacement, primarily affecting the lumbar region. Understanding the genetic factors underlying its progression is critical. This study aimed to identify key genes influencing spondylolisthesis progression. The summary-data-based Mendelian randomization (SMR) analysis was conducted to evaluate gene expression quantitative	Orthopedic research and reviews	2026	PMC13016404	True
41890708	CCS-mediated mechanistic link between gestational diabetes mellitus and carpal tunnel syndrome: a multi-omics MR framework.	Carpal tunnel syndrome (CTS) is a common condition in pregnancy, yet reliable tools for identifying women at high risk-particularly those with gestational diabetes mellitus (GDM)-remain lacking. Although GDM shares metabolic features with type 2 diabetes, a recognised CTS risk factor, whether GDM itself causally increases CTS risk and through which molecular pathways has not been established. We u	Frontiers in immunology	2026	PMC13012997	False
41908841	Antihypertensive Drug Target Genes and Epithelial Ovarian Cancer Risk: A Two-Sample Mendelian Randomization Study.	Findings on the relationship between the use of antihypertensive drugs and the risk of epithelial ovarian cancer (EOC) have been inconsistent. We performed a two-sample Mendelian randomization (MR) using gene expression of target genes as genetic proxies for antihypertensive drug action to interrogate this. Genetic instruments for expression of antihypertensive medication target genes were identif	International journal of women's health	2026	PMC13024411	True
41913250	Identification of DHX58 as a potential therapeutic target for ovarian cancer through multi-omics Mendelian randomization and transcriptomic data analysis.	BACKGROUND: Ovarian cancer (OC), a prevalent malignancy of the female reproductive system, is significantly impacted by drug resistance, which reduces treatment efficacy and worsens patient survival. Therefore, identifying broader therapeutic targets is crucial for improving treatment outcomes in OC patients. METHODS: The research project utilized Mendelian randomization (MR) analysis and summary 	Journal of ovarian research	2026	PMC13154425	True
41915616	Gut Microbiome, Immune Cells, and Heart Failure: A Multi-Omics Mendelian Randomization Study.	The global burden of heart failure is escalating, marked by persistently rising prevalence, incidence, and mortality. The emerging hypothesis that the gut microbiome, as a modifiable factor, influences HF pathogenesis through immune modulation. To examine the causal relationship, we conducted two-sample Mendelian randomization (MR) analyses using summary genetic data, which was obtained from genom	Cardiology	2026		False
41930249	Multi-omics integration identifies PGAP3 as a tumor-intrinsic factor associated with CD8+ T-cell exclusion in prostate cancer.	"Prostate cancer (PCa) is prototypically immunologically ""cold"", characterized by low tumor mutational burden, sparse CD8+ T-cell infiltration, and resistance to immune checkpoint blockade. The tumor cell-intrinsic programs driving immune evasion in this context remain incompletely defined. We integrated transcriptome-wide Mendelian randomization of PCa GWAS and eQTL data with multi-cohort bulk and"	Frontiers in molecular biosciences	2026	PMC13038432	False
41930463	Identification of STMN1 as a lactylation&#x2011;related driver of lung cancer progression using Mendelian randomization.	Lung cancer is an aggressive malignancy associated with a rapid progression and poor prognosis, for which immunotherapy only exhibits modest efficacy in most patients. In lung cancer, high lactate is associated with a low immunotherapy response and shortened survival; however, causal lactylation&#x2011;related genes remain to be elucidated. In the present study, candidate genes were screened using	Molecular medicine reports	2026	PMC13051255	True
41930642	Systematic Identification and Characterization of Causal Risk Genes Implicated in Colorectal Cancer by Integrating GWAS, eQTL, and mQTL Data.	Knowledge of the mechanisms through which common single-nucleotide polymorphisms (SNPs) modulate colorectal cancer (CRC) susceptibility is central to elucidating the molecular basis of this disease. Genome-wide association studies (GWAS) reveal noncoding SNPs influencing CRC susceptibility, yet their functional mechanisms, particularly through gene expression dysregulation, DNA methylation alterat	Current drug targets	2026		False
41937214	Integrating single-cell transcriptomics and epigenetics in a multi-omics MR framework identifies PARK7 as a causal gene in streptococcal septicemia.	BACKGROUND: Streptococcal septicemia is associated with high mortality and morbidity, yet the underlying epigenetic mechanisms, particularly those involving mitochondrial genes, remain poorly understood. This study employed a multi-omics Mendelian randomization (MR) framework to investigate the causal role of mitochondrial gene regulation in streptococcal septicemia, with an emphasis on epigenetic	Epigenetics &amp; chromatin	2026	PMC13200442	False
41961674	Evaluating the causal role of LEPR signaling in 16 cancers: A drug-target Mendelian randomization study.	The leptin receptor (LEPR) serves as a central regulator of energy balance and metabolic homeostasis, with growing interest in its pleiotropic roles in cancer. However, existing evidence on its oncogenic function remains ambiguous, with studies reporting both tumor-promoting and tumor-suppressive effects across different contexts. This duality complicates the interpretation of LEPR's precise role 	Medicine	2026		False
41991682	Cell-type-specific causal effects of CEBPD in CD8&#x2009;+&#x2009;S100B&#x2009;+&#x2009;Tcells and ZFP36 in monocytes modulate the protective and risk phenotypes in psoriasis.	Psoriasis is a chronic immune-mediated inflammatory skin disease characterized by dysregulated keratinocyte proliferation, immune cell infiltration, and systemic comorbidities. Despite the identification of numerous genetic susceptibility loci for psoriasis through genome-wide association studies (GWAS), their functional roles and underlying causal contributions to psoriasis pathogenesis remain la	Mammalian genome : official journal of the International Mammalian Genome Society	2026		False
41992590	Genetic Association of Sexual Behavior, Sildenafil, and Hormonal Contraceptives With Mental Disorders.	The observational research indicates that risky sexual activities contribute to the development of mental disorders. However, the potential causal effects of sexual behaviors, sildenafil use, and hormonal contraceptive use on mental disorders remain unclear. We applied two-sample Mendelian randomization (univariable and multivariable MR) to assess the effects of age at first sex (AFS) and number o	CNS neuroscience &amp; therapeutics	2026	PMC13087095	True
41995537	Causal evidence linking injury-associated DNA methylation to the risk of developing depression or post-traumatic stress disorder.	Depression and post-traumatic stress disorder (PTSD) are common psychiatric disorders following physical trauma. However, genetic evidence between these disorders is lacking. DNA methylation (DNAm) is implicated in the response to traumatic events and has been proposed as a promising therapeutic target. This study aimed to investigate the causal evidence of injury-associated DNAm and the subsequen	Medicine	2026	PMC13095310	True
41995544	Identification of allergic rhinitis-related genes and mediating immune cells based on cis-eQTL: A Mendelian randomization study.	In this study, we aimed to identify genes causally associated with allergic rhinitis (AR) by extracting cis-expression quantitative trait loci (cis-eQTL) as instrumental variables using the Mendelian randomization (MR) method, and further explore the role mechanisms of gene-related immune cells in AR. All genome-wide association study (GWAS) and eQTL data were from public databases. Genes causally	Medicine	2026	PMC13095335	True
42000855	Causal inference of glucocorticoid signaling in non-small cell lung cancer: integrating Mendelian randomization, single-cell transcriptomics, and imaging data.	Glucocorticoid-related genes (GRGs) may facilitate tumor immune escape via tumor microenvironment (TME) modulation, but their causal association with non-small cell lung cancer (NSCLC) remains unclear. Herein, we performed Mendelian randomization analysis based on cis-eQTL data from GTEx and eQTLGen databases, combined with SMR and Bayesian colocalization analyses, to identify GRGs with significan	NPJ precision oncology	2026	PMC13233825	False
42004723	Identification of colorectal cancer immune biomarkers via eQTL mapping: a Mendelian randomization and transcriptomic analysis study.	Colorectal cancer (CRC) remains a leading cause of cancer-related mortality worldwide. The identification of effective molecular targets is crucial for advancing precision medicine and prognostic strategies. This study aims to uncover key CRC biomarkers through integrative bioinformatics analyses, providing mechanistic insights for therapeutic development. We analyzed three CRC datasets from the G	PeerJ	2026	PMC13089222	True
42018362	Causal Associations Between Immune Cell-Specific Gene Expression and Major Depressive Disorder: A Single-Cell Transcriptome-Wide Mendelian Randomization Study.	Major depressive disorder (MDD) is a prevalent psychiatric disorder, and its pathophysiology is related to immune dysregulation. The use of genetic evidence to identify molecular targets of specific immune cell types will provide new directions for the development of precision immunotherapy. We integrated single-cell cis-eQTL data for 14 immune cell subtypes from the OneK1K cohort with MDD GWAS su	FASEB journal : official publication of the Federation of American Societies for Experimental Biology	2026		False
42020718	Cell-type-specific genetic architecture reveals neuronal and immune contributions to neuropsychiatric disorders.	Neuropsychiatric disorders exhibit complex polygenic architectures, yet the cell-type-specific mechanisms underlying most risk loci remain unclear. Here, we integrate single-cell expression quantitative trait locus (sc-eQTL) data from brain and blood tissues with genome-wide association studies (GWAS) of six neuropsychiatric disorders (schizophrenia (SCZ), Parkinson's disease (PD), bipolar disorde	Molecular psychiatry	2026		True
42021999	Identification of novel therapeutic targets for liver fibrosis, cirrhosis, and hepatocellular carcinoma via dual-omics analysis and preliminary exploration of regulatory mechanisms.	Liver fibrosis (LF), cirrhosis, and hepatocellular carcinoma (HCC) are strongly correlated and impose a heavy burden on the global healthcare system. Currently, there are no effective treatments, and thus we performed dual-omics analysis to identify new targets and regulatory mechanisms. A two-sample Mendelian randomization (MR), with cis-expression quantitative trait locus (cis-eQTL) as the genom	Clinical and experimental hepatology	2025	PMC13097301	True
42022794	Single-Cell Sequencing and Mendelian Randomization Reveal T Cell Nuclear Factor Genes in Hepatocellular Carcinoma Progression.	This study integrates single-cell RNA sequencing with Mendelian randomization to elucidate the role of nuclear factor of activated T cells (NFAT)-related genes in the progression of hepatocellular carcinoma (HCC). The GSE162616 dataset was analyzed to identify differentially expressed cells and NFAT-related genes through quality control, clustering, and z-score algorithms. Mendelian randomization 	Human mutation	2026	PMC13096692	True
42032731	A new insight of hypertrophic cardiomyopathy: integrated analysis of differentially expressed genes, expression quantitative trait loci, and mendelian randomization.	BACKGROUND: Hypertrophic cardiomyopathy (HCM) has a genetic basis, with pathogenic variants identified in the majority of familial cases and unclear mechanism. This study aimed to identify the genetic contributors underlying HCM pathogenesis and to identify novel genetic targets of HCM via integrated analysis of microarray datasets. METHODS: Three independent HCM datasets were used for comprehensi	Journal of cardiothoracic surgery	2026	PMC13262309	False
42032825	Identification of PSMA4 as a Therapeutic Target for Atherosclerosis: A Comprehensive Multiomics Mendelian Randomization Analysis.	Atherosclerosis (AS) is a leading cause of cardiovascular disease, and current treatments often fail to induce plaque regression. This study aims to identify novel, genetically supported therapeutic targets for AS to enable more effective drug development. We employed an integrative multiomics framework, primarily using summary-data-based Mendelian randomization (SMR) to assess causal relationship	Annals of human genetics	2026		True
42033474	Mapping the Neurovascular Unit Genetic Architecture of Early-Onset Ischemic Stroke: A Single-Cell Causal Framework for Target Discovery and Therapeutic Translation.	BACKGROUND: The global incidence of early-onset ischemic stroke (EOS) is rising, with younger patients showing marked heterogeneity and lacking traditional risk factors, underscoring the role of undiscovered genetic determinants. The neurovascular unit (NVU) is central to cerebral homeostasis, yet whether its functional alterations contribute to ischemic stroke susceptibility remains unclear. Defi	Cellular and molecular neurobiology	2026	PMC13247016	True
42038475	Multi-omics analysis reveals key genes associated with clear cell renal cell carcinoma.	The most common type of kidney cancer is ccRCC (Clear Cell Renal Cell Carcinoma). Existing research has shown that when kidney cancer progresses from T2 to T3 or T4 stage, the treatment options and prognosis significantly differ. The aim of this study is to identify prognosis-related genes in ccRCC using single-cell data and Mendelian randomization analysis. Single-cell RNA sequencing (scRNA-seq) 	PeerJ	2026	PMC13108463	True
42051535	Deciphering the peripheral immune landscape of Alzheimer's disease through integrated multi-omics research and cohort validation.	This study investigated molecular drivers of AD-associated peripheral immune dysregulation to identify pathogenic genes and therapeutic targets for precision diagnosis and intervention. A large-scale GWAS meta-analysis (n = 894,710) was performed, followed by two-sample Mendelian randomization (MR) using multi-tissue cis-eQTL data to identify putative causal genes. Immune response differential gen	Frontiers in immunology	2026	PMC13111265	False
42052171	Multi-omics evidence reveals a causal role of endoplasmic reticulum stress in cancer development.	Endoplasmic reticulum stress (ERS) plays a crucial role in the pathogenesis of various diseases, but its causal involvement and therapeutic potential in cancer remain unclear. In this study, we integrated genome-wide association study (GWAS) data from 18 common cancers with quantitative trait loci (cis-eQTL, cis-mQTL, and cis-pQTL) to explore the causal effects of ERS-related genes on cancer. A to	PeerJ	2026	PMC13116417	False
42052492	Histone chaperone-based stratification combined with two-sample Mendelian randomization identifies ADORA2B and SAPCD2 as prognostic biomarkers in esophageal cancer.	Esophageal cancer (EC) lacks robust biomarkers to guide prognosis and therapy. Histone chaperone-related genes (HCRGs) shape chromatin states, but their roles in EC remain unclear. We integrated histone chaperone-based transcriptomic stratification with two-sample Mendelian randomization (MR) to identify genes with genetic evidence consistent with EC susceptibility and clinical relevance. RNA-seq 	Frontiers in oncology	2026	PMC13111002	False
42059218	Integrative eQTL and Mendelian Randomization Analyses with Experimental Validation Prioritize Genetic Candidate Biomarkers for Crohn's Disease.	Crohn's disease (CD) is a chronic, idiopathic inflammatory bowel disease. Understanding the genetic and immunological basis of CD can lead to better therapeutic strategies. We employed publicly available datasets from the Gene Expression Omnibus (GEO) database to identify instrumental variables through expression quantitative trait loci (eQTL) analysis and conducted two-sample Mendelian randomizat	Endocrine, metabolic &amp; immune disorders drug targets	2026		True
42067089	Identifying THBS3 as a potentially viable therapeutic target for gastric cancer: Intergration of Mendelian randomization and cell experiments validation study.	Although targeted therapy significantly improves the prognosis of gastric cancer patients, the availability of cancer targeted drugs in clinical practice is still limited. In order to identify potential therapeutic targets for gastric cancer, Mendelian randomization (MR) analysis based on aggregated data was conducted. Specifically, cis eQTL data were obtained from the whole blood and gastric coho	International journal of biological macromolecules	2026		False
42068367	Dissecting Immune Mechanisms Underlying Sarcopenia Using Multi-omics Approaches.	Sarcopenia is an age-related muscle disease, and its gene regulation in immune cells is not well understood. Using immune cell-specific single-cell expression quantitative trait loci (sc-eQTLs), genome-wide association studies (GWAS), and multi-omics data, we systematically explored their potential causal roles in sarcopenia. We integrated sc-eQTL and cis-eQTL data from whole blood and skeletal mu	Calcified tissue international	2026		True
42088503	Caffeine-mediated CD39+ Treg activation via the CD39-adenosine receptor pathway is a novel risk factor for pulmonary tuberculosis.	The global impact of pulmonary tuberculosis (PTB) is compounded by a limited understanding of modifiable risk factors. While caffeine is the most consumed psychoactive substance, its causal relationship with PTB and the underlying immunological mechanisms remain unknown. A three-tiered approach was used: 1) two-sample Mendelian randomization (TSMR) was used to analyze 486 metabolites and 731 immun	Frontiers in immunology	2026	PMC13135997	False
42089751	From early-onset asthma to chronic obstructive pulmonary disease: potential mediating proteins and therapeutic targets.	Early-onset asthma (EOA) significantly increases the risk of chronic obstructive pulmonary disease (COPD), yet the causal mechanisms and molecular mediators underlying this progression remain poorly understood. Multi-omics integration provides a powerful framework for prioritizing potential mediating proteins and disease-specific therapeutic candidates. This study integrated large-scale genetic an	Briefings in bioinformatics	2026	PMC13147455	True
42096094	Multivariable genome-wide analysis elucidates the shared genetic architecture, immunosenescence features, and gut-origin therapeutic targets of ulcerative colitis-associated multisystem inflammation.	Over 25% of patients with ulcerative colitis (UC) develop extraintestinal manifestations (EIMs), resulting in significant systemic morbidity. We define the shared genetic foundation of these manifestations as the UC-associated Multisystem Inflammatory Genetic Architecture (UC-MIGA). This study aims to identify shared genomic drivers and actionable immunosenescence therapeutic targets across the UC	Inflammation research : official journal of the European Histamine Research Society ... [et al.]	2026	PMC13152973	False
42097097	Single-cell and spatial transcriptomic profiling of POU5F1 in Lung Adenocarcinoma: Dynamics, spatial niche, and prognosis via multi-algorithm ML.	POU5F1 (OCT4), a core regulator of pluripotency, plays an important role in tumor stemness and immune microenvironment remodeling, yet its systematic function and mechanisms in lung adenocarcinoma (LUAD) remain incompletely elucidated. This study integrated genetic causality inference, single&#x2011;cell and spatial transcriptomics, RNA velocity analysis, and multi&#x2011;algorithm machine learnin	Translational oncology	2026	PMC13158415	False
42098041	Druggable Genome-Wide Mendelian Randomization Identifies Therapeutic Targets and DNA Methylation-Mediated Regulation in Urological Malignancies.	IntroductionUrological cancers, including prostate, renal, and bladder cancers, present significant challenges to human health, particularly for patients in advanced stages due to limited targeted therapy options, high drug resistance, and poor prognosis. This study seeks to systematically identify new therapeutic targets by integrating multi-omics data and elucidating their molecular mechanisms.M	Technology in cancer research &amp; treatment	2026	PMC13167369	True
42103327	Prognostic biomarkers for lung adenocarcinoma based on Mendelian randomization analysis.	BackgroundLung adenocarcinoma is a multifaceted disease with diverse locations and timings of gene mutations, histology, and molecular pathogenesis. Thus, identifying therapeutic target genes for lung adenocarcinoma has become a major challenge.MethodWe downloaded the gene expression profiles of 220 patients with lung adenocarcinoma from the Gene Expression Omnibus database and identified the diff	The Journal of international medical research	2026	PMC13167297	True
42106519	Integrating cell-type-specific gene expression and genome-wide associations identifies risk genes for schizophrenia.	Integrative studies such as transcriptome-wide association studies (TWAS) and Mendelian randomization (MR) have identified multiple risk genes whose expression level is associated with schizophrenia (SCZ). However, the vast majority of integrative studies are based on quantitative trait loci (QTL) data from bulk brain tissues. Given that gene expression and genetic regulatory effects are highly de	Molecular psychiatry	2026		True
42106685	Integrative proteogenomic and observational analysis identifies potential biomarkers for latent autoimmune diabetes in adults.	Latent autoimmune diabetes in adults (LADA) shares core genetic and immunological features with type 1 diabetes (T1D) but is frequently misdiagnosed as type 2 diabetes (T2D). With few biomarkers for its timely diagnosis and management, this study integrated proteome-wide Mendelian randomisation (MR) and observational clinical analysis to identify potential LADA biomarkers. We performed proteome-wi	Cardiovascular diabetology	2026	PMC13330287	False
42112339	WSTF-associated regulation of GLYCTK and metabolic adaptation in colorectal cancer.	Colorectal cancer (CRC) is a leading cause of cancer-related morbidity and mortality worldwide, driven by complex genetic and epigenetic factors. The Williams syndrome transcription factor (WSTF/BAZ1B), an emerging oncogenic factor, has been implicated in chromatin remodeling and genome stability. However, the precise mechanisms in CRC progression, particularly the metabolic reprogramming processe	Frontiers in immunology	2026	PMC13150450	False
42115417	CPNE1 modulates Parkinson's disease risk through peripheral immune cell function: a cross-tissue and single-cell causal inference study.	It has been increasingly recognized that, to a significant extent, the peripheral immune system is playing a role in the etiology of Parkinson&#x2019;s disease (PD). It has been reported recently that there may be multiple types of genetic susceptibility factors influencing the risk of PD through alterations in the functions of particular immune cells; at present, the precise mechanisms involved r	Mammalian genome : official journal of the International Mammalian Genome Society	2026		False
42115443	FES eQTL suppresses the progression of primary aldosteronism by regulating CD3 on TD CD8br immune cells: Mendelian randomization and mediation analysis.	The pathogenesis of primary aldosteronism (PA) remains incompletely understood. Current pharmacological therapies have significant limitations, thus highlighting the importance of recognizing new therapeutic targets for the diagnosis and treatment of PA.&#xa0;This study employed two-sample Mendelian randomization (MR) analysis, colocalization, summary data-based Mendelian randomization (SMR) analy	Mammalian genome : official journal of the International Mammalian Genome Society	2026		False
42116389	Identifying therapeutic target genes for stroke through systematic druggable Mendelian randomization analysis.	Stroke remains a major cause of mortality and disability, highlighting the need for new therapeutic targets. This study aimed to systematically identify druggable genes causally associated with stroke risk using genetic and transcriptomic data. A total of 5883 druggable genes were compiled from the Drug-Gene Interaction Database and previous reviews. We integrated data from a large-scale stroke GW	Medicine	2026	PMC13166711	True
42117609	Single-Cell Transcriptome-Wide Mendelian Randomization and Colocalization Uncover Potential Immunocytes-Related Therapeutic Targets for Obesity.	Weight-loss treatment is crucial for individuals with obesity to prevent various complications. The role of Immune cells in obesity has been recently recognized, whereas its translation into therapy requires identifying key target genes. We performed Mendelian randomization (MR) analysis to assess causal relationships between expression quantitative trait loci (eQTL) of 14 immune cells and obesity	Journal of cellular and molecular medicine	2026	PMC13162345	True
42118257	Integrating immune-cell transcriptomic data with Mendelian randomisation reveals novel causal genes for type 2 diabetes and its complications.	The aim of this study was to facilitate the fine classification of diabetic complications and the prioritisation of drug targets via immune-cell-related gene expression data, distinguishing cell-type-related pleiotropy. We analysed the combined clinical, genetic and immune-related features of diabetic complications, generating distinct clusters. Using 18,611 immune expression quantitative trait lo	Diabetologia	2026		True
42123756	Transcriptomic Profiling Combined with Machine Learning and Mendelian Randomization Identifies Diagnostic Biomarkers and Immune Infiltration Patterns in Diabetic Kidney Disease.	Diabetic kidney disease (DKD) affects approximately 40% of patients with diabetes mellitus and remains a leading cause of end-stage renal disease worldwide. Early diagnosis and identification of therapeutic targets are critical for improving patient outcomes, yet reliable biomarkers are lacking. This study integrated transcriptomic data from the Gene Expression Omnibus (GEO) database (GSE96804, GS	Molecules (Basel, Switzerland)	2026	PMC13165155	False
42128045	Cell-type-specific gene regulation in migraine and its subtypes links genetic risk to brain structure.	Migraine is a highly prevalent and disabling neurological disorder characterized by marked clinical heterogeneity, particularly between migraine with aura (MA) and migraine without aura (MO). Although genome-wide association studies (GWASs) have identified numerous risk loci, the cell-type-specific regulatory mechanisms linking genetic variation to brain structure and migraine susceptibility remai	Progress in neuro-psychopharmacology &amp; biological psychiatry	2026		True
42147232	Multi-omics integration and Mendelian randomization elucidate the PARP16-UPR axis driving chemoresistancein gastric cancer.	Acquired resistance to cisplatin-based chemotherapy is common in patients with gastric cancer (GC) and significantly limits treatment efficacy. The aim of this study was to investigate molecular features associated with GC chemoresistance using an integrative multi-level analytical framework combined with Mendelian randomization (MR), followed by cellular validation of key candidates. Transcriptom	Frontiers in oncology	2026	PMC13175845	True
42147334	Unraveling novel therapeutic targets for diffuse large B-cell lymphoma: a plasma multi-omics study.	Diffuse large B-cell lymphoma (DLBCL), the most common non-Hodgkin lymphoma, exhibits genetic heterogeneity and variable treatment responses. Discovering new therapeutic targets is critical to improve outcomes. Given the lack of plasma protein studies for DLBCL, this study aims to first identify novel therapeutic targets based on plasma multi-omics and genome-wide association studies with further 	Frontiers in pharmacology	2026	PMC13171477	True
42157922	Cathepsin H drives hypoxia-associated inflammatory and angiogenic programs in diabetic retinopathy and represents a potential therapeutic target.	Diabetic retinopathy (DR) arises from intertwined inflammatory, metabolic, and hypoxia-driven angiogenic programs, yet upstream regulators coordinating these processes remain incompletely defined. Here, we used an integrative multi-omics and experimental framework to identify cathepsin H (CTSH) as a candidate causal driver of proliferative DR (PDR). By combining GWAS, eQTL, pQTL, and mQTL datasets	International journal of biological sciences	2026	PMC13182238	False
42163732	Mendelian Randomization Analysis of the Relationship between Neurotransmitter-related Genes and Cancer: Insights from Multi-omics Data.	Epidemiological studies indicate a potential link between mental disorders and cancer; however, the role of neurotransmitter-related genes (NRGs) in carcinogenesis remains unclear. In this study, we employed Mendelian randomization utilizing multi-omics data to investigate the causal effects and mechanisms of NRGs in cancer. We assessed the causal relationships between ten mental disorders and fou	Current topics in medicinal chemistry	2026		True
42163891	From locus to gene: causal inference and experimental validation prioritize PSMA4 as a candidate target in lung adenocarcinoma.	Lung adenocarcinoma (LUAD) remains a leading cause of cancer-related mortality worldwide, and although targeted therapy and immunotherapy have improved clinical outcomes, their long-term efficacy is frequently limited by therapeutic resistance, underscoring the need to identify additional biologically relevant and potentially actionable targets. In this study, we applied summary-data-based Mendeli	American journal of cancer research	2026	PMC13184741	True
42164281	Bidirectional Mendelian Randomization and Single&#x2011;Cell RNA Sequencing Reveal an NK Cell-Mediated Causal Link Between Endometriosis and Endometrial Cancer.	Endometriosis is a chronic estrogen-dependent inflammatory disease that shares epidemiological and pathological features with endometrial cancer. However, the cellular and genetic mechanisms underlying this association remain unclear. To investigate the immunological mechanisms underlying endometriosis and endometrial cancer. Single-cell RNA sequencing was performed on endometrial tissues from pat	International journal of women's health	2026	PMC13185962	True
42175501	Revealing drug targets for sepsis: An association study integrating Mendelian randomization, eQTL, pQTL, and protein-protein interaction networks.	This study aims to reveal drug targets for sepsis: an association study integrating Mendelian randomization (MR), expression quantitative trait loci, protein quantitative trait loci, and protein-protein interaction networks. We identified 43 druggable proteins associated with sepsis, with B3GALT6 emerging as a key player (P&#x2005;=&#x2005;5.24E-06). Sensitivity analyses indicated no significant h	Medicine	2026	PMC13201033	True
42183069	Mendelian Randomization Revealed Potential of mTOR Inhibitors for Treatment of Osteoporosis: Evidence From GWAS and Transcriptome Data.	Numerous preclinical studies suggested that targeted inhibition of mammalian target of rapamycin (mTOR) may be beneficial for the treatment of osteoporosis. However, the relevance of these findings to human populations remains unclear. We hypothesized that lifelong genetically higher mTOR expression leads to reduced bone mineral density (BMD), and we use Mendelian randomization to estimate its cau	International journal of endocrinology	2026	PMC13197831	True
42185655	Single-cell eQTL-based Mendelian randomization identifies immune cell subtype-specific regulators of epigenetic aging and prioritizes candidate therapeutic targets.	Epigenetic aging clocks offer precise measures of biological age, yet the causal contributions of immune gene expression within specific cell subtypes to epigenetic aging remain poorly understood. By integrating single-cell eQTL data from the OneK1K cohort with GWAS summary statistics for four epigenetic clocks (HannumAge Acceleration, IEAA, PhenoAge Acceleration, and GrimAge Acceleration), we per	Biogerontology	2026		False
42192968	Integrative Multi-Omics Analysis Identifies IL18R1 as a Circulating Prognostic Biomarker for Risk Stratification in Extensive-Stage Small Cell Lung Cancer.	Background: Small cell lung cancer (SCLC) carries a dismal prognosis with limited biomarkers for risk stratification. This study aimed to identify circulating prognostic biomarkers. Methods: We prioritized SCLC risk-associated genes using Summary-data-based Mendelian Randomization of pQTL/eQTL, differential expression, and weighted gene co-expression network analysis. Five machine learning approac	Cancers	2026	PMC13204795	False
42193490	Integrative Analysis of Major Depressive Disorder and Ovarian Cancer: From Genetic Association to Single-Cell Mechanisms.	Background: Although emerging evidence indicates that major depressive disorder (MDD) raises the risk of developing ovarian cancer (OC) and worsens survival, the biological mechanisms underlying this relationship remain unclear. This study explores the MDD-OC association using single-cell transcriptomics and genetic approaches. Methods: Using single-cell RNA-seq profiles of peripheral blood from M	Biomedicines	2026	PMC13204727	True
42196425	Integration of Brain Proteomes and Genome-Wide Association Data Identifies GLO1 as a Candidate Causal Gene and Therapeutic Target for Restless Legs Syndrome.	Restless legs syndrome (RLS) is a common sensorimotor disorder with limited treatment options and incompletely understood pathophysiology. Genome-wide association studies have identified numerous risk loci, but translating these findings into causal genes and therapeutic targets remains challenging. We performed a proteome-wide association study (PWAS) integrating RLS genome-wide association study	International journal of molecular sciences	2026	PMC13206922	False
42199945	Multi-Omics Mendelian Randomization and Colocalization Reveal Key Glycolipid Metabolism-Related Genes in Gestational Diabetes Mellitus.	Gestational diabetes mellitus (GDM) poses significant health risks, yet the causal genetic and epigenetic mechanisms linking glycolipid metabolism dysregulation to GDM remain elusive. This study aimed to identify key causal genes and regulatory pathways by integrating multi-omics data with large-scale genetic association studies. We leveraged GDM genome-wide association study (GWAS) data from the 	International journal of women's health	2026	PMC13199617	False
42210128	Reduced HSD17B1 expression in preeclampsia: integrated transcriptomic, summary Mendelian randomization, immune deconvolution, and experimental validation.	17&#x3b2;-hydroxysteroid dehydrogenase type 1 (HSD17B1) is a key placental steroidogenic enzyme that converts estrone to estradiol. Prior studies have suggested that reduced placental or circulating HSD17B1 is associated with preeclampsia (PE), but its position within the broader transcriptomic landscape and its relationship to immune changes remain incompletely characterized. Placental transcript	BMC pregnancy and childbirth	2026	PMC13412189	False
42210767	Noninvasive early warning markers for ovarian cancer: a Mendelian randomization study.	"Early warning markers of ovarian cancer, especially those that can be detected through noninvasive methods, are very limited; therefore, this study aimed to investigate noninvasive biomarkers for ovarian cancer. We acquired ""malignant neoplasm of ovary, excluding all cancers (controls excluding all cancers)"" (2,339 cases and 222,078 controls) genome-wide association study summary statistics from F"	Journal of gynecologic oncology	2026		False
42220486	MAPRE2 is associated with macrophage-enriched innate immune dysregulation and malignant phenotypes in hepatocellular carcinoma.	Hepatocellular carcinoma (HCC) remains difficult to treat, and molecular determinants that link malignant behavior to the innate immune microenvironment are still needed. We integrated two-sample Mendelian randomization using cis-eQTL and cis-pQTL instruments with tumor transcriptomics, immune deconvolution, DNA methylation analyses, single-cell RNA sequencing, and loss-of-function assays to prior	Frontiers in immunology	2026	PMC13215804	False
42230780	GFPT1 as a cross-ancestry validated target for degenerative spinal disease: genetic association in a Chinese cohort and functional characterization in zebrafish.	Degenerative spinal disease (DSD), including spinal stenosis and spondylosis, lacks effective pharmacological treatment. To identify druggable targets and assess cross-ancestry applicability, we integrate multi-omics analyses using Summary-data-based Mendelian Randomization (SMR), colocalization, and two-sample Mendelian randomization with European whole-blood, peripheral-blood, and CSF eQTL/pQTL 	Communications biology	2026		False
42232179	The crotonylation reader DPF2 promotes the development and progression of colon adenocarcinoma through cell-type-specific immune regulation and metabolic reprogramming.	The crotonylation reader DPF2 has been implicated in tumor progression, but its role in colon adenocarcinoma (COAD), especially in cell-type-specific immune regulation and metabolic reprogramming, remains unclear. We conducted an integrative multi-omics study combining genetic association analysis for COAD, public transcriptomic validation data, CRC-context single-cell and spatial transcriptomic d	Frontiers in pharmacology	2026	PMC13223100	False
42232515	Multi-omics mendelian randomization integrating GWAS and eQTL data revealed potential drug target for irritable bowel syndrome.	Irritable bowel syndrome (IBS) is a common gastrointestinal disorder mainly affecting the young and female with limited therapeutic options, necessitating the identification of novel drug targets. This study aimed to identify and prioritize new, genetically validated drug targets for IBS by leveraging large-scale human genetic data. We conducted a systematic, druggable genome-wide Mendelian random	Frontiers in genetics	2026	PMC13225775	True
42239945	Exploring the celecoxib-cervical cancer relationship using in vitro, network pharmacology, and Mendelian randomization approaches.	To clarify the potential anticancer role of celecoxib and its immune-related mechanisms. We confirmed the antitumor effects of celecoxib using Cell Counting Kit-8, wound-healing, colony-formation, and transwell assays. Network pharmacology and enrichment analyses were performed to identify pathways linking celecoxib to cervical cancer. Based on these results, two-sample and two-step Mendelian rand	Frontiers in medicine	2026	PMC13226506	False
42249740	Dissecting Immune Cell Ferroptosis via Single-Cell Multi-Omics Identifies RPL8 as a Potential Therapeutic Target for Depression.	Depression is a major global health burden with limited treatment efficacy. Ferroptosis, an iron-dependent form of regulated cell death, is implicated in its pathogenesis, but causal genetic links and cell-type-specific mechanisms remain unclear. We employed a multi-omics framework integrating two-sample Mendelian randomization (MR) using blood cis-eQTLs (eQTLGen/GTEx) and depression (FinnGen), si	FASEB journal : official publication of the Federation of American Societies for Experimental Biology	2026		False
42250393	Microglial PICALM: A novel genetic driver and therapeutic target in vascular dementia.	Vascular dementia (VaD) lacks well-defined genetic mechanisms. Cell-type-specific effects of GWAS loci remain unexplored. We integrated single&#x2011;cell eQTL data (183 donors, eight cell types) with VaD GWAS (3624 cases, 475,484 controls) using Mendelian randomization and Bayesian colocalization, replicated in an independent cohort (2074 cases, 456,366 controls). Subtype, snRNA&#x2011;seq, cell&	Archives of gerontology and geriatrics	2026		False
42251386	Identification of macrophage polarization-related genes for esophageal cancer risk: a multi-omics Mendelian randomization analysis.	This study aims to identify macrophage polarization (MP)-related genes implicated in esophageal cancer (EC) by integrating methylation quantitative trait loci (mQTL), expression QTL (eQTL), and protein QTL (pQTL) data with EC genome-wide association study (GWAS) data. GWAS data were obtained from the UK Biobank for discovery and the FinnGen R10 release for validation. Blood-based mQTL, eQTL, and p	Clinical epigenetics	2026		False
42257465	Integrative multi-omics analysis-based Mendelian randomization identifies association of DNA repair-related genes with oral cancer.	BackgroundThis study aimed to identify DNA repair-related genes causally affecting OCC risk by integrating multi-omics data using summary data-based Mendelian randomization (SMR).MethodsSMR analyses were performed using GWAS, mQTL, eQTL, and pQTL data. Causal associations were assessed via SMR and HEIDI tests, and colocalization analysis identified shared genetic variants. Findings were validated 	Cancer biomarkers : section A of Disease markers	2026	PMC13247280	False
42260808	Association of antihypertensive drugs, intestinal ischemia, and breast diseases: A drug-target Mendelian Randomization study.	Both hypertensive and breast diseases impose a significant societal burden. However, the correlation between antihypertensive drug use and breast cancer remains controversial. We aimed to determine their potential correlations and explore their possible mechanisms. We performed summary data-based Mendelian Randomization (SMR) analysis of expression quantitative trait loci (eQTL) data from the bloo	Medicine	2026	PMC13246127	False
42265473	Multiomics integration prioritizes potential drug targets for lung cancer.	To provide more treatment options for patients with advanced lung cancer, this study aims to identify new therapeutic drug targets via the integration and analysis of multi-omics datasets. In this study, we performed MR and co-localization analysis to identify candidate drug targets associated with lung cancer by leveraging gene expression quantitative trait loci (eQTLs) data from the eQTLGen cons	Discover oncology	2026		False
42291321	A synergistic multi-omics approach: causal sepsis drivers identified in activated CD4+ T cells by single-cell RNA sequencing and Mendelian randomization.	"Sepsis is a life-threatening, heterogeneous syndrome with high mortality. This heterogeneity undermines current ""one-size-fits-all"" therapies and conventional biomarkers (e.g., PCT) lack prognostic power. A critical need exists to identify patient-specific endotypes and causal-driven therapeutic targets. We employed a synergistic multi-omics strategy to identify causal drivers of sepsis. First, we"	Frontiers in cellular and infection microbiology	2026	PMC13253298	False
42292469	Metabolic-immune crosstalk in head and neck squamous cell carcinoma: CD44 and APP identified as causal therapeutic targets via integrated lactylation-Mendelian randomization analysis.	Patients with head and neck squamous cell carcinoma (HNSCC) continue to face poor prognosis, highlighting an urgent need for new diagnostic markers and therapeutic targets. While metabolic reprogramming and immune microenvironment dysregulation are crucial drivers of HNSCC progression, the key causal molecular mechanisms linking these processes remain elusive. Post-translational modifications, esp	Frontiers in immunology	2026	PMC13254516	True
42293830	The role of lipid-lowering drugs in urologic and male reproductive cancers: a Mendelian randomization study.	Urologic and male reproductive system tumors are common in older men and frequently coexist with cardiovascular and metabolic disorders, suggesting potential shared biological pathways. Although lipid-lowering therapies are widely used for cardiovascular prevention, their long-term associations with these cancers remain incompletely understood. We therefore applied a drug-target Mendelian randomiz	Translational andrology and urology	2026	PMC13263863	True
42305302	Identification of potential drug target genes for atopic dermatitis leveraging Mendelian randomization, single-cell transcriptomics, and spatial transcriptomics.	Atopic dermatitis (AD), the most common chronic inflammatory dermatosis, currently lacks definitive curative treatments. This study aimed to identify potential drug targets for AD through an integrative genomic approach. Cis-expression quantitative trait loci (cis-eQTL) from the eQTLGen consortium were used as genetic instruments for druggable genes. Summary-level AD statistics were obtained from 	Archives of medical science : AMS	2026	PMC13266786	True
42308999	Therapeutic targets for atherosclerotic coronary artery disease: druggable genome-wide Mendelian randomization analysis.	Despite advances in treating atherosclerotic coronary artery disease (ACAD), the risk of major adverse cardiovascular events remains high. We aimed to identify potential therapeutic targets for ACAD by integrating genome-wide association studies (GWAS) and Mendelian randomization (MR) analyses. Leveraging druggable genome data, cis-eQTL/cis-pQTL from blood and coronary artery tissue, alongside GWA	Atherosclerosis	2026		False
42314449	Multi-omics integration identifies cell-type-specific CISD1 and QDPR as druggable regulators linking hepatocellular carcinoma and major depressive disorder.	Hepatocellular carcinoma (HCC) and major depressive disorder (MDD) often co-occur, but whether this comorbidity reflects shared pharmacologically tractable biology remains unclear. We integrated a three-step mendelian randomization strategy-comprising whole-blood eQTL screening, GTEx eQTL validation, and single-cell immune eQTL refinement-to systematically screen 2,534 druggable genes, to identify	Psychiatry research	2026		False
42318941	Multiomics Integration Prioritizes ZFP36L1 as a Candidate Susceptibility Gene Associated With Inflammatory and Angiogenic Pathways in Diabetic Retinopathy.	Diabetic retinopathy (DR) is a prevalent microvascular complication of diabetes and a leading cause of blindness despite available therapies, underscoring the need for novel therapeutic targets. Integrated multiomics analysis combining (1) exploratory single-cell RNA sequencing of rat retinal tissues (three DRs vs. two controls), (2) Mendelian randomization (MR) using whole-blood eQTL data and DR 	Journal of diabetes research	2026	PMC13280981	False
42333856	Immune Cell-Specific Genetic Regulation in Graves' Disease: An Integrative Mendelian Randomization Study.	Graves' disease (GD) is an autoimmune form of hyperthyroidism. We integrated GD GWAS summary statistics with immune-cell eQTLs to prioritize cell-type-specific genes with potential relevance to GD susceptibility. We analyzed European-ancestry GD GWAS summary statistics from FinnGen Release 12 together with cis-eQTLs from 14 peripheral immune-cell subsets in the OneK1K single-cell resource (982 don	Endocrine, metabolic &amp; immune disorders drug targets	2026		False
42343471	Genetic and epigenetic underpinnings of biological aging: a multi-omics study integrating Mendelian randomization, spatial transcriptomics, and drug target discovery.	Inflammaging represents a hallmark of biological aging, yet the causal inflammatory mediators driving multi-dimensional epigenetic aging and their effector genes remain poorly characterized at the genetic level. We developed a four-tier analytical framework integrating causal screening, multi-omics effector gene mapping, spatial transcriptomics, and drug target evaluation. Two-sample Mendelian ran	Clinical epigenetics	2026		False
42365225	Inferring genetic associations of programmed cell death genes with retinitis pigmentosa through multimodal Mendelian randomization.	Retinitis pigmentosa (RP), a leading cause of inherited blindness, lacks effective treatment, necessitating the elucidation of its pathogenesis and identification of novel therapeutic targets. This study aimed to identify the genetic role of programmed cell death (PCD)-related genes in RP pathogenesis via an integrative multimodal framework. We integrated summary-level data from genome-wide associ	Molecular medicine (Cambridge, Mass.)	2026		False
42369205	Lactylation-Related Genes in Ulcerative Colitis: A Multiomics Mendelian Randomization Study for Therapeutic Target Discovery.	Ulcerative colitis (UC), a chronic and nonspecific intestinal inflammatory disease, has seen a rising incidence rate worldwide year by year. Its pathogenesis remains incompletely understood. Lactylation modification is closely related to the generation of inflammation. Exploring the pathogenesis of UC from the perspective of lactylation is of great significance for the understanding and treatment 	Human mutation	2026	PMC13307184	False
42381015	Genetically predicted CXCL16 expression is associated with Parkinson's disease risk and peripheral immune cell dysregulation: a two-sample mendelian randomization study.	Parkinson's disease (PD) is a progressive neurodegenerative disorder with limited disease-modifying therapies. PANoptosis, an integrated form of programmed cell death involving apoptosis, pyroptosis, and necroptosis, has been implicated in neuroinflammation-related neurodegeneration. However, the roles of PANoptosis-related genes in PD remain unclear. We performed two-sample Mendelian randomizatio	Molecular brain	2026	PMC13321530	False
42410087	Sirtuin 1 deficiency mediates chronic kidney disease-induced inflammaging cardiovascular calcification.	Chronic kidney disease (CKD) markedly accelerates calcific aortic valve disease (CAVD), yet the underlying mechanisms and therapeutic targets remain poorly defined. Here, we integrate population-scale analyses, single-cell transcriptomics, genetic inference and functional experiments to identify a central role for Sirtuin 1 (SIRT1) in CKD-associated aortic valve calcification. Analysis of UK Bioba	Molecular biomedicine	2026	PMC13338083	False
42410617	Integration of genetic evidence to identify approved drug targets.	Drugs targeting genes supported by human genetic evidence are more likely to succeed in clinical trials. While previous approaches have benchmarked individual methods such as genome-wide association studies (GWAS), rare variant burden testing, and quantitative trait locus (QTL)-informed Mendelian randomization, it remains unclear how best to integrate these signals for drug target discovery. We co	Genome medicine	2026	PMC13335195	False
42410650	Shengxian decoction suppresses malignant progression of lung adenocarcinoma by enhancing CD8+ T cell function via the FYN-PI3K/AKT axis.	Shengxian Decoction (SXD), a traditional Chinese herbal formula, has demonstrated significant clinical efficacy against lung adenocarcinoma (LUAD). However, its exact mechanisms of action remain to be elucidated. This study aimed to establish an animal model capable of simulating the dynamic progression of LUAD to investigate the anti-tumor effects and immunomodulatory mechanisms of SXD. A TK (Trp	Chinese medicine	2026	PMC13335393	False
42421947	Integrative single-cell transcriptomics and mendelian randomization identifies BTN3A2 as a shared protective factor in Beh&#xe7;et's disease and inflammatory bowel disease.	Beh&#xe7;et's disease (BD) and inflammatory bowel disease (IBD) are immune-mediated chronic inflammatory disorders. Although they exhibit significant overlap in clinical manifestations and immunological features, whether they share molecular targets and pathogenic links remains unclear. This study aimed to explore the possible linking and shared treatment target between these two diseases. We anal	Frontiers in immunology	2026	PMC13341595	False
42443585	Genetic architecture of lung cancer revealed by common and rare variant analyses across population-scale biobanks.	Genome-wide association studies have predominantly implicated common variants in lung cancer susceptibility, whereas the contribution of rare non-coding variation remains incompletely defined. This study comprised 52,550 cases and 1,617,173 controls across three whole-genome sequencing (WGS) cohorts (UK Biobank, the 100,000 Genomes Project, and All of Us) and five imputed genotype-array datasets a	NPJ precision oncology	2026		False
42443709	Immune Cell-Stratified Regulatory Contexts Associated With BMI-Related Multi-System Disease Risk: A Cell-Stratified Mendelian Randomization Study Using Single-Cell eQTL Data.	Body mass index (BMI) is associated with multisystem disease risk, but the immune cell-specific regulatory contexts underlying BMI-related genetic associations with disease outcomes remain unclear. We applied a cell-stratified Mendelian randomization framework integrating European-ancestry BMI GWAS data, GWAS datasets for 33 disease outcomes across five disease systems, single-cell cis-eQTL data f	Diabetes, obesity &amp; metabolism	2026		False
42445075	An integrated multiomics-based risk model for predicting the prognosis and immune microenvironment status in patients with papillary thyroid carcinoma.	Papillary thyroid carcinoma (PTC) is the most common type of primary endocrine malignancy. The tumor immune microenvironment (TIME) and genetic alterations play crucial roles in the progression of PTC. With the advance in research, there has been a heightened focus on re-evaluating molecular targeted therapies and identifying novel targets through molecular biology-based approaches. This study aim	Gland surgery	2026	PMC13358490	True
42458479	Translational prioritization of genetically supported candidate targets and pharmacological annotations for chronic lung diseases: a single-cell eQTL-guided multi-cohort study.	Chronic lung diseases impose a massive global burden, yet translating genetic findings into biologically interpretable target hypotheses remains challenging. We aimed to prioritize genetically supported candidate gene-cell type-disease associations and characterize pharmacological annotations for asthma, chronic obstructive pulmonary disease (COPD), idiopathic pulmonary fibrosis (IPF), and bronchi	Journal of translational medicine	2026		False
42458946	Shared Genetic Architecture of Epilepsy and Glioma Revealed by Mendelian Randomization: Identifying Prognostic Biomarkers and Therapeutic Targets.	Glioma-Related Epilepsy (GRE) is a hallmark comorbidity of Low-Grade Glioma (LGG), yet the cellular and molecular mechanisms through which germline epilepsy susceptibility converges with tumor biology to shape clinical outcomes remain poorly understood. Genome-Wide Association Studies (GWAS), expression quantitative trait loci (eQTL) data, single-cell RNA sequencing, and spatial transcriptomics we	Current cancer drug targets	2026		True
42466213	TMEM161B-AS1: a pivotal long non-coding RNA in the pathogenesis of glioblastoma revealed by Mendelian randomization analysis.	The significance of long non-coding RNAs (lncRNAs) in glioblastoma multiforme (GBM) has been acknowledged, but their specific role in the pathogenesis of GBM has not been thoroughly investigatedr. This study aimed to investigate the involvement of lncRNAs in the pathogenesis of GBM. We collected GBM tissues from four patients and corresponding para-carcinoma controls samples, and used HiSeq sequen	International journal of clinical and experimental pathology	2026	PMC13373471	False
42479091	Integrative multi-omics analysis identifies FAM3D as a prognostic tumor suppressor in cervical cancer.	Cervical cancer (CC) remains a leading malignancy among women worldwide. Epigenetic and transcriptional dysregulation complicate the identification of causal genes with prognostic and therapeutic relevance. We performed a multi-omics integrative analysis combining summary data-based Mendelian randomization (SMR) using eQTL and pQTL datasets with genome-wide association study (GWAS) summary statist	Functional &amp; integrative genomics	2026	PMC13388508	False
42479245	Seipin modulates Alzheimer's disease pathogenesis by regulating ferroptosis through a glycine-mediated metabolic pathway.	Alzheimer's disease (AD) remains an incurable neurodegenerative disorder with an elusive pathogenesis, where emerging evidence implicates metabolic dysregulation and ferroptosis in neuronal loss. Although the BSCL2 gene, which encodes Seipin, is crucial for lipid metabolism, its specific role in the progression of AD remains undefined. This study employed Mendelian randomization (MR) analysis, in 	Metabolic brain disease	2026		False
42481940	Genetic regulation of cell type-specific chromatin accessibility contributes to migraine etiology.	Migraine is a common and disabling neurological disorder, yet most causal regulatory variants and their target cell types remain unresolved. Disease-associated variants are enriched in non-coding cis-regulatory elements, indicating that they act by modulating gene regulation. Chromatin accessibility quantitative trait loci (caQTLs) capture genetic effects on these regulatory elements with cell-typ	The journal of headache and pain	2026		False
42488926	Integrative Transcriptomic and Genetic Analysis Prioritizes SLC1A5 as a Programmed Cell Death-Associated Candidate Risk Gene in Vitiligo.	Programmed cell death (PCD) has been implicated in various autoimmune disorders, but its role in vitiligo remains poorly understood. This study aimed to identify PCD-related genes and elucidate their potential contribution to vitiligo pathogenesis through integrative bioinformatics analysis. Three GEO datasets (GSE65127, GSE53146, GSE75819) were merged to obtain a combined cohort of 40 controls an	Clinical, cosmetic and investigational dermatology	2026	PMC13390678	False
42490363	Integrating Multi-Omics Mendelian Randomization and Functional Validation to Identify Novel Apoptosis Regulators in Follicular Lymphoma.	IntroductionDysregulation of apoptosis is a hallmark of follicular lymphoma (FL), yet the causal genetic drivers remain incompletely understood. This study aimed to identify causal apoptosis-related genes in FL and validate their functional roles.MethodsWe conducted a multi-omics Mendelian randomization (MR) study, integrating summary statistics from a large-scale FL genome-wide association study 	Technology in cancer research &amp; treatment	2026	PMC13396582	False
42500538	Integrative genomic profiling identifies MLPH as a candidate gene in prostate cancer.	Prostate cancer (PCa) is a highly heterogeneous malignancy with complex genetic underpinnings. This study integrates multi-omics data to prioritize candidate susceptibility genes and evaluate their functional and clinical significance in PCa pathogenesis. We integrated PCa GWAS summary statistics with GTEx v8 expression quantitative trait locus reference panels to perform cross-tissue and single-t	Frontiers in medicine	2026	PMC13395884	True
42516377	Genetic and cross-species single-cell analyses prioritize CD83 in antigen-presenting cells as a candidate therapeutic target in asthma.	Asthma remains a heterogeneous inflammatory airway disease, and current therapies, including biologics, benefit only selected patient subsets. We aimed to identify genetically supported therapeutic targets with clear mechanistic and translational relevance in asthma. We integrated cis-eQTL and cis-pQTL instruments for 585 druggable genes with asthma genome-wide association data from FinnGen, EBI, 	Frontiers in immunology	2026	PMC13402173	False
42517881	Multi-omics Mendelian randomization identified adaptive immune response-related drug targets in psoriatic arthritis.	Psoriatic arthritis is a chronically progressive, inflammatory disease mediated by immunity, accompanied by severe disability, which seriously affects the patient's physical and mental health. Despite considerable advances in the treatment of psoriatic arthritis, there remains a subset of patients for whom none of the available treatments is effective. Consequently, we identified novel drug target	Naunyn-Schmiedeberg's archives of pharmacology	2026		False
42518368	Integrative Mendelian Randomization and Single-Cell Pseudotime Analysis Reveal DKK3 as a PI3K-AKT-Modulated Driver of Esophageal Squamous Cell Carcinoma.	Esophageal squamous cell carcinoma (ESCC) remains a highly lethal malignancy, and the molecular drivers of its progression are not fully defined. Dickkopf-3 (DKK3), a context-dependent modulator of oncogenic signaling, has been implicated in several solid tumors, but its role in ESCC is unclear. We integrated Mendelian randomization based on cis-expression quantitative trait loci (cis-eQTLs) from 	Human mutation	2026	PMC13383006	True
42519311	A multi-omics framework integrating gut microbiota, blood metabolites, and immune cells to elucidate the pathogenesis of Alzheimer's disease.	Alzheimer's disease (AD) develops through complex interactions between the central nervous system and peripheral systems. The microbiota-metabolite-immune axis has emerged as an important focus of AD research. However, the coordinated mechanisms that regulate this axis remain poorly understood. We used a multi-stage, multi-omics strategy to systematically investigate peripheral-central interaction	Frontiers in immunology	2026	PMC13381253	False
42520998	Single-cell expression quantitative trait loci-based Mendelian randomization identifies MAN1A2 in naive CD4+ T cells as a candidate therapeutic target for osteoarthritis.	Osteoarthritis (OA) is a leading cause of chronic pain and disability worldwide, with growing evidence implicating immune dysregulation in its pathogenesis. However, the specific peripheral immune cell populations contributing causally to OA risk remain poorly characterized. We performed a multi-stage two-sample Mendelian randomization (MR) study integrating single-cell cis-expression quantitative	Experimental gerontology	2026		True
42548293	Multi-Omics Profiling Identifies Novel Therapeutic Targets and Pathobiological Mechanisms in Oral Cancer.	Oral cancer (OC) remains a therapeutic challenge due to limited validated targets. Cis-pQTLs from the deCODE cohort (n&#x2009;=&#x2009;35,559) were harmonized with OC-GWAS (3547 cases and 691,466 controls) meta-data through a two-sample Mendelian randomization (MR) framework. Robust Validation included replication in the UKB-PPP dataset, colocalization analysis, SMR (Summary-based MR), HEIDI (Hete	Journal of cellular and molecular medicine	2026	PMC13434842	False
42548574	Integrating multi-omics data reveals IL-8 positive cancer-associated fibroblasts as mediators of chemotherapy-induced tumor progression in breast cancer.	Recent studies have shown that while chemotherapy kills tumor cells, it may also induce adaptive changes in cells within the tumor microenvironment, particularly cancer-associated fibroblasts (CAFs), which could paradoxically promote tumor progression. This study aimed to investigate the role of CAFs exposed to paclitaxel (PTX) or doxorubicin (DOX) in tumor progression and explore the underlying m	Frontiers in immunology	2026	PMC13429397	False
42557799	Identifying causal genetic markers and cellular mechanisms in diabetic retinopathy through single-cell sc-eQTL analysis and Mendelian randomization.	Diabetic retinopathy (DR) requires robust biomarkers. To overcome the limitations of bulk sequencing, we integrated single-cell eQTL mapping with Mendelian randomization to identify causal cell populations and genes. CD8 Teff cells were expanded in peripheral blood, showing elevation in non-DR diabetes and reaching maximal levels in DR. Mendelian randomization analysis implicated IL2RB as a putati	Ophthalmic genetics	2026		False
42563458	Purine Metabolism-Related Pathogenic Genes in Trigeminal Neuralgia: A Multiomics Mendelian Randomization Study.	To investigate the association between purine metabolism-related genes and trigeminal neuralgia (TN) using multiomics approaches. A multiomics summary-data-based Mendelian randomization (SMR) approach was applied to investigate associations between purine metabolism-related genes and TN. Genome-wide association study (GWAS) data from FinnGen R10 were integrated with blood-derived DNA methylation q	Pain research &amp; management	2026	PMC13448146	True
42570243	Integrative single-cell eQTL and GWAS analyses identify cell-type-specific regulatory mechanisms underlying ESCC susceptibility.	Interpreting genetic risk variants within their relevant cellular contexts remains a central challenge in esophageal squamous cell carcinoma (ESCC), a malignancy with a substantial inherited component. We integrate single-cell RNA sequencing with genotype data to generate a cell-type-resolved expression quantitative trait loci (sc-eQTL) map spanning epithelial, immune, and stromal compartments in 	Cell reports	2026		True
42570508	Mapping the immune-genetic architecture of Epstein-Barr virus-related phenotypes and multiple sclerosis through a single-cell genetic framework for target prioritization and pharmacologic hypothesis generation.	Multiple sclerosis (MS) is a severe neuroinflammatory disease causing substantial long-term disability. Strong epidemiologic evidence links Epstein-Barr virus (EBV) exposure with MS risk, but genetic evidence for immune target prioritization in EBV-related phenotypes remains limited. We integrated single-cell cis-eQTL data from 14 immune cell types with GWASs of an EBV-related clinical phenotype a	Multiple sclerosis and related disorders	2026		False
42574576	ATP13A2 Promotes Endothelial Angiogenic Phenotypes and Is Associated With Poor Prognosis in Liver Hepatocellular Carcinoma.	Liver hepatocellular carcinoma (LIHC) is a molecularly heterogeneous malignancy for which additional genetically supported biomarkers and functional regulators remain to be identified. We aimed to identify candidate genes through integrative genetic and transcriptomic screening, then determine the cellular context and functional relevance of the leading candidate. We applied Summary-data-based Men	Molecular carcinogenesis	2026		False
42581340	Migraine immune cell gene targets and their relationship to psychiatric disorders.	Migraine frequently co-occurs with psychiatric disorders, yet the immunogenetic mechanisms linking these conditions remain largely unexplored. Using cis-eQTL data from 28 immune cell subtypes (1,925 donors) and GWAS summary statistics for migraine and five psychiatric disorders, we performed single-cell transcriptome-wide Mendelian randomization, Bayesian colocalization, genetic correlation, and c	The journal of headache and pain	2026		False
