record_id	gene	chr	pos	p	exposure_profile
r1	VPS9D1-AS1	16	89730161	4.06683442251538e-37	ENSG00000261373|CD4_Naive_stim_16h
r2	CDK10	16	89871237	2.5036438891598e-30	ENSG00000185324|CD4_Memory_stim_5d
r3	CDK10	16	89871237	2.5036438891598497e-30	ENSG00000185324|CD4_Memory_stim_40h
r4	SPATA33	16	89688286	1.2919942347317598e-28	ENSG00000167523|CD4_Memory_stim_40h
r5	SPATA33	16	89688286	1.29199423473178e-28	ENSG00000167523|CD4_Naive_stim_40h
r6	CDK10	16	89641859	4.402488458223321e-25	ENSG00000185324|CD4_Naive_stim_40h
r7	CHMP1A	16	89625361	2.11354669471034e-17	ENSG00000131165|CD4_Naive_stim_40h
r8	PARP1	1	226357732	2.29285890874476e-06	ENSG00000143799|CD4_Memory_stim_16h
r9	PARP1	1	226349687	4.94338392059226e-06	ENSG00000143799|CD4_Naive_stim_40h
r10	CTU2	16	88707120	2.00300944809966e-05	ENSG00000174177|CD4_Naive_stim_40h
r11	PRPSAP2	17	18872252	0.000498267977228	ENSG00000141127|CD4_Naive_stim_5d
r12	CRHR1	17	45592652	0.0004997790262197	ENSG00000263715|CD4_Naive_uns_0h
r13	KANSL1	17	46165240	0.0005037442936992	ENSG00000120071|CD4_Naive_stim_5d
r14	KANSL1	17	46165240	0.0005037442936992	ENSG00000120071|CD4_Memory_stim_5d
r15	KANSL1	17	46256057	0.0005069808348874	ENSG00000120071|CD4_Memory_uns_0h
r16	KANSL1-AS1	17	45947186	0.0007346678392519	ENSG00000214401|CD4_Naive_stim_16h
r17	CLDN7	17	7237287	0.0007558143820171	ENSG00000181885|CD4_Naive_stim_5d
r18	MRPL21	11	68841186	0.0008876145383224	ENSG00000197345|CD4_Memory_stim_40h
r19	MRPL21	11	68841186	0.0008876145383224	ENSG00000197345|CD4_Naive_uns_0h
r20	IMPA1	8	81641748	0.0009255310226316	ENSG00000133731|CD4_Naive_stim_16h
r21	XBP1	22	28834803	0.0010863064407879	ENSG00000100219|CD4_Naive_stim_40h
r22	XBP1	22	28834803	0.0010863064407879	ENSG00000100219|CD4_Memory_stim_5d
r23	ELP5	17	7235919	0.0014812693401428	ENSG00000170291|CD4_Memory_uns_0h
r24	PADI4	1	17360325	0.0016763444552839	ENSG00000159339|CD4_Naive_stim_40h
r25	CTU2	16	88694874	0.0018636216734227	ENSG00000174177|CD4_Naive_stim_16h
r26	ENSG00000254635	10	28510942	0.0020411905143076	ENSG00000254635|CD4_Memory_stim_5d
r27	CTSC	11	88336289	0.0021266682454328	ENSG00000109861|CD4_Memory_uns_0h
r28	ROM1	11	62610749	0.0026591668920814	ENSG00000149489|CD4_Naive_stim_40h
r29	GCC2	2	108429182	0.0026614115377621	ENSG00000135968|CD4_Memory_uns_0h
r30	GCC2	2	108429182	0.0026614115377621	ENSG00000135968|CD4_Naive_uns_0h
r31	MRPL21	11	68849554	0.0029942053882377	ENSG00000197345|CD4_Naive_stim_5d
r32	MRPL21	11	68849554	0.0029942053882377	ENSG00000197345|CD4_Memory_stim_5d
r33	MRPL21	11	68849554	0.0029942053882377	ENSG00000197345|CD4_Naive_stim_40h
r34	PRPSAP2	17	18901100	0.0031699140072109	ENSG00000141127|CD4_Memory_stim_5d
r35	ADGRE1	19	6922961	0.0032749062934614	ENSG00000174837|CD4_Memory_stim_16h
r36	ADGRE1	19	6922961	0.0032749062934614	ENSG00000174837|CD4_Memory_stim_40h
r37	ADGRE1	19	6922961	0.0032749062934614	ENSG00000174837|CD4_Naive_stim_16h
r38	ADGRE1	19	6922961	0.0032749062934614	ENSG00000174837|CD4_Naive_stim_40h
r39	ADGRE1	19	6922961	0.0032749062934614	ENSG00000174837|CD4_Naive_stim_5d
r40	ENSG00000260349	16	9106690	0.0032938977353024	ENSG00000260349|CD4_Memory_stim_5d
r41	ENSG00000260349	16	9106690	0.0032938977353024	ENSG00000260349|CD4_Memory_uns_0h
r42	ENSG00000260349	16	9106690	0.0032938977353024	ENSG00000260349|CD4_Naive_stim_5d
r43	ENSG00000260349	16	9106690	0.0032938977353024	ENSG00000260349|CD4_Naive_uns_0h
r44	TRA2A	7	23436300	0.0040231586373545	ENSG00000164548|CD4_Memory_stim_16h
r45	TRA2A	7	23436300	0.0040231586373545	ENSG00000164548|CD4_Naive_stim_16h
r46	ELP5	17	7242662	0.0040830781992247	ENSG00000170291|CD4_Memory_stim_40h
r47	ELP5	17	7242662	0.0040830781992247	ENSG00000170291|CD4_Memory_stim_5d
r48	ELP5	17	7242662	0.0040830781992247	ENSG00000170291|CD4_Naive_stim_16h
r49	ELP5	17	7242662	0.0040830781992247	ENSG00000170291|CD4_Naive_stim_40h
r50	ELP5	17	7242662	0.0040830781992247	ENSG00000170291|CD4_Naive_stim_5d
r51	GSTM4	1	109651023	0.0042056762568403	ENSG00000168765|CD4_Naive_uns_0h
r52	GSTM4	1	109651023	0.0042056762568403	ENSG00000168765|CD4_Memory_stim_16h
r53	GSTM4	1	109651023	0.0042056762568403	ENSG00000168765|CD4_Naive_stim_16h
r54	GSTM4	1	109651023	0.0042056762568403	ENSG00000168765|CD4_Naive_stim_5d
r55	MT1X	16	56682244	0.0044537918245153	ENSG00000187193|CD4_Memory_uns_0h
r56	MMAB	12	109510100	0.0044651669039271	ENSG00000139428|CD4_Naive_stim_5d
r57	MT2A	16	56614714	0.0045646634921191	ENSG00000125148|CD4_Memory_uns_0h
r58	MT2A	16	56614714	0.0045646634921191	ENSG00000125148|CD4_Naive_stim_5d
r59	POLR2E	19	1095431	0.0047791066492404	ENSG00000099817|CD4_Memory_uns_0h
r60	UBALD2	17	76265596	0.0047956382014588	ENSG00000185262|CD4_Memory_stim_16h
r61	ELP5	17	7273901	0.0054192602187184	ENSG00000170291|CD4_Naive_uns_0h
r62	ENSG00000260349	16	9099866	0.0056583105192465	ENSG00000260349|CD4_Memory_stim_16h
r63	SMC2	9	104125300	0.0057955065336364	ENSG00000136824|CD4_Naive_stim_40h
r64	CPA5	7	130363820	0.0059898113868113	ENSG00000158525|CD4_Memory_stim_16h
r65	CPA5	7	130363820	0.0059898113868113	ENSG00000158525|CD4_Memory_uns_0h
r66	ENSG00000244459	4	1607081	0.0060965420085933	ENSG00000244459|CD4_Naive_uns_0h
r67	ENSG00000244459	4	1607081	0.0060965420085933	ENSG00000244459|CD4_Memory_uns_0h
r68	F5	1	169556528	0.0063513106418199	ENSG00000198734|CD4_Memory_stim_16h
r69	F5	1	169556528	0.0063513106418199	ENSG00000198734|CD4_Naive_stim_40h
r70	F5	1	169556528	0.00635131064182	ENSG00000198734|CD4_Memory_stim_40h
r71	F5	1	169556528	0.00635131064182	ENSG00000198734|CD4_Memory_stim_5d
r72	ELP5	17	7234631	0.0064673904120799	ENSG00000170291|CD4_Memory_stim_16h
r73	HLA-C	6	31268690	0.0065121749700647	ENSG00000204525|CD4_Naive_stim_40h
r74	SERPINB9	6	2861660	0.0065460369803336	ENSG00000170542|CD4_Naive_uns_0h
r75	FADS1	11	61779596	0.0066170621840066	ENSG00000149485|CD4_Memory_uns_0h
r76	CPA5	7	130363617	0.0068286524419713	ENSG00000158525|CD4_Naive_stim_16h
r77	CPA5	7	130363617	0.0068286524419713	ENSG00000158525|CD4_Memory_stim_40h
r78	CPA5	7	130363617	0.0068286524419713	ENSG00000158525|CD4_Memory_stim_5d
r79	CPA5	7	130363617	0.0068286524419713	ENSG00000158525|CD4_Naive_stim_40h
r80	CPA5	7	130363617	0.0068286524419713	ENSG00000158525|CD4_Naive_uns_0h
r81	CPA5	7	130363617	0.0068286524419713	ENSG00000158525|CD4_Naive_stim_5d
r82	KIAA0040	1	175159575	0.0068443307611447	ENSG00000235750|CD4_Memory_stim_40h
r83	ZNF257	19	21938656	0.0071608957119364	ENSG00000197134|CD4_Memory_stim_5d
r84	GSTM4	1	109654510	0.0072069386178978	ENSG00000168765|CD4_Memory_stim_40h
r85	GSTM4	1	109654510	0.0072069386178978	ENSG00000168765|CD4_Memory_stim_5d
r86	GSTM4	1	109654510	0.0072069386178978	ENSG00000168765|CD4_Memory_uns_0h
r87	GSTM4	1	109654510	0.0072069386178978	ENSG00000168765|CD4_Naive_stim_40h
r88	PDS5B	13	32631522	0.0073662061312454	ENSG00000083642|CD4_Naive_stim_16h
r89	HLA-DQB1	6	32658953	0.0079091803919794	ENSG00000179344|CD4_Naive_stim_16h
r90	HLA-DQB1	6	32658953	0.0079091803919794	ENSG00000179344|CD4_Naive_uns_0h
r91	PSMG1	21	39156078	0.0081573698063378	ENSG00000183527|CD4_Naive_stim_40h
r92	MED8	1	43464317	0.0083458013937521	ENSG00000159479|CD4_Memory_stim_40h
r93	C1orf50	1	42728219	0.008946989769056	ENSG00000164008|CD4_Memory_stim_40h
r94	C1orf50	1	42728219	0.008946989769056	ENSG00000164008|CD4_Memory_stim_5d
r95	C1orf50	1	42728219	0.008946989769056	ENSG00000164008|CD4_Naive_stim_5d
r96	C1orf50	1	42730883	0.0089546805421761	ENSG00000164008|CD4_Memory_stim_16h
r97	C1orf50	1	42730883	0.0089546805421761	ENSG00000164008|CD4_Naive_uns_0h
r98	C1orf50	1	42730883	0.0089546805421761	ENSG00000164008|CD4_Naive_stim_16h
r99	SP140	2	230323002	0.0089668858707737	ENSG00000079263|CD4_Naive_stim_16h
r100	ANKS6	9	98643682	0.0093290378447228	ENSG00000165138|CD4_Naive_stim_40h
r101	HLA-B	6	31353491	0.0097215213425509	ENSG00000234745|CD4_Memory_stim_40h
r102	HLA-B	6	31353491	0.0097215213425509	ENSG00000234745|CD4_Naive_stim_40h
r103	HLA-B	6	31353491	0.0097215213425509	ENSG00000234745|CD4_Naive_stim_5d
r104	HRAS	11	591083	0.0097744974791844	ENSG00000174775|CD4_Naive_stim_16h
r105	DHRS7	14	60138998	0.0100079996281516	ENSG00000100612|CD4_Naive_uns_0h
r106	FADS2	11	61788567	0.0100530845947013	ENSG00000134824|CD4_Naive_stim_5d
r107	MED8	1	43377570	0.010662909560902	ENSG00000159479|CD4_Memory_stim_16h
r108	MED8	1	43377570	0.010662909560902	ENSG00000159479|CD4_Naive_stim_40h
r109	PFDN1	5	140163794	0.0111198269548571	ENSG00000113068|CD4_Naive_stim_40h
r110	GPR180	13	94627251	0.0114965477185384	ENSG00000152749|CD4_Naive_uns_0h
r111	CAT	11	34447389	0.012135541605725	ENSG00000121691|CD4_Naive_stim_16h
r112	MCUB	4	109623800	0.0127031444459634	ENSG00000005059|CD4_Naive_uns_0h
r113	SLC25A24	1	108184285	0.0132960763226812	ENSG00000085491|CD4_Naive_stim_5d
r114	SLC25A24	1	108184285	0.0132960763226812	ENSG00000085491|CD4_Memory_stim_40h
r115	SLC25A24	1	108184285	0.0132960763226812	ENSG00000085491|CD4_Memory_stim_5d
r116	TMEM9B	11	8964472	0.0133888158590806	ENSG00000175348|CD4_Naive_stim_5d
r117	DEPDC1B	5	60615609	0.0135968625253756	ENSG00000035499|CD4_Naive_stim_40h
r118	CAMK1D	10	12696993	0.0143010414004023	ENSG00000183049|CD4_Memory_stim_5d
r119	SPSB2	12	6869846	0.014600431658258	ENSG00000111671|CD4_Memory_uns_0h
r120	PDS5B	13	32630605	0.0150242932281545	ENSG00000083642|CD4_Naive_uns_0h
r121	METTL26	16	696246	0.0153942542416028	ENSG00000130731|CD4_Memory_stim_16h
r122	FADS2	11	61828092	0.0163000118015616	ENSG00000134824|CD4_Memory_stim_40h
r123	FADS2	11	61828092	0.0163000118015617	ENSG00000134824|CD4_Memory_stim_16h
r124	FADS2	11	61828092	0.0163000118015617	ENSG00000134824|CD4_Memory_stim_5d
r125	FADS2	11	61828092	0.0163000118015617	ENSG00000134824|CD4_Naive_stim_40h
r126	CFL2	14	34688229	0.0164302679606028	ENSG00000165410|CD4_Naive_uns_0h
r127	PSMB5	14	23022075	0.0170923963269047	ENSG00000100804|CD4_Naive_stim_40h
r128	PSMB5	14	23022075	0.0170923963269048	ENSG00000100804|CD4_Memory_stim_40h
r129	SDCCAG8	1	243309499	0.0171349799610129	ENSG00000054282|CD4_Naive_stim_40h
r130	SDCCAG8	1	243309499	0.0171349799610129	ENSG00000054282|CD4_Naive_stim_5d
r131	GDI2	10	5790242	0.0173120370624226	ENSG00000057608|CD4_Memory_stim_5d
r132	GDI2	10	5790242	0.0173120370624226	ENSG00000057608|CD4_Memory_uns_0h
r133	SGF29	16	28544269	0.0173142246156532	ENSG00000176476|CD4_Naive_stim_5d
r134	C1orf50	1	42767127	0.0175771899666321	ENSG00000164008|CD4_Naive_stim_40h
r135	TYW1B	7	72737931	0.0176181225138622	ENSG00000277149|CD4_Memory_stim_40h
r136	TYW1B	7	72737931	0.0176181225138622	ENSG00000277149|CD4_Naive_stim_16h
r137	TYW1B	7	72737931	0.0176181225138622	ENSG00000277149|CD4_Memory_stim_16h
r138	TYW1B	7	72737931	0.0176181225138622	ENSG00000277149|CD4_Memory_stim_5d
r139	TYW1B	7	72737931	0.0176181225138622	ENSG00000277149|CD4_Naive_stim_40h
r140	TYW1B	7	72718240	0.0177855929392031	ENSG00000277149|CD4_Memory_uns_0h
r141	ACADVL	17	7230810	0.0178105480035314	ENSG00000072778|CD4_Memory_stim_5d
r142	PIK3IP1	22	31522687	0.0178914900281395	ENSG00000100100|CD4_Naive_uns_0h
r143	POLR2D	2	127843035	0.0180570712121753	ENSG00000144231|CD4_Naive_stim_40h
r144	POLR2D	2	127843035	0.0180570712121753	ENSG00000144231|CD4_Naive_stim_16h
r145	PDS5B	13	32628998	0.0182984213157897	ENSG00000083642|CD4_Naive_stim_40h
r146	NSG1	4	4347752	0.0183481920573154	ENSG00000168824|CD4_Naive_uns_0h
r147	APOBEC3G	22	39086804	0.0196161318579402	ENSG00000239713|CD4_Naive_stim_40h
r148	APOBEC3G	22	39086804	0.0196161318579402	ENSG00000239713|CD4_Naive_stim_5d
r149	MT1F	16	56649714	0.0199773266812862	ENSG00000198417|CD4_Naive_uns_0h
r150	RAI1	17	17665972	0.0200366838220231	ENSG00000108557|CD4_Naive_stim_40h
r151	ARSA	22	50621621	0.0204250303875459	ENSG00000100299|CD4_Naive_stim_5d
r152	ARSA	22	50621621	0.0204250303875459	ENSG00000100299|CD4_Naive_uns_0h
r153	DSCC1	8	119852600	0.0211040491585153	ENSG00000136982|CD4_Memory_stim_16h
r154	DSCC1	8	119852600	0.0211040491585153	ENSG00000136982|CD4_Naive_stim_16h
r155	KRTCAP3	2	27520556	0.0223091552378318	ENSG00000157992|CD4_Memory_stim_40h
r156	KRTCAP3	2	27520556	0.0223091552378318	ENSG00000157992|CD4_Naive_stim_40h
r157	FAM221A	7	23674669	0.0225301342591913	ENSG00000188732|CD4_Memory_stim_16h
r158	KRTCAP3	2	27369556	0.0228889549746187	ENSG00000157992|CD4_Naive_stim_5d
r159	KRTCAP3	2	27369556	0.0228889549746187	ENSG00000157992|CD4_Naive_stim_16h
r160	C17orf49	17	6989493	0.0231708650077268	ENSG00000258315|CD4_Memory_stim_40h
r161	ERCC8	5	61188352	0.0234872782561493	ENSG00000049167|CD4_Naive_stim_5d
r162	UNC50	2	98555781	0.0236409800890221	ENSG00000115446|CD4_Naive_stim_16h
r163	WBP1L	10	102811679	0.0243140963351286	ENSG00000166272|CD4_Memory_stim_5d
r164	KRTCAP3	2	27391582	0.0246878485071376	ENSG00000157992|CD4_Memory_stim_5d
r165	KRTCAP3	2	27391582	0.0246878485071376	ENSG00000157992|CD4_Naive_uns_0h
r166	ZNF257	19	22072997	0.0250771190335112	ENSG00000197134|CD4_Naive_stim_40h
r167	SPSB2	12	6847298	0.0251440873600563	ENSG00000111671|CD4_Naive_uns_0h
r168	SPSB2	12	6847298	0.0251440873600564	ENSG00000111671|CD4_Naive_stim_40h
r169	ZNF257	19	22053108	0.0252079072397185	ENSG00000197134|CD4_Naive_stim_5d
r170	TPI1	12	6867132	0.0252424143805363	ENSG00000111669|CD4_Naive_stim_16h
r171	SAT2	17	7554035	0.0253677333328779	ENSG00000141504|CD4_Memory_uns_0h
r172	PSMB1	6	170594412	0.0254142009350347	ENSG00000008018|CD4_Memory_stim_16h
r173	PSMB1	6	170594412	0.0254142009350347	ENSG00000008018|CD4_Naive_stim_16h
r174	MRPL42	12	93465779	0.0254523885740775	ENSG00000198015|CD4_Memory_stim_16h
r175	MRPL42	12	93465779	0.0254523885740775	ENSG00000198015|CD4_Memory_stim_40h
r176	MRPL42	12	93465779	0.0254523885740775	ENSG00000198015|CD4_Naive_stim_40h
r177	CDC7	1	91475693	0.0255629746578607	ENSG00000097046|CD4_Memory_stim_5d
r178	SGF29	16	28530851	0.0256008620187093	ENSG00000176476|CD4_Memory_stim_5d
r179	SGF29	16	28530851	0.0256008620187093	ENSG00000176476|CD4_Memory_uns_0h
r180	SGF29	16	28530851	0.0256008620187093	ENSG00000176476|CD4_Naive_uns_0h
r181	GCH1	14	54863537	0.0267363599515999	ENSG00000131979|CD4_Memory_stim_40h
r182	GCH1	14	54863537	0.0267363599515999	ENSG00000131979|CD4_Naive_stim_16h
r183	APOBEC3G	22	39094963	0.0270053940176909	ENSG00000239713|CD4_Memory_stim_5d
r184	SLC12A2-DT	5	128119316	0.0271157650560562	ENSG00000245937|CD4_Naive_stim_40h
r185	EIF2AK1	7	6025563	0.0273148452327151	ENSG00000086232|CD4_Naive_stim_5d
r186	C17orf49	17	7009483	0.0274279316229131	ENSG00000258315|CD4_Naive_stim_40h
r187	CFL2	14	34706738	0.0278200487158955	ENSG00000165410|CD4_Naive_stim_16h
r188	CFL2	14	34706738	0.0278200487158955	ENSG00000165410|CD4_Naive_stim_40h
r189	CFL2	14	34706738	0.0278200487158955	ENSG00000165410|CD4_Naive_stim_5d
r190	GDI2	10	5785366	0.0289685587606993	ENSG00000057608|CD4_Naive_stim_5d
r191	HDHD2	18	47177414	0.0292491191334198	ENSG00000167220|CD4_Memory_stim_16h
r192	SIRPG	20	1634947	0.0299143013814137	ENSG00000089012|CD4_Naive_stim_5d
r193	SCCPDH	1	246729393	0.0299967002635641	ENSG00000143653|CD4_Naive_stim_16h
r194	CFL2	14	34712580	0.0303495556487058	ENSG00000165410|CD4_Memory_stim_16h
r195	WBP1L	10	102814805	0.0307560300583644	ENSG00000166272|CD4_Naive_stim_5d
r196	ENSG00000268030	19	18579020	0.0314336670294636	ENSG00000268030|CD4_Naive_uns_0h
r197	EFCAB13	17	47281478	0.031497730568941	ENSG00000178852|CD4_Naive_uns_0h
r198	SPSB2	12	6886522	0.0321371143558625	ENSG00000111671|CD4_Memory_stim_16h
r199	SPSB2	12	6886522	0.0321371143558625	ENSG00000111671|CD4_Memory_stim_40h
r200	MMP24OS	20	35274101	0.0327839514883973	ENSG00000126005|CD4_Memory_stim_5d
r201	MMP24OS	20	35274101	0.0327839514883973	ENSG00000126005|CD4_Naive_stim_40h
r202	EEA1	12	92810591	0.0327906487632302	ENSG00000102189|CD4_Naive_uns_0h
r203	ZDHHC2	8	17277778	0.0328564035874859	ENSG00000104219|CD4_Memory_uns_0h
r204	ZDHHC2	8	17277778	0.0328564035874859	ENSG00000104219|CD4_Naive_uns_0h
r205	SURF1	9	133443421	0.0332709173610781	ENSG00000148290|CD4_Naive_stim_5d
r206	C17orf49	17	6998860	0.0333638555328332	ENSG00000258315|CD4_Memory_stim_5d
r207	C17orf49	17	6998860	0.0333638555328332	ENSG00000258315|CD4_Naive_stim_5d
r208	COX11	17	54967964	0.0334590569551898	ENSG00000166260|CD4_Naive_stim_40h
r209	KRT73-AS1	12	52643007	0.0336115605157166	ENSG00000257495|CD4_Naive_uns_0h
r210	ZFYVE19	15	40832560	0.0337926062824488	ENSG00000166140|CD4_Naive_stim_5d
r211	KIAA0040	1	175158635	0.0341374180240467	ENSG00000235750|CD4_Memory_stim_16h
r212	ZNF257	19	22223529	0.034150115237535	ENSG00000197134|CD4_Memory_stim_40h
r213	CTSL	9	87709162	0.0348433575672807	ENSG00000135047|CD4_Memory_stim_16h
r214	CTSL	9	87709162	0.0348433575672807	ENSG00000135047|CD4_Memory_stim_40h
r215	CTSL	9	87709162	0.0348433575672807	ENSG00000135047|CD4_Memory_stim_5d
r216	CTSL	9	87709162	0.0348433575672807	ENSG00000135047|CD4_Memory_uns_0h
r217	CTSL	9	87709162	0.0348433575672807	ENSG00000135047|CD4_Naive_stim_40h
r218	CTSL	9	87709162	0.0348433575672807	ENSG00000135047|CD4_Naive_stim_16h
r219	BDH1	3	197585897	0.0352099361581195	ENSG00000161267|CD4_Naive_stim_40h
r220	KIAA0040	1	175166312	0.0352305918909826	ENSG00000235750|CD4_Naive_stim_5d
r221	KIAA0040	1	175166312	0.0352305918909826	ENSG00000235750|CD4_Memory_stim_5d
r222	TUFM	16	28826194	0.0356371383409963	ENSG00000178952|CD4_Naive_uns_0h
r223	TUFM	16	28826194	0.0356371383409963	ENSG00000178952|CD4_Memory_uns_0h
r224	EIF2A	3	150566025	0.0368626289016163	ENSG00000144895|CD4_Memory_uns_0h
r225	EIF2A	3	150566025	0.0368626289016163	ENSG00000144895|CD4_Naive_stim_16h
r226	FN3KRP	17	82721579	0.0370493329472308	ENSG00000141560|CD4_Naive_uns_0h
r227	SERPINB6	6	2919260	0.0370518767212614	ENSG00000124570|CD4_Memory_uns_0h
r228	SERPINB6	6	2919260	0.0370518767212614	ENSG00000124570|CD4_Naive_stim_16h
r229	SERPINB6	6	2919260	0.0370518767212614	ENSG00000124570|CD4_Memory_stim_16h
r230	SERPINB6	6	2919260	0.0370518767212614	ENSG00000124570|CD4_Memory_stim_40h
r231	SERPINB6	6	2919260	0.0370518767212614	ENSG00000124570|CD4_Naive_stim_40h
r232	SERPINB6	6	2919260	0.0370518767212614	ENSG00000124570|CD4_Naive_uns_0h
r233	PPP1R14B	11	64239012	0.0374005552068345	ENSG00000173457|CD4_Memory_stim_16h
r234	PPP1R14B-AS1	11	64239012	0.0374005552068345	ENSG00000256940|CD4_Naive_stim_40h
r235	PPP1R14B	11	64239012	0.0374005552068346	ENSG00000173457|CD4_Memory_uns_0h
r236	PPP1R14B-AS1	11	64232938	0.0374104669377894	ENSG00000256940|CD4_Memory_uns_0h
r237	WARS1	14	100376300	0.0376745613399187	ENSG00000140105|CD4_Memory_stim_40h
r238	WRAP73	1	3650061	0.0377916072867863	ENSG00000116213|CD4_Naive_stim_40h
r239	GDI2	10	5775664	0.0381231774800416	ENSG00000057608|CD4_Naive_stim_16h
r240	CTSS	1	150713240	0.0384402790751832	ENSG00000163131|CD4_Naive_stim_5d
r241	CTSS	1	150713240	0.0384402790751833	ENSG00000163131|CD4_Memory_stim_5d
r242	CTSS	1	150713240	0.0384402790751833	ENSG00000163131|CD4_Memory_uns_0h
r243	CARD8	19	48232966	0.0386274482667656	ENSG00000105483|CD4_Naive_stim_40h
r244	CEBPZ	2	37233996	0.0388563986396538	ENSG00000115816|CD4_Memory_stim_40h
r245	BANF1	11	65979586	0.039146858160776	ENSG00000175334|CD4_Naive_stim_40h
r246	PPP5C	19	46367875	0.0392869878529284	ENSG00000011485|CD4_Naive_stim_40h
r247	TYMP	22	50543513	0.0394998404904161	ENSG00000025708|CD4_Naive_uns_0h
r248	ALDH18A1	10	95604707	0.0397387915957977	ENSG00000059573|CD4_Naive_stim_16h
r249	BDH1	3	197587185	0.0401519905512198	ENSG00000161267|CD4_Naive_stim_5d
r250	FDFT1	8	11820396	0.040185786593654	ENSG00000079459|CD4_Naive_uns_0h
r251	FDFT1	8	11820396	0.040185786593654	ENSG00000079459|CD4_Memory_uns_0h
r252	PABPC4	1	39570256	0.0411374988420649	ENSG00000090621|CD4_Memory_stim_16h
r253	PABPC4	1	39570256	0.0411374988420649	ENSG00000090621|CD4_Naive_stim_40h
r254	ALG8	11	78034898	0.0412923566517082	ENSG00000159063|CD4_Memory_stim_16h
r255	TP53I13	17	29565997	0.0416033664301209	ENSG00000167543|CD4_Memory_stim_40h
r256	TP53I13	17	29565997	0.0416033664301209	ENSG00000167543|CD4_Naive_stim_40h
r257	LRRC23	12	6899827	0.0418162344773794	ENSG00000010626|CD4_Memory_stim_5d
r258	SLC25A26	3	66289153	0.0421255524521247	ENSG00000144741|CD4_Naive_stim_40h
r259	SESN1	6	109054915	0.0428186789124262	ENSG00000080546|CD4_Naive_stim_16h
r260	SESN1	6	109054915	0.0428186789124262	ENSG00000080546|CD4_Naive_uns_0h
r261	PABPC4	1	39562508	0.043278432523663	ENSG00000090621|CD4_Memory_stim_5d
r262	FN3KRP	17	82720752	0.043307550095123	ENSG00000141560|CD4_Memory_uns_0h
r263	FN3KRP	17	82720752	0.0433075500951231	ENSG00000141560|CD4_Memory_stim_16h
r264	FN3KRP	17	82720752	0.0433075500951231	ENSG00000141560|CD4_Memory_stim_40h
r265	FN3KRP	17	82720752	0.0433075500951231	ENSG00000141560|CD4_Memory_stim_5d
r266	FN3KRP	17	82720752	0.0433075500951231	ENSG00000141560|CD4_Naive_stim_40h
r267	FN3KRP	17	82720752	0.0433075500951231	ENSG00000141560|CD4_Naive_stim_5d
r268	TTC39B	9	15295075	0.0437854431412964	ENSG00000155158|CD4_Memory_stim_5d
r269	TTC39B	9	15295075	0.0437854431412965	ENSG00000155158|CD4_Naive_stim_5d
r270	HLA-DRB1	6	32619340	0.044238546188531	ENSG00000196126|CD4_Memory_stim_16h
r271	TTC39B	9	15301430	0.0455364609778586	ENSG00000155158|CD4_Naive_stim_16h
r272	FN3KRP	17	82717229	0.045977110497206	ENSG00000141560|CD4_Naive_stim_16h
r273	CDC42	1	22113027	0.0461881494382141	ENSG00000070831|CD4_Memory_stim_40h
r274	CDC42	1	22113027	0.0461881494382141	ENSG00000070831|CD4_Naive_stim_40h
r275	PDHB	3	58362430	0.0468258711908021	ENSG00000168291|CD4_Naive_stim_40h
r276	ERN1	17	64039089	0.0468340285242841	ENSG00000178607|CD4_Memory_uns_0h
r277	HSD17B12	11	43785096	0.0470136364177991	ENSG00000149084|CD4_Naive_uns_0h
r278	CENPU	4	184671902	0.0481777304489995	ENSG00000151725|CD4_Memory_stim_16h
r279	SURF1	9	133433609	0.0484815755814386	ENSG00000148290|CD4_Naive_uns_0h
r280	SURF1	9	133433609	0.0484815755814387	ENSG00000148290|CD4_Memory_stim_16h
r281	SURF1	9	133433609	0.0484815755814387	ENSG00000148290|CD4_Memory_uns_0h
r282	SURF1	9	133425943	0.0485812933110677	ENSG00000148290|CD4_Naive_stim_16h
r283	SDK2	17	73591438	0.0492685137943532	ENSG00000069188|CD4_Naive_uns_0h
r284	MED8	1	43460634	0.0495166361807076	ENSG00000159479|CD4_Naive_stim_16h
r285	GCH1	14	54869559	0.0502116361223978	ENSG00000131979|CD4_Naive_stim_5d
r286	SRR	17	2307707	0.0503848434790399	ENSG00000167720|CD4_Memory_stim_40h
r287	NXPE3	3	101805917	0.0507186592559858	ENSG00000144815|CD4_Memory_stim_40h
r288	MCUB	4	109690042	0.0510016218009073	ENSG00000005059|CD4_Naive_stim_5d
r289	CHPT1	12	101680664	0.0510560018651959	ENSG00000111666|CD4_Memory_stim_40h
r290	LMCD1	3	8544493	0.0511666836758539	ENSG00000071282|CD4_Memory_stim_5d
r291	YIPF5	5	144170653	0.0518192891983574	ENSG00000145817|CD4_Memory_uns_0h
r292	EEA1	12	92829590	0.0518542229144402	ENSG00000102189|CD4_Memory_uns_0h
r293	SIRPG	20	1630248	0.053346734574537	ENSG00000089012|CD4_Naive_stim_40h
r294	SIRPG	20	1630248	0.0533467345745371	ENSG00000089012|CD4_Naive_stim_16h
r295	UNC50	2	98446855	0.05381430832676	ENSG00000115446|CD4_Memory_stim_5d
r296	SLC25A26	3	66304487	0.05471336622682	ENSG00000144741|CD4_Memory_stim_40h
r297	U2AF1L4	19	35748583	0.0558328724468012	ENSG00000161265|CD4_Naive_uns_0h
r298	IGFLR1	19	35748583	0.0558328724468012	ENSG00000126246|CD4_Memory_stim_5d
r299	U2AF1L4	19	35748583	0.0558328724468012	ENSG00000161265|CD4_Memory_uns_0h
r300	IGFLR1	19	35749713	0.0558430135770766	ENSG00000126246|CD4_Memory_stim_40h
r301	IGFLR1	19	35749713	0.0558430135770766	ENSG00000126246|CD4_Naive_stim_40h
r302	HAGH	16	1865584	0.0563771224163838	ENSG00000063854|CD4_Memory_stim_5d
r303	PRKCB	16	24033600	0.0573024347893107	ENSG00000166501|CD4_Naive_uns_0h
r304	PRKCB	16	24033600	0.0573024347893108	ENSG00000166501|CD4_Memory_uns_0h
r305	PPP1R14B	11	64204580	0.0573429596455178	ENSG00000173457|CD4_Naive_uns_0h
r306	B4GALNT3	12	552815	0.057574341191869	ENSG00000139044|CD4_Naive_stim_5d
r307	B4GALNT3	12	552815	0.057574341191869	ENSG00000139044|CD4_Memory_stim_16h
r308	B4GALNT3	12	552815	0.057574341191869	ENSG00000139044|CD4_Memory_stim_40h
r309	B4GALNT3	12	552815	0.057574341191869	ENSG00000139044|CD4_Memory_stim_5d
r310	FAM241A	4	112155257	0.0583693006123204	ENSG00000174749|CD4_Naive_stim_40h
r311	FAM221A	7	23676297	0.0591146291727614	ENSG00000188732|CD4_Naive_stim_16h
r312	HDHD2	18	47098485	0.0593437734253715	ENSG00000167220|CD4_Naive_stim_5d
r313	IMMT	2	86165752	0.0594013611867121	ENSG00000132305|CD4_Naive_stim_40h
r314	IMMT	2	86165752	0.0594013611867121	ENSG00000132305|CD4_Naive_stim_16h
r315	RMI2	16	11289662	0.0594683414646634	ENSG00000175643|CD4_Memory_stim_40h
r316	RMI2	16	11289662	0.0594683414646634	ENSG00000175643|CD4_Memory_stim_5d
r317	RSU1	10	16811253	0.061114202619009	ENSG00000148484|CD4_Memory_stim_40h
r318	OSTF1	9	75136306	0.0612309270009141	ENSG00000134996|CD4_Memory_uns_0h
r319	OSTF1	9	75136306	0.0612309270009141	ENSG00000134996|CD4_Memory_stim_40h
r320	OSTF1	9	75136306	0.0612309270009141	ENSG00000134996|CD4_Memory_stim_5d
r321	CENPK	5	65606264	0.0614468416158835	ENSG00000123219|CD4_Memory_uns_0h
r322	CENPK	5	65606264	0.0614468416158835	ENSG00000123219|CD4_Naive_stim_16h
r323	CENPK	5	65606264	0.0614468416158835	ENSG00000123219|CD4_Naive_uns_0h
r324	RPL12	9	127418944	0.0616753418462295	ENSG00000197958|CD4_Naive_stim_16h
r325	DDX1	2	15584082	0.0619193228422176	ENSG00000079785|CD4_Memory_stim_16h
r326	WARS1	14	100344059	0.0621151094687339	ENSG00000140105|CD4_Naive_stim_5d
r327	JAML	11	118198525	0.062744984595773	ENSG00000160593|CD4_Memory_stim_5d
r328	JAML	11	118198525	0.062744984595773	ENSG00000160593|CD4_Memory_uns_0h
r329	SIRPG	20	1634909	0.0628573697242866	ENSG00000089012|CD4_Memory_stim_40h
r330	METTL26	16	656668	0.0628785635519255	ENSG00000130731|CD4_Naive_stim_40h
r331	SERHL2	22	42559747	0.0639334473711232	ENSG00000183569|CD4_Memory_stim_40h
r332	CMTM7	3	32461076	0.0647470602479356	ENSG00000153551|CD4_Memory_uns_0h
r333	BORCS7	10	102813646	0.0647883438334568	ENSG00000166275|CD4_Memory_stim_5d
r334	ENSG00000247317	8	143002864	0.0649224565489277	ENSG00000247317|CD4_Naive_stim_5d
r335	MCUB	4	109646642	0.065775942149489	ENSG00000005059|CD4_Naive_stim_40h
r336	NADSYN1	11	71448718	0.0661223468914156	ENSG00000172890|CD4_Memory_stim_5d
r337	DHCR7-DT	11	71448718	0.0661223468914156	ENSG00000254682|CD4_Memory_uns_0h
r338	DHCR7-DT	11	71448718	0.0661223468914156	ENSG00000254682|CD4_Naive_stim_40h
r339	DHCR7-DT	11	71448718	0.0661223468914156	ENSG00000254682|CD4_Naive_uns_0h
r340	MRPL14	6	44113981	0.0662840056592181	ENSG00000180992|CD4_Naive_stim_5d
r341	MRPL14	6	44113981	0.0662840056592182	ENSG00000180992|CD4_Memory_stim_16h
r342	COG8	16	69182897	0.0664808464919761	ENSG00000213380|CD4_Naive_stim_16h
r343	PVT1	8	127988253	0.0669322936930691	ENSG00000249859|CD4_Memory_stim_16h
r344	LINC01003	7	152466683	0.0670861494172464	ENSG00000261455|CD4_Naive_stim_40h
r345	MAP2K1	15	66319741	0.0673261894360737	ENSG00000169032|CD4_Naive_uns_0h
r346	LOC102723878	11	64333304	0.067729850277104	ENSG00000236935|CD4_Naive_stim_5d
r347	HLA-DRA	6	32459096	0.0679808510785266	ENSG00000204287|CD4_Naive_stim_16h
r348	SCIMP	17	5214511	0.0681378424304165	ENSG00000161929|CD4_Naive_uns_0h
r349	CDC42EP3	2	37852808	0.0681965795562874	ENSG00000163171|CD4_Naive_stim_16h
r350	NDFIP1	5	142086494	0.0686709808250707	ENSG00000131507|CD4_Naive_stim_5d
r351	MMAB	12	109562589	0.0687457470002864	ENSG00000139428|CD4_Naive_stim_16h
r352	ANK3	10	60725598	0.0696200479353652	ENSG00000151150|CD4_Naive_stim_40h
r353	KLHL18	3	47287254	0.0699356919316464	ENSG00000114648|CD4_Memory_stim_40h
r354	KLHL18	3	47287254	0.0699356919316464	ENSG00000114648|CD4_Naive_stim_40h
r355	KLHL18	3	47287254	0.0699356919316464	ENSG00000114648|CD4_Naive_stim_5d
r356	KLHL18	3	47287254	0.0699356919316464	ENSG00000114648|CD4_Memory_stim_16h
r357	KLHL18	3	47287254	0.0699356919316464	ENSG00000114648|CD4_Naive_stim_16h
r358	TMEM204	16	1533633	0.0700571686482704	ENSG00000131634|CD4_Memory_uns_0h
r359	TMEM204	16	1533633	0.0700571686482704	ENSG00000131634|CD4_Naive_uns_0h
r360	MRPL14	6	44095480	0.0704677060114376	ENSG00000180992|CD4_Naive_stim_16h
r361	MRPL14	6	44095480	0.0704677060114377	ENSG00000180992|CD4_Naive_stim_40h
r362	BORCS7	10	102852007	0.0718029326350853	ENSG00000166275|CD4_Memory_stim_16h
r363	BORCS7	10	102852007	0.0718029326350853	ENSG00000166275|CD4_Memory_uns_0h
r364	BORCS7	10	102852007	0.0718029326350853	ENSG00000166275|CD4_Naive_stim_16h
r365	BORCS7	10	102852007	0.0718029326350853	ENSG00000166275|CD4_Naive_stim_40h
r366	BORCS7	10	102852007	0.0718029326350853	ENSG00000166275|CD4_Naive_stim_5d
r367	BORCS7	10	102852007	0.0718029326350853	ENSG00000166275|CD4_Naive_uns_0h
r368	SNRPD2	19	45681959	0.0718057622384654	ENSG00000125743|CD4_Memory_uns_0h
r369	SNRPD2	19	45681959	0.0718057622384654	ENSG00000125743|CD4_Naive_stim_16h
r370	LMOD3	3	69104703	0.071908027647871	ENSG00000163380|CD4_Naive_stim_5d
r371	CNKSR1	1	26165001	0.0719509488521358	ENSG00000142675|CD4_Naive_stim_5d
r372	NSG1	4	4339608	0.0721268869429345	ENSG00000168824|CD4_Memory_uns_0h
r373	ITM2C	2	230896804	0.0722640778612676	ENSG00000135916|CD4_Naive_stim_40h
r374	COA6-AS1	1	234390135	0.0723190372676912	ENSG00000231663|CD4_Memory_stim_40h
r375	COA6-AS1	1	234390135	0.0723190372676912	ENSG00000231663|CD4_Naive_uns_0h
r376	COA6-AS1	1	234390135	0.0723190372676912	ENSG00000231663|CD4_Memory_uns_0h
r377	PCCB	3	136434626	0.0723472524697581	ENSG00000114054|CD4_Memory_stim_40h
r378	CHMP2B	3	87239287	0.0723530514335958	ENSG00000083937|CD4_Naive_stim_40h
r379	PTER	10	16497079	0.0725617273077184	ENSG00000165983|CD4_Memory_stim_40h
r380	ENSG00000272501	6	31188309	0.0733732685833979	ENSG00000272501|CD4_Naive_stim_5d
r381	ENSG00000272501	6	31188309	0.073373268583398	ENSG00000272501|CD4_Naive_uns_0h
r382	PEAK1	15	77419377	0.073378741019708	ENSG00000173517|CD4_Naive_stim_16h
r383	WDR41	5	77533598	0.0734464036768887	ENSG00000164253|CD4_Memory_stim_40h
r384	LINC01003	7	152446659	0.0739731179829022	ENSG00000261455|CD4_Memory_stim_40h
r385	SLC12A2-DT	5	128014857	0.0743702226285803	ENSG00000245937|CD4_Memory_stim_5d
r386	SUPT3H	6	45263337	0.0744215291177436	ENSG00000196284|CD4_Memory_uns_0h
r387	ACOT4	14	73583539	0.074921977658628	ENSG00000177465|CD4_Memory_stim_40h
r388	ACOT4	14	73583539	0.074921977658628	ENSG00000177465|CD4_Memory_uns_0h
r389	ACOT4	14	73583539	0.074921977658628	ENSG00000177465|CD4_Naive_stim_40h
r390	WARS1	14	100329001	0.0754264339040635	ENSG00000140105|CD4_Memory_stim_16h
r391	ACOT4	14	73583282	0.0756693434981335	ENSG00000177465|CD4_Naive_uns_0h
r392	ENTPD1	10	95714614	0.0763396527144036	ENSG00000138185|CD4_Memory_stim_5d
r393	ENTPD1	10	95714614	0.0763396527144037	ENSG00000138185|CD4_Memory_uns_0h
r394	ENTPD1	10	95714614	0.0763396527144037	ENSG00000138185|CD4_Naive_stim_5d
r395	TCTN3	10	95722235	0.0768885083835439	ENSG00000119977|CD4_Memory_stim_5d
r396	TCTN3	10	95722235	0.0768885083835439	ENSG00000119977|CD4_Naive_stim_5d
r397	WARS1	14	100362288	0.0769814814786001	ENSG00000140105|CD4_Naive_stim_40h
r398	ENTPD1	10	95802129	0.077567577408278	ENSG00000138185|CD4_Memory_stim_40h
r399	FAIM	3	138606378	0.0779507698261705	ENSG00000158234|CD4_Naive_stim_40h
r400	SLC18B1	6	132797629	0.0781058457606552	ENSG00000146409|CD4_Memory_stim_16h
r401	FAM162A	3	122348735	0.0781330477210237	ENSG00000114023|CD4_Naive_stim_16h
r402	B4GALT7	5	177639199	0.0785001686618426	ENSG00000027847|CD4_Memory_stim_16h
r403	SF1	11	64666679	0.0797749851203617	ENSG00000168066|CD4_Naive_uns_0h
r404	CHCHD2	7	56088463	0.0797940228399119	ENSG00000106153|CD4_Memory_uns_0h
r405	HDHD2	18	47067850	0.0798790712938106	ENSG00000167220|CD4_Naive_stim_16h
r406	HDHD2	18	47067850	0.0798790712938106	ENSG00000167220|CD4_Naive_stim_40h
r407	HDDC2	6	125275811	0.0806595165939853	ENSG00000111906|CD4_Memory_stim_40h
r408	HDDC2	6	125275811	0.0806595165939853	ENSG00000111906|CD4_Memory_uns_0h
r409	COX11	17	54957291	0.0810106356524081	ENSG00000166260|CD4_Memory_stim_40h
r410	SUPT3H	6	45299191	0.0811059853553532	ENSG00000196284|CD4_Naive_stim_5d
r411	CDC42EP3	2	37833440	0.0811082220833722	ENSG00000163171|CD4_Naive_stim_40h
r412	DDX51	12	132119703	0.0811099169950099	ENSG00000185163|CD4_Naive_stim_40h
r413	REEP4	8	22146940	0.0815550166686376	ENSG00000168476|CD4_Memory_stim_5d
r414	TRIM23	5	65594652	0.0826044522945804	ENSG00000113595|CD4_Memory_stim_5d
r415	TRIM23	5	65594652	0.0826044522945804	ENSG00000113595|CD4_Naive_stim_40h
r416	TRIM23	5	65594652	0.0826044522945804	ENSG00000113595|CD4_Naive_stim_5d
r417	TRIM23	5	65594652	0.0826044522945805	ENSG00000113595|CD4_Memory_stim_16h
r418	TRIM23	5	65592088	0.083101691914692	ENSG00000113595|CD4_Naive_stim_16h
r419	ENSG00000260349	16	9084063	0.0832702861767445	ENSG00000260349|CD4_Naive_stim_16h
r420	SRR	17	2228286	0.0833572924881786	ENSG00000167720|CD4_Naive_stim_5d
r421	SRR	17	2228286	0.0833572924881786	ENSG00000167720|CD4_Naive_stim_40h
r422	GCK	7	44134359	0.0837159378583827	ENSG00000106633|CD4_Memory_stim_16h
r423	GCK	7	44134359	0.0837159378583827	ENSG00000106633|CD4_Naive_stim_40h
r424	DHCR7-DT	11	71454579	0.0839354354021607	ENSG00000254682|CD4_Naive_stim_16h
r425	DHCR7-DT	11	71454579	0.0839354354021607	ENSG00000254682|CD4_Naive_stim_5d
r426	PPWD1	5	65564057	0.0839773474701627	ENSG00000113593|CD4_Naive_uns_0h
r427	ZNF502	3	44842479	0.0844508168783932	ENSG00000196653|CD4_Naive_uns_0h
r428	PIGH	14	67599272	0.0845137450997086	ENSG00000100564|CD4_Naive_stim_5d
r429	CARD8	19	48252010	0.0845844806655801	ENSG00000105483|CD4_Naive_stim_5d
r430	CARD8-AS1	19	48252010	0.0845844806655801	ENSG00000268001|CD4_Memory_stim_16h
r431	CARD8-AS1	19	48252010	0.0845844806655801	ENSG00000268001|CD4_Naive_stim_16h
r432	CARD8-AS1	19	48252010	0.0845844806655801	ENSG00000268001|CD4_Memory_uns_0h
r433	CARD8-AS1	19	48252010	0.0845844806655801	ENSG00000268001|CD4_Naive_uns_0h
r434	RPS26	12	56007301	0.0856875151467907	ENSG00000197728|CD4_Memory_stim_40h
r435	RPS26	12	56007301	0.0856875151467907	ENSG00000197728|CD4_Memory_uns_0h
r436	RPS26	12	56007301	0.0856875151467907	ENSG00000197728|CD4_Naive_stim_5d
r437	RPS26	12	56007301	0.0856875151467908	ENSG00000197728|CD4_Memory_stim_16h
r438	RPS26	12	56007301	0.0856875151467908	ENSG00000197728|CD4_Memory_stim_5d
r439	RPS26	12	56007301	0.0856875151467908	ENSG00000197728|CD4_Naive_stim_16h
r440	RPS26	12	56007301	0.0856875151467908	ENSG00000197728|CD4_Naive_stim_40h
r441	RPS26	12	56007301	0.0856875151467908	ENSG00000197728|CD4_Naive_uns_0h
r442	ARHGEF19	1	16211257	0.0870683436625715	ENSG00000142632|CD4_Memory_stim_5d
r443	ARHGEF19	1	16211257	0.0870683436625715	ENSG00000142632|CD4_Naive_stim_16h
r444	PDE4A	19	10408265	0.0875794397218368	ENSG00000065989|CD4_Naive_stim_5d
r445	LIN52	14	74180460	0.0884731407791831	ENSG00000205659|CD4_Naive_stim_5d
r446	SURF1	9	133427807	0.0885717295592363	ENSG00000148290|CD4_Memory_stim_5d
r447	REEP4	8	22154274	0.0888963549741543	ENSG00000168476|CD4_Naive_stim_5d
r448	REEP4	8	22154274	0.0888963549741543	ENSG00000168476|CD4_Memory_uns_0h
r449	TBCA	5	77758979	0.0890093665272988	ENSG00000171530|CD4_Memory_stim_16h
r450	RPL12	9	127426397	0.0897744525322931	ENSG00000197958|CD4_Memory_stim_40h
r451	RPL12	9	127426397	0.0897744525322931	ENSG00000197958|CD4_Naive_stim_40h
r452	RPL12	9	127426397	0.0897744525322931	ENSG00000197958|CD4_Naive_stim_5d
r453	RPL12	9	127426397	0.0897744525322932	ENSG00000197958|CD4_Memory_stim_5d
r454	NDUFA10	2	240022777	0.0903729670331471	ENSG00000130414|CD4_Naive_uns_0h
r455	FAIM	3	138616085	0.0922360166412247	ENSG00000158234|CD4_Naive_stim_16h
r456	WARS1	14	100331675	0.0923532447762164	ENSG00000140105|CD4_Naive_stim_16h
r457	TAPBPL	12	6485089	0.0929544011012911	ENSG00000139192|CD4_Naive_stim_40h
r458	ANK1	8	41766587	0.0936348419336871	ENSG00000029534|CD4_Memory_stim_40h
r459	PIM1	6	37031803	0.0941341144458714	ENSG00000137193|CD4_Memory_stim_5d
r460	ENTPD1-AS1	10	95928747	0.0948995428763234	ENSG00000226688|CD4_Naive_stim_5d
r461	CERK	22	46682831	0.0949828285717009	ENSG00000100422|CD4_Memory_stim_5d
r462	CIB2	15	78102637	0.0951251751216333	ENSG00000136425|CD4_Memory_stim_5d
r463	ENSG00000255328	11	324630	0.0959381850985255	ENSG00000255328|CD4_Naive_uns_0h
r464	VAMP2	17	8226220	0.0966997477875006	ENSG00000220205|CD4_Memory_stim_40h
r465	VAMP2	17	8226220	0.0966997477875006	ENSG00000220205|CD4_Memory_stim_5d
r466	UBE2Z	17	48957057	0.096751867035687	ENSG00000159202|CD4_Memory_stim_40h
r467	ZFAS1	20	49215517	0.097699381244257	ENSG00000177410|CD4_Naive_stim_5d
r468	CCDC174	3	14652285	0.0977526440651354	ENSG00000154781|CD4_Memory_stim_40h
r469	CENPU	4	184698954	0.0980753557616998	ENSG00000151725|CD4_Memory_stim_40h
r470	CENPU	4	184698954	0.0980753557616998	ENSG00000151725|CD4_Memory_stim_5d
r471	CENPU	4	184698954	0.0980753557616998	ENSG00000151725|CD4_Naive_stim_40h
r472	CENPU	4	184698954	0.0980753557616998	ENSG00000151725|CD4_Naive_stim_5d
r473	CENPU	4	184698954	0.0980753557616998	ENSG00000151725|CD4_Naive_stim_16h
r474	MRPL48	11	73929055	0.0981622135817405	ENSG00000175581|CD4_Memory_stim_16h
r475	RPS9	19	54202554	0.0988600444386448	ENSG00000170889|CD4_Memory_uns_0h
r476	RPS9	19	54202554	0.0988600444386448	ENSG00000170889|CD4_Naive_uns_0h
r477	ADGRE1	19	6925935	0.0990548308842642	ENSG00000174837|CD4_Naive_uns_0h
r478	LINC00649	21	33957948	0.0991378825746792	ENSG00000237945|CD4_Naive_uns_0h
r479	SUPT3H	6	45153097	0.0993328670599127	ENSG00000196284|CD4_Naive_uns_0h
r480	C4orf33	4	128967632	0.0993458464501039	ENSG00000151470|CD4_Naive_stim_5d
r481	PVT1	8	127995933	0.0995453066307677	ENSG00000249859|CD4_Memory_uns_0h
r482	ENSG00000255221	11	105050684	0.099609305596191	ENSG00000255221|CD4_Memory_stim_5d
r483	ENSG00000255221	11	105050684	0.099609305596191	ENSG00000255221|CD4_Naive_stim_5d
r484	TIFA	4	112309384	0.100339188736027	ENSG00000145365|CD4_Naive_stim_16h
r485	EEF1AKMT2	10	124731272	0.101137590486795	ENSG00000203791|CD4_Memory_stim_40h
r486	SMDT1	22	42069256	0.101539823062661	ENSG00000183172|CD4_Naive_stim_5d
r487	SMDT1	22	42069256	0.101539823062661	ENSG00000183172|CD4_Memory_stim_40h
r488	SMDT1	22	42069256	0.101539823062661	ENSG00000183172|CD4_Memory_stim_5d
r489	SMDT1	22	42069256	0.101539823062661	ENSG00000183172|CD4_Memory_uns_0h
r490	SMDT1	22	42069256	0.101539823062661	ENSG00000183172|CD4_Naive_uns_0h
r491	SMDT1	22	42069256	0.101539823062661	ENSG00000183172|CD4_Memory_stim_16h
r492	ZNF502	3	44721338	0.101781262218181	ENSG00000196653|CD4_Memory_stim_16h
r493	ZNF502	3	44721338	0.101781262218181	ENSG00000196653|CD4_Naive_stim_16h
r494	ENSG00000279159	22	29861044	0.102220973403095	ENSG00000279159|CD4_Naive_uns_0h
r495	ENSG00000279159	22	29861044	0.102220973403095	ENSG00000279159|CD4_Memory_uns_0h
r496	ENSG00000279159	22	29861044	0.102220973403095	ENSG00000279159|CD4_Naive_stim_16h
r497	LYPLAL1	1	219182236	0.102282060730345	ENSG00000143353|CD4_Naive_stim_40h
r498	IFITM2	11	306884	0.102771113747804	ENSG00000185201|CD4_Memory_uns_0h
r499	IFITM2	11	306884	0.102771113747804	ENSG00000185201|CD4_Naive_stim_5d
r500	TMPRSS6	22	37095110	0.102965504267429	ENSG00000187045|CD4_Memory_stim_40h
r501	TAPBP	6	33300960	0.103048083238991	ENSG00000231925|CD4_Memory_uns_0h
r502	TAPBP	6	33300960	0.103048083238991	ENSG00000231925|CD4_Naive_stim_40h
r503	TAPBP	6	33300960	0.103048083238991	ENSG00000231925|CD4_Naive_uns_0h
r504	TAPBP	6	33300960	0.103048083238991	ENSG00000231925|CD4_Naive_stim_16h
r505	PRELID1	5	177117298	0.103169255782619	ENSG00000169230|CD4_Memory_stim_5d
r506	PRELID1	5	177117298	0.103169255782619	ENSG00000169230|CD4_Naive_stim_5d
r507	PHPT1	9	136968264	0.103499833411426	ENSG00000054148|CD4_Naive_stim_40h
r508	UBXN6	19	4366222	0.105996219672386	ENSG00000167671|CD4_Memory_stim_16h
r509	SMDT1	22	42033045	0.106051015459932	ENSG00000183172|CD4_Naive_stim_16h
r510	HOXB-AS1	17	48531741	0.106886569639588	ENSG00000230148|CD4_Memory_stim_40h
r511	YBEY	21	46333581	0.106908158116995	ENSG00000182362|CD4_Memory_stim_40h
r512	KCTD21-AS1	11	78155836	0.106996460439772	ENSG00000246174|CD4_Naive_stim_5d
r513	ALG8	11	78155836	0.106996460439772	ENSG00000159063|CD4_Naive_stim_16h
r514	KCTD21-AS1	11	78155836	0.106996460439772	ENSG00000246174|CD4_Memory_uns_0h
r515	PSAP	10	71804746	0.107205611847509	ENSG00000197746|CD4_Naive_stim_40h
r516	ADAMTS6	5	65503959	0.107973898528275	ENSG00000049192|CD4_Naive_uns_0h
r517	NIPSNAP1	22	29544960	0.108214364354936	ENSG00000184117|CD4_Naive_stim_16h
r518	NDUFAF1	15	41491190	0.108396840540135	ENSG00000137806|CD4_Memory_stim_16h
r519	VAMP8	2	85582866	0.108537270349177	ENSG00000118640|CD4_Memory_stim_40h
r520	MESP1	15	89723825	0.108916757806363	ENSG00000166823|CD4_Naive_stim_40h
r521	AGMAT	1	15581552	0.11003888519249	ENSG00000116771|CD4_Naive_stim_16h
r522	AGMAT	1	15581552	0.11003888519249	ENSG00000116771|CD4_Naive_stim_40h
r523	NQO2	6	3001197	0.111053827554849	ENSG00000124588|CD4_Memory_stim_40h
r524	NQO2	6	3001197	0.111053827554849	ENSG00000124588|CD4_Memory_stim_16h
r525	NQO2	6	3001197	0.111053827554849	ENSG00000124588|CD4_Naive_stim_16h
r526	NQO2	6	3001197	0.111053827554849	ENSG00000124588|CD4_Naive_stim_40h
r527	NQO2	6	3001197	0.111053827554849	ENSG00000124588|CD4_Memory_stim_5d
r528	NQO2	6	3001197	0.111053827554849	ENSG00000124588|CD4_Naive_stim_5d
r529	NQO2	6	3001197	0.111053827554849	ENSG00000124588|CD4_Naive_uns_0h
r530	HOXB4	17	48491690	0.111144478283663	ENSG00000182742|CD4_Naive_stim_5d
r531	HOXB-AS1	17	48491690	0.111144478283663	ENSG00000230148|CD4_Naive_uns_0h
r532	HOXB-AS1	17	48491690	0.111144478283663	ENSG00000230148|CD4_Memory_uns_0h
r533	C4orf33	4	129125061	0.111532935719928	ENSG00000151470|CD4_Memory_stim_5d
r534	BANF1	11	65923910	0.112090145108886	ENSG00000175334|CD4_Naive_stim_16h
r535	XAB2	19	7647275	0.112439035147524	ENSG00000076924|CD4_Naive_stim_40h
r536	ILF3-DT	19	10653111	0.112650971576692	ENSG00000267100|CD4_Memory_stim_40h
r537	ILF3-DT	19	10653111	0.112650971576692	ENSG00000267100|CD4_Naive_stim_16h
r538	ILF3-DT	19	10653111	0.112650971576692	ENSG00000267100|CD4_Naive_stim_40h
r539	ILF3-DT	19	10653111	0.112650971576692	ENSG00000267100|CD4_Naive_uns_0h
r540	LMOD3	3	69107270	0.114069869086555	ENSG00000163380|CD4_Memory_uns_0h
r541	LMOD3	3	69107270	0.114069869086555	ENSG00000163380|CD4_Memory_stim_5d
r542	LMOD3	3	69107270	0.114069869086555	ENSG00000163380|CD4_Naive_uns_0h
r543	VIM-AS1	10	17228913	0.114400654263534	ENSG00000229124|CD4_Memory_stim_5d
r544	TBCA	5	77786099	0.114860585087311	ENSG00000171530|CD4_Naive_stim_16h
r545	TBCA	5	77786099	0.114860585087311	ENSG00000171530|CD4_Naive_stim_5d
r546	DRAP1	11	65982174	0.114861505434724	ENSG00000175550|CD4_Naive_uns_0h
r547	KCTD21-AS1	11	78084525	0.115193284942985	ENSG00000246174|CD4_Naive_stim_40h
r548	CENPK	5	65652089	0.115456070723739	ENSG00000123219|CD4_Naive_stim_40h
r549	LRRC23	12	6919954	0.115922722333254	ENSG00000010626|CD4_Memory_stim_40h
r550	ZNF552	19	57803905	0.116031006389776	ENSG00000178935|CD4_Naive_uns_0h
r551	FAM118A	22	45389967	0.116148378293661	ENSG00000100376|CD4_Memory_uns_0h
r552	FAM118A	22	45389967	0.116148378293661	ENSG00000100376|CD4_Naive_stim_5d
r553	FAM118A	22	45389967	0.116148378293661	ENSG00000100376|CD4_Memory_stim_16h
r554	FAM118A	22	45389967	0.116148378293661	ENSG00000100376|CD4_Memory_stim_40h
r555	FAM118A	22	45389967	0.116148378293661	ENSG00000100376|CD4_Memory_stim_5d
r556	FAM118A	22	45389967	0.116148378293661	ENSG00000100376|CD4_Naive_stim_16h
r557	FAM118A	22	45389967	0.116148378293661	ENSG00000100376|CD4_Naive_stim_40h
r558	FAM118A	22	45389967	0.116148378293661	ENSG00000100376|CD4_Naive_uns_0h
r559	PILRB	7	100348762	0.116156070106335	ENSG00000121716|CD4_Naive_stim_16h
r560	PILRB	7	100348762	0.116156070106335	ENSG00000121716|CD4_Naive_uns_0h
r561	PILRB	7	100348762	0.116156070106335	ENSG00000121716|CD4_Memory_stim_16h
r562	TEN1	17	76020753	0.116937594558604	ENSG00000257949|CD4_Memory_stim_16h
r563	SSR3	3	156525579	0.117229546635492	ENSG00000114850|CD4_Naive_stim_40h
r564	ATP23	12	57912314	0.117340787464568	ENSG00000166896|CD4_Memory_uns_0h
r565	ACTA2	10	88991623	0.117914264871869	ENSG00000107796|CD4_Naive_stim_5d
r566	ACTA2	10	88991623	0.117914264871869	ENSG00000107796|CD4_Memory_stim_40h
r567	RETREG2	2	219180313	0.119282172238062	ENSG00000144567|CD4_Memory_uns_0h
r568	CHCHD2	7	56053188	0.119340193738054	ENSG00000106153|CD4_Naive_stim_40h
r569	FAM229B	6	112114709	0.119538899005737	ENSG00000203778|CD4_Memory_stim_40h
r570	ENSG00000205464	5	82307625	0.120308628393415	ENSG00000205464|CD4_Memory_uns_0h
r571	ATP23	12	57921555	0.120816290256483	ENSG00000166896|CD4_Memory_stim_16h
r572	ATP23	12	57921555	0.120816290256483	ENSG00000166896|CD4_Memory_stim_40h
r573	ATP23	12	57921555	0.120816290256483	ENSG00000166896|CD4_Naive_stim_16h
r574	ATP23	12	57921555	0.120816290256483	ENSG00000166896|CD4_Naive_stim_5d
r575	SUPT3H	6	45139561	0.122808443731418	ENSG00000196284|CD4_Memory_stim_5d
r576	GIMAP2	7	150692589	0.123215798315416	ENSG00000106560|CD4_Memory_uns_0h
r577	PRELID1	5	177254796	0.123238512034418	ENSG00000169230|CD4_Memory_stim_16h
r578	PRELID1	5	177254796	0.123238512034418	ENSG00000169230|CD4_Naive_stim_16h
r579	WARS1	14	100377467	0.123983902822859	ENSG00000140105|CD4_Memory_stim_5d
r580	NDUFV3	21	42808617	0.123988142312087	ENSG00000160194|CD4_Memory_stim_5d
r581	ANXA3	4	78503558	0.124305821383027	ENSG00000138772|CD4_Naive_stim_5d
r582	CDCA2	8	25408410	0.124508418870818	ENSG00000184661|CD4_Memory_stim_40h
r583	CDK5R1	17	32517576	0.125500068658179	ENSG00000176749|CD4_Naive_uns_0h
r584	CDK5R1	17	32517576	0.125500068658179	ENSG00000176749|CD4_Memory_uns_0h
r585	TMPRSS6	22	37088334	0.12590110843639	ENSG00000187045|CD4_Memory_stim_5d
r586	ALG8	11	78062880	0.126393466580681	ENSG00000159063|CD4_Naive_stim_40h
r587	PRANCR	12	70243049	0.126839350262929	ENSG00000257815|CD4_Naive_stim_40h
r588	EEF1AKMT2	10	124730213	0.127217753768147	ENSG00000203791|CD4_Memory_stim_16h
r589	EEF1AKMT2	10	124730213	0.127217753768147	ENSG00000203791|CD4_Naive_stim_40h
r590	EEF1AKMT2	10	124730213	0.127217753768147	ENSG00000203791|CD4_Naive_stim_5d
r591	EEF1AKMT2	10	124730213	0.127217753768147	ENSG00000203791|CD4_Memory_stim_5d
r592	EEF1AKMT2	10	124730213	0.127217753768147	ENSG00000203791|CD4_Naive_stim_16h
r593	PLCE1	10	94340362	0.127369499840235	ENSG00000138193|CD4_Naive_stim_16h
r594	PEAK1	15	77510449	0.127595552086262	ENSG00000173517|CD4_Memory_stim_16h
r595	MRPS21	1	150299621	0.127708887305294	ENSG00000266472|CD4_Naive_stim_5d
r596	OXLD1	17	81658026	0.128791684756496	ENSG00000204237|CD4_Memory_stim_40h
r597	PVT1	8	128000388	0.130077923268784	ENSG00000249859|CD4_Naive_stim_40h
r598	MKRN1	7	140453907	0.130626983402184	ENSG00000133606|CD4_Memory_stim_5d
r599	COA7	1	52663920	0.131282776158962	ENSG00000162377|CD4_Naive_stim_40h
r600	ME2	18	50918879	0.131359742888589	ENSG00000082212|CD4_Memory_stim_40h
r601	LOC102723878	11	64340005	0.131792639760556	ENSG00000236935|CD4_Memory_uns_0h
r602	LOC102723878	11	64340005	0.131792639760556	ENSG00000236935|CD4_Memory_stim_16h
r603	MTG2	20	62201219	0.133612389270419	ENSG00000101181|CD4_Naive_stim_40h
r604	MTG2	20	62201219	0.133612389270419	ENSG00000101181|CD4_Naive_stim_5d
r605	MTG2	20	62201219	0.133612389270419	ENSG00000101181|CD4_Memory_stim_16h
r606	MTG2	20	62201219	0.133612389270419	ENSG00000101181|CD4_Memory_stim_40h
r607	MTG2	20	62201219	0.133612389270419	ENSG00000101181|CD4_Memory_stim_5d
r608	MTG2	20	62201219	0.133612389270419	ENSG00000101181|CD4_Naive_stim_16h
r609	ENSG00000274422	22	22327028	0.134276264771048	ENSG00000274422|CD4_Memory_stim_5d
r610	MTHFS	15	79870680	0.134426674871322	ENSG00000136371|CD4_Memory_stim_40h
r611	GPR180	13	94586211	0.136894114243705	ENSG00000152749|CD4_Naive_stim_40h
r612	STMP1	7	135672728	0.138233661038636	ENSG00000243317|CD4_Naive_stim_16h
r613	STMP1	7	135672728	0.138233661038637	ENSG00000243317|CD4_Memory_stim_5d
r614	HDDC2	6	125264830	0.138756570398319	ENSG00000111906|CD4_Naive_stim_16h
r615	MDM4	1	204620916	0.138760625353708	ENSG00000198625|CD4_Memory_stim_5d
r616	CALHM6	6	116476251	0.139471013105912	ENSG00000188820|CD4_Memory_uns_0h
r617	CALHM6	6	116476251	0.139471013105912	ENSG00000188820|CD4_Naive_uns_0h
r618	FMN1	15	33102359	0.139725790938381	ENSG00000248905|CD4_Memory_uns_0h
r619	FMN1	15	33102359	0.139725790938381	ENSG00000248905|CD4_Naive_uns_0h
r620	TSEN2	3	12482105	0.139733950607995	ENSG00000154743|CD4_Memory_stim_16h
r621	TSEN2	3	12482105	0.139733950607995	ENSG00000154743|CD4_Memory_stim_40h
r622	TSEN2	3	12482105	0.139733950607995	ENSG00000154743|CD4_Naive_stim_40h
r623	TSEN2	3	12482105	0.139733950607995	ENSG00000154743|CD4_Naive_stim_16h
r624	CCDC66	3	56613771	0.140917629575427	ENSG00000180376|CD4_Naive_stim_5d
r625	TCTN3	10	95563537	0.142511746714963	ENSG00000119977|CD4_Memory_stim_40h
r626	STMP1	7	135664525	0.143035904271971	ENSG00000243317|CD4_Memory_stim_16h
r627	STMP1	7	135664525	0.143035904271971	ENSG00000243317|CD4_Naive_stim_40h
r628	IFI27L1	14	94102292	0.143456760783551	ENSG00000165948|CD4_Naive_stim_40h
r629	OSTF1	9	75139578	0.144036386005012	ENSG00000134996|CD4_Naive_stim_16h
r630	OSTF1	9	75139578	0.144036386005012	ENSG00000134996|CD4_Naive_uns_0h
r631	OSTF1	9	75139578	0.144036386005013	ENSG00000134996|CD4_Naive_stim_5d
r632	TMEM273	10	49217046	0.144426313755273	ENSG00000204161|CD4_Memory_uns_0h
r633	CNDP2	18	74496862	0.144825003929256	ENSG00000133313|CD4_Naive_stim_16h
r634	NEXN	1	78186352	0.145043417486339	ENSG00000162614|CD4_Naive_stim_16h
r635	CARD8-AS1	19	48258541	0.145274717034211	ENSG00000268001|CD4_Memory_stim_5d
r636	TPM1	15	63046558	0.145560914742789	ENSG00000140416|CD4_Naive_stim_5d
r637	EXOC3	5	430102	0.145651828262015	ENSG00000180104|CD4_Memory_uns_0h
r638	KYAT3	1	88903082	0.145938667049628	ENSG00000137944|CD4_Naive_stim_5d
r639	QDPR	4	17509972	0.146483094086145	ENSG00000151552|CD4_Naive_stim_16h
r640	RCN1	11	32079735	0.146790531788765	ENSG00000049449|CD4_Naive_stim_16h
r641	CMTM3	16	66604342	0.147054915997006	ENSG00000140931|CD4_Memory_stim_16h
r642	RHOD	11	67072828	0.147235963571299	ENSG00000173156|CD4_Naive_stim_40h
r643	RHOD	11	67072828	0.147235963571299	ENSG00000173156|CD4_Memory_stim_40h
r644	CAPG	2	85427403	0.148009040615709	ENSG00000042493|CD4_Memory_stim_5d
r645	CAPG	2	85427403	0.148009040615709	ENSG00000042493|CD4_Memory_stim_40h
r646	CAPG	2	85427403	0.148009040615709	ENSG00000042493|CD4_Naive_stim_5d
r647	SURF1	9	133416797	0.14856175948676	ENSG00000148290|CD4_Naive_stim_40h
r648	COX6B1	19	35678012	0.149261416356832	ENSG00000126267|CD4_Memory_stim_16h
r649	CTLA4	2	203880280	0.149514744939737	ENSG00000163599|CD4_Naive_uns_0h
r650	HDDC2	6	125253363	0.149866030388859	ENSG00000111906|CD4_Naive_stim_40h
r651	YBEY	21	46298850	0.150459156296015	ENSG00000182362|CD4_Naive_stim_16h
r652	ISCA2	14	74458694	0.150621573819985	ENSG00000165898|CD4_Memory_uns_0h
r653	FBXO25	8	361009	0.150650609950014	ENSG00000147364|CD4_Memory_uns_0h
r654	UCP2	11	73969731	0.150697294486807	ENSG00000175567|CD4_Naive_stim_5d
r655	BLOC1S5	6	8003788	0.15200297466994	ENSG00000188428|CD4_Naive_stim_40h
r656	MRPL48	11	73651490	0.152761515509171	ENSG00000175581|CD4_Naive_stim_16h
r657	UBXN6	19	4385662	0.152980180631461	ENSG00000167671|CD4_Memory_stim_5d
r658	PDIA6	2	10775627	0.153930962410733	ENSG00000143870|CD4_Naive_stim_40h
r659	MPZL3	11	118195894	0.15394643715835	ENSG00000160588|CD4_Naive_uns_0h
r660	JAML	11	118224206	0.154602771710093	ENSG00000160593|CD4_Naive_uns_0h
r661	ACOX3	4	8503182	0.154796851235745	ENSG00000087008|CD4_Naive_stim_40h
r662	KPNA4	3	160360058	0.154940234884609	ENSG00000186432|CD4_Naive_stim_40h
r663	STXBP2	19	7633340	0.155189625986224	ENSG00000076944|CD4_Naive_stim_40h
r664	YBEY	21	46326968	0.155311264196381	ENSG00000182362|CD4_Memory_uns_0h
r665	IL12RB1	19	18077598	0.155488331271244	ENSG00000096996|CD4_Naive_stim_40h
r666	ACOT4	14	73610090	0.15724783582247	ENSG00000177465|CD4_Naive_stim_16h
r667	ZSCAN18	19	58092616	0.157371249915818	ENSG00000121413|CD4_Naive_uns_0h
r668	CUL3	2	224505837	0.157738054529067	ENSG00000036257|CD4_Memory_stim_16h
r669	OSTF1	9	75142942	0.157774552352846	ENSG00000134996|CD4_Naive_stim_40h
r670	HRAS	11	531224	0.158617127457447	ENSG00000174775|CD4_Memory_stim_16h
r671	MDM4	1	204588942	0.158701968810994	ENSG00000198625|CD4_Naive_stim_16h
r672	MDM4	1	204588942	0.158701968810994	ENSG00000198625|CD4_Memory_stim_16h
r673	MDM4	1	204588942	0.158701968810994	ENSG00000198625|CD4_Memory_uns_0h
r674	FUBP1	1	78157942	0.15888326304721	ENSG00000162613|CD4_Naive_stim_16h
r675	FUBP1	1	78157942	0.158883263047211	ENSG00000162613|CD4_Memory_stim_16h
r676	HLA-C	6	31267998	0.159261768174475	ENSG00000204525|CD4_Memory_stim_40h
r677	HLA-C	6	31267998	0.159261768174475	ENSG00000204525|CD4_Memory_stim_5d
r678	POGLUT3	11	108498446	0.160321230594244	ENSG00000178202|CD4_Naive_stim_40h
r679	MRPS34	16	1775767	0.160547448734013	ENSG00000074071|CD4_Naive_stim_16h
r680	NAAA	4	75949138	0.161092996584144	ENSG00000138744|CD4_Naive_stim_40h
r681	CBR1	21	36070334	0.161531066645251	ENSG00000159228|CD4_Naive_stim_5d
r682	CBR1	21	36070334	0.161531066645251	ENSG00000159228|CD4_Naive_uns_0h
r683	THEM4	1	151886412	0.162077725710785	ENSG00000159445|CD4_Naive_stim_5d
r684	PLGRKT	9	5381870	0.162392969580463	ENSG00000107020|CD4_Memory_stim_16h
r685	PLGRKT	9	5381870	0.162392969580463	ENSG00000107020|CD4_Memory_stim_40h
r686	BST2	19	17411500	0.162416446770446	ENSG00000130303|CD4_Naive_stim_16h
r687	BST2	19	17411500	0.162416446770446	ENSG00000130303|CD4_Naive_stim_40h
r688	BST2	19	17411500	0.162416446770446	ENSG00000130303|CD4_Memory_stim_16h
r689	SRPRB	3	133813923	0.162445475541478	ENSG00000144867|CD4_Memory_stim_40h
r690	MRPL42	12	93440603	0.162663719455088	ENSG00000198015|CD4_Naive_stim_16h
r691	MPZL3	11	118196197	0.163761020166186	ENSG00000160588|CD4_Naive_stim_40h
r692	GPX4	19	1097374	0.163877626684313	ENSG00000167468|CD4_Memory_stim_40h
r693	ENSG00000251661	11	328652	0.164308422053867	ENSG00000251661|CD4_Naive_uns_0h
r694	ZNF593	1	26200716	0.165403027828427	ENSG00000142684|CD4_Memory_stim_5d
r695	UBR7	14	93200035	0.165706547416506	ENSG00000012963|CD4_Memory_stim_40h
r696	UBR7	14	93200035	0.165706547416506	ENSG00000012963|CD4_Memory_stim_5d
r697	UBR7	14	93200035	0.165706547416506	ENSG00000012963|CD4_Naive_stim_40h
r698	UBR7	14	93200035	0.165706547416506	ENSG00000012963|CD4_Naive_stim_5d
r699	HIGD2A	5	176378664	0.166196620022188	ENSG00000146066|CD4_Memory_stim_40h
r700	NOP16	5	176378664	0.166196620022188	ENSG00000048162|CD4_Naive_stim_40h
r701	HIGD2A	5	176378664	0.166196620022188	ENSG00000146066|CD4_Memory_stim_16h
r702	HIGD2A	5	176378664	0.166196620022188	ENSG00000146066|CD4_Naive_stim_40h
r703	CARD8-AS1	19	48258167	0.166807197771767	ENSG00000268001|CD4_Memory_stim_40h
r704	ZNF8-DT	19	58279309	0.167185534700248	ENSG00000268516|CD4_Naive_stim_5d
r705	NOP16	5	176382992	0.167205996435183	ENSG00000048162|CD4_Memory_stim_16h
r706	NOP16	5	176382992	0.167205996435183	ENSG00000048162|CD4_Naive_stim_16h
r707	HIGD2A	5	176382992	0.167205996435183	ENSG00000146066|CD4_Memory_stim_5d
r708	HIGD2A	5	176382992	0.167205996435183	ENSG00000146066|CD4_Memory_uns_0h
r709	HIGD2A	5	176382992	0.167205996435183	ENSG00000146066|CD4_Naive_stim_16h
r710	HIGD2A	5	176382992	0.167205996435183	ENSG00000146066|CD4_Naive_stim_5d
r711	HIGD2A	5	176382992	0.167205996435183	ENSG00000146066|CD4_Naive_uns_0h
r712	ADAL	15	43300210	0.167552794121625	ENSG00000168803|CD4_Naive_stim_40h
r713	CBR1	21	36087031	0.168294359993654	ENSG00000159228|CD4_Naive_stim_40h
r714	TSPAN32	11	2301990	0.168324568295661	ENSG00000064201|CD4_Memory_uns_0h
r715	C11orf21	11	2301990	0.168324568295661	ENSG00000110665|CD4_Memory_stim_40h
r716	C11orf21	11	2301990	0.168324568295661	ENSG00000110665|CD4_Memory_stim_5d
r717	ZNF738	19	21281090	0.168373827263808	ENSG00000172687|CD4_Naive_stim_5d
r718	GDI2	10	5813440	0.168392632145974	ENSG00000057608|CD4_Naive_uns_0h
r719	TIFA	4	112322300	0.168414594301336	ENSG00000145365|CD4_Naive_uns_0h
r720	LOC102723878	11	64320170	0.168423781589554	ENSG00000236935|CD4_Naive_stim_40h
r721	ALG8	11	78056884	0.168699894200459	ENSG00000159063|CD4_Memory_stim_40h
r722	ALG8	11	78056884	0.168699894200459	ENSG00000159063|CD4_Memory_stim_5d
r723	KCTD21-AS1	11	78056884	0.168699894200459	ENSG00000246174|CD4_Memory_stim_5d
r724	TIPRL	1	168174947	0.16906111487901	ENSG00000143155|CD4_Memory_stim_16h
r725	NPRL3	16	140969	0.169162184226005	ENSG00000103148|CD4_Memory_stim_16h
r726	NPRL3	16	140969	0.169162184226005	ENSG00000103148|CD4_Naive_stim_16h
r727	NPRL3	16	140969	0.169162184226005	ENSG00000103148|CD4_Naive_stim_5d
r728	PPM1M	3	52239405	0.169948754191645	ENSG00000164088|CD4_Naive_uns_0h
r729	CLSTN3	12	7131705	0.170286747090504	ENSG00000139182|CD4_Memory_stim_5d
r730	COQ2	4	83259588	0.170969012521175	ENSG00000173085|CD4_Naive_stim_40h
r731	HOXB2	17	48542926	0.172038360093051	ENSG00000173917|CD4_Naive_stim_5d
r732	HOXB-AS1	17	48542926	0.172038360093051	ENSG00000230148|CD4_Naive_stim_5d
r733	AHI1	6	135418217	0.1722238681091	ENSG00000135541|CD4_Naive_stim_16h
r734	RPAP3	12	47587509	0.172267430553029	ENSG00000005175|CD4_Naive_stim_40h
r735	LINC00649	21	33931656	0.172436190976606	ENSG00000237945|CD4_Memory_stim_5d
r736	LINC00649	21	33931656	0.172436190976606	ENSG00000237945|CD4_Naive_stim_16h
r737	TMEM156	4	38950867	0.172918622677894	ENSG00000121895|CD4_Memory_stim_40h
r738	MCUB	4	109700664	0.1735869553872	ENSG00000005059|CD4_Naive_stim_16h
r739	MS4A6A	11	60176638	0.174002691386667	ENSG00000110077|CD4_Memory_uns_0h
r740	FIBP	11	65876556	0.174618362850921	ENSG00000172500|CD4_Memory_stim_40h
r741	CTSW	11	65876556	0.174618362850921	ENSG00000172543|CD4_Memory_stim_16h
r742	CTSW	11	65876556	0.174618362850921	ENSG00000172543|CD4_Memory_stim_40h
r743	CTSW	11	65876556	0.174618362850921	ENSG00000172543|CD4_Memory_stim_5d
r744	CTSW	11	65876556	0.174618362850921	ENSG00000172543|CD4_Memory_uns_0h
r745	CTSW	11	65876556	0.174618362850921	ENSG00000172543|CD4_Naive_stim_16h
r746	CTSW	11	65876556	0.174618362850921	ENSG00000172543|CD4_Naive_stim_40h
r747	CTSW	11	65876556	0.174618362850921	ENSG00000172543|CD4_Naive_stim_5d
r748	CTSW	11	65876556	0.174618362850921	ENSG00000172543|CD4_Naive_uns_0h
r749	CCDC152	5	42723026	0.175291801882137	ENSG00000198865|CD4_Naive_stim_5d
r750	COG5	7	107324564	0.175422539058584	ENSG00000164597|CD4_Naive_stim_16h
r751	COG5	7	107435124	0.17563438611615	ENSG00000164597|CD4_Naive_uns_0h
r752	ARSA	22	50625988	0.175790565689633	ENSG00000100299|CD4_Memory_stim_16h
r753	ARSA	22	50625988	0.175790565689633	ENSG00000100299|CD4_Memory_stim_40h
r754	ARSA	22	50625988	0.175790565689633	ENSG00000100299|CD4_Memory_stim_5d
r755	ARSA	22	50625988	0.175790565689633	ENSG00000100299|CD4_Memory_uns_0h
r756	ARSA	22	50625988	0.175790565689633	ENSG00000100299|CD4_Naive_stim_40h
r757	KDELR2	7	6475519	0.177309627682605	ENSG00000136240|CD4_Memory_stim_16h
r758	KDELR2	7	6475519	0.177309627682605	ENSG00000136240|CD4_Memory_stim_5d
r759	KDELR2	7	6475519	0.177309627682605	ENSG00000136240|CD4_Naive_stim_40h
r760	KDELR2	7	6475519	0.177309627682605	ENSG00000136240|CD4_Naive_uns_0h
r761	KYAT3	1	88952548	0.177878804280656	ENSG00000137944|CD4_Naive_stim_40h
r762	NIPSNAP1	22	29670579	0.178016185316158	ENSG00000184117|CD4_Memory_stim_40h
r763	TPGS2	18	36781799	0.178242345901999	ENSG00000134779|CD4_Memory_stim_16h
r764	TPGS2	18	36781799	0.178242345901999	ENSG00000134779|CD4_Memory_stim_5d
r765	TPGS2	18	36781799	0.178242345901999	ENSG00000134779|CD4_Memory_uns_0h
r766	TPGS2	18	36781799	0.178242345901999	ENSG00000134779|CD4_Naive_stim_16h
r767	TPGS2	18	36781799	0.178242345901999	ENSG00000134779|CD4_Naive_stim_40h
r768	TPGS2	18	36781799	0.178242345902	ENSG00000134779|CD4_Naive_stim_5d
r769	SLC35F3	1	234313951	0.178396120465253	ENSG00000183780|CD4_Memory_stim_16h
r770	ENSG00000240291	10	18667029	0.178589990392526	ENSG00000240291|CD4_Naive_uns_0h
r771	MAST3	19	18164722	0.179129763906775	ENSG00000099308|CD4_Memory_uns_0h
r772	SELENOM	22	31107574	0.179446680151519	ENSG00000198832|CD4_Naive_stim_40h
r773	HLA-C	6	31347083	0.179638349781935	ENSG00000204525|CD4_Memory_uns_0h
r774	HLA-C	6	31347083	0.179638349781935	ENSG00000204525|CD4_Naive_uns_0h
r775	HLA-C	6	31347083	0.179638349781935	ENSG00000204525|CD4_Naive_stim_16h
r776	UNC50	2	98621329	0.180064275640422	ENSG00000115446|CD4_Memory_stim_16h
r777	ACOT4	14	73606788	0.180266123849135	ENSG00000177465|CD4_Memory_stim_16h
r778	MRPL14	6	44090842	0.180382864340441	ENSG00000180992|CD4_Memory_stim_5d
r779	BSG	19	583418	0.181002076032876	ENSG00000172270|CD4_Naive_stim_5d
r780	HLA-E	6	30498728	0.181186019807676	ENSG00000204592|CD4_Naive_stim_16h
r781	PLAC8	4	83233509	0.181396623948713	ENSG00000145287|CD4_Naive_stim_40h
r782	TGFB1I1	16	31460057	0.181404808584716	ENSG00000140682|CD4_Naive_stim_5d
r783	DTWD1	15	49559088	0.181738820423009	ENSG00000104047|CD4_Naive_stim_40h
r784	SAMD3	6	130187412	0.181863254053989	ENSG00000164483|CD4_Memory_uns_0h
r785	PTP4A3	8	141384082	0.182982882350173	ENSG00000184489|CD4_Memory_stim_40h
r786	GNGT2	17	49202939	0.183424081273153	ENSG00000167083|CD4_Naive_stim_5d
r787	SRR	17	2304032	0.18351236804037	ENSG00000167720|CD4_Memory_stim_5d
r788	ZNF8-DT	19	58290152	0.183706765497344	ENSG00000268516|CD4_Memory_stim_5d
r789	ARHGEF19	1	16203554	0.183847736265993	ENSG00000142632|CD4_Memory_stim_40h
r790	LINC02482	4	6675336	0.184245858806235	ENSG00000251580|CD4_Naive_stim_5d
r791	LOC102723878	11	64284975	0.18482539744657	ENSG00000236935|CD4_Memory_stim_40h
r792	BSG	19	572878	0.184909918887524	ENSG00000172270|CD4_Memory_stim_5d
r793	DOCK8	9	223769	0.185015112521634	ENSG00000107099|CD4_Naive_stim_5d
r794	CALM3	19	46617124	0.185022137148263	ENSG00000160014|CD4_Naive_uns_0h
r795	GNG8	19	46617124	0.185022137148263	ENSG00000167414|CD4_Naive_uns_0h
r796	WDR4	21	42810887	0.185907762206652	ENSG00000160193|CD4_Memory_stim_5d
r797	WDR4	21	42812121	0.186047926062142	ENSG00000160193|CD4_Memory_stim_16h
r798	WDR4	21	42812121	0.186047926062142	ENSG00000160193|CD4_Naive_stim_40h
r799	WDR4	21	42812121	0.186047926062142	ENSG00000160193|CD4_Naive_stim_5d
r800	RBM6	3	49984656	0.186118883617888	ENSG00000004534|CD4_Naive_stim_5d
r801	MYH11	16	15716524	0.186941136348891	ENSG00000133392|CD4_Naive_stim_16h
r802	PRMT2	21	46622601	0.188020713457831	ENSG00000160310|CD4_Memory_uns_0h
r803	PRMT2	21	46622601	0.188020713457831	ENSG00000160310|CD4_Naive_uns_0h
r804	RINL	19	38870080	0.188477736624134	ENSG00000187994|CD4_Memory_stim_16h
r805	GPR180	13	94601666	0.188832313495555	ENSG00000152749|CD4_Memory_stim_16h
r806	GPR180	13	94601666	0.188832313495555	ENSG00000152749|CD4_Memory_uns_0h
r807	GPR180	13	94601666	0.188832313495555	ENSG00000152749|CD4_Naive_stim_5d
r808	GSTP1	11	67568795	0.189333132933635	ENSG00000084207|CD4_Naive_uns_0h
r809	GSTP1	11	67568795	0.189333132933635	ENSG00000084207|CD4_Naive_stim_40h
r810	TSTD1	1	161040984	0.189389759889663	ENSG00000215845|CD4_Memory_stim_16h
r811	TSTD1	1	161040984	0.189389759889663	ENSG00000215845|CD4_Naive_stim_16h
r812	SETD9	5	56967277	0.190173310597829	ENSG00000155542|CD4_Memory_stim_16h
r813	SETD9	5	56967277	0.190173310597829	ENSG00000155542|CD4_Memory_stim_5d
r814	ENSG00000272831	7	66836966	0.190336796745542	ENSG00000272831|CD4_Memory_stim_16h
r815	CACUL1	10	118665279	0.190766118401566	ENSG00000151893|CD4_Memory_uns_0h
r816	LIAT1	17	399065	0.191730052829378	ENSG00000187624|CD4_Memory_stim_40h
r817	LIAT1	17	399065	0.191730052829378	ENSG00000187624|CD4_Naive_stim_40h
r818	LIAT1	17	399065	0.191730052829378	ENSG00000187624|CD4_Naive_uns_0h
r819	DHCR7-DT	11	71452374	0.192003963678441	ENSG00000254682|CD4_Memory_stim_40h
r820	DHCR7-DT	11	71452374	0.192003963678441	ENSG00000254682|CD4_Memory_stim_5d
r821	DHCR7-DT	11	71452374	0.192003963678441	ENSG00000254682|CD4_Memory_stim_16h
r822	ROBO3	11	124909346	0.192053647727737	ENSG00000154134|CD4_Naive_uns_0h
r823	XAB2	19	7626115	0.192575710147661	ENSG00000076924|CD4_Naive_stim_16h
r824	CAPN12	19	38618083	0.192601486296498	ENSG00000182472|CD4_Memory_stim_5d
r825	TPM1	15	63048217	0.19351162566297	ENSG00000140416|CD4_Memory_stim_40h
r826	ENSG00000272221	6	31394463	0.193545471686789	ENSG00000272221|CD4_Naive_uns_0h
r827	GSTM3	1	109735327	0.193782629736761	ENSG00000134202|CD4_Memory_uns_0h
r828	LTBP3	11	65548911	0.194458132109614	ENSG00000168056|CD4_Memory_uns_0h
r829	TRG-AS1	7	38376615	0.194751253807026	ENSG00000281103|CD4_Memory_stim_40h
r830	MXRA7	17	76700678	0.194986625991778	ENSG00000182534|CD4_Naive_stim_5d
r831	ATP5PO	21	33900805	0.195000944871114	ENSG00000241837|CD4_Naive_stim_40h
r832	INTS10	8	19853054	0.195805797365304	ENSG00000104613|CD4_Memory_stim_40h
r833	C11orf21	11	2303210	0.196067392016063	ENSG00000110665|CD4_Naive_stim_5d
r834	TSPAN32	11	2303210	0.196067392016063	ENSG00000064201|CD4_Memory_stim_40h
r835	C11orf21	11	2303210	0.196067392016063	ENSG00000110665|CD4_Naive_stim_40h
r836	PASK	2	241114408	0.196403875509662	ENSG00000115687|CD4_Memory_stim_16h
r837	LINC00649	21	33963754	0.19745356969577	ENSG00000237945|CD4_Memory_stim_16h
r838	LINC00649	21	33963754	0.19745356969577	ENSG00000237945|CD4_Naive_stim_40h
r839	LINC00649	21	33963754	0.19745356969577	ENSG00000237945|CD4_Naive_stim_5d
r840	HPS1	10	98432119	0.198845003373889	ENSG00000107521|CD4_Naive_uns_0h
r841	LDLRAP1	1	25562851	0.199135063680915	ENSG00000157978|CD4_Naive_uns_0h
r842	MDM4	1	204587350	0.199988000666885	ENSG00000198625|CD4_Naive_stim_5d
r843	MDM4	1	204587350	0.199988000666885	ENSG00000198625|CD4_Naive_uns_0h
r844	MDM4	1	204587350	0.199988000666886	ENSG00000198625|CD4_Memory_stim_40h
r845	TMBIM4	12	66082208	0.200353098318107	ENSG00000155957|CD4_Naive_stim_5d
r846	RPLP0	12	120169209	0.200741976454006	ENSG00000089157|CD4_Naive_stim_40h
r847	RNF175	4	153754031	0.201148672542539	ENSG00000145428|CD4_Naive_stim_40h
r848	PEX11G	19	7479153	0.201277716094462	ENSG00000104883|CD4_Naive_stim_40h
r849	PRXL2A	10	80444940	0.201491452893363	ENSG00000122378|CD4_Memory_stim_40h
r850	ZFYVE19	15	40804407	0.201495892708064	ENSG00000166140|CD4_Naive_stim_40h
r851	ZFYVE19	15	40804407	0.201495892708064	ENSG00000166140|CD4_Memory_stim_40h
r852	CACUL1	10	118672973	0.201528342640558	ENSG00000151893|CD4_Naive_stim_40h
r853	TMEM126A	11	85645397	0.201616184317668	ENSG00000171202|CD4_Naive_stim_16h
r854	TMEM126A	11	85636371	0.201637542761606	ENSG00000171202|CD4_Naive_stim_40h
r855	LDLRAP1	1	25564344	0.202087803012328	ENSG00000157978|CD4_Memory_uns_0h
r856	C6orf62	6	24705607	0.202437809737471	ENSG00000112308|CD4_Memory_uns_0h
r857	C6orf62	6	24705607	0.202437809737471	ENSG00000112308|CD4_Naive_stim_16h
r858	KIAA0513	16	85070279	0.202785323209717	ENSG00000135709|CD4_Memory_uns_0h
r859	HLA-B	6	31344681	0.202956235913814	ENSG00000234745|CD4_Memory_stim_16h
r860	HLA-B	6	31344681	0.202956235913814	ENSG00000234745|CD4_Memory_uns_0h
r861	HLA-B	6	31344681	0.202956235913814	ENSG00000234745|CD4_Naive_stim_16h
r862	HLA-B	6	31344681	0.202956235913814	ENSG00000234745|CD4_Naive_uns_0h
r863	PTGIR	19	46616653	0.202998236706124	ENSG00000160013|CD4_Memory_uns_0h
r864	CALM3	19	46616653	0.202998236706124	ENSG00000160014|CD4_Naive_stim_40h
r865	CUL3	2	224519711	0.203235844120082	ENSG00000036257|CD4_Naive_stim_16h
r866	CUL3	2	224519711	0.203235844120082	ENSG00000036257|CD4_Memory_stim_40h
r867	CUL3	2	224519711	0.203235844120082	ENSG00000036257|CD4_Naive_stim_40h
r868	KCTD21-AS1	11	78053825	0.204185076348553	ENSG00000246174|CD4_Naive_uns_0h
r869	KCTD21-AS1	11	78053825	0.204185076348553	ENSG00000246174|CD4_Memory_stim_40h
r870	WDR4	21	42809575	0.204813494307665	ENSG00000160193|CD4_Memory_stim_40h
r871	TMEM126A	11	85655718	0.205258565283054	ENSG00000171202|CD4_Memory_stim_16h
r872	TRBC1	7	142781595	0.205428721137958	ENSG00000211751|CD4_Naive_stim_16h
r873	TRBC1	7	142781595	0.205428721137958	ENSG00000211751|CD4_Naive_stim_40h
r874	TRBC1	7	142781595	0.205428721137958	ENSG00000211751|CD4_Naive_stim_5d
r875	CCSER2	10	84312540	0.206572118752752	ENSG00000107771|CD4_Naive_stim_5d
r876	CCSER2	10	84312540	0.206572118752752	ENSG00000107771|CD4_Memory_stim_16h
r877	SLC25A26	3	66369078	0.207622380845537	ENSG00000144741|CD4_Naive_stim_16h
r878	TMEM33	4	41892681	0.207718364347001	ENSG00000109133|CD4_Naive_stim_40h
r879	TMEM33	4	41892681	0.207718364347001	ENSG00000109133|CD4_Naive_uns_0h
r880	SCRN2	17	47851803	0.208069969408868	ENSG00000141295|CD4_Memory_stim_5d
r881	LRPPRC	2	43897947	0.208137676835829	ENSG00000138095|CD4_Naive_stim_16h
r882	RBM11	21	14225660	0.208293303315675	ENSG00000185272|CD4_Naive_uns_0h
r883	STMP1	7	135622041	0.208296733743834	ENSG00000243317|CD4_Memory_stim_40h
r884	STMP1	7	135622041	0.208296733743834	ENSG00000243317|CD4_Naive_stim_5d
r885	AKIRIN1	1	38984822	0.208363390206852	ENSG00000174574|CD4_Memory_stim_40h
r886	AKIRIN1	1	38984822	0.208363390206852	ENSG00000174574|CD4_Naive_stim_40h
r887	MPZL2	11	118218719	0.208371615895194	ENSG00000149573|CD4_Naive_stim_16h
r888	MIDEAS	14	73654135	0.208405116295203	ENSG00000156030|CD4_Memory_stim_40h
r889	MIDEAS	14	73654135	0.208405116295203	ENSG00000156030|CD4_Memory_uns_0h
r890	MIDEAS	14	73654135	0.208405116295203	ENSG00000156030|CD4_Naive_uns_0h
r891	MIDEAS	14	73654135	0.208405116295203	ENSG00000156030|CD4_Naive_stim_5d
r892	SLC35F3	1	234311686	0.20841099858608	ENSG00000183780|CD4_Memory_stim_40h
r893	UBXN6	19	4437453	0.208556617417619	ENSG00000167671|CD4_Naive_stim_16h
r894	UBXN6	19	4437453	0.208556617417619	ENSG00000167671|CD4_Memory_stim_40h
r895	RWDD2B	21	28962013	0.208844841811773	ENSG00000156253|CD4_Naive_stim_40h
r896	SNRPD2	19	45691793	0.208886619052004	ENSG00000125743|CD4_Memory_stim_16h
r897	SNRPD2	19	45691793	0.208886619052004	ENSG00000125743|CD4_Naive_uns_0h
r898	MIDEAS	14	73677808	0.208996216734215	ENSG00000156030|CD4_Naive_stim_40h
r899	NDUFV3	21	42898094	0.209291352076177	ENSG00000160194|CD4_Naive_uns_0h
r900	TRG-AS1	7	38344941	0.209563141982078	ENSG00000281103|CD4_Memory_stim_5d
r901	TRBC1	7	142782063	0.209977992630939	ENSG00000211751|CD4_Naive_uns_0h
r902	TRBC1	7	142782063	0.209977992630939	ENSG00000211751|CD4_Memory_uns_0h
r903	GSTM3	1	109736431	0.21053414482638	ENSG00000134202|CD4_Naive_stim_16h
r904	GSTM3	1	109736431	0.21053414482638	ENSG00000134202|CD4_Naive_stim_40h
r905	GSTM3	1	109736431	0.21053414482638	ENSG00000134202|CD4_Memory_stim_16h
r906	PLGRKT	9	5349495	0.210560886121704	ENSG00000107020|CD4_Naive_stim_40h
r907	PGAP6	16	310500	0.211132171266102	ENSG00000129925|CD4_Naive_stim_16h
r908	GLB1L2	11	134370248	0.211772337516223	ENSG00000149328|CD4_Naive_stim_40h
r909	AHI1	6	135497759	0.21225706453106	ENSG00000135541|CD4_Memory_uns_0h
r910	AHI1	6	135497759	0.21225706453106	ENSG00000135541|CD4_Naive_stim_5d
r911	AHI1	6	135497759	0.21225706453106	ENSG00000135541|CD4_Naive_uns_0h
r912	ENSG00000258181	12	47248949	0.212540877294736	ENSG00000258181|CD4_Memory_stim_16h
r913	ENSG00000257925	12	47248949	0.212540877294736	ENSG00000257925|CD4_Naive_uns_0h
r914	ENSG00000258181	12	47248949	0.212540877294736	ENSG00000258181|CD4_Memory_stim_40h
r915	ENSG00000258181	12	47248949	0.212540877294736	ENSG00000258181|CD4_Memory_stim_5d
r916	UBE3B	12	109416710	0.212711559011915	ENSG00000151148|CD4_Naive_stim_40h
r917	PRMT2	21	46573177	0.212758209595665	ENSG00000160310|CD4_Memory_stim_5d
r918	C2orf74	2	61139569	0.213326766669507	ENSG00000237651|CD4_Naive_stim_16h
r919	DCXR	17	82034635	0.214010722791888	ENSG00000169738|CD4_Memory_uns_0h
r920	DCXR	17	82034635	0.214010722791888	ENSG00000169738|CD4_Naive_uns_0h
r921	DCXR	17	82034635	0.214010722791888	ENSG00000169738|CD4_Naive_stim_16h
r922	B3GALNT1	3	161082042	0.214159674912619	ENSG00000169255|CD4_Naive_stim_16h
r923	YBX3	12	10723460	0.214722469839762	ENSG00000060138|CD4_Naive_stim_16h
r924	COG5	7	107540790	0.216047088725625	ENSG00000164597|CD4_Memory_uns_0h
r925	RTL10	22	19846258	0.216213140704165	ENSG00000215012|CD4_Memory_stim_5d
r926	RTL10	22	19846258	0.216213140704165	ENSG00000215012|CD4_Memory_uns_0h
r927	RTL10	22	19846258	0.216213140704165	ENSG00000215012|CD4_Naive_uns_0h
r928	HLA-DRB5	6	32632141	0.216458905897871	ENSG00000198502|CD4_Memory_stim_16h
r929	HLA-DRB5	6	32632141	0.216458905897871	ENSG00000198502|CD4_Memory_stim_40h
r930	HLA-DRB5	6	32632141	0.216458905897871	ENSG00000198502|CD4_Memory_stim_5d
r931	HLA-DRB5	6	32634840	0.216961452867047	ENSG00000198502|CD4_Memory_uns_0h
r932	MAP3K12	12	53392077	0.21751306801447	ENSG00000139625|CD4_Memory_stim_5d
r933	LOC124902694	11	66213079	0.218037792126379	ENSG00000255320|CD4_Naive_stim_40h
r934	MIDEAS	14	73736987	0.219305387904202	ENSG00000156030|CD4_Naive_stim_16h
r935	GSDMD	8	143560999	0.21947187308703	ENSG00000104518|CD4_Memory_stim_40h
r936	GSDMD	8	143560999	0.21947187308703	ENSG00000104518|CD4_Memory_stim_5d
r937	GSDMD	8	143560999	0.21947187308703	ENSG00000104518|CD4_Naive_stim_5d
r938	C2orf74	2	61144343	0.219603168223759	ENSG00000237651|CD4_Memory_stim_5d
r939	C2orf74	2	61144343	0.219603168223759	ENSG00000237651|CD4_Naive_stim_5d
r940	PAX8	2	113221073	0.220148097049335	ENSG00000125618|CD4_Naive_stim_5d
r941	PAX8	2	113221073	0.220148097049335	ENSG00000125618|CD4_Memory_stim_5d
r942	TMEM87B	2	112034552	0.220431340054986	ENSG00000153214|CD4_Naive_stim_16h
r943	EXOSC7	3	44999397	0.220598943038526	ENSG00000075914|CD4_Memory_stim_40h
r944	MRPS34	16	1776301	0.220895402900053	ENSG00000074071|CD4_Memory_stim_16h
r945	MRPS34	16	1776301	0.220895402900053	ENSG00000074071|CD4_Naive_stim_40h
r946	MRPS34	16	1776301	0.220895402900053	ENSG00000074071|CD4_Naive_stim_5d
r947	MRPS34	16	1776301	0.220895402900053	ENSG00000074071|CD4_Naive_uns_0h
r948	SETD9	5	56981545	0.221766788318707	ENSG00000155542|CD4_Naive_stim_16h
r949	ABCG2	4	88153451	0.221859372400122	ENSG00000118777|CD4_Memory_stim_5d
r950	THEM4	1	151929625	0.222421612548634	ENSG00000159445|CD4_Memory_stim_5d
r951	FAM184B	4	17705305	0.222475688099724	ENSG00000047662|CD4_Naive_stim_40h
r952	ENSG00000258181	12	47259565	0.222758682758233	ENSG00000258181|CD4_Naive_stim_5d
r953	ENSG00000258181	12	47259565	0.222758682758233	ENSG00000258181|CD4_Naive_stim_40h
r954	AOAH	7	36736045	0.223370462225996	ENSG00000136250|CD4_Naive_uns_0h
r955	PAX8	2	113234393	0.224475343963569	ENSG00000125618|CD4_Memory_stim_40h
r956	ATP5MC2	12	53647408	0.22540421579356	ENSG00000135390|CD4_Memory_stim_16h
r957	ATP5MC2	12	53647408	0.22540421579356	ENSG00000135390|CD4_Memory_stim_5d
r958	ATP5MC2	12	53647408	0.22540421579356	ENSG00000135390|CD4_Naive_stim_16h
r959	F5	1	169590583	0.225475101924797	ENSG00000198734|CD4_Naive_stim_16h
r960	FIBP	11	65879634	0.225626204871546	ENSG00000172500|CD4_Memory_stim_5d
r961	FIBP	11	65879634	0.225626204871546	ENSG00000172500|CD4_Naive_stim_40h
r962	FIBP	11	65879634	0.225626204871546	ENSG00000172500|CD4_Naive_stim_5d
r963	RPS17	15	82584394	0.225752337010073	ENSG00000182774|CD4_Naive_stim_5d
r964	MLF2	12	6756947	0.226243118285077	ENSG00000089693|CD4_Memory_stim_40h
r965	HOXB-AS1	17	48498200	0.226414844415298	ENSG00000230148|CD4_Naive_stim_16h
r966	IVD	15	40428587	0.226898231522366	ENSG00000128928|CD4_Memory_stim_40h
r967	HAX1	1	154270621	0.227200679925839	ENSG00000143575|CD4_Naive_stim_40h
r968	TNFSF13B	13	108319012	0.228227556290604	ENSG00000102524|CD4_Memory_uns_0h
r969	WDR41	5	77484699	0.228292604878994	ENSG00000164253|CD4_Memory_stim_5d
r970	WDR41	5	77484699	0.228292604878994	ENSG00000164253|CD4_Naive_stim_40h
r971	WDR41	5	77484699	0.228292604878994	ENSG00000164253|CD4_Naive_stim_5d
r972	CFD	19	867774	0.228821373039409	ENSG00000197766|CD4_Memory_uns_0h
r973	TMEM120A	7	75999949	0.228935795331537	ENSG00000189077|CD4_Memory_stim_40h
r974	ZNF738	19	21330606	0.22918331539485	ENSG00000172687|CD4_Memory_stim_5d
r975	LINC00649	21	33984633	0.229398827395849	ENSG00000237945|CD4_Memory_uns_0h
r976	TRAPPC2L	16	88860636	0.230395968121209	ENSG00000167515|CD4_Naive_stim_5d
r977	MAST3	19	18147702	0.230675931066617	ENSG00000099308|CD4_Memory_stim_40h
r978	MAST3	19	18147702	0.230675931066617	ENSG00000099308|CD4_Naive_stim_5d
r979	MMAB	12	109453937	0.230725958485899	ENSG00000139428|CD4_Memory_stim_5d
r980	MAP3K12	12	53692490	0.230919153831437	ENSG00000139625|CD4_Memory_uns_0h
r981	MAP3K12	12	53692490	0.230919153831437	ENSG00000139625|CD4_Naive_uns_0h
r982	DNAJC15	13	43023570	0.231698092885961	ENSG00000120675|CD4_Memory_stim_16h
r983	DNAJC15	13	43023570	0.231698092885961	ENSG00000120675|CD4_Naive_stim_40h
r984	DNAJC15	13	43023570	0.231698092885961	ENSG00000120675|CD4_Naive_stim_5d
r985	DNAJC15	13	43023570	0.231698092885961	ENSG00000120675|CD4_Memory_stim_40h
r986	DNAJC15	13	43023570	0.231698092885961	ENSG00000120675|CD4_Memory_stim_5d
r987	DNAJC15	13	43023570	0.231698092885961	ENSG00000120675|CD4_Naive_stim_16h
r988	DNAJC15	13	43023570	0.231698092885961	ENSG00000120675|CD4_Naive_uns_0h
r989	DNPH1	6	43189253	0.231698143083178	ENSG00000112667|CD4_Memory_stim_16h
r990	DNPH1	6	43189253	0.231698143083178	ENSG00000112667|CD4_Memory_stim_40h
r991	DNPH1	6	43189253	0.231698143083178	ENSG00000112667|CD4_Naive_stim_40h
r992	DNPH1	6	43189253	0.231698143083178	ENSG00000112667|CD4_Naive_stim_5d
r993	LOC124902694	11	66222968	0.232256392022855	ENSG00000255320|CD4_Memory_stim_5d
r994	PRMT2	21	46603727	0.232869717636138	ENSG00000160310|CD4_Naive_stim_40h
r995	LINC02482	4	6668588	0.233803693538778	ENSG00000251580|CD4_Memory_stim_16h
r996	LINC02482	4	6668588	0.233803693538778	ENSG00000251580|CD4_Memory_stim_5d
r997	LINC02482	4	6668588	0.233803693538778	ENSG00000251580|CD4_Memory_uns_0h
r998	LINC02482	4	6668588	0.233803693538778	ENSG00000251580|CD4_Naive_uns_0h
r999	BANF1	11	65974812	0.234630035740223	ENSG00000175334|CD4_Memory_uns_0h
r1000	AHI1	6	135588658	0.234775864263672	ENSG00000135541|CD4_Memory_stim_16h
r1001	SRGN	10	69106048	0.234921536502486	ENSG00000122862|CD4_Naive_uns_0h
r1002	PHLDA2	11	2939311	0.235209958709306	ENSG00000181649|CD4_Memory_stim_16h
r1003	PHLDA2	11	2939311	0.235209958709306	ENSG00000181649|CD4_Memory_stim_40h
r1004	PHLDA2	11	2939311	0.235209958709306	ENSG00000181649|CD4_Memory_stim_5d
r1005	PHLDA2	11	2939311	0.235209958709306	ENSG00000181649|CD4_Naive_stim_16h
r1006	PHLDA2	11	2939311	0.235209958709306	ENSG00000181649|CD4_Naive_stim_40h
r1007	PHLDA2	11	2939311	0.235209958709306	ENSG00000181649|CD4_Naive_stim_5d
r1008	RBM6	3	50101147	0.236800584314781	ENSG00000004534|CD4_Naive_uns_0h
r1009	RBM6	3	50101147	0.236800584314781	ENSG00000004534|CD4_Memory_uns_0h
r1010	C10orf95	10	102261235	0.237170614587147	ENSG00000120055|CD4_Naive_stim_40h
r1011	FNBP4	11	47712892	0.237473984769827	ENSG00000109920|CD4_Naive_uns_0h
r1012	CARD8	19	48246210	0.237607442495565	ENSG00000105483|CD4_Memory_stim_40h
r1013	SERPINE2	2	224026230	0.237652354895005	ENSG00000135919|CD4_Naive_stim_16h
r1014	LOC124902694	11	66258208	0.237733270034312	ENSG00000255320|CD4_Naive_stim_16h
r1015	PLAC8	4	83220225	0.238472011990279	ENSG00000145287|CD4_Naive_stim_5d
r1016	NUF2	1	163324544	0.238808863065773	ENSG00000143228|CD4_Naive_stim_40h
r1017	C11orf24	11	68251962	0.239537949159774	ENSG00000171067|CD4_Memory_stim_16h
r1018	C11orf24	11	68251962	0.239537949159774	ENSG00000171067|CD4_Naive_stim_40h
r1019	ACYP2	2	54127213	0.239575714037862	ENSG00000170634|CD4_Naive_stim_5d
r1020	AHI1	6	135523221	0.239746404237836	ENSG00000135541|CD4_Naive_stim_40h
r1021	FAHD1	16	1901509	0.239894000760643	ENSG00000180185|CD4_Memory_stim_40h
r1022	MGST3	1	165631686	0.241427716078684	ENSG00000143198|CD4_Naive_uns_0h
r1023	GPR160	3	170023202	0.241511936337407	ENSG00000173890|CD4_Memory_uns_0h
r1024	LOC102723878	11	64248757	0.241583812555808	ENSG00000236935|CD4_Memory_stim_5d
r1025	ZNF593	1	26197016	0.241811284576937	ENSG00000142684|CD4_Memory_stim_16h
r1026	ZNF593	1	26197016	0.241811284576937	ENSG00000142684|CD4_Naive_stim_16h
r1027	PLGRKT	9	5322039	0.242494440640837	ENSG00000107020|CD4_Naive_stim_16h
r1028	CRIPT	2	46642582	0.242600643952588	ENSG00000119878|CD4_Memory_stim_5d
r1029	NDUFA10	2	240027895	0.243044624153466	ENSG00000130414|CD4_Memory_stim_40h
r1030	NDUFA10	2	240027895	0.243044624153466	ENSG00000130414|CD4_Memory_stim_16h
r1031	NDUFA10	2	240027895	0.243044624153466	ENSG00000130414|CD4_Naive_stim_16h
r1032	NDUFA10	2	240027895	0.243044624153466	ENSG00000130414|CD4_Naive_stim_40h
r1033	NDUFA10	2	240027895	0.243044624153466	ENSG00000130414|CD4_Naive_stim_5d
r1034	CALHM6	6	116462167	0.244186779060053	ENSG00000188820|CD4_Memory_stim_40h
r1035	CALHM6	6	116462167	0.244186779060053	ENSG00000188820|CD4_Naive_stim_16h
r1036	CALHM6	6	116462167	0.244186779060053	ENSG00000188820|CD4_Naive_stim_5d
r1037	KCTD11	17	7330793	0.244659397134464	ENSG00000213859|CD4_Memory_uns_0h
r1038	KCTD11	17	7330793	0.244659397134464	ENSG00000213859|CD4_Naive_uns_0h
r1039	OXLD1	17	81674892	0.244697491040943	ENSG00000204237|CD4_Naive_stim_40h
r1040	ZNF587	19	57850181	0.24523994914341	ENSG00000198466|CD4_Memory_stim_5d
r1041	MESP1	15	89791246	0.245450128435391	ENSG00000166823|CD4_Naive_stim_5d
r1042	GRK4	4	2962661	0.245681940579652	ENSG00000125388|CD4_Naive_stim_40h
r1043	HLA-C	6	31350073	0.246668955084157	ENSG00000204525|CD4_Memory_stim_16h
r1044	SLC25A26	3	66382586	0.247028608059397	ENSG00000144741|CD4_Naive_stim_5d
r1045	UPF3A	13	114294290	0.247200258716003	ENSG00000169062|CD4_Naive_uns_0h
r1046	QRICH1	3	49034017	0.247276245951206	ENSG00000198218|CD4_Naive_stim_40h
r1047	VLDLR-AS1	9	2516992	0.248199309212129	ENSG00000236404|CD4_Memory_stim_5d
r1048	TBCA	5	77687338	0.248310488391411	ENSG00000171530|CD4_Memory_stim_5d
r1049	TBCA	5	77687338	0.248310488391411	ENSG00000171530|CD4_Naive_uns_0h
r1050	TBCA	5	77687338	0.248310488391411	ENSG00000171530|CD4_Memory_uns_0h
r1051	S100B	21	46587927	0.248963184362549	ENSG00000160307|CD4_Naive_uns_0h
r1052	MLF2	12	6757661	0.250299450771762	ENSG00000089693|CD4_Naive_stim_40h
r1053	C11orf54	11	93755026	0.250454571332784	ENSG00000182919|CD4_Memory_stim_40h
r1054	SAXO2	15	82245598	0.250651337217715	ENSG00000188659|CD4_Naive_uns_0h
r1055	TMEM141	9	136773380	0.250967404949537	ENSG00000244187|CD4_Memory_stim_40h
r1056	TSPAN14-AS1	10	80542291	0.25102532804253	ENSG00000226659|CD4_Naive_stim_5d
r1057	PIDD1	11	780395	0.251622865083436	ENSG00000177595|CD4_Memory_stim_40h
r1058	ISCA2	14	74481477	0.251812063247745	ENSG00000165898|CD4_Memory_stim_40h
r1059	DNAJC15	13	43034803	0.252845076295899	ENSG00000120675|CD4_Memory_uns_0h
r1060	BCAS4	20	50808211	0.253449137658532	ENSG00000124243|CD4_Naive_stim_5d
r1061	HSD3B7	16	30999862	0.253903512941182	ENSG00000099377|CD4_Memory_stim_5d
r1062	BAK1	6	33572915	0.254555061784433	ENSG00000030110|CD4_Memory_stim_40h
r1063	BAK1	6	33572915	0.254555061784433	ENSG00000030110|CD4_Naive_stim_40h
r1064	GPR180	13	94598274	0.254989884926396	ENSG00000152749|CD4_Memory_stim_40h
r1065	HAGH	16	1800193	0.255076889499801	ENSG00000063854|CD4_Memory_stim_40h
r1066	HAGH	16	1800193	0.255076889499801	ENSG00000063854|CD4_Naive_stim_40h
r1067	RPS9	19	54206805	0.255178282882927	ENSG00000170889|CD4_Memory_stim_40h
r1068	TSEN34	19	54206805	0.255178282882927	ENSG00000170892|CD4_Memory_stim_40h
r1069	CBR1	21	36064820	0.255272990130685	ENSG00000159228|CD4_Memory_stim_40h
r1070	TOGARAM2	2	29017917	0.255522938081523	ENSG00000189350|CD4_Memory_stim_5d
r1071	XAB2	19	7597737	0.257350904914589	ENSG00000076924|CD4_Memory_stim_16h
r1072	TESPA1	12	55001928	0.258203366725959	ENSG00000135426|CD4_Naive_stim_5d
r1073	CCSER2	10	84367189	0.259198312400831	ENSG00000107771|CD4_Memory_uns_0h
r1074	CCSER2	10	84367189	0.259198312400831	ENSG00000107771|CD4_Naive_stim_16h
r1075	LRPPRC	2	43895934	0.259359207121334	ENSG00000138095|CD4_Memory_stim_16h
r1076	LRPPRC	2	43895934	0.259359207121334	ENSG00000138095|CD4_Naive_stim_40h
r1077	POP5	12	120473983	0.259399576034072	ENSG00000167272|CD4_Memory_stim_40h
r1078	GATC	12	120473983	0.259399576034072	ENSG00000257218|CD4_Naive_stim_16h
r1079	GATC	12	120473983	0.259399576034072	ENSG00000257218|CD4_Naive_stim_40h
r1080	RPS10	6	34281505	0.259472458786528	ENSG00000124614|CD4_Naive_stim_16h
r1081	RPS10	6	34281505	0.259472458786528	ENSG00000124614|CD4_Memory_stim_5d
r1082	RPS10	6	34281505	0.259472458786528	ENSG00000124614|CD4_Naive_stim_40h
r1083	RPS10	6	34281505	0.259472458786528	ENSG00000124614|CD4_Naive_stim_5d
r1084	CCSER2	10	84516538	0.259517458950105	ENSG00000107771|CD4_Memory_stim_40h
r1085	CCSER2	10	84516538	0.259517458950105	ENSG00000107771|CD4_Naive_uns_0h
r1086	NTAQ1	8	123460842	0.260066771482492	ENSG00000156795|CD4_Memory_stim_40h
r1087	CD3E	11	118315204	0.260108438380473	ENSG00000198851|CD4_Memory_stim_40h
r1088	SCRN2	17	47834936	0.261260764991802	ENSG00000141295|CD4_Memory_stim_40h
r1089	SCRN2	17	47834936	0.261260764991802	ENSG00000141295|CD4_Naive_stim_5d
r1090	CALM3	19	46633905	0.261324018008359	ENSG00000160014|CD4_Memory_stim_5d
r1091	TOX4	14	21477256	0.262172464051113	ENSG00000092203|CD4_Memory_stim_40h
r1092	TOX4	14	21477256	0.262172464051113	ENSG00000092203|CD4_Memory_stim_5d
r1093	TOX4	14	21477256	0.262172464051113	ENSG00000092203|CD4_Naive_stim_5d
r1094	GEMIN7	19	45090912	0.262413595577505	ENSG00000142252|CD4_Memory_stim_16h
r1095	GEMIN7	19	45090912	0.262413595577505	ENSG00000142252|CD4_Memory_stim_5d
r1096	GEMIN7	19	45090912	0.262413595577506	ENSG00000142252|CD4_Memory_stim_40h
r1097	GEMIN7	19	45090912	0.262413595577506	ENSG00000142252|CD4_Naive_stim_16h
r1098	GEMIN7	19	45090912	0.262413595577506	ENSG00000142252|CD4_Naive_stim_40h
r1099	GEMIN7	19	45090912	0.262413595577506	ENSG00000142252|CD4_Naive_stim_5d
r1100	GEMIN7	19	45090912	0.262413595577506	ENSG00000142252|CD4_Naive_uns_0h
r1101	IMP3	15	75458042	0.262701936899247	ENSG00000177971|CD4_Memory_stim_16h
r1102	TRAV26-2	14	22148880	0.262785017400718	ENSG00000211812|CD4_Naive_stim_40h
r1103	TMEM120A	7	76009103	0.262902555296075	ENSG00000189077|CD4_Naive_stim_5d
r1104	MOB1A	2	74141974	0.263709763249026	ENSG00000114978|CD4_Naive_stim_40h
r1105	ZNF302	19	34723639	0.264412523702432	ENSG00000089335|CD4_Naive_stim_16h
r1106	HAX1	1	154266858	0.265319626741995	ENSG00000143575|CD4_Memory_stim_16h
r1107	CAMLG	5	134654636	0.265363586103985	ENSG00000164615|CD4_Memory_stim_16h
r1108	CAMLG	5	134654636	0.265363586103985	ENSG00000164615|CD4_Naive_stim_40h
r1109	CD59	11	33733399	0.265711717870909	ENSG00000085063|CD4_Naive_stim_16h
r1110	RPS10	6	34315578	0.26630293612604	ENSG00000124614|CD4_Memory_uns_0h
r1111	ENSG00000228506	6	99429343	0.267747421703699	ENSG00000228506|CD4_Memory_stim_5d
r1112	ENSG00000228506	6	99429343	0.267747421703699	ENSG00000228506|CD4_Naive_stim_5d
r1113	GRHPR	9	37419500	0.268263861904302	ENSG00000137106|CD4_Memory_stim_5d
r1114	ORMDL3	17	39796736	0.268846070174051	ENSG00000172057|CD4_Naive_uns_0h
r1115	ENDOD1	11	95127803	0.269984790118393	ENSG00000149218|CD4_Memory_stim_40h
r1116	ENDOD1	11	95127803	0.269984790118393	ENSG00000149218|CD4_Naive_uns_0h
r1117	ENDOD1	11	95127803	0.269984790118393	ENSG00000149218|CD4_Memory_stim_5d
r1118	ENDOD1	11	95127803	0.269984790118393	ENSG00000149218|CD4_Naive_stim_40h
r1119	BTN2A1	6	26466954	0.270127052037243	ENSG00000112763|CD4_Naive_stim_5d
r1120	SETD9	5	56917583	0.270948639053096	ENSG00000155542|CD4_Memory_stim_40h
r1121	SETD9	5	56917583	0.270948639053096	ENSG00000155542|CD4_Naive_uns_0h
r1122	AOAH	7	36698949	0.271109368323947	ENSG00000136250|CD4_Naive_stim_5d
r1123	ANKH	5	14775188	0.271394115784275	ENSG00000154122|CD4_Naive_uns_0h
r1124	TMEM50B	21	33478437	0.271499488440159	ENSG00000142188|CD4_Naive_stim_5d
r1125	TMEM50B	21	33478437	0.271499488440159	ENSG00000142188|CD4_Naive_uns_0h
r1126	EPRS1	1	219975010	0.271553374255603	ENSG00000136628|CD4_Naive_stim_5d
r1127	TMEM50A	1	25474299	0.272063734316213	ENSG00000183726|CD4_Naive_stim_5d
r1128	MAP3K12	12	53419219	0.272202331801413	ENSG00000139625|CD4_Memory_stim_40h
r1129	MAP3K12	12	53419219	0.272202331801413	ENSG00000139625|CD4_Naive_stim_16h
r1130	MAP3K12	12	53419219	0.272202331801413	ENSG00000139625|CD4_Naive_stim_40h
r1131	MAP3K12	12	53419219	0.272202331801414	ENSG00000139625|CD4_Memory_stim_16h
r1132	NMRK1	9	75123635	0.273123833870882	ENSG00000106733|CD4_Naive_stim_40h
r1133	FBLN5	14	91903656	0.273832695030063	ENSG00000140092|CD4_Memory_stim_5d
r1134	FBLN5	14	91903656	0.273832695030063	ENSG00000140092|CD4_Memory_uns_0h
r1135	FBLN5	14	91903656	0.273832695030063	ENSG00000140092|CD4_Naive_uns_0h
r1136	KRT1	12	52677598	0.274124055157839	ENSG00000167768|CD4_Memory_stim_16h
r1137	KRT1	12	52677598	0.274124055157839	ENSG00000167768|CD4_Memory_stim_40h
r1138	KRT1	12	52677598	0.274124055157839	ENSG00000167768|CD4_Memory_uns_0h
r1139	KRT1	12	52677598	0.274124055157839	ENSG00000167768|CD4_Naive_uns_0h
r1140	EPRS1	1	219956443	0.274732073464862	ENSG00000136628|CD4_Naive_stim_16h
r1141	GFM1	3	158717981	0.275195184755015	ENSG00000168827|CD4_Naive_stim_40h
r1142	STAM	10	17719479	0.276457192613596	ENSG00000136738|CD4_Memory_stim_5d
r1143	ZNF738	19	21285878	0.276622116264118	ENSG00000172687|CD4_Memory_stim_40h
r1144	MORN3	12	121667544	0.276803061592513	ENSG00000139714|CD4_Naive_stim_16h
r1145	DCXR	17	82034939	0.277060554020023	ENSG00000169738|CD4_Memory_stim_16h
r1146	MGST2	4	139668390	0.277608904069106	ENSG00000085871|CD4_Memory_stim_40h
r1147	MGST2	4	139668390	0.277608904069106	ENSG00000085871|CD4_Memory_uns_0h
r1148	MGST2	4	139668390	0.277608904069106	ENSG00000085871|CD4_Naive_stim_40h
r1149	MGST2	4	139668390	0.277608904069106	ENSG00000085871|CD4_Naive_uns_0h
r1150	WDR4	21	42849750	0.277913852628467	ENSG00000160193|CD4_Naive_stim_16h
r1151	FAM136A	2	70312721	0.279766185092783	ENSG00000035141|CD4_Memory_stim_40h
r1152	ERCC6L2-AS1	9	95863209	0.279869497969621	ENSG00000175611|CD4_Memory_stim_16h
r1153	ERCC6L2-AS1	9	95863209	0.279869497969621	ENSG00000175611|CD4_Memory_stim_40h
r1154	ERCC6L2-AS1	9	95863209	0.279869497969621	ENSG00000175611|CD4_Memory_uns_0h
r1155	ERCC6L2-AS1	9	95863209	0.279869497969621	ENSG00000175611|CD4_Naive_stim_40h
r1156	ERCC6L2-AS1	9	95863209	0.279869497969621	ENSG00000175611|CD4_Naive_stim_5d
r1157	ERCC6L2-AS1	9	95863209	0.279869497969621	ENSG00000175611|CD4_Naive_uns_0h
r1158	ERCC6L2-AS1	9	95863209	0.279869497969622	ENSG00000175611|CD4_Memory_stim_5d
r1159	GPX4	19	1095515	0.280967304557588	ENSG00000167468|CD4_Naive_stim_5d
r1160	HVCN1	12	110698654	0.2816628388909	ENSG00000122986|CD4_Naive_uns_0h
r1161	COX6B1	19	35691802	0.281736066562104	ENSG00000126267|CD4_Memory_stim_40h
r1162	GSTM3	1	109730023	0.281815611611468	ENSG00000134202|CD4_Naive_uns_0h
r1163	AKAP10	17	19975851	0.282064729576487	ENSG00000108599|CD4_Naive_uns_0h
r1164	SETD9	5	56941308	0.2834755590232	ENSG00000155542|CD4_Naive_stim_5d
r1165	MAST3	19	18165213	0.284232674886154	ENSG00000099308|CD4_Memory_stim_5d
r1166	SCCPDH	1	246711003	0.284495862551465	ENSG00000143653|CD4_Naive_stim_40h
r1167	MGST2	4	139668507	0.284543673966968	ENSG00000085871|CD4_Memory_stim_16h
r1168	PPIL3	2	200877622	0.284586176901929	ENSG00000240344|CD4_Memory_stim_16h
r1169	PPIL3	2	200877622	0.284586176901929	ENSG00000240344|CD4_Naive_uns_0h
r1170	PPIL3	2	200877622	0.284586176901929	ENSG00000240344|CD4_Memory_stim_40h
r1171	PPIL3	2	200877622	0.284586176901929	ENSG00000240344|CD4_Memory_stim_5d
r1172	PPIL3	2	200877622	0.284586176901929	ENSG00000240344|CD4_Memory_uns_0h
r1173	VIM-AS1	10	17229111	0.285268660443731	ENSG00000229124|CD4_Naive_stim_5d
r1174	EBPL	13	49691973	0.285796328695834	ENSG00000123179|CD4_Memory_stim_16h
r1175	EBPL	13	49691973	0.285796328695834	ENSG00000123179|CD4_Memory_stim_40h
r1176	EBPL	13	49691973	0.285796328695834	ENSG00000123179|CD4_Memory_stim_5d
r1177	EBPL	13	49691973	0.285796328695834	ENSG00000123179|CD4_Memory_uns_0h
r1178	EBPL	13	49691973	0.285796328695834	ENSG00000123179|CD4_Naive_stim_5d
r1179	TMEM204	16	1537276	0.285914867798967	ENSG00000131634|CD4_Naive_stim_16h
r1180	TMEM50B	21	33487094	0.286302379765198	ENSG00000142188|CD4_Memory_uns_0h
r1181	GRHPR	9	37420314	0.286703555785443	ENSG00000137106|CD4_Memory_stim_16h
r1182	GRHPR	9	37420314	0.286703555785443	ENSG00000137106|CD4_Memory_stim_40h
r1183	GRHPR	9	37420314	0.286703555785443	ENSG00000137106|CD4_Memory_uns_0h
r1184	GRHPR	9	37420314	0.286703555785443	ENSG00000137106|CD4_Naive_stim_16h
r1185	GRHPR	9	37420314	0.286703555785443	ENSG00000137106|CD4_Naive_stim_40h
r1186	GRHPR	9	37420314	0.286703555785443	ENSG00000137106|CD4_Naive_stim_5d
r1187	GRHPR	9	37420314	0.286703555785443	ENSG00000137106|CD4_Naive_uns_0h
r1188	PTER	10	16427651	0.286931804247762	ENSG00000165983|CD4_Memory_stim_16h
r1189	XPNPEP3	22	40806132	0.287085866852283	ENSG00000196236|CD4_Naive_stim_40h
r1190	DNAJA1	9	32982450	0.288148649888257	ENSG00000086061|CD4_Memory_stim_40h
r1191	DNAJA1	9	32982450	0.288148649888257	ENSG00000086061|CD4_Memory_stim_5d
r1192	DNAJA1	9	32982450	0.288148649888257	ENSG00000086061|CD4_Naive_stim_5d
r1193	RHOF	12	121778986	0.288534149797714	ENSG00000139725|CD4_Memory_stim_5d
r1194	COX6B1	19	35658859	0.290201307928767	ENSG00000126267|CD4_Naive_stim_40h
r1195	NT5DC2	3	52506757	0.290848676076961	ENSG00000168268|CD4_Memory_stim_5d
r1196	NT5DC2	3	52506757	0.290848676076961	ENSG00000168268|CD4_Naive_stim_16h
r1197	NT5DC2	3	52506757	0.290848676076961	ENSG00000168268|CD4_Naive_stim_5d
r1198	ZNF302	19	34729340	0.291183153390737	ENSG00000089335|CD4_Naive_uns_0h
r1199	GPC1	2	240403124	0.291718639309727	ENSG00000063660|CD4_Memory_stim_40h
r1200	SERPINE2	2	224028228	0.291844864392447	ENSG00000135919|CD4_Naive_uns_0h
r1201	C2orf74	2	61230060	0.292296145932614	ENSG00000237651|CD4_Memory_uns_0h
r1202	ANKDD1A	15	64871465	0.292354561312772	ENSG00000166839|CD4_Memory_stim_5d
r1203	ZNF302	19	34703217	0.292553364317889	ENSG00000089335|CD4_Memory_stim_40h
r1204	MRS2	6	24429737	0.292837083486064	ENSG00000124532|CD4_Naive_stim_40h
r1205	METTL18	1	169749090	0.293667140686765	ENSG00000171806|CD4_Memory_uns_0h
r1206	LAP3	4	17688129	0.293903429837561	ENSG00000002549|CD4_Naive_stim_40h
r1207	FAM184B	4	17688129	0.293903429837561	ENSG00000047662|CD4_Memory_stim_40h
r1208	ITPA	20	3217796	0.294010135907552	ENSG00000125877|CD4_Memory_stim_5d
r1209	ITPA	20	3217796	0.294010135907552	ENSG00000125877|CD4_Naive_stim_40h
r1210	SLC12A2-DT	5	128162688	0.294505664674133	ENSG00000245937|CD4_Naive_stim_16h
r1211	MXRA7	17	76672691	0.294786055859857	ENSG00000182534|CD4_Memory_stim_5d
r1212	MRPL34	19	17315692	0.294973247913245	ENSG00000130312|CD4_Memory_uns_0h
r1213	SNAP29	22	20747909	0.295041194936969	ENSG00000099940|CD4_Memory_stim_5d
r1214	SNAP29	22	20747909	0.295041194936969	ENSG00000099940|CD4_Naive_stim_40h
r1215	SNAP29	22	20747909	0.295041194936969	ENSG00000099940|CD4_Naive_stim_5d
r1216	GNG5	1	84506150	0.2951285330351	ENSG00000174021|CD4_Memory_uns_0h
r1217	GNG5	1	84506150	0.2951285330351	ENSG00000174021|CD4_Naive_uns_0h
r1218	ITGB3BP	1	63480593	0.296376240445202	ENSG00000142856|CD4_Memory_stim_5d
r1219	ITGB3BP	1	63480593	0.296376240445202	ENSG00000142856|CD4_Naive_stim_16h
r1220	ITGB3BP	1	63480593	0.296376240445202	ENSG00000142856|CD4_Naive_stim_40h
r1221	ITGB3BP	1	63480593	0.296376240445202	ENSG00000142856|CD4_Naive_stim_5d
r1222	ITGB3BP	1	63480593	0.296376240445202	ENSG00000142856|CD4_Naive_uns_0h
r1223	LRRIQ3	1	74198025	0.297979518766873	ENSG00000162620|CD4_Memory_stim_40h
r1224	LRRIQ3	1	74198025	0.297979518766873	ENSG00000162620|CD4_Memory_stim_5d
r1225	LRRIQ3	1	74198025	0.297979518766873	ENSG00000162620|CD4_Naive_stim_16h
r1226	LRRIQ3	1	74198025	0.297979518766873	ENSG00000162620|CD4_Naive_stim_40h
r1227	LRRIQ3	1	74198025	0.297979518766873	ENSG00000162620|CD4_Naive_uns_0h
r1228	LRRIQ3	1	74198025	0.297979518766873	ENSG00000162620|CD4_Naive_stim_5d
r1229	DTWD1	15	49630829	0.300009774648014	ENSG00000104047|CD4_Memory_stim_40h
r1230	RPSA	3	39396224	0.300999004486638	ENSG00000168028|CD4_Naive_stim_40h
r1231	GSTM3	1	109727471	0.302986694667658	ENSG00000134202|CD4_Memory_stim_5d
r1232	GSTM3	1	109727471	0.302986694667659	ENSG00000134202|CD4_Memory_stim_40h
r1233	GSTM3	1	109727471	0.302986694667659	ENSG00000134202|CD4_Naive_stim_5d
r1234	CHPF	2	219535683	0.304545813606028	ENSG00000123989|CD4_Naive_stim_16h
r1235	SETD9	5	56951701	0.304779319710296	ENSG00000155542|CD4_Memory_uns_0h
r1236	SETD9	5	56951701	0.304779319710296	ENSG00000155542|CD4_Naive_stim_40h
r1237	TUBE1	6	112089133	0.305135284302196	ENSG00000074935|CD4_Naive_stim_16h
r1238	TSPOAP1-AS1	17	58350295	0.305351624232447	ENSG00000265148|CD4_Naive_stim_40h
r1239	ITPA	20	3213332	0.30550213060717	ENSG00000125877|CD4_Memory_stim_16h
r1240	ITPA	20	3213332	0.30550213060717	ENSG00000125877|CD4_Naive_stim_16h
r1241	DDRGK1	20	3213332	0.30550213060717	ENSG00000198171|CD4_Memory_stim_16h
r1242	DDRGK1	20	3213332	0.30550213060717	ENSG00000198171|CD4_Naive_stim_40h
r1243	ZNF593	1	26170849	0.306004172332205	ENSG00000142684|CD4_Naive_stim_40h
r1244	ZNF593	1	26170849	0.306004172332205	ENSG00000142684|CD4_Memory_stim_40h
r1245	ZNF593	1	26170849	0.306004172332205	ENSG00000142684|CD4_Naive_stim_5d
r1246	ZNF593	1	26170849	0.306004172332205	ENSG00000142684|CD4_Naive_uns_0h
r1247	ZNF587	19	57849960	0.306125605064332	ENSG00000198466|CD4_Memory_stim_40h
r1248	ULK4	3	41807135	0.30642180992764	ENSG00000168038|CD4_Naive_stim_5d
r1249	ULK4	3	41807135	0.30642180992764	ENSG00000168038|CD4_Naive_uns_0h
r1250	MIDEAS	14	73701728	0.30646109720152	ENSG00000156030|CD4_Memory_stim_16h
r1251	NUDT2	9	34268704	0.307241807751181	ENSG00000164978|CD4_Memory_stim_5d
r1252	FAM184B	4	17689543	0.307393427119704	ENSG00000047662|CD4_Naive_stim_5d
r1253	ULK4	3	41823072	0.307828428331637	ENSG00000168038|CD4_Naive_stim_16h
r1254	THUMPD3	3	9361831	0.308375624239514	ENSG00000134077|CD4_Memory_stim_40h
r1255	ANKDD1A	15	64872337	0.308673840690702	ENSG00000166839|CD4_Memory_stim_40h
r1256	RPS10	6	34286100	0.309187638533342	ENSG00000124614|CD4_Memory_stim_16h
r1257	RPS10	6	34286100	0.309187638533342	ENSG00000124614|CD4_Naive_uns_0h
r1258	SMIM20	4	25917487	0.309812247357151	ENSG00000250317|CD4_Memory_stim_16h
r1259	NT5C3B	17	41856480	0.309978109407135	ENSG00000141698|CD4_Memory_uns_0h
r1260	ZNF302	19	34690498	0.310222476208063	ENSG00000089335|CD4_Memory_stim_5d
r1261	ZNF302	19	34690498	0.310222476208063	ENSG00000089335|CD4_Memory_uns_0h
r1262	DDT	22	23919874	0.310731782589051	ENSG00000099977|CD4_Memory_stim_40h
r1263	DDT	22	23919874	0.310731782589051	ENSG00000099977|CD4_Naive_stim_40h
r1264	SCAND1	20	35951544	0.311368985235423	ENSG00000171222|CD4_Memory_stim_40h
r1265	ULK4	3	41806487	0.311443335242753	ENSG00000168038|CD4_Memory_stim_40h
r1266	ULK4	3	41806487	0.311443335242753	ENSG00000168038|CD4_Naive_stim_40h
r1267	GLDC	9	6597914	0.311861703703707	ENSG00000178445|CD4_Memory_stim_40h
r1268	ENSG00000232445	7	101337688	0.311979732446262	ENSG00000232445|CD4_Naive_stim_40h
r1269	OSGIN2	8	89938478	0.311995800162587	ENSG00000164823|CD4_Naive_stim_40h
r1270	WASHC3	12	102068634	0.312055420129019	ENSG00000120860|CD4_Memory_stim_40h
r1271	TPGS2	18	36851314	0.313743018115233	ENSG00000134779|CD4_Memory_stim_40h
r1272	IL12RB1	19	18080631	0.313786258700673	ENSG00000096996|CD4_Memory_uns_0h
r1273	HECW2-AS1	2	196271733	0.313942877629749	ENSG00000229056|CD4_Memory_stim_16h
r1274	PYROXD1	12	21433265	0.314126468560705	ENSG00000121350|CD4_Naive_stim_40h
r1275	PYROXD1	12	21433265	0.314126468560705	ENSG00000121350|CD4_Memory_stim_40h
r1276	PYROXD1	12	21433265	0.314126468560705	ENSG00000121350|CD4_Memory_stim_5d
r1277	PYROXD1	12	21433265	0.314126468560705	ENSG00000121350|CD4_Naive_stim_16h
r1278	PYROXD1	12	21433265	0.314126468560705	ENSG00000121350|CD4_Naive_stim_5d
r1279	MRPS21	1	150295378	0.314322181119902	ENSG00000266472|CD4_Memory_stim_16h
r1280	NMI	2	151301732	0.314506792371737	ENSG00000123609|CD4_Memory_stim_16h
r1281	CORO1C	12	108760187	0.314579701328201	ENSG00000110880|CD4_Memory_stim_40h
r1282	SYNM	15	99146309	0.315951277308683	ENSG00000182253|CD4_Memory_uns_0h
r1283	CTLA4	2	203874196	0.31618239887899	ENSG00000163599|CD4_Naive_stim_5d
r1284	CTLA4	2	203874196	0.31618239887899	ENSG00000163599|CD4_Memory_stim_16h
r1285	CTLA4	2	203874196	0.31618239887899	ENSG00000163599|CD4_Memory_stim_40h
r1286	CTLA4	2	203874196	0.31618239887899	ENSG00000163599|CD4_Memory_stim_5d
r1287	CTLA4	2	203874196	0.31618239887899	ENSG00000163599|CD4_Memory_uns_0h
r1288	CTLA4	2	203874196	0.31618239887899	ENSG00000163599|CD4_Naive_stim_16h
r1289	CTLA4	2	203874196	0.31618239887899	ENSG00000163599|CD4_Naive_stim_40h
r1290	MORF4L1	15	78871621	0.316478396384698	ENSG00000185787|CD4_Memory_stim_40h
r1291	MORF4L1	15	78871621	0.316478396384698	ENSG00000185787|CD4_Naive_stim_40h
r1292	NT5C3B	17	41925424	0.317040430598774	ENSG00000141698|CD4_Memory_stim_40h
r1293	NT5C3B	17	41925424	0.317040430598774	ENSG00000141698|CD4_Memory_stim_5d
r1294	NT5C3B	17	41925424	0.317040430598774	ENSG00000141698|CD4_Naive_stim_40h
r1295	NT5C3B	17	41925424	0.317040430598774	ENSG00000141698|CD4_Naive_stim_5d
r1296	PTGIR	19	46626313	0.317485244045865	ENSG00000160013|CD4_Memory_stim_40h
r1297	PTGIR	19	46626313	0.317485244045865	ENSG00000160013|CD4_Naive_uns_0h
r1298	CALM3	19	46626313	0.317485244045865	ENSG00000160014|CD4_Naive_stim_16h
r1299	GNG8	19	46626313	0.317485244045865	ENSG00000167414|CD4_Naive_stim_5d
r1300	PTGIR	19	46626313	0.317485244045866	ENSG00000160013|CD4_Naive_stim_16h
r1301	GNG8	19	46626313	0.317485244045866	ENSG00000167414|CD4_Naive_stim_16h
r1302	ITGB3BP	1	63459570	0.317519152406742	ENSG00000142856|CD4_Memory_stim_16h
r1303	FAM184B	4	17711161	0.31752176261507	ENSG00000047662|CD4_Naive_stim_16h
r1304	NLRP2	19	54982820	0.318470722274753	ENSG00000022556|CD4_Memory_stim_16h
r1305	USP39	2	85593250	0.319398300120651	ENSG00000168883|CD4_Naive_stim_40h
r1306	ULK4	3	41956319	0.319912495221666	ENSG00000168038|CD4_Memory_stim_5d
r1307	VARS2	6	30921483	0.320120167416126	ENSG00000137411|CD4_Naive_stim_16h
r1308	VARS2	6	30921483	0.320120167416126	ENSG00000137411|CD4_Naive_stim_40h
r1309	THEM4	1	151865616	0.320806761793436	ENSG00000159445|CD4_Memory_stim_40h
r1310	THEM4	1	151865616	0.320806761793436	ENSG00000159445|CD4_Memory_uns_0h
r1311	THEM4	1	151865616	0.320806761793436	ENSG00000159445|CD4_Naive_stim_16h
r1312	THEM4	1	151865616	0.320806761793436	ENSG00000159445|CD4_Naive_stim_40h
r1313	THEM4	1	151865616	0.320806761793436	ENSG00000159445|CD4_Naive_uns_0h
r1314	CSNK2A2	16	58194179	0.320981319051644	ENSG00000070770|CD4_Memory_stim_40h
r1315	FAH	15	80157986	0.322114849706927	ENSG00000103876|CD4_Naive_stim_40h
r1316	FAH	15	80157986	0.322114849706927	ENSG00000103876|CD4_Memory_stim_40h
r1317	PIGF	2	46634098	0.322734956858431	ENSG00000151665|CD4_Memory_stim_40h
r1318	VAMP4	1	171760535	0.323204738811723	ENSG00000117533|CD4_Naive_uns_0h
r1319	ADAMTS7	15	78762558	0.323971471134113	ENSG00000136378|CD4_Naive_stim_5d
r1320	MAPK13	6	36137347	0.32434470315132	ENSG00000156711|CD4_Naive_stim_40h
r1321	BORCS5	12	12464072	0.32445097594559	ENSG00000165714|CD4_Memory_stim_16h
r1322	BORCS5	12	12464072	0.32445097594559	ENSG00000165714|CD4_Naive_stim_40h
r1323	BORCS5	12	12464072	0.32445097594559	ENSG00000165714|CD4_Memory_stim_40h
r1324	SPNS1	16	28961947	0.324895002244822	ENSG00000169682|CD4_Memory_stim_16h
r1325	SPNS1	16	28961947	0.324895002244822	ENSG00000169682|CD4_Memory_stim_40h
r1326	SPNS1	16	28961947	0.324895002244822	ENSG00000169682|CD4_Memory_stim_5d
r1327	SPNS1	16	28961947	0.324895002244822	ENSG00000169682|CD4_Naive_stim_16h
r1328	SPNS1	16	28961947	0.324895002244822	ENSG00000169682|CD4_Naive_stim_40h
r1329	SPNS1	16	28961947	0.324895002244822	ENSG00000169682|CD4_Naive_stim_5d
r1330	MRPS6	21	33978601	0.324907089415443	ENSG00000243927|CD4_Memory_uns_0h
r1331	CYB5A	18	74288368	0.3254103747166	ENSG00000166347|CD4_Naive_stim_40h
r1332	LAX1	1	203771487	0.326568643744343	ENSG00000122188|CD4_Memory_stim_40h
r1333	LAX1	1	203771487	0.326568643744343	ENSG00000122188|CD4_Naive_stim_40h
r1334	LAX1	1	203771487	0.326568643744343	ENSG00000122188|CD4_Naive_uns_0h
r1335	THEMIS2	1	27885139	0.326706313139075	ENSG00000130775|CD4_Memory_stim_40h
r1336	THEMIS2	1	27885139	0.326706313139075	ENSG00000130775|CD4_Memory_uns_0h
r1337	SEPTIN2	2	241246239	0.32748385833875	ENSG00000168385|CD4_Memory_stim_16h
r1338	SEPTIN2	2	241246239	0.32748385833875	ENSG00000168385|CD4_Memory_uns_0h
r1339	SEPTIN2	2	241246239	0.32748385833875	ENSG00000168385|CD4_Naive_stim_16h
r1340	SEPTIN2	2	241246239	0.32748385833875	ENSG00000168385|CD4_Naive_stim_40h
r1341	SEPTIN2	2	241246239	0.32748385833875	ENSG00000168385|CD4_Naive_uns_0h
r1342	ERO1A	14	52552040	0.327739573554217	ENSG00000197930|CD4_Memory_stim_40h
r1343	CD6	11	60993140	0.327780458806681	ENSG00000013725|CD4_Naive_stim_40h
r1344	ANKRD13C-DT	1	70362560	0.329030216209418	ENSG00000197568|CD4_Naive_stim_40h
r1345	NIPSNAP1	22	29647574	0.329083269263443	ENSG00000184117|CD4_Naive_stim_40h
r1346	RPS23	5	82195268	0.329389708943749	ENSG00000186468|CD4_Naive_stim_5d
r1347	MORN3	12	121629033	0.330063432129702	ENSG00000139714|CD4_Naive_stim_5d
r1348	MORN3	12	121629033	0.330063432129702	ENSG00000139714|CD4_Memory_uns_0h
r1349	MORN3	12	121629033	0.330063432129702	ENSG00000139714|CD4_Naive_uns_0h
r1350	KIAA0040	1	175143931	0.330645744451148	ENSG00000235750|CD4_Memory_uns_0h
r1351	KIAA0040	1	175143931	0.330645744451148	ENSG00000235750|CD4_Naive_stim_16h
r1352	KIAA0040	1	175143931	0.330645744451148	ENSG00000235750|CD4_Naive_stim_40h
r1353	ENSG00000272688	18	3261877	0.33228795721728	ENSG00000272688|CD4_Naive_stim_5d
r1354	SLC35F3	1	234314629	0.332379020976117	ENSG00000183780|CD4_Memory_uns_0h
r1355	SLC35F3	1	234314629	0.332379020976117	ENSG00000183780|CD4_Naive_stim_40h
r1356	CIB1	15	90252900	0.332640470526996	ENSG00000185043|CD4_Naive_uns_0h
r1357	CIB1	15	90252900	0.332640470526996	ENSG00000185043|CD4_Naive_stim_16h
r1358	MIX23	3	122347493	0.332687332429501	ENSG00000160124|CD4_Memory_stim_5d
r1359	MIX23	3	122347493	0.332687332429501	ENSG00000160124|CD4_Memory_uns_0h
r1360	MIX23	3	122347493	0.332687332429501	ENSG00000160124|CD4_Memory_stim_16h
r1361	MIX23	3	122347493	0.332687332429501	ENSG00000160124|CD4_Naive_stim_40h
r1362	NUDT2	9	34165202	0.332931414736218	ENSG00000164978|CD4_Memory_stim_16h
r1363	NUDT2	9	34165202	0.332931414736218	ENSG00000164978|CD4_Naive_uns_0h
r1364	NUDT2	9	34165202	0.332931414736219	ENSG00000164978|CD4_Memory_uns_0h
r1365	NUDT2	9	34165202	0.332931414736219	ENSG00000164978|CD4_Naive_stim_16h
r1366	NUDT2	9	34165202	0.332931414736219	ENSG00000164978|CD4_Naive_stim_5d
r1367	AGA	4	177435307	0.33326537419058	ENSG00000038002|CD4_Memory_stim_16h
r1368	LINC02132	16	85937753	0.333453582456026	ENSG00000268804|CD4_Naive_stim_40h
r1369	PYROXD1	12	21451584	0.333475338534984	ENSG00000121350|CD4_Memory_uns_0h
r1370	RPS21-DT	20	62407062	0.335043297611298	ENSG00000273619|CD4_Naive_stim_40h
r1371	FAM136A	2	70244767	0.335247975884896	ENSG00000035141|CD4_Naive_stim_40h
r1372	MRPL39	21	25607316	0.336211936919417	ENSG00000154719|CD4_Memory_stim_40h
r1373	MRPL39	21	25607316	0.336211936919418	ENSG00000154719|CD4_Naive_stim_40h
r1374	ENSG00000271964	3	16326929	0.336250747937641	ENSG00000271964|CD4_Naive_uns_0h
r1375	UPF3A	13	114297839	0.33644004790075	ENSG00000169062|CD4_Memory_stim_40h
r1376	UPF3A	13	114297839	0.33644004790075	ENSG00000169062|CD4_Naive_stim_40h
r1377	NDFIP1	5	142022279	0.336880253812771	ENSG00000131507|CD4_Naive_stim_16h
r1378	NDFIP1	5	142022279	0.336880253812771	ENSG00000131507|CD4_Naive_stim_40h
r1379	TAF1B	2	9845541	0.337449924859588	ENSG00000115750|CD4_Memory_stim_5d
r1380	TAF1B	2	9845541	0.337449924859588	ENSG00000115750|CD4_Naive_stim_40h
r1381	TAF1B	2	9845541	0.337449924859588	ENSG00000115750|CD4_Naive_stim_5d
r1382	CWC15	11	94960000	0.338284120475431	ENSG00000150316|CD4_Naive_stim_40h
r1383	UQCC2	6	33709779	0.338573552497719	ENSG00000137288|CD4_Naive_stim_16h
r1384	UQCC2	6	33709779	0.338573552497719	ENSG00000137288|CD4_Naive_stim_40h
r1385	UQCC2	6	33709779	0.338573552497719	ENSG00000137288|CD4_Memory_stim_40h
r1386	PYROXD1	12	21460379	0.338602132300503	ENSG00000121350|CD4_Naive_uns_0h
r1387	FOXN2	2	48161527	0.339569749388424	ENSG00000170802|CD4_Naive_stim_5d
r1388	C11orf24	11	68255732	0.340125852442396	ENSG00000171067|CD4_Memory_stim_5d
r1389	C11orf24	11	68255732	0.340125852442396	ENSG00000171067|CD4_Naive_stim_16h
r1390	C11orf24	11	68255732	0.340125852442396	ENSG00000171067|CD4_Naive_stim_5d
r1391	C11orf24	11	68255732	0.340125852442396	ENSG00000171067|CD4_Memory_stim_40h
r1392	C5orf34	5	43436696	0.340646112262711	ENSG00000172244|CD4_Memory_stim_5d
r1393	FAM221A	7	23673443	0.341318342724309	ENSG00000188732|CD4_Naive_stim_40h
r1394	FAM221A	7	23673443	0.341318342724309	ENSG00000188732|CD4_Naive_stim_5d
r1395	GMIP	19	19601725	0.341348034179064	ENSG00000089639|CD4_Memory_stim_40h
r1396	RBM26-AS1	13	79396730	0.341530392377036	ENSG00000227354|CD4_Memory_stim_40h
r1397	WDR18	19	988019	0.34194129504921	ENSG00000065268|CD4_Naive_stim_16h
r1398	WDR18	19	988019	0.34194129504921	ENSG00000065268|CD4_Memory_stim_16h
r1399	WDR18	19	988019	0.34194129504921	ENSG00000065268|CD4_Naive_stim_40h
r1400	BCAS4	20	50824579	0.343871646817005	ENSG00000124243|CD4_Naive_uns_0h
r1401	NT5DC2	3	52532898	0.344065172455621	ENSG00000168268|CD4_Naive_stim_40h
r1402	NT5DC2	3	52532898	0.344065172455621	ENSG00000168268|CD4_Memory_stim_40h
r1403	EBPL	13	49713830	0.344899412868309	ENSG00000123179|CD4_Naive_uns_0h
r1404	ENSG00000254859	8	143554779	0.345932653508442	ENSG00000254859|CD4_Memory_stim_5d
r1405	STARD5	15	81329471	0.346277128344479	ENSG00000172345|CD4_Naive_stim_16h
r1406	STARD5	15	81329471	0.346277128344479	ENSG00000172345|CD4_Naive_stim_5d
r1407	ENSG00000272831	7	66491297	0.346587382792222	ENSG00000272831|CD4_Memory_stim_5d
r1408	ENSG00000272831	7	66491297	0.346587382792222	ENSG00000272831|CD4_Naive_stim_16h
r1409	C2orf74	2	61138677	0.346773891107567	ENSG00000237651|CD4_Memory_stim_16h
r1410	C2orf74	2	61138677	0.346773891107567	ENSG00000237651|CD4_Memory_stim_40h
r1411	C2orf74	2	61138677	0.346773891107567	ENSG00000237651|CD4_Naive_uns_0h
r1412	GPC1	2	240394838	0.348039355563829	ENSG00000063660|CD4_Memory_stim_16h
r1413	SYCE1L	16	77213432	0.348456328755198	ENSG00000205078|CD4_Naive_stim_5d
r1414	CIB2	15	78127134	0.350299963349627	ENSG00000136425|CD4_Naive_stim_40h
r1415	PTBP2	1	96690178	0.351183147028681	ENSG00000117569|CD4_Naive_stim_5d
r1416	FAM184B	4	17699630	0.351336779168415	ENSG00000047662|CD4_Memory_stim_16h
r1417	ENSG00000228106	1	222828038	0.352560583860333	ENSG00000228106|CD4_Naive_stim_16h
r1418	ENSG00000228106	1	222828038	0.352560583860333	ENSG00000228106|CD4_Naive_stim_40h
r1419	ZFAND2A-DT	7	1139058	0.352709011890302	ENSG00000229043|CD4_Memory_uns_0h
r1420	THEMIS2	1	27890225	0.353242531137318	ENSG00000130775|CD4_Naive_stim_5d
r1421	ENSG00000259065	14	73787509	0.353462888001699	ENSG00000259065|CD4_Memory_stim_5d
r1422	DDX1	2	15611457	0.353516859906386	ENSG00000079785|CD4_Naive_stim_16h
r1423	UQCC6	12	103942349	0.354412632577833	ENSG00000204954|CD4_Memory_stim_16h
r1424	UQCC6	12	103942349	0.354412632577833	ENSG00000204954|CD4_Memory_stim_40h
r1425	UQCC6	12	103942349	0.354412632577833	ENSG00000204954|CD4_Naive_stim_16h
r1426	UQCC6	12	103942349	0.354412632577833	ENSG00000204954|CD4_Naive_stim_5d
r1427	UQCC6	12	103942349	0.354412632577833	ENSG00000204954|CD4_Naive_stim_40h
r1428	RNASET2	6	166976754	0.35574176009094	ENSG00000026297|CD4_Memory_stim_16h
r1429	RNASET2	6	166976754	0.35574176009094	ENSG00000026297|CD4_Memory_stim_5d
r1430	RNASET2	6	166976754	0.35574176009094	ENSG00000026297|CD4_Naive_stim_16h
r1431	RNASET2	6	166976754	0.35574176009094	ENSG00000026297|CD4_Naive_stim_40h
r1432	RNASET2	6	166976754	0.35574176009094	ENSG00000026297|CD4_Naive_stim_5d
r1433	RNASET2	6	166976754	0.35574176009094	ENSG00000026297|CD4_Naive_uns_0h
r1434	JAKMIP2	5	147759166	0.355947954831853	ENSG00000176049|CD4_Memory_stim_40h
r1435	ENSG00000254635	10	28510311	0.355992712376141	ENSG00000254635|CD4_Naive_stim_40h
r1436	GPX4	19	1104079	0.356012787921099	ENSG00000167468|CD4_Memory_stim_5d
r1437	WASHC3	12	102061951	0.356236822267305	ENSG00000120860|CD4_Naive_stim_40h
r1438	RHOF	12	121777720	0.356954236422463	ENSG00000139725|CD4_Memory_stim_40h
r1439	SAYSD1	6	39097748	0.357907771953147	ENSG00000112167|CD4_Memory_uns_0h
r1440	COX6B1	19	35722170	0.358211155715269	ENSG00000126267|CD4_Naive_stim_16h
r1441	JAKMIP2	5	147765113	0.359369547748874	ENSG00000176049|CD4_Memory_uns_0h
r1442	NDUFAF8	17	81231936	0.359659506611112	ENSG00000224877|CD4_Memory_stim_40h
r1443	NDUFAF8	17	81231936	0.359659506611112	ENSG00000224877|CD4_Memory_stim_5d
r1444	NDUFAF8	17	81231936	0.359659506611112	ENSG00000224877|CD4_Memory_uns_0h
r1445	NDUFAF8	17	81231936	0.359659506611112	ENSG00000224877|CD4_Naive_stim_5d
r1446	LGALS3	14	55136284	0.360604402101564	ENSG00000131981|CD4_Naive_stim_40h
r1447	MCOLN2	1	85004359	0.360786740489751	ENSG00000153898|CD4_Memory_stim_40h
r1448	ITGB3BP	1	63456211	0.361288690578965	ENSG00000142856|CD4_Memory_uns_0h
r1449	PAAF1	11	73900304	0.361863383656982	ENSG00000175575|CD4_Memory_stim_40h
r1450	PAAF1	11	73900304	0.361863383656982	ENSG00000175575|CD4_Naive_stim_40h
r1451	PAAF1	11	73900304	0.361863383656982	ENSG00000175575|CD4_Naive_stim_5d
r1452	SUPV3L1	10	69216160	0.362783258341285	ENSG00000156502|CD4_Naive_stim_5d
r1453	SUPV3L1	10	69216160	0.362783258341285	ENSG00000156502|CD4_Memory_stim_5d
r1454	TAPBPL	12	6480356	0.362902110202799	ENSG00000139192|CD4_Memory_uns_0h
r1455	ENSG00000212939	22	49663840	0.364061700007886	ENSG00000212939|CD4_Naive_stim_16h
r1456	LGALS3	14	55120579	0.364914688137962	ENSG00000131981|CD4_Memory_stim_40h
r1457	LGALS3	14	55120579	0.364914688137962	ENSG00000131981|CD4_Memory_stim_5d
r1458	LGALS3	14	55120579	0.364914688137962	ENSG00000131981|CD4_Naive_stim_5d
r1459	PVT1	8	127982651	0.366466198227886	ENSG00000249859|CD4_Naive_stim_16h
r1460	PVT1	8	127982651	0.366466198227886	ENSG00000249859|CD4_Naive_uns_0h
r1461	TRAPPC2L	16	88862009	0.366475895522601	ENSG00000167515|CD4_Naive_stim_40h
r1462	TRAPPC2L	16	88862009	0.366475895522601	ENSG00000167515|CD4_Memory_stim_16h
r1463	TRAPPC2L	16	88862009	0.366475895522601	ENSG00000167515|CD4_Naive_stim_16h
r1464	WASHC3	12	102103043	0.367333188782405	ENSG00000120860|CD4_Naive_stim_16h
r1465	MYOM2	8	2147517	0.368977995435055	ENSG00000036448|CD4_Naive_stim_16h
r1466	ENSG00000228439	6	99582616	0.369157688245172	ENSG00000228439|CD4_Naive_stim_40h
r1467	ATAD3B	1	1423062	0.369596882056128	ENSG00000160072|CD4_Memory_stim_16h
r1468	RAC1	7	6400806	0.369601791912015	ENSG00000136238|CD4_Memory_stim_5d
r1469	RAC1	7	6400806	0.369601791912015	ENSG00000136238|CD4_Memory_uns_0h
r1470	RAC1	7	6400806	0.369601791912015	ENSG00000136238|CD4_Naive_stim_40h
r1471	BMF	15	40103800	0.369937720633158	ENSG00000104081|CD4_Naive_stim_16h
r1472	ATAD3B	1	1500745	0.370905525821946	ENSG00000160072|CD4_Naive_stim_40h
r1473	ENSG00000259065	14	73802455	0.37275459875074	ENSG00000259065|CD4_Naive_stim_5d
r1474	ECI1	16	2253495	0.374177945140202	ENSG00000167969|CD4_Memory_stim_16h
r1475	APIP	11	34945781	0.374755965644695	ENSG00000149089|CD4_Memory_stim_40h
r1476	MAST3	19	18146940	0.376832837477957	ENSG00000099308|CD4_Naive_uns_0h
r1477	ZNF765	19	53428860	0.377748026061683	ENSG00000196417|CD4_Naive_stim_5d
r1478	RPS9	19	54200852	0.378095648452196	ENSG00000170889|CD4_Memory_stim_5d
r1479	RPS9	19	54200852	0.378095648452196	ENSG00000170889|CD4_Memory_stim_16h
r1480	RPS9	19	54200852	0.378095648452196	ENSG00000170889|CD4_Naive_stim_5d
r1481	HLA-E	6	30490287	0.378133482752021	ENSG00000204592|CD4_Memory_stim_5d
r1482	HLA-E	6	30490287	0.378133482752021	ENSG00000204592|CD4_Memory_stim_16h
r1483	HLA-E	6	30490287	0.378133482752021	ENSG00000204592|CD4_Memory_stim_40h
r1484	HLA-E	6	30490287	0.378133482752021	ENSG00000204592|CD4_Naive_stim_40h
r1485	PRKAG1	12	48995537	0.378417507076031	ENSG00000181929|CD4_Memory_stim_5d
r1486	STYXL1	7	75989479	0.378451649404548	ENSG00000127952|CD4_Naive_stim_5d
r1487	STYXL1	7	75989479	0.378451649404548	ENSG00000127952|CD4_Naive_stim_16h
r1488	STYXL1	7	75989479	0.378451649404548	ENSG00000127952|CD4_Naive_stim_40h
r1489	ESR2	14	64224602	0.379542859315968	ENSG00000140009|CD4_Memory_uns_0h
r1490	NAAA	4	75946755	0.37972709391414	ENSG00000138744|CD4_Memory_stim_16h
r1491	ANTKMT	16	720983	0.379728730193758	ENSG00000103254|CD4_Memory_stim_40h
r1492	ANTKMT	16	720983	0.379728730193758	ENSG00000103254|CD4_Naive_stim_40h
r1493	RPS25	11	119017909	0.379745756924152	ENSG00000118181|CD4_Memory_uns_0h
r1494	CTSL	9	87678434	0.380225852224333	ENSG00000135047|CD4_Naive_uns_0h
r1495	UBE2F	2	237961592	0.380520227100772	ENSG00000184182|CD4_Naive_uns_0h
r1496	ITM2C	2	230917490	0.382501876419743	ENSG00000135916|CD4_Naive_stim_16h
r1497	RPS5	19	58385071	0.382768785182202	ENSG00000083845|CD4_Naive_stim_40h
r1498	CEBPZ	2	37226486	0.382901653510732	ENSG00000115816|CD4_Naive_stim_40h
r1499	RPS23	5	82297835	0.383022740101349	ENSG00000186468|CD4_Memory_stim_5d
r1500	SLAMF7	1	160730865	0.383370515178685	ENSG00000026751|CD4_Naive_stim_40h
r1501	KLRK1-AS1	12	10363592	0.383783510290421	ENSG00000245648|CD4_Naive_stim_16h
r1502	TUBE1	6	112053741	0.384192967708603	ENSG00000074935|CD4_Naive_stim_40h
r1503	ANXA5	4	121647825	0.385575110033006	ENSG00000164111|CD4_Memory_stim_16h
r1504	ANXA5	4	121647825	0.385575110033006	ENSG00000164111|CD4_Naive_stim_16h
r1505	ANXA5	4	121647825	0.385575110033006	ENSG00000164111|CD4_Naive_stim_40h
r1506	ANXA5	4	121647825	0.385575110033006	ENSG00000164111|CD4_Naive_uns_0h
r1507	SIVA1	14	104728984	0.386455706801218	ENSG00000184990|CD4_Naive_stim_5d
r1508	SRSF6	20	43460500	0.386902258799842	ENSG00000124193|CD4_Memory_stim_40h
r1509	C2orf74	2	61173681	0.38787966635884	ENSG00000237651|CD4_Naive_stim_40h
r1510	HECW2-AS1	2	196268410	0.388247312003934	ENSG00000229056|CD4_Naive_stim_40h
r1511	JHY	11	122865562	0.389030108556431	ENSG00000109944|CD4_Memory_stim_16h
r1512	DCAF13	8	103449671	0.389487734043856	ENSG00000164934|CD4_Naive_stim_40h
r1513	FIGNL1	7	50408441	0.390163021396206	ENSG00000132436|CD4_Naive_stim_5d
r1514	SLC25A24	1	108200330	0.390525467868682	ENSG00000085491|CD4_Naive_stim_40h
r1515	COL18A1	21	45479529	0.390825942355201	ENSG00000182871|CD4_Memory_stim_16h
r1516	ACTA2	10	88991759	0.391395306163866	ENSG00000107796|CD4_Memory_stim_5d
r1517	ACTA2	10	88991759	0.391395306163866	ENSG00000107796|CD4_Memory_stim_16h
r1518	ACTA2	10	88991759	0.391395306163866	ENSG00000107796|CD4_Memory_uns_0h
r1519	GSDMD	8	143567480	0.391420699190997	ENSG00000104518|CD4_Memory_stim_16h
r1520	DNAJC16	1	15508723	0.391821965242549	ENSG00000116138|CD4_Memory_stim_16h
r1521	DNAJC16	1	15508723	0.391821965242549	ENSG00000116138|CD4_Memory_uns_0h
r1522	KLHDC4	16	87724673	0.391972948421416	ENSG00000104731|CD4_Memory_stim_40h
r1523	LRRC1	6	53731511	0.392406698794221	ENSG00000137269|CD4_Naive_stim_5d
r1524	MRPL39	21	25625354	0.392527375089372	ENSG00000154719|CD4_Naive_stim_16h
r1525	CHCHD2	7	56040717	0.393127587492097	ENSG00000106153|CD4_Naive_uns_0h
r1526	MBP	18	77011503	0.393320409973995	ENSG00000197971|CD4_Memory_uns_0h
r1527	MBP	18	77011503	0.393320409973995	ENSG00000197971|CD4_Naive_stim_40h
r1528	CBR4	4	168879801	0.393472837019853	ENSG00000145439|CD4_Memory_stim_40h
r1529	EARS2	16	23531071	0.395440458734178	ENSG00000103356|CD4_Memory_stim_40h
r1530	UQCRH	1	46330048	0.395634054946157	ENSG00000173660|CD4_Memory_uns_0h
r1531	UQCRH	1	46330048	0.395634054946157	ENSG00000173660|CD4_Naive_stim_5d
r1532	UQCRH	1	46330048	0.395634054946157	ENSG00000173660|CD4_Memory_stim_16h
r1533	UQCRH	1	46330048	0.395634054946157	ENSG00000173660|CD4_Naive_uns_0h
r1534	NT5DC2	3	52508903	0.395658642291491	ENSG00000168268|CD4_Memory_stim_16h
r1535	ATP5MC3	2	175179408	0.395883190499133	ENSG00000154518|CD4_Naive_stim_16h
r1536	TRIM4	7	99875606	0.395884358632363	ENSG00000146833|CD4_Memory_stim_5d
r1537	ADPRM	17	10672234	0.396937897988469	ENSG00000170222|CD4_Memory_uns_0h
r1538	PPP1R15A	19	48883541	0.397197193602771	ENSG00000087074|CD4_Naive_stim_16h
r1539	MRPL34	19	17301853	0.397456369396309	ENSG00000130312|CD4_Memory_stim_40h
r1540	MRPL34	19	17301853	0.397456369396309	ENSG00000130312|CD4_Memory_stim_5d
r1541	MRPL34	19	17301853	0.397456369396309	ENSG00000130312|CD4_Naive_stim_16h
r1542	MRPL34	19	17301853	0.397456369396309	ENSG00000130312|CD4_Naive_stim_40h
r1543	MRPL34	19	17301853	0.397456369396309	ENSG00000130312|CD4_Naive_stim_5d
r1544	MRPL34	19	17301853	0.397456369396309	ENSG00000130312|CD4_Naive_uns_0h
r1545	NLRP2	19	54970301	0.397523752790471	ENSG00000022556|CD4_Memory_stim_40h
r1546	NLRP2	19	54970301	0.397523752790471	ENSG00000022556|CD4_Naive_stim_5d
r1547	CD6	11	61025858	0.401228051877568	ENSG00000013725|CD4_Memory_stim_16h
r1548	CD6	11	61025858	0.401228051877569	ENSG00000013725|CD4_Memory_stim_40h
r1549	RHOD	11	67056790	0.402262116095671	ENSG00000173156|CD4_Memory_stim_5d
r1550	UBE2E2	3	23439622	0.4026403142381	ENSG00000182247|CD4_Naive_stim_5d
r1551	HDGFL3	15	83098022	0.404172264726351	ENSG00000166503|CD4_Memory_stim_16h
r1552	HDGFL3	15	83098022	0.404172264726351	ENSG00000166503|CD4_Memory_stim_40h
r1553	HDGFL3	15	83098022	0.404172264726351	ENSG00000166503|CD4_Memory_stim_5d
r1554	FAHD1	16	1874519	0.404190434616497	ENSG00000180185|CD4_Naive_stim_40h
r1555	RNASEH2C	11	65638228	0.404605834587481	ENSG00000172922|CD4_Memory_stim_40h
r1556	LCLAT1	2	30443664	0.404819633739277	ENSG00000172954|CD4_Naive_uns_0h
r1557	LRRC8C	1	89690577	0.405787585849719	ENSG00000171488|CD4_Naive_stim_40h
r1558	NDUFV3	21	42903610	0.406644675309265	ENSG00000160194|CD4_Memory_stim_16h
r1559	NDUFV3	21	42903610	0.406644675309265	ENSG00000160194|CD4_Naive_stim_16h
r1560	NDUFV3	21	42903610	0.406644675309265	ENSG00000160194|CD4_Memory_stim_40h
r1561	NDUFV3	21	42903610	0.406644675309265	ENSG00000160194|CD4_Naive_stim_40h
r1562	NDUFV3	21	42903610	0.406644675309265	ENSG00000160194|CD4_Naive_stim_5d
r1563	ISCA2	14	74502464	0.406916766457596	ENSG00000165898|CD4_Naive_uns_0h
r1564	LY86	6	6651790	0.407011497050365	ENSG00000112799|CD4_Memory_stim_5d
r1565	LY86	6	6651790	0.407011497050365	ENSG00000112799|CD4_Naive_stim_5d
r1566	LPIN1	2	11780073	0.407152443809593	ENSG00000134324|CD4_Naive_stim_5d
r1567	PLA2G4C	19	48115454	0.407657440193693	ENSG00000105499|CD4_Memory_stim_5d
r1568	PPIL3	2	200889340	0.408026149003392	ENSG00000240344|CD4_Naive_stim_16h
r1569	PPIL3	2	200889340	0.408026149003392	ENSG00000240344|CD4_Naive_stim_40h
r1570	PPIL3	2	200889340	0.408026149003392	ENSG00000240344|CD4_Naive_stim_5d
r1571	S100P	4	6694733	0.408272712646687	ENSG00000163993|CD4_Naive_stim_16h
r1572	TGFB1	19	41247729	0.408360881961037	ENSG00000105329|CD4_Memory_uns_0h
r1573	DCAF13	8	103399054	0.408981537882901	ENSG00000164934|CD4_Naive_stim_16h
r1574	ENSG00000274712	17	68178696	0.41047613515498	ENSG00000274712|CD4_Naive_uns_0h
r1575	PSMA4	15	78428573	0.410631732655448	ENSG00000041357|CD4_Naive_stim_16h
r1576	TBCD	17	82937607	0.410862597095254	ENSG00000141556|CD4_Memory_uns_0h
r1577	ASNSD1	2	189796390	0.412240469797915	ENSG00000138381|CD4_Naive_stim_40h
r1578	MYOM2	8	2170708	0.412617495139631	ENSG00000036448|CD4_Memory_uns_0h
r1579	SLC25A29	14	100273892	0.412643021618502	ENSG00000197119|CD4_Memory_stim_40h
r1580	SLC25A29	14	100273892	0.412643021618502	ENSG00000197119|CD4_Memory_stim_5d
r1581	CNOT6L	4	77770616	0.412838271704504	ENSG00000138767|CD4_Memory_stim_40h
r1582	CNOT6L	4	77770616	0.412838271704504	ENSG00000138767|CD4_Memory_stim_5d
r1583	CNOT6L	4	77770616	0.412838271704504	ENSG00000138767|CD4_Memory_uns_0h
r1584	CNOT6L	4	77770616	0.412838271704504	ENSG00000138767|CD4_Naive_stim_5d
r1585	CNOT6L	4	77770616	0.412838271704504	ENSG00000138767|CD4_Naive_uns_0h
r1586	TAF1B	2	9848666	0.413488832874357	ENSG00000115750|CD4_Memory_stim_40h
r1587	ITPA	20	3212640	0.413873008098125	ENSG00000125877|CD4_Memory_stim_40h
r1588	ITPA	20	3212640	0.413873008098125	ENSG00000125877|CD4_Naive_stim_5d
r1589	TRGC2	7	38165931	0.415441609118129	ENSG00000227191|CD4_Memory_stim_5d
r1590	CCT3	1	156254738	0.415449353504209	ENSG00000163468|CD4_Naive_uns_0h
r1591	CYB5A	18	74238446	0.415480257402641	ENSG00000166347|CD4_Memory_stim_16h
r1592	HOXB2	17	48496570	0.416098146832164	ENSG00000173917|CD4_Memory_stim_40h
r1593	HOXB-AS1	17	48496570	0.416098146832164	ENSG00000230148|CD4_Naive_stim_40h
r1594	HOXB2	17	48496570	0.416098146832164	ENSG00000173917|CD4_Memory_stim_16h
r1595	HOXB2	17	48496570	0.416098146832164	ENSG00000173917|CD4_Memory_stim_5d
r1596	HOXB2	17	48496570	0.416098146832164	ENSG00000173917|CD4_Naive_stim_40h
r1597	HOXB2	17	48496570	0.416098146832164	ENSG00000173917|CD4_Naive_uns_0h
r1598	HOXB-AS1	17	48496570	0.416098146832164	ENSG00000230148|CD4_Memory_stim_5d
r1599	HOXB2	17	48496570	0.416098146832165	ENSG00000173917|CD4_Memory_uns_0h
r1600	HOXB2	17	48496570	0.416098146832165	ENSG00000173917|CD4_Naive_stim_16h
r1601	ENSG00000228439	6	99478293	0.416624782175714	ENSG00000228439|CD4_Naive_stim_5d
r1602	ASNSD1	2	189732515	0.417457925977543	ENSG00000138381|CD4_Memory_stim_16h
r1603	ASNSD1	2	189732515	0.417457925977543	ENSG00000138381|CD4_Memory_uns_0h
r1604	ASNSD1	2	189732515	0.417457925977543	ENSG00000138381|CD4_Naive_stim_16h
r1605	LRRC75A	17	16431131	0.418523309996862	ENSG00000181350|CD4_Naive_stim_40h
r1606	RMI2	16	11332684	0.418554491392738	ENSG00000175643|CD4_Memory_uns_0h
r1607	RMI2	16	11332684	0.418554491392738	ENSG00000175643|CD4_Naive_stim_16h
r1608	RMI2	16	11332684	0.418554491392738	ENSG00000175643|CD4_Naive_uns_0h
r1609	TMEM120A	7	75985459	0.418760716000581	ENSG00000189077|CD4_Memory_stim_16h
r1610	H6PD	1	9273876	0.41971827034263	ENSG00000049239|CD4_Naive_stim_16h
r1611	H6PD	1	9273876	0.41971827034263	ENSG00000049239|CD4_Memory_uns_0h
r1612	TXNL4A	18	79966944	0.424157972074294	ENSG00000141759|CD4_Naive_stim_5d
r1613	C21orf91	21	17784672	0.424607345895222	ENSG00000154642|CD4_Naive_stim_5d
r1614	PDHB	3	58233690	0.424682130531354	ENSG00000168291|CD4_Naive_stim_5d
r1615	TRNT1	3	3180226	0.425754474788589	ENSG00000072756|CD4_Naive_stim_16h
r1616	NTPCR	1	232925755	0.425759433578017	ENSG00000135778|CD4_Memory_stim_40h
r1617	NTPCR	1	232925755	0.425759433578017	ENSG00000135778|CD4_Memory_stim_5d
r1618	NTPCR	1	232925755	0.425759433578017	ENSG00000135778|CD4_Naive_stim_40h
r1619	NTPCR	1	232925755	0.425759433578017	ENSG00000135778|CD4_Naive_stim_5d
r1620	NTPCR	1	232925755	0.425759433578017	ENSG00000135778|CD4_Naive_uns_0h
r1621	TGFB1I1	16	31438566	0.425825424972924	ENSG00000140682|CD4_Memory_stim_40h
r1622	NT5C3B	17	41826298	0.42595659034618	ENSG00000141698|CD4_Naive_stim_16h
r1623	NT5C3B	17	41826298	0.42595659034618	ENSG00000141698|CD4_Naive_uns_0h
r1624	PSMB9	6	32857313	0.426787652677492	ENSG00000240065|CD4_Memory_stim_40h
r1625	PSMB9	6	32857313	0.426787652677492	ENSG00000240065|CD4_Naive_stim_5d
r1626	ITGA2	5	53088833	0.427531109041302	ENSG00000164171|CD4_Naive_stim_5d
r1627	FADS1	11	61803876	0.427841821146435	ENSG00000149485|CD4_Memory_stim_16h
r1628	FADS1	11	61803876	0.427841821146435	ENSG00000149485|CD4_Memory_stim_40h
r1629	FADS1	11	61803876	0.427841821146435	ENSG00000149485|CD4_Memory_stim_5d
r1630	FADS1	11	61803876	0.427841821146435	ENSG00000149485|CD4_Naive_stim_16h
r1631	MKI67	10	128120417	0.428601013362023	ENSG00000148773|CD4_Naive_stim_40h
r1632	HBS1L	6	134926808	0.428651150093104	ENSG00000112339|CD4_Naive_stim_5d
r1633	PLEKHA1	10	122371660	0.429115051548738	ENSG00000107679|CD4_Naive_uns_0h
r1634	KIN	10	7752685	0.43128564951046	ENSG00000151657|CD4_Naive_stim_40h
r1635	RPL14	3	40382602	0.431319482883381	ENSG00000188846|CD4_Memory_stim_5d
r1636	HECW2-AS1	2	196274958	0.432066807777804	ENSG00000229056|CD4_Naive_stim_16h
r1637	GATD3	21	44070803	0.43215965244563	ENSG00000160221|CD4_Memory_stim_16h
r1638	GATD3	21	44070803	0.43215965244563	ENSG00000160221|CD4_Memory_stim_40h
r1639	GATD3	21	44070803	0.43215965244563	ENSG00000160221|CD4_Memory_stim_5d
r1640	GATD3	21	44070803	0.43215965244563	ENSG00000160221|CD4_Naive_uns_0h
r1641	GATD3	21	44070803	0.43215965244563	ENSG00000160221|CD4_Memory_uns_0h
r1642	GATD3	21	44070803	0.43215965244563	ENSG00000160221|CD4_Naive_stim_16h
r1643	GATD3	21	44070803	0.43215965244563	ENSG00000160221|CD4_Naive_stim_5d
r1644	METTL18	1	169788175	0.432653400959874	ENSG00000171806|CD4_Memory_stim_16h
r1645	METTL18	1	169788175	0.432653400959874	ENSG00000171806|CD4_Memory_stim_40h
r1646	METTL18	1	169788175	0.432653400959874	ENSG00000171806|CD4_Naive_stim_16h
r1647	SMARCB1	22	23819782	0.432714296059158	ENSG00000099956|CD4_Naive_stim_5d
r1648	RNF5	6	32179919	0.434215607487932	ENSG00000204308|CD4_Memory_stim_5d
r1649	RNF5	6	32179919	0.434215607487932	ENSG00000204308|CD4_Memory_uns_0h
r1650	PPP2R5C	14	101765611	0.434882728200333	ENSG00000078304|CD4_Memory_stim_16h
r1651	MTUS1	8	17697520	0.435768620985441	ENSG00000129422|CD4_Naive_stim_5d
r1652	ZNF77	19	2936537	0.435808898217959	ENSG00000175691|CD4_Memory_stim_16h
r1653	ZNF77	19	2936537	0.435808898217959	ENSG00000175691|CD4_Naive_stim_16h
r1654	ZNF77	19	2936537	0.435808898217959	ENSG00000175691|CD4_Naive_stim_40h
r1655	ZNF77	19	2936537	0.435808898217959	ENSG00000175691|CD4_Memory_stim_40h
r1656	PHLDB3	19	43512767	0.436026243459581	ENSG00000176531|CD4_Memory_stim_16h
r1657	FOXRED1	11	126260337	0.436664748465693	ENSG00000110074|CD4_Naive_stim_40h
r1658	FOXRED1	11	126260337	0.436664748465693	ENSG00000110074|CD4_Memory_stim_40h
r1659	FOXRED1	11	126260337	0.436664748465693	ENSG00000110074|CD4_Naive_stim_5d
r1660	FAM136A	2	70314287	0.437337528273636	ENSG00000035141|CD4_Memory_stim_16h
r1661	FAM136A	2	70314287	0.437337528273636	ENSG00000035141|CD4_Naive_stim_16h
r1662	SEPHS2	16	30482309	0.43775069191531	ENSG00000179918|CD4_Memory_stim_16h
r1663	SEPHS2	16	30482309	0.43775069191531	ENSG00000179918|CD4_Naive_stim_16h
r1664	RCSD1	1	167703732	0.437865048946481	ENSG00000198771|CD4_Naive_stim_40h
r1665	FOXRED1	11	126211441	0.438123381765944	ENSG00000110074|CD4_Memory_stim_5d
r1666	H2AZ1	4	99927653	0.439506639463186	ENSG00000164032|CD4_Naive_uns_0h
r1667	GPR155	2	174423970	0.441355497369954	ENSG00000163328|CD4_Naive_uns_0h
r1668	PHF5A	22	41391946	0.441564303651018	ENSG00000100410|CD4_Memory_stim_40h
r1669	PHF5A	22	41391946	0.441564303651018	ENSG00000100410|CD4_Memory_stim_5d
r1670	PHF5A	22	41391946	0.441564303651018	ENSG00000100410|CD4_Naive_stim_40h
r1671	ZFAND2A	7	1169253	0.442188557299268	ENSG00000178381|CD4_Naive_stim_16h
r1672	RPL14	3	40399378	0.442455391120254	ENSG00000188846|CD4_Naive_stim_5d
r1673	CACUL1	10	118670972	0.442505181705416	ENSG00000151893|CD4_Memory_stim_16h
r1674	CACUL1	10	118670972	0.442505181705416	ENSG00000151893|CD4_Memory_stim_5d
r1675	CACUL1	10	118670972	0.442505181705416	ENSG00000151893|CD4_Naive_uns_0h
r1676	CACUL1	10	118670972	0.442505181705416	ENSG00000151893|CD4_Naive_stim_16h
r1677	WDR18	19	984231	0.443554138273511	ENSG00000065268|CD4_Memory_stim_5d
r1678	SPRYD4	12	56466289	0.444797627093023	ENSG00000176422|CD4_Memory_stim_16h
r1679	SPRYD4	12	56466289	0.444797627093023	ENSG00000176422|CD4_Naive_stim_16h
r1680	SPRYD4	12	56466289	0.444797627093023	ENSG00000176422|CD4_Naive_stim_5d
r1681	SPRYD4	12	56466289	0.444797627093023	ENSG00000176422|CD4_Memory_stim_5d
r1682	EIF5A	17	7318388	0.444945855594121	ENSG00000132507|CD4_Memory_stim_16h
r1683	EIF5A	17	7318388	0.444945855594121	ENSG00000132507|CD4_Memory_stim_40h
r1684	EIF5A	17	7318388	0.444945855594121	ENSG00000132507|CD4_Memory_stim_5d
r1685	EIF5A	17	7318388	0.444945855594121	ENSG00000132507|CD4_Naive_uns_0h
r1686	EIF5A	17	7318388	0.444945855594121	ENSG00000132507|CD4_Memory_uns_0h
r1687	ACYP2	2	54065079	0.444997703027911	ENSG00000170634|CD4_Memory_uns_0h
r1688	NUDT2	9	34370703	0.44587358207865	ENSG00000164978|CD4_Memory_stim_40h
r1689	SLC35F3	1	234315400	0.446577140689909	ENSG00000183780|CD4_Memory_stim_5d
r1690	SLC35F3	1	234315400	0.446577140689909	ENSG00000183780|CD4_Naive_stim_5d
r1691	CCZ1B	7	6829673	0.446729216945473	ENSG00000146574|CD4_Memory_stim_40h
r1692	CCZ1B	7	6829673	0.446729216945473	ENSG00000146574|CD4_Memory_uns_0h
r1693	CCZ1B	7	6829673	0.446729216945473	ENSG00000146574|CD4_Naive_stim_40h
r1694	CCZ1B	7	6829673	0.446729216945473	ENSG00000146574|CD4_Naive_stim_5d
r1695	PIGF	2	46570866	0.447024716628035	ENSG00000151665|CD4_Naive_stim_5d
r1696	PIGF	2	46570866	0.447024716628035	ENSG00000151665|CD4_Naive_stim_40h
r1697	XYLT2	17	50413584	0.447049524652218	ENSG00000015532|CD4_Naive_stim_16h
r1698	MTUS1	8	17697854	0.447468271408428	ENSG00000129422|CD4_Memory_stim_5d
r1699	TOMM7	7	22809368	0.447955834888525	ENSG00000196683|CD4_Naive_stim_40h
r1700	TOMM7	7	22809368	0.447955834888525	ENSG00000196683|CD4_Naive_uns_0h
r1701	TOMM7	7	22809368	0.447955834888525	ENSG00000196683|CD4_Memory_stim_5d
r1702	TOMM7	7	22809368	0.447955834888525	ENSG00000196683|CD4_Memory_uns_0h
r1703	TOMM7	7	22809368	0.447955834888525	ENSG00000196683|CD4_Naive_stim_16h
r1704	TOMM7	7	22809368	0.447955834888525	ENSG00000196683|CD4_Naive_stim_5d
r1705	TRGC2	7	38227678	0.448010665405647	ENSG00000227191|CD4_Memory_stim_40h
r1706	TRGC2	7	38227678	0.448010665405647	ENSG00000227191|CD4_Memory_uns_0h
r1707	ZNF749	19	57366826	0.448108615134369	ENSG00000186230|CD4_Memory_stim_16h
r1708	LTA4H	12	96035659	0.448492302643373	ENSG00000111144|CD4_Memory_stim_16h
r1709	ALDH3A2	17	19596966	0.449043760137418	ENSG00000072210|CD4_Naive_stim_5d
r1710	RAB29	1	205787015	0.449979624740192	ENSG00000117280|CD4_Naive_stim_40h
r1711	SMARCB1	22	23786942	0.450139178162571	ENSG00000099956|CD4_Memory_stim_16h
r1712	THUMPD3-AS1	3	9395777	0.450892276911921	ENSG00000206573|CD4_Naive_stim_16h
r1713	AGA	4	177439897	0.451440292000134	ENSG00000038002|CD4_Memory_stim_40h
r1714	AGA	4	177439897	0.451440292000134	ENSG00000038002|CD4_Memory_stim_5d
r1715	AGA	4	177439897	0.451440292000134	ENSG00000038002|CD4_Naive_stim_16h
r1716	AGA	4	177439897	0.451440292000134	ENSG00000038002|CD4_Naive_stim_40h
r1717	AGA	4	177439897	0.451440292000134	ENSG00000038002|CD4_Naive_stim_5d
r1718	RPS5	19	58387936	0.451510764674011	ENSG00000083845|CD4_Memory_stim_16h
r1719	RPS5	19	58387936	0.451510764674011	ENSG00000083845|CD4_Memory_uns_0h
r1720	RPS5	19	58387936	0.451510764674011	ENSG00000083845|CD4_Naive_uns_0h
r1721	NCL	2	231448257	0.451690941647337	ENSG00000115053|CD4_Memory_uns_0h
r1722	MTHFS	15	79897111	0.452012833481034	ENSG00000136371|CD4_Naive_stim_5d
r1723	CSNK2A2	16	58163061	0.45230318354129	ENSG00000070770|CD4_Memory_stim_5d
r1724	CSNK2A2	16	58163061	0.45230318354129	ENSG00000070770|CD4_Naive_stim_16h
r1725	CSNK2A2	16	58163061	0.45230318354129	ENSG00000070770|CD4_Naive_stim_5d
r1726	SMC1B	22	45413057	0.452871637639509	ENSG00000077935|CD4_Memory_stim_5d
r1727	SMC1B	22	45413057	0.452871637639509	ENSG00000077935|CD4_Naive_stim_5d
r1728	RIBC2	22	45413057	0.452871637639509	ENSG00000128408|CD4_Naive_stim_40h
r1729	PDIA6	2	10779006	0.452873917495207	ENSG00000143870|CD4_Memory_stim_40h
r1730	ENDOD1	11	95153299	0.453100165282705	ENSG00000149218|CD4_Naive_stim_16h
r1731	ZFAND2A-DT	7	1160841	0.453808153465399	ENSG00000229043|CD4_Naive_uns_0h
r1732	OXLD1	17	81646923	0.454409040525712	ENSG00000204237|CD4_Memory_uns_0h
r1733	GSTP1	11	67562271	0.45544294569522	ENSG00000084207|CD4_Memory_stim_40h
r1734	ABRACL	6	139029045	0.455721521003189	ENSG00000146386|CD4_Memory_stim_16h
r1735	ABRACL	6	139029045	0.455721521003189	ENSG00000146386|CD4_Naive_stim_40h
r1736	TBC1D22A-DT	22	46761242	0.455975711208746	ENSG00000260708|CD4_Memory_stim_40h
r1737	TBC1D22A-DT	22	46761242	0.455975711208746	ENSG00000260708|CD4_Memory_stim_5d
r1738	METTL18	1	169839510	0.456547934401704	ENSG00000171806|CD4_Memory_stim_5d
r1739	METTL18	1	169839510	0.456547934401704	ENSG00000171806|CD4_Naive_stim_5d
r1740	RIBC2	22	45431431	0.457150131309363	ENSG00000128408|CD4_Memory_stim_5d
r1741	RIBC2	22	45418766	0.458248141392643	ENSG00000128408|CD4_Naive_stim_5d
r1742	CKB	14	103487329	0.459164395997567	ENSG00000166165|CD4_Memory_stim_16h
r1743	SCRN2	17	47823212	0.459472441090608	ENSG00000141295|CD4_Memory_uns_0h
r1744	SCRN2	17	47823212	0.459472441090608	ENSG00000141295|CD4_Naive_uns_0h
r1745	ATP5IF1	1	28237768	0.45994188493888	ENSG00000130770|CD4_Naive_stim_5d
r1746	ATP5IF1	1	28237768	0.45994188493888	ENSG00000130770|CD4_Naive_stim_40h
r1747	POLE4	2	74958729	0.460284791066176	ENSG00000115350|CD4_Memory_stim_16h
r1748	POLE4	2	74958729	0.460284791066176	ENSG00000115350|CD4_Naive_stim_16h
r1749	POLE4	2	74958729	0.460284791066176	ENSG00000115350|CD4_Memory_stim_40h
r1750	POLE4	2	74958729	0.460284791066176	ENSG00000115350|CD4_Memory_stim_5d
r1751	POLE4	2	74958729	0.460284791066176	ENSG00000115350|CD4_Naive_stim_40h
r1752	POLE4	2	74958729	0.460284791066176	ENSG00000115350|CD4_Naive_stim_5d
r1753	EML4	2	42154467	0.460367785606577	ENSG00000143924|CD4_Memory_uns_0h
r1754	AOAH	7	36716838	0.461123444072907	ENSG00000136250|CD4_Memory_stim_5d
r1755	RPS5	19	58387069	0.461917243987709	ENSG00000083845|CD4_Naive_stim_5d
r1756	REEP3	10	63611137	0.462211352070224	ENSG00000165476|CD4_Memory_stim_16h
r1757	REEP3	10	63611137	0.462211352070224	ENSG00000165476|CD4_Memory_uns_0h
r1758	ABRACL	6	139017964	0.462627815031722	ENSG00000146386|CD4_Naive_stim_16h
r1759	ENOSF1	18	712356	0.463598286629745	ENSG00000132199|CD4_Naive_uns_0h
r1760	CELA1	12	51326205	0.463700208330078	ENSG00000139610|CD4_Naive_uns_0h
r1761	CELA1	12	51326205	0.463700208330078	ENSG00000139610|CD4_Memory_uns_0h
r1762	MGST3	1	165630223	0.464058836371054	ENSG00000143198|CD4_Memory_stim_5d
r1763	TBCD	17	82913585	0.464506931271325	ENSG00000141556|CD4_Naive_stim_16h
r1764	ANKRD40	17	50672015	0.464997967272452	ENSG00000154945|CD4_Memory_uns_0h
r1765	ANKRD40	17	50672015	0.464997967272452	ENSG00000154945|CD4_Naive_uns_0h
r1766	ENSG00000262967	17	50672015	0.464997967272452	ENSG00000262967|CD4_Memory_stim_16h
r1767	ENSG00000262967	17	50672015	0.464997967272452	ENSG00000262967|CD4_Naive_uns_0h
r1768	REEP3	10	63614349	0.46570929223095	ENSG00000165476|CD4_Naive_uns_0h
r1769	PDS5B	13	32803078	0.4658904534881	ENSG00000083642|CD4_Naive_stim_5d
r1770	ANKRD40	17	50688530	0.465945295994881	ENSG00000154945|CD4_Memory_stim_16h
r1771	ENSG00000262967	17	50688530	0.465945295994881	ENSG00000262967|CD4_Naive_stim_16h
r1772	NELFCD	20	58989640	0.465957200632054	ENSG00000101158|CD4_Memory_stim_40h
r1773	NELFCD	20	58989640	0.465957200632054	ENSG00000101158|CD4_Naive_stim_16h
r1774	NELFCD	20	58989640	0.465957200632054	ENSG00000101158|CD4_Naive_stim_40h
r1775	NELFCD	20	58989640	0.465957200632054	ENSG00000101158|CD4_Naive_stim_5d
r1776	NELFCD	20	58989640	0.465957200632054	ENSG00000101158|CD4_Memory_stim_16h
r1777	NELFCD	20	58989640	0.465957200632054	ENSG00000101158|CD4_Memory_stim_5d
r1778	TRGC2	7	38192944	0.466236421546563	ENSG00000227191|CD4_Memory_stim_16h
r1779	TRGC2	7	38192944	0.466236421546564	ENSG00000227191|CD4_Naive_stim_5d
r1780	CARMIL1	6	25398198	0.46659798671186	ENSG00000079691|CD4_Memory_stim_5d
r1781	CARMIL1	6	25398198	0.46659798671186	ENSG00000079691|CD4_Memory_stim_16h
r1782	CARMIL1	6	25398198	0.46659798671186	ENSG00000079691|CD4_Memory_stim_40h
r1783	CARMIL1	6	25398198	0.46659798671186	ENSG00000079691|CD4_Memory_uns_0h
r1784	SMARCB1	22	23804061	0.466838405475158	ENSG00000099956|CD4_Memory_stim_40h
r1785	SMARCB1	22	23804061	0.466838405475158	ENSG00000099956|CD4_Memory_stim_5d
r1786	SMARCB1	22	23804061	0.466838405475158	ENSG00000099956|CD4_Naive_stim_40h
r1787	SMARCB1	22	23804061	0.466838405475158	ENSG00000099956|CD4_Naive_stim_16h
r1788	TRMT61B	2	28746547	0.46709446856103	ENSG00000171103|CD4_Naive_stim_40h
r1789	HEATR6	17	60078969	0.467550194886683	ENSG00000068097|CD4_Naive_stim_16h
r1790	ADPRM	17	10699650	0.467740365072035	ENSG00000170222|CD4_Naive_uns_0h
r1791	GCDH	19	12951169	0.468639164921413	ENSG00000105607|CD4_Memory_stim_16h
r1792	GCDH	19	12951169	0.468639164921413	ENSG00000105607|CD4_Memory_stim_40h
r1793	TMC4	19	54172738	0.46888390499185	ENSG00000167608|CD4_Memory_stim_5d
r1794	SLC4A7	3	27479008	0.469677375262766	ENSG00000033867|CD4_Memory_stim_40h
r1795	RPL14	3	40338087	0.469950553783119	ENSG00000188846|CD4_Naive_stim_16h
r1796	TRAT1	3	108796927	0.470463615569426	ENSG00000163519|CD4_Naive_uns_0h
r1797	AMDHD1	12	95943405	0.47119701959504	ENSG00000139344|CD4_Memory_stim_40h
r1798	COPE	19	18903952	0.471458276930791	ENSG00000105669|CD4_Memory_stim_16h
r1799	COPE	19	18903952	0.471458276930791	ENSG00000105669|CD4_Naive_stim_40h
r1800	COPE	19	18903952	0.471458276930792	ENSG00000105669|CD4_Naive_stim_16h
r1801	PCGF2	17	38748486	0.471817343423889	ENSG00000277258|CD4_Memory_stim_5d
r1802	PCGF2	17	38748486	0.471817343423889	ENSG00000277258|CD4_Naive_stim_5d
r1803	NTPCR	1	232944691	0.471835480712233	ENSG00000135778|CD4_Memory_stim_16h
r1804	NTPCR	1	232944691	0.471835480712233	ENSG00000135778|CD4_Naive_stim_16h
r1805	AKIRIN1	1	38988113	0.471983558417088	ENSG00000174574|CD4_Naive_stim_16h
r1806	SERPINB1	6	2814232	0.472048536695787	ENSG00000021355|CD4_Memory_stim_5d
r1807	SERPINB1	6	2814232	0.472048536695787	ENSG00000021355|CD4_Naive_stim_5d
r1808	HNRNPUL1	19	41249333	0.472127231814563	ENSG00000105323|CD4_Memory_uns_0h
r1809	RPS18	6	33406104	0.472227936431439	ENSG00000231500|CD4_Memory_stim_16h
r1810	RPS18	6	33406104	0.472227936431439	ENSG00000231500|CD4_Memory_stim_40h
r1811	RPS18	6	33406104	0.472227936431439	ENSG00000231500|CD4_Memory_uns_0h
r1812	RPS18	6	33406104	0.472227936431439	ENSG00000231500|CD4_Naive_stim_16h
r1813	RPS18	6	33406104	0.472227936431439	ENSG00000231500|CD4_Naive_uns_0h
r1814	MLF1-DT	3	158393355	0.472527481845713	ENSG00000243150|CD4_Naive_uns_0h
r1815	PRDX5	11	64311471	0.472988426509752	ENSG00000126432|CD4_Memory_stim_16h
r1816	PRDX5	11	64311471	0.472988426509752	ENSG00000126432|CD4_Memory_stim_40h
r1817	PRDX5	11	64311471	0.472988426509752	ENSG00000126432|CD4_Naive_stim_16h
r1818	TRMT112	11	64311471	0.472988426509752	ENSG00000173113|CD4_Memory_stim_16h
r1819	TRMT112	11	64311471	0.472988426509752	ENSG00000173113|CD4_Memory_stim_40h
r1820	TRMT112	11	64311471	0.472988426509752	ENSG00000173113|CD4_Memory_stim_5d
r1821	TRMT112	11	64311471	0.472988426509752	ENSG00000173113|CD4_Memory_uns_0h
r1822	TRMT112	11	64311471	0.472988426509752	ENSG00000173113|CD4_Naive_stim_16h
r1823	TRMT112	11	64311471	0.472988426509752	ENSG00000173113|CD4_Naive_stim_40h
r1824	TRMT112	11	64311471	0.472988426509752	ENSG00000173113|CD4_Naive_stim_5d
r1825	TRMT112	11	64311471	0.472988426509752	ENSG00000173113|CD4_Naive_uns_0h
r1826	NTAQ1	8	123420918	0.47330801326207	ENSG00000156795|CD4_Naive_stim_5d
r1827	SH3YL1	2	254215	0.473686775092226	ENSG00000035115|CD4_Naive_stim_40h
r1828	VAMP8	2	85576774	0.474405435081485	ENSG00000118640|CD4_Naive_stim_40h
r1829	STX4	16	30994968	0.47563129787304	ENSG00000103496|CD4_Naive_stim_40h
r1830	TOMM7	7	22812893	0.475960508887813	ENSG00000196683|CD4_Memory_stim_40h
r1831	LCLAT1	2	30543686	0.476264610384413	ENSG00000172954|CD4_Memory_uns_0h
r1832	TIPRL	1	168175398	0.476408275938573	ENSG00000143155|CD4_Memory_stim_5d
r1833	NMRK1	9	75092384	0.476455470682031	ENSG00000106733|CD4_Memory_stim_16h
r1834	NMRK1	9	75092384	0.476455470682031	ENSG00000106733|CD4_Memory_stim_40h
r1835	NMRK1	9	75092384	0.476455470682031	ENSG00000106733|CD4_Memory_stim_5d
r1836	NMRK1	9	75092384	0.476455470682031	ENSG00000106733|CD4_Memory_uns_0h
r1837	NMRK1	9	75092384	0.476455470682031	ENSG00000106733|CD4_Naive_stim_16h
r1838	NMRK1	9	75092384	0.476455470682031	ENSG00000106733|CD4_Naive_uns_0h
r1839	SLC4A7	3	27526116	0.476928537485223	ENSG00000033867|CD4_Memory_stim_5d
r1840	ENSG00000230555	10	43514945	0.47766642531244	ENSG00000230555|CD4_Memory_stim_16h
r1841	ST20	15	79914169	0.4781412508037	ENSG00000180953|CD4_Memory_stim_40h
r1842	ST20	15	79914169	0.4781412508037	ENSG00000180953|CD4_Naive_stim_40h
r1843	CKS2	9	89401607	0.478530282547955	ENSG00000123975|CD4_Memory_uns_0h
r1844	PIGF	2	46555050	0.478606715867282	ENSG00000151665|CD4_Naive_stim_16h
r1845	SYNM	15	99114095	0.479480681005843	ENSG00000182253|CD4_Naive_uns_0h
r1846	RIMKLA	1	42380694	0.47951795491259	ENSG00000177181|CD4_Memory_stim_40h
r1847	GATD3	21	44057275	0.479587350957903	ENSG00000160221|CD4_Naive_stim_40h
r1848	EPSTI1	13	42989000	0.480204590226215	ENSG00000133106|CD4_Naive_stim_16h
r1849	EPSTI1	13	42989000	0.480204590226215	ENSG00000133106|CD4_Naive_stim_40h
r1850	EPSTI1	13	42989000	0.480204590226215	ENSG00000133106|CD4_Naive_stim_5d
r1851	GPC1	2	240425135	0.480242342963533	ENSG00000063660|CD4_Memory_stim_5d
r1852	NUF2	1	163343472	0.481926579889163	ENSG00000143228|CD4_Naive_stim_5d
r1853	AKAP7	6	131183261	0.482587186538276	ENSG00000118507|CD4_Memory_uns_0h
r1854	TMEM156	4	39018842	0.483256596168704	ENSG00000121895|CD4_Naive_stim_16h
r1855	TMEM156	4	39018842	0.483256596168704	ENSG00000121895|CD4_Naive_stim_40h
r1856	HSD17B12	11	43846493	0.483491671067828	ENSG00000149084|CD4_Naive_stim_5d
r1857	HLA-DPA1	6	33073411	0.483877243748392	ENSG00000231389|CD4_Naive_stim_16h
r1858	LAIR1	19	54346322	0.483941148236771	ENSG00000167613|CD4_Memory_stim_40h
r1859	TTC32	2	19890916	0.484200144397608	ENSG00000183891|CD4_Naive_stim_5d
r1860	TTC32	2	19890916	0.484200144397608	ENSG00000183891|CD4_Memory_stim_16h
r1861	TTC32	2	19890916	0.484200144397608	ENSG00000183891|CD4_Memory_stim_40h
r1862	TTC32	2	19890916	0.484200144397608	ENSG00000183891|CD4_Memory_stim_5d
r1863	TTC32	2	19890916	0.484200144397608	ENSG00000183891|CD4_Memory_uns_0h
r1864	TTC32	2	19890916	0.484200144397608	ENSG00000183891|CD4_Naive_stim_16h
r1865	TTC32	2	19890916	0.484200144397608	ENSG00000183891|CD4_Naive_stim_40h
r1866	TTC32	2	19890916	0.484200144397608	ENSG00000183891|CD4_Naive_uns_0h
r1867	DMAP1	1	44158293	0.484290775860309	ENSG00000178028|CD4_Memory_stim_40h
r1868	TRIM13	13	50070345	0.484857082173501	ENSG00000204977|CD4_Memory_uns_0h
r1869	EEF1AKMT3	12	57749071	0.484970573648023	ENSG00000123427|CD4_Naive_stim_5d
r1870	VAMP5	2	85515174	0.485705960242823	ENSG00000168899|CD4_Naive_uns_0h
r1871	SKAP2	7	26780958	0.485975121584606	ENSG00000005020|CD4_Memory_stim_40h
r1872	ARL14EP	11	30329676	0.486466278639921	ENSG00000152219|CD4_Memory_stim_16h
r1873	UBA6	4	67645598	0.486789599060422	ENSG00000033178|CD4_Memory_uns_0h
r1874	UBA6	4	67645598	0.486789599060422	ENSG00000033178|CD4_Memory_stim_16h
r1875	UBA6	4	67645598	0.486789599060422	ENSG00000033178|CD4_Naive_stim_16h
r1876	SPATA20	17	50548467	0.48768082522613	ENSG00000006282|CD4_Memory_stim_16h
r1877	SPATA20	17	50548467	0.48768082522613	ENSG00000006282|CD4_Naive_stim_16h
r1878	HSD17B12	11	43730972	0.487941813764435	ENSG00000149084|CD4_Memory_stim_16h
r1879	HSD17B12	11	43730972	0.487941813764435	ENSG00000149084|CD4_Memory_uns_0h
r1880	HSD17B12	11	43730972	0.487941813764435	ENSG00000149084|CD4_Naive_stim_16h
r1881	HSD17B12	11	43730972	0.487941813764435	ENSG00000149084|CD4_Naive_stim_40h
r1882	MRPL19	2	75649064	0.48901454445385	ENSG00000115364|CD4_Memory_stim_5d
r1883	RCHY1	4	75482854	0.489023043617634	ENSG00000163743|CD4_Naive_stim_40h
r1884	NDUFAF1	15	41311078	0.489573221525735	ENSG00000137806|CD4_Naive_stim_40h
r1885	PAPSS1	4	107718335	0.490108292284	ENSG00000138801|CD4_Memory_stim_40h
r1886	SPATA20	17	50547162	0.490336723160919	ENSG00000006282|CD4_Memory_stim_5d
r1887	SPATA20	17	50547162	0.490336723160919	ENSG00000006282|CD4_Memory_stim_40h
r1888	SPATA20	17	50547162	0.490336723160919	ENSG00000006282|CD4_Memory_uns_0h
r1889	SPATA20	17	50547162	0.490336723160919	ENSG00000006282|CD4_Naive_stim_40h
r1890	SPATA20	17	50547162	0.490336723160919	ENSG00000006282|CD4_Naive_stim_5d
r1891	SPATA20	17	50547162	0.490336723160919	ENSG00000006282|CD4_Naive_uns_0h
r1892	FAM184B	4	17699674	0.490668562099109	ENSG00000047662|CD4_Memory_uns_0h
r1893	FAM184B	4	17699674	0.490668562099109	ENSG00000047662|CD4_Naive_uns_0h
r1894	FAM184B	4	17699674	0.490668562099109	ENSG00000047662|CD4_Memory_stim_5d
r1895	IQCB1	3	121641380	0.491637514127559	ENSG00000173226|CD4_Memory_stim_5d
r1896	B4GALT1	9	33120206	0.492291217707019	ENSG00000086062|CD4_Naive_stim_16h
r1897	EFCAB2	1	244985432	0.492943045954941	ENSG00000203666|CD4_Memory_stim_16h
r1898	EFCAB2	1	244985432	0.492943045954941	ENSG00000203666|CD4_Memory_stim_5d
r1899	EFCAB2	1	244985432	0.492943045954941	ENSG00000203666|CD4_Memory_stim_40h
r1900	EFCAB2	1	244985432	0.492943045954941	ENSG00000203666|CD4_Naive_stim_5d
r1901	STK32C	10	132344371	0.493188470469835	ENSG00000165752|CD4_Memory_stim_5d
r1902	STK32C	10	132344371	0.493188470469835	ENSG00000165752|CD4_Memory_uns_0h
r1903	MRPL19	2	75707742	0.49364806560953	ENSG00000115364|CD4_Naive_stim_5d
r1904	MRPL19	2	75707742	0.49364806560953	ENSG00000115364|CD4_Memory_stim_40h
r1905	QDPR	4	17512134	0.493734685886505	ENSG00000151552|CD4_Memory_stim_40h
r1906	QDPR	4	17512134	0.493734685886505	ENSG00000151552|CD4_Memory_stim_5d
r1907	QDPR	4	17512134	0.493734685886505	ENSG00000151552|CD4_Naive_stim_40h
r1908	PEX6	6	42949279	0.494520711811913	ENSG00000124587|CD4_Memory_uns_0h
r1909	SAYSD1	6	39122473	0.4950751845235	ENSG00000112167|CD4_Naive_uns_0h
r1910	MYOM2	8	2155638	0.495166419869866	ENSG00000036448|CD4_Memory_stim_16h
r1911	ERO1A	14	52605247	0.496262637975645	ENSG00000197930|CD4_Naive_stim_5d
r1912	SPATC1L	21	46191371	0.497046648654587	ENSG00000160284|CD4_Memory_stim_16h
r1913	SPATC1L	21	46191371	0.497046648654587	ENSG00000160284|CD4_Memory_stim_40h
r1914	SPATC1L	21	46191371	0.497046648654587	ENSG00000160284|CD4_Naive_stim_16h
r1915	SPATC1L	21	46191371	0.497046648654587	ENSG00000160284|CD4_Naive_stim_40h
r1916	SPATC1L	21	46191371	0.497046648654587	ENSG00000160284|CD4_Naive_stim_5d
r1917	FTSJ3	17	63849253	0.497577468758312	ENSG00000108592|CD4_Memory_stim_5d
r1918	UBA6	4	67612836	0.498019924324986	ENSG00000033178|CD4_Memory_stim_40h
r1919	MZT2A	2	131474964	0.498230874915041	ENSG00000173272|CD4_Naive_stim_16h
r1920	VAMP4	1	171695185	0.498426459535832	ENSG00000117533|CD4_Memory_stim_40h
r1921	VAMP4	1	171695185	0.498426459535832	ENSG00000117533|CD4_Naive_stim_40h
r1922	VAMP4	1	171680796	0.49876870319002	ENSG00000117533|CD4_Memory_stim_16h
r1923	TMEM140	7	135129348	0.498883127543679	ENSG00000146859|CD4_Memory_stim_16h
r1924	VAMP4	1	171692141	0.500591232688876	ENSG00000117533|CD4_Memory_uns_0h
r1925	VAMP4	1	171686547	0.500591232688876	ENSG00000117533|CD4_Naive_stim_16h
r1926	DPP7	9	137106889	0.501269919718787	ENSG00000176978|CD4_Naive_stim_16h
r1927	TPRA1	3	127573490	0.502554514547798	ENSG00000163870|CD4_Memory_stim_5d
r1928	TPRA1	3	127573490	0.502554514547798	ENSG00000163870|CD4_Naive_stim_16h
r1929	NME1	17	51147922	0.502614091868852	ENSG00000239672|CD4_Memory_uns_0h
r1930	CAB39	2	230707008	0.502753101270477	ENSG00000135932|CD4_Naive_stim_40h
r1931	KIF2A	5	62453779	0.50303614620704	ENSG00000068796|CD4_Memory_stim_5d
r1932	ZNF677	19	53258338	0.503414452121669	ENSG00000197928|CD4_Memory_uns_0h
r1933	ZNF677	19	53258338	0.503414452121669	ENSG00000197928|CD4_Naive_stim_16h
r1934	COX11	17	55104590	0.505314903545062	ENSG00000166260|CD4_Memory_stim_16h
r1935	NUDT4	12	93369522	0.506034047824056	ENSG00000173598|CD4_Naive_stim_40h
r1936	STARD5	15	81323836	0.506418848306672	ENSG00000172345|CD4_Memory_stim_40h
r1937	STARD5	15	81323836	0.506418848306672	ENSG00000172345|CD4_Naive_stim_40h
r1938	TOR3A	1	179095990	0.506420494986432	ENSG00000186283|CD4_Memory_stim_40h
r1939	TOR3A	1	179095990	0.506420494986432	ENSG00000186283|CD4_Memory_stim_5d
r1940	FTSJ3	17	63843137	0.50690901077216	ENSG00000108592|CD4_Memory_stim_16h
r1941	FTSJ3	17	63843137	0.50690901077216	ENSG00000108592|CD4_Memory_stim_40h
r1942	FTSJ3	17	63843137	0.50690901077216	ENSG00000108592|CD4_Naive_stim_40h
r1943	PWP2	21	44024948	0.50749134455587	ENSG00000241945|CD4_Memory_stim_16h
r1944	PWP2	21	44024948	0.50749134455587	ENSG00000241945|CD4_Memory_stim_40h
r1945	PWP2	21	44024948	0.50749134455587	ENSG00000241945|CD4_Naive_stim_40h
r1946	PWP2	21	44024948	0.50749134455587	ENSG00000241945|CD4_Naive_stim_5d
r1947	SPAG7	17	4962633	0.507985875025996	ENSG00000091640|CD4_Memory_stim_40h
r1948	SPAG7	17	4962633	0.507985875025996	ENSG00000091640|CD4_Memory_stim_5d
r1949	SPAG7	17	4962633	0.507985875025996	ENSG00000091640|CD4_Naive_stim_40h
r1950	PTBP2	1	96809637	0.509099532784376	ENSG00000117569|CD4_Memory_uns_0h
r1951	PDS5B	13	32733572	0.509122706843148	ENSG00000083642|CD4_Memory_stim_16h
r1952	PDS5B	13	32733572	0.509122706843148	ENSG00000083642|CD4_Memory_stim_40h
r1953	PDS5B	13	32733572	0.509122706843148	ENSG00000083642|CD4_Memory_stim_5d
r1954	NUF2	1	163369064	0.509305708654967	ENSG00000143228|CD4_Memory_stim_5d
r1955	CSNK2A2	16	58130055	0.509469962313515	ENSG00000070770|CD4_Naive_uns_0h
r1956	B4GALT1	9	33119243	0.509966249567978	ENSG00000086062|CD4_Memory_uns_0h
r1957	B4GALT1	9	33119243	0.509966249567978	ENSG00000086062|CD4_Naive_uns_0h
r1958	ANKDD1A	15	64880762	0.51027522160683	ENSG00000166839|CD4_Naive_stim_5d
r1959	NMD3	3	161098568	0.510912957421408	ENSG00000169251|CD4_Memory_stim_5d
r1960	BCKDHA	19	41382945	0.510998441004909	ENSG00000248098|CD4_Naive_stim_5d
r1961	FCGBP	19	39944623	0.511152645515971	ENSG00000275395|CD4_Naive_uns_0h
r1962	MTRF1L	6	153015761	0.511396984909503	ENSG00000112031|CD4_Memory_uns_0h
r1963	FTSJ3	17	63863358	0.511913321446842	ENSG00000108592|CD4_Naive_stim_16h
r1964	RPL8	8	144747285	0.511917669202531	ENSG00000161016|CD4_Memory_stim_5d
r1965	RPL14	3	40421572	0.512796983670227	ENSG00000188846|CD4_Naive_uns_0h
r1966	GIMAP4	7	150568283	0.51308727108919	ENSG00000133574|CD4_Memory_uns_0h
r1967	CALHM6	6	116462456	0.513511969554416	ENSG00000188820|CD4_Memory_stim_5d
r1968	SP140	2	230260781	0.513558635107193	ENSG00000079263|CD4_Naive_uns_0h
r1969	TSGA10	2	99197151	0.513607223504762	ENSG00000135951|CD4_Naive_uns_0h
r1970	MITD1	2	99197151	0.513607223504762	ENSG00000158411|CD4_Memory_stim_40h
r1971	MRPL30	2	99197151	0.513607223504762	ENSG00000185414|CD4_Naive_stim_40h
r1972	MRPL23	11	1941470	0.513681453742164	ENSG00000214026|CD4_Naive_uns_0h
r1973	NMNAT3	3	139666415	0.513746152330494	ENSG00000163864|CD4_Memory_stim_5d
r1974	PIGF	2	46550507	0.513772539148428	ENSG00000151665|CD4_Memory_stim_16h
r1975	GTF3A	13	27403163	0.513792644639746	ENSG00000122034|CD4_Naive_stim_5d
r1976	CNDP2	18	74497823	0.514309953076114	ENSG00000133313|CD4_Memory_stim_16h
r1977	SKAP2	7	26813101	0.51459583633967	ENSG00000005020|CD4_Memory_stim_16h
r1978	TNFRSF14	1	2556327	0.514741165145941	ENSG00000157873|CD4_Naive_stim_40h
r1979	DDX11	12	31091347	0.515499550631595	ENSG00000013573|CD4_Naive_uns_0h
r1980	DDX11	12	31091347	0.515499550631595	ENSG00000013573|CD4_Memory_stim_16h
r1981	TRIM13	13	49927744	0.515905342568445	ENSG00000204977|CD4_Naive_uns_0h
r1982	ENSG00000254397	11	9461946	0.517211679195787	ENSG00000254397|CD4_Memory_stim_16h
r1983	ENSG00000254397	11	9461946	0.517211679195787	ENSG00000254397|CD4_Naive_uns_0h
r1984	SLC12A2-DT	5	128091841	0.517302948126203	ENSG00000245937|CD4_Naive_stim_5d
r1985	PTER	10	16465453	0.517979963457779	ENSG00000165983|CD4_Naive_stim_40h
r1986	CENPW	6	126345679	0.519509393963701	ENSG00000203760|CD4_Memory_stim_16h
r1987	MRPS18C	4	83413614	0.519678158467224	ENSG00000163319|CD4_Naive_stim_40h
r1988	OXLD1	17	81642628	0.520461849380404	ENSG00000204237|CD4_Naive_uns_0h
r1989	ENSG00000271964	3	16309135	0.520782485572091	ENSG00000271964|CD4_Memory_uns_0h
r1990	TAP2	6	32829016	0.520861139024534	ENSG00000204267|CD4_Memory_stim_16h
r1991	TAP2	6	32829016	0.520861139024534	ENSG00000204267|CD4_Memory_stim_40h
r1992	TAP2	6	32829016	0.520861139024534	ENSG00000204267|CD4_Naive_stim_16h
r1993	TAP2	6	32829016	0.520861139024534	ENSG00000204267|CD4_Naive_stim_40h
r1994	TAP2	6	32829016	0.520861139024534	ENSG00000204267|CD4_Naive_stim_5d
r1995	TBRG4	7	45097926	0.521883277002746	ENSG00000136270|CD4_Memory_stim_40h
r1996	SPRYD4	12	56466236	0.521888570573299	ENSG00000176422|CD4_Memory_stim_40h
r1997	SPRYD4	12	56466236	0.521888570573299	ENSG00000176422|CD4_Naive_stim_40h
r1998	CCT8	21	29060236	0.522125659436009	ENSG00000156261|CD4_Memory_stim_40h
r1999	CCT8	21	29060236	0.522125659436009	ENSG00000156261|CD4_Memory_stim_5d
r2000	CCT8	21	29060236	0.522125659436009	ENSG00000156261|CD4_Memory_uns_0h
r2001	CCT8	21	29060236	0.522125659436009	ENSG00000156261|CD4_Naive_stim_40h
r2002	CCT8	21	29060236	0.522125659436009	ENSG00000156261|CD4_Naive_stim_5d
r2003	CCT8	21	29060236	0.522125659436009	ENSG00000156261|CD4_Naive_uns_0h
r2004	GSDMA	17	39934555	0.522326665148431	ENSG00000167914|CD4_Memory_stim_5d
r2005	TSFM	12	57735519	0.522389339240961	ENSG00000123297|CD4_Memory_stim_40h
r2006	TSFM	12	57735519	0.522389339240961	ENSG00000123297|CD4_Naive_stim_40h
r2007	TSFM	12	57735519	0.522389339240961	ENSG00000123297|CD4_Naive_stim_5d
r2008	EEF1AKMT3	12	57735519	0.522389339240961	ENSG00000123427|CD4_Memory_stim_5d
r2009	SKAP2	7	26821108	0.523110212220859	ENSG00000005020|CD4_Memory_stim_5d
r2010	SKAP2	7	26818132	0.523110212220859	ENSG00000005020|CD4_Memory_uns_0h
r2011	SKAP2	7	26827079	0.523126199928921	ENSG00000005020|CD4_Naive_stim_40h
r2012	SKAP2	7	26827079	0.523126199928921	ENSG00000005020|CD4_Naive_stim_5d
r2013	KGD4	5	69272124	0.523379216477644	ENSG00000134056|CD4_Memory_stim_5d
r2014	KGD4	5	69272124	0.523379216477644	ENSG00000134056|CD4_Naive_stim_5d
r2015	ADH5	4	99066691	0.523466048782539	ENSG00000197894|CD4_Memory_stim_40h
r2016	ADH5	4	99066691	0.523466048782539	ENSG00000197894|CD4_Naive_stim_16h
r2017	ADH5	4	99066691	0.523466048782539	ENSG00000197894|CD4_Naive_stim_40h
r2018	ADH5	4	99066691	0.523466048782539	ENSG00000197894|CD4_Naive_stim_5d
r2019	ZNF83	19	52638372	0.523578571159716	ENSG00000167766|CD4_Naive_stim_16h
r2020	TMEM258	11	61792609	0.523629932946538	ENSG00000134825|CD4_Naive_uns_0h
r2021	DCTN5	16	23642022	0.523811902371168	ENSG00000166847|CD4_Memory_stim_40h
r2022	DCTN5	16	23642022	0.523811902371168	ENSG00000166847|CD4_Memory_stim_5d
r2023	DCTN5	16	23642022	0.523811902371168	ENSG00000166847|CD4_Naive_stim_40h
r2024	DCTN5	16	23642022	0.523811902371168	ENSG00000166847|CD4_Naive_stim_5d
r2025	SLC25A39	17	44293433	0.523930749354443	ENSG00000013306|CD4_Naive_stim_40h
r2026	CCT3	1	156274267	0.523975783648426	ENSG00000163468|CD4_Memory_uns_0h
r2027	CCT3	1	156274267	0.523975783648426	ENSG00000163468|CD4_Naive_stim_5d
r2028	FTSJ3	17	63863306	0.524386473307236	ENSG00000108592|CD4_Naive_stim_5d
r2029	JAZF1	7	28116987	0.526466427465221	ENSG00000153814|CD4_Memory_uns_0h
r2030	LIPA	10	89243662	0.526958430950561	ENSG00000107798|CD4_Naive_stim_5d
r2031	HLA-DQB1	6	32659415	0.52763676274401	ENSG00000179344|CD4_Memory_stim_5d
r2032	HLA-DQB1	6	32659415	0.52763676274401	ENSG00000179344|CD4_Naive_stim_5d
r2033	CBLN3	14	24432227	0.527722242025756	ENSG00000139899|CD4_Naive_stim_5d
r2034	IFITM3	11	323649	0.528317157544349	ENSG00000142089|CD4_Memory_stim_16h
r2035	IFITM3	11	323649	0.528317157544349	ENSG00000142089|CD4_Memory_stim_40h
r2036	ENSG00000251661	11	323649	0.528317157544349	ENSG00000251661|CD4_Memory_stim_40h
r2037	ENSG00000251661	11	323649	0.528317157544349	ENSG00000251661|CD4_Memory_stim_5d
r2038	ENSG00000251661	11	323649	0.528317157544349	ENSG00000251661|CD4_Memory_uns_0h
r2039	ENSG00000251661	11	323649	0.528317157544349	ENSG00000251661|CD4_Naive_stim_16h
r2040	ENSG00000251661	11	323649	0.528317157544349	ENSG00000251661|CD4_Naive_stim_5d
r2041	TSG101	11	18526636	0.528526280320578	ENSG00000074319|CD4_Naive_stim_40h
r2042	TSG101	11	18526636	0.528526280320578	ENSG00000074319|CD4_Naive_stim_5d
r2043	PPP3CC	8	22452539	0.529171373670948	ENSG00000120910|CD4_Memory_stim_16h
r2044	TBC1D22A-DT	22	46760806	0.529389160338947	ENSG00000260708|CD4_Memory_stim_16h
r2045	TBC1D22A-DT	22	46760806	0.529389160338947	ENSG00000260708|CD4_Memory_uns_0h
r2046	TBC1D22A-DT	22	46760806	0.529389160338947	ENSG00000260708|CD4_Naive_stim_16h
r2047	TBC1D22A-DT	22	46760806	0.529389160338947	ENSG00000260708|CD4_Naive_stim_5d
r2048	TBC1D22A-DT	22	46760806	0.529389160338947	ENSG00000260708|CD4_Naive_stim_40h
r2049	TBC1D22A-DT	22	46760806	0.529389160338947	ENSG00000260708|CD4_Naive_uns_0h
r2050	IFI27L1	14	94097689	0.53094409566061	ENSG00000165948|CD4_Naive_stim_5d
r2051	PEX6	6	42952678	0.531448366456749	ENSG00000124587|CD4_Naive_stim_16h
r2052	SH3YL1	2	217560	0.531511253775193	ENSG00000035115|CD4_Memory_uns_0h
r2053	SH3YL1	2	217334	0.531596466397176	ENSG00000035115|CD4_Naive_uns_0h
r2054	EAF2	3	121900927	0.531629345687633	ENSG00000145088|CD4_Memory_stim_40h
r2055	METTL13	1	171772661	0.531645002049108	ENSG00000010165|CD4_Naive_stim_5d
r2056	RSU1	10	16808796	0.531884334392535	ENSG00000148484|CD4_Memory_stim_5d
r2057	RSU1	10	16808796	0.531884334392535	ENSG00000148484|CD4_Naive_stim_5d
r2058	POLI	18	54303259	0.532216146630583	ENSG00000101751|CD4_Memory_stim_40h
r2059	POLI	18	54303259	0.532216146630584	ENSG00000101751|CD4_Naive_uns_0h
r2060	TFB1M	6	155269950	0.532919015057836	ENSG00000029639|CD4_Naive_stim_40h
r2061	ZC3HAV1	7	139046941	0.534038602096927	ENSG00000105939|CD4_Naive_stim_5d
r2062	ZC3HAV1	7	139046941	0.534038602096927	ENSG00000105939|CD4_Naive_uns_0h
r2063	MRPL19	2	75675254	0.536011726427807	ENSG00000115364|CD4_Naive_stim_40h
r2064	LXN	3	158603091	0.536526890020595	ENSG00000079257|CD4_Memory_stim_40h
r2065	LXN	3	158603091	0.536526890020595	ENSG00000079257|CD4_Naive_stim_40h
r2066	EYA3	1	28003218	0.536816029562801	ENSG00000158161|CD4_Memory_stim_5d
r2067	EYA3	1	28003218	0.536816029562801	ENSG00000158161|CD4_Naive_stim_16h
r2068	EYA3	1	28003218	0.536816029562801	ENSG00000158161|CD4_Naive_stim_40h
r2069	EYA3	1	28003218	0.536816029562801	ENSG00000158161|CD4_Naive_uns_0h
r2070	KRI1	19	10539273	0.538534333997447	ENSG00000129347|CD4_Naive_stim_16h
r2071	LZIC	1	9943262	0.538786262689186	ENSG00000162441|CD4_Memory_stim_40h
r2072	LZIC	1	9943262	0.538786262689186	ENSG00000162441|CD4_Naive_stim_40h
r2073	GIMAP1	7	150629936	0.540786181774338	ENSG00000213203|CD4_Memory_stim_40h
r2074	USP53	4	119185193	0.541118706944137	ENSG00000145390|CD4_Naive_uns_0h
r2075	USP53	4	119185193	0.541118706944137	ENSG00000145390|CD4_Naive_stim_16h
r2076	USP53	4	119185193	0.541118706944137	ENSG00000145390|CD4_Naive_stim_40h
r2077	QDPR	4	17529461	0.541171197674413	ENSG00000151552|CD4_Memory_stim_16h
r2078	FES	15	90885812	0.541311097829739	ENSG00000182511|CD4_Naive_stim_5d
r2079	PWP1	12	107678622	0.541407624304343	ENSG00000136045|CD4_Memory_stim_16h
r2080	KDELR2	7	6457870	0.542808751631521	ENSG00000136240|CD4_Naive_stim_16h
r2081	PER3	1	7837168	0.542841014204093	ENSG00000049246|CD4_Memory_stim_16h
r2082	IRAK1BP1	6	78856004	0.54378465512773	ENSG00000146243|CD4_Naive_stim_40h
r2083	TESPA1	12	54949635	0.544747008373147	ENSG00000135426|CD4_Naive_stim_40h
r2084	SERPINB9	6	2877097	0.544989621474583	ENSG00000170542|CD4_Memory_uns_0h
r2085	SERINC5	5	80140363	0.545409348600161	ENSG00000164300|CD4_Memory_stim_16h
r2086	ENSG00000254397	11	9431662	0.545670193840845	ENSG00000254397|CD4_Naive_stim_16h
r2087	MGST3	1	165630412	0.54573029587778	ENSG00000143198|CD4_Naive_stim_16h
r2088	MGST3	1	165630412	0.54573029587778	ENSG00000143198|CD4_Memory_stim_40h
r2089	MGST3	1	165630412	0.54573029587778	ENSG00000143198|CD4_Naive_stim_40h
r2090	MGST3	1	165630412	0.54573029587778	ENSG00000143198|CD4_Naive_stim_5d
r2091	SNHG8	4	118279119	0.545797252898028	ENSG00000269893|CD4_Naive_stim_16h
r2092	SNHG8	4	118279119	0.545797252898028	ENSG00000269893|CD4_Memory_stim_16h
r2093	SNHG8	4	118279119	0.545797252898028	ENSG00000269893|CD4_Memory_uns_0h
r2094	SNHG8	4	118279119	0.545797252898028	ENSG00000269893|CD4_Naive_stim_40h
r2095	SNHG8	4	118279119	0.545797252898028	ENSG00000269893|CD4_Naive_uns_0h
r2096	PPA2	4	105365790	0.545966015727584	ENSG00000138777|CD4_Naive_stim_40h
r2097	RNASEH1-DT	2	3561166	0.546055348195919	ENSG00000234171|CD4_Memory_stim_40h
r2098	RNASEH1-DT	2	3561166	0.546055348195919	ENSG00000234171|CD4_Memory_stim_5d
r2099	RNASEH1-DT	2	3561166	0.546055348195919	ENSG00000234171|CD4_Naive_stim_16h
r2100	RNASEH1-DT	2	3561166	0.546055348195919	ENSG00000234171|CD4_Naive_stim_40h
r2101	RNASEH1-DT	2	3561166	0.546055348195919	ENSG00000234171|CD4_Naive_stim_5d
r2102	OMA1	1	58545465	0.548056628872314	ENSG00000162600|CD4_Naive_stim_40h
r2103	ENSG00000262967	17	50674360	0.5488967324993	ENSG00000262967|CD4_Naive_stim_5d
r2104	RBAK-RBAKDN	7	4975871	0.54909418121288	ENSG00000272968|CD4_Memory_stim_5d
r2105	SNCA	4	89822180	0.550433717582742	ENSG00000145335|CD4_Naive_stim_5d
r2106	IMMP2L	7	111313247	0.550627561557533	ENSG00000184903|CD4_Naive_stim_16h
r2107	CHI3L2	1	111225954	0.55115682713653	ENSG00000064886|CD4_Naive_uns_0h
r2108	ATP6V1E1	22	17626568	0.551253412800387	ENSG00000131100|CD4_Memory_stim_40h
r2109	MPHOSPH9	12	123204839	0.551872268342665	ENSG00000051825|CD4_Memory_uns_0h
r2110	ARL6IP4	12	123204839	0.551872268342665	ENSG00000182196|CD4_Memory_stim_5d
r2111	MPHOSPH9	12	123204839	0.551872268342665	ENSG00000051825|CD4_Memory_stim_16h
r2112	TRNT1	3	3149447	0.552574382035738	ENSG00000072756|CD4_Naive_stim_40h
r2113	KRI1	19	10553956	0.552790078296721	ENSG00000129347|CD4_Naive_stim_40h
r2114	KRI1	19	10553956	0.552790078296721	ENSG00000129347|CD4_Naive_stim_5d
r2115	RETREG1	5	16621457	0.553561975060531	ENSG00000154153|CD4_Naive_stim_40h
r2116	RETREG1	5	16621457	0.553561975060531	ENSG00000154153|CD4_Naive_stim_5d
r2117	DHX32	10	125945069	0.554679910000328	ENSG00000089876|CD4_Memory_stim_5d
r2118	FAM43A	3	194686237	0.555497541164018	ENSG00000185112|CD4_Memory_uns_0h
r2119	SNUPN	15	75435454	0.555862959726526	ENSG00000169371|CD4_Naive_stim_40h
r2120	RAB33B	4	139367077	0.556233503967543	ENSG00000172007|CD4_Memory_uns_0h
r2121	RABGGTB	1	75784951	0.556341393308955	ENSG00000137955|CD4_Memory_stim_16h
r2122	RFWD3	16	74474804	0.557253416724823	ENSG00000168411|CD4_Naive_stim_40h
r2123	DDX11	12	31090489	0.558343889143633	ENSG00000013573|CD4_Memory_uns_0h
r2124	CD59	11	33724890	0.559274191854098	ENSG00000085063|CD4_Naive_stim_40h
r2125	CCDC167	6	37534191	0.559320667513972	ENSG00000198937|CD4_Memory_uns_0h
r2126	RPL14	3	40292756	0.559489171690351	ENSG00000188846|CD4_Memory_uns_0h
r2127	EFCAB2	1	244996265	0.559839407718967	ENSG00000203666|CD4_Naive_stim_40h
r2128	ENSG00000228408	6	149178176	0.560449168992441	ENSG00000228408|CD4_Memory_stim_5d
r2129	RPSA	3	39429812	0.561283684964419	ENSG00000168028|CD4_Memory_stim_40h
r2130	APIP	11	34840919	0.561391469834969	ENSG00000149089|CD4_Memory_stim_5d
r2131	LRRC8C	1	89813283	0.562127102804463	ENSG00000171488|CD4_Naive_stim_16h
r2132	MYOM2	8	2128379	0.56228786070761	ENSG00000036448|CD4_Memory_stim_40h
r2133	MYOM2	8	2128379	0.56228786070761	ENSG00000036448|CD4_Memory_stim_5d
r2134	METTL27	7	73736890	0.56278159460208	ENSG00000165171|CD4_Memory_uns_0h
r2135	ADAM19	5	157490332	0.56292666280246	ENSG00000135074|CD4_Naive_stim_5d
r2136	MMEL1	1	2595307	0.563945149386272	ENSG00000142606|CD4_Naive_stim_5d
r2137	HMBOX1	8	29052006	0.564307482284832	ENSG00000147421|CD4_Memory_stim_16h
r2138	HMBOX1	8	29052006	0.564307482284832	ENSG00000147421|CD4_Memory_stim_40h
r2139	HMBOX1	8	29052006	0.564307482284832	ENSG00000147421|CD4_Memory_uns_0h
r2140	HMBOX1	8	29052006	0.564307482284832	ENSG00000147421|CD4_Naive_stim_16h
r2141	HMBOX1	8	29052006	0.564307482284832	ENSG00000147421|CD4_Naive_stim_40h
r2142	HMBOX1	8	29052006	0.564307482284832	ENSG00000147421|CD4_Naive_stim_5d
r2143	HMBOX1	8	29052006	0.564307482284832	ENSG00000147421|CD4_Memory_stim_5d
r2144	HMBOX1	8	29052006	0.564307482284832	ENSG00000147421|CD4_Naive_uns_0h
r2145	LSP1	11	1852842	0.565719377100242	ENSG00000130592|CD4_Memory_stim_16h
r2146	LSP1	11	1852842	0.565719377100242	ENSG00000130592|CD4_Memory_stim_40h
r2147	LSP1	11	1852842	0.565719377100242	ENSG00000130592|CD4_Memory_uns_0h
r2148	F11R	1	161015439	0.565845717581958	ENSG00000158769|CD4_Memory_stim_5d
r2149	HSD17B14	19	48835841	0.566023222340502	ENSG00000087076|CD4_Memory_uns_0h
r2150	HSD17B14	19	48835841	0.566023222340502	ENSG00000087076|CD4_Naive_stim_5d
r2151	ENSG00000230555	10	43419925	0.566154948051046	ENSG00000230555|CD4_Naive_stim_40h
r2152	SPG21	15	64963363	0.566718042269244	ENSG00000090487|CD4_Naive_stim_40h
r2153	PRMT7	16	68289751	0.567287151843248	ENSG00000132600|CD4_Naive_stim_40h
r2154	JAZF1	7	28121414	0.567431790135816	ENSG00000153814|CD4_Naive_uns_0h
r2155	JAZF1	7	28121414	0.567431790135816	ENSG00000153814|CD4_Naive_stim_16h
r2156	DPY19L3-DT	19	32339355	0.567583837754867	ENSG00000267213|CD4_Naive_stim_40h
r2157	ZFAND2A-DT	7	1176802	0.567812860408185	ENSG00000229043|CD4_Naive_stim_40h
r2158	ZFAND2A	7	1176802	0.567812860408185	ENSG00000178381|CD4_Naive_stim_40h
r2159	ZFAND2A-DT	7	1176802	0.567812860408185	ENSG00000229043|CD4_Naive_stim_16h
r2160	EPSTI1	13	42992237	0.568352470415172	ENSG00000133106|CD4_Memory_stim_16h
r2161	EPSTI1	13	42992237	0.568352470415172	ENSG00000133106|CD4_Memory_stim_40h
r2162	EPSTI1	13	42992237	0.568352470415172	ENSG00000133106|CD4_Memory_stim_5d
r2163	EPSTI1	13	42992237	0.568352470415172	ENSG00000133106|CD4_Memory_uns_0h
r2164	EPSTI1	13	42992237	0.568352470415172	ENSG00000133106|CD4_Naive_uns_0h
r2165	S100A13	1	153631636	0.569165980759915	ENSG00000189171|CD4_Naive_stim_5d
r2166	TRAPPC4	11	119006853	0.569505305496648	ENSG00000196655|CD4_Memory_stim_40h
r2167	TRAPPC4	11	119006853	0.569505305496648	ENSG00000196655|CD4_Memory_uns_0h
r2168	TRAPPC4	11	119006853	0.569505305496648	ENSG00000196655|CD4_Memory_stim_16h
r2169	TRAPPC4	11	119006853	0.569505305496648	ENSG00000196655|CD4_Memory_stim_5d
r2170	TRAPPC4	11	119006853	0.569505305496648	ENSG00000196655|CD4_Naive_stim_16h
r2171	TRAPPC4	11	119006853	0.569505305496648	ENSG00000196655|CD4_Naive_stim_40h
r2172	TRAPPC4	11	119006853	0.569505305496648	ENSG00000196655|CD4_Naive_stim_5d
r2173	ZP3	7	76500642	0.570174401426324	ENSG00000188372|CD4_Memory_uns_0h
r2174	ENSG00000229999	22	40330179	0.571350423947725	ENSG00000229999|CD4_Memory_stim_16h
r2175	ENSG00000229999	22	40330179	0.571350423947725	ENSG00000229999|CD4_Memory_stim_5d
r2176	ENSG00000229999	22	40330179	0.571350423947725	ENSG00000229999|CD4_Naive_stim_16h
r2177	ENSG00000229999	22	40330179	0.571350423947725	ENSG00000229999|CD4_Naive_stim_40h
r2178	ENSG00000229999	22	40330179	0.571350423947725	ENSG00000229999|CD4_Naive_stim_5d
r2179	ENSG00000229999	22	40330179	0.571350423947725	ENSG00000229999|CD4_Naive_uns_0h
r2180	SMIM20	4	25909554	0.572982828295599	ENSG00000250317|CD4_Naive_stim_16h
r2181	SMIM20	4	25909554	0.572982828295599	ENSG00000250317|CD4_Naive_stim_40h
r2182	CCDC25	8	27729588	0.573964129659516	ENSG00000147419|CD4_Memory_stim_5d
r2183	ENSG00000246898	16	66416128	0.574612531942361	ENSG00000246898|CD4_Naive_stim_40h
r2184	SP140	2	230317750	0.574826326094571	ENSG00000079263|CD4_Naive_stim_5d
r2185	EPS8L2	11	791462	0.575097087057662	ENSG00000177106|CD4_Naive_stim_16h
r2186	LRPAP1	4	3494383	0.575549931106641	ENSG00000163956|CD4_Memory_stim_40h
r2187	LRPAP1	4	3494383	0.575549931106641	ENSG00000163956|CD4_Naive_stim_40h
r2188	ARL16	17	81669812	0.576280215060751	ENSG00000214087|CD4_Memory_uns_0h
r2189	IFI27L2	14	94141848	0.576419387832014	ENSG00000119632|CD4_Memory_stim_5d
r2190	PARK7	1	7980117	0.576437693394617	ENSG00000116288|CD4_Naive_stim_16h
r2191	MGST2	4	139655046	0.577548982603822	ENSG00000085871|CD4_Naive_stim_5d
r2192	B4GALT4	3	119211539	0.579536534448924	ENSG00000121578|CD4_Memory_stim_5d
r2193	B4GALT4	3	119211539	0.579536534448924	ENSG00000121578|CD4_Memory_uns_0h
r2194	CFAP95	9	69828944	0.579736750926814	ENSG00000204711|CD4_Naive_uns_0h
r2195	CFAP95	9	69828944	0.579736750926815	ENSG00000204711|CD4_Naive_stim_5d
r2196	TWSG1	18	9344739	0.57975526832287	ENSG00000128791|CD4_Memory_stim_5d
r2197	TWSG1	18	9344739	0.57975526832287	ENSG00000128791|CD4_Naive_stim_40h
r2198	TMEM120B	12	121771707	0.579817300840851	ENSG00000188735|CD4_Memory_stim_16h
r2199	TMEM120B	12	121771707	0.579817300840851	ENSG00000188735|CD4_Memory_stim_40h
r2200	TMEM120B	12	121771707	0.579817300840851	ENSG00000188735|CD4_Memory_stim_5d
r2201	TMEM120B	12	121771707	0.579817300840851	ENSG00000188735|CD4_Memory_uns_0h
r2202	TMEM120B	12	121771707	0.579817300840851	ENSG00000188735|CD4_Naive_stim_5d
r2203	TMEM120B	12	121771707	0.579817300840851	ENSG00000188735|CD4_Naive_uns_0h
r2204	UGDH	4	39520603	0.580094583832206	ENSG00000109814|CD4_Naive_stim_40h
r2205	SLC1A4	2	64979790	0.580536876617096	ENSG00000115902|CD4_Naive_stim_40h
r2206	SLC1A4	2	64979790	0.580536876617096	ENSG00000115902|CD4_Naive_stim_5d
r2207	IFI27L2	14	94149948	0.580595706510917	ENSG00000119632|CD4_Memory_uns_0h
r2208	ELMO1	7	37369166	0.580611224788774	ENSG00000155849|CD4_Naive_stim_16h
r2209	WDR18	19	998799	0.580653917971502	ENSG00000065268|CD4_Naive_stim_5d
r2210	SCGB3A1	5	180560964	0.581048797990106	ENSG00000161055|CD4_Memory_stim_40h
r2211	SCGB3A1	5	180560964	0.581048797990106	ENSG00000161055|CD4_Memory_stim_5d
r2212	SCGB3A1	5	180560964	0.581048797990106	ENSG00000161055|CD4_Memory_uns_0h
r2213	SCGB3A1	5	180560964	0.581048797990106	ENSG00000161055|CD4_Memory_stim_16h
r2214	SCGB3A1	5	180560964	0.581048797990106	ENSG00000161055|CD4_Naive_stim_16h
r2215	SCGB3A1	5	180560964	0.581048797990106	ENSG00000161055|CD4_Naive_stim_5d
r2216	SCGB3A1	5	180560964	0.581048797990106	ENSG00000161055|CD4_Naive_uns_0h
r2217	KISS1R	19	876910	0.581309212997883	ENSG00000116014|CD4_Memory_uns_0h
r2218	HLA-DRB5	6	32619215	0.581480782720083	ENSG00000198502|CD4_Naive_stim_40h
r2219	MGST3	1	165632128	0.581675342466984	ENSG00000143198|CD4_Memory_stim_16h
r2220	CFAP95	9	69812730	0.581902485709035	ENSG00000204711|CD4_Memory_stim_16h
r2221	CFAP95	9	69812730	0.581902485709035	ENSG00000204711|CD4_Memory_stim_5d
r2222	ENSG00000230555	10	43371691	0.582291844139213	ENSG00000230555|CD4_Memory_stim_40h
r2223	ENSG00000259363	15	99826739	0.582310707572731	ENSG00000259363|CD4_Naive_stim_5d
r2224	POLA2	11	65296082	0.582684330255858	ENSG00000014138|CD4_Naive_stim_40h
r2225	ANXA5	4	121696338	0.582920570639673	ENSG00000164111|CD4_Memory_stim_40h
r2226	ANXA5	4	121696338	0.582920570639673	ENSG00000164111|CD4_Memory_stim_5d
r2227	ZNF506	19	19768293	0.583488030538262	ENSG00000081665|CD4_Memory_stim_5d
r2228	NPIPB2	16	11976565	0.583551011358782	ENSG00000234719|CD4_Naive_uns_0h
r2229	HSD17B12	11	43794650	0.58357491913977	ENSG00000149084|CD4_Memory_stim_40h
r2230	HSD17B12	11	43794650	0.58357491913977	ENSG00000149084|CD4_Memory_stim_5d
r2231	CST7	20	24949060	0.58386836134263	ENSG00000077984|CD4_Naive_stim_5d
r2232	APMAP	20	24949060	0.58386836134263	ENSG00000101474|CD4_Memory_stim_16h
r2233	TMOD1	9	97573371	0.584911459963425	ENSG00000136842|CD4_Naive_stim_40h
r2234	M6PR	12	9007409	0.585255908715873	ENSG00000003056|CD4_Naive_stim_16h
r2235	LINC00987	12	9007409	0.585255908715873	ENSG00000237248|CD4_Memory_uns_0h
r2236	YBEY	21	46261213	0.587749710479303	ENSG00000182362|CD4_Memory_stim_16h
r2237	NCF2	1	183620788	0.58795941883054	ENSG00000116701|CD4_Naive_stim_40h
r2238	ACAT1	11	108012653	0.588837795339084	ENSG00000075239|CD4_Memory_stim_5d
r2239	ACAT1	11	108012653	0.588837795339084	ENSG00000075239|CD4_Naive_stim_5d
r2240	SP140	2	230309382	0.589017443544189	ENSG00000079263|CD4_Naive_stim_40h
r2241	MPZL2	11	118277431	0.589251715881289	ENSG00000149573|CD4_Memory_stim_16h
r2242	NDUFA12	12	95003776	0.589922941759556	ENSG00000184752|CD4_Memory_stim_16h
r2243	NDUFA12	12	95003776	0.589922941759556	ENSG00000184752|CD4_Memory_stim_40h
r2244	NDUFA12	12	95003776	0.589922941759556	ENSG00000184752|CD4_Memory_stim_5d
r2245	NDUFA12	12	95003776	0.589922941759556	ENSG00000184752|CD4_Memory_uns_0h
r2246	NDUFA12	12	95003776	0.589922941759556	ENSG00000184752|CD4_Naive_stim_16h
r2247	NDUFA12	12	95003776	0.589922941759556	ENSG00000184752|CD4_Naive_stim_40h
r2248	NDUFA12	12	95003776	0.589922941759556	ENSG00000184752|CD4_Naive_stim_5d
r2249	NDUFA12	12	95003776	0.589922941759556	ENSG00000184752|CD4_Naive_uns_0h
r2250	IVD	15	40375338	0.589996766006736	ENSG00000128928|CD4_Naive_stim_16h
r2251	IVD	15	40375338	0.589996766006736	ENSG00000128928|CD4_Naive_stim_40h
r2252	TMEM177	2	119693702	0.590388014291825	ENSG00000144120|CD4_Naive_stim_40h
r2253	H1-3	6	26249276	0.59044705467469	ENSG00000124575|CD4_Memory_stim_5d
r2254	H1-3	6	26249276	0.59044705467469	ENSG00000124575|CD4_Naive_stim_40h
r2255	H1-3	6	26249276	0.59044705467469	ENSG00000124575|CD4_Naive_stim_5d
r2256	ACTMAP	19	40749595	0.590502279904575	ENSG00000188493|CD4_Memory_stim_40h
r2257	PIGP	21	37167542	0.59114346548654	ENSG00000185808|CD4_Memory_stim_16h
r2258	COL18A1	21	45456169	0.591608374685809	ENSG00000182871|CD4_Memory_stim_40h
r2259	MMAB	12	109458360	0.591900814244858	ENSG00000139428|CD4_Memory_stim_16h
r2260	MMAB	12	109458360	0.591900814244858	ENSG00000139428|CD4_Naive_stim_40h
r2261	TIMM10	11	57590870	0.591931506914324	ENSG00000134809|CD4_Memory_stim_16h
r2262	TIMM10	11	57590870	0.591931506914324	ENSG00000134809|CD4_Memory_uns_0h
r2263	TIMM10	11	57590870	0.591931506914324	ENSG00000134809|CD4_Naive_stim_40h
r2264	TIMM10	11	57590870	0.591931506914324	ENSG00000134809|CD4_Memory_stim_5d
r2265	TIMM10	11	57590870	0.591931506914324	ENSG00000134809|CD4_Naive_stim_16h
r2266	TIMM10	11	57590870	0.591931506914324	ENSG00000134809|CD4_Naive_uns_0h
r2267	RAC1	7	6415615	0.592088250573182	ENSG00000136238|CD4_Memory_stim_16h
r2268	CCDC74A	2	131532826	0.593854490071476	ENSG00000163040|CD4_Naive_stim_5d
r2269	RMI2	16	11288335	0.593976312084335	ENSG00000175643|CD4_Naive_stim_5d
r2270	STIMATE	3	52839968	0.594225928338331	ENSG00000213533|CD4_Naive_stim_40h
r2271	SLC1A4	2	64989513	0.595114045319552	ENSG00000115902|CD4_Memory_stim_16h
r2272	SLC1A4	2	64989513	0.595114045319553	ENSG00000115902|CD4_Memory_stim_40h
r2273	MTERF3	8	96223128	0.595773674089951	ENSG00000156469|CD4_Memory_stim_40h
r2274	CYB5A	18	74262030	0.596753554950484	ENSG00000166347|CD4_Memory_stim_40h
r2275	DNTTIP2	1	93868981	0.596777788860204	ENSG00000067334|CD4_Naive_stim_16h
r2276	SH3BP5	3	15304533	0.596830899551758	ENSG00000131370|CD4_Naive_uns_0h
r2277	MAF1	8	144094957	0.597582543408827	ENSG00000179632|CD4_Memory_uns_0h
r2278	COA8	14	103521843	0.597759030996415	ENSG00000256053|CD4_Memory_stim_16h
r2279	HTATIP2	11	20364060	0.598885930804485	ENSG00000109854|CD4_Naive_stim_40h
r2280	RTN4IP1	6	106578555	0.599274001522006	ENSG00000130347|CD4_Memory_stim_5d
r2281	RTN4IP1	6	106578555	0.599274001522006	ENSG00000130347|CD4_Naive_stim_5d
r2282	DOCK8	9	276053	0.599853880202542	ENSG00000107099|CD4_Memory_uns_0h
r2283	NDUFS8	11	68010856	0.600552577600999	ENSG00000110717|CD4_Naive_stim_16h
r2284	NDUFS8	11	68010856	0.600552577600999	ENSG00000110717|CD4_Naive_stim_40h
r2285	ZNF506	19	19768847	0.601195710114127	ENSG00000081665|CD4_Naive_uns_0h
r2286	EI24	11	125568906	0.602228512834632	ENSG00000149547|CD4_Naive_stim_16h
r2287	HPGD	4	174520910	0.602630867910105	ENSG00000164120|CD4_Naive_stim_5d
r2288	CD151	11	831809	0.603480459069639	ENSG00000177697|CD4_Naive_stim_16h
r2289	PGPEP1	19	18332840	0.603572731849847	ENSG00000130517|CD4_Memory_stim_40h
r2290	TLK1	2	170982795	0.603609227497453	ENSG00000198586|CD4_Memory_uns_0h
r2291	VRK3	19	49963037	0.603790300121234	ENSG00000105053|CD4_Memory_stim_16h
r2292	THAP9-AS1	4	82927812	0.605076509615844	ENSG00000251022|CD4_Naive_stim_16h
r2293	NCF4	22	36861813	0.605164520395524	ENSG00000100365|CD4_Memory_stim_40h
r2294	SPATC1L	21	46166056	0.60655567347745	ENSG00000160284|CD4_Memory_uns_0h
r2295	COL18A1	21	45486797	0.606860000020165	ENSG00000182871|CD4_Memory_uns_0h
r2296	COL18A1	21	45486797	0.606860000020165	ENSG00000182871|CD4_Naive_stim_16h
r2297	COL18A1	21	45486797	0.606860000020165	ENSG00000182871|CD4_Naive_stim_40h
r2298	COL18A1	21	45486797	0.606860000020165	ENSG00000182871|CD4_Naive_stim_5d
r2299	COL18A1	21	45486797	0.606860000020165	ENSG00000182871|CD4_Naive_uns_0h
r2300	THAP9-AS1	4	82915572	0.607371883642698	ENSG00000251022|CD4_Memory_stim_16h
r2301	THAP9-AS1	4	82915572	0.607371883642698	ENSG00000251022|CD4_Memory_stim_40h
r2302	THAP9-AS1	4	82915572	0.607371883642698	ENSG00000251022|CD4_Memory_stim_5d
r2303	THAP9-AS1	4	82915572	0.607371883642698	ENSG00000251022|CD4_Memory_uns_0h
r2304	THAP9-AS1	4	82915572	0.607371883642698	ENSG00000251022|CD4_Naive_stim_40h
r2305	THAP9-AS1	4	82915572	0.607371883642698	ENSG00000251022|CD4_Naive_uns_0h
r2306	SDC4	20	45328870	0.608076547004478	ENSG00000124145|CD4_Memory_stim_5d
r2307	PKIA	8	78635235	0.608527871194383	ENSG00000171033|CD4_Naive_stim_16h
r2308	TLK1	2	171079787	0.608643749909931	ENSG00000198586|CD4_Memory_stim_5d
r2309	TLK1	2	171079787	0.608643749909931	ENSG00000198586|CD4_Naive_stim_40h
r2310	TLK1	2	171079787	0.608643749909931	ENSG00000198586|CD4_Naive_stim_5d
r2311	C21orf91	21	17785098	0.608982244159335	ENSG00000154642|CD4_Memory_stim_40h
r2312	C21orf91	21	17785098	0.608982244159335	ENSG00000154642|CD4_Memory_stim_5d
r2313	C21orf91	21	17785098	0.608982244159335	ENSG00000154642|CD4_Naive_stim_16h
r2314	ABHD10	3	111979791	0.60932045036942	ENSG00000144827|CD4_Memory_stim_5d
r2315	WDSUB1	2	159238267	0.610351720748555	ENSG00000196151|CD4_Naive_stim_5d
r2316	YEATS4	12	69358206	0.6108043766287	ENSG00000127337|CD4_Memory_stim_40h
r2317	YEATS4	12	69358206	0.6108043766287	ENSG00000127337|CD4_Memory_stim_5d
r2318	YEATS4	12	69358206	0.6108043766287	ENSG00000127337|CD4_Naive_stim_40h
r2319	YEATS4	12	69358206	0.6108043766287	ENSG00000127337|CD4_Naive_stim_5d
r2320	CFL2	14	34720148	0.61087124660335	ENSG00000165410|CD4_Memory_stim_5d
r2321	THAP9-AS1	4	82909091	0.611009455746465	ENSG00000251022|CD4_Naive_stim_5d
r2322	IMMP2L	7	111382425	0.611109395007135	ENSG00000184903|CD4_Memory_stim_16h
r2323	IMMP2L	7	111382425	0.611109395007135	ENSG00000184903|CD4_Memory_stim_40h
r2324	IMMP2L	7	111382425	0.611109395007135	ENSG00000184903|CD4_Naive_stim_40h
r2325	LSP1	11	1857871	0.61138415878964	ENSG00000130592|CD4_Naive_stim_40h
r2326	ENSG00000226816	7	23327570	0.611439285878601	ENSG00000226816|CD4_Naive_uns_0h
r2327	TLK1	2	171012075	0.611810936578243	ENSG00000198586|CD4_Naive_uns_0h
r2328	CNOT9	2	218793886	0.611997275619722	ENSG00000144580|CD4_Naive_stim_16h
r2329	SDSL	12	113368577	0.613580749875179	ENSG00000139410|CD4_Naive_stim_5d
r2330	MRPL19	2	75700996	0.613882743284479	ENSG00000115364|CD4_Memory_stim_16h
r2331	CCDC74A	2	131502763	0.614244952487274	ENSG00000163040|CD4_Memory_stim_5d
r2332	ABHD10	3	111984468	0.614801006590905	ENSG00000144827|CD4_Memory_stim_16h
r2333	ABHD10	3	111984468	0.614801006590905	ENSG00000144827|CD4_Memory_uns_0h
r2334	ABHD10	3	111984468	0.614801006590905	ENSG00000144827|CD4_Naive_stim_16h
r2335	ABHD10	3	111984468	0.614801006590905	ENSG00000144827|CD4_Naive_stim_5d
r2336	PRPF40A	2	152648489	0.615171023614471	ENSG00000196504|CD4_Memory_stim_40h
r2337	PRPF40A	2	152648489	0.615171023614471	ENSG00000196504|CD4_Memory_stim_5d
r2338	PRPF40A	2	152648489	0.615171023614471	ENSG00000196504|CD4_Naive_stim_16h
r2339	PRPF40A	2	152648489	0.615171023614471	ENSG00000196504|CD4_Naive_stim_40h
r2340	SCRN2	17	47807006	0.616929754008981	ENSG00000141295|CD4_Naive_stim_40h
r2341	PRELID3B	20	59031736	0.6176408610066	ENSG00000101166|CD4_Naive_stim_40h
r2342	TGFB1I1	16	31498495	0.618692549388384	ENSG00000140682|CD4_Memory_stim_5d
r2343	DARS1	2	135896355	0.619528551032887	ENSG00000115866|CD4_Memory_stim_40h
r2344	DARS1	2	135896355	0.619528551032887	ENSG00000115866|CD4_Naive_stim_16h
r2345	TTF2	1	117060534	0.619622539731714	ENSG00000116830|CD4_Memory_stim_16h
r2346	TTF2	1	117060534	0.619622539731714	ENSG00000116830|CD4_Naive_stim_16h
r2347	TTF2	1	117060534	0.619622539731714	ENSG00000116830|CD4_Naive_stim_40h
r2348	TAMM41	3	11849173	0.61979708955531	ENSG00000144559|CD4_Memory_stim_5d
r2349	COA6	1	234368102	0.62075627575211	ENSG00000168275|CD4_Memory_stim_5d
r2350	CCDC122	13	43879647	0.621495320534323	ENSG00000151773|CD4_Memory_uns_0h
r2351	CCDC122	13	43879647	0.621495320534323	ENSG00000151773|CD4_Naive_uns_0h
r2352	EVL	14	100028901	0.621521597936592	ENSG00000196405|CD4_Memory_stim_16h
r2353	EVL	14	100028901	0.621521597936592	ENSG00000196405|CD4_Naive_stim_40h
r2354	MICB	6	31507636	0.622312007107915	ENSG00000204516|CD4_Memory_stim_5d
r2355	MICB	6	31507636	0.622312007107915	ENSG00000204516|CD4_Naive_stim_5d
r2356	ACCS	11	44066439	0.622380707854123	ENSG00000110455|CD4_Memory_stim_5d
r2357	ACCS	11	44066439	0.622380707854123	ENSG00000110455|CD4_Naive_stim_5d
r2358	FLVCR1-DT	1	212841880	0.622483029747125	ENSG00000198468|CD4_Naive_stim_40h
r2359	FLVCR1-DT	1	212841880	0.622483029747125	ENSG00000198468|CD4_Memory_stim_5d
r2360	FLVCR1-DT	1	212841880	0.622483029747125	ENSG00000198468|CD4_Naive_stim_16h
r2361	FLVCR1-DT	1	212841880	0.622483029747125	ENSG00000198468|CD4_Naive_stim_5d
r2362	GRAMD1A	19	34997556	0.622826133541576	ENSG00000089351|CD4_Memory_uns_0h
r2363	ZP3	7	76547967	0.623909338192359	ENSG00000188372|CD4_Memory_stim_40h
r2364	HLA-DRB5	6	32618201	0.624568811491366	ENSG00000198502|CD4_Naive_stim_5d
r2365	MICAL1	6	109409645	0.624935324323894	ENSG00000135596|CD4_Naive_stim_40h
r2366	HELLS	10	94541372	0.626201265855648	ENSG00000119969|CD4_Naive_uns_0h
r2367	CHURC1	14	64932545	0.626260217986019	ENSG00000258289|CD4_Naive_stim_40h
r2368	TRMT61B	2	28748872	0.626320073048567	ENSG00000171103|CD4_Memory_stim_16h
r2369	RAC1	7	6387310	0.626565426196569	ENSG00000136238|CD4_Memory_stim_40h
r2370	RAC1	7	6387310	0.626565426196569	ENSG00000136238|CD4_Naive_stim_16h
r2371	RAC1	7	6387310	0.626565426196569	ENSG00000136238|CD4_Naive_uns_0h
r2372	TLK1	2	171142372	0.627645164511989	ENSG00000198586|CD4_Memory_stim_40h
r2373	ENSG00000204850	19	46509626	0.628469829129115	ENSG00000204850|CD4_Naive_uns_0h
r2374	CPNE7	16	89594103	0.628674530897651	ENSG00000178773|CD4_Memory_stim_5d
r2375	IFITM3	11	320836	0.629170936460195	ENSG00000142089|CD4_Naive_uns_0h
r2376	ZFP57	6	29661567	0.630536221966685	ENSG00000204644|CD4_Memory_stim_40h
r2377	ZFP57	6	29661567	0.630536221966685	ENSG00000204644|CD4_Memory_stim_5d
r2378	ZFP57	6	29661567	0.630536221966685	ENSG00000204644|CD4_Naive_stim_40h
r2379	ZFP57	6	29661567	0.630536221966685	ENSG00000204644|CD4_Memory_stim_16h
r2380	ZFP57	6	29661567	0.630536221966685	ENSG00000204644|CD4_Naive_stim_5d
r2381	ESD	13	46778283	0.630556162609625	ENSG00000139684|CD4_Memory_stim_16h
r2382	ESD	13	46778283	0.630556162609625	ENSG00000139684|CD4_Naive_stim_16h
r2383	TSG101	11	18495474	0.630931384500975	ENSG00000074319|CD4_Memory_stim_5d
r2384	CHID1	11	854496	0.632166401419738	ENSG00000177830|CD4_Memory_stim_16h
r2385	CCT8	21	29078468	0.633050338057056	ENSG00000156261|CD4_Naive_stim_16h
r2386	CCT8	21	29078468	0.633050338057056	ENSG00000156261|CD4_Memory_stim_16h
r2387	ENSG00000272501	6	31201512	0.633598076558456	ENSG00000272501|CD4_Memory_stim_16h
r2388	PPIE	1	39753608	0.634393104301071	ENSG00000084072|CD4_Naive_stim_16h
r2389	ZP3	7	76558969	0.634743092301018	ENSG00000188372|CD4_Naive_stim_16h
r2390	ZP3	7	76558969	0.634743092301019	ENSG00000188372|CD4_Memory_stim_16h
r2391	ZP3	7	76558969	0.634743092301019	ENSG00000188372|CD4_Naive_stim_40h
r2392	WDSUB1	2	159216524	0.635498463571336	ENSG00000196151|CD4_Naive_uns_0h
r2393	RMI2	16	11288079	0.635802237736956	ENSG00000175643|CD4_Naive_stim_40h
r2394	CFD	19	866018	0.635811443786029	ENSG00000197766|CD4_Memory_stim_16h
r2395	QPRT	16	29669068	0.639820652150532	ENSG00000103485|CD4_Naive_stim_5d
r2396	LOC124906209	3	4814550	0.639958034178077	ENSG00000235978|CD4_Naive_stim_5d
r2397	EXOC3	5	444695	0.639985565071677	ENSG00000180104|CD4_Memory_stim_16h
r2398	EXOC3	5	444695	0.639985565071677	ENSG00000180104|CD4_Naive_stim_16h
r2399	PKIA	8	78570829	0.640151761055878	ENSG00000171033|CD4_Memory_stim_40h
r2400	PKIA	8	78570829	0.640151761055878	ENSG00000171033|CD4_Memory_stim_5d
r2401	PKIA	8	78570829	0.640151761055878	ENSG00000171033|CD4_Naive_stim_5d
r2402	XKR9	8	70736341	0.640490437714307	ENSG00000221947|CD4_Memory_uns_0h
r2403	GNPTAB	12	101822895	0.641018190958352	ENSG00000111670|CD4_Naive_uns_0h
r2404	NBL1	1	19579737	0.641480044591815	ENSG00000158747|CD4_Memory_stim_40h
r2405	UROS	10	125832800	0.642949972722316	ENSG00000188690|CD4_Naive_stim_40h
r2406	NOP16	5	176384232	0.645007552981189	ENSG00000048162|CD4_Memory_stim_5d
r2407	RPS6	9	19375840	0.645184609415921	ENSG00000137154|CD4_Memory_uns_0h
r2408	RPS6	9	19375840	0.645184609415921	ENSG00000137154|CD4_Naive_uns_0h
r2409	CISD1	10	58186911	0.645206749608407	ENSG00000122873|CD4_Naive_stim_40h
r2410	PNPT1	2	55667112	0.64583049822312	ENSG00000138035|CD4_Naive_stim_40h
r2411	ENSG00000259865	1	247181736	0.646845404345405	ENSG00000259865|CD4_Memory_uns_0h
r2412	ENSG00000259865	1	247181736	0.646845404345405	ENSG00000259865|CD4_Naive_stim_5d
r2413	VASP	19	45489286	0.649475571990893	ENSG00000125753|CD4_Naive_stim_16h
r2414	VASP	19	45489286	0.649475571990893	ENSG00000125753|CD4_Memory_stim_16h
r2415	TOMM7	7	22809526	0.649775155514121	ENSG00000196683|CD4_Memory_stim_16h
r2416	ERGIC3	20	35528453	0.650819263579849	ENSG00000125991|CD4_Memory_stim_40h
r2417	ERGIC3	20	35528453	0.650819263579849	ENSG00000125991|CD4_Memory_stim_5d
r2418	EXOSC7	3	44907182	0.650844427463509	ENSG00000075914|CD4_Naive_stim_16h
r2419	TAPBPL	12	6452437	0.651534291490665	ENSG00000139192|CD4_Memory_stim_16h
r2420	TAPBPL	12	6452437	0.651534291490665	ENSG00000139192|CD4_Memory_stim_5d
r2421	ATG101	12	52084239	0.651611353179582	ENSG00000123395|CD4_Memory_stim_5d
r2422	SFXN2	10	102728216	0.651682848183557	ENSG00000156398|CD4_Memory_stim_16h
r2423	ENSG00000272501	6	31198520	0.651940441727958	ENSG00000272501|CD4_Memory_uns_0h
r2424	FGD5-AS1	3	14936092	0.652929681473043	ENSG00000225733|CD4_Memory_stim_40h
r2425	FGD5-AS1	3	14936092	0.652929681473043	ENSG00000225733|CD4_Naive_stim_40h
r2426	ASF1A	6	118809867	0.653015670005102	ENSG00000111875|CD4_Naive_stim_16h
r2427	ADTRP	6	11742847	0.653228351356587	ENSG00000111863|CD4_Memory_stim_40h
r2428	PHLDB3	19	43562442	0.653829812810115	ENSG00000176531|CD4_Memory_stim_40h
r2429	PHLDB3	19	43562442	0.653829812810115	ENSG00000176531|CD4_Memory_uns_0h
r2430	PHLDB3	19	43562442	0.653829812810115	ENSG00000176531|CD4_Naive_stim_16h
r2431	PHLDB3	19	43562442	0.653829812810115	ENSG00000176531|CD4_Naive_stim_40h
r2432	PHLDB3	19	43562442	0.653829812810115	ENSG00000176531|CD4_Naive_stim_5d
r2433	PHLDB3	19	43562442	0.653829812810115	ENSG00000176531|CD4_Naive_uns_0h
r2434	DDX42	17	63790427	0.654978195065382	ENSG00000198231|CD4_Naive_stim_40h
r2435	DDX42	17	63805663	0.655616546242887	ENSG00000198231|CD4_Naive_stim_16h
r2436	FAM13A-AS1	4	88734040	0.657381047862036	ENSG00000248019|CD4_Naive_uns_0h
r2437	SLC27A2	15	50247952	0.660136133121008	ENSG00000140284|CD4_Memory_stim_16h
r2438	SLC27A2	15	50247952	0.660136133121008	ENSG00000140284|CD4_Memory_stim_40h
r2439	SLC27A2	15	50247952	0.660136133121008	ENSG00000140284|CD4_Naive_stim_16h
r2440	SLC27A2	15	50247952	0.660136133121008	ENSG00000140284|CD4_Naive_stim_40h
r2441	AIF1	6	31612730	0.660177975582438	ENSG00000204472|CD4_Naive_stim_16h
r2442	ANTKMT	16	724692	0.66028021253045	ENSG00000103254|CD4_Memory_stim_16h
r2443	MESP1	15	89750545	0.66196472725895	ENSG00000166823|CD4_Memory_stim_5d
r2444	OXNAD1	3	16292192	0.662468785821132	ENSG00000154814|CD4_Naive_uns_0h
r2445	MYOM2	8	2127011	0.664063480668978	ENSG00000036448|CD4_Naive_stim_5d
r2446	ADCY7	16	50356737	0.665011168844512	ENSG00000121281|CD4_Naive_stim_5d
r2447	ASB16-AS1	17	44119845	0.665232413514585	ENSG00000267080|CD4_Memory_stim_40h
r2448	ZNHIT3	17	36494779	0.665269737326804	ENSG00000273611|CD4_Naive_stim_16h
r2449	ZNHIT3	17	36494779	0.665269737326804	ENSG00000273611|CD4_Naive_stim_40h
r2450	CALR	19	12925863	0.665871618035637	ENSG00000179218|CD4_Memory_stim_5d
r2451	CALR	19	12925863	0.665871618035637	ENSG00000179218|CD4_Naive_stim_5d
r2452	ENSG00000267458	19	12925863	0.665871618035637	ENSG00000267458|CD4_Naive_stim_16h
r2453	ZNF85	19	20944956	0.666408434213424	ENSG00000105750|CD4_Memory_stim_40h
r2454	SH3YL1	2	280819	0.666902889428551	ENSG00000035115|CD4_Memory_stim_40h
r2455	SH3YL1	2	280819	0.666902889428551	ENSG00000035115|CD4_Naive_stim_5d
r2456	TLK1	2	171033796	0.667422477179382	ENSG00000198586|CD4_Naive_stim_16h
r2457	CSTB	21	43781951	0.668676800440127	ENSG00000160213|CD4_Naive_stim_5d
r2458	CSTB	21	43781951	0.668676800440127	ENSG00000160213|CD4_Naive_uns_0h
r2459	CSTB	21	43781951	0.668676800440127	ENSG00000160213|CD4_Naive_stim_16h
r2460	CSTB	21	43781951	0.668676800440127	ENSG00000160213|CD4_Naive_stim_40h
r2461	PARK7	1	8006854	0.66897702791697	ENSG00000116288|CD4_Memory_stim_40h
r2462	PARK7	1	8006854	0.66897702791697	ENSG00000116288|CD4_Memory_stim_5d
r2463	ARL16	17	81667032	0.669449261695038	ENSG00000214087|CD4_Memory_stim_5d
r2464	ARL16	17	81667032	0.669449261695038	ENSG00000214087|CD4_Naive_stim_40h
r2465	ARL16	17	81667032	0.669449261695038	ENSG00000214087|CD4_Naive_stim_5d
r2466	ARL16	17	81667032	0.669449261695038	ENSG00000214087|CD4_Memory_stim_16h
r2467	POLR2I	19	36038404	0.670378348375057	ENSG00000105258|CD4_Memory_stim_5d
r2468	POLR2I	19	36038404	0.670378348375057	ENSG00000105258|CD4_Naive_stim_40h
r2469	GCAT	22	37792188	0.670479147955281	ENSG00000100116|CD4_Memory_stim_5d
r2470	GCAT	22	37792188	0.670479147955281	ENSG00000100116|CD4_Naive_stim_40h
r2471	GCAT	22	37792188	0.670479147955281	ENSG00000100116|CD4_Naive_stim_5d
r2472	MOSPD3	7	100609146	0.670805693550206	ENSG00000106330|CD4_Memory_stim_5d
r2473	PREX1	20	48742878	0.670928049153526	ENSG00000124126|CD4_Naive_stim_5d
r2474	FCRL3	1	157699203	0.670985940958129	ENSG00000160856|CD4_Memory_stim_40h
r2475	FCRL3	1	157699203	0.670985940958129	ENSG00000160856|CD4_Memory_stim_5d
r2476	CCNG1	5	163449295	0.672148571130878	ENSG00000113328|CD4_Memory_stim_16h
r2477	CCNG1	5	163449295	0.672148571130878	ENSG00000113328|CD4_Naive_stim_16h
r2478	CALR	19	12912045	0.672154987300794	ENSG00000179218|CD4_Memory_stim_40h
r2479	ENSG00000267458	19	12912045	0.672154987300794	ENSG00000267458|CD4_Memory_stim_16h
r2480	ORMDL3	17	39933064	0.673625819816415	ENSG00000172057|CD4_Naive_stim_16h
r2481	ZNHIT3	17	36549567	0.67369557561271	ENSG00000273611|CD4_Memory_stim_16h
r2482	FARSB	2	222549604	0.673889132606218	ENSG00000116120|CD4_Memory_stim_16h
r2483	LDHC	11	18497154	0.673891714356059	ENSG00000166796|CD4_Memory_stim_40h
r2484	LDHC	11	18497154	0.673891714356059	ENSG00000166796|CD4_Memory_stim_5d
r2485	LDHC	11	18497154	0.673891714356059	ENSG00000166796|CD4_Naive_stim_40h
r2486	ENSG00000244879	15	50361941	0.673975242668582	ENSG00000244879|CD4_Naive_stim_16h
r2487	ENSG00000244879	15	50361941	0.673975242668582	ENSG00000244879|CD4_Naive_stim_5d
r2488	ATG101	12	52049869	0.674124941176763	ENSG00000123395|CD4_Naive_stim_40h
r2489	UQCC2	6	33737289	0.674768584178139	ENSG00000137288|CD4_Memory_stim_16h
r2490	UQCRH	1	46331342	0.675133257861	ENSG00000173660|CD4_Naive_stim_40h
r2491	LRRC8C	1	89660007	0.676550218328017	ENSG00000171488|CD4_Memory_stim_40h
r2492	RPTOR	17	80890949	0.67663593148288	ENSG00000141564|CD4_Memory_stim_5d
r2493	NLRP2	19	55028915	0.67708485364407	ENSG00000022556|CD4_Naive_stim_16h
r2494	MLST8	16	2192913	0.677239559236702	ENSG00000167965|CD4_Memory_stim_16h
r2495	MLST8	16	2192913	0.677239559236702	ENSG00000167965|CD4_Memory_stim_40h
r2496	MLST8	16	2192913	0.677239559236702	ENSG00000167965|CD4_Naive_stim_40h
r2497	GCDH	19	12960268	0.677402895759377	ENSG00000105607|CD4_Memory_stim_5d
r2498	GCDH	19	12960268	0.677402895759377	ENSG00000105607|CD4_Naive_stim_40h
r2499	CHID1	11	855318	0.678518514254026	ENSG00000177830|CD4_Naive_stim_16h
r2500	B4GALT4	3	119190691	0.67955280838199	ENSG00000121578|CD4_Memory_stim_16h
r2501	ZNF85	19	20911271	0.67981707724336	ENSG00000105750|CD4_Memory_stim_5d
r2502	ZNF85	19	20911271	0.67981707724336	ENSG00000105750|CD4_Naive_stim_5d
r2503	SAAL1	11	18080685	0.680246067556595	ENSG00000166788|CD4_Naive_stim_16h
r2504	ANAPC13	3	134580381	0.680885957721719	ENSG00000129055|CD4_Memory_stim_5d
r2505	ANAPC13	3	134580381	0.680885957721719	ENSG00000129055|CD4_Memory_uns_0h
r2506	MRPL28	16	375298	0.681709356249244	ENSG00000086504|CD4_Memory_stim_40h
r2507	MRPL28	16	375298	0.681709356249244	ENSG00000086504|CD4_Memory_stim_5d
r2508	MRPL28	16	375298	0.681709356249244	ENSG00000086504|CD4_Naive_stim_40h
r2509	MRPL28	16	375298	0.681709356249244	ENSG00000086504|CD4_Naive_stim_5d
r2510	PGAP6	16	375298	0.681709356249244	ENSG00000129925|CD4_Memory_uns_0h
r2511	PGAP6	16	375298	0.681709356249244	ENSG00000129925|CD4_Naive_stim_5d
r2512	PGAP6	16	375298	0.681709356249244	ENSG00000129925|CD4_Naive_uns_0h
r2513	HIBCH	2	190310913	0.683211959605787	ENSG00000198130|CD4_Naive_stim_40h
r2514	BSPRY	9	113340183	0.684373626290823	ENSG00000119411|CD4_Naive_stim_5d
r2515	DRAM2	1	111190089	0.684981310840987	ENSG00000156171|CD4_Naive_stim_16h
r2516	MTUS1	8	17705260	0.685125881001906	ENSG00000129422|CD4_Naive_stim_16h
r2517	RRP7A	22	42512737	0.685553813349458	ENSG00000189306|CD4_Memory_stim_16h
r2518	RRP7A	22	42512737	0.685553813349458	ENSG00000189306|CD4_Memory_stim_40h
r2519	RRP7A	22	42512737	0.685553813349458	ENSG00000189306|CD4_Memory_stim_5d
r2520	RRP7A	22	42512737	0.685553813349458	ENSG00000189306|CD4_Naive_stim_40h
r2521	RRP7A	22	42512737	0.685553813349458	ENSG00000189306|CD4_Naive_stim_16h
r2522	RRP7A	22	42512737	0.685553813349458	ENSG00000189306|CD4_Naive_stim_5d
r2523	ARL14EP	11	30326805	0.68645876555818	ENSG00000152219|CD4_Naive_uns_0h
r2524	CYP4V2	4	186202630	0.687131062363524	ENSG00000145476|CD4_Naive_uns_0h
r2525	PAFAH2	1	26004433	0.687213245282117	ENSG00000158006|CD4_Naive_uns_0h
r2526	LACTB2-AS1	8	70653121	0.687214497088667	ENSG00000246366|CD4_Memory_stim_5d
r2527	LACTB2-AS1	8	70653121	0.687214497088667	ENSG00000246366|CD4_Memory_uns_0h
r2528	LACTB2-AS1	8	70653121	0.687214497088667	ENSG00000246366|CD4_Naive_uns_0h
r2529	ANAPC13	3	134547282	0.687625484060022	ENSG00000129055|CD4_Naive_stim_5d
r2530	ANAPC13	3	134547282	0.687625484060022	ENSG00000129055|CD4_Naive_uns_0h
r2531	ZNF880	19	52382095	0.687646902324736	ENSG00000221923|CD4_Memory_stim_40h
r2532	ZNF880	19	52382095	0.687646902324736	ENSG00000221923|CD4_Memory_stim_5d
r2533	SAR1A	10	70150907	0.687838743608766	ENSG00000079332|CD4_Memory_stim_16h
r2534	SAR1A	10	70150907	0.687838743608766	ENSG00000079332|CD4_Memory_stim_5d
r2535	CPNE1	20	35610428	0.68831014025283	ENSG00000214078|CD4_Memory_stim_40h
r2536	CPNE1	20	35610428	0.68831014025283	ENSG00000214078|CD4_Memory_stim_5d
r2537	CPNE1	20	35610428	0.68831014025283	ENSG00000214078|CD4_Memory_uns_0h
r2538	CPNE1	20	35610428	0.68831014025283	ENSG00000214078|CD4_Naive_stim_16h
r2539	CPNE1	20	35610428	0.68831014025283	ENSG00000214078|CD4_Naive_stim_40h
r2540	CPNE1	20	35610428	0.68831014025283	ENSG00000214078|CD4_Naive_stim_5d
r2541	CPNE1	20	35610428	0.68831014025283	ENSG00000214078|CD4_Naive_uns_0h
r2542	PBRM1	3	52594040	0.688329581202715	ENSG00000163939|CD4_Memory_stim_40h
r2543	CAST	5	96654353	0.688396142805171	ENSG00000153113|CD4_Memory_uns_0h
r2544	CAST	5	96654353	0.688396142805171	ENSG00000153113|CD4_Naive_uns_0h
r2545	ARRB1	11	75364193	0.688597784417231	ENSG00000137486|CD4_Naive_stim_5d
r2546	ENSG00000254397	11	9428830	0.689458357606397	ENSG00000254397|CD4_Memory_uns_0h
r2547	ACTA2	10	88981858	0.689502174904078	ENSG00000107796|CD4_Naive_stim_40h
r2548	CERK	22	46686448	0.689934857114172	ENSG00000100422|CD4_Naive_stim_40h
r2549	LRRC75A	17	16482940	0.690059775382775	ENSG00000181350|CD4_Memory_stim_5d
r2550	GBP7	1	89056829	0.690897056881088	ENSG00000213512|CD4_Memory_stim_16h
r2551	GBP7	1	89056829	0.690897056881088	ENSG00000213512|CD4_Memory_stim_40h
r2552	GBP7	1	89056829	0.690897056881088	ENSG00000213512|CD4_Memory_stim_5d
r2553	GBP7	1	89056829	0.690897056881088	ENSG00000213512|CD4_Memory_uns_0h
r2554	GBP7	1	89056829	0.690897056881088	ENSG00000213512|CD4_Naive_stim_16h
r2555	GBP7	1	89056829	0.690897056881088	ENSG00000213512|CD4_Naive_stim_40h
r2556	GBP7	1	89056829	0.690897056881088	ENSG00000213512|CD4_Naive_stim_5d
r2557	WDSUB1	2	159284557	0.691451468310778	ENSG00000196151|CD4_Memory_stim_40h
r2558	WDSUB1	2	159284557	0.691451468310778	ENSG00000196151|CD4_Naive_stim_40h
r2559	WDSUB1	2	159284557	0.691451468310778	ENSG00000196151|CD4_Memory_stim_5d
r2560	DTD1	20	18579609	0.692320571053777	ENSG00000125821|CD4_Naive_stim_16h
r2561	ANAPC13	3	134570253	0.692384716055551	ENSG00000129055|CD4_Memory_stim_16h
r2562	ANAPC13	3	134570253	0.692384716055551	ENSG00000129055|CD4_Memory_stim_40h
r2563	ANAPC13	3	134570253	0.692384716055551	ENSG00000129055|CD4_Naive_stim_40h
r2564	CENPQ	6	49488832	0.692453866884673	ENSG00000031691|CD4_Memory_stim_40h
r2565	CENPQ	6	49488832	0.692453866884673	ENSG00000031691|CD4_Memory_stim_5d
r2566	CENPQ	6	49488832	0.692453866884673	ENSG00000031691|CD4_Naive_stim_40h
r2567	CENPQ	6	49488832	0.692453866884673	ENSG00000031691|CD4_Naive_stim_5d
r2568	PSMB3	17	38788885	0.692913179786042	ENSG00000277791|CD4_Naive_stim_40h
r2569	CPNE1	20	35731196	0.693621360276036	ENSG00000214078|CD4_Memory_stim_16h
r2570	HDGFL3	15	83248322	0.693862930794696	ENSG00000166503|CD4_Naive_stim_40h
r2571	MRPL48	11	73899971	0.695769325070005	ENSG00000175581|CD4_Memory_stim_40h
r2572	ORAI2	7	102336763	0.696108915347836	ENSG00000160991|CD4_Memory_uns_0h
r2573	SRBD1	2	45546372	0.696543050640625	ENSG00000068784|CD4_Naive_stim_40h
r2574	ASB16-AS1	17	44119913	0.697065207272665	ENSG00000267080|CD4_Naive_stim_40h
r2575	CEBPZOS	2	37295028	0.697597645014488	ENSG00000218739|CD4_Memory_uns_0h
r2576	GIMAP5	7	150738355	0.697657714061598	ENSG00000196329|CD4_Memory_uns_0h
r2577	GIMAP5	7	150738355	0.697657714061598	ENSG00000196329|CD4_Naive_stim_16h
r2578	GIMAP5	7	150738355	0.697657714061598	ENSG00000196329|CD4_Naive_stim_5d
r2579	GIMAP5	7	150738355	0.697657714061598	ENSG00000196329|CD4_Naive_uns_0h
r2580	WDSUB1	2	159252747	0.698048371719874	ENSG00000196151|CD4_Naive_stim_16h
r2581	IVNS1ABP	1	185439929	0.699742840384606	ENSG00000116679|CD4_Memory_stim_16h
r2582	IVNS1ABP	1	185439929	0.699742840384606	ENSG00000116679|CD4_Memory_stim_5d
r2583	IVNS1ABP	1	185439929	0.699742840384606	ENSG00000116679|CD4_Naive_stim_40h
r2584	IVNS1ABP	1	185439929	0.699742840384606	ENSG00000116679|CD4_Naive_stim_5d
r2585	GCSH	16	81067590	0.699910341539783	ENSG00000140905|CD4_Naive_stim_40h
r2586	GCSH	16	81067590	0.699910341539783	ENSG00000140905|CD4_Naive_stim_5d
r2587	CNOT9	2	218543331	0.700102001772328	ENSG00000144580|CD4_Memory_stim_16h
r2588	PHOSPHO2	2	169699080	0.701092857247335	ENSG00000144362|CD4_Memory_stim_40h
r2589	FLYWCH2	16	2905947	0.701155152819469	ENSG00000162076|CD4_Memory_stim_16h
r2590	SH3GLB1	1	86704810	0.701277815070038	ENSG00000097033|CD4_Memory_uns_0h
r2591	SH3GLB1	1	86704810	0.701277815070038	ENSG00000097033|CD4_Naive_stim_40h
r2592	SH3GLB1	1	86704810	0.701277815070038	ENSG00000097033|CD4_Memory_stim_40h
r2593	USP44	12	95552363	0.701790546633208	ENSG00000136014|CD4_Naive_stim_5d
r2594	DMAP1	1	44131541	0.701874223065688	ENSG00000178028|CD4_Naive_stim_40h
r2595	CCZ1B	7	6837552	0.702362446898218	ENSG00000146574|CD4_Memory_stim_16h
r2596	CCZ1B	7	6837552	0.702362446898218	ENSG00000146574|CD4_Memory_stim_5d
r2597	CCZ1B	7	6837552	0.702362446898218	ENSG00000146574|CD4_Naive_stim_16h
r2598	CCZ1B	7	6837552	0.702362446898218	ENSG00000146574|CD4_Naive_uns_0h
r2599	MORC3	21	36298399	0.702553215403284	ENSG00000159256|CD4_Naive_uns_0h
r2600	ASB16-AS1	17	44191773	0.703463215142822	ENSG00000267080|CD4_Memory_stim_5d
r2601	XKR9	8	70653719	0.703606299405596	ENSG00000221947|CD4_Memory_stim_16h
r2602	LACTB2-AS1	8	70653719	0.703606299405596	ENSG00000246366|CD4_Naive_stim_16h
r2603	LACTB2-AS1	8	70653719	0.703606299405596	ENSG00000246366|CD4_Naive_stim_5d
r2604	DUS3L	19	5777312	0.703979783501624	ENSG00000141994|CD4_Naive_stim_40h
r2605	XKR9	8	70695747	0.704991048060434	ENSG00000221947|CD4_Naive_stim_5d
r2606	PRKAG1	12	49045593	0.705115038303031	ENSG00000181929|CD4_Naive_stim_5d
r2607	ENSG00000229999	22	40393212	0.705134296238349	ENSG00000229999|CD4_Memory_uns_0h
r2608	GSDMD	8	143563343	0.706099709572935	ENSG00000104518|CD4_Naive_stim_40h
r2609	IRF5	7	128940626	0.706567741475478	ENSG00000128604|CD4_Memory_stim_40h
r2610	PPA2	4	105468140	0.706831050087948	ENSG00000138777|CD4_Naive_stim_5d
r2611	ENSG00000184293	12	9722303	0.706886062052081	ENSG00000184293|CD4_Naive_stim_40h
r2612	TMEM121	14	105533894	0.706891016507716	ENSG00000184986|CD4_Memory_stim_40h
r2613	TMEM121	14	105533894	0.706891016507716	ENSG00000184986|CD4_Naive_stim_40h
r2614	NDUFAF8	17	81239762	0.707098026208681	ENSG00000224877|CD4_Memory_stim_16h
r2615	NDUFAF8	17	81239762	0.707098026208681	ENSG00000224877|CD4_Naive_stim_16h
r2616	NDUFAF8	17	81239762	0.707098026208681	ENSG00000224877|CD4_Naive_stim_40h
r2617	HSD17B4	5	119476485	0.707184680322608	ENSG00000133835|CD4_Memory_stim_16h
r2618	DUT	15	48306695	0.708529391967974	ENSG00000128951|CD4_Naive_stim_16h
r2619	CORO1C	12	108663261	0.708999403710697	ENSG00000110880|CD4_Naive_stim_40h
r2620	NTPCR	1	232924009	0.709010926053726	ENSG00000135778|CD4_Memory_uns_0h
r2621	MGMT	10	129647467	0.709064745743008	ENSG00000170430|CD4_Naive_uns_0h
r2622	RPL28	19	55376298	0.709323654180179	ENSG00000108107|CD4_Memory_uns_0h
r2623	RPL28	19	55376298	0.709323654180179	ENSG00000108107|CD4_Naive_stim_5d
r2624	RPL28	19	55376298	0.709323654180179	ENSG00000108107|CD4_Naive_uns_0h
r2625	LOC100289230	5	98935471	0.709847443632772	ENSG00000248489|CD4_Memory_uns_0h
r2626	GBP3	1	89021841	0.711053702802365	ENSG00000117226|CD4_Naive_stim_16h
r2627	GBP3	1	89021841	0.711053702802365	ENSG00000117226|CD4_Naive_stim_5d
r2628	KHK	2	27092196	0.711861427613231	ENSG00000138030|CD4_Naive_stim_5d
r2629	EXOC3	5	422063	0.711918334162224	ENSG00000180104|CD4_Memory_stim_40h
r2630	DNTTIP1	20	45760532	0.713026703431624	ENSG00000101457|CD4_Memory_stim_16h
r2631	OMA1	1	58545506	0.714169998888331	ENSG00000162600|CD4_Naive_stim_16h
r2632	ARL14EP	11	30294080	0.714495314716191	ENSG00000152219|CD4_Naive_stim_5d
r2633	ARL14EP	11	30294080	0.714495314716191	ENSG00000152219|CD4_Memory_stim_40h
r2634	ARL14EP	11	30294080	0.714495314716191	ENSG00000152219|CD4_Memory_stim_5d
r2635	ARL14EP	11	30294080	0.714495314716191	ENSG00000152219|CD4_Memory_uns_0h
r2636	MZT2A	2	131472010	0.714676050662754	ENSG00000173272|CD4_Memory_stim_40h
r2637	MZT2A	2	131472010	0.714676050662754	ENSG00000173272|CD4_Memory_stim_5d
r2638	MZT2A	2	131472010	0.714676050662754	ENSG00000173272|CD4_Naive_stim_5d
r2639	TUBE1	6	112158540	0.71505014003507	ENSG00000074935|CD4_Memory_stim_16h
r2640	RMND1	6	151412448	0.715101446779441	ENSG00000155906|CD4_Naive_stim_40h
r2641	MANEA	6	95547585	0.715325245032773	ENSG00000172469|CD4_Memory_stim_16h
r2642	SYCE1L	16	77177442	0.716139770754712	ENSG00000205078|CD4_Naive_uns_0h
r2643	BIN1	2	127082205	0.716619870707695	ENSG00000136717|CD4_Memory_stim_16h
r2644	BIN1	2	127082205	0.716619870707695	ENSG00000136717|CD4_Memory_stim_40h
r2645	BIN1	2	127082205	0.716619870707695	ENSG00000136717|CD4_Memory_stim_5d
r2646	BIN1	2	127082205	0.716619870707695	ENSG00000136717|CD4_Memory_uns_0h
r2647	BIN1	2	127082205	0.716619870707695	ENSG00000136717|CD4_Naive_stim_5d
r2648	ALDH16A1	19	49453033	0.716677464505402	ENSG00000161618|CD4_Naive_stim_40h
r2649	ALDH16A1	19	49453033	0.716677464505402	ENSG00000161618|CD4_Memory_stim_40h
r2650	MTSS1	8	124757713	0.716829438084264	ENSG00000170873|CD4_Naive_stim_5d
r2651	TMEM273	10	49145970	0.716921548600951	ENSG00000204161|CD4_Memory_stim_40h
r2652	GNLY	2	85704966	0.716936749890319	ENSG00000115523|CD4_Memory_stim_16h
r2653	BEGAIN	14	100529975	0.717415816277506	ENSG00000183092|CD4_Naive_stim_40h
r2654	NDUFA9	12	4633663	0.717659096296832	ENSG00000139180|CD4_Memory_stim_5d
r2655	ENSG00000267838	19	54442646	0.718063411614849	ENSG00000267838|CD4_Naive_uns_0h
r2656	SLC4A7	3	27448703	0.718317663647408	ENSG00000033867|CD4_Naive_stim_40h
r2657	SLC4A7	3	27448703	0.718317663647408	ENSG00000033867|CD4_Naive_stim_5d
r2658	H6PD	1	9270962	0.718423510869449	ENSG00000049239|CD4_Memory_stim_5d
r2659	H6PD	1	9270962	0.718423510869449	ENSG00000049239|CD4_Naive_uns_0h
r2660	H6PD	1	9270962	0.718423510869449	ENSG00000049239|CD4_Naive_stim_5d
r2661	XKR9	8	70733625	0.718425929530661	ENSG00000221947|CD4_Memory_stim_5d
r2662	ENSG00000263272	17	5431553	0.719605578843833	ENSG00000263272|CD4_Memory_stim_16h
r2663	ENSG00000263272	17	5431553	0.719605578843833	ENSG00000263272|CD4_Memory_stim_40h
r2664	ENSG00000263272	17	5431553	0.719605578843833	ENSG00000263272|CD4_Memory_stim_5d
r2665	ENSG00000263272	17	5431553	0.719605578843833	ENSG00000263272|CD4_Naive_stim_16h
r2666	ENSG00000263272	17	5431553	0.719605578843833	ENSG00000263272|CD4_Naive_stim_40h
r2667	ENSG00000263272	17	5431553	0.719605578843833	ENSG00000263272|CD4_Naive_stim_5d
r2668	ENSG00000263272	17	5431553	0.719605578843833	ENSG00000263272|CD4_Naive_uns_0h
r2669	PDIA6	2	10830347	0.72023533889135	ENSG00000143870|CD4_Memory_stim_16h
r2670	ACSL5	10	112391904	0.720618601838533	ENSG00000197142|CD4_Naive_stim_40h
r2671	ACSL5	10	112391904	0.720618601838533	ENSG00000197142|CD4_Naive_stim_5d
r2672	RNF24	20	3931990	0.720621565496367	ENSG00000101236|CD4_Memory_stim_16h
r2673	RNF24	20	3931990	0.720621565496367	ENSG00000101236|CD4_Memory_stim_40h
r2674	RNF24	20	3931990	0.720621565496367	ENSG00000101236|CD4_Memory_stim_5d
r2675	RNF24	20	3931990	0.720621565496367	ENSG00000101236|CD4_Naive_stim_16h
r2676	TRIT1	1	39837955	0.720878497942402	ENSG00000043514|CD4_Memory_stim_40h
r2677	TRIT1	1	39837955	0.720878497942402	ENSG00000043514|CD4_Naive_stim_40h
r2678	LINC03011	7	66261629	0.721183832019006	ENSG00000237310|CD4_Memory_stim_40h
r2679	UBE4B	1	10062721	0.722050307225352	ENSG00000130939|CD4_Naive_stim_5d
r2680	ZP3	7	76601008	0.722288711634908	ENSG00000188372|CD4_Memory_stim_5d
r2681	TAMM41	3	11844742	0.722573325043191	ENSG00000144559|CD4_Memory_stim_16h
r2682	TAMM41	3	11844742	0.722573325043191	ENSG00000144559|CD4_Naive_stim_16h
r2683	TAMM41	3	11844742	0.722573325043191	ENSG00000144559|CD4_Naive_stim_40h
r2684	TAMM41	3	11844742	0.722573325043191	ENSG00000144559|CD4_Naive_stim_5d
r2685	XRRA1	11	74892136	0.722630697121994	ENSG00000166435|CD4_Memory_stim_16h
r2686	XRRA1	11	74892136	0.722630697121994	ENSG00000166435|CD4_Naive_stim_16h
r2687	XRRA1	11	74892136	0.722630697121995	ENSG00000166435|CD4_Memory_stim_40h
r2688	XRRA1	11	74892136	0.722630697121995	ENSG00000166435|CD4_Memory_stim_5d
r2689	XRRA1	11	74892136	0.722630697121995	ENSG00000166435|CD4_Memory_uns_0h
r2690	XRRA1	11	74892136	0.722630697121995	ENSG00000166435|CD4_Naive_stim_40h
r2691	XRRA1	11	74892136	0.722630697121995	ENSG00000166435|CD4_Naive_stim_5d
r2692	XRRA1	11	74892136	0.722630697121995	ENSG00000166435|CD4_Naive_uns_0h
r2693	TSPAN14-AS1	10	80535642	0.722718471008346	ENSG00000226659|CD4_Memory_stim_40h
r2694	TSPAN14-AS1	10	80535642	0.722718471008346	ENSG00000226659|CD4_Naive_stim_16h
r2695	TSPAN14-AS1	10	80535642	0.722718471008346	ENSG00000226659|CD4_Naive_stim_40h
r2696	CARHSP1	16	8856416	0.723457675140133	ENSG00000153048|CD4_Memory_uns_0h
r2697	ST3GAL5	2	85867563	0.724234838386008	ENSG00000115525|CD4_Memory_stim_16h
r2698	ZNF506	19	19775388	0.724396653845854	ENSG00000081665|CD4_Naive_stim_16h
r2699	ZNF506	19	19775388	0.724396653845854	ENSG00000081665|CD4_Memory_stim_40h
r2700	ZNF506	19	19775388	0.724396653845854	ENSG00000081665|CD4_Naive_stim_40h
r2701	ZNF506	19	19775388	0.724396653845854	ENSG00000081665|CD4_Naive_stim_5d
r2702	KRR1	12	75478476	0.724517971772264	ENSG00000111615|CD4_Memory_uns_0h
r2703	UQCRH	1	46278228	0.724629445335217	ENSG00000173660|CD4_Memory_stim_40h
r2704	UQCRH	1	46278228	0.724629445335217	ENSG00000173660|CD4_Naive_stim_16h
r2705	UQCRH	1	46278228	0.724629445335217	ENSG00000173660|CD4_Memory_stim_5d
r2706	AIF1L	9	131099812	0.724782305390501	ENSG00000126878|CD4_Naive_stim_40h
r2707	COA1	7	43770165	0.725586798795431	ENSG00000106603|CD4_Memory_stim_40h
r2708	COA1	7	43770165	0.725586798795431	ENSG00000106603|CD4_Memory_stim_5d
r2709	COA1	7	43770165	0.725586798795431	ENSG00000106603|CD4_Naive_stim_16h
r2710	COA1	7	43770165	0.725586798795431	ENSG00000106603|CD4_Naive_stim_40h
r2711	COA1	7	43770165	0.725586798795431	ENSG00000106603|CD4_Naive_stim_5d
r2712	STK17A	7	43770165	0.725586798795431	ENSG00000164543|CD4_Naive_stim_5d
r2713	CTDP1	18	79684285	0.725626317412828	ENSG00000060069|CD4_Memory_stim_40h
r2714	CTDP1	18	79684285	0.725626317412828	ENSG00000060069|CD4_Memory_stim_5d
r2715	LRPAP1	4	3534275	0.726962533192439	ENSG00000163956|CD4_Naive_stim_16h
r2716	LRPAP1	4	3534275	0.726962533192439	ENSG00000163956|CD4_Memory_stim_16h
r2717	ADNP	20	50877326	0.729881767137691	ENSG00000101126|CD4_Naive_uns_0h
r2718	AIFM2	10	70171890	0.730045226842717	ENSG00000042286|CD4_Memory_stim_40h
r2719	COA8	14	103554931	0.730257332186342	ENSG00000256053|CD4_Naive_stim_16h
r2720	COA8	14	103554931	0.730257332186342	ENSG00000256053|CD4_Naive_stim_40h
r2721	MICB	6	31512894	0.730314089271573	ENSG00000204516|CD4_Memory_stim_40h
r2722	SAMM50	22	43981677	0.731878344958829	ENSG00000100347|CD4_Memory_stim_5d
r2723	TACC1	8	38787396	0.732348459556192	ENSG00000147526|CD4_Naive_stim_16h
r2724	RPS18	6	33217117	0.733388565419878	ENSG00000231500|CD4_Naive_stim_5d
r2725	SMIM19	8	42566300	0.733418445791604	ENSG00000176209|CD4_Memory_stim_16h
r2726	BIN1	2	127081898	0.733521312898185	ENSG00000136717|CD4_Naive_stim_40h
r2727	NSMCE1-DT	16	27347442	0.734111284941803	ENSG00000245888|CD4_Memory_stim_16h
r2728	SAAL1	11	18032737	0.734338574375614	ENSG00000166788|CD4_Memory_stim_40h
r2729	ASRGL1	11	62311459	0.734586739360279	ENSG00000162174|CD4_Memory_stim_5d
r2730	YIPF4	2	32550917	0.734652440328286	ENSG00000119820|CD4_Naive_uns_0h
r2731	LINC03011	7	66653391	0.734780126750388	ENSG00000237310|CD4_Naive_stim_16h
r2732	LINC03011	7	66653391	0.734780126750388	ENSG00000237310|CD4_Naive_stim_5d
r2733	MYOM2	8	2121334	0.735154655981164	ENSG00000036448|CD4_Naive_stim_40h
r2734	MYH11	16	15733431	0.735251571285262	ENSG00000133392|CD4_Memory_uns_0h
r2735	IMMT	2	86230616	0.735964278959985	ENSG00000132305|CD4_Memory_stim_16h
r2736	ENSG00000273080	2	86230616	0.735964278959985	ENSG00000273080|CD4_Naive_stim_40h
r2737	POLR1H	6	30070575	0.736186306012702	ENSG00000066379|CD4_Memory_stim_16h
r2738	POLR1H	6	30070575	0.736186306012702	ENSG00000066379|CD4_Naive_stim_16h
r2739	KNOP1	16	19695818	0.73632508112927	ENSG00000103550|CD4_Memory_stim_5d
r2740	KNOP1	16	19695818	0.73632508112927	ENSG00000103550|CD4_Naive_stim_5d
r2741	KNOP1	16	19695818	0.73632508112927	ENSG00000103550|CD4_Naive_uns_0h
r2742	ABT1	6	26603912	0.736435541529447	ENSG00000146109|CD4_Naive_stim_40h
r2743	RNASEH1-DT	2	3557938	0.73656196448983	ENSG00000234171|CD4_Memory_stim_16h
r2744	ISCU	12	108522900	0.737444867949456	ENSG00000136003|CD4_Naive_uns_0h
r2745	ENSG00000272211	2	196080661	0.737491927003353	ENSG00000272211|CD4_Memory_stim_16h
r2746	ENSG00000272211	2	196080661	0.737491927003353	ENSG00000272211|CD4_Memory_stim_5d
r2747	ENSG00000272211	2	196080661	0.737491927003353	ENSG00000272211|CD4_Memory_uns_0h
r2748	ENSG00000272211	2	196080661	0.737491927003353	ENSG00000272211|CD4_Naive_stim_16h
r2749	ENSG00000272211	2	196080661	0.737491927003353	ENSG00000272211|CD4_Naive_stim_40h
r2750	ENSG00000272211	2	196080661	0.737491927003353	ENSG00000272211|CD4_Naive_stim_5d
r2751	ENSG00000272211	2	196080661	0.737491927003353	ENSG00000272211|CD4_Naive_uns_0h
r2752	CTNNBL1	20	37692942	0.73872786413919	ENSG00000132792|CD4_Memory_stim_5d
r2753	DELE1	5	141930259	0.73875024429147	ENSG00000081791|CD4_Naive_stim_40h
r2754	FAM98B	15	38451691	0.739289720066477	ENSG00000171262|CD4_Memory_stim_16h
r2755	FAM98B	15	38451691	0.739289720066477	ENSG00000171262|CD4_Memory_uns_0h
r2756	IRF5	7	128949373	0.739593982676904	ENSG00000128604|CD4_Naive_stim_40h
r2757	IRF5	7	128949373	0.739593982676904	ENSG00000128604|CD4_Naive_stim_5d
r2758	SNHG7	9	136719546	0.74000495923816	ENSG00000233016|CD4_Memory_stim_16h
r2759	SNHG7	9	136719546	0.74000495923816	ENSG00000233016|CD4_Memory_stim_40h
r2760	SNHG7	9	136719546	0.74000495923816	ENSG00000233016|CD4_Memory_stim_5d
r2761	SNHG7	9	136719546	0.74000495923816	ENSG00000233016|CD4_Memory_uns_0h
r2762	SNHG7	9	136719546	0.74000495923816	ENSG00000233016|CD4_Naive_stim_40h
r2763	SNHG7	9	136719546	0.74000495923816	ENSG00000233016|CD4_Naive_stim_5d
r2764	SNHG7	9	136719546	0.74000495923816	ENSG00000233016|CD4_Naive_uns_0h
r2765	SNHG7	9	136719546	0.74000495923816	ENSG00000233016|CD4_Naive_stim_16h
r2766	ZFAND2A	7	1176331	0.740313239042916	ENSG00000178381|CD4_Memory_stim_40h
r2767	COA6	1	234375467	0.740360026391481	ENSG00000168275|CD4_Naive_stim_40h
r2768	LACC1	13	43904057	0.741576455048788	ENSG00000179630|CD4_Naive_stim_16h
r2769	NSA2	5	74707454	0.742322811683763	ENSG00000164346|CD4_Memory_stim_16h
r2770	NSA2	5	74707454	0.742322811683763	ENSG00000164346|CD4_Memory_stim_5d
r2771	NSA2	5	74707454	0.742322811683763	ENSG00000164346|CD4_Memory_uns_0h
r2772	NSA2	5	74707454	0.742322811683763	ENSG00000164346|CD4_Naive_uns_0h
r2773	PREX1	20	48743611	0.742384066830692	ENSG00000124126|CD4_Naive_stim_40h
r2774	TSFM	12	57814381	0.742453881512328	ENSG00000123297|CD4_Naive_stim_16h
r2775	NDUFV1	11	67590605	0.743025287626296	ENSG00000167792|CD4_Memory_stim_16h
r2776	PLEK	2	68364579	0.743428250942072	ENSG00000115956|CD4_Memory_stim_40h
r2777	DPP7	9	137047496	0.744709268438662	ENSG00000176978|CD4_Memory_stim_16h
r2778	PBRM1	3	52588070	0.744751603027376	ENSG00000163939|CD4_Naive_stim_16h
r2779	NCF2	1	183617657	0.745434554886425	ENSG00000116701|CD4_Memory_stim_5d
r2780	NCF2	1	183617657	0.745434554886425	ENSG00000116701|CD4_Memory_uns_0h
r2781	NCF2	1	183617657	0.745434554886425	ENSG00000116701|CD4_Naive_stim_5d
r2782	NCF2	1	183617657	0.745434554886425	ENSG00000116701|CD4_Naive_uns_0h
r2783	BDH2	4	103236007	0.746338452229922	ENSG00000164039|CD4_Memory_stim_40h
r2784	ERAP2	5	96916728	0.746384445118068	ENSG00000164308|CD4_Memory_stim_16h
r2785	ERAP2	5	96916728	0.746384445118068	ENSG00000164308|CD4_Naive_stim_16h
r2786	ERAP2	5	96916728	0.746384445118068	ENSG00000164308|CD4_Naive_stim_40h
r2787	ERAP2	5	96916728	0.746384445118068	ENSG00000164308|CD4_Naive_uns_0h
r2788	ERAP2	5	96916728	0.746384445118068	ENSG00000164308|CD4_Memory_stim_40h
r2789	ERAP2	5	96916728	0.746384445118068	ENSG00000164308|CD4_Memory_stim_5d
r2790	ERAP2	5	96916728	0.746384445118068	ENSG00000164308|CD4_Memory_uns_0h
r2791	ERAP2	5	96916728	0.746384445118068	ENSG00000164308|CD4_Naive_stim_5d
r2792	FAM210A	18	13664223	0.747132695323787	ENSG00000177150|CD4_Memory_stim_16h
r2793	ARPC5	1	183612687	0.747154743090654	ENSG00000162704|CD4_Memory_uns_0h
r2794	ARPC5	1	183612687	0.747154743090654	ENSG00000162704|CD4_Naive_uns_0h
r2795	NCF2	1	183606792	0.74720970399304	ENSG00000116701|CD4_Memory_stim_40h
r2796	EXOC3	5	449964	0.749728143955019	ENSG00000180104|CD4_Naive_stim_40h
r2797	KRI1	19	10563411	0.749809564078386	ENSG00000129347|CD4_Memory_stim_5d
r2798	PIGP	21	37126285	0.751029422785873	ENSG00000185808|CD4_Naive_uns_0h
r2799	ACSL5	10	112387276	0.75106072896696	ENSG00000197142|CD4_Naive_stim_16h
r2800	GSDMA	17	39963385	0.752253659873612	ENSG00000167914|CD4_Naive_stim_5d
r2801	IFITM3	11	320394	0.753103592309757	ENSG00000142089|CD4_Memory_stim_5d
r2802	IFITM3	11	320394	0.753103592309757	ENSG00000142089|CD4_Naive_stim_16h
r2803	IFITM3	11	320394	0.753103592309757	ENSG00000142089|CD4_Naive_stim_40h
r2804	IFITM3	11	320394	0.753103592309757	ENSG00000142089|CD4_Naive_stim_5d
r2805	HIBCH	2	190319798	0.753107387663532	ENSG00000198130|CD4_Memory_stim_40h
r2806	HRH2	5	175643470	0.753479916923818	ENSG00000113749|CD4_Naive_stim_16h
r2807	ISCU	12	108561330	0.754954470334032	ENSG00000136003|CD4_Memory_stim_16h
r2808	ISCU	12	108561330	0.754954470334032	ENSG00000136003|CD4_Naive_stim_16h
r2809	SLC35A1	6	87472721	0.755257240476931	ENSG00000164414|CD4_Naive_stim_40h
r2810	NUTF2	16	68120959	0.755359694397512	ENSG00000102898|CD4_Memory_stim_5d
r2811	BLK	8	11480874	0.755641350119985	ENSG00000136573|CD4_Memory_uns_0h
r2812	DMAP1	1	44125464	0.755654744386246	ENSG00000178028|CD4_Naive_stim_16h
r2813	PDIA6	2	10830445	0.756148889290296	ENSG00000143870|CD4_Memory_stim_5d
r2814	CEP128	14	80890422	0.756233727653866	ENSG00000100629|CD4_Naive_stim_40h
r2815	ISCU	12	108520642	0.756257668203702	ENSG00000136003|CD4_Memory_stim_5d
r2816	ISCU	12	108520642	0.756257668203702	ENSG00000136003|CD4_Naive_stim_5d
r2817	PPAT	4	56312893	0.756523849637599	ENSG00000128059|CD4_Memory_stim_5d
r2818	POMZP3	7	76584700	0.757549709501765	ENSG00000146707|CD4_Memory_stim_40h
r2819	POMZP3	7	76584700	0.757549709501765	ENSG00000146707|CD4_Naive_stim_40h
r2820	POMZP3	7	76584700	0.757549709501765	ENSG00000146707|CD4_Naive_stim_5d
r2821	POMZP3	7	76584700	0.757549709501765	ENSG00000146707|CD4_Naive_stim_16h
r2822	SAMM50	22	43971369	0.757981809668948	ENSG00000100347|CD4_Memory_stim_40h
r2823	NEMP2	2	190525127	0.758752917736056	ENSG00000189362|CD4_Naive_stim_40h
r2824	LIAT1	17	402837	0.75950420915482	ENSG00000187624|CD4_Memory_stim_16h
r2825	LIAT1	17	402837	0.75950420915482	ENSG00000187624|CD4_Memory_uns_0h
r2826	LIAT1	17	402837	0.75950420915482	ENSG00000187624|CD4_Naive_stim_16h
r2827	ASRGL1	11	62310313	0.759514385803092	ENSG00000162174|CD4_Naive_stim_40h
r2828	ASRGL1	11	62310313	0.759514385803092	ENSG00000162174|CD4_Naive_stim_5d
r2829	NUDT2	9	34267125	0.759677485116856	ENSG00000164978|CD4_Naive_stim_40h
r2830	METTL8	2	171325782	0.76027005173154	ENSG00000123600|CD4_Naive_stim_5d
r2831	RNF32-DT	7	156636942	0.760703456480289	ENSG00000182648|CD4_Naive_uns_0h
r2832	RNF32-DT	7	156636942	0.760703456480289	ENSG00000182648|CD4_Memory_stim_16h
r2833	CCT4	2	61816943	0.761112569229063	ENSG00000115484|CD4_Memory_stim_16h
r2834	SSBP4	19	18425606	0.76190082324483	ENSG00000130511|CD4_Naive_stim_40h
r2835	CFLAR	2	201139467	0.761928305977989	ENSG00000003402|CD4_Memory_stim_16h
r2836	CFLAR	2	201139467	0.761928305977989	ENSG00000003402|CD4_Memory_stim_40h
r2837	CFLAR	2	201139467	0.761928305977989	ENSG00000003402|CD4_Memory_stim_5d
r2838	CFLAR	2	201139467	0.761928305977989	ENSG00000003402|CD4_Naive_stim_16h
r2839	CFLAR	2	201139467	0.761928305977989	ENSG00000003402|CD4_Naive_stim_40h
r2840	CFLAR	2	201139467	0.761928305977989	ENSG00000003402|CD4_Naive_stim_5d
r2841	C20orf204	20	63972848	0.762492316744463	ENSG00000196421|CD4_Naive_stim_40h
r2842	C20orf204	20	63972848	0.762492316744463	ENSG00000196421|CD4_Naive_uns_0h
r2843	PRPF6	20	63972848	0.762492316744463	ENSG00000101161|CD4_Memory_stim_5d
r2844	PRPF6	20	63972848	0.762492316744463	ENSG00000101161|CD4_Memory_uns_0h
r2845	PRPF6	20	63972848	0.762492316744463	ENSG00000101161|CD4_Naive_stim_5d
r2846	PRPF6	20	63972848	0.762492316744463	ENSG00000101161|CD4_Naive_uns_0h
r2847	SAMD10	20	63972848	0.762492316744463	ENSG00000130590|CD4_Naive_uns_0h
r2848	C20orf204	20	63972848	0.762492316744463	ENSG00000196421|CD4_Memory_stim_40h
r2849	C20orf204	20	63972848	0.762492316744463	ENSG00000196421|CD4_Memory_stim_5d
r2850	C20orf204	20	63972848	0.762492316744463	ENSG00000196421|CD4_Memory_uns_0h
r2851	C20orf204	20	63972848	0.762492316744463	ENSG00000196421|CD4_Naive_stim_5d
r2852	CENPN	16	81011342	0.762761326088137	ENSG00000166451|CD4_Memory_stim_40h
r2853	CENPN	16	81011342	0.762761326088137	ENSG00000166451|CD4_Memory_stim_5d
r2854	CENPN	16	81011342	0.762761326088137	ENSG00000166451|CD4_Naive_stim_40h
r2855	CENPN	16	81011342	0.762761326088137	ENSG00000166451|CD4_Naive_stim_5d
r2856	MICU3	8	17112058	0.763480884139978	ENSG00000155970|CD4_Memory_stim_16h
r2857	BBS2	16	56454653	0.763579241281759	ENSG00000125124|CD4_Memory_stim_5d
r2858	ENSG00000272501	6	31186843	0.763963980855212	ENSG00000272501|CD4_Memory_stim_40h
r2859	ENSG00000272501	6	31186843	0.763963980855212	ENSG00000272501|CD4_Memory_stim_5d
r2860	ENSG00000272501	6	31186843	0.763963980855212	ENSG00000272501|CD4_Naive_stim_16h
r2861	TMEM33	4	41872360	0.764110691135527	ENSG00000109133|CD4_Naive_stim_16h
r2862	NFATC1	18	79520532	0.764181332295675	ENSG00000131196|CD4_Memory_uns_0h
r2863	HAGH	16	1803858	0.764363785057958	ENSG00000063854|CD4_Memory_stim_16h
r2864	HAGH	16	1803858	0.764363785057958	ENSG00000063854|CD4_Memory_uns_0h
r2865	HAGH	16	1803858	0.764363785057958	ENSG00000063854|CD4_Naive_stim_16h
r2866	LINC00954	2	19876052	0.764552187929912	ENSG00000228784|CD4_Memory_uns_0h
r2867	LINC00954	2	19876052	0.764552187929912	ENSG00000228784|CD4_Naive_uns_0h
r2868	GLTP	12	109853767	0.765198905417523	ENSG00000139433|CD4_Naive_stim_40h
r2869	TRAV4	14	21739227	0.765968516914368	ENSG00000211778|CD4_Memory_stim_16h
r2870	TRAV4	14	21739227	0.765968516914368	ENSG00000211778|CD4_Naive_stim_5d
r2871	AKR1C3	10	5212841	0.765980680182708	ENSG00000196139|CD4_Memory_uns_0h
r2872	PLA2G4C	19	48103274	0.76702873929932	ENSG00000105499|CD4_Naive_stim_40h
r2873	SLFN5	17	35224870	0.767720288591582	ENSG00000166750|CD4_Memory_stim_16h
r2874	LINC00852	3	10281574	0.768004179790737	ENSG00000231177|CD4_Naive_uns_0h
r2875	LINC00852	3	10281574	0.768004179790737	ENSG00000231177|CD4_Memory_stim_16h
r2876	LINC00852	3	10281574	0.768004179790737	ENSG00000231177|CD4_Memory_uns_0h
r2877	NRF1	7	129737594	0.768268578973125	ENSG00000106459|CD4_Memory_stim_40h
r2878	VRK3	19	49983858	0.768778223574491	ENSG00000105053|CD4_Naive_stim_40h
r2879	QSOX1	1	180155499	0.768826993603998	ENSG00000116260|CD4_Naive_stim_40h
r2880	CDC42	1	22076864	0.769245456660485	ENSG00000070831|CD4_Memory_stim_5d
r2881	CDC42	1	22076864	0.769245456660485	ENSG00000070831|CD4_Naive_stim_5d
r2882	TKT	3	53255618	0.76944774058869	ENSG00000163931|CD4_Naive_stim_5d
r2883	ATIC	2	215314528	0.770015543605316	ENSG00000138363|CD4_Naive_stim_16h
r2884	ZNF880	19	52379032	0.770515702016244	ENSG00000221923|CD4_Memory_stim_16h
r2885	ZNF880	19	52379032	0.770515702016244	ENSG00000221923|CD4_Naive_stim_40h
r2886	ZNF880	19	52379032	0.770515702016244	ENSG00000221923|CD4_Naive_stim_5d
r2887	CNOT6L	4	77734118	0.771072012015012	ENSG00000138767|CD4_Memory_stim_16h
r2888	CCDC115	2	130320881	0.771220284049632	ENSG00000136710|CD4_Naive_stim_40h
r2889	IMP4	2	130320881	0.771220284049632	ENSG00000136718|CD4_Memory_stim_40h
r2890	GLTP	12	109852268	0.77143343456278	ENSG00000139433|CD4_Naive_stim_5d
r2891	LAMB1	7	107874560	0.772711052711928	ENSG00000091136|CD4_Memory_stim_5d
r2892	LAMB1	7	107874560	0.772711052711928	ENSG00000091136|CD4_Naive_stim_16h
r2893	LAMB1	7	107874560	0.772711052711928	ENSG00000091136|CD4_Naive_stim_5d
r2894	LAMB1	7	107874560	0.772711052711928	ENSG00000091136|CD4_Naive_uns_0h
r2895	DARS1	2	135909731	0.772731863115203	ENSG00000115866|CD4_Memory_stim_5d
r2896	NSA2	5	74722949	0.772749951289303	ENSG00000164346|CD4_Naive_stim_16h
r2897	NSA2	5	74722949	0.772749951289303	ENSG00000164346|CD4_Naive_stim_40h
r2898	NSA2	5	74722949	0.772749951289303	ENSG00000164346|CD4_Naive_stim_5d
r2899	B4GALT4	3	119231652	0.772794171326489	ENSG00000121578|CD4_Memory_stim_40h
r2900	PRH1	12	10986084	0.773418626456308	ENSG00000231887|CD4_Naive_stim_40h
r2901	PRH1	12	10986084	0.773418626456308	ENSG00000231887|CD4_Naive_uns_0h
r2902	ZCRB1	12	42287706	0.773576883243623	ENSG00000139168|CD4_Naive_stim_40h
r2903	PDHB	3	58345459	0.774554222883326	ENSG00000168291|CD4_Naive_stim_16h
r2904	PDHB	3	58345459	0.774554222883326	ENSG00000168291|CD4_Memory_stim_40h
r2905	SAR1A	10	70140639	0.774685540506257	ENSG00000079332|CD4_Memory_uns_0h
r2906	SAR1A	10	70140639	0.774685540506257	ENSG00000079332|CD4_Naive_uns_0h
r2907	MYH11	16	15702711	0.774746111271379	ENSG00000133392|CD4_Naive_uns_0h
r2908	ENSG00000240005	4	26865141	0.775208155634095	ENSG00000240005|CD4_Memory_stim_5d
r2909	ENSG00000240005	4	26865141	0.775208155634095	ENSG00000240005|CD4_Naive_uns_0h
r2910	TMEM140	7	135170972	0.775405232477309	ENSG00000146859|CD4_Memory_stim_40h
r2911	TMEM140	7	135170972	0.775405232477309	ENSG00000146859|CD4_Naive_stim_16h
r2912	H1-3	6	26204824	0.775474839066332	ENSG00000124575|CD4_Memory_stim_40h
r2913	KIF2A	5	62381084	0.775742615860211	ENSG00000068796|CD4_Naive_stim_5d
r2914	WDSUB1	2	159216152	0.775819602969958	ENSG00000196151|CD4_Memory_stim_16h
r2915	NME6	3	48294367	0.776233792530555	ENSG00000172113|CD4_Memory_stim_40h
r2916	TMEM121	14	105506225	0.77623502613977	ENSG00000184986|CD4_Memory_stim_5d
r2917	ENSG00000271335	10	35455747	0.776378576068626	ENSG00000271335|CD4_Naive_uns_0h
r2918	DBH-AS1	9	133654468	0.777079887003251	ENSG00000225756|CD4_Naive_uns_0h
r2919	TIMM10	11	57553849	0.777423793969532	ENSG00000134809|CD4_Memory_stim_40h
r2920	TIMM10	11	57553849	0.777423793969532	ENSG00000134809|CD4_Naive_stim_5d
r2921	DSCC1	8	119829083	0.777821474456118	ENSG00000136982|CD4_Memory_stim_40h
r2922	PARK7	1	8026467	0.777957061280506	ENSG00000116288|CD4_Memory_stim_16h
r2923	PARK7	1	8026467	0.777957061280506	ENSG00000116288|CD4_Naive_stim_5d
r2924	TMEM121	14	105507039	0.778593697355151	ENSG00000184986|CD4_Memory_uns_0h
r2925	GBP3	1	89006209	0.781176616482652	ENSG00000117226|CD4_Memory_stim_40h
r2926	GBP3	1	89006209	0.781176616482652	ENSG00000117226|CD4_Memory_stim_5d
r2927	GBP3	1	89006209	0.781176616482652	ENSG00000117226|CD4_Memory_uns_0h
r2928	GBP3	1	89006209	0.781176616482652	ENSG00000117226|CD4_Naive_stim_40h
r2929	DARS1	2	135912728	0.781522275756901	ENSG00000115866|CD4_Naive_stim_40h
r2930	EMC3	3	10048673	0.78182202354328	ENSG00000125037|CD4_Naive_stim_40h
r2931	ASB16-AS1	17	44162193	0.783154722982613	ENSG00000267080|CD4_Naive_stim_16h
r2932	ASB16-AS1	17	44162193	0.783154722982613	ENSG00000267080|CD4_Naive_stim_5d
r2933	PIGP	21	37223859	0.784868081084519	ENSG00000185808|CD4_Memory_stim_40h
r2934	PIGP	21	37223859	0.784868081084519	ENSG00000185808|CD4_Memory_uns_0h
r2935	PIGP	21	37223859	0.784868081084519	ENSG00000185808|CD4_Naive_stim_40h
r2936	HLA-F	6	29744927	0.786039346595871	ENSG00000204642|CD4_Naive_stim_5d
r2937	TTC39C-AS1	18	23999608	0.786064411735338	ENSG00000264745|CD4_Memory_uns_0h
r2938	LAMB1	7	107859890	0.787462671550764	ENSG00000091136|CD4_Memory_stim_16h
r2939	LAMB1	7	107859890	0.787462671550764	ENSG00000091136|CD4_Memory_stim_40h
r2940	LAMB1	7	107859890	0.787462671550764	ENSG00000091136|CD4_Memory_uns_0h
r2941	NCOA7	6	125840997	0.78751639635562	ENSG00000111912|CD4_Memory_uns_0h
r2942	HECW2-AS1	2	196271082	0.787756907264189	ENSG00000229056|CD4_Memory_stim_40h
r2943	HECW2-AS1	2	196271082	0.787756907264189	ENSG00000229056|CD4_Memory_stim_5d
r2944	HECW2-AS1	2	196271082	0.787756907264189	ENSG00000229056|CD4_Naive_stim_5d
r2945	C11orf54	11	93805884	0.788064821342231	ENSG00000182919|CD4_Memory_stim_16h
r2946	WDR83OS	19	12669390	0.788997525106361	ENSG00000105583|CD4_Memory_stim_16h
r2947	WDR83OS	19	12669390	0.788997525106361	ENSG00000105583|CD4_Naive_stim_16h
r2948	WDR83OS	19	12669390	0.788997525106361	ENSG00000105583|CD4_Naive_uns_0h
r2949	ATIC	2	215352081	0.7892300954931	ENSG00000138363|CD4_Naive_stim_5d
r2950	GCSH	16	81043599	0.78936012418248	ENSG00000140905|CD4_Memory_stim_5d
r2951	UGDH	4	39527356	0.789516074780624	ENSG00000109814|CD4_Memory_stim_16h
r2952	STMN1	1	25956200	0.790753885270182	ENSG00000117632|CD4_Memory_uns_0h
r2953	ENSG00000240005	4	26858791	0.791307353737823	ENSG00000240005|CD4_Naive_stim_5d
r2954	PI16	6	36958599	0.79137131218864	ENSG00000164530|CD4_Memory_uns_0h
r2955	PI16	6	36958599	0.79137131218864	ENSG00000164530|CD4_Naive_uns_0h
r2956	MCFD2	2	46916091	0.791861266085722	ENSG00000180398|CD4_Memory_stim_16h
r2957	NLRP2	19	54995236	0.792691188840414	ENSG00000022556|CD4_Naive_stim_40h
r2958	NDUFB1	14	92117235	0.793031263756207	ENSG00000183648|CD4_Naive_stim_5d
r2959	CHRNA5	15	78518243	0.793178501556701	ENSG00000169684|CD4_Memory_stim_40h
r2960	CHURC1	14	64908462	0.794425791956748	ENSG00000258289|CD4_Naive_uns_0h
r2961	LSM14A	19	34228568	0.79448325698785	ENSG00000257103|CD4_Memory_stim_16h
r2962	PIGP	21	37125004	0.794702561394998	ENSG00000185808|CD4_Naive_stim_5d
r2963	P2RX4	12	121210487	0.794975147282293	ENSG00000135124|CD4_Memory_stim_16h
r2964	P2RX4	12	121210487	0.794975147282293	ENSG00000135124|CD4_Memory_stim_40h
r2965	P2RX4	12	121210487	0.794975147282293	ENSG00000135124|CD4_Memory_stim_5d
r2966	LSM14A	19	34165501	0.795061086112612	ENSG00000257103|CD4_Naive_stim_40h
r2967	TAMM41	3	11841240	0.795066384866966	ENSG00000144559|CD4_Memory_stim_40h
r2968	FHL3	1	37990219	0.795248887449074	ENSG00000183386|CD4_Memory_stim_16h
r2969	FHL3	1	37990219	0.795248887449074	ENSG00000183386|CD4_Memory_stim_40h
r2970	FHL3	1	37990219	0.795248887449074	ENSG00000183386|CD4_Memory_stim_5d
r2971	FHL3	1	37990219	0.795248887449074	ENSG00000183386|CD4_Memory_uns_0h
r2972	FHL3	1	37990219	0.795248887449074	ENSG00000183386|CD4_Naive_stim_40h
r2973	FHL3	1	37990219	0.795248887449074	ENSG00000183386|CD4_Naive_stim_5d
r2974	LSP1	11	1852991	0.795423229682761	ENSG00000130592|CD4_Naive_uns_0h
r2975	DUS3L	19	5799026	0.797276198490874	ENSG00000141994|CD4_Naive_stim_16h
r2976	TOP1MT	8	143245980	0.797355637192565	ENSG00000184428|CD4_Naive_stim_40h
r2977	ENSG00000273155	2	99208502	0.797546658480632	ENSG00000273155|CD4_Naive_stim_16h
r2978	PDHB	3	58346719	0.799129766706296	ENSG00000168291|CD4_Memory_stim_16h
r2979	ZCRB1	12	42290038	0.800144524253166	ENSG00000139168|CD4_Memory_stim_16h
r2980	CD151	11	835719	0.800446800467073	ENSG00000177697|CD4_Memory_stim_16h
r2981	CD151	11	835719	0.800446800467073	ENSG00000177697|CD4_Memory_stim_40h
r2982	CD151	11	835719	0.800446800467073	ENSG00000177697|CD4_Naive_stim_40h
r2983	CD151	11	835719	0.800446800467073	ENSG00000177697|CD4_Naive_stim_5d
r2984	POMZP3	7	76550402	0.800509492992099	ENSG00000146707|CD4_Memory_stim_16h
r2985	POMZP3	7	76550402	0.800509492992099	ENSG00000146707|CD4_Memory_stim_5d
r2986	KIF16B	20	16538593	0.800585848659572	ENSG00000089177|CD4_Memory_uns_0h
r2987	TSTD1	1	161038782	0.801294296297087	ENSG00000215845|CD4_Naive_uns_0h
r2988	TNFRSF14	1	2582213	0.802035035240659	ENSG00000157873|CD4_Memory_stim_40h
r2989	RPS25	11	119003277	0.802095142259901	ENSG00000118181|CD4_Naive_uns_0h
r2990	IFI27L1	14	94098196	0.802884609753291	ENSG00000165948|CD4_Memory_stim_40h
r2991	IFI27L1	14	94098196	0.802884609753291	ENSG00000165948|CD4_Memory_stim_5d
r2992	IFI27L1	14	94098196	0.802884609753291	ENSG00000165948|CD4_Naive_stim_16h
r2993	NAPRT	8	143594692	0.802947927844608	ENSG00000147813|CD4_Memory_stim_16h
r2994	NAPRT	8	143594692	0.802947927844608	ENSG00000147813|CD4_Memory_stim_40h
r2995	NAPRT	8	143594692	0.802947927844608	ENSG00000147813|CD4_Naive_stim_16h
r2996	NAPRT	8	143594692	0.802947927844608	ENSG00000147813|CD4_Naive_stim_40h
r2997	NAPRT	8	143594692	0.802947927844608	ENSG00000147813|CD4_Naive_stim_5d
r2998	BLOC1S5	6	8018155	0.803048800822583	ENSG00000188428|CD4_Memory_stim_40h
r2999	CD59	11	33718052	0.803583884279712	ENSG00000085063|CD4_Memory_stim_16h
r3000	CD59	11	33718052	0.803583884279712	ENSG00000085063|CD4_Memory_stim_40h
r3001	ABHD6	3	58439172	0.803930061527566	ENSG00000163686|CD4_Naive_stim_16h
r3002	CFD	19	871987	0.804613062941818	ENSG00000197766|CD4_Naive_stim_5d
r3003	CFD	19	871987	0.804613062941818	ENSG00000197766|CD4_Naive_uns_0h
r3004	CFD	19	871987	0.804613062941819	ENSG00000197766|CD4_Naive_stim_40h
r3005	DNPH1	6	43235845	0.805579848143777	ENSG00000112667|CD4_Naive_stim_16h
r3006	PEX6	6	42960723	0.805679467761434	ENSG00000124587|CD4_Memory_stim_16h
r3007	SLC25A1	22	19181103	0.806335194520311	ENSG00000100075|CD4_Memory_uns_0h
r3008	CRYBB2	22	25449888	0.807054046146856	ENSG00000244752|CD4_Memory_stim_16h
r3009	CRYBB2	22	25449888	0.807054046146856	ENSG00000244752|CD4_Memory_stim_40h
r3010	CRYBB2	22	25449888	0.807054046146856	ENSG00000244752|CD4_Memory_uns_0h
r3011	CRYBB2	22	25449888	0.807054046146856	ENSG00000244752|CD4_Naive_stim_40h
r3012	CRYBB2	22	25449888	0.807054046146856	ENSG00000244752|CD4_Naive_uns_0h
r3013	BRD7	16	50337912	0.808341888855587	ENSG00000166164|CD4_Memory_stim_5d
r3014	BRD7	16	50337912	0.808341888855587	ENSG00000166164|CD4_Naive_stim_5d
r3015	RSL24D1	15	55202736	0.808922458385582	ENSG00000137876|CD4_Naive_stim_5d
r3016	FLVCR1-DT	1	212916037	0.809137211373492	ENSG00000198468|CD4_Memory_stim_40h
r3017	TAF8	6	42046211	0.809706641941824	ENSG00000137413|CD4_Memory_stim_40h
r3018	BSPRY	9	113302745	0.810474409955877	ENSG00000119411|CD4_Memory_stim_40h
r3019	BSPRY	9	113302745	0.810474409955877	ENSG00000119411|CD4_Naive_stim_40h
r3020	SLC38A1	12	46186835	0.810837440516376	ENSG00000111371|CD4_Memory_stim_40h
r3021	SLC38A1	12	46186835	0.810837440516376	ENSG00000111371|CD4_Naive_stim_40h
r3022	SLC38A1	12	46186835	0.810837440516376	ENSG00000111371|CD4_Naive_stim_5d
r3023	SHKBP1	19	40589180	0.811200273039558	ENSG00000160410|CD4_Memory_stim_16h
r3024	SHKBP1	19	40589180	0.811200273039558	ENSG00000160410|CD4_Memory_stim_40h
r3025	SHKBP1	19	40589180	0.811200273039558	ENSG00000160410|CD4_Naive_stim_16h
r3026	SHKBP1	19	40589180	0.811200273039558	ENSG00000160410|CD4_Naive_stim_40h
r3027	MRPL10	17	47826188	0.811645140077124	ENSG00000159111|CD4_Naive_stim_40h
r3028	C11orf54	11	93805826	0.814233097005541	ENSG00000182919|CD4_Naive_stim_16h
r3029	ZNF295-AS1	21	41994825	0.815409805943258	ENSG00000237232|CD4_Naive_stim_40h
r3030	CKMT2-AS1	5	81329534	0.815858721635194	ENSG00000247572|CD4_Naive_uns_0h
r3031	WDR18	19	991063	0.816908621451546	ENSG00000065268|CD4_Memory_uns_0h
r3032	WDR18	19	991063	0.816908621451546	ENSG00000065268|CD4_Naive_uns_0h
r3033	ENSG00000258757	14	52688867	0.817254671226501	ENSG00000258757|CD4_Memory_stim_40h
r3034	ENSG00000258757	14	52688867	0.817254671226501	ENSG00000258757|CD4_Memory_stim_5d
r3035	ENSG00000254635	10	28500895	0.81734234366032	ENSG00000254635|CD4_Memory_stim_16h
r3036	ENSG00000254635	10	28500895	0.81734234366032	ENSG00000254635|CD4_Memory_stim_40h
r3037	ENSG00000254635	10	28500895	0.81734234366032	ENSG00000254635|CD4_Naive_stim_16h
r3038	ENSG00000254635	10	28500895	0.81734234366032	ENSG00000254635|CD4_Naive_stim_5d
r3039	SAR1A	10	70175692	0.817622895330293	ENSG00000079332|CD4_Naive_stim_16h
r3040	SAR1A	10	70175692	0.817622895330293	ENSG00000079332|CD4_Naive_stim_40h
r3041	RAB27A	15	55198320	0.818143694802842	ENSG00000069974|CD4_Memory_stim_16h
r3042	SLC18B1	6	132798639	0.818325348924391	ENSG00000146409|CD4_Naive_stim_40h
r3043	GTF3A	13	27425320	0.818556064964855	ENSG00000122034|CD4_Memory_stim_40h
r3044	GTF3A	13	27425320	0.818556064964855	ENSG00000122034|CD4_Naive_stim_40h
r3045	GTF3A	13	27425320	0.818556064964855	ENSG00000122034|CD4_Naive_stim_16h
r3046	BDH2	4	103089462	0.818876376838273	ENSG00000164039|CD4_Naive_uns_0h
r3047	D2HGDH	2	241770782	0.82052584985092	ENSG00000180902|CD4_Naive_stim_40h
r3048	DCAKD	17	45018486	0.821196273180036	ENSG00000172992|CD4_Memory_stim_40h
r3049	DCAKD	17	45018486	0.821196273180036	ENSG00000172992|CD4_Naive_stim_40h
r3050	GSTO1	10	104244103	0.821281413886526	ENSG00000148834|CD4_Naive_uns_0h
r3051	CCDC115	2	130350234	0.821994523452514	ENSG00000136710|CD4_Memory_uns_0h
r3052	IMP4	2	130350234	0.821994523452514	ENSG00000136718|CD4_Naive_stim_40h
r3053	CDC42SE2	5	131234652	0.822449303419517	ENSG00000158985|CD4_Memory_stim_40h
r3054	CDC42SE2	5	131234652	0.822449303419517	ENSG00000158985|CD4_Memory_stim_5d
r3055	CDC42SE2	5	131234652	0.822449303419517	ENSG00000158985|CD4_Naive_stim_16h
r3056	CDC42SE2	5	131234652	0.822449303419517	ENSG00000158985|CD4_Memory_uns_0h
r3057	CDC42SE2	5	131234652	0.822449303419517	ENSG00000158985|CD4_Naive_stim_5d
r3058	UROS	10	125794195	0.822568501258203	ENSG00000188690|CD4_Memory_stim_5d
r3059	LAMTOR4	7	100137558	0.822867683224843	ENSG00000188186|CD4_Memory_stim_40h
r3060	LRRC61	7	150323292	0.822901453143495	ENSG00000127399|CD4_Memory_stim_16h
r3061	LRRC61	7	150323292	0.822901453143495	ENSG00000127399|CD4_Memory_stim_40h
r3062	LRRC61	7	150323292	0.822901453143495	ENSG00000127399|CD4_Naive_stim_40h
r3063	LRRC61	7	150323292	0.822901453143495	ENSG00000127399|CD4_Naive_stim_5d
r3064	GCSH	16	81080350	0.824347945694367	ENSG00000140905|CD4_Memory_stim_16h
r3065	GCSH	16	81080350	0.824347945694367	ENSG00000140905|CD4_Naive_stim_16h
r3066	ORAI1	12	121634923	0.824641566798999	ENSG00000276045|CD4_Memory_uns_0h
r3067	MGST2	4	139651189	0.825225413270297	ENSG00000085871|CD4_Memory_stim_5d
r3068	C1orf174	1	3906139	0.825487444471495	ENSG00000198912|CD4_Naive_stim_40h
r3069	RPS5	19	58394796	0.826011166555447	ENSG00000083845|CD4_Memory_stim_40h
r3070	COA1	7	43709093	0.826713662464773	ENSG00000106603|CD4_Memory_stim_16h
r3071	ZNF584	19	58402001	0.826791577420706	ENSG00000171574|CD4_Memory_stim_16h
r3072	CRYBB2	22	25480021	0.829293442655608	ENSG00000244752|CD4_Memory_stim_5d
r3073	CRYBB2	22	25480021	0.829293442655608	ENSG00000244752|CD4_Naive_stim_16h
r3074	CRYBB2	22	25480021	0.829293442655608	ENSG00000244752|CD4_Naive_stim_5d
r3075	GBP3	1	89051436	0.829316451681916	ENSG00000117226|CD4_Naive_uns_0h
r3076	GAA	17	80087228	0.830068282376305	ENSG00000171298|CD4_Naive_stim_40h
r3077	TNFRSF14	1	2556224	0.832876349948803	ENSG00000157873|CD4_Memory_stim_5d
r3078	TMEM9	1	201141835	0.832884537656094	ENSG00000116857|CD4_Memory_stim_5d
r3079	MANEA	6	95559560	0.833457623298034	ENSG00000172469|CD4_Naive_stim_5d
r3080	FZD6	8	103333550	0.834973138128738	ENSG00000164930|CD4_Naive_stim_5d
r3081	C21orf91	21	17781434	0.834983974272542	ENSG00000154642|CD4_Naive_stim_40h
r3082	SYCE1L	16	77206320	0.83567215076059	ENSG00000205078|CD4_Memory_stim_40h
r3083	HSDL2	9	112377853	0.836017669401905	ENSG00000119471|CD4_Memory_stim_40h
r3084	HSDL2	9	112377853	0.836017669401905	ENSG00000119471|CD4_Naive_stim_40h
r3085	HSDL2	9	112377853	0.836017669401905	ENSG00000119471|CD4_Naive_stim_5d
r3086	MEAF6	1	37519211	0.836200968888724	ENSG00000163875|CD4_Memory_stim_40h
r3087	GCSH	16	81084861	0.836820473193115	ENSG00000140905|CD4_Memory_stim_40h
r3088	PRMT2	21	46592097	0.837042883888763	ENSG00000160310|CD4_Memory_stim_16h
r3089	ENSG00000246898	16	66403228	0.837153747988978	ENSG00000246898|CD4_Memory_stim_5d
r3090	PI16	6	36971503	0.837332009669881	ENSG00000164530|CD4_Memory_stim_5d
r3091	SRA1	5	140368329	0.838975841227526	ENSG00000213523|CD4_Memory_stim_40h
r3092	TMEM177	2	119693083	0.839301337104227	ENSG00000144120|CD4_Memory_stim_40h
r3093	TMEM177	2	119693083	0.839301337104227	ENSG00000144120|CD4_Naive_stim_16h
r3094	CENPK	5	65708756	0.840427700001416	ENSG00000123219|CD4_Naive_stim_5d
r3095	ARL17A	17	46212466	0.840937985662256	ENSG00000228696|CD4_Memory_uns_0h
r3096	ARL17A	17	46212466	0.840937985662256	ENSG00000228696|CD4_Naive_uns_0h
r3097	RPS16	19	39458139	0.840991863548277	ENSG00000105193|CD4_Memory_stim_5d
r3098	RPS16	19	39458139	0.840991863548277	ENSG00000105193|CD4_Naive_stim_40h
r3099	ARL17A	17	46188473	0.841426261202769	ENSG00000228696|CD4_Memory_stim_5d
r3100	GSTP1	11	67561866	0.841619396642866	ENSG00000084207|CD4_Memory_stim_16h
r3101	GSTP1	11	67561866	0.841619396642866	ENSG00000084207|CD4_Memory_stim_5d
r3102	GSTP1	11	67561866	0.841619396642866	ENSG00000084207|CD4_Naive_stim_16h
r3103	HAUS8	19	17045960	0.841879291463596	ENSG00000131351|CD4_Naive_stim_40h
r3104	LAPTM4B	8	97773295	0.842214028308636	ENSG00000104341|CD4_Naive_stim_16h
r3105	LAPTM4B	8	97773295	0.842214028308636	ENSG00000104341|CD4_Naive_stim_40h
r3106	GSKIP	14	96346483	0.842596943785748	ENSG00000100744|CD4_Memory_stim_16h
r3107	GSKIP	14	96346483	0.842596943785748	ENSG00000100744|CD4_Naive_stim_16h
r3108	GSKIP	14	96346483	0.842596943785748	ENSG00000100744|CD4_Naive_stim_40h
r3109	TRIP6	7	100855586	0.844223595972289	ENSG00000087077|CD4_Naive_stim_16h
r3110	CCDC15	11	124954170	0.844355243711147	ENSG00000149548|CD4_Memory_stim_5d
r3111	ENSG00000255328	11	324880	0.844363803292893	ENSG00000255328|CD4_Memory_stim_5d
r3112	ENSG00000255328	11	324880	0.844363803292893	ENSG00000255328|CD4_Naive_stim_5d
r3113	DEAF1	11	677230	0.844388743668791	ENSG00000177030|CD4_Naive_stim_5d
r3114	NME4	16	395102	0.844404815773379	ENSG00000103202|CD4_Memory_stim_16h
r3115	NME4	16	395102	0.844404815773379	ENSG00000103202|CD4_Memory_stim_40h
r3116	NME4	16	395102	0.844404815773379	ENSG00000103202|CD4_Memory_stim_5d
r3117	NME4	16	395102	0.844404815773379	ENSG00000103202|CD4_Memory_uns_0h
r3118	SAAL1	11	18064440	0.845087155625385	ENSG00000166788|CD4_Memory_stim_5d
r3119	TSTD1	1	161057974	0.845158986837976	ENSG00000215845|CD4_Memory_uns_0h
r3120	TSTD1	1	161057974	0.845158986837976	ENSG00000215845|CD4_Naive_stim_40h
r3121	TSTD1	1	161057974	0.845158986837976	ENSG00000215845|CD4_Naive_stim_5d
r3122	MAN1B1-DT	9	137109392	0.845315144383033	ENSG00000268996|CD4_Naive_stim_40h
r3123	MRPL43	10	100975021	0.845408990475522	ENSG00000055950|CD4_Memory_stim_16h
r3124	MRPL43	10	100975021	0.845408990475522	ENSG00000055950|CD4_Naive_stim_40h
r3125	NUP107	12	68590283	0.846156327886783	ENSG00000111581|CD4_Memory_uns_0h
r3126	SLFN5	17	35234146	0.846843228217693	ENSG00000166750|CD4_Memory_stim_5d
r3127	SLFN5	17	35234146	0.846843228217693	ENSG00000166750|CD4_Naive_stim_16h
r3128	SLFN5	17	35234146	0.846843228217693	ENSG00000166750|CD4_Naive_stim_5d
r3129	GFPT1	2	69346141	0.846919373873962	ENSG00000198380|CD4_Naive_stim_40h
r3130	CLNS1A	11	77841941	0.847006378254812	ENSG00000074201|CD4_Naive_stim_40h
r3131	STYXL1	7	75972549	0.847305896840519	ENSG00000127952|CD4_Memory_stim_5d
r3132	MOCS2-DT	5	53115789	0.848901517577643	ENSG00000247796|CD4_Naive_stim_40h
r3133	SRP72	4	56463770	0.849148143825891	ENSG00000174780|CD4_Naive_stim_40h
r3134	FAAP24	19	32930963	0.849513299530373	ENSG00000131944|CD4_Naive_stim_16h
r3135	BTN3A2	6	26353872	0.85076367834063	ENSG00000186470|CD4_Memory_stim_16h
r3136	BTN3A2	6	26353872	0.85076367834063	ENSG00000186470|CD4_Memory_stim_40h
r3137	BTN3A2	6	26353872	0.85076367834063	ENSG00000186470|CD4_Memory_stim_5d
r3138	BTN3A2	6	26353872	0.85076367834063	ENSG00000186470|CD4_Memory_uns_0h
r3139	BTN3A2	6	26353872	0.85076367834063	ENSG00000186470|CD4_Naive_stim_16h
r3140	BTN3A2	6	26353872	0.85076367834063	ENSG00000186470|CD4_Naive_stim_40h
r3141	BTN3A2	6	26353872	0.85076367834063	ENSG00000186470|CD4_Naive_stim_5d
r3142	BTN3A2	6	26353872	0.85076367834063	ENSG00000186470|CD4_Naive_uns_0h
r3143	FAM229B	6	112142491	0.851244015047372	ENSG00000203778|CD4_Naive_stim_16h
r3144	EPHX2	8	27537440	0.851532360082249	ENSG00000120915|CD4_Memory_stim_40h
r3145	EPHX2	8	27537440	0.851532360082249	ENSG00000120915|CD4_Naive_stim_5d
r3146	NIBAN1	1	184969090	0.851633083260778	ENSG00000135842|CD4_Naive_stim_5d
r3147	SQOR	15	45635830	0.852344655782289	ENSG00000137767|CD4_Memory_stim_16h
r3148	ENSG00000271553	7	128644066	0.852673346959518	ENSG00000271553|CD4_Naive_uns_0h
r3149	VEZT	12	95287338	0.852827140040457	ENSG00000028203|CD4_Naive_stim_40h
r3150	RASGRF2	5	80990551	0.853533834480434	ENSG00000113319|CD4_Naive_stim_40h
r3151	MTSS1	8	124563853	0.854289816269692	ENSG00000170873|CD4_Memory_uns_0h
r3152	MTSS1	8	124563853	0.854289816269692	ENSG00000170873|CD4_Naive_uns_0h
r3153	HPS1	10	98417112	0.855676856709133	ENSG00000107521|CD4_Naive_stim_40h
r3154	SNRNP27	2	69883117	0.856345418867312	ENSG00000124380|CD4_Memory_stim_40h
r3155	TWSG1	18	9365401	0.856418239163359	ENSG00000128791|CD4_Memory_stim_40h
r3156	TRBV28	7	142652986	0.85680000567056	ENSG00000211753|CD4_Naive_stim_5d
r3157	ADAM15	1	155061442	0.856876317654118	ENSG00000143537|CD4_Naive_stim_16h
r3158	CLNS1A	11	77870370	0.857122021233695	ENSG00000074201|CD4_Naive_stim_16h
r3159	NDUFAF1	15	41496893	0.857176361426258	ENSG00000137806|CD4_Memory_stim_40h
r3160	TKT	3	53288413	0.858052537250456	ENSG00000163931|CD4_Memory_stim_16h
r3161	TKT	3	53288413	0.858052537250456	ENSG00000163931|CD4_Naive_stim_16h
r3162	TKT	3	53288413	0.858052537250456	ENSG00000163931|CD4_Naive_stim_40h
r3163	SESTD1	2	179233677	0.858269457585335	ENSG00000187231|CD4_Naive_stim_40h
r3164	KLHL6	3	183494118	0.858812143892026	ENSG00000172578|CD4_Naive_uns_0h
r3165	TWSG1	18	9363816	0.860058878523241	ENSG00000128791|CD4_Naive_stim_5d
r3166	RPL8	8	144792397	0.860526607075648	ENSG00000161016|CD4_Memory_stim_16h
r3167	RPL8	8	144792397	0.860526607075648	ENSG00000161016|CD4_Memory_stim_40h
r3168	RPL8	8	144792397	0.860526607075648	ENSG00000161016|CD4_Memory_uns_0h
r3169	RPL8	8	144792397	0.860526607075648	ENSG00000161016|CD4_Naive_stim_16h
r3170	RPL8	8	144792397	0.860526607075648	ENSG00000161016|CD4_Naive_stim_40h
r3171	RPL8	8	144792397	0.860526607075648	ENSG00000161016|CD4_Naive_stim_5d
r3172	RPL8	8	144792397	0.860526607075648	ENSG00000161016|CD4_Naive_uns_0h
r3173	APOBEC3H	22	39097246	0.861077891964942	ENSG00000100298|CD4_Naive_stim_5d
r3174	REEP3	10	63605976	0.861305306079514	ENSG00000165476|CD4_Naive_stim_16h
r3175	TFB1M	6	155303970	0.862046032175211	ENSG00000029639|CD4_Memory_stim_16h
r3176	TFB1M	6	155303970	0.862046032175211	ENSG00000029639|CD4_Memory_stim_40h
r3177	TFB1M	6	155303970	0.862046032175211	ENSG00000029639|CD4_Naive_stim_16h
r3178	FLYWCH2	16	2918302	0.863174404611652	ENSG00000162076|CD4_Memory_stim_40h
r3179	FLYWCH2	16	2918302	0.863174404611652	ENSG00000162076|CD4_Naive_stim_16h
r3180	PASK	2	241095731	0.864079708048537	ENSG00000115687|CD4_Memory_stim_40h
r3181	GIMAP7	7	150703108	0.865292158470347	ENSG00000179144|CD4_Memory_stim_40h
r3182	LAX1	1	203769637	0.865536863805413	ENSG00000122188|CD4_Naive_stim_16h
r3183	ENSG00000203279	9	97321671	0.865718355430554	ENSG00000203279|CD4_Naive_uns_0h
r3184	NMT2	10	15199295	0.865752126317218	ENSG00000152465|CD4_Naive_uns_0h
r3185	DENND6B	22	50314905	0.865786356741262	ENSG00000205593|CD4_Memory_stim_40h
r3186	DENND6B	22	50314905	0.865786356741262	ENSG00000205593|CD4_Memory_stim_5d
r3187	GLIPR1L2	12	75416396	0.866153586042196	ENSG00000180481|CD4_Memory_uns_0h
r3188	GFPT1	2	69452486	0.866419809308836	ENSG00000198380|CD4_Memory_stim_40h
r3189	S1PR2	19	10245756	0.866859628684069	ENSG00000267534|CD4_Naive_stim_16h
r3190	TPP2	13	102626274	0.867125802294157	ENSG00000134900|CD4_Naive_uns_0h
r3191	HAUS2	15	42460632	0.867273167078399	ENSG00000137814|CD4_Naive_stim_40h
r3192	TMEM273	10	49095491	0.867608968051704	ENSG00000204161|CD4_Memory_stim_16h
r3193	TKT	3	53241524	0.867720176643945	ENSG00000163931|CD4_Memory_stim_40h
r3194	ARL16	17	81720706	0.867832692964685	ENSG00000214087|CD4_Naive_stim_16h
r3195	ARL16	17	81720706	0.867832692964685	ENSG00000214087|CD4_Naive_uns_0h
r3196	IFITM3	11	327143	0.868023587072113	ENSG00000142089|CD4_Memory_uns_0h
r3197	VWDE	7	12414182	0.868619621022704	ENSG00000146530|CD4_Memory_uns_0h
r3198	KAT8	16	31120929	0.869326789242475	ENSG00000103510|CD4_Naive_stim_5d
r3199	ENSG00000259363	15	99838175	0.870758523501746	ENSG00000259363|CD4_Naive_stim_40h
r3200	ENSG00000267838	19	54431469	0.87077655769782	ENSG00000267838|CD4_Memory_uns_0h
r3201	ZNF587B	19	57843168	0.870930514116643	ENSG00000269343|CD4_Memory_uns_0h
r3202	SMAD5	5	136129033	0.871222111973154	ENSG00000113658|CD4_Naive_stim_5d
r3203	PRDX6	1	173487878	0.871973162139227	ENSG00000117592|CD4_Naive_stim_40h
r3204	SLC12A2-DT	5	128035896	0.872095170953431	ENSG00000245937|CD4_Memory_stim_40h
r3205	ENSG00000239213	3	136791424	0.872839775936375	ENSG00000239213|CD4_Memory_stim_40h
r3206	ACADM	1	75637345	0.872888916408697	ENSG00000117054|CD4_Memory_stim_16h
r3207	ACADM	1	75637345	0.872888916408697	ENSG00000117054|CD4_Memory_stim_40h
r3208	ACADM	1	75637345	0.872888916408697	ENSG00000117054|CD4_Memory_stim_5d
r3209	ACADM	1	75637345	0.872888916408697	ENSG00000117054|CD4_Naive_stim_40h
r3210	ACADM	1	75637345	0.872888916408697	ENSG00000117054|CD4_Naive_stim_5d
r3211	ADAM15	1	155062156	0.873954639367644	ENSG00000143537|CD4_Memory_stim_40h
r3212	ADAM15	1	155062156	0.873954639367644	ENSG00000143537|CD4_Memory_stim_5d
r3213	ADAM15	1	155062156	0.873954639367644	ENSG00000143537|CD4_Naive_stim_40h
r3214	ADAM15	1	155062156	0.873954639367644	ENSG00000143537|CD4_Naive_stim_5d
r3215	ADAM15	1	155062156	0.873954639367644	ENSG00000143537|CD4_Memory_stim_16h
r3216	MEAF6	1	37522141	0.873999667463145	ENSG00000163875|CD4_Naive_stim_5d
r3217	NMT2	10	15197030	0.874587812313424	ENSG00000152465|CD4_Memory_uns_0h
r3218	LPXN	11	58368710	0.87503149758624	ENSG00000110031|CD4_Memory_stim_40h
r3219	ANKRD10	13	110885700	0.878708916450431	ENSG00000088448|CD4_Naive_stim_40h
r3220	ZNF677	19	53254369	0.878940878290729	ENSG00000197928|CD4_Memory_stim_40h
r3221	TMEM121	14	105500941	0.879078697604658	ENSG00000184986|CD4_Naive_stim_5d
r3222	TEDC1	14	105500941	0.879078697604658	ENSG00000185347|CD4_Naive_stim_40h
r3223	SP110	2	230169503	0.879392812809314	ENSG00000135899|CD4_Memory_uns_0h
r3224	PARK7	1	8032944	0.879629736756012	ENSG00000116288|CD4_Naive_stim_40h
r3225	AOAH	7	36737663	0.879657164126401	ENSG00000136250|CD4_Naive_stim_40h
r3226	SLFN5	17	35243422	0.879852951708369	ENSG00000166750|CD4_Naive_stim_40h
r3227	DUT	15	48343856	0.879877893130837	ENSG00000128951|CD4_Memory_uns_0h
r3228	CARS1	11	3060011	0.880024959724587	ENSG00000110619|CD4_Naive_stim_5d
r3229	BRK1	3	10098987	0.88093565511885	ENSG00000254999|CD4_Memory_stim_40h
r3230	CCDC146	7	77171604	0.881905722126955	ENSG00000135205|CD4_Naive_stim_16h
r3231	CCDC146	7	77171604	0.881905722126955	ENSG00000135205|CD4_Naive_stim_5d
r3232	PKIA	8	78565200	0.881966089086984	ENSG00000171033|CD4_Naive_stim_40h
r3233	RPS5	19	58392331	0.883153446362802	ENSG00000083845|CD4_Memory_stim_5d
r3234	SQOR	15	45645427	0.883463724130498	ENSG00000137767|CD4_Memory_stim_5d
r3235	SH3GLB1	1	86750078	0.883487803560208	ENSG00000097033|CD4_Memory_stim_16h
r3236	SNRNP27	2	69893777	0.883744653663008	ENSG00000124380|CD4_Memory_stim_16h
r3237	SNRNP27	2	69893777	0.883744653663008	ENSG00000124380|CD4_Naive_stim_40h
r3238	ENDOG	9	128799953	0.885191977291177	ENSG00000167136|CD4_Memory_stim_40h
r3239	ENDOG	9	128799953	0.885191977291177	ENSG00000167136|CD4_Memory_uns_0h
r3240	MRPL43	10	100943677	0.885677945036992	ENSG00000055950|CD4_Memory_stim_40h
r3241	MRPL43	10	100943677	0.885677945036992	ENSG00000055950|CD4_Naive_stim_16h
r3242	HRH2	5	175651142	0.886164557955127	ENSG00000113749|CD4_Naive_stim_40h
r3243	PPAT	4	56430138	0.886820419896221	ENSG00000128059|CD4_Memory_stim_40h
r3244	C10orf95	10	102424324	0.88694954966021	ENSG00000120055|CD4_Memory_uns_0h
r3245	C10orf95	10	102424324	0.88694954966021	ENSG00000120055|CD4_Naive_stim_16h
r3246	C10orf95	10	102424324	0.88694954966021	ENSG00000120055|CD4_Naive_uns_0h
r3247	PPA1	10	70240368	0.886992391553091	ENSG00000180817|CD4_Naive_stim_5d
r3248	TIPRL	1	168177186	0.887453481566004	ENSG00000143155|CD4_Memory_stim_40h
r3249	TIPRL	1	168177186	0.887453481566004	ENSG00000143155|CD4_Naive_stim_40h
r3250	TIPRL	1	168177186	0.887453481566004	ENSG00000143155|CD4_Naive_stim_5d
r3251	TRBV28	7	142670659	0.887527484739682	ENSG00000211753|CD4_Memory_stim_5d
r3252	SNRNP27	2	69918318	0.888364471030769	ENSG00000124380|CD4_Naive_stim_16h
r3253	POLR1E	9	37496604	0.88903548180498	ENSG00000137054|CD4_Memory_stim_16h
r3254	SLX9	21	44937444	0.889839292778201	ENSG00000160256|CD4_Naive_stim_5d
r3255	ENSG00000258560	14	99966970	0.890567169144706	ENSG00000258560|CD4_Naive_stim_40h
r3256	SPCS3	4	176316731	0.891574707779914	ENSG00000129128|CD4_Naive_stim_40h
r3257	AKR1C3	10	5294087	0.891676960399708	ENSG00000196139|CD4_Naive_uns_0h
r3258	TIMELESS	12	56431164	0.89350828466672	ENSG00000111602|CD4_Memory_stim_40h
r3259	RPS3	11	75399545	0.893755103287333	ENSG00000149273|CD4_Naive_uns_0h
r3260	SHMT1	17	18360643	0.894481364186489	ENSG00000176974|CD4_Memory_stim_5d
r3261	SHMT1	17	18360643	0.894481364186489	ENSG00000176974|CD4_Memory_uns_0h
r3262	SHMT1	17	18360643	0.894481364186489	ENSG00000176974|CD4_Naive_stim_5d
r3263	CCDC66	3	56600516	0.894954722967938	ENSG00000180376|CD4_Memory_stim_16h
r3264	CCDC66	3	56600516	0.894954722967938	ENSG00000180376|CD4_Memory_stim_40h
r3265	CCDC66	3	56600516	0.894954722967938	ENSG00000180376|CD4_Memory_uns_0h
r3266	CCDC66	3	56600516	0.894954722967938	ENSG00000180376|CD4_Naive_stim_40h
r3267	CCDC66	3	56600516	0.894954722967938	ENSG00000180376|CD4_Naive_uns_0h
r3268	MEAF6	1	37504431	0.895618944479051	ENSG00000163875|CD4_Memory_stim_16h
r3269	MEAF6	1	37504431	0.895618944479051	ENSG00000163875|CD4_Naive_stim_40h
r3270	NINJ1	9	93120619	0.89568796135836	ENSG00000131669|CD4_Naive_stim_40h
r3271	MTHFS	15	79830076	0.895945503005072	ENSG00000136371|CD4_Naive_stim_16h
r3272	ANKRD44-AS1	2	197313250	0.89596852254129	ENSG00000231621|CD4_Memory_stim_5d
r3273	ANKRD44-AS1	2	197313250	0.89596852254129	ENSG00000231621|CD4_Memory_uns_0h
r3274	ANKRD44-AS1	2	197313250	0.89596852254129	ENSG00000231621|CD4_Naive_stim_16h
r3275	ANKRD44-AS1	2	197313250	0.89596852254129	ENSG00000231621|CD4_Naive_stim_40h
r3276	ANKRD44-AS1	2	197313250	0.89596852254129	ENSG00000231621|CD4_Naive_uns_0h
r3277	ZNF155	19	43984200	0.896473857429502	ENSG00000204920|CD4_Naive_stim_5d
r3278	TRMT10B	9	37788914	0.897124168396812	ENSG00000165275|CD4_Memory_stim_16h
r3279	C11orf21	11	2299865	0.897282578365572	ENSG00000110665|CD4_Memory_uns_0h
r3280	C11orf21	11	2299865	0.897282578365572	ENSG00000110665|CD4_Naive_stim_16h
r3281	C11orf21	11	2299865	0.897282578365572	ENSG00000110665|CD4_Naive_uns_0h
r3282	NDUFS5	1	39019074	0.897988027035158	ENSG00000168653|CD4_Naive_uns_0h
r3283	ENSG00000263272	17	5424208	0.89806608307451	ENSG00000263272|CD4_Memory_uns_0h
r3284	NINJ2-AS1	12	602330	0.898401853718047	ENSG00000177406|CD4_Memory_stim_40h
r3285	C11orf54	11	93743461	0.898937714907292	ENSG00000182919|CD4_Memory_stim_5d
r3286	BEGAIN	14	100538878	0.89938313630359	ENSG00000183092|CD4_Naive_stim_5d
r3287	ENSG00000225234	2	3466763	0.899432327418297	ENSG00000225234|CD4_Memory_uns_0h
r3288	SESTD1	2	179264050	0.900399909349125	ENSG00000187231|CD4_Memory_uns_0h
r3289	CCDC91	12	28391531	0.90095786649665	ENSG00000123106|CD4_Naive_stim_40h
r3290	MLF1-DT	3	158487724	0.901067135142463	ENSG00000243150|CD4_Naive_stim_16h
r3291	C11orf54	11	93756037	0.902295156827527	ENSG00000182919|CD4_Naive_stim_5d
r3292	HYAL3	3	50295266	0.902507837415662	ENSG00000186792|CD4_Memory_stim_5d
r3293	MED16	19	864861	0.9025725495918	ENSG00000175221|CD4_Memory_uns_0h
r3294	ASRGL1	11	62275661	0.902775436841227	ENSG00000162174|CD4_Memory_stim_40h
r3295	TSPYL1	6	116357325	0.902988167316593	ENSG00000189241|CD4_Memory_stim_5d
r3296	CGAS	6	73472716	0.903312000700242	ENSG00000164430|CD4_Naive_stim_40h
r3297	SAR1A	10	70200192	0.90367953036829	ENSG00000079332|CD4_Memory_stim_40h
r3298	RAC1	7	6407410	0.905039131834666	ENSG00000136238|CD4_Naive_stim_5d
r3299	SLFN5	17	35204796	0.905102537041551	ENSG00000166750|CD4_Memory_stim_40h
r3300	MLF1-DT	3	158321793	0.905156622729986	ENSG00000243150|CD4_Memory_uns_0h
r3301	RBAK-RBAKDN	7	4984909	0.905321736800032	ENSG00000272968|CD4_Memory_stim_40h
r3302	RBAK-RBAKDN	7	4984909	0.905321736800032	ENSG00000272968|CD4_Naive_stim_16h
r3303	RBAK-RBAKDN	7	4984909	0.905321736800032	ENSG00000272968|CD4_Naive_stim_40h
r3304	RBAK-RBAKDN	7	4984909	0.905321736800032	ENSG00000272968|CD4_Naive_stim_5d
r3305	CDC42SE2	5	131198209	0.90567531614497	ENSG00000158985|CD4_Naive_stim_40h
r3306	CDC42SE2	5	131198209	0.90567531614497	ENSG00000158985|CD4_Naive_uns_0h
r3307	C11orf54	11	93767927	0.905675879279453	ENSG00000182919|CD4_Naive_stim_40h
r3308	PRELID3B	20	59032894	0.90624823540392	ENSG00000101166|CD4_Memory_stim_16h
r3309	PRELID3B	20	59032894	0.90624823540392	ENSG00000101166|CD4_Memory_stim_40h
r3310	PRELID3B	20	59032894	0.90624823540392	ENSG00000101166|CD4_Memory_stim_5d
r3311	MTHFS	15	79829607	0.906260108511897	ENSG00000136371|CD4_Naive_stim_40h
r3312	TIMM13	19	2419251	0.907593102909644	ENSG00000099800|CD4_Naive_uns_0h
r3313	ENSG00000243926	3	156672158	0.908511990779311	ENSG00000243926|CD4_Memory_stim_5d
r3314	ENSG00000243926	3	156672158	0.908511990779311	ENSG00000243926|CD4_Naive_stim_5d
r3315	GFM1	3	158634583	0.909070444878368	ENSG00000168827|CD4_Naive_stim_16h
r3316	ZCRB1	12	42386766	0.909087693394205	ENSG00000139168|CD4_Memory_stim_40h
r3317	NDUFS5	1	39011141	0.909341400149468	ENSG00000168653|CD4_Memory_stim_16h
r3318	NDUFS5	1	39011141	0.909341400149468	ENSG00000168653|CD4_Memory_stim_40h
r3319	NDUFS5	1	39011141	0.909341400149468	ENSG00000168653|CD4_Memory_stim_5d
r3320	NDUFS5	1	39011141	0.909341400149468	ENSG00000168653|CD4_Memory_uns_0h
r3321	NDUFS5	1	39011141	0.909341400149468	ENSG00000168653|CD4_Naive_stim_5d
r3322	DUS3L	19	5776052	0.909989088735741	ENSG00000141994|CD4_Memory_stim_5d
r3323	BDH2	4	103109432	0.910208244173828	ENSG00000164039|CD4_Memory_uns_0h
r3324	BDH2	4	103109432	0.910208244173828	ENSG00000164039|CD4_Naive_stim_40h
r3325	PWP1	12	107679918	0.910524185973161	ENSG00000136045|CD4_Naive_stim_40h
r3326	HYAL3	3	50334001	0.910990782067845	ENSG00000186792|CD4_Memory_stim_40h
r3327	NDUFS5	1	38996470	0.911022553395989	ENSG00000168653|CD4_Naive_stim_16h
r3328	NDUFS5	1	38996470	0.911022553395989	ENSG00000168653|CD4_Naive_stim_40h
r3329	SMAD5	5	136186561	0.911525395187278	ENSG00000113658|CD4_Naive_stim_16h
r3330	SMAD5	5	136186561	0.911525395187278	ENSG00000113658|CD4_Naive_stim_40h
r3331	ZNHIT3	17	36517188	0.912496186145951	ENSG00000273611|CD4_Memory_stim_5d
r3332	ZNHIT3	17	36517188	0.912496186145951	ENSG00000273611|CD4_Naive_stim_5d
r3333	CHURC1	14	64888857	0.912985698642865	ENSG00000258289|CD4_Memory_stim_5d
r3334	MFF	2	227318791	0.913072905357998	ENSG00000168958|CD4_Naive_stim_40h
r3335	GFM1	3	158676324	0.913316872759578	ENSG00000168827|CD4_Memory_stim_16h
r3336	PPIE	1	39738050	0.913415001948017	ENSG00000084072|CD4_Memory_stim_16h
r3337	PPIE	1	39738050	0.913415001948017	ENSG00000084072|CD4_Memory_stim_40h
r3338	PPIE	1	39738050	0.913415001948017	ENSG00000084072|CD4_Memory_stim_5d
r3339	PPIE	1	39738050	0.913415001948017	ENSG00000084072|CD4_Naive_stim_40h
r3340	PPIE	1	39738050	0.913415001948017	ENSG00000084072|CD4_Naive_stim_5d
r3341	G3BP2	4	75631951	0.913819346639982	ENSG00000138757|CD4_Memory_stim_16h
r3342	G3BP2	4	75631951	0.913819346639982	ENSG00000138757|CD4_Memory_stim_40h
r3343	G3BP2	4	75631951	0.913819346639982	ENSG00000138757|CD4_Memory_stim_5d
r3344	G3BP2	4	75631951	0.913819346639982	ENSG00000138757|CD4_Memory_uns_0h
r3345	G3BP2	4	75631951	0.913819346639982	ENSG00000138757|CD4_Naive_stim_5d
r3346	G3BP2	4	75631951	0.913819346639982	ENSG00000138757|CD4_Naive_uns_0h
r3347	HELB	12	66326015	0.913862047065225	ENSG00000127311|CD4_Memory_stim_5d
r3348	CAPN12	19	38719953	0.914082790212253	ENSG00000182472|CD4_Naive_stim_5d
r3349	PSMB9	6	32837530	0.914505961966517	ENSG00000240065|CD4_Memory_stim_16h
r3350	PSMB9	6	32837530	0.914505961966517	ENSG00000240065|CD4_Naive_stim_16h
r3351	PSMB9	6	32837530	0.914505961966517	ENSG00000240065|CD4_Naive_stim_40h
r3352	PPAT	4	56336646	0.915606425735939	ENSG00000128059|CD4_Naive_stim_40h
r3353	PPAT	4	56336646	0.915606425735939	ENSG00000128059|CD4_Naive_uns_0h
r3354	ANKRD44-AS1	2	197281657	0.915662382586457	ENSG00000231621|CD4_Naive_stim_5d
r3355	AP4M1	7	100087574	0.916086020026697	ENSG00000221838|CD4_Memory_stim_40h
r3356	NXPE3	3	101754796	0.916115908222664	ENSG00000144815|CD4_Memory_stim_5d
r3357	NXPE3	3	101754796	0.916115908222664	ENSG00000144815|CD4_Naive_stim_16h
r3358	NXPE3	3	101754796	0.916115908222664	ENSG00000144815|CD4_Naive_stim_40h
r3359	NXPE3	3	101754796	0.916115908222664	ENSG00000144815|CD4_Naive_stim_5d
r3360	ENO1	1	8850051	0.916563250935861	ENSG00000074800|CD4_Naive_uns_0h
r3361	TRBV28	7	142691139	0.917379610561189	ENSG00000211753|CD4_Memory_uns_0h
r3362	ENSG00000203546	14	31427763	0.917960086329096	ENSG00000203546|CD4_Naive_stim_40h
r3363	ENSG00000246560	4	102854547	0.918721190791061	ENSG00000246560|CD4_Naive_stim_40h
r3364	USP53	4	119356993	0.918807318257408	ENSG00000145390|CD4_Memory_uns_0h
r3365	TMEM177	2	119588931	0.919168707181146	ENSG00000144120|CD4_Memory_stim_16h
r3366	DUS3L	19	5781231	0.91949724661064	ENSG00000141994|CD4_Memory_stim_16h
r3367	CCDC163	1	45529559	0.920919714450034	ENSG00000280670|CD4_Naive_uns_0h
r3368	RAD51C	17	58983877	0.921311531985012	ENSG00000108384|CD4_Naive_stim_16h
r3369	RBM26-AS1	13	79642012	0.921687368037358	ENSG00000227354|CD4_Naive_stim_40h
r3370	EIF3F	11	7989481	0.922018652545087	ENSG00000175390|CD4_Naive_stim_40h
r3371	TAPBPL	12	6463421	0.922056276552772	ENSG00000139192|CD4_Memory_stim_40h
r3372	TAPBPL	12	6463421	0.922056276552772	ENSG00000139192|CD4_Naive_stim_16h
r3373	UROS	10	125783601	0.922592001205714	ENSG00000188690|CD4_Memory_stim_16h
r3374	UBA6	4	67609511	0.923017103017323	ENSG00000033178|CD4_Naive_stim_5d
r3375	ENSG00000259865	1	247185498	0.923305030845735	ENSG00000259865|CD4_Memory_stim_5d
r3376	ENSG00000259865	1	247185498	0.923305030845735	ENSG00000259865|CD4_Naive_stim_16h
r3377	ENSG00000259865	1	247185498	0.923305030845735	ENSG00000259865|CD4_Naive_uns_0h
r3378	SQOR	15	45643195	0.923539202703391	ENSG00000137767|CD4_Memory_stim_40h
r3379	SMIM19	8	42592605	0.924070503765034	ENSG00000176209|CD4_Memory_stim_40h
r3380	SMIM19	8	42592605	0.924070503765034	ENSG00000176209|CD4_Naive_stim_40h
r3381	ENSG00000239213	3	136892388	0.924409932323073	ENSG00000239213|CD4_Naive_stim_40h
r3382	SLC25A1	22	19218317	0.925386656442932	ENSG00000100075|CD4_Naive_stim_40h
r3383	SLC25A1	22	19218317	0.925386656442932	ENSG00000100075|CD4_Naive_uns_0h
r3384	PRDX5	11	64248606	0.925519881806254	ENSG00000126432|CD4_Memory_uns_0h
r3385	PRDX5	11	64248606	0.925519881806254	ENSG00000126432|CD4_Naive_stim_40h
r3386	PRDX5	11	64248606	0.925519881806254	ENSG00000126432|CD4_Naive_uns_0h
r3387	MCFD2	2	46916790	0.925681010424452	ENSG00000180398|CD4_Naive_stim_40h
r3388	PLEC	8	143938996	0.925964516859667	ENSG00000178209|CD4_Memory_stim_5d
r3389	CLNS1A	11	77534683	0.926140400952501	ENSG00000074201|CD4_Memory_stim_16h
r3390	CLNS1A	11	77534683	0.926140400952501	ENSG00000074201|CD4_Naive_uns_0h
r3391	TRBV28	7	142705318	0.926145394767147	ENSG00000211753|CD4_Memory_stim_16h
r3392	TRBV28	7	142705318	0.926145394767147	ENSG00000211753|CD4_Memory_stim_40h
r3393	TRBV28	7	142705318	0.926145394767147	ENSG00000211753|CD4_Naive_stim_16h
r3394	TRBV28	7	142705318	0.926145394767147	ENSG00000211753|CD4_Naive_stim_40h
r3395	TRBV28	7	142705318	0.926145394767147	ENSG00000211753|CD4_Naive_uns_0h
r3396	MTUS1	8	17709393	0.926696442853695	ENSG00000129422|CD4_Naive_uns_0h
r3397	RAD51C	17	58522883	0.92683075312919	ENSG00000108384|CD4_Naive_stim_40h
r3398	RAD51C	17	58522883	0.92683075312919	ENSG00000108384|CD4_Memory_stim_40h
r3399	RAD51C	17	58522883	0.92683075312919	ENSG00000108384|CD4_Naive_stim_5d
r3400	BAZ2B	2	159656334	0.927342857089968	ENSG00000226266|CD4_Memory_stim_40h
r3401	BAZ2B	2	159656334	0.927342857089968	ENSG00000226266|CD4_Naive_stim_40h
r3402	THEMIS2	1	27916656	0.928773258050619	ENSG00000130775|CD4_Memory_stim_16h
r3403	PSMB9	6	32854082	0.928939038999285	ENSG00000240065|CD4_Naive_uns_0h
r3404	TSTD1	1	161008034	0.930429212629791	ENSG00000215845|CD4_Memory_stim_40h
r3405	TSTD1	1	161008034	0.930429212629791	ENSG00000215845|CD4_Memory_stim_5d
r3406	ENSG00000270605	1	28190868	0.930639562716797	ENSG00000270605|CD4_Naive_uns_0h
r3407	G3BP2	4	75646867	0.932437887488189	ENSG00000138757|CD4_Naive_stim_16h
r3408	CHURC1	14	64907746	0.932997435421231	ENSG00000258289|CD4_Memory_uns_0h
r3409	NAP1L4	11	3051006	0.933303021193145	ENSG00000205531|CD4_Naive_uns_0h
r3410	SLC2A1-DT	1	42958284	0.933484407802307	ENSG00000227533|CD4_Naive_stim_5d
r3411	ANKRD10	13	110894752	0.933762761735346	ENSG00000088448|CD4_Naive_stim_5d
r3412	SRSF6	20	43468505	0.933793958241647	ENSG00000124193|CD4_Naive_stim_40h
r3413	B4GALT1	9	33120213	0.934325810040169	ENSG00000086062|CD4_Memory_stim_40h
r3414	B4GALT1	9	33120213	0.934325810040169	ENSG00000086062|CD4_Memory_stim_5d
r3415	B4GALT1	9	33120213	0.934325810040169	ENSG00000086062|CD4_Naive_stim_40h
r3416	PPIA	7	44796715	0.93446470961809	ENSG00000196262|CD4_Memory_stim_5d
r3417	NUDT8	11	67575686	0.93481055156624	ENSG00000167799|CD4_Memory_stim_5d
r3418	CST7	20	24918415	0.936619260720216	ENSG00000077984|CD4_Memory_stim_40h
r3419	PASK	2	241079873	0.937092218244793	ENSG00000115687|CD4_Memory_stim_5d
r3420	CD47	3	108040575	0.937656076141475	ENSG00000196776|CD4_Memory_uns_0h
r3421	CD47	3	108040575	0.937656076141475	ENSG00000196776|CD4_Naive_uns_0h
r3422	GSTP1	11	67562270	0.939118400044011	ENSG00000084207|CD4_Memory_uns_0h
r3423	HLA-A	6	29956443	0.940091088615273	ENSG00000206503|CD4_Naive_stim_16h
r3424	ANKRD10	13	110885259	0.941220712251984	ENSG00000088448|CD4_Memory_uns_0h
r3425	GYPC	2	126758270	0.94124175451648	ENSG00000136732|CD4_Naive_uns_0h
r3426	ARHGEF10	8	1858063	0.941256262865366	ENSG00000104728|CD4_Naive_uns_0h
r3427	ENSG00000226899	10	124957702	0.941483163946865	ENSG00000226899|CD4_Memory_stim_16h
r3428	ENSG00000226899	10	124957702	0.941483163946865	ENSG00000226899|CD4_Memory_uns_0h
r3429	ENSG00000226899	10	124957702	0.941483163946865	ENSG00000226899|CD4_Naive_stim_16h
r3430	ENSG00000226899	10	124957702	0.941483163946865	ENSG00000226899|CD4_Naive_uns_0h
r3431	CENPP	9	92755017	0.944847459899434	ENSG00000188312|CD4_Memory_stim_40h
r3432	ANXA6	5	151155452	0.946597280787911	ENSG00000197043|CD4_Memory_stim_16h
r3433	ANXA6	5	151155452	0.946597280787911	ENSG00000197043|CD4_Memory_stim_40h
r3434	ANXA6	5	151155452	0.946597280787911	ENSG00000197043|CD4_Memory_stim_5d
r3435	ANXA6	5	151155452	0.946597280787911	ENSG00000197043|CD4_Naive_stim_40h
r3436	ANXA6	5	151155452	0.946597280787911	ENSG00000197043|CD4_Naive_stim_5d
r3437	ANXA6	5	151155452	0.946597280787911	ENSG00000197043|CD4_Naive_uns_0h
r3438	DSCC1	8	119777172	0.946995418920186	ENSG00000136982|CD4_Naive_stim_40h
r3439	HBS1L	6	134985842	0.947343635324847	ENSG00000112339|CD4_Memory_stim_16h
r3440	HBS1L	6	134985842	0.947343635324847	ENSG00000112339|CD4_Memory_stim_5d
r3441	MIDEAS	14	73671027	0.947451799705027	ENSG00000156030|CD4_Memory_stim_5d
r3442	VAMP5	2	85514400	0.947663166871161	ENSG00000168899|CD4_Memory_stim_40h
r3443	HBS1L	6	135062080	0.947780605849624	ENSG00000112339|CD4_Memory_stim_40h
r3444	CAMKK2	12	121246483	0.948219324276038	ENSG00000110931|CD4_Naive_stim_40h
r3445	ENSG00000259865	1	247202128	0.949204105479294	ENSG00000259865|CD4_Memory_stim_16h
r3446	ENSG00000259865	1	247202128	0.949204105479294	ENSG00000259865|CD4_Memory_stim_40h
r3447	SHMT1	17	18349715	0.949339859533163	ENSG00000176974|CD4_Memory_stim_40h
r3448	SHMT1	17	18349715	0.949339859533163	ENSG00000176974|CD4_Naive_stim_40h
r3449	IMMT	2	86032320	0.950418549385641	ENSG00000132305|CD4_Memory_stim_5d
r3450	RPS6	9	19352262	0.951443593448438	ENSG00000137154|CD4_Memory_stim_5d
r3451	RPS6	9	19352262	0.951443593448438	ENSG00000137154|CD4_Naive_stim_5d
r3452	TMEM230	20	5059911	0.952962702496002	ENSG00000089063|CD4_Naive_uns_0h
r3453	SMIM26	20	18552796	0.953099264277577	ENSG00000232388|CD4_Memory_uns_0h
r3454	MAN1B1-DT	9	137088416	0.953242946146873	ENSG00000268996|CD4_Naive_stim_5d
r3455	KIF16B	20	16561784	0.953502433454695	ENSG00000089177|CD4_Naive_stim_40h
r3456	SLC38A1	12	46191508	0.953533946233638	ENSG00000111371|CD4_Naive_stim_16h
r3457	SLC38A1	12	46191508	0.953533946233638	ENSG00000111371|CD4_Naive_uns_0h
r3458	CST7	20	24993478	0.953974117772584	ENSG00000077984|CD4_Memory_uns_0h
r3459	GSTO1	10	104253292	0.954778457026073	ENSG00000148834|CD4_Memory_uns_0h
r3460	CENPM	22	41940168	0.955080031809649	ENSG00000100162|CD4_Memory_uns_0h
r3461	SNHG8	4	118283311	0.955465953199858	ENSG00000269893|CD4_Memory_stim_40h
r3462	SULF2	20	47554741	0.956597150604193	ENSG00000196562|CD4_Memory_stim_16h
r3463	SULF2	20	47554741	0.956597150604193	ENSG00000196562|CD4_Memory_stim_40h
r3464	SULF2	20	47554741	0.956597150604193	ENSG00000196562|CD4_Memory_stim_5d
r3465	SULF2	20	47554741	0.956597150604193	ENSG00000196562|CD4_Memory_uns_0h
r3466	SULF2	20	47554741	0.956597150604193	ENSG00000196562|CD4_Naive_stim_16h
r3467	SULF2	20	47554741	0.956597150604193	ENSG00000196562|CD4_Naive_stim_40h
r3468	SULF2	20	47554741	0.956597150604193	ENSG00000196562|CD4_Naive_stim_5d
r3469	SULF2	20	47554741	0.956597150604193	ENSG00000196562|CD4_Naive_uns_0h
r3470	TRAV4	14	21736286	0.956634531997538	ENSG00000211778|CD4_Memory_stim_5d
r3471	TRAV4	14	21736286	0.956634531997538	ENSG00000211778|CD4_Memory_uns_0h
r3472	TRAV4	14	21736286	0.956634531997538	ENSG00000211778|CD4_Naive_stim_16h
r3473	TRAV4	14	21736286	0.956634531997538	ENSG00000211778|CD4_Naive_uns_0h
r3474	CCDC66	3	56601164	0.957073193745506	ENSG00000180376|CD4_Naive_stim_16h
r3475	ARL16	17	81668251	0.958101138929186	ENSG00000214087|CD4_Memory_stim_40h
r3476	NFE2L3	7	26152078	0.958475110057175	ENSG00000050344|CD4_Memory_stim_40h
r3477	SLC25A1	22	19218990	0.959140919339205	ENSG00000100075|CD4_Naive_stim_16h
r3478	CEBPZOS	2	37204360	0.959914060517817	ENSG00000218739|CD4_Naive_stim_16h
r3479	DAAM1	14	59357727	0.960219642658744	ENSG00000100592|CD4_Memory_stim_5d
r3480	CCDC163	1	45477484	0.9605605520868	ENSG00000280670|CD4_Memory_stim_16h
r3481	CCDC163	1	45477484	0.9605605520868	ENSG00000280670|CD4_Memory_stim_40h
r3482	CCDC163	1	45477484	0.9605605520868	ENSG00000280670|CD4_Memory_stim_5d
r3483	CCDC163	1	45477484	0.9605605520868	ENSG00000280670|CD4_Memory_uns_0h
r3484	CCDC163	1	45477484	0.9605605520868	ENSG00000280670|CD4_Naive_stim_16h
r3485	CCDC163	1	45477484	0.9605605520868	ENSG00000280670|CD4_Naive_stim_5d
r3486	STYXL1	7	75966262	0.961412932977539	ENSG00000127952|CD4_Memory_stim_40h
r3487	SDHC	1	161312086	0.964160737911364	ENSG00000143252|CD4_Naive_stim_5d
r3488	MUTYH	1	45424483	0.964164769305955	ENSG00000132781|CD4_Memory_stim_5d
r3489	NFE2L3	7	26153689	0.964202246930077	ENSG00000050344|CD4_Memory_stim_16h
r3490	NFE2L3	7	26153689	0.964202246930077	ENSG00000050344|CD4_Naive_stim_40h
r3491	MEAF6	1	37604377	0.965196613887626	ENSG00000163875|CD4_Memory_stim_5d
r3492	RPTOR	17	80880696	0.965341960111676	ENSG00000141564|CD4_Memory_stim_40h
r3493	HAGH	16	1872215	0.966261853477092	ENSG00000063854|CD4_Naive_uns_0h
r3494	DDRGK1	20	3211109	0.966516034373093	ENSG00000198171|CD4_Memory_stim_40h
r3495	RPS16	19	39434414	0.967103484131046	ENSG00000105193|CD4_Memory_stim_40h
r3496	DUS3L	19	5789002	0.967402666367063	ENSG00000141994|CD4_Memory_stim_40h
r3497	ZBTB25	14	64556497	0.967926420669285	ENSG00000089775|CD4_Memory_uns_0h
r3498	ST3GAL5	2	85853891	0.96801188814476	ENSG00000115525|CD4_Naive_stim_5d
r3499	SLFN5	17	35250552	0.968417272333595	ENSG00000166750|CD4_Memory_uns_0h
r3500	SLFN5	17	35250552	0.968417272333595	ENSG00000166750|CD4_Naive_uns_0h
r3501	GAA	17	80102793	0.968481762322931	ENSG00000171298|CD4_Memory_stim_5d
r3502	NUTF2	16	67877614	0.96870037476202	ENSG00000102898|CD4_Naive_stim_40h
r3503	TSPYL1	6	116263013	0.969482754378142	ENSG00000189241|CD4_Memory_stim_40h
r3504	TSPYL1	6	116263013	0.969482754378142	ENSG00000189241|CD4_Memory_uns_0h
r3505	TSPYL1	6	116263013	0.969482754378142	ENSG00000189241|CD4_Naive_uns_0h
r3506	ENSG00000239521	7	100106335	0.970350396043908	ENSG00000239521|CD4_Memory_stim_5d
r3507	SLX9	21	44950993	0.97185439328636	ENSG00000160256|CD4_Memory_stim_5d
r3508	NUTF2	16	67807226	0.971957559582505	ENSG00000102898|CD4_Naive_stim_5d
r3509	CEBPZOS	2	37220484	0.971986992738	ENSG00000218739|CD4_Naive_stim_5d
r3510	CEBPZOS	2	37220484	0.971986992738	ENSG00000218739|CD4_Naive_uns_0h
r3511	TTC38	22	46353737	0.972346042058895	ENSG00000075234|CD4_Naive_stim_5d
r3512	POLR1E	9	37488376	0.972355133968194	ENSG00000137054|CD4_Memory_stim_40h
r3513	POLR1E	9	37488376	0.972355133968194	ENSG00000137054|CD4_Naive_stim_40h
r3514	PLEC	8	143962447	0.973222381510828	ENSG00000178209|CD4_Naive_stim_5d
r3515	ZNF561	19	9608055	0.973451781243012	ENSG00000171469|CD4_Memory_stim_16h
r3516	RAB29	1	205772298	0.973969689167315	ENSG00000117280|CD4_Naive_stim_5d
r3517	ADI1	2	3495112	0.974527288806261	ENSG00000182551|CD4_Memory_stim_5d
r3518	ADI1	2	3495112	0.974527288806261	ENSG00000182551|CD4_Naive_stim_5d
r3519	COPB1	11	14467636	0.975942341776751	ENSG00000129083|CD4_Naive_stim_40h
r3520	METTL18	1	169961620	0.976037336278099	ENSG00000171806|CD4_Naive_stim_40h
r3521	METTL8	2	171380758	0.976587451765596	ENSG00000123600|CD4_Memory_uns_0h
r3522	ADI1	2	3502748	0.97669937749489	ENSG00000182551|CD4_Memory_stim_40h
r3523	ADI1	2	3502748	0.97669937749489	ENSG00000182551|CD4_Naive_stim_40h
r3524	GGT1	22	24621492	0.976725406583199	ENSG00000100031|CD4_Naive_stim_16h
r3525	HBS1L	6	135023317	0.977141693259034	ENSG00000112339|CD4_Naive_stim_16h
r3526	HBS1L	6	135023317	0.977141693259034	ENSG00000112339|CD4_Naive_stim_40h
r3527	ORMDL3	17	39924612	0.978060689450942	ENSG00000172057|CD4_Memory_stim_16h
r3528	LIMD1	3	45641871	0.979545086766686	ENSG00000144791|CD4_Memory_stim_5d
r3529	ZNF506	19	19815751	0.979587453692542	ENSG00000081665|CD4_Memory_stim_16h
r3530	DOCK8	9	275809	0.979945672873291	ENSG00000107099|CD4_Naive_uns_0h
r3531	NMI	2	151267029	0.980194153220996	ENSG00000123609|CD4_Memory_stim_40h
r3532	NMI	2	151267029	0.980194153220996	ENSG00000123609|CD4_Memory_stim_5d
r3533	NMI	2	151267029	0.980194153220996	ENSG00000123609|CD4_Naive_stim_16h
r3534	NMI	2	151267029	0.980194153220996	ENSG00000123609|CD4_Naive_uns_0h
r3535	RNF32-DT	7	156654142	0.980292891470363	ENSG00000182648|CD4_Memory_stim_40h
r3536	RNF32-DT	7	156654142	0.980292891470363	ENSG00000182648|CD4_Naive_stim_40h
r3537	RBM43	2	151258951	0.981016316335177	ENSG00000184898|CD4_Naive_uns_0h
r3538	FLVCR1-DT	1	212894375	0.981136973056141	ENSG00000198468|CD4_Naive_uns_0h
r3539	SRI	7	88215636	0.981494674895547	ENSG00000075142|CD4_Naive_uns_0h
r3540	MARCHF5	10	92305362	0.985118959827131	ENSG00000198060|CD4_Naive_stim_40h
r3541	TBCD	17	82923302	0.986579804323936	ENSG00000141556|CD4_Naive_stim_40h
r3542	BAZ2B	2	159712477	0.986850918876981	ENSG00000226266|CD4_Memory_stim_16h
r3543	GLTP	12	109851696	0.987734557332091	ENSG00000139433|CD4_Memory_stim_40h
r3544	SMAD5	5	136114644	0.988124012082312	ENSG00000113658|CD4_Naive_uns_0h
r3545	SLC25A1	22	19202196	0.988602814968325	ENSG00000100075|CD4_Memory_stim_16h
r3546	SLC25A1	22	19202196	0.988602814968325	ENSG00000100075|CD4_Memory_stim_40h
r3547	SLC25A1	22	19202196	0.988602814968325	ENSG00000100075|CD4_Memory_stim_5d
r3548	SLC25A1	22	19202196	0.988602814968325	ENSG00000100075|CD4_Naive_stim_5d
r3549	C9orf78	9	129828558	0.989048933142224	ENSG00000136819|CD4_Naive_stim_16h
r3550	C9orf78	9	129827327	0.989280903153191	ENSG00000136819|CD4_Naive_stim_40h
r3551	ENSG00000246560	4	102652706	0.9893420973768	ENSG00000246560|CD4_Memory_stim_5d
r3552	RBM43	2	151261757	0.989881357648045	ENSG00000184898|CD4_Memory_uns_0h
r3553	CENPK	5	65656822	0.989897388684783	ENSG00000123219|CD4_Memory_stim_5d
r3554	ENSG00000261248	16	74308004	0.989925885554869	ENSG00000261248|CD4_Naive_uns_0h
r3555	ZNF677	19	53270498	0.989942641700603	ENSG00000197928|CD4_Naive_uns_0h
r3556	PRPF40A	2	152658175	0.9902507173445	ENSG00000196504|CD4_Memory_stim_16h
r3557	PDLIM1	10	95138039	0.990286990727992	ENSG00000107438|CD4_Memory_stim_5d
r3558	ABO	9	133247705	0.991029656342372	ENSG00000175164|CD4_Memory_uns_0h
r3559	ABO	9	133247705	0.991029656342372	ENSG00000175164|CD4_Naive_uns_0h
r3560	CPPED1	16	12765932	0.99162643174074	ENSG00000103381|CD4_Naive_stim_5d
r3561	D2HGDH	2	241770392	0.993724275205186	ENSG00000180902|CD4_Memory_stim_40h
r3562	B4GALT1	9	33136518	0.99376607431269	ENSG00000086062|CD4_Naive_stim_5d
r3563	CENPK	5	65668423	0.995082106660214	ENSG00000123219|CD4_Memory_stim_16h
r3564	TBCD	17	82818845	0.995457112978312	ENSG00000141556|CD4_Memory_stim_16h
r3565	PCYOX1L	5	149378464	0.995712809993665	ENSG00000145882|CD4_Naive_stim_40h
r3566	MANBA	4	102753951	0.996371902222008	ENSG00000109323|CD4_Naive_uns_0h
r3567	TLE4	9	79619967	0.996617769383078	ENSG00000106829|CD4_Memory_uns_0h
r3568	POLR1E	9	37488464	0.997027191026963	ENSG00000137054|CD4_Naive_stim_16h
r3569	DCPS	11	126330195	0.997196021234888	ENSG00000110063|CD4_Memory_stim_40h
r3570	EPHX2	8	27508884	0.998780272386025	ENSG00000120915|CD4_Naive_stim_40h
r3571	POLR1D	13	27584483	0.999301593654461	ENSG00000186184|CD4_Memory_stim_40h
r3572	POLR1D	13	27584483	0.999301593654461	ENSG00000186184|CD4_Memory_uns_0h
r3573	POLR1D	13	27584483	0.999301593654461	ENSG00000186184|CD4_Naive_stim_16h
r3574	POLR1D	13	27584483	0.999301593654461	ENSG00000186184|CD4_Naive_stim_40h
r3575	POLR1D	13	27584483	0.999301593654461	ENSG00000186184|CD4_Naive_stim_5d
r3576	CBR3	21	36112764	0.99971590107064	ENSG00000159231|CD4_Naive_stim_5d
r3577	CBR3	21	36112764	0.99971590107064	ENSG00000159231|CD4_Naive_uns_0h
r3578	ZNF83	19	52634628	0.999750411986637	ENSG00000167766|CD4_Memory_uns_0h
r3579	FRAT2	10	97336995	0.999895946545804	ENSG00000181274|CD4_Memory_stim_40h
